roll_deg,pitch_deg,contact_center_speed_m_s,j1_correction_deg,adaptive_scale,time_s,leg,phase,swing,middle_swing,clearance_mm,forward_from_j1_mm,front_edge_from_j1_mm,touchdown,force_n,j1_target,j1_actual,j2_target,j3_target,tilt_deg,safety,moving
-2.455085526019074,-0.9820085286440086,0.0,0.0,1.0,5.0,FL,0.3416528708986721,False,False,-3.797796544004042,-35.028607330428315,-15.406266524816122,True,24.52326017013928,0.791015625,1.9903912128019658,53.525390625,88.2421875,2.455085526019074,ok,True
-2.455085526019074,-0.9820085286440086,0.0,0.0,1.0,5.0,FR,0.8416528708986721,True,True,16.706794101131674,3.5743822117181216,23.326374694005924,False,0.0,0.791015625,0.43204886160104405,45.615234375,97.20703125,2.455085526019074,ok,True
-2.455085526019074,-0.9820085286440086,0.0,0.0,1.0,5.0,RL,0.8416528708986721,True,True,0.18355922086801466,2.384433877575112,22.156959835829237,False,0.0,0.791015625,0.4609595797259158,45.70312500000001,96.50390625,2.455085526019074,ok,True
-2.455085526019074,-0.9820085286440086,0.0,0.0,1.0,5.0,RR,0.3416528708986721,False,False,-3.3791261345793475,-31.845137268011268,-12.20048722396782,True,19.43275732940002,0.791015625,2.225831294839895,53.525390625,87.36328125,2.455085526019074,ok,True
-2.5797386002940885,-0.9577407708003365,0.0182585665550617,0.0,1.0,5.0200000000000005,FL,0.355541759787561,False,False,-3.964462235897647,-37.01680105764288,-17.41405214716853,False,24.4295778966984,0.791015625,1.7995803741076584,53.96484375,88.330078125,2.5797386002940885,ok,True
-2.5797386002940885,-0.9577407708003365,0.2607107802003151,0.0,1.0,5.0200000000000005,FR,0.855541759787561,True,True,15.190954260938993,6.033862460115163,25.780363895914956,False,0.0,0.791015625,0.4711253652216735,44.82421875,96.328125,2.5797386002940885,ok,True
-2.5797386002940885,-0.9577407708003365,0.14117780478558456,0.0,1.0,5.0200000000000005,RL,0.855541759787561,True,True,-1.2106293490929536,2.9507748107036367,22.726499434934283,True,7.389044545064619,0.791015625,0.4312438506485829,44.912109375,95.625,2.5797386002940885,ok,True
-2.5797386002940885,-0.9577407708003365,0.006343155985325189,0.0,1.0,5.0200000000000005,RR,0.355541759787561,False,False,-3.213474163591825,-34.41151812470714,-14.797174991090046,False,14.04704414843146,0.791015625,2.2606989192710314,53.96484375,87.626953125,2.5797386002940885,ok,True
-2.4050422409170364,-0.7355687733797674,0.01919968886062355,0.0,1.0,5.04,FL,0.36943064867644987,False,False,-4.070337400293045,-38.54867365776678,-18.957923721294545,False,24.79668318478613,0.791015625,1.3963245005594778,54.140625,88.50585937500001,2.4050422409170364,ok,True
-2.4050422409170364,-0.7355687733797674,0.20313132033638226,0.0,1.0,5.04,FR,0.8694306486764498,True,True,12.651703793305796,7.037904086300423,26.789032154875734,False,0.0,0.791015625,0.5006299505212485,44.208984375,95.537109375,2.4050422409170364,ok,True
-2.4050422409170364,-0.7355687733797674,0.045424028640215316,0.0,1.0,5.04,RL,0.8694306486764498,True,True,-1.504371628630853,2.1633413198141493,21.95085973803687,False,6.467254951410118,0.791015625,0.42586981025097753,44.033203125,94.833984375,2.4050422409170364,ok,True
-2.4050422409170364,-0.7355687733797674,0.006102420212883342,0.0,1.0,5.04,RR,0.36943064867644987,False,False,-2.7947044520225464,-36.93990490954413,-17.35985844289265,False,11.682994782626501,0.791015625,2.24743750989045,54.580078125,87.802734375,2.4050422409170364,ok,True
-2.0185845281478745,-0.46724359069838245,0.022481831437482273,0.0,1.0,5.0600000000000005,FL,0.38331953756533876,False,False,-4.145829274983335,-39.6910452821814,-20.108529292267868,False,24.499332092891386,0.791015625,0.9407917968909205,54.228515625,88.59375,2.0185845281478745,ok,True
-2.0185845281478745,-0.46724359069838245,0.18370479681826568,0.0,1.0,5.0600000000000005,FR,0.8833195375653388,True,True,9.516757375822312,7.288462915392377,27.049940899529375,False,0.0,0.791015625,0.4655624671458428,43.59375,94.833984375,2.0185845281478745,ok,True
-2.0185845281478745,-0.46724359069838245,0.03215226420326213,0.0,1.0,5.0600000000000005,RL,0.8833195375653388,True,True,-1.480212292135203,1.5992809578814107,21.39674637685415,False,5.518288431613009,0.791015625,0.5023048964881227,43.06640625,93.779296875,2.0185845281478745,ok,True
-2.0185845281478745,-0.46724359069838245,0.00285186642863204,0.0,1.0,5.0600000000000005,RR,0.38331953756533876,False,False,-2.3738683017949653,-39.4050876205776,-19.85407065954319,False,11.588941615246812,0.791015625,2.131778550528792,55.107421875,87.978515625,2.0185845281478745,ok,True
-1.4744901748993322,-0.19790399661624525,0.024942083408763128,0.0,1.0,5.08,FL,0.39720842645422766,False,False,-4.180684686779842,-40.559398159615064,-20.982950968905897,False,24.24607992166265,0.791015625,0.526327562340183,54.404296875,88.681640625,1.4744901748993322,ok,True
-1.4744901748993322,-0.19790399661624525,0.16537020194573102,0.0,1.0,5.08,FR,0.8972084264542277,True,True,6.119898187722385,7.293326104828045,27.064879894546166,False,0.0,0.791015625,0.42589249313864824,43.06640625,94.21875,1.4744901748993322,ok,True
-1.4744901748993322,-0.19790399661624525,0.030879101455763888,0.0,1.0,5.08,RL,0.8972084264542277,True,True,-1.378729355042411,1.3398573774146572,21.14467628229926,False,5.209257361018846,0.791015625,0.6331012709556306,42.71484375,93.076171875,1.4744901748993322,ok,True
-1.4744901748993322,-0.19790399661624525,0.0031921579594486535,0.0,1.0,5.08,RR,0.39720842645422766,False,False,-2.126093225375235,-41.71968645143949,-22.186942676439163,False,11.990533687936974,0.791015625,1.9535616246935619,55.634765625,88.06640625,1.4744901748993322,ok,True
-0.8121441220254224,0.05709907153093261,0.025332920776246288,0.0,1.0,5.1000000000000005,FL,0.41109731534311655,False,False,-4.174453241145373,-41.34365510122567,-21.774106325922702,False,23.431166702904378,0.791015625,0.23123504644937176,54.580078125,88.59375,0.8121441220254224,ok,True
-0.8121441220254224,0.05709907153093261,0.13877639569959177,0.0,1.0,5.1000000000000005,FR,0.9110973153431166,True,False,2.5896678478708086,7.257191781173326,27.03704761540542,False,0.0,0.791015625,0.3812049442157984,42.802734375,93.8671875,0.8121441220254224,ok,True
-0.8121441220254224,0.05709907153093261,0.030307382009734752,0.0,1.0,5.1000000000000005,RL,0.9110973153431166,True,False,-1.2467494349311798,1.1774644306029944,20.98758445058306,False,3.95432977890011,0.791015625,0.77584686258135,42.626953125,92.4609375,0.8121441220254224,ok,True
-0.8121441220254224,0.05709907153093261,0.009020531712397811,0.0,1.0,5.1000000000000005,RR,0.41109731534311655,False,False,-2.0669075371451093,-43.81908866260377,-24.302151919950138,False,14.044611057126716,0.791015625,1.7675859022786142,56.07421875,88.330078125,0.8121441220254224,ok,True
-0.10124148811421672,0.2819152547207766,0.022320835415260483,0.0,1.0,5.12,FL,0.42498620423200545,False,False,-4.121402681998832,-42.34280332250794,-22.785188775035806,False,22.423818941692222,0.791015625,0.13149113210911276,54.931640625,88.2421875,0.2819152547207766,ok,True
-0.10124148811421672,0.2819152547207766,0.09312987757445336,0.0,1.0,5.12,FR,0.9249862042320054,True,False,-0.6814920427493445,7.039207104608891,26.825039087962327,True,7.527157016490175,0.791015625,0.3509739602634963,42.71484375,93.69140625,0.2819152547207766,ok,True
-0.10124148811421672,0.2819152547207766,0.028495474215619997,0.0,1.0,5.12,RL,0.9249862042320054,True,False,-1.0546971441656936,0.7408367890298584,20.554405177860325,False,3.547782494840286,0.791015625,0.8863283889062797,42.802734375,92.37304687500001,0.2819152547207766,ok,True
-0.10124148811421672,0.2819152547207766,0.014498205455129148,0.0,1.0,5.12,RR,0.42498620423200545,False,False,-2.1963048688607554,-45.73592293697711,-26.232759689845818,False,15.267932867795937,0.791015625,1.6346860472532312,56.6015625,88.41796875,0.2819152547207766,ok,True
0.4748159661143208,0.38052469996303984,0.015271049456965197,0.0,1.0,5.14,FL,0.43887509312089434,False,False,-3.9183156165627056,-43.36288673420212,-23.818664207151148,False,17.008524754932402,0.791015625,0.28103317486750184,55.37109375,87.978515625,0.4748159661143208,ok,True
0.4748159661143208,0.38052469996303984,0.030132415974453118,0.0,1.0,5.14,FR,0.9388750931208943,True,False,-1.784993685667993,6.276192096167401,26.06316331005702,False,12.133348133533179,0.791015625,0.3104789999653288,42.626953125,93.515625,0.4748159661143208,ok,True
0.4748159661143208,0.38052469996303984,0.03780847320948865,0.0,1.0,5.14,RL,0.9388750931208943,True,False,-0.6775673196574988,0.4247217207737896,20.239639912718868,False,4.531391130171915,0.791015625,1.0524082590067552,43.06640625,92.37304687500001,0.4748159661143208,ok,True
0.4748159661143208,0.38052469996303984,0.017233201632750782,0.0,1.0,5.14,RR,0.43887509312089434,False,False,-2.375991177342607,-47.29180268139472,-27.799896710049403,False,15.489671362919896,0.791015625,1.453337651349277,56.77734375,88.50585937500001,0.4748159661143208,ok,True
0.9370487222168077,0.3644818783466554,0.008956009394549883,0.0,1.0,5.16,FL,0.45276398200978324,False,False,-3.4182118803862958,-44.171974255582214,-24.64417681813941,False,12.317135519189408,0.791015625,0.4886105517861935,55.634765625,87.626953125,0.9370487222168077,ok,True
0.9370487222168077,0.3644818783466554,0.02819897030378079,0.0,1.0,5.16,FR,0.9527639820097833,True,False,-2.051250970706353,5.827210054488729,25.61538924834292,False,11.83899455147743,0.791015625,0.24150769768931107,42.71484375,93.1640625,0.9370487222168077,ok,True
0.9370487222168077,0.3644818783466554,0.08928535425391483,0.0,1.0,5.16,RL,0.9527639820097833,True,False,0.13040366325557662,1.3735109605191687,21.18802789918831,False,0.0,0.791015625,1.1189088890587524,43.59375,92.4609375,0.9370487222168077,ok,True
0.9370487222168077,0.3644818783466554,0.01836158601004239,0.0,1.0,5.16,RR,0.45276398200978324,False,False,-2.5067543113164623,-48.361329888496,-28.878285995770163,False,15.823658950262836,0.791015625,1.3027284404141704,57.12890625,88.50585937500001,0.9370487222168077,ok,True
1.1241818542086957,0.22069281314364464,0.0061500566195530565,0.0,1.0,5.18,FL,0.46665287089867213,False,False,-2.82371364358653,-45.092889414941816,-25.58429132757094,False,10.560047724376314,0.791015625,0.8534083373511829,55.8984375,87.1875,1.1241818542086957,ok,True
1.1241818542086957,0.22069281314364464,0.031129981331580864,0.0,1.0,5.18,FR,0.9666528708986721,True,False,-2.084985466304777,5.609609987119817,25.400378189963362,False,11.199224630911884,0.791015625,-0.017793591799882217,42.890625,92.98828125,1.1241818542086957,ok,True
1.1241818542086957,0.22069281314364464,0.22436050219680698,0.0,1.0,5.18,RL,0.9666528708986721,True,False,0.02858766784507097,4.485405868634125,24.295174531787154,False,0.0,0.791015625,0.8140055523547418,44.208984375,92.8125,1.1241818542086957,ok,True
1.1241818542086957,0.22069281314364464,0.018998628655286443,0.0,1.0,5.18,RR,0.46665287089867213,False,False,-2.675796624689055,-49.20253148272069,-29.725554329836488,False,19.452042458901648,0.791015625,1.1254780554094324,57.30468749999999,88.2421875,1.1241818542086957,ok,True
1.1801429472535252,0.021660782406147168,0.0056545377577490955,0.0,1.0,5.2,FL,0.48054175978756103,False,False,-2.3640537811987405,-46.24163861396261,-26.755400654309895,False,10.757375793579776,0.791015625,1.14993596340131,56.162109375,87.1875,1.1801429472535252,ok,True
1.1801429472535252,0.021660782406147168,0.032676168902091796,0.0,1.0,5.2,FR,0.980541759787561,True,False,-2.049863666322392,5.322819221658202,25.117306155249864,False,11.025126623835074,0.791015625,-0.22622353199742717,43.06640625,92.8125,1.1801429472535252,ok,True
1.1801429472535252,0.021660782406147168,0.10325097630058466,0.0,1.0,5.2,RL,0.980541759787561,True,False,-0.3386725287424265,5.1033300976985405,24.91089936415883,True,0.8211745911530063,0.791015625,0.6655498433212915,44.912109375,93.076171875,1.1801429472535252,ok,True
1.1801429472535252,0.021660782406147168,0.017829780637624634,0.0,1.0,5.2,RR,0.48054175978756103,False,False,-2.990679362468069,-50.09239019278129,-30.623605833535045,False,20.70870346186361,0.791015625,1.0801370308207887,57.30468749999999,87.802734375,1.1801429472535252,ok,True
1.13698853892378,-0.10151540041622967,0.005441891537191341,0.0,1.0,5.22,FL,0.4944306486764499,False,False,-2.098727414720976,-47.60710698557095,-28.14359344893702,False,10.986210755596097,0.791015625,1.3508012606351116,56.77734375,87.36328125,1.13698853892378,ok,True
1.13698853892378,-0.10151540041622967,0.030959398493536888,0.0,1.0,5.22,FR,0.9944306486764499,True,False,-2.0014418216650136,4.903170826291341,24.701152240078535,False,10.93070810765426,0.791015625,-0.34898894088065,43.41796875,92.724609375,1.13698853892378,ok,True
1.13698853892378,-0.10151540041622967,0.017066387201964683,0.0,1.0,5.22,RL,0.9944306486764499,True,False,-0.2389395633093927,4.005443176805758,23.81380958470572,False,1.2513679210780742,0.791015625,0.6059431471674944,45.263671875,93.427734375,1.13698853892378,ok,True
1.13698853892378,-0.10151540041622967,0.013526752325834713,0.0,1.0,5.22,RR,0.4944306486764499,False,False,-3.287825278177156,-51.051243385754304,-31.59733763306217,False,20.189173559461146,0.791015625,1.1680308080746051,57.30468749999999,87.36328125,1.13698853892378,ok,True
0.9625737177524385,-0.14513688550072598,0.004520372365153804,0.0,1.0,5.24,FL,0.5083195375653388,True,False,-1.9901829085062008,-49.16808837744283,-29.726494045348804,False,11.359711109508577,0.791015625,1.4801934229959854,57.12890625,87.626953125,0.9625737177524385,ok,True
0.9625737177524385,-0.14513688550072598,0.02849355501333904,0.0,1.0,5.24,FR,0.008319537565338653,False,False,-1.9434125008189127,4.249220623744313,24.050988285611353,False,10.12530522570001,0.791015625,-0.39961680292216195,43.76953125,92.197265625,0.9625737177524385,ok,True
0.9625737177524385,-0.14513688550072598,0.007718499390396915,0.0,1.0,5.24,RL,0.008319537565338653,False,False,-0.16852227377973927,2.385425359940121,22.195852111092748,False,1.6505255083782988,0.791015625,0.5459021571203134,45.70312500000001,92.900390625,0.9625737177524385,ok,True
0.9625737177524385,-0.14513688550072598,0.008946357703661867,0.0,1.0,5.24,RR,0.5083195375653388,True,False,-3.432640225616299,-52.20196782874071,-32.770912773231885,False,18.942417079688962,0.791015625,1.300912911229116,57.65624999999999,87.36328125,0.9625737177524385,ok,True
0.6658358303472706,-0.14584506178117326,0.006070915735317775,0.0,1.0,5.26,FL,0.5222084264542276,True,False,-1.9755214757921913,-50.88936516815944,-31.467256876587047,False,13.261959486142661,0.791015625,1.5385335831257836,57.48046875,87.802734375,0.6658358303472706,ok,True
0.6658358303472706,-0.14584506178117326,0.024301377949625978,0.0,1.0,5.26,FR,0.022208426454227492,False,False,-1.859573191614953,3.2655513063673687,23.071292445694258,False,10.607664151142442,0.791015625,-0.3699453359759955,44.296875,91.7578125,0.6658358303472706,ok,True
0.6658358303472706,-0.14584506178117326,0.0071702670037850965,0.0,1.0,5.26,RL,0.022208426454227492,False,False,-0.3088040834356882,0.7469676035265753,20.559217832609562,False,3.289346601888451,0.791015625,0.5090600269774912,46.23046875,92.37304687500001,0.6658358303472706,ok,True
0.6658358303472706,-0.14584506178117326,0.004719953220944481,0.0,1.0,5.26,RR,0.5222084264542276,True,False,-3.381391699692947,-53.624050506899444,-34.221323744503465,False,16.76913490393906,0.791015625,1.4098614657411934,58.095703125,87.626953125,0.6658358303472706,ok,True
0.31249525038285675,-0.16994733314231927,0.008119274239590281,0.0,1.0,5.28,FL,0.5360973153431164,True,False,-2.0671648041364796,-52.5683374389016,-33.16552234855115,False,13.696295578258255,0.791015625,1.4958554540654643,57.919921875,88.2421875,0.31249525038285675,ok,True
0.31249525038285675,-0.16994733314231927,0.022007840226175968,0.0,1.0,5.28,FR,0.03609731534311633,False,False,-1.8263181671249948,2.024673991809074,21.835010453670858,False,10.286470745120436,0.791015625,-0.21561142318552723,44.560546875,91.318359375,0.31249525038285675,ok,True
0.31249525038285675,-0.16994733314231927,0.011897509361357169,0.0,1.0,5.28,RL,0.03609731534311633,False,False,-0.6578107880007185,-0.7807517339206477,19.032853215516155,False,7.227036232023642,0.791015625,0.5036907546669291,46.40625,92.021484375,0.31249525038285675,ok,True
0.31249525038285675,-0.16994733314231927,0.0022553692717821993,0.0,1.0,5.28,RR,0.5360973153431164,True,False,-3.1630535557825126,-55.30143493308438,-35.93025020965062,False,14.257645957267272,0.791015625,1.471799176004026,58.53515625,87.978515625,0.31249525038285675,ok,True
-0.008509481265004311,-0.20220253812024186,0.01169873156681561,0.0,1.0,5.3,FL,0.5499862042320053,True,False,-2.1499009014393553,-54.09705553885318,-34.712938495301245,False,12.706501712440737,0.791015625,1.318231856691613,58.35937500000001,88.857421875,0.20220253812024186,ok,True
-0.008509481265004311,-0.20220253812024186,0.019133967167753754,0.0,1.0,5.3,FR,0.04998620423200517,False,False,-1.8075876162123548,0.4933352329285106,20.307517032190294,False,9.984034157102514,0.791015625,0.09438961464164419,45.0,90.87890625,0.20220253812024186,ok,True
-0.008509481265004311,-0.20220253812024186,0.014785849164914948,0.0,1.0,5.3,RL,0.04998620423200517,False,False,-1.0881828350514378,-2.122840565643204,17.69187649797914,False,11.702280195160409,0.791015625,0.5384746330230408,46.494140625,91.494140625,0.20220253812024186,ok,True
-0.008509481265004311,-0.20220253812024186,0.0024700227796147617,0.0,1.0,5.3,RR,0.5499862042320053,True,False,-2.779675281558305,-57.21974848004056,-37.884048788169586,False,10.223074510150918,0.791015625,1.462181406902342,58.97460937500001,88.59375,0.20220253812024186,ok,True
-0.2599685992981987,-0.17702098175799957,0.014861144465322535,0.0,1.0,5.32,FL,0.5638750931208941,True,False,-2.1187548003854304,-55.432044722807404,-36.061124627562776,False,11.848973969979495,0.791015625,1.054674112037846,58.798828125,89.736328125,0.2599685992981987,ok,True
-0.2599685992981987,-0.17702098175799957,0.017646760950349692,0.0,1.0,5.32,FR,0.06387509312089401,False,False,-1.8044688738633323,-1.2509210258331749,18.564566907400245,False,10.754982362029306,0.791015625,0.5019621856876298,45.52734375,90.43945312500001,0.2599685992981987,ok,True
-0.2599685992981987,-0.17702098175799957,0.01593291930325861,0.0,1.0,5.32,RL,0.06387509312089401,False,False,-1.5777201835253594,-3.2313347672373354,16.58410194553527,False,14.08135864507605,0.791015625,0.6546811594783185,46.58203125,90.966796875,0.2599685992981987,ok,True
-0.2599685992981987,-0.17702098175799957,0.0049145298195860795,0.0,1.0,5.32,RR,0.5638750931208941,True,False,-2.2214508234691297,-59.26574518788143,-39.96823430521674,False,6.371908524128491,0.791015625,1.3388791048509947,59.4140625,89.47265625000001,0.2599685992981987,ok,True
-0.43439194132059367,-0.13527859525879574,0.01646898196953201,0.0,1.0,5.34,FL,0.577763982009783,True,False,-1.9894365128652094,-56.59842575775689,-37.23639481169298,False,9.927916123071546,0.791015625,0.7823921701218759,58.97460937500001,90.791015625,0.43439194132059367,ok,True
-0.43439194132059367,-0.13527859525879574,0.016601525027627292,0.0,1.0,5.34,FR,0.07776398200978285,False,False,-1.8607971190047825,-3.100058501590751,16.714196751954727,False,12.38412934790895,0.791015625,0.9195611166221722,45.87890625,89.912109375,0.43439194132059367,ok,True
-0.43439194132059367,-0.13527859525879574,0.014398846168452476,0.0,1.0,5.34,RL,0.07776398200978285,False,False,-2.067411134942472,-4.192724228166766,15.622569067646479,False,16.09346625311839,0.791015625,0.8519489225494828,46.66992187500001,90.52734375,0.43439194132059367,ok,True
-0.43439194132059367,-0.13527859525879574,0.0069517559986091125,0.0,1.0,5.34,RR,0.577763982009783,True,False,-1.610108915801668,-61.31234120158391,-42.050418312182416,False,3.7126691446058984,0.791015625,1.1185651472750386,59.58984374999999,90.52734375,0.43439194132059367,ok,True
-0.5438073111814901,-0.08605290177666752,0.016021145298497064,0.0,1.0,5.36,FL,0.5916528708986718,True,False,-1.774116291864896,-57.52592902815535,-38.16674699529959,False,8.315264791170305,0.791015625,0.5500170613442763,59.23828124999999,91.93359375,0.5438073111814901,ok,True
-0.5438073111814901,-0.08605290177666752,0.014201937131676553,0.0,1.0,5.36,FR,0.09165287089867169,False,False,-2.0379822000260104,-4.8373999428461145,14.973909377245523,False,15.208198022474068,0.791015625,1.2905794275258573,46.40625,89.384765625,0.5438073111814901,ok,True
-0.5438073111814901,-0.08605290177666752,0.011170261631089995,0.0,1.0,5.36,RL,0.09165287089867169,False,False,-2.4907120079443144,-4.9759149972320555,14.838605375354259,False,17.265318971116606,0.791015625,1.0926522301694763,46.7578125,90.0,0.5438073111814901,ok,True
-0.5438073111814901,-0.08605290177666752,0.01599376458779244,0.0,1.0,5.36,RR,0.5916528708986718,True,False,-0.9381816181762564,-62.98571662404982,-43.74704343227138,False,2.2508509266381527,0.791015625,0.8504469561463176,60.029296875,91.7578125,0.5438073111814901,ok,True
-0.6421495823924791,-0.010143078518540143,0.01426248380685098,0.0,1.0,5.38,FL,0.6055417597875606,True,True,-1.5012994209103423,-58.107330041564666,-38.74348390412875,False,6.097343594645978,0.791015625,0.4037317649363742,59.501953125,93.1640625,0.6421495823924791,ok,True
-0.6421495823924791,-0.010143078518540143,0.010198601619842105,0.0,1.0,5.38,FR,0.10554175978756053,False,False,-2.348493391011942,-6.219905405990027,13.587977126711504,False,17.100002168443506,0.791015625,1.5610662443089116,46.93359375,89.033203125,0.6421495823924791,ok,True
-0.6421495823924791,-0.010143078518540143,0.007310300692768849,0.0,1.0,5.38,RL,0.10554175978756053,False,False,-2.8148701239436336,-5.522734029199309,14.290776184778217,False,18.801616097494264,0.791015625,1.3525398647459943,47.109375,89.47265625000001,0.6421495823924791,ok,True
-0.6421495823924791,-0.010143078518540143,0.06545646311088889,0.0,1.0,5.38,RR,0.6055417597875606,True,True,0.24954975840167476,-63.25531913045385,-44.002282490506275,False,0.0,0.791015625,0.6261111612027178,60.55664062500001,93.427734375,0.6421495823924791,ok,True
-0.7168614544660054,0.03870022074939646,0.015003390164963926,0.0,1.0,5.4,FL,0.6194306486764495,True,True,-1.1077935267666799,-58.351337804203176,-38.97654473374657,False,3.486425726767741,0.791015625,0.27951419688313234,59.765625,94.482421875,0.7168614544660054,ok,True
-0.7168614544660054,0.03870022074939646,0.005716089321627376,0.0,1.0,5.4,FR,0.11943064867644937,False,False,-2.6676847269053656,-7.469000483028888,12.33492991456308,False,18.317600540287838,0.791015625,1.8070720265525237,47.373046875,89.033203125,0.7168614544660054,ok,True
-0.7168614544660054,0.03870022074939646,0.005315542530947333,0.0,1.0,5.4,RL,0.11943064867644937,False,False,-3.126210798334042,-5.886790083139513,13.925838652301618,False,21.221384529980604,0.791015625,1.640524500218145,47.373046875,89.033203125,0.7168614544660054,ok,True
-0.7168614544660054,0.03870022074939646,0.1996935229652223,0.0,1.0,5.4,RR,0.6194306486764495,True,True,1.5712781474461548,-60.67446052555521,-41.345534357027205,False,0.0,0.791015625,0.518096402095188,60.8203125,95.185546875,0.7168614544660054,ok,True
-0.7259763742102818,0.04744206043553524,0.04293594477284207,0.0,1.0,5.42,FL,0.6333195375653383,True,True,-0.23158983507356318,-57.943092033714386,-38.542924105253086,False,2.9049857115318822,0.791015625,0.1956568269471499,60.029296875,95.9765625,0.7259763742102818,ok,True
-0.7259763742102818,0.04744206043553524,0.004921119530746563,0.0,1.0,5.42,FR,0.1333195375653382,False,False,-2.91052767523196,-8.7932976633266,11.005958229442134,False,18.720488667076754,0.791015625,2.0831275571386616,47.8125,88.76953125,0.7259763742102818,ok,True
-0.7259763742102818,0.04744206043553524,0.00514911537875401,0.0,1.0,5.42,RL,0.1333195375653382,False,False,-3.448591110987102,-6.195842167124481,13.615990560816318,False,22.40577032304861,0.791015625,1.9497209150629609,47.8125,88.50585937500001,0.7259763742102818,ok,True
-0.7259763742102818,0.04744206043553524,0.22276192102461712,0.0,1.0,5.42,RR,0.6333195375653383,True,True,3.1348255824433444,-57.721412005408325,-38.31256497768982,False,0.0,0.791015625,0.4694584299681499,60.90820312500001,96.6796875,0.7259763742102818,ok,True
-0.6456181570691032,0.023069087059127837,0.1821918551200373,0.0,1.0,5.44,FL,0.6472084264542272,True,True,1.1572552461437247,-54.839610781895416,-35.37285417485099,False,0.0,0.791015625,0.29794888374771605,59.94140625000001,97.3828125,0.6456181570691032,ok,True
-0.6456181570691032,0.023069087059127837,0.006037133399566289,0.0,1.0,5.44,FR,0.14720842645422705,False,False,-3.098457539003258,-10.154910507627475,9.638882420785675,False,20.048035274206217,0.791015625,2.3747803341268248,48.1640625,88.50585937500001,0.6456181570691032,ok,True
-0.6456181570691032,0.023069087059127837,0.007303464942868755,0.0,1.0,5.44,RL,0.14720842645422705,False,False,-3.7061835048392453,-6.577141648752153,13.233684878885544,False,23.762175595250437,0.791015625,2.2226129243554027,48.33984375,87.978515625,0.6456181570691032,ok,True
-0.6456181570691032,0.023069087059127837,0.2359361593814832,0.0,1.0,5.44,RR,0.6472084264542272,True,True,4.640399527526552,-54.53755135286407,-35.0560644047107,False,0.0,0.791015625,0.4696623179777309,60.90820312500001,98.173828125,0.6456181570691032,ok,True
-0.5280789704433951,-0.07607583917812812,0.2577302686255606,0.0,1.0,5.46,FL,0.661097315343116,True,True,3.045392011810623,-50.42886733110034,-30.89002377971103,False,0.0,0.791015625,0.38386646245663436,59.67773437500001,98.78906250000001,0.5280789704433951,ok,True
-0.5280789704433951,-0.07607583917812812,0.006836187178051018,0.0,1.0,5.46,FR,0.1610973153431159,False,False,-3.28149289813192,-11.68736356587964,8.098167365636666,False,20.450035246513377,0.791015625,2.6282897292081713,48.603515625,88.06640625,0.5280789704433951,ok,True
-0.5280789704433951,-0.07607583917812812,0.008730592890553746,0.0,1.0,5.46,RL,0.1610973153431159,False,False,-3.915504321456955,-7.30032657095955,12.509152200986678,False,24.493381376122922,0.791015625,2.460353843012898,48.603515625,87.626953125,0.5280789704433951,ok,True
-0.5280789704433951,-0.07607583917812812,0.2555872703666279,0.0,1.0,5.46,RR,0.661097315343116,True,True,5.750479295920482,-51.12239751227695,-31.58048272109499,False,0.0,0.791015625,0.4862521962432756,60.46875,99.31640625,0.5280789704433951,ok,True
-0.37919337928501623,-0.22207561960933822,0.262187331408258,0.0,1.0,5.48,FL,0.6749862042320048,True,True,5.3317239774456455,-46.200314421298174,-26.586012517462443,False,0.0,0.791015625,0.42127036671144763,59.23828124999999,99.66796875,0.37919337928501623,ok,True
-0.37919337928501623,-0.22207561960933822,0.007359051736985127,0.0,1.0,5.48,FR,0.17498620423200473,False,False,-3.4306392068308678,-13.340812832652599,6.4332577002023115,False,21.058545641654526,0.791015625,2.824376303215809,49.04296875,87.978515625,0.37919337928501623,ok,True
-0.37919337928501623,-0.22207561960933822,0.007030089506450445,0.0,1.0,5.48,RL,0.17498620423200473,False,False,-4.075393831731895,-8.34235396299741,11.464869198419247,False,24.886332665107112,0.791015625,2.6478055237409324,48.69140625,87.01171875,0.37919337928501623,ok,True
-0.37919337928501623,-0.22207561960933822,0.2739232496447779,0.0,1.0,5.48,RR,0.6749862042320048,True,True,6.569317257520482,-47.4441333464283,-27.83300132364138,False,0.0,0.791015625,0.4942662303566529,59.94140625000001,100.283203125,0.37919337928501623,ok,True
-0.1746398490087184,-0.3600311199391419,0.29118785377217077,0.0,1.0,5.5,FL,0.6888750931208937,True,True,7.677091883677229,-41.613614519409566,-21.929935671805637,False,0.0,0.791015625,0.44958142658834327,58.53515625,100.37109375,0.3600311199391419,ok,True
-0.1746398490087184,-0.3600311199391419,0.0071782769607006604,0.0,1.0,5.5,FR,0.18887509312089357,False,False,-3.5231782255847053,-15.053782034290391,4.716206439400887,False,20.548563228998297,0.791015625,2.9817491368238818,49.21875,87.802734375,0.3600311199391419,ok,True
-0.1746398490087184,-0.3600311199391419,0.003554902244099038,0.0,1.0,5.5,RL,0.18887509312089357,False,False,-4.183858587790659,-9.556895191945479,10.246128509566322,False,24.517317553558055,0.791015625,2.7694514787009443,49.21875,86.8359375,0.3600311199391419,ok,True
-0.1746398490087184,-0.3600311199391419,0.2971555086150891,0.0,1.0,5.5,RR,0.6888750931208937,True,True,7.188235016186456,-43.32673408294349,-23.65095275154365,False,0.0,0.791015625,0.49357521632807927,59.0625,100.986328125,0.3600311199391419,ok,True
0.05725736859503281,-0.4605407605449462,0.2742197971430351,0.0,1.0,5.5200000000000005,FL,0.7027639820097825,True,True,9.819566472926107,-37.597352450307646,-17.869677985287197,False,0.0,0.791015625,0.47078333198590633,57.65624999999999,101.07421875,0.4605407605449462,ok,True
0.05725736859503281,-0.4605407605449462,0.006773027053182001,0.0,1.0,5.5200000000000005,FR,0.2027639820097824,False,False,-3.565306908482304,-16.79958750849487,2.964631164166157,False,20.88626223165983,0.791015625,3.063714895044278,49.306640625,87.5390625,0.4605407605449462,ok,True
0.05725736859503281,-0.4605407605449462,0.0033693518882822,0.0,1.0,5.5200000000000005,RL,0.2027639820097824,False,False,-4.219758760749482,-10.971013108946806,8.824914360752352,False,23.61106252603605,0.791015625,2.846013438572388,49.482421875,86.484375,0.4605407605449462,ok,True
0.05725736859503281,-0.4605407605449462,0.31982000106383585,0.0,1.0,5.5200000000000005,RR,0.7027639820097825,True,True,7.725526822108087,-38.77927061807098,-19.05359801091642,False,0.0,0.791015625,0.486444641591089,58.00781250000001,101.42578125,0.4605407605449462,ok,True
0.2941266168645501,-0.556181434807831,0.29568000874986633,0.0,1.0,5.54,FL,0.7166528708986714,True,True,11.91450551344354,-33.38563123533884,-13.628061302443172,False,0.0,0.791015625,0.48187038717011166,56.689453125,101.6015625,0.556181434807831,ok,True
0.2941266168645501,-0.556181434807831,0.007250196322517447,0.0,1.0,5.54,FR,0.21665287089867125,False,False,-3.6109197869743856,-18.485063722861632,1.2713007021625415,False,21.19031557829007,0.791015625,3.0603388391909654,49.658203125,87.36328125,0.556181434807831,ok,True
0.2941266168645501,-0.556181434807831,0.003952698767678528,0.0,1.0,5.54,RL,0.21665287089867125,False,False,-4.174911602613449,-12.652644432440253,7.132789203697781,False,23.472699368851202,0.791015625,2.873836038106125,49.5703125,86.30859375,0.556181434807831,ok,True
0.2941266168645501,-0.556181434807831,0.3248873675453041,0.0,1.0,5.54,RR,0.7166528708986714,True,True,8.10103585075822,-34.112067879937264,-14.354396768815828,False,0.0,0.791015625,0.48944109629861765,56.6015625,101.6015625,0.556181434807831,ok,True
0.5452529980513016,-0.6370532210119292,0.3235088929153696,0.0,1.0,5.5600000000000005,FL,0.7305417597875602,True,True,14.008649309020967,-28.81721816053524,-9.043648761905285,False,0.0,0.791015625,0.48365840305118185,55.634765625,102.041015625,0.6370532210119292,ok,True
0.5452529980513016,-0.6370532210119292,0.008618416334245888,0.0,1.0,5.5600000000000005,FR,0.23054175978756009,False,False,-3.655314137614326,-20.095586673218246,-0.3490218443410349,False,20.743116650844552,0.791015625,2.998498691663117,50.009765625,87.275390625,0.6370532210119292,ok,True
0.5452529980513016,-0.6370532210119292,0.0036685819917533407,0.0,1.0,5.5600000000000005,RL,0.23054175978756009,False,False,-4.117951230710834,-14.514086204457634,5.258841966577304,False,22.949028431963463,0.791015625,2.8550625106757757,49.658203125,86.1328125,0.6370532210119292,ok,True
0.5452529980513016,-0.6370532210119292,0.3268151230134011,0.0,1.0,5.5600000000000005,RR,0.7305417597875602,True,True,8.292306695773654,-29.371209901105406,-9.59791657394943,False,0.0,0.791015625,0.4898126968429677,55.107421875,101.513671875,0.6370532210119292,ok,True
0.8395903544762405,-0.677172169910064,0.3296101482730853,0.0,1.0,5.58,FL,0.744430648676449,True,True,15.997467842908238,-24.297581713766863,-4.49693081838112,False,0.0,0.791015625,0.48121920362505316,54.404296875,102.216796875,0.8395903544762405,ok,True
0.8395903544762405,-0.677172169910064,0.007362292755081487,0.0,1.0,5.58,FR,0.24443064867644893,False,False,-3.6514075745732386,-21.723029891104822,-1.9871325596375016,False,21.006749959375163,0.791015625,2.915279782437005,50.36132812500001,87.5390625,0.8395903544762405,ok,True
0.8395903544762405,-0.677172169910064,0.0047195658147968726,0.0,1.0,5.58,RL,0.24443064867644893,False,False,-4.047468797043561,-16.501467618172335,3.2647025993959744,False,22.65451557301033,0.791015625,2.781490853735915,50.009765625,86.220703125,0.8395903544762405,ok,True
0.8395903544762405,-0.677172169910064,0.36678336409703866,0.0,1.0,5.58,RR,0.744430648676449,True,True,8.832918505069703,-23.82433673572777,-4.020924909318968,False,0.0,0.791015625,0.48780165383389296,53.61328125,101.07421875,0.8395903544762405,ok,True
1.1656873188811836,-0.6821835031449786,0.3281739109352636,0.0,1.0,5.6000000000000005,FL,0.7583195375653379,True,True,17.70303163622994,-19.9767902050336,-0.1632542372976431,False,0.0,0.791015625,0.48073757297955894,53.0859375,102.12890625,1.1656873188811836,ok,True
1.1656873188811836,-0.6821835031449786,0.006912856387199947,0.0,1.0,5.6000000000000005,FR,0.25831953756533776,False,False,-3.627172469936567,-23.434852832902177,-3.7105311961644922,False,20.404627956719615,0.791015625,2.8167435588347596,50.712890625,87.36328125,1.1656873188811836,ok,True
1.1656873188811836,-0.6821835031449786,0.0054345750906410585,0.0,1.0,5.6000000000000005,RL,0.25831953756533776,False,False,-3.972782470534203,-18.630963174166073,1.1230249205955793,False,21.858615544623042,0.791015625,2.6864540097568255,50.625,86.396484375,1.1656873188811836,ok,True
1.1656873188811836,-0.6821835031449786,0.4010498211000245,0.0,1.0,5.6000000000000005,RR,0.7583195375653379,True,True,9.775025531059814,-17.658323094556636,2.1571702064777796,False,0.0,0.791015625,0.4814069256225741,52.29492187500001,100.986328125,1.1656873188811836,ok,True
1.4782923327961401,-0.6919377491275186,0.35409603244596816,0.0,1.0,5.62,FL,0.7722084264542267,True,True,19.29386119615725,-15.377509067810301,4.43646330713408,False,0.0,0.791015625,0.4880228380875736,51.943359375,101.68945312500001,1.4782923327961401,ok,True
1.4782923327961401,-0.6919377491275186,0.008228971908943773,0.0,1.0,5.62,FR,0.2722084264542266,False,False,-3.577661790662965,-25.23650156558978,-5.524438400793024,False,20.806849912147904,0.791015625,2.6599870179465226,51.32812500000001,87.626953125,1.4782923327961401,ok,True
1.4782923327961401,-0.6919377491275186,0.0033762141840847394,0.0,1.0,5.62,RL,0.2722084264542266,False,False,-3.8194630600609307,-21.025057824933356,-1.2881099700759044,False,20.13919237217698,0.791015625,2.603631338516467,51.064453125,86.66015625,1.4782923327961401,ok,True
1.4782923327961401,-0.6919377491275186,0.3775018256785053,0.0,1.0,5.62,RR,0.7722084264542267,True,True,10.266316904694776,-12.0693194833628,7.736004270092987,False,0.0,0.791015625,0.4856268395293663,50.9765625,100.72265625000001,1.4782923327961401,ok,True
1.7619184738317202,-0.7614523924658059,0.3872491725357359,0.0,1.0,5.64,FL,0.7860973153431156,True,True,20.748556277448806,-10.336593645248906,9.4628728251336,False,0.0,0.791015625,0.4820521435387223,50.625,101.162109375,1.7619184738317202,ok,True
1.7619184738317202,-0.7614523924658059,0.01138792763982878,0.0,1.0,5.64,FR,0.28609731534311544,False,False,-3.581714727281249,-27.080561900753104,-7.382547306094768,False,21.48998752069238,0.791015625,2.4604255005991558,51.943359375,87.71484375,1.7619184738317202,ok,True
1.7619184738317202,-0.7614523924658059,0.0021152807186795145,0.0,1.0,5.64,RL,0.28609731534311544,False,False,-3.6306928862005483,-23.6480932750529,-3.930559136581728,False,20.14004757965871,0.791015625,2.5315572536445154,51.6796875,87.01171875,1.7619184738317202,ok,True
1.7619184738317202,-0.7614523924658059,0.3358165063150966,0.0,1.0,5.64,RR,0.7860973153431156,True,True,9.664999685152317,-7.401606772382445,12.384220720424887,False,0.0,0.791015625,0.4991573885177458,49.5703125,100.107421875,1.7619184738317202,ok,True
2.0568381280794914,-0.867836292387031,0.3661859122196363,0.0,1.0,5.66,FL,0.7999862042320044,True,True,21.61570208322267,-5.80594555877465,13.970450194585677,False,0.0,0.791015625,0.4641022962770381,49.306640625,100.458984375,2.0568381280794914,ok,True
2.0568381280794914,-0.867836292387031,0.012456150485548033,0.0,1.0,5.66,FR,0.2999862042320043,False,False,-3.624325443443828,-29.023693786082276,-9.341768899140277,False,22.080335795934477,0.791015625,2.288102577730122,52.3828125,87.890625,2.0568381280794914,ok,True
2.0568381280794914,-0.867836292387031,0.004152858877157354,0.0,1.0,5.66,RL,0.2999862042320043,False,False,-3.491389389783918,-26.313051373523084,-6.6167177606366,False,19.699191873805713,0.791015625,2.454960872249254,52.20703125,87.1875,2.0568381280794914,ok,True
2.0568381280794914,-0.867836292387031,0.2996173006838274,0.0,1.0,5.66,RR,0.7999862042320044,True,True,7.7379886698355005,-3.557013944645548,16.212322256608704,False,0.0,0.791015625,0.5077773388445398,48.33984375,99.404296875,2.0568381280794914,ok,True
2.3755475997607736,-0.9941442612746616,0.335700618455023,0.0,1.0,5.68,FL,0.8138750931208932,True,True,21.530833400622033,-1.8270621157254971,17.927924826734706,False,0.0,0.791015625,0.4482230549685623,48.076171875,99.66796875,2.3755475997607736,ok,True
2.3755475997607736,-0.9941442612746616,0.013283796149416617,0.0,1.0,5.68,FR,0.3138750931208931,False,False,-3.696154828089205,-31.032356372697674,-11.367979814766535,False,23.112532882095458,0.791015625,2.1735343469384283,52.998046875,87.978515625,2.3755475997607736,ok,True
2.3755475997607736,-0.9941442612746616,0.005778125549160776,0.0,1.0,5.68,RL,0.3138750931208931,False,False,-3.3979062507855304,-28.912086063653234,-9.238049971345678,False,19.920273218398858,0.791015625,2.3856558933143486,52.822265625,87.36328125,2.3755475997607736,ok,True
2.3755475997607736,-0.9941442612746616,0.26912130637348375,0.0,1.0,5.68,RR,0.8138750931208932,True,True,4.641501508303898,-0.398758194282463,19.362820467457304,False,0.0,0.791015625,0.5017277371672614,47.109375,98.61328125,2.3755475997607736,ok,True
2.7079686550990716,-1.1192325962140068,0.2885712296515658,0.0,1.0,5.7,FL,0.8277639820097821,True,True,20.463462753408855,1.376247002318647,21.121944455753006,False,0.0,0.791015625,0.4334884815416995,47.021484375,98.78906250000001,2.7079686550990716,ok,True
2.7079686550990716,-1.1192325962140068,0.014508368915754159,0.0,1.0,5.7,FR,0.32776398200978196,False,False,-3.805226319916956,-33.026084708761225,-13.379922170764278,False,24.026247323813738,0.791015625,2.114064509977789,53.4375,88.2421875,2.7079686550990716,ok,True
2.7079686550990716,-1.1192325962140068,0.006956470362589768,0.0,1.0,5.7,RL,0.32776398200978196,False,False,-3.352340227321747,-31.34144675149643,-11.690487661181688,False,19.77184077328232,0.791015625,2.3461557355750546,53.26171875,87.71484375,2.7079686550990716,ok,True
2.7079686550990716,-1.1192325962140068,0.2647863417487685,0.0,1.0,5.7,RR,0.8277639820097821,True,True,1.5812530313676632,2.6590838621189103,22.412313311559906,False,0.0,0.791015625,0.47804385196803917,45.791015625,97.734375,2.7079686550990716,ok,True
2.9959575124811635,-1.2168474980915325,0.2596507057731536,0.0,1.0,5.72,FL,0.8416528708986709,True,True,19.20973342728016,4.187184372912764,23.929216272288507,False,0.0,0.791015625,0.4308023775614561,45.966796875,97.82226562500001,2.9959575124811635,ok,True
2.9959575124811635,-1.2168474980915325,0.014773164210965407,0.0,1.0,5.72,FR,0.3416528708986708,False,False,-3.9394662370902527,-34.94452874831997,-15.316524323285947,False,24.578095391322822,0.791015625,2.0507405058328296,53.876953125,88.330078125,2.9959575124811635,ok,True
2.9959575124811635,-1.2168474980915325,0.007407551496057354,0.0,1.0,5.72,RL,0.3416528708986708,False,False,-3.3067554092012785,-33.57527277664866,-13.947791167412554,False,16.4352977120635,0.791015625,2.361039711712826,53.7890625,87.890625,2.9959575124811635,ok,True
2.9959575124811635,-1.2168474980915325,0.23528427838806704,0.0,1.0,5.72,RR,0.8416528708986709,True,True,-0.98499501349094,5.202763804538171,24.949353218126927,True,7.891033295630851,0.791015625,0.4540234280469468,44.384765625,96.6796875,2.9959575124811635,ok,True
2.9650800229421495,-1.0681821062833445,0.210811727142114,0.0,1.0,5.74,FL,0.8555417597875598,True,True,17.102082784793538,6.024641890128824,25.766293456548844,False,0.0,0.791015625,0.5218648428012931,45.17578125,96.943359375,2.9650800229421495,ok,True
2.9650800229421495,-1.0681821062833445,0.015510459639955182,0.0,1.0,5.74,FR,0.35554175978755964,False,False,-4.068931980477551,-36.340011834267195,-16.72145453141941,False,25.220226487552562,0.791015625,1.7108655861878321,54.140625,88.41796875,2.9650800229421495,ok,True
2.9650800229421495,-1.0681821062833445,0.00951560539003775,0.0,1.0,5.74,RL,0.35554175978755964,False,False,-2.968955715905799,-35.61970055678066,-16.019325314639318,False,11.127340338525881,0.791015625,2.3974733790892313,54.404296875,88.06640625,2.9650800229421495,ok,True
2.9650800229421495,-1.0681821062833445,0.07602864383388921,0.0,1.0,5.74,RR,0.8555417597875598,True,True,-1.72221622922146,5.173368282689631,24.928727606666808,False,7.994505243787105,0.791015625,0.40348099938456894,43.06640625,95.361328125,2.9650800229421495,ok,True
2.614735776612067,-0.7791091833500282,0.19278571635021022,0.0,1.0,5.76,FL,0.8694306486764486,True,True,13.991949828122136,6.832514959143526,26.5779419249284,False,0.0,0.791015625,0.5142637800972236,44.296875,96.064453125,2.614735776612067,ok,True
2.614735776612067,-0.7791091833500282,0.02053641046119936,0.0,1.0,5.76,FR,0.3694306486764485,False,False,-4.170461181308868,-37.10671620555063,-17.49008459510099,False,24.626511275183656,0.791015625,1.1740257531252296,54.31640625,88.50585937500001,2.614735776612067,ok,True
2.614735776612067,-0.7791091833500282,0.006729441532248265,0.0,1.0,5.76,RL,0.3694306486764485,False,False,-2.447517773996065,-37.651117150852905,-18.07719413897335,False,10.03316426288671,0.791015625,2.308719204551889,54.66796875,88.330078125,2.614735776612067,ok,True
2.614735776612067,-0.7791091833500282,0.0419864173661596,0.0,1.0,5.76,RR,0.8694306486764486,True,True,-1.8054323663219547,5.240464605310628,25.00854653532801,False,7.640684542863174,0.791015625,0.44409006165081916,42.099609375,94.130859375,2.614735776612067,ok,True
2.0614852436768403,-0.47353870932553804,0.1888238552750037,0.0,1.0,5.78,FL,0.8833195375653374,True,True,10.439553738847827,7.226017028117867,26.979918210661648,False,0.0,0.791015625,0.4551213761896412,43.681640625,95.361328125,2.0614852436768403,ok,True
2.0614852436768403,-0.47353870932553804,0.026131982491392376,0.0,1.0,5.78,FR,0.3833195375653373,False,False,-4.197065980004133,-37.51200667625454,-17.89451561930885,False,23.698949452911123,0.791015625,0.6251497589473757,54.31640625,88.59375,2.0614852436768403,ok,True
2.0614852436768403,-0.47353870932553804,0.0008340161791380869,0.0,1.0,5.78,RL,0.3833195375653373,False,False,-2.065511639092396,-39.63951776828338,-20.08692656817205,False,10.670935387417671,0.791015625,2.1002566667554166,54.931640625,88.41796875,2.0614852436768403,ok,True
2.0614852436768403,-0.47353870932553804,0.03646592900830464,0.0,1.0,5.78,RR,0.8833195375653374,True,True,-1.7382849091328347,5.688267112890374,25.467565871819545,False,6.6242972475543365,0.791015625,0.5854674772731713,41.30859375,92.900390625,2.0614852436768403,ok,True
1.37294775610297,-0.18622663594463498,0.16567671264670336,0.0,1.0,5.8,FL,0.8972084264542263,True,True,6.780064306568828,7.607057428273014,27.369568961051705,False,0.0,0.791015625,0.3903326779191235,43.2421875,94.921875,1.37294775610297,ok,True
1.37294775610297,-0.18622663594463498,0.028285872129286405,0.0,1.0,5.8,FR,0.39720842645422616,False,False,-4.1567961773432,-37.83021071474156,-18.212666791181665,False,22.89044459791132,0.791015625,0.1924242967497806,54.580078125,88.330078125,1.37294775610297,ok,True
1.37294775610297,-0.18622663594463498,0.006153058285187441,0.0,1.0,5.8,RL,0.39720842645422616,False,False,-1.9140903213742817,-41.407740663699116,-21.867067070655764,False,12.207922030949451,0.791015625,1.867961255319687,55.283203125,88.59375,1.37294775610297,ok,True
1.37294775610297,-0.18622663594463498,0.03341435545229262,0.0,1.0,5.8,RR,0.8972084264542263,True,True,-1.6107685059005352,6.223946441584097,26.01286268199985,False,5.7973931012695115,0.791015625,0.7520907347695245,40.95703125,92.197265625,1.37294775610297,ok,True
0.6090460254703545,0.07198638408537718,0.11441113682647214,0.0,1.0,5.82,FL,0.9110973153431151,True,False,3.227210598614305,7.723498989821134,27.493457238968105,False,0.0,0.791015625,0.33290817848333537,42.802734375,94.482421875,0.6090460254703545,ok,True
0.6090460254703545,0.07198638408537718,0.026537788580384754,0.0,1.0,5.82,FR,0.411097315343115,False,False,-4.076730301105394,-38.35699600810648,-18.744027806301833,False,22.441677265761676,0.791015625,-0.03329930376332314,54.931640625,87.802734375,0.6090460254703545,ok,True
0.6090460254703545,0.07198638408537718,0.011974952278124479,0.0,1.0,5.82,RL,0.411097315343115,False,False,-1.980722752971467,-42.9580783686859,-23.426751498475035,False,14.396652752583535,0.791015625,1.688135413570204,55.8984375,88.681640625,0.6090460254703545,ok,True
0.6090460254703545,0.07198638408537718,0.03029004787471747,0.0,1.0,5.82,RR,0.9110973153431151,True,False,-1.4285229867282874,6.48225727218355,26.27953919160189,False,4.542706661762891,0.791015625,0.8878488862556401,41.1328125,91.7578125,0.6090460254703545,ok,True
-0.20583184563894188,0.29648933927963406,0.06719779110080344,0.0,1.0,5.84,FL,0.924986204232004,True,False,-0.21280243894462522,7.740158939891486,27.516068151045058,True,4.327340855110313,0.791015625,0.3120382391621521,42.71484375,93.8671875,0.29648933927963406,ok,True
-0.20583184563894188,0.29648933927963406,0.02224778471450277,0.0,1.0,5.84,FR,0.42498620423200384,False,False,-3.997249103290107,-39.34753155498465,-19.748201197649266,False,22.17367521790804,0.791015625,-0.0365385152425374,55.37109375,87.275390625,0.29648933927963406,ok,True
-0.20583184563894188,0.29648933927963406,0.015751677092224168,0.0,1.0,5.84,RL,0.42498620423200384,False,False,-2.1790411801865526,-44.3527015327776,-24.828526659214937,False,15.347386291619179,0.791015625,1.6202630429963747,56.337890625,88.76953125,0.29648933927963406,ok,True
-0.20583184563894188,0.29648933927963406,0.0327987447772847,0.0,1.0,5.84,RR,0.924986204232004,True,False,-1.1877587156144225,6.322527460385636,26.126686103121965,False,5.817887527899721,0.791015625,0.9458001594683612,41.30859375,91.669921875,0.29648933927963406,ok,True
-0.9530522352179032,0.4323978578230577,0.03343663060609889,0.0,1.0,5.86,FL,0.9388750931208928,True,False,-1.7438827021548746,7.2931274380602495,27.069307960490196,False,13.042795841941267,0.791015625,0.23087293551215143,42.626953125,93.515625,0.9530522352179032,ok,True
-0.9530522352179032,0.4323978578230577,0.01803531386638267,0.0,1.0,5.86,FR,0.4388750931208927,False,False,-3.8310088675854934,-40.557884659873594,-20.984286666345415,False,15.100269614506278,0.791015625,0.1704421155414041,55.8984375,87.01171875,0.9530522352179032,ok,True
-0.9530522352179032,0.4323978578230577,0.018434754658403045,0.0,1.0,5.86,RL,0.4388750931208927,False,False,-2.3848049915158147,-45.627083621742806,-26.110276820711004,False,15.555086805695648,0.791015625,1.5077867637160154,56.689453125,88.857421875,0.9530522352179032,ok,True
-0.9530522352179032,0.4323978578230577,0.07623803034765958,0.0,1.0,5.86,RR,0.9388750931208928,True,False,-0.3051872405411271,6.856530580718139,26.662409515946358,False,5.981938532251843,0.791015625,1.0614661260073652,41.66015625,91.669921875,0.9530522352179032,ok,True
-1.4506335244152961,0.36129690530022984,0.03291313522161019,0.0,1.0,5.88,FL,0.9527639820097816,True,False,-2.1377521970515727,6.8541460379569585,26.633349239054343,False,12.234020060042981,0.791015625,0.0011202367053079853,42.802734375,93.076171875,1.4506335244152961,ok,True
-1.4506335244152961,0.36129690530022984,0.01564727919899303,0.0,1.0,5.88,FR,0.4527639820097815,False,False,-3.2393671831093194,-41.76439828840476,-22.219596345925023,False,9.260363432538743,0.791015625,0.5298500626286627,56.42578125,87.099609375,1.4506335244152961,ok,True
-1.4506335244152961,0.36129690530022984,0.020318099685366194,0.0,1.0,5.88,RL,0.4527639820097815,False,False,-2.5602249049273116,-46.701380065848035,-27.191334069295152,False,19.192892525300238,0.791015625,1.2894829665005523,56.689453125,88.50585937500001,1.4506335244152961,ok,True
-1.4506335244152961,0.36129690530022984,0.2814059119470196,0.0,1.0,5.88,RR,0.9527639820097816,True,False,0.7708157530847831,11.398154552130405,31.188539316781906,False,0.0,0.791015625,0.993329290536374,42.275390625,91.93359375,1.4506335244152961,ok,True
-1.58835960774179,0.13014676280181225,0.03880327274986917,0.0,1.0,5.9,FL,0.9666528708986705,True,False,-2.219896481490926,6.31228601984385,26.098009179805135,False,12.557015794716838,0.791015625,-0.41208031365079345,42.978515625,92.900390625,1.58835960774179,ok,True
-1.58835960774179,0.13014676280181225,0.015690031479182485,0.0,1.0,5.9,FR,0.46665287089867036,False,False,-2.4678256269586236,-43.479189978891355,-23.96331531178446,False,7.354437181669132,0.791015625,1.034123204362993,56.6015625,86.572265625,1.58835960774179,ok,True
-1.58835960774179,0.13014676280181225,0.020763599609216147,0.0,1.0,5.9,RL,0.46665287089867036,False,False,-2.939671281825946,-47.85196044036696,-28.35105148501636,False,22.547143081618387,0.791015625,1.086276040018418,56.77734375,88.06640625,1.58835960774179,ok,True
-1.58835960774179,0.13014676280181225,0.3550669836148819,0.0,1.0,5.9,RR,0.9666528708986705,True,False,0.6053548748911203,16.523697205896,36.28520703130508,False,0.0,0.791015625,0.6206371365623425,42.978515625,92.197265625,1.58835960774179,ok,True
-1.548651389206993,-0.057049197581737626,0.04039415424227314,0.0,1.0,5.92,FL,0.9805417597875593,True,False,-2.2339600219763374,5.457516362045235,25.25045664710032,False,12.677291396462298,0.791015625,-0.7173078269692197,43.2421875,92.8125,1.548651389206993,ok,True
-1.548651389206993,-0.057049197581737626,0.01551452901106612,0.0,1.0,5.92,FR,0.4805417597875592,False,False,-1.8964089433529951,-45.63526319016383,-26.152300056544448,False,8.408967029325382,0.791015625,1.4187520905614475,57.12890625,86.572265625,1.548651389206993,ok,True
-1.548651389206993,-0.057049197581737626,0.017695603602063542,0.0,1.0,5.92,RL,0.4805417597875592,False,False,-3.39259912778846,-49.23667464112672,-29.753900216498696,False,22.613822114979925,0.791015625,1.049998440286386,56.77734375,87.71484375,1.548651389206993,ok,True
-1.548651389206993,-0.057049197581737626,0.19258641811545157,0.0,1.0,5.92,RR,0.9805417597875593,True,False,-0.04080823940393746,18.054449884335064,37.804795137486266,True,0.5113524125920414,0.791015625,0.3542451321671424,43.76953125,92.4609375,1.548651389206993,ok,True
-1.4032998513198152,-0.13624807094672392,0.03817418912667643,0.0,1.0,5.94,FL,0.9944306486764481,True,False,-2.2225962899374565,4.29734955426316,24.097004590026838,False,12.467664295947488,0.791015625,-0.822124459544369,43.59375,92.63671875,1.4032998513198152,ok,True
-1.4032998513198152,-0.13624807094672392,0.011968068423258137,0.0,1.0,5.94,FR,0.49443064867644804,False,False,-1.6431407957001007,-47.9928291213704,-28.543603570315323,False,9.384636006993578,0.791015625,1.6101253141741039,57.48046875,86.8359375,1.4032998513198152,ok,True
-1.4032998513198152,-0.13624807094672392,0.012368656362873182,0.0,1.0,5.94,RL,0.49443064867644804,False,False,-3.66350769815409,-50.88235074578214,-31.42761074606234,False,20.633366577301768,0.791015625,1.155337144299691,56.77734375,87.275390625,1.4032998513198152,ok,True
-1.4032998513198152,-0.13624807094672392,0.04155654425800912,0.0,1.0,5.94,RR,0.9944306486764481,True,False,-0.08180426896976095,16.66059452722533,36.415463579472615,False,0.9530316029931586,0.791015625,0.2808229378321745,44.47265625,92.8125,1.4032998513198152,ok,True
-1.1259480913823166,-0.14831558360088837,0.03485180585287529,0.0,1.0,5.96,FL,0.008319537565337098,False,False,-2.1814374849151235,2.8788155722052093,22.684602397026747,False,11.819415605987267,0.791015625,-0.804018734519055,44.12109375,92.109375,1.1259480913823166,ok,True
-1.1259480913823166,-0.14831558360088837,0.009521529736964808,0.0,1.0,5.96,FR,0.5083195375653371,True,False,-1.6063123224452307,-50.51890144666646,-31.103865080017723,False,10.728474210132537,0.791015625,1.6848246115171472,57.919921875,87.1875,1.1259480913823166,ok,True
-1.1259480913823166,-0.14831558360088837,0.007271519237286034,0.0,1.0,5.96,RL,0.5083195375653371,True,False,-3.6837467517892106,-52.75223240359603,-33.333696491444215,False,19.01905239578716,0.791015625,1.321726963932953,57.216796875,87.275390625,1.1259480913823166,ok,True
-1.1259480913823166,-0.14831558360088837,0.05239211458227874,0.0,1.0,5.96,RR,0.008319537565337098,False,False,-0.009453896958042107,13.3367297529798,33.10646317338854,False,2.075238490181806,0.791015625,0.27992229861135765,45.0,92.37304687500001,1.1259480913823166,ok,True
-0.7191620712749145,-0.14757529353025411,0.03190591563919681,0.0,1.0,5.98,FL,0.022208426454225987,False,False,-2.1157279151448707,1.229617180526889,21.040736986119118,False,11.943910532419787,0.791015625,-0.7007519812604356,44.560546875,91.669921875,0.7191620712749145,ok,True
-0.7191620712749145,-0.14757529353025411,0.006746927054765573,0.0,1.0,5.98,FR,0.5222084264542259,True,False,-1.6832030363923782,-53.10438842668796,-33.72320495105423,False,12.101019354103746,0.791015625,1.685624849825551,58.27148437499999,87.36328125,0.7191620712749145,ok,True
-0.7191620712749145,-0.14757529353025411,0.006313130698859772,0.0,1.0,5.98,RL,0.5222084264542259,True,False,-3.5014404080953385,-54.80510396253655,-35.42872407648153,False,15.959991190843546,0.791015625,1.4900271663901807,57.48046875,87.626953125,0.7191620712749145,ok,True
-0.7191620712749145,-0.14757529353025411,0.10610617203066872,0.0,1.0,5.98,RR,0.022208426454225987,False,False,-0.04706459385226194,8.870849233615797,28.658300703672197,False,3.0851816525371865,0.791015625,0.31356258891311894,45.439453125,92.021484375,0.7191620712749145,ok,True
-0.22511134786464498,-0.1843465427115154,0.0287587825428163,0.0,1.0,6.0,FL,0.036097315343114875,False,False,-2.0528734265151014,-0.6236430579408305,19.19120328333132,False,10.313179677586648,0.791015625,-0.4986385199541769,45.0,91.23046875,0.22511134786464498,ok,True
-0.22511134786464498,-0.1843465427115154,0.007763131569748516,0.0,1.0,6.0,FR,0.5360973153431149,True,False,-1.82780730932002,-55.55250100308396,-36.204371745241716,False,13.643661327907264,0.791015625,1.607533550198803,58.71093750000001,87.802734375,0.22511134786464498,ok,True
-0.22511134786464498,-0.1843465427115154,0.009047741198008977,0.0,1.0,6.0,RL,0.5360973153431149,True,False,-3.157354638393773,-57.02430267605798,-37.693390116305956,False,12.917754337223744,0.791015625,1.5913460165346964,58.00781250000001,87.978515625,0.22511134786464498,ok,True
-0.22511134786464498,-0.1843465427115154,0.04665150281856363,0.0,1.0,6.0,RR,0.036097315343114875,False,False,-0.47210312944619137,5.716679461669661,25.51370214336657,False,6.8748626750654465,0.791015625,0.32288595787062757,45.87890625,91.494140625,0.22511134786464498,ok,True
0.23138655639044559,-0.22033374411081214,0.025336654087314125,0.0,1.0,6.0200000000000005,FL,0.04998620423200376,False,False,-1.937760183275232,-2.618954438047911,17.19622908652093,False,10.01314061869772,0.791015625,-0.16163311139963074,45.439453125,90.703125,0.23138655639044559,ok,True
0.23138655639044559,-0.22033374411081214,0.01228546155711938,0.0,1.0,6.0200000000000005,FR,0.5499862042320037,True,False,-2.009394869218046,-57.717846217374294,-38.399962470297524,False,13.566601534373484,0.791015625,1.4114675208903191,59.0625,88.41796875,0.23138655639044559,ok,True
0.23138655639044559,-0.22033374411081214,0.013187026679446247,0.0,1.0,6.0200000000000005,RL,0.5499862042320037,True,False,-2.664243650956232,-59.311656499480314,-40.027465741181416,False,8.457712676931244,0.791015625,1.6230210459136514,58.35937500000001,88.59375,0.23138655639044559,ok,True
0.23138655639044559,-0.22033374411081214,0.02228053417926384,0.0,1.0,6.0200000000000005,RR,0.04998620423200376,False,False,-1.0737735214741209,3.460656035020238,23.263731870049863,False,12.359640690900134,0.791015625,0.3320244271357958,46.40625,91.142578125,0.23138655639044559,ok,True
0.5863605317640269,-0.20556797089084744,0.022780022780305807,0.0,1.0,6.04,FL,0.06387509312089265,False,False,-1.8612019565206022,-4.684923424898128,15.126994504504118,False,10.812051841334728,0.791015625,0.26980755669096274,45.87890625,90.263671875,0.5863605317640269,ok,True
0.5863605317640269,-0.20556797089084744,0.01588448413173723,0.0,1.0,6.04,FR,0.5638750931208927,True,False,-2.1042227080315112,-59.51314689961745,-40.217889758856224,False,12.939592416555996,0.791015625,1.1325497616282245,59.501953125,89.296875,0.5863605317640269,ok,True
0.5863605317640269,-0.20556797089084744,0.0168905340420415,0.0,1.0,6.04,RL,0.5638750931208927,True,False,-2.028897900046603,-61.56906322955698,-42.33061680808348,False,4.605057976407738,0.791015625,1.5362342861258118,58.88671875,89.47265625000001,0.5863605317640269,ok,True
0.5863605317640269,-0.20556797089084744,0.01938197431826479,0.0,1.0,6.04,RR,0.06387509312089265,False,False,-1.6360274576280378,1.7063352058257615,21.514280487494513,False,15.686762162180885,0.791015625,0.4118237253836218,46.40625,90.615234375,0.5863605317640269,ok,True
0.8347737818703508,-0.14739767429029543,0.020710728889459407,0.0,1.0,6.0600000000000005,FL,0.07776398200978155,False,False,-1.8794012840919436,-6.695668009174685,13.110174633589601,False,12.11055921071981,0.791015625,0.7066562431968234,46.40625,89.912109375,0.8347737818703508,ok,True
0.8347737818703508,-0.14739767429029543,0.01752078531331717,0.0,1.0,6.0600000000000005,FR,0.5777639820097815,True,False,-2.07305011331331,-60.93433429207847,-41.65386134907165,False,11.029237669625497,0.791015625,0.8499753071633754,59.765625,90.43945312500001,0.8347737818703508,ok,True
0.8347737818703508,-0.14739767429029543,0.028937660309053457,0.0,1.0,6.0600000000000005,RL,0.5777639820097815,True,False,-1.1794460665967652,-63.4757732317376,-44.26842491724064,False,2.7952301691417185,0.791015625,1.3113990082063443,59.23828124999999,90.615234375,0.8347737818703508,ok,True
0.8347737818703508,-0.14739767429029543,0.017363991746596,0.0,1.0,6.0600000000000005,RR,0.07776398200978155,False,False,-2.2002475359539884,0.31264414606671087,20.12452584396534,False,16.75318434480886,0.791015625,0.5871076761240558,46.494140625,90.087890625,0.8347737818703508,ok,True
1.016114488866366,-0.047291462477813295,0.017054811834240843,0.0,1.0,6.08,FL,0.09165287089867044,False,False,-1.999704226114639,-8.53102664589661,11.267667035628989,False,13.785744729318376,0.791015625,1.0683873379420987,46.93359375,89.912109375,1.016114488866366,ok,True
1.016114488866366,-0.047291462477813295,0.016619171367909653,0.0,1.0,6.08,FR,0.5916528708986705,True,False,-1.9065727758480946,-62.07167536201182,-42.797754182469006,False,9.091251464077033,0.791015625,0.6298087154166765,60.1171875,91.58203125,1.016114488866366,ok,True
1.016114488866366,-0.047291462477813295,0.07165592766381508,0.0,1.0,6.08,RL,0.5916528708986705,True,False,0.1620308957726319,-64.23392508900598,-45.02568668663764,False,0.0,0.791015625,1.0151650573288782,59.58984374999999,92.021484375,1.016114488866366,ok,True
1.016114488866366,-0.047291462477813295,0.0137379560516661,0.0,1.0,6.08,RR,0.09165287089867044,False,False,-2.6165697330378554,-0.8486675582934974,18.965576060803766,False,17.564701240176465,0.791015625,0.8144386462870025,46.58203125,89.560546875,1.016114488866366,ok,True
1.0966984333309437,0.05878582181015377,0.012698430038063745,0.0,1.0,6.1000000000000005,FL,0.10554175978755934,False,False,-2.1765205241809498,-10.233082895032801,9.558682628507572,False,15.325067045784383,0.791015625,1.4029601968648062,47.28515625,89.560546875,1.0966984333309437,ok,True
1.0966984333309437,0.05878582181015377,0.015435614493678439,0.0,1.0,6.1000000000000005,FR,0.6055417597875593,True,True,-1.6324991795209025,-62.973319554683634,-43.699600454284095,False,6.892182388746379,0.791015625,0.42266725226377166,60.29296875000001,92.900390625,1.0966984333309437,ok,True
1.0966984333309437,0.05878582181015377,0.24052252148553335,0.0,1.0,6.1000000000000005,RL,0.6055417597875593,True,True,1.3200960139996727,-61.36390299026906,-42.0754233718782,False,0.0,0.791015625,0.7164661587392523,60.20507812499999,93.779296875,1.0966984333309437,ok,True
1.0966984333309437,0.05878582181015377,0.011715974588251908,0.0,1.0,6.1000000000000005,RR,0.10554175978755934,False,False,-2.9383882450204553,-1.8822888442956716,17.933010063756154,False,20.28827380145155,0.791015625,1.0291162959323406,46.93359375,89.12109375,1.0966984333309437,ok,True
1.1140988305100543,0.1414656792370663,0.01123764839539385,0.0,1.0,6.12,FL,0.11943064867644823,False,False,-2.4200283161781195,-11.919397444953788,7.865314907235902,False,18.314568544673353,0.791015625,1.703629168670819,47.8125,89.384765625,1.1140988305100543,ok,True
1.1140988305100543,0.1414656792370663,0.016596864447014945,0.0,1.0,6.12,FR,0.6194306486764483,True,True,-1.2866000366267873,-63.6665494828761,-44.38822874295299,False,4.693364237978783,0.791015625,0.24933509720608388,60.46875,94.30664062500001,1.1140988305100543,ok,True
1.1140988305100543,0.1414656792370663,0.25082676130920845,0.0,1.0,6.12,RL,0.6194306486764483,True,True,2.627829404326985,-58.22884680351363,-38.85541142481967,False,0.0,0.791015625,0.495239310459138,60.55664062500001,95.625,1.1140988305100543,ok,True
1.1140988305100543,0.1414656792370663,0.010219703030638336,0.0,1.0,6.12,RR,0.11943064867644823,False,False,-3.277066375340202,-2.809023044181493,17.00643919056516,False,21.511064235588783,0.791015625,1.3048176309677466,47.4609375,88.59375,1.1140988305100543,ok,True
1.1322998213435729,0.1856049223671921,0.010933564990414165,0.0,1.0,6.140000000000001,FL,0.13331953756533713,False,False,-2.7507083892263013,-13.486293273550466,6.290259470191444,False,18.672362976801164,0.791015625,1.9391579304722908,48.33984375,89.384765625,1.1322998213435729,ok,True
1.1322998213435729,0.1856049223671921,0.04175078535207754,0.0,1.0,6.140000000000001,FR,0.6333195375653371,True,True,-0.498629719502236,-63.668760548429184,-44.368541795166585,False,4.111334284162799,0.791015625,0.18971046324660024,60.55664062500001,95.80078125,1.1322998213435729,ok,True
1.1322998213435729,0.1856049223671921,0.21751597886489962,0.0,1.0,6.140000000000001,RL,0.6333195375653371,True,True,4.565469985272864,-55.78994188666479,-36.347372429177796,False,0.0,0.791015625,0.42787385789540083,60.90820312500001,97.3828125,1.1322998213435729,ok,True
1.1322998213435729,0.1856049223671921,0.009859521684863369,0.0,1.0,6.140000000000001,RR,0.13331953756533713,False,False,-3.532929467294759,-3.651384941803883,16.163722720905053,False,21.705181675258434,0.791015625,1.6491517651185859,47.8125,88.330078125,1.1322998213435729,ok,True
1.0612951094759795,0.17988407863415315,0.008934048946952594,0.0,1.0,6.16,FL,0.14720842645422602,False,False,-2.9835391172155847,-14.944051079158447,4.828404083225861,False,19.242903129442375,0.791015625,2.1854365796556476,48.603515625,89.033203125,1.0612951094759795,ok,True
1.0612951094759795,0.17988407863415315,0.19028304144290684,0.0,1.0,6.16,FR,0.647208426454226,True,True,0.7604262607183564,-60.64390031053084,-41.26501553660283,False,0.0,0.791015625,0.29905252629620177,60.46875,97.20703125,1.0612951094759795,ok,True
1.0612951094759795,0.17988407863415315,0.22166959538712985,0.0,1.0,6.16,RL,0.647208426454226,True,True,6.529599970263674,-53.161368195687906,-33.65584012350396,False,0.0,0.791015625,0.4485395888891539,60.99609375,98.96484375,1.0612951094759795,ok,True
1.0612951094759795,0.17988407863415315,0.012898781924582345,0.0,1.0,6.16,RR,0.14720842645422602,False,False,-3.670242255903986,-4.471680873337398,15.342804431198726,False,22.5342326215213,0.791015625,1.9348589595131478,48.427734375,88.2421875,1.0612951094759795,ok,True
0.9588247996423125,0.10462154248556116,0.00893850080624059,0.0,1.0,6.18,FL,0.16109731534311492,False,False,-3.1668293594057233,-16.459872084242683,3.309603407170016,False,21.028681901014735,0.791015625,2.387178608135906,48.8671875,88.59375,0.9588247996423125,ok,True
0.9588247996423125,0.10462154248556116,0.362153789902704,0.0,1.0,6.18,FR,0.6610973153431149,True,True,2.075255350283477,-54.29708686217492,-34.80289333845309,False,0.0,0.791015625,0.4174315306114153,60.1171875,98.525390625,0.9588247996423125,ok,True
0.9588247996423125,0.10462154248556116,0.23917585851746864,0.0,1.0,6.18,RL,0.6610973153431149,True,True,8.02073838729341,-50.18729527124897,-30.62669627338815,False,0.0,0.791015625,0.4836826487111108,60.55664062500001,100.107421875,0.9588247996423125,ok,True
0.9588247996423125,0.10462154248556116,0.013524452840047897,0.0,1.0,6.18,RR,0.16109731534311492,False,False,-3.784247893801551,-5.511885710103906,14.301842554883597,False,23.217455958449026,0.791015625,2.1783610632472077,48.69140625,87.71484375,0.9588247996423125,ok,True
0.8949202763771004,-0.03585474905362167,0.011191872596559524,0.0,1.0,6.2,FL,0.1749862042320038,False,False,-3.398055459173384,-17.997218704601472,1.7672010546392798,False,21.94312735954804,0.791015625,2.497033021374047,49.130859375,88.2421875,0.8949202763771004,ok,True
0.8949202763771004,-0.03585474905362167,0.3171630718361622,0.0,1.0,6.2,FR,0.6749862042320038,True,True,3.735740012019026,-49.08086479550174,-29.50788782385726,False,0.0,0.791015625,0.4400471173440258,59.58984374999999,99.580078125,0.8949202763771004,ok,True
0.8949202763771004,-0.03585474905362167,0.26116396217210963,0.0,1.0,6.2,RL,0.6749862042320038,True,True,9.00756828537029,-46.79974723718937,-27.167866574019243,False,0.0,0.791015625,0.4987296040392927,59.94140625000001,100.8984375,0.8949202763771004,ok,True
0.8949202763771004,-0.03585474905362167,0.010951130748504925,0.0,1.0,6.2,RR,0.1749862042320038,False,False,-3.910184985464079,-6.8139300798693565,12.998767346774274,False,24.444742439109774,0.791015625,2.400883110062763,49.04296875,87.36328125,0.8949202763771004,ok,True
0.7827087073508273,-0.17709360886276834,0.012360995196514565,0.0,1.0,6.22,FL,0.1888750931208927,False,False,-3.6088134004548347,-19.500342826605795,0.2566300066202629,False,21.71038031181769,0.791015625,2.6104886602672535,49.306640625,87.890625,0.7827087073508273,ok,True
0.7827087073508273,-0.17709360886276834,0.3071911921315513,0.0,1.0,6.22,FR,0.6888750931208927,True,True,5.689236156568738,-44.19997367346446,-24.544748649673405,False,0.0,0.791015625,0.4417965038330179,58.798828125,100.283203125,0.7827087073508273,ok,True
0.7827087073508273,-0.17709360886276834,0.265522198630616,0.0,1.0,6.22,RL,0.6888750931208927,True,True,9.620156713387525,-43.25841082583211,-23.57217808367662,False,0.0,0.791015625,0.495610413810049,59.0625,101.513671875,0.7827087073508273,ok,True
0.7827087073508273,-0.17709360886276834,0.006106367540093206,0.0,1.0,6.22,RR,0.1888750931208927,False,False,-4.04408263766794,-8.162457058751972,11.6480935345051,False,24.237099865382532,0.791015625,2.5409494793748744,49.306640625,87.01171875,0.7827087073508273,ok,True
0.6476455535132797,-0.293634220717173,0.012149471737531444,0.0,1.0,6.24,FL,0.2027639820097816,False,False,-3.721843624600086,-20.940008434205854,-1.1923964430115177,False,21.529215779413093,0.791015625,2.683968502089118,49.39453125000001,87.626953125,0.6476455535132797,ok,True
0.6476455535132797,-0.293634220717173,0.29734772536146425,0.0,1.0,6.24,FR,0.7027639820097816,True,True,7.604134657312523,-39.644647752274274,-19.93330785909334,False,0.0,0.791015625,0.45175880247485595,57.65624999999999,100.72265625000001,0.6476455535132797,ok,True
0.6476455535132797,-0.293634220717173,0.3006238339543785,0.0,1.0,6.24,RL,0.7027639820097816,True,True,10.049321666237235,-38.9297585567533,-19.198995396788597,False,0.0,0.791015625,0.4929279738059144,58.18359375,101.865234375,0.6476455535132797,ok,True
0.6476455535132797,-0.293634220717173,0.0037694370140657378,0.0,1.0,6.24,RR,0.2027639820097816,False,False,-4.105837894822172,-9.604747754844066,10.20184172630357,False,23.53729964486135,0.791015625,2.6127837178750375,49.5703125,86.396484375,0.6476455535132797,ok,True
0.4997853528838362,-0.3861009319699923,0.01208528326167877,0.0,1.0,6.26,FL,0.2166528708986705,False,False,-3.759769438129359,-22.302584065650507,-2.5659443792402286,False,21.10721701481215,0.791015625,2.712180313836779,49.5703125,87.5390625,0.4997853528838362,ok,True
0.4997853528838362,-0.3861009319699923,0.2967052981120953,0.0,1.0,6.26,FR,0.7166528708986705,True,True,9.303844660532548,-35.21988307160802,-15.47248584635452,False,0.0,0.791015625,0.4625794070633162,56.513671875,101.162109375,0.4997853528838362,ok,True
0.4997853528838362,-0.3861009319699923,0.3283329246744249,0.0,1.0,6.26,RL,0.7166528708986705,True,True,10.3908788937128,-33.966706434954006,-14.20524760604793,False,0.0,0.791015625,0.4889813416263253,56.865234375,102.041015625,0.4997853528838362,ok,True
0.4997853528838362,-0.3861009319699923,0.0021475462952916516,0.0,1.0,6.26,RR,0.2166528708986705,False,False,-4.094251691767397,-11.147323064239169,8.652858208836742,False,23.205141358785617,0.791015625,2.627820951575001,49.658203125,86.1328125,0.4997853528838362,ok,True
0.3251745835362012,-0.446500379986177,0.012284776196256068,0.0,1.0,6.28,FL,0.2305417597875594,False,False,-3.735127756761141,-23.616317527962977,-3.891365944845848,False,20.792807527444314,0.791015625,2.716109159084197,49.833984375,87.1875,0.446500379986177,ok,True
0.3251745835362012,-0.446500379986177,0.32815577408143504,0.0,1.0,6.28,FR,0.7305417597875594,True,True,10.862533690794093,-30.26781965970788,-10.498039494532033,False,0.0,0.791015625,0.47388398575871915,55.1953125,101.337890625,0.446500379986177,ok,True
0.3251745835362012,-0.446500379986177,0.2999512905422246,0.0,1.0,6.28,RL,0.7305417597875594,True,True,10.678171538128833,-29.53007339100801,-9.754748946991718,False,0.0,0.791015625,0.47785727347785223,55.458984375,101.865234375,0.446500379986177,ok,True
0.3251745835362012,-0.446500379986177,0.00037511559782868085,0.0,1.0,6.28,RR,0.2305417597875594,False,False,-4.050087696734359,-12.76949102075151,7.021094991904519,False,22.58619297071845,0.791015625,2.597273521810274,49.833984375,85.869140625,0.446500379986177,ok,True
0.1438827924059759,-0.45348035026517924,0.011345777204574062,0.0,1.0,6.3,FL,0.2444306486764483,False,False,-3.692786106467543,-24.900866961211445,-5.187189521090932,False,21.73026550253478,0.791015625,2.677975071876988,50.009765625,87.1875,0.45348035026517924,ok,True
0.1438827924059759,-0.45348035026517924,0.32503090758119196,0.0,1.0,6.3,FR,0.7444306486764483,True,True,12.080966486929624,-25.485522883160602,-5.6934264917600785,False,0.0,0.791015625,0.48495609700643477,53.876953125,101.42578125,0.45348035026517924,ok,True
0.1438827924059759,-0.45348035026517924,0.32766219418279147,0.0,1.0,6.3,RL,0.7444306486764483,True,True,11.398325824476311,-24.492891104561288,-4.6892632384922805,False,0.0,0.791015625,0.4709602645527238,53.96484375,101.513671875,0.45348035026517924,ok,True
0.1438827924059759,-0.45348035026517924,0.0009102944395883263,0.0,1.0,6.3,RR,0.2444306486764483,False,False,-3.9855254424500592,-14.479915401034248,5.297138778531107,False,22.258973169037105,0.791015625,2.5381499685464135,49.921875,85.60546875,0.45348035026517924,ok,True
-0.015135702692827612,-0.4409660526127234,0.01096169943369209,0.0,1.0,6.32,FL,0.25831953756533715,False,False,-3.6884394016982838,-26.205076414964918,-6.503916145259108,False,21.192507189763862,0.791015625,2.59350505561893,50.36132812500001,87.275390625,0.4409660526127234,ok,True
-0.015135702692827612,-0.4409660526127234,0.32994373998774645,0.0,1.0,6.32,FR,0.7583195375653371,True,True,13.038734491487139,-20.71691444688248,-0.90663136869642,False,0.0,0.791015625,0.48736624831804776,52.55859375,101.337890625,0.4409660526127234,ok,True
-0.015135702692827612,-0.4409660526127234,0.3605102432667084,0.0,1.0,6.32,RL,0.7583195375653371,True,True,12.534970330455641,-18.801080543382042,1.014390519712407,False,0.0,0.791015625,0.46455832590283125,52.91015625,101.07421875,0.4409660526127234,ok,True
-0.015135702692827612,-0.4409660526127234,0.0014958483597168318,0.0,1.0,6.32,RR,0.25831953756533715,False,False,-3.9193171272709804,-16.291307643769386,3.4785344229908652,False,22.089492726360824,0.791015625,2.486003629644286,50.537109375,85.869140625,0.4409660526127234,ok,True
-0.18573058619328,-0.39915468691977324,0.011126141535702044,0.0,1.0,6.34,FL,0.27220842645422605,False,False,-3.672285302429655,-27.59147323018962,-7.903312904444036,False,20.775576014788523,0.791015625,2.5054073458086656,50.888671875,87.5390625,0.39915468691977324,ok,True
-0.18573058619328,-0.39915468691977324,0.3320528483515438,0.0,1.0,6.34,FR,0.772208426454226,True,True,13.921986502166458,-16.04132919300365,3.7741134762930706,False,0.0,0.791015625,0.48077376387430815,51.32812500000001,100.986328125,0.39915468691977324,ok,True
-0.18573058619328,-0.39915468691977324,0.33640856588041707,0.0,1.0,6.34,RL,0.772208426454226,True,True,13.423539296117799,-13.668986729111879,6.139050316512456,False,0.0,0.791015625,0.4625046246539665,51.50390625,100.458984375,0.39915468691977324,ok,True
-0.18573058619328,-0.39915468691977324,0.0021050699544065666,0.0,1.0,6.34,RR,0.27220842645422605,False,False,-3.8632457060795917,-18.223586434183883,1.5375640716647005,False,21.73390564829345,0.791015625,2.418981750946309,50.888671875,86.1328125,0.39915468691977324,ok,True
-0.3663031906686528,-0.3526380692202268,0.010792702414659598,0.0,1.0,6.36,FL,0.28609731534311494,False,False,-3.6239242808906793,-29.167181983220033,-9.493064554368281,False,20.304838547255937,0.791015625,2.4061343245237232,51.416015625,87.71484375,0.3663031906686528,ok,True
-0.3663031906686528,-0.3526380692202268,0.3267216870732183,0.0,1.0,6.36,FR,0.786097315343115,True,True,14.530114732934463,-11.709354079141795,8.100412107895208,False,0.0,0.791015625,0.48014145655973667,50.009765625,100.37109375,0.3663031906686528,ok,True
-0.3663031906686528,-0.3526380692202268,0.2749575063764425,0.0,1.0,6.36,RL,0.786097315343115,True,True,13.494538757658152,-9.943882066836995,9.851416516186152,False,0.0,0.791015625,0.46922572317735006,50.2734375,100.01953125,0.3663031906686528,ok,True
-0.3663031906686528,-0.3526380692202268,0.00212481879632941,0.0,1.0,6.36,RR,0.28609731534311494,False,False,-3.797783525296736,-20.42885610492884,-0.6810755841359537,False,21.48303770478552,0.791015625,2.3422418346251304,51.50390625,86.30859375,0.3663031906686528,ok,True
-0.5584798513468892,-0.3152241859224895,0.011065505245561788,0.0,1.0,6.38,FL,0.29998620423200384,False,False,-3.5536901691701552,-30.99767211898655,-11.33913960072817,False,20.841295618503217,0.791015625,2.289544865835556,51.943359375,87.802734375,0.5584798513468892,ok,True
-0.5584798513468892,-0.3152241859224895,0.3036335303027094,0.0,1.0,6.38,FR,0.7999862042320038,True,True,14.315226988675573,-8.19935134654924,11.601600281341327,False,0.0,0.791015625,0.48298307675053825,48.69140625,99.66796875,0.5584798513468892,ok,True
-0.5584798513468892,-0.3152241859224895,0.252409283170901,0.0,1.0,6.38,RL,0.7999862042320038,True,True,12.383930016792434,-6.920920668390159,12.86508932616876,False,0.0,0.791015625,0.4855559600070157,49.21875,99.404296875,0.5584798513468892,ok,True
-0.5584798513468892,-0.3152241859224895,0.004811494783556589,0.0,1.0,6.38,RR,0.29998620423200384,False,False,-3.7264768382335096,-23.050273782975022,-3.3213759798833387,False,21.256528319467645,0.791015625,2.246943175930811,52.03125,86.484375,0.5584798513468892,ok,True
-0.737615815254011,-0.31130308403905416,0.013292421653356735,0.0,1.0,6.4,FL,0.31387509312089273,False,False,-3.540513614869928,-33.08853998766424,-13.449479467981266,False,21.662913674600432,0.791015625,2.160799713908575,52.3828125,87.978515625,0.737615815254011,ok,True
-0.737615815254011,-0.31130308403905416,0.309792014023429,0.0,1.0,6.4,FR,0.8138750931208927,True,True,13.583141654519338,-4.895092862131013,14.89629160248085,False,0.0,0.791015625,0.4763860385437367,47.4609375,98.876953125,0.737615815254011,ok,True
-0.737615815254011,-0.31130308403905416,0.21596469089708623,0.0,1.0,6.4,RL,0.8138750931208927,True,True,9.980663569384156,-4.917300150757883,14.869370122461572,False,0.0,0.791015625,0.4880493386388395,48.1640625,98.61328125,0.737615815254011,ok,True
-0.737615815254011,-0.31130308403905416,0.005584427860905031,0.0,1.0,6.4,RR,0.31387509312089273,False,False,-3.6404810314077003,-25.998500649554693,-6.293201635637601,False,21.09223052108066,0.791015625,2.1688914164601405,52.55859375,86.66015625,0.737615815254011,ok,True
-0.9149402113938365,-0.3268818907838796,0.015725820110876823,0.0,1.0,6.42,FL,0.32776398200978163,False,False,-3.5995067524392486,-35.36583630132358,-15.750011248955495,False,22.553445106221318,0.791015625,2.0552535206424407,52.91015625,88.2421875,0.9149402113938365,ok,True
-0.9149402113938365,-0.3268818907838796,0.3224176949878236,0.0,1.0,6.42,FR,0.8277639820097816,True,True,12.66118265243299,-1.503611675482552,18.276141906788204,False,0.0,0.791015625,0.46131943106728646,46.40625,97.998046875,0.9149402113938365,ok,True
-0.9149402113938365,-0.3268818907838796,0.2126499809593787,0.0,1.0,6.42,RL,0.8277639820097816,True,True,7.339319217983479,-3.208309751168656,16.580681687084752,False,0.0,0.791015625,0.4721400030151891,47.197265625,97.734375,0.9149402113938365,ok,True
-0.9149402113938365,-0.3268818907838796,0.004496664972754749,0.0,1.0,6.42,RR,0.32776398200978163,False,False,-3.5694318039233806,-29.076346288562995,-9.398761041594053,False,20.779212407065582,0.791015625,2.1089890772888973,53.173828125,86.923828125,0.9149402113938365,ok,True
-1.075638592297095,-0.33438000573426857,0.017908862111159028,0.0,1.0,6.44,FL,0.3416528708986705,False,False,-3.6902224648533397,-37.73968524463605,-18.14924734296926,False,23.29565370974796,0.791015625,1.9665296866690856,53.4375,88.330078125,1.075638592297095,ok,True
-1.075638592297095,-0.33438000573426857,0.30647679038772524,0.0,1.0,6.44,FR,0.8416528708986706,True,True,11.427332827783344,1.5073528902202298,21.276981905166686,False,0.0,0.791015625,0.45316754601901155,45.439453125,97.03125,1.075638592297095,ok,True
-1.075638592297095,-0.33438000573426857,0.23396792848538261,0.0,1.0,6.44,RL,0.8416528708986706,True,True,5.042960911548055,-1.2049838914652518,18.582887463951565,False,0.0,0.791015625,0.45794244947408286,46.40625,96.767578125,1.075638592297095,ok,True
-1.075638592297095,-0.33438000573426857,0.003817290430353862,0.0,1.0,6.44,RR,0.3416528708986705,False,False,-3.5010593109626593,-32.18253614838953,-12.536521687315247,False,20.047099702776507,0.791015625,2.0739586993903023,53.701171875,87.099609375,1.075638592297095,ok,True
-1.2052872390157205,-0.3368612770252213,0.019595577001600754,0.0,1.0,6.46,FL,0.3555417597875594,False,False,-3.809638616973327,-40.1753456308885,-20.612736084230498,False,24.443467894482886,0.791015625,1.8960590926294743,53.7890625,88.41796875,1.2052872390157205,ok,True
-1.2052872390157205,-0.3368612770252213,0.2760276141846689,0.0,1.0,6.46,FR,0.8555417597875594,True,True,9.805144334315518,3.90198552201908,23.66619483258046,False,0.0,0.791015625,0.44034835664644,44.47265625,96.064453125,1.2052872390157205,ok,True
-1.2052872390157205,-0.3368612770252213,0.2264386664122141,0.0,1.0,6.46,RL,0.8555417597875594,True,True,2.7743167750103535,0.5593444945514425,20.34703211650467,False,0.0,0.791015625,0.450367511828672,45.615234375,95.9765625,1.2052872390157205,ok,True
-1.2052872390157205,-0.3368612770252213,0.0033836589858997,0.0,1.0,6.46,RR,0.3555417597875594,False,False,-3.429105426472602,-35.26753898942371,-15.65573434728406,False,19.90493147379466,0.791015625,2.0669267079932907,54.228515625,87.36328125,1.2052872390157205,ok,True
-1.2986953686715763,-0.33104116052559746,0.02084448898490402,0.0,1.0,6.48,FL,0.3694306486764483,False,False,-3.9671388470074245,-42.61453167838481,-23.073779238032362,False,25.318757135261585,0.791015625,1.8544563259108926,54.140625,88.59375,1.2986953686715763,ok,True
-1.2986953686715763,-0.33104116052559746,0.249206546111183,0.0,1.0,6.48,FR,0.8694306486764483,True,True,7.923079303672149,5.859787860438932,25.6226338841668,False,0.0,0.791015625,0.4289075674119973,43.681640625,95.27343750000001,1.2986953686715763,ok,True
-1.2986953686715763,-0.33104116052559746,0.21130637917130832,0.0,1.0,6.48,RL,0.8694306486764483,True,True,0.633583867089553,1.9949715187624586,21.783854408519375,False,0.0,0.791015625,0.44316475336854383,44.912109375,95.185546875,1.2986953686715763,ok,True
-1.2986953686715763,-0.33104116052559746,0.003661647541378633,0.0,1.0,6.48,RR,0.3694306486764483,False,False,-3.3658110492561963,-38.228392641897145,-18.653045083864296,False,19.253022250957045,0.791015625,2.089042842709803,54.66796875,87.626953125,1.2986953686715763,ok,True
-1.2891622481704725,-0.2766728112172906,0.02185239990636268,0.0,1.0,6.5,FL,0.3833195375653372,False,False,-4.124236487765842,-44.906487277189406,-25.386179149149328,False,25.72730596217622,0.791015625,1.780318578600716,54.140625,88.681640625,1.2891622481704725,ok,True
-1.2891622481704725,-0.2766728112172906,0.22563523152597584,0.0,1.0,6.5,FR,0.8833195375653372,True,True,5.870719819143846,7.497248914175857,27.26042713253046,False,0.0,0.791015625,0.44317168267798335,43.06640625,94.5703125,1.2891622481704725,ok,True
-1.2891622481704725,-0.2766728112172906,0.15139729625459533,0.0,1.0,6.5,RL,0.8833195375653372,True,True,-0.8752164949506619,2.360173729724243,22.15374434649846,True,4.963800528742546,0.791015625,0.42473589639643594,44.208984375,94.482421875,1.2891622481704725,ok,True
-1.2891622481704725,-0.2766728112172906,0.004031438932349867,0.0,1.0,6.5,RR,0.3833195375653372,False,False,-3.253334453914965,-41.00505104903079,-21.460594176512352,False,15.91094294913396,0.791015625,2.1441573992647553,55.283203125,87.71484375,1.2891622481704725,ok,True
-1.0213407689696963,-0.05491317755035098,0.02235911139845023,0.0,1.0,6.5200000000000005,FL,0.3972084264542261,False,False,-4.273120284931679,-46.706102136306555,-27.201431592665163,False,26.213257475340576,0.791015625,1.5363143918003246,54.228515625,88.681640625,1.0213407689696963,ok,True
-1.0213407689696963,-0.05491317755035098,0.17787241080583616,0.0,1.0,6.5200000000000005,FR,0.8972084264542262,True,True,3.199247706814217,8.183940135925932,27.95260670772612,False,0.0,0.791015625,0.48744480353521713,42.626953125,94.130859375,1.0213407689696963,ok,True
-1.0213407689696963,-0.05491317755035098,0.04671290033166263,0.0,1.0,6.5200000000000005,RL,0.8972084264542262,True,True,-1.1740157679323329,1.153627318529941,20.956926510376825,False,3.5022119579158186,0.791015625,0.3950392001881665,43.681640625,93.8671875,1.0213407689696963,ok,True
-1.0213407689696963,-0.05491317755035098,0.0038325526904170477,0.0,1.0,6.5200000000000005,RR,0.3972084264542261,False,False,-2.9473341147950824,-43.632354439866226,-24.114786399665316,False,13.584989931645149,0.791015625,2.1691098275280356,55.634765625,87.890625,1.0213407689696963,ok,True
-0.5477879416763084,0.212504779436584,0.02374652025850581,0.0,1.0,6.54,FL,0.411097315343115,False,False,-4.397334971199582,-48.00043065970375,-28.507568967243802,False,26.028615996480898,0.791015625,1.2262015493338838,54.228515625,88.41796875,0.5477879416763084,ok,True
-0.5477879416763084,0.212504779436584,0.15466803561353912,0.0,1.0,6.54,FR,0.911097315343115,True,False,0.23367290703975654,8.197076650482906,27.973305570748636,False,0.0,0.791015625,0.4713731903984997,42.275390625,93.69140625,0.5477879416763084,ok,True
-0.5477879416763084,0.212504779436584,0.030946707504153927,0.0,1.0,6.54,RL,0.911097315343115,True,False,-0.9805225609911192,0.1803978097815154,19.99044486808225,False,2.8138590608462395,0.791015625,0.4332528011843936,43.41796875,93.076171875,0.5477879416763084,ok,True
-0.5477879416763084,0.212504779436584,0.001095210479615524,0.0,1.0,6.54,RR,0.411097315343115,False,False,-2.638804111916233,-46.15557937506821,-26.664638284469948,False,13.894603928892456,0.791015625,2.098271886622654,55.8984375,88.06640625,0.5477879416763084,ok,True
-0.08978547077808346,0.4133898171428335,0.022993928964540403,0.0,1.0,6.5600000000000005,FL,0.4249862042320039,False,False,-4.413778424213815,-48.87333283514068,-29.391356510815022,False,22.63736048371295,0.791015625,1.0756884420856503,54.228515625,87.978515625,0.4133898171428335,ok,True
-0.08978547077808346,0.4133898171428335,0.0794289422223782,0.0,1.0,6.5600000000000005,FR,0.9249862042320038,True,False,-1.4221961549974182,7.400501690722323,27.182686143341733,True,9.417001597338176,0.791015625,0.5606975338009789,42.099609375,92.98828125,0.4133898171428335,ok,True
-0.08978547077808346,0.4133898171428335,0.033292928708379216,0.0,1.0,6.5600000000000005,RL,0.9249862042320038,True,False,-0.617188072835017,-0.28927234790097317,19.524109580175676,False,2.4939179039265724,0.791015625,0.6311346830723908,43.41796875,92.4609375,0.4133898171428335,ok,True
-0.08978547077808346,0.4133898171428335,0.005738288972824025,0.0,1.0,6.5600000000000005,RR,0.4249862042320039,False,False,-2.46275625818905,-48.31484743548805,-28.84735859936546,False,13.697711887373337,0.791015625,1.8606695515566394,55.98632812500001,88.2421875,0.4133898171428335,ok,True
0.25254791719479686,0.4265985434228899,0.017563739810595218,0.0,1.0,6.58,FL,0.4388750931208928,False,False,-4.162337411139825,-49.21008678243576,-29.741673294245143,False,17.758760653364654,0.791015625,1.0966678126341998,54.31640625,87.626953125,0.4265985434228899,ok,True
0.25254791719479686,0.4265985434228899,0.027334753978774082,0.0,1.0,6.58,FR,0.9388750931208928,True,False,-1.7651614432684335,6.6884999052161005,26.47611240596995,False,9.814544627737252,0.791015625,0.6604559080932403,42.01171875000001,92.63671875,0.4265985434228899,ok,True
0.25254791719479686,0.4265985434228899,0.03092120570211969,0.0,1.0,6.58,RL,0.9388750931208928,True,False,-0.43919776843192454,-0.2858612541884139,19.528938088377366,False,2.1432432180096015,0.791015625,0.8495053351053343,43.681640625,92.28515625,0.4265985434228899,ok,True
0.25254791719479686,0.4265985434228899,0.009875645419105693,0.0,1.0,6.58,RR,0.4388750931208928,False,False,-2.386790687128687,-49.641257649969646,-30.18860960385654,False,14.06908077274683,0.791015625,1.5893443801144298,56.337890625,88.41796875,0.4265985434228899,ok,True
0.5396987723835447,0.32895021328200824,0.011059651192264765,0.0,1.0,6.6000000000000005,FL,0.4527639820097817,False,False,-3.6824090220550656,-49.15870213497802,-29.702204665289614,False,14.759693871433289,0.791015625,1.1709137896883233,54.4921875,87.1875,0.5396987723835447,ok,True
0.5396987723835447,0.32895021328200824,0.02227587862864806,0.0,1.0,6.6000000000000005,FR,0.9527639820097817,True,False,-1.815546437384425,6.634848735288317,26.426120007742178,False,9.265594835007448,0.791015625,0.6847195129797521,42.099609375,92.197265625,0.5396987723835447,ok,True
0.5396987723835447,0.32895021328200824,0.03456405804018803,0.0,1.0,6.6000000000000005,RL,0.9527639820097817,True,False,-0.2575063561228407,0.16677740693520873,19.981872759151663,False,1.8606091064304588,0.791015625,0.9476236799408589,44.208984375,92.4609375,0.5396987723835447,ok,True
0.5396987723835447,0.32895021328200824,0.01118687830519978,0.0,1.0,6.6000000000000005,RR,0.4527639820097817,False,False,-2.387896703273117,-50.17759997819991,-30.72949130849887,False,14.2233449720087,0.791015625,1.4246117798387115,56.6015625,87.978515625,0.5396987723835447,ok,True
0.7672375913458352,0.18381347078789703,0.005859428840972562,0.0,1.0,6.62,FL,0.4666528708986706,False,False,-3.1797676632047898,-48.910923090460045,-29.462526226202456,False,13.227861864180772,0.791015625,1.2655256279206548,54.931640625,86.8359375,0.7672375913458352,ok,True
0.7672375913458352,0.18381347078789703,0.019467605232348393,0.0,1.0,6.62,FR,0.9666528708986706,True,False,-1.7807474311588196,7.023115698739955,26.815772661777512,False,8.998325674608534,0.791015625,0.6585201104678502,42.5390625,92.021484375,0.7672375913458352,ok,True
0.7672375913458352,0.18381347078789703,0.025047134841620668,0.0,1.0,6.62,RL,0.9666528708986706,True,False,-0.30237574037353043,0.6880548907309534,20.503166705082844,False,2.1893535093426015,0.791015625,0.9797825671576942,44.384765625,92.4609375,0.7672375913458352,ok,True
0.7672375913458352,0.18381347078789703,0.01241878612022285,0.0,1.0,6.62,RR,0.4666528708986706,False,False,-2.447499390692914,-50.250273266468376,-30.79881099952288,False,16.388073204026195,0.791015625,1.3561491263336336,56.6015625,87.626953125,0.7672375913458352,ok,True
0.8841532741461012,0.04327519208541936,0.0015782592107416976,0.0,1.0,6.640000000000001,FL,0.4805417597875595,False,False,-2.781082458607205,-48.805955603362065,-29.36516725769591,False,12.716874429422102,0.791015625,1.406101828203457,55.37109375,86.923828125,0.8841532741461012,ok,True
0.8841532741461012,0.04327519208541936,0.016050216325369966,0.0,1.0,6.640000000000001,FR,0.9805417597875594,True,False,-1.6932934826225585,7.486593875297782,27.27960325292794,False,8.131403817372926,0.791015625,0.5581485891988764,42.890625,91.93359375,0.8841532741461012,ok,True
0.8841532741461012,0.04327519208541936,0.011604570324052047,0.0,1.0,6.640000000000001,RL,0.9805417597875594,True,False,-0.4796972873327976,0.8344030849328828,20.649561863423642,False,2.2991633878359887,0.791015625,0.9841679227212107,44.912109375,92.8125,0.8841532741461012,ok,True
0.8841532741461012,0.04327519208541936,0.012999478503894948,0.0,1.0,6.640000000000001,RR,0.4805417597875595,False,False,-2.65628453497992,-50.175609340996246,-30.72133062026345,False,18.87894502779268,0.791015625,1.359016974353955,56.689453125,87.1875,0.8841532741461012,ok,True
0.8823760447129798,-0.04914494086958031,0.002104916904252439,0.0,1.0,6.66,FL,0.49443064867644837,False,False,-2.5124772899360326,-49.16333991718085,-29.732560656160945,False,13.146337987101658,0.791015625,1.5624606909117857,55.810546875,87.099609375,0.8823760447129798,ok,True
0.8823760447129798,-0.04914494086958031,0.013123129474264692,0.0,1.0,6.66,FR,0.9944306486764484,True,False,-1.5672285845749618,7.617424759223137,27.411066647280528,False,7.8306790726802475,0.791015625,0.4252283591592802,43.41796875,91.669921875,0.8823760447129798,ok,True
0.8823760447129798,-0.04914494086958031,0.007052447993343887,0.0,1.0,6.66,RL,0.9944306486764484,True,False,-0.5272333691098072,0.47697765837370687,20.292209024569402,False,1.440048781616623,0.791015625,0.9559229152671734,45.439453125,93.076171875,0.8823760447129798,ok,True
0.8823760447129798,-0.04914494086958031,0.012828502720211158,0.0,1.0,6.66,RR,0.49443064867644837,False,False,-2.969048568894475,-50.34379918143,-30.89441836830265,False,19.728531404665617,0.791015625,1.4229277747798303,57.12890625,87.099609375,0.8823760447129798,ok,True
0.7698244036813167,-0.12686228275906403,0.0030972503671712974,0.0,1.0,6.68,FL,0.5083195375653372,True,False,-2.370899119298317,-50.01886926425199,-30.60171976616714,False,12.908144921626691,0.791015625,1.6929856152197102,56.162109375,87.36328125,0.7698244036813167,ok,True
0.7698244036813167,-0.12686228275906403,0.011731081830168945,0.0,1.0,6.68,FR,0.00831953756533732,False,False,-1.464593915833312,7.28174486430026,27.077635861508355,False,8.240352733384555,0.791015625,0.31849169095388435,43.857421875,91.23046875,0.7698244036813167,ok,True
0.7698244036813167,-0.12686228275906403,0.005532963225981289,0.0,1.0,6.68,RL,0.00831953756533732,False,False,-0.4359805301205749,-0.36434974694284755,19.45089194403001,False,2.514649382055256,0.791015625,0.8961496857908624,45.791015625,92.63671875,0.7698244036813167,ok,True
0.7698244036813167,-0.12686228275906403,0.010963409320599297,0.0,1.0,6.68,RR,0.5083195375653372,True,False,-3.209372108032925,-50.94083320741421,-31.50282505915363,False,19.12964175880145,0.791015625,1.520440978342543,57.39257812500001,87.099609375,0.7698244036813167,ok,True
0.5512200566414321,-0.19278396826807087,0.001940969250280984,0.0,1.0,6.7,FL,0.522208426454226,True,False,-2.2763099122681107,-51.160781198064,-31.756574051515386,False,13.424948732363573,0.791015625,1.7505657834826949,56.689453125,87.802734375,0.5512200566414321,ok,True
0.5512200566414321,-0.19278396826807087,0.009090214943934872,0.0,1.0,6.7,FR,0.02220842645422616,False,False,-1.452640212667826,6.411604487596282,26.211965886132745,False,9.105198572036201,0.791015625,0.3056519989953566,44.384765625,90.791015625,0.5512200566414321,ok,True
0.5512200566414321,-0.19278396826807087,0.002380889925648323,0.0,1.0,6.7,RL,0.02220842645422616,False,False,-0.48660899132568075,-1.423487723534615,18.39179312344399,False,2.9351476320329577,0.791015625,0.8788302346452475,46.23046875,92.109375,0.5512200566414321,ok,True
0.5512200566414321,-0.19278396826807087,0.00883921124897316,0.0,1.0,6.7,RR,0.522208426454226,True,False,-3.2851987024582647,-52.05494457190784,-32.63469595622535,False,18.44548638220163,0.791015625,1.5681296681479968,57.83203125,87.275390625,0.5512200566414321,ok,True
0.24652284316472958,-0.24235112011827234,0.00383563963199197,0.0,1.0,6.72,FL,0.5360973153431149,True,False,-2.2369122156313015,-52.384958139973634,-32.99139145935207,False,13.853190417793979,0.791015625,1.7209115392167955,57.30468749999999,88.59375,0.24652284316472958,ok,True
0.24652284316472958,-0.24235112011827234,0.006301717218166389,0.0,1.0,6.72,FR,0.036097315343115,False,False,-1.5128776566945974,5.123405227932594,24.92947768079851,False,9.254420022782917,0.791015625,0.4074971783841111,45.0,90.615234375,0.24652284316472958,ok,True
0.24652284316472958,-0.24235112011827234,0.007254664615102817,0.0,1.0,6.72,RL,0.036097315343115,False,False,-0.6415437750026016,-2.5104233974505408,17.304908956157437,False,5.4002099577637885,0.791015625,0.9062580509974217,46.318359375,91.58203125,0.24652284316472958,ok,True
0.24652284316472958,-0.24235112011827234,0.0065406686277061764,0.0,1.0,6.72,RR,0.5360973153431149,True,False,-3.225221856368756,-53.56935483312682,-34.17344122405876,False,16.519825854633087,0.791015625,1.555224318891704,58.18359375,87.71484375,0.24652284316472958,ok,True
-0.06515371135602108,-0.2534062709236018,0.008046676170576396,0.0,1.0,6.74,FL,0.5499862042320037,True,False,-2.226945688502936,-53.639893359236034,-34.255029731178894,False,13.298630422601317,0.791015625,1.5757608318790286,57.83203125,89.208984375,0.2534062709236018,ok,True
-0.06515371135602108,-0.2534062709236018,0.004396445607175094,0.0,1.0,6.74,FR,0.04998620423200384,False,False,-1.5514519671371332,3.446019870300871,23.25718469158118,False,9.391547541795061,0.791015625,0.644812932832977,45.52734375,90.17578125,0.2534062709236018,ok,True
-0.06515371135602108,-0.2534062709236018,0.011268136391654207,0.0,1.0,6.74,RL,0.04998620423200384,False,False,-0.909051450998049,-3.5738912548922896,16.24155539762512,False,8.974635780854497,0.791015625,0.9646586406028208,46.40625,91.23046875,0.2534062709236018,ok,True
-0.06515371135602108,-0.2534062709236018,0.0032026243192260005,0.0,1.0,6.74,RR,0.5499862042320037,True,False,-2.995998657629749,-55.40026081183456,-36.03486265114365,False,12.838490211748217,0.791015625,1.494646872452321,58.71093750000001,88.330078125,0.2534062709236018,ok,True
-0.3334841003280762,-0.20233300865869705,0.011703961682219264,0.0,1.0,6.76,FL,0.5638750931208926,True,False,-2.1852891484081867,-54.86084262742089,-35.48089282061676,False,13.151375021975513,0.791015625,1.3356136922682842,58.18359375,90.087890625,0.3334841003280762,ok,True
-0.3334841003280762,-0.20233300865869705,0.007391772859447382,0.0,1.0,6.76,FR,0.06387509312089268,False,False,-1.6009074567136794,1.4455390322204689,21.25994528729913,False,10.848862168966074,0.791015625,0.9920604839859269,45.87890625,90.0,0.3334841003280762,ok,True
-0.3334841003280762,-0.20233300865869705,0.013847311249327938,0.0,1.0,6.76,RL,0.06387509312089268,False,False,-1.275697639605753,-4.559324012756299,15.256113990797179,False,13.34670022183169,0.791015625,1.0740596423965854,46.494140625,90.703125,0.3334841003280762,ok,True
-0.3334841003280762,-0.20233300865869705,0.0008416628023897376,0.0,1.0,6.76,RR,0.5638750931208926,True,False,-2.5660115697856942,-57.45421521198871,-38.12345923724287,False,8.973191144672926,0.791015625,1.361664248145453,59.32617187500001,89.208984375,0.3334841003280762,ok,True
-0.5016155640253491,-0.13387144312494353,0.01483523471046843,0.0,1.0,6.78,FL,0.5777639820097814,True,False,-2.1073458751490124,-55.974040790132364,-36.59901131444901,False,11.19181316809735,0.791015625,1.0276621674198414,58.798828125,91.142578125,0.5016155640253491,ok,True
-0.5016155640253491,-0.13387144312494353,0.011060369342176333,0.0,1.0,6.78,FR,0.07776398200978152,False,False,-1.7152830593018704,-0.7307087997642289,19.08475138613103,False,11.909956836855551,0.791015625,1.4159563260617396,46.318359375,89.82421875,0.5016155640253491,ok,True
-0.5016155640253491,-0.13387144312494353,0.014929495588888186,0.0,1.0,6.78,RL,0.07776398200978152,False,False,-1.8033860895481924,-5.438179831514762,14.37663257292525,False,18.187936223393354,0.791015625,1.230679737944447,46.58203125,90.17578125,0.5016155640253491,ok,True
-0.5016155640253491,-0.13387144312494353,0.0038482643628772756,0.0,1.0,6.78,RR,0.5777639820097814,True,False,-1.98952913529735,-59.620651974177825,-40.32591653893351,False,4.288846294540697,0.791015625,1.1654227599865046,59.501953125,90.17578125,0.5016155640253491,ok,True
-0.5626052269621282,-0.03829901431543161,0.015798124654473174,0.0,1.0,6.8,FL,0.5916528708986702,True,False,-1.8981796037328014,-56.95559349617093,-37.583076323175085,False,8.362732069665158,0.791015625,0.7276407075996515,58.97460937500001,92.28515625,0.5626052269621282,ok,True
-0.5626052269621282,-0.03829901431543161,0.01296322302351779,0.0,1.0,6.8,FR,0.09165287089867036,False,False,-1.8891332545183728,-2.933319232062515,16.880762869750495,False,14.205654416675763,0.791015625,1.8289341949946132,46.58203125,89.47265625000001,0.5626052269621282,ok,True
-0.5626052269621282,-0.03829901431543161,0.012738251907321295,0.0,1.0,6.8,RL,0.09165287089867036,False,False,-2.414639498210299,-6.257467172997026,13.555408916780848,False,18.261890025135,0.791015625,1.4470053323933147,46.66992187500001,89.736328125,0.5626052269621282,ok,True
-0.5626052269621282,-0.03829901431543161,0.008283740719273744,0.0,1.0,6.8,RR,0.5916528708986702,True,False,-1.3114811667283879,-61.711270046497766,-42.449382972214124,False,2.0915172474803128,0.791015625,0.8998070781448598,59.94140625000001,91.58203125,0.5626052269621282,ok,True
-0.6000419926815426,0.0704166117312292,0.014146017834502601,0.0,1.0,6.82,FL,0.6055417597875591,True,True,-1.5835338492446485,-57.80118290465619,-38.42729248545845,False,6.555441448545337,0.791015625,0.5355922348836947,59.0625,93.515625,0.6000419926815426,ok,True
-0.6000419926815426,0.0704166117312292,0.010771910625647552,0.0,1.0,6.82,FR,0.1055417597875592,False,False,-2.181552075211753,-4.901322832797349,14.910005511374603,False,17.24885850947459,0.791015625,2.119240997601596,46.93359375,89.033203125,0.6000419926815426,ok,True
-0.6000419926815426,0.0704166117312292,0.008014212864554459,0.0,1.0,6.82,RL,0.1055417597875592,False,False,-2.855406938708581,-7.039998813304157,12.770169525067422,False,18.728639402258615,0.791015625,1.698730283096114,47.109375,89.208984375,0.6000419926815426,ok,True
-0.6000419926815426,0.0704166117312292,0.04049632191343722,0.0,1.0,6.82,RR,0.6055417597875591,True,True,-0.2117743256264508,-62.91005623432,-43.65478941226069,False,1.8181470743004293,0.791015625,0.6392898783812296,60.46875,93.33984375000001,0.6000419926815426,ok,True
-0.6495358311533712,0.1700404115867879,0.015533900459641859,0.0,1.0,6.84,FL,0.6194306486764479,True,True,-1.1944373117698457,-58.311304044592575,-38.93078122711088,False,3.9721653161751713,0.791015625,0.4371266408200823,59.4140625,94.833984375,0.6495358311533712,ok,True
-0.6495358311533712,0.1700404115867879,0.00719411804223246,0.0,1.0,6.84,FR,0.11943064867644804,False,False,-2.5768289189731233,-6.507203797662074,13.300628833157907,False,18.945341049462627,0.791015625,2.3061838503328196,47.28515625,88.681640625,0.6495358311533712,ok,True
-0.6495358311533712,0.1700404115867879,0.0036697524586949927,0.0,1.0,6.84,RL,0.11943064867644804,False,False,-3.1517816563446517,-7.676438264403813,12.130947663264674,False,20.2720768982261,0.791015625,1.9707346096704341,47.373046875,88.59375,0.6495358311533712,ok,True
-0.6495358311533712,0.1700404115867879,0.1642287476586174,0.0,1.0,6.84,RR,0.6194306486764479,True,True,1.517494147665924,-61.33289280467242,-42.0188358342157,False,0.0,0.791015625,0.5227930377132173,60.732421875,95.009765625,0.6495358311533712,ok,True
-0.6521275675303615,0.1964405653645423,0.052348831165674424,0.0,1.0,6.86,FL,0.6333195375653368,True,True,-0.18262837949218833,-57.863899507265444,-38.457987353702165,False,3.205736150389557,0.791015625,0.3785402915284809,59.501953125,96.064453125,0.6521275675303615,ok,True
-0.6521275675303615,0.1964405653645423,0.006354512784166325,0.0,1.0,6.86,FR,0.13331953756533688,False,False,-2.937469005912848,-7.964514964519682,11.838504997781943,False,19.397916908360845,0.791015625,2.5016273690298334,47.724609375,88.41796875,0.6521275675303615,ok,True
-0.6521275675303615,0.1964405653645423,0.0014853441000601609,0.0,1.0,6.86,RL,0.13331953756533688,False,False,-3.415584145300632,-8.19173929789877,11.613139850522671,False,21.82151668060317,0.791015625,2.2488366046928774,47.900390625,88.06640625,0.6521275675303615,ok,True
-0.6521275675303615,0.1964405653645423,0.23016635965209617,0.0,1.0,6.86,RR,0.6333195375653368,True,True,3.410027072147565,-58.32616821547386,-38.928371069266845,False,0.0,0.791015625,0.48881286816874875,60.90820312500001,96.591796875,0.6521275675303615,ok,True
-0.5617031720217139,0.1400240190881499,0.23367637069600897,0.0,1.0,6.88,FL,0.6472084264542256,True,True,1.385943690255364,-53.79940023693689,-34.315907070855204,False,0.0,0.791015625,0.42361497924711655,59.501953125,97.294921875,0.5617031720217139,ok,True
-0.5617031720217139,0.1400240190881499,0.00700787749816767,0.0,1.0,6.88,FR,0.14720842645422572,False,False,-3.17020153066817,-9.40695733296498,10.389404109049382,False,19.49621307472681,0.791015625,2.7198945545609963,48.076171875,87.978515625,0.5617031720217139,ok,True
-0.5617031720217139,0.1400240190881499,0.005544574998867291,0.0,1.0,6.88,RL,0.14720842645422572,False,False,-3.6585614328884244,-8.767226643167822,11.034809446801892,False,23.82274202322251,0.791015625,2.477693395512968,48.33984375,87.802734375,0.5617031720217139,ok,True
-0.5617031720217139,0.1400240190881499,0.237026430253154,0.0,1.0,6.88,RR,0.6472084264542256,True,True,5.062333872712108,-55.13742714375488,-35.66525332872791,False,0.0,0.791015625,0.490520738723942,60.8203125,97.91015625,0.5617031720217139,ok,True
-0.4404254892914741,0.008244471656978565,0.29811470717081423,0.0,1.0,6.9,FL,0.6610973153431144,True,True,3.2880016273383363,-48.79222124658149,-29.236915278612244,False,0.0,0.791015625,0.4463679679406896,59.32617187500001,98.525390625,0.4404254892914741,ok,True
-0.4404254892914741,0.008244471656978565,0.006757325255018806,0.0,1.0,6.9,FR,0.16109731534311456,False,False,-3.31231828817774,-11.058178441539873,8.728585205829205,False,20.45470675811811,0.791015625,2.8754380910725166,48.603515625,87.890625,0.4404254892914741,ok,True
-0.4404254892914741,0.008244471656978565,0.006451210702197819,0.0,1.0,6.9,RL,0.16109731534311456,False,False,-3.89911022019538,-9.765359610450568,10.032728265547787,False,24.860428602111377,0.791015625,2.671443421148618,48.515625,87.275390625,0.4404254892914741,ok,True
-0.4404254892914741,0.008244471656978565,0.2545001470188973,0.0,1.0,6.9,RR,0.6610973153431144,True,True,6.272791207939807,-51.78222984817354,-32.24876214676392,False,0.0,0.791015625,0.49988494228951996,60.46875,99.31640625,0.4404254892914741,ok,True
-0.2647456728572773,-0.1372005654080621,0.27029976577137044,0.0,1.0,6.92,FL,0.6749862042320033,True,True,5.655446805551405,-44.727962786928046,-25.09683266084585,False,0.0,0.791015625,0.44877654261602273,58.97460937500001,99.66796875,0.2647456728572773,ok,True
-0.2647456728572773,-0.1372005654080621,0.005886392691556367,0.0,1.0,6.92,FR,0.1749862042320034,False,False,-3.4184367623017744,-12.877985920085436,6.8960031431191915,False,20.162375695514243,0.791015625,2.9916739044676515,48.779296875,87.626953125,0.2647456728572773,ok,True
-0.2647456728572773,-0.1372005654080621,0.0037840215866153408,0.0,1.0,6.92,RL,0.1749862042320034,False,False,-4.092624461686619,-11.112557993018996,8.679016927883005,False,24.72410043110825,0.791015625,2.795937564872743,48.779296875,87.099609375,0.2647456728572773,ok,True
-0.2647456728572773,-0.1372005654080621,0.2885226873699436,0.0,1.0,6.92,RR,0.6749862042320033,True,True,7.286035066809835,-47.89518651337693,-28.292160253929307,False,0.0,0.791015625,0.5026521684953807,59.67773437500001,100.107421875,0.2647456728572773,ok,True
-0.035440336783919474,-0.24697907423040855,0.2711258874589478,0.0,1.0,6.94,FL,0.6888750931208921,True,True,8.203615816701305,-40.954919858868955,-21.26622411171814,False,0.0,0.791015625,0.45924761182496493,58.53515625,100.72265625000001,0.24697907423040855,ok,True
-0.035440336783919474,-0.24697907423040855,0.005395878276597011,0.0,1.0,6.94,FR,0.18887509312089223,False,False,-3.4864928414268492,-14.79826330291406,4.971440252923953,False,21.008366413534297,0.791015625,3.062823587277933,49.21875,87.626953125,0.24697907423040855,ok,True
-0.035440336783919474,-0.24697907423040855,0.00318698271986728,0.0,1.0,6.94,RL,0.18887509312089223,False,False,-4.191607655409838,-12.71587262161316,7.065287380136519,False,24.252386642284737,0.791015625,2.8602087239592477,49.21875,86.923828125,0.24697907423040855,ok,True
-0.035440336783919474,-0.24697907423040855,0.3180146346954021,0.0,1.0,6.94,RR,0.6888750931208921,True,True,8.118807497919423,-43.51591495677324,-23.84364011546548,False,0.0,0.791015625,0.4962145343163821,58.97460937500001,100.8984375,0.24697907423040855,ok,True
0.21908045227499007,-0.3312108411928709,0.2873168514330497,0.0,1.0,6.96,FL,0.702763982009781,True,True,10.8489481815571,-37.102738870393665,-17.37072792277976,False,0.0,0.791015625,0.4680063527183785,57.83203125,101.513671875,0.3312108411928709,ok,True
0.21908045227499007,-0.3312108411928709,0.005393858278606855,0.0,1.0,6.96,FR,0.20276398200978107,False,False,-3.5391634953622977,-16.72666252377737,3.0365677343810518,False,20.420787020781678,0.791015625,3.0755735881926567,49.482421875,87.626953125,0.3312108411928709,ok,True
0.21908045227499007,-0.3312108411928709,0.0045307788043093605,0.0,1.0,6.96,RL,0.20276398200978107,False,False,-4.198448942442378,-14.544642181063198,5.227217335165795,False,23.73857028761075,0.791015625,2.8764185131457625,49.39453125000001,86.66015625,0.3312108411928709,ok,True
0.21908045227499007,-0.3312108411928709,0.3378464879603464,0.0,1.0,6.96,RR,0.702763982009781,True,True,8.840506978432677,-38.781969545266655,-19.05730821886293,False,0.0,0.791015625,0.49178311745060443,58.00781250000001,101.42578125,0.3312108411928709,ok,True
0.5166998903851397,-0.39668795479427377,0.2986921891353602,0.0,1.0,6.98,FL,0.7166528708986698,True,True,13.41302737573346,-33.304001695021284,-13.544246201150585,False,0.0,0.791015625,0.4766495266480372,56.865234375,102.12890625,0.5166998903851397,ok,True
0.5166998903851397,-0.39668795479427377,0.005291149299816207,0.0,1.0,6.98,FR,0.2166528708986699,False,False,-3.544295248977272,-18.741776099670613,1.0128757666319643,False,20.858403334669966,0.791015625,3.0510762857250553,49.921875,87.5390625,0.5166998903851397,ok,True
0.5166998903851397,-0.39668795479427377,0.004603757249188289,0.0,1.0,6.98,RL,0.2166528708986699,False,False,-4.152852961185117,-16.647599144745723,3.117010935406796,False,23.326596394369176,0.791015625,2.846876552485775,49.921875,87.01171875,0.5166998903851397,ok,True
0.5166998903851397,-0.39668795479427377,0.3257356508302581,0.0,1.0,6.98,RR,0.7166528708986698,True,True,9.405249822717149,-34.39153596725297,-14.635328727614894,False,0.0,0.791015625,0.48627390314423025,56.865234375,101.77734375,0.5166998903851397,ok,True
0.8244141234727872,-0.4343034102927921,0.31949522326469204,0.0,1.0,7.0,FL,0.7305417597875586,True,True,15.71141671437523,-29.30728026141425,-9.533478033263634,False,0.0,0.791015625,0.4887102957096635,55.98632812500001,102.48046875,0.8244141234727872,ok,True
0.8244141234727872,-0.4343034102927921,0.006552110039582245,0.0,1.0,7.0,FR,0.23054175978755875,False,False,-3.5681469479380867,-20.77270512565519,-1.0286792993488838,False,20.812122457971977,0.791015625,2.968380609876635,50.2734375,87.71484375,0.8244141234727872,ok,True
0.8244141234727872,-0.4343034102927921,0.005300963387417145,0.0,1.0,7.0,RL,0.23054175978755875,False,False,-4.067701365958472,-18.94469493018883,0.8072945704885939,False,21.22925960239779,0.791015625,2.801314904445815,50.185546875,87.099609375,0.8244141234727872,ok,True
0.8244141234727872,-0.4343034102927921,0.3285728341185149,0.0,1.0,7.0,RR,0.7305417597875586,True,True,9.869987501140768,-29.994237958028055,-10.22177758543047,False,0.0,0.791015625,0.4795911506012073,55.634765625,102.041015625,0.8244141234727872,ok,True
1.1029858756537405,-0.5037270884853864,0.3499946845430375,0.0,1.0,7.0200000000000005,FL,0.7444306486764475,True,True,17.60961972774968,-24.94072902147388,-5.139839802995166,False,0.0,0.791015625,0.4957059943364844,54.931640625,102.568359375,1.1029858756537405,ok,True
1.1029858756537405,-0.5037270884853864,0.0077949975919401815,0.0,1.0,7.0200000000000005,FR,0.2444306486764476,False,False,-3.567529178451073,-22.8190123651926,-3.0876712508351787,False,20.78356150119218,0.791015625,2.8106995448781538,50.712890625,87.5390625,1.1029858756537405,ok,True
1.1029858756537405,-0.5037270884853864,0.005042485169931293,0.0,1.0,7.0200000000000005,RL,0.2444306486764476,False,False,-3.874862843514574,-21.480026656475943,-1.744490023346163,False,19.606888880266123,0.791015625,2.7516401536696473,50.712890625,87.36328125,1.1029858756537405,ok,True
1.1029858756537405,-0.5037270884853864,0.34456205336557827,0.0,1.0,7.0200000000000005,RR,0.7444306486764475,True,True,9.985348783569957,-25.313975666530677,-5.516422901294728,False,0.0,0.791015625,0.49387064867388875,54.404296875,102.12890625,1.1029858756537405,ok,True
1.3606902542194088,-0.5949318617901164,0.3433061048198251,0.0,1.0,7.04,FL,0.7583195375653363,True,True,18.891724789200573,-20.813730016443028,-1.0004722014586527,False,0.0,0.791015625,0.49273672172434846,53.7890625,102.48046875,1.3606902542194088,ok,True
1.3606902542194088,-0.5949318617901164,0.010074347875484124,0.0,1.0,7.04,FR,0.25831953756533643,False,False,-3.5790067787753697,-24.798658977280272,-5.080448772951719,False,22.018648729007293,0.791015625,2.622339789100777,51.240234375,87.71484375,1.3606902542194088,ok,True
1.3606902542194088,-0.5949318617901164,0.007642522630831704,0.0,1.0,7.04,RL,0.25831953756533643,False,False,-3.6379193989769067,-24.046063296936637,-4.328255750797712,False,19.70524591571045,0.791015625,2.691549071354336,51.240234375,87.626953125,1.3606902542194088,ok,True
1.3606902542194088,-0.5949318617901164,0.3537018005730576,0.0,1.0,7.04,RR,0.7583195375653363,True,True,9.585247355474138,-20.413111584791064,-0.6001287788464076,False,0.0,0.791015625,0.5027117626515848,52.91015625,102.041015625,1.3606902542194088,ok,True
1.6132061514242901,-0.7011981443091336,0.3567329533547217,0.0,1.0,7.0600000000000005,FL,0.7722084264542252,True,True,20.050426643710907,-16.32616126153488,3.4881895280561785,False,0.0,0.791015625,0.4758678393110762,52.55859375,102.216796875,1.6132061514242901,ok,True
1.6132061514242901,-0.7011981443091336,0.01185098323866096,0.0,1.0,7.0600000000000005,FR,0.27220842645422527,False,False,-3.666971476505049,-26.682147357933633,-6.977665482389305,False,22.836625247245088,0.791015625,2.457272186114589,51.6796875,87.890625,1.6132061514242901,ok,True
1.6132061514242901,-0.7011981443091336,0.008887429371034341,0.0,1.0,7.0600000000000005,RL,0.27220842645422527,False,False,-3.477019222987179,-26.488754711832907,-6.789182063802851,False,19.6290955585854,0.791015625,2.630904764990932,51.6796875,87.890625,1.6132061514242901,ok,True
1.6132061514242901,-0.7011981443091336,0.3595415511595315,0.0,1.0,7.0600000000000005,RR,0.7722084264542252,True,True,8.960434782198746,-15.312367234926494,4.501849500050199,False,0.0,0.791015625,0.500444376014099,51.591796875,101.6015625,1.6132061514242901,ok,True
1.8647141572730916,-0.8107274827123025,0.3613512856860035,0.0,1.0,7.08,FL,0.786097315343114,True,True,21.077433224784546,-11.547016231744815,8.254811573229583,False,0.0,0.791015625,0.45782538367434444,51.416015625,101.6015625,1.8647141572730916,ok,True
1.8647141572730916,-0.8107274827123025,0.012130946119240317,0.0,1.0,7.08,FR,0.2860973153431141,False,False,-3.776417224390056,-28.473260316843927,-8.782716648944444,False,23.306976851541375,0.791015625,2.336769762606535,52.20703125,87.978515625,1.8647141572730916,ok,True
1.8647141572730916,-0.8107274827123025,0.009732898030074,0.0,1.0,7.08,RL,0.2860973153431141,False,False,-3.382619793930071,-28.727815177502602,-9.046372041287466,False,19.58061305151031,0.791015625,2.5761220775829843,52.29492187500001,88.2421875,1.8647141572730916,ok,True
1.8647141572730916,-0.8107274827123025,0.37054503036908193,0.0,1.0,7.08,RR,0.786097315343114,True,True,8.127007578458509,-9.889838473108254,9.910084315120114,False,0.0,0.791015625,0.4954372167310721,50.009765625,101.07421875,1.8647141572730916,ok,True
2.1087055942345536,-0.9173227453552217,0.33084642156769273,0.0,1.0,7.1000000000000005,FL,0.7999862042320028,True,True,21.492601683694414,-7.141674247549653,12.639133821748072,False,0.0,0.791015625,0.44741772307512956,50.185546875,100.986328125,2.1087055942345536,ok,True
2.1087055942345536,-0.9173227453552217,0.012095796593668195,0.0,1.0,7.1000000000000005,FR,0.29998620423200295,False,False,-3.873898963297505,-30.16846447884754,-10.491388064057098,False,23.903330559686072,0.791015625,2.2574671834407214,52.734375,88.2421875,2.1087055942345536,ok,True
2.1087055942345536,-0.9173227453552217,0.010280470338689245,0.0,1.0,7.1000000000000005,RL,0.29998620423200295,False,False,-3.316025766025511,-30.733418277041224,-11.068979132681708,False,19.173566857258344,0.791015625,2.5457441501098472,52.734375,88.41796875,2.1087055942345536,ok,True
2.1087055942345536,-0.9173227453552217,0.33083461579134543,0.0,1.0,7.1000000000000005,RR,0.7999862042320028,True,True,6.578957613847226,-5.16607710762677,14.612684543804129,False,0.0,0.791015625,0.4867364492087807,48.427734375,100.1953125,2.1087055942345536,ok,True
2.3322909939379564,-1.027540877101593,0.27438816041516895,0.0,1.0,7.12,FL,0.8138750931208917,True,True,20.912035334292714,-3.6225491631131383,16.141278546937578,False,0.0,0.791015625,0.4365774749665074,49.04296875,100.1953125,2.3322909939379564,ok,True
2.3322909939379564,-1.027540877101593,0.011620047568343781,0.0,1.0,7.12,FR,0.3138750931208918,False,False,-3.9680459480694945,-31.756418637955313,-12.09253494412011,False,23.800021193807215,0.791015625,2.2130248056694226,52.998046875,88.330078125,2.3322909939379564,ok,True
2.3322909939379564,-1.027540877101593,0.009949452056888438,0.0,1.0,7.12,RL,0.3138750931208918,False,False,-3.268305180660305,-32.51324003130888,-12.86377795171802,False,19.463607586418433,0.791015625,2.5402768003802834,53.0859375,88.681640625,2.3322909939379564,ok,True
2.3322909939379564,-1.027540877101593,0.30537695916019675,0.0,1.0,7.12,RR,0.8138750931208917,True,True,4.185948983476948,-0.8336653580747565,18.92487271589889,False,0.0,0.791015625,0.48315860082378786,47.021484375,99.140625,2.3322909939379564,ok,True
2.5515707156203353,-1.1172554820277056,0.22089944632752181,0.0,1.0,7.140000000000001,FL,0.8277639820097805,True,True,19.387050667078597,-0.8999507908193773,18.856695540993403,False,0.0,0.791015625,0.4261164700358072,47.724609375,99.31640625,2.5515707156203353,ok,True
2.5515707156203353,-1.1172554820277056,0.010817303201886331,0.0,1.0,7.140000000000001,FR,0.32776398200978063,False,False,-4.048836140334976,-33.21756588591966,-13.56529254152332,False,25.24646864843926,0.791015625,2.2103514031026505,53.173828125,88.50585937500001,2.5515707156203353,ok,True
2.5515707156203353,-1.1172554820277056,0.009919247197893218,0.0,1.0,7.140000000000001,RL,0.32776398200978063,False,False,-3.2548123351802682,-34.02785766386491,-14.391868079286201,False,19.358982101648547,0.791015625,2.553672716512122,53.525390625,88.857421875,2.5515707156203353,ok,True
2.5515707156203353,-1.1172554820277056,0.28851080160548237,0.0,1.0,7.140000000000001,RR,0.8277639820097805,True,True,1.6000119807145983,3.2958955090112054,23.03931771540048,False,0.0,0.791015625,0.46842724012099124,45.615234375,97.91015625,2.5515707156203353,ok,True
2.7089577493428894,-1.180970339371854,0.20363784386923997,0.0,1.0,7.16,FL,0.8416528708986694,True,True,17.806910737830343,1.7926241890966894,21.541692929054744,False,0.0,0.791015625,0.4229268788418761,46.494140625,98.4375,2.7089577493428894,ok,True
2.7089577493428894,-1.180970339371854,0.011551336387538923,0.0,1.0,7.16,FR,0.34165287089866947,False,False,-4.171441789842262,-34.43127421170999,-14.78904979170185,False,25.663850835829248,0.791015625,2.2002070724615694,53.525390625,88.59375,2.7089577493428894,ok,True
2.7089577493428894,-1.180970339371854,0.00985622732716684,0.0,1.0,7.16,RL,0.34165287089866947,False,False,-3.231975572756202,-35.22895127447378,-15.6037803320133,False,16.86529635144201,0.791015625,2.611077907048724,53.61328125,89.12109375,2.7089577493428894,ok,True
2.7089577493428894,-1.180970339371854,0.23158584122389556,0.0,1.0,7.16,RR,0.8416528708986694,True,True,-0.8285064440325951,6.513151279230412,26.25033176867572,True,7.1114459282889255,0.791015625,0.4480790078529133,44.208984375,96.50390625,2.7089577493428894,ok,True
2.5841405556102464,-1.0232137872494842,0.17983035246146364,0.0,1.0,7.18,FL,0.8555417597875582,True,True,15.648274223087608,4.1814762590922525,23.926602551182963,False,0.0,0.791015625,0.5016322074468372,45.52734375,97.470703125,2.5841405556102464,ok,True
2.5841405556102464,-1.0232137872494842,0.01126166962258372,0.0,1.0,7.18,FR,0.3555417597875583,False,False,-4.268905160808946,-35.06739909982339,-15.427102897644126,False,24.971185943044027,0.791015625,1.954851461011612,53.61328125,88.330078125,2.5841405556102464,ok,True
2.5841405556102464,-1.0232137872494842,0.01069925987578504,0.0,1.0,7.18,RL,0.3555417597875583,False,False,-2.967838567841101,-36.19379243044074,-16.581669002665738,False,11.806800076417499,0.791015625,2.663091749970121,53.7890625,89.296875,2.5841405556102464,ok,True
2.5841405556102464,-1.0232137872494842,0.07269626905731025,0.0,1.0,7.18,RR,0.8555417597875582,True,True,-1.6069200857977557,7.209532609336203,26.95040090754852,False,7.801240305946906,0.791015625,0.3879422070268875,42.890625,95.09765625,2.5841405556102464,ok,True
2.147872913775023,-0.7322429950618327,0.15917916709323637,0.0,1.0,7.2,FL,0.869430648676447,True,True,12.597115595294104,5.6851084666728875,25.430960840578507,False,0.0,0.791015625,0.49616763272365544,44.560546875,96.6796875,2.147872913775023,ok,True
2.147872913775023,-0.7322429950618327,0.015112659088172997,0.0,1.0,7.2,FR,0.36943064867644715,False,False,-4.304731415583407,-35.128743326770035,-15.484441748776852,False,24.775455088988256,0.791015625,1.5174086158807878,53.701171875,88.06640625,2.147872913775023,ok,True
2.147872913775023,-0.7322429950618327,0.008649879984514488,0.0,1.0,7.2,RL,0.36943064867644715,False,False,-2.517650750162227,-37.12780733359052,-17.527043123899723,False,11.200275888540478,0.791015625,2.5986307451475366,53.7890625,88.857421875,2.147872913775023,ok,True
2.147872913775023,-0.7322429950618327,0.03428879336124757,0.0,1.0,7.2,RR,0.869430648676447,True,True,-1.718059188151183,7.871981502671543,27.61878837638843,False,6.714296716663692,0.791015625,0.40141272161163793,41.8359375,93.69140625,2.147872913775023,ok,True
1.5303722906892636,-0.4445980738796551,0.14813307688181454,0.0,1.0,7.22,FL,0.8833195375653359,True,True,9.283091177061117,6.712967531894532,26.462555387970426,False,0.0,0.791015625,0.42864874546671555,43.76953125,95.9765625,1.5303722906892636,ok,True
1.5303722906892636,-0.4445980738796551,0.020255854881365654,0.0,1.0,7.22,FR,0.383319537565336,False,False,-4.296104514017567,-34.92407759654078,-15.276451875006469,False,23.11234852968955,0.791015625,1.09424284192562,53.7890625,87.71484375,1.5303722906892636,ok,True
1.5303722906892636,-0.4445980738796551,0.003229595950245992,0.0,1.0,7.22,RL,0.383319537565336,False,False,-2.229078453955327,-37.99103664048308,-18.39873150932532,False,12.747790121295576,0.791015625,2.431141912569988,53.876953125,88.59375,1.5303722906892636,ok,True
1.5303722906892636,-0.4445980738796551,0.027356842696769024,0.0,1.0,7.22,RR,0.8833195375653359,True,True,-1.6326919669079552,8.782921234089294,28.54190927008292,False,5.611150118546647,0.791015625,0.5049523536877454,40.869140625,92.4609375,1.5303722906892636,ok,True
0.8320404303510254,-0.17616220507404196,0.12060442196968864,0.0,1.0,7.24,FL,0.8972084264542247,True,True,6.105877060322663,7.667116847119445,27.420990685935166,False,0.0,0.791015625,0.36133822910381025,43.2421875,95.185546875,0.8320404303510254,ok,True
0.8320404303510254,-0.17616220507404196,0.0217890009735683,0.0,1.0,7.24,FR,0.3972084264542248,False,False,-4.196320192316659,-34.8395711122713,-15.192399211140671,False,21.916103089857785,0.791015625,0.8184760395316708,53.96484375,87.275390625,0.8320404303510254,ok,True
0.8320404303510254,-0.17616220507404196,0.004528911150811353,0.0,1.0,7.24,RL,0.3972084264542248,False,False,-2.205888320242402,-38.76173607822729,-19.177278843309853,False,15.615407752278216,0.791015625,2.234399374942118,54.228515625,88.41796875,0.8320404303510254,ok,True
0.8320404303510254,-0.17616220507404196,0.024917255013318648,0.0,1.0,7.24,RR,0.8972084264542247,True,True,-1.4776722692696198,9.60374197005117,29.375407556438347,False,4.27970700552514,0.791015625,0.6453618294000579,40.60546875,91.494140625,0.8320404303510254,ok,True
0.11423670632290003,0.05672051252541858,0.0712367617772235,0.0,1.0,7.26,FL,0.9110973153431136,True,False,3.0315285015303193,8.152508346781604,27.91346660131211,False,0.0,0.791015625,0.3215457299420015,42.802734375,94.30664062500001,0.11423670632290003,ok,True
0.11423670632290003,0.05672051252541858,0.019828351776047044,0.0,1.0,7.26,FR,0.41109731534311367,False,False,-4.042499336130059,-35.270179490513776,-15.631959120659427,False,20.468110019833105,0.791015625,0.7465232559192371,54.404296875,86.8359375,0.11423670632290003,ok,True
0.11423670632290003,0.05672051252541858,0.010004830190071508,0.0,1.0,7.26,RL,0.41109731534311367,False,False,-2.4029457168900996,-39.59233786740276,-20.017851299780236,False,16.751392496847224,0.791015625,2.0944095012400945,54.66796875,88.330078125,0.11423670632290003,ok,True
0.11423670632290003,0.05672051252541858,0.023135697739275533,0.0,1.0,7.26,RR,0.9110973153431136,True,False,-1.2611914075692578,9.88650786378311,29.670782112500433,False,3.5923338146163117,0.791015625,0.755972765825557,40.60546875,91.142578125,0.11423670632290003,ok,True
-0.5915820833868322,0.22032082426660027,0.05022123471291483,0.0,1.0,7.28,FL,0.9249862042320024,True,False,-0.07809115519210805,8.093662049300642,27.86535244132709,True,3.320140391640328,0.791015625,0.31080761762285836,42.71484375,93.603515625,0.5915820833868322,ok,True
-0.5915820833868322,0.22032082426660027,0.015714013061841486,0.0,1.0,7.28,FR,0.4249862042320025,False,False,-3.8343984824834862,-36.483271434259194,-16.866271413953456,False,19.111652131997044,0.791015625,0.87561196136389,55.01953125000001,86.396484375,0.5915820833868322,ok,True
-0.5915820833868322,0.22032082426660027,0.012820239944959393,0.0,1.0,7.28,RL,0.4249862042320025,False,False,-2.666069420171599,-40.69082980364784,-21.127526301538616,False,18.85792228381948,0.791015625,2.042029126351117,55.1953125,88.2421875,0.5915820833868322,ok,True
-0.5915820833868322,0.22032082426660027,0.02134076816804866,0.0,1.0,7.28,RR,0.9249862042320024,True,False,-1.0284662080194962,9.313445589150534,29.10893845197475,False,2.8902708949423643,0.791015625,0.8148675348768424,40.869140625,90.966796875,0.5915820833868322,ok,True
-1.1825595260933717,0.2983197351548164,0.04323959210752015,0.0,1.0,7.3,FL,0.9388750931208912,True,False,-1.5692642714470253,7.399681113473901,27.17694143127724,False,12.43093989995575,0.791015625,0.1561572536737444,42.71484375,93.1640625,1.1825595260933717,ok,True
-1.1825595260933717,0.2983197351548164,0.013561985983177096,0.0,1.0,7.3,FR,0.43887509312089135,False,False,-3.518869967522237,-38.29910126490215,-18.716985987989023,False,13.204663461620868,0.791015625,1.1591659683004452,55.634765625,86.396484375,1.1825595260933717,ok,True
-1.1825595260933717,0.2983197351548164,0.013647305648943947,0.0,1.0,7.3,RL,0.43887509312089135,False,False,-2.92963718794359,-42.067651272822125,-22.516934045243886,False,18.459782579563015,0.791015625,1.9772704773679757,55.634765625,87.890625,1.1825595260933717,ok,True
-1.1825595260933717,0.2983197351548164,0.02756622098632297,0.0,1.0,7.3,RR,0.9388750931208912,True,False,-0.7781077411580656,8.261252894391246,28.0655375435287,False,4.397091858625155,0.791015625,0.9041928354372366,41.30859375,90.966796875,1.1825595260933717,ok,True
-1.6244707424186198,0.29917700246180123,0.03481681970208144,0.0,1.0,7.32,FL,0.9527639820097801,True,False,-2.0322463459606297,6.4484634366071605,26.232072178274297,False,13.590169597794725,0.791015625,0.03639411332396927,42.890625,92.8125,1.6244707424186198,ok,True
-1.6244707424186198,0.29917700246180123,0.017758625158833485,0.0,1.0,7.32,FR,0.4527639820097802,False,False,-2.882358878061021,-40.126689638756105,-20.579153947191088,False,8.391431440504352,0.791015625,1.3661131776715978,56.162109375,86.484375,1.6244707424186198,ok,True
-1.6244707424186198,0.29917700246180123,0.012389015959673086,0.0,1.0,7.32,RL,0.4527639820097802,False,False,-3.0463104718094978,-43.58569651044556,-24.04926425490528,False,18.226282837651027,0.791015625,1.8405257841560463,55.98632812500001,87.71484375,1.6244707424186198,ok,True
-1.6244707424186198,0.29917700246180123,0.08159653631940843,0.0,1.0,7.32,RR,0.9527639820097801,True,False,0.08168757878057598,8.361040566386928,28.167235332400118,False,0.0,0.791015625,1.0115152453229308,41.923828125,91.23046875,1.6244707424186198,ok,True
-1.7452176371240906,0.2244959487782518,0.035329426422723686,0.0,1.0,7.34,FL,0.9666528708986689,True,False,-2.2327491172255893,5.310736179728966,25.103182831982625,False,12.743703707275325,0.791015625,-0.14352920971111613,43.2421875,92.63671875,1.7452176371240906,ok,True
-1.7452176371240906,0.2244959487782518,0.023394537000948328,0.0,1.0,7.34,FR,0.466652870898669,False,False,-2.13477722684181,-42.18268722790426,-22.662081365032872,False,6.6481593496404345,0.791015625,1.620537335709565,56.689453125,86.572265625,1.7452176371240906,ok,True
-1.7452176371240906,0.2244959487782518,0.01281296899105054,0.0,1.0,7.34,RL,0.466652870898669,False,False,-3.141014409958025,-45.36000460037341,-25.84310926626658,False,20.40037218336767,0.791015625,1.5856549896061904,56.337890625,87.5390625,1.7452176371240906,ok,True
-1.7452176371240906,0.2244959487782518,0.2546637495495537,0.0,1.0,7.34,RR,0.9666528708986689,True,False,0.31954601758873297,11.466334892731401,31.263490915649037,False,0.0,0.791015625,0.8284766955844941,42.626953125,91.494140625,1.7452176371240906,ok,True
-1.6227513768148085,0.09628501391530188,0.03598686649450099,0.0,1.0,7.36,FL,0.9805417597875578,True,False,-2.2668988197587643,3.777562323028105,23.579072898702986,False,13.102469566988578,0.791015625,-0.2801146598153856,43.59375,92.37304687500001,1.6227513768148085,ok,True
-1.6227513768148085,0.09628501391530188,0.022788551622382188,0.0,1.0,7.36,FR,0.48054175978755787,False,False,-1.5703562418448047,-44.669111745013915,-25.179470645797014,False,7.338227300333981,0.791015625,1.8252283521848487,57.216796875,86.66015625,1.6227513768148085,ok,True
-1.6227513768148085,0.09628501391530188,0.012712500399594644,0.0,1.0,7.36,RL,0.48054175978755787,False,False,-3.321061334609049,-47.52135073276674,-28.03088370287863,False,20.22806793153723,0.791015625,1.3915671818328084,56.337890625,87.099609375,1.6227513768148085,ok,True
-1.6227513768148085,0.09628501391530188,0.18699306718858644,0.0,1.0,7.36,RR,0.9805417597875578,True,False,-0.4218306920585474,12.626614340907857,32.41973023894698,True,2.618614297668355,0.791015625,0.6206928320278721,43.330078125,91.7578125,1.6227513768148085,ok,True
-1.4238052841904478,0.04675383993366974,0.03399823989505729,0.0,1.0,7.38,FL,0.9944306486764466,True,False,-2.285010219998652,1.9778410042816104,21.78627885527435,False,13.257257261646531,0.791015625,-0.24749985656494286,44.12109375,92.197265625,1.4238052841904478,ok,True
-1.4238052841904478,0.04675383993366974,0.016585754712400657,0.0,1.0,7.38,FR,0.4944306486764467,False,False,-1.3585287631146126,-47.31935378176367,-27.86217054045234,False,8.859949765833365,0.791015625,1.8696008548455438,57.65624999999999,86.8359375,1.4238052841904478,ok,True
-1.4238052841904478,0.04675383993366974,0.009176513305509152,0.0,1.0,7.38,RL,0.4944306486764467,False,False,-3.4099580525263575,-49.879645002716074,-30.42462410556082,False,19.456377073020317,0.791015625,1.355288464333463,56.337890625,86.923828125,1.4238052841904478,ok,True
-1.4238052841904478,0.04675383993366974,0.040405455709896405,0.0,1.0,7.38,RR,0.9944306486764466,True,False,-0.6471893141920398,11.023458566405871,30.82112913404227,False,1.3531556952530506,0.791015625,0.6329733973184097,44.12109375,92.109375,1.4238052841904478,ok,True
-1.0481783793535526,0.01988995340218292,0.03262646003494303,0.0,1.0,7.4,FL,0.008319537565335544,False,False,-2.270232921813161,0.06341126785951938,19.87671521350245,False,11.947417516354337,0.791015625,-0.20209347351995732,44.47265625,91.7578125,1.0481783793535526,ok,True
-1.0481783793535526,0.01988995340218292,0.01221677148177467,0.0,1.0,7.4,FR,0.5083195375653355,True,False,-1.3910988133125566,-50.14573536913181,-30.723981066438213,False,10.734870362074867,0.791015625,1.8999062019199295,58.095703125,87.275390625,1.0481783793535526,ok,True
-1.0481783793535526,0.01988995340218292,0.006328499413644775,0.0,1.0,7.4,RL,0.5083195375653355,True,False,-3.396415193896392,-52.296340701966045,-32.884478230839974,False,17.802368386347343,0.791015625,1.3948354311053177,56.689453125,86.923828125,1.0481783793535526,ok,True
-1.0481783793535526,0.01988995340218292,0.008594242589842246,0.0,1.0,7.4,RR,0.008319537565335544,False,False,-0.5417145491914341,8.607853996979538,28.40941906534988,False,2.4501558950627795,0.791015625,0.6391724785195289,44.912109375,92.197265625,1.0481783793535526,ok,True
-0.5628980217759787,-0.01294840188185962,0.030576324134382573,0.0,1.0,7.42,FL,0.022208426454224432,False,False,-2.179121410482241,-1.9748798341611964,17.840567167397275,False,12.255385486817257,0.791015625,-0.1281620710000373,45.17578125,91.318359375,0.5628980217759787,ok,True
-0.5628980217759787,-0.01294840188185962,0.007761732614178946,0.0,1.0,7.42,FR,0.5222084264542244,True,False,-1.5515489472638853,-53.09922245526762,-33.716146913836496,False,11.569948901402082,0.791015625,1.8984749393048257,58.62304687499999,87.626953125,0.5628980217759787,ok,True
-0.5628980217759787,-0.01294840188185962,0.008393905077104153,0.0,1.0,7.42,RL,0.5222084264542244,True,False,-3.237583928541142,-54.737704463303274,-35.373658202380994,False,14.339256754241449,0.791015625,1.5120413219985125,57.041015625,87.099609375,0.5628980217759787,ok,True
-0.5628980217759787,-0.01294840188185962,0.009487334875502178,0.0,1.0,7.42,RR,0.022208426454224432,False,False,-0.5942936152630238,5.7667885593102755,25.572330820130123,False,6.1004935796269395,0.791015625,0.5875100943685915,45.263671875,92.197265625,0.5628980217759787,ok,True
-0.04583598322501394,-0.025352656967850797,0.029373916700039155,0.0,1.0,7.44,FL,0.03609731534311332,False,False,-2.122135113682096,-4.0883720257812755,15.725853407555284,False,11.041614063700269,0.791015625,0.05347136377189059,45.70312500000001,90.791015625,0.04583598322501394,ok,True
-0.04583598322501394,-0.025352656967850797,0.006471799082099915,0.0,1.0,7.44,FR,0.5360973153431133,True,False,-1.7144314282909572,-55.85538039328452,-36.50820146869217,False,12.962313662748908,0.791015625,1.8038166841346643,59.0625,87.978515625,0.04583598322501394,ok,True
-0.04583598322501394,-0.025352656967850797,0.012318726408041943,0.0,1.0,7.44,RL,0.5360973153431133,True,False,-2.8619593554785867,-57.21077060000451,-37.898282704612924,False,10.653473605532,0.791015625,1.6006226445673672,57.919921875,87.890625,0.04583598322501394,ok,True
-0.04583598322501394,-0.025352656967850797,0.015787354407333344,0.0,1.0,7.44,RR,0.03609731534311332,False,False,-0.9166686992050643,3.0935758298086564,22.90310630639209,False,9.508816686229503,0.791015625,0.5469736010184878,46.142578125,92.109375,0.04583598322501394,ok,True
0.41681676709611115,-0.03627450869383245,0.025238671105115712,0.0,1.0,7.46,FL,0.04998620423200221,False,False,-2.0416241582340984,-6.324456491347037,13.484554806150582,False,10.985354990008123,0.791015625,0.3575477300205427,46.142578125,90.52734375,0.41681676709611115,ok,True
0.41681676709611115,-0.03627450869383245,0.010111387356087529,0.0,1.0,7.46,FR,0.5499862042320022,True,False,-1.8818614160378173,-58.28507185734891,-38.9701674399936,False,13.303840072466077,0.791015625,1.6022201859581862,59.67773437500001,88.681640625,0.41681676709611115,ok,True
0.41681676709611115,-0.03627450869383245,0.015406615685003346,0.0,1.0,7.46,RL,0.5499862042320022,True,False,-2.3406329162326927,-59.71161936203194,-40.45076536402609,False,6.372997807943629,0.791015625,1.6158622856544937,58.62304687499999,88.76953125,0.41681676709611115,ok,True
0.41681676709611115,-0.03627450869383245,0.017386809848365884,0.0,1.0,7.46,RR,0.04998620423200221,False,False,-1.27672226530582,0.7881387369155209,20.600447853686237,False,12.583708780022771,0.791015625,0.5452072509970819,46.494140625,91.58203125,0.41681676709611115,ok,True
0.7798333327985896,-0.07922287550972094,0.023751472481620902,0.0,1.0,7.48,FL,0.0638750931208911,False,False,-1.9665503085219347,-8.583680823532879,11.216149881006318,False,11.423358244271448,0.791015625,0.7388927038637928,46.494140625,90.52734375,0.7798333327985896,ok,True
0.7798333327985896,-0.07922287550972094,0.013177784274721896,0.0,1.0,7.48,FR,0.5638750931208911,True,False,-1.9933873808013967,-60.33731577866365,-41.050420739629324,False,12.185874060453418,0.791015625,1.3332875030748281,60.029296875,89.560546875,0.7798333327985896,ok,True
0.7798333327985896,-0.07922287550972094,0.016918536698974026,0.0,1.0,7.48,RL,0.5638750931208911,True,False,-1.7285212104886822,-62.184541874567664,-42.96916603887552,False,2.9350760137238843,0.791015625,1.5309961114026258,58.88671875,89.912109375,0.7798333327985896,ok,True
0.7798333327985896,-0.07922287550972094,0.01748896748690087,0.0,1.0,7.48,RR,0.0638750931208911,False,False,-1.7170146057998195,-1.1471402739051328,18.66687052244639,False,16.15147343736763,0.791015625,0.6181867623850895,46.58203125,91.23046875,0.7798333327985896,ok,True
1.0274815697061188,-0.040452151816054244,0.021923200624922277,0.0,1.0,7.5,FL,0.07776398200977999,False,False,-1.959406199516525,-10.634109935411292,9.156075465106163,False,12.822140154992644,0.791015625,1.1303770090688667,46.93359375,90.52734375,1.0274815697061188,ok,True
1.0274815697061188,-0.040452151816054244,0.01509323559536829,0.0,1.0,7.5,FR,0.57776398200978,True,False,-1.9950772401826147,-61.91811591456743,-42.645960292905926,False,12.250775701991198,0.791015625,1.058828295063717,60.20507812499999,90.703125,1.0274815697061188,ok,True
1.0274815697061188,-0.040452151816054244,0.043230802042227325,0.0,1.0,7.5,RL,0.57776398200978,True,False,-0.6505045801825458,-63.88480964922241,-44.682786546486845,False,2.8454129963929966,0.791015625,1.3011291143485066,59.58984374999999,91.40625000000001,1.0274815697061188,ok,True
1.0274815697061188,-0.040452151816054244,0.01635365313796333,0.0,1.0,7.5,RR,0.07776398200977999,False,False,-2.216186472529316,-2.558478820844744,17.25662218834559,False,16.416322030482405,0.791015625,0.7675525036219765,46.66992187500001,90.703125,1.0274815697061188,ok,True
1.172676039649986,0.0799859372939031,0.018363627208167355,0.0,1.0,7.5200000000000005,FL,0.09165287089866889,False,False,-2.061021134191026,-12.261251934035998,7.521435703061178,False,14.097838004714054,0.791015625,1.4603553773936404,47.373046875,90.52734375,1.172676039649986,ok,True
1.172676039649986,0.0799859372939031,0.014532376979615805,0.0,1.0,7.5200000000000005,FR,0.5916528708986689,True,False,-1.9443301159524085,-63.07430664481642,-43.80720228002249,False,10.056041704654678,0.791015625,0.8336054410019887,60.380859375,91.93359375,1.172676039649986,ok,True
1.172676039649986,0.0799859372939031,0.1421194915331164,0.0,1.0,7.5200000000000005,RL,0.5916528708986689,True,False,0.8361984203482213,-63.097915508867175,-43.85854939161132,False,0.0,0.791015625,0.9804759969324326,59.94140625000001,92.98828125,1.172676039649986,ok,True
1.172676039649986,0.0799859372939031,0.012903752010753533,0.0,1.0,7.5200000000000005,RR,0.09165287089866889,False,False,-2.5880887097172662,-3.605692073100019,16.209795655852027,False,17.955698192404626,0.791015625,0.912211000874348,46.7578125,90.17578125,1.172676039649986,ok,True
1.185923912275894,0.17777005783787136,0.015472814398710918,0.0,1.0,7.54,FL,0.10554175978755778,False,False,-2.235542431538954,-13.622364946115773,6.154734599887007,False,15.902853360150987,0.791015625,1.771453324970821,47.724609375,90.17578125,1.185923912275894,ok,True
1.185923912275894,0.17777005783787136,0.013242073195870544,0.0,1.0,7.54,FR,0.6055417597875578,True,True,-1.7487782639994867,-63.879791947193915,-44.61118518397865,False,8.00101241094344,0.791015625,0.616043600046611,60.55664062500001,93.1640625,1.185923912275894,ok,True
1.185923912275894,0.17777005783787136,0.24027446176917688,0.0,1.0,7.54,RL,0.6055417597875578,True,True,2.100038334879605,-59.99779159102107,-40.667439365626265,False,0.0,0.791015625,0.6426332232192336,60.380859375,94.5703125,1.185923912275894,ok,True
1.185923912275894,0.17777005783787136,0.011441704914453751,0.0,1.0,7.54,RR,0.10554175978755778,False,False,-2.925641440165331,-4.435009564971462,15.380237818267563,False,20.1502778628285,0.791015625,1.0445301010181833,47.021484375,89.736328125,1.185923912275894,ok,True
1.1841022410480195,0.27564090115453727,0.012843667291574792,0.0,1.0,7.5600000000000005,FL,0.11943064867644668,False,False,-2.487395032138226,-14.76175509731836,5.011928313348335,False,18.615177754137672,0.791015625,1.9878575124834246,47.98828125,89.736328125,1.1841022410480195,ok,True
1.1841022410480195,0.27564090115453727,0.012951581431297102,0.0,1.0,7.5600000000000005,FR,0.6194306486764467,True,True,-1.458042137422181,-64.33342047415199,-45.05534046776502,False,5.969267395931612,0.791015625,0.48991496701733056,60.55664062500001,94.5703125,1.1841022410480195,ok,True
1.1841022410480195,0.27564090115453727,0.20325932725656762,0.0,1.0,7.5600000000000005,RL,0.6194306486764467,True,True,3.748523607831903,-57.29166950555665,-37.88509282870613,False,0.0,0.791015625,0.4562793253738872,60.732421875,96.240234375,1.1841022410480195,ok,True
1.1841022410480195,0.27564090115453727,0.009569059005935698,0.0,1.0,7.5600000000000005,RR,0.11943064867644668,False,False,-3.244856698853077,-5.0408203956351905,14.773846992360244,False,20.77542849894192,0.791015625,1.2713092379768034,47.373046875,89.208984375,1.1841022410480195,ok,True
1.2079062565551515,0.3467064543960151,0.010694920400201698,0.0,1.0,7.58,FL,0.13331953756533557,False,False,-2.8388985947953236,-15.689556675540624,4.082997929341127,False,19.87975572175062,0.791015625,2.135473430419842,48.1640625,89.208984375,1.2079062565551515,ok,True
1.2079062565551515,0.3467064543960151,0.02457864475591881,0.0,1.0,7.58,FR,0.6333195375653355,True,True,-0.9101714881320101,-64.18961841895637,-44.88950111571208,False,4.046048459075953,0.791015625,0.4468085139278827,60.46875,95.9765625,1.2079062565551515,ok,True
1.2079062565551515,0.3467064543960151,0.1721491872412153,0.0,1.0,7.58,RL,0.6333195375653355,True,True,5.78843870929039,-55.12247811777514,-35.656125993630674,False,0.0,0.791015625,0.404019612342482,60.732421875,97.734375,1.2079062565551515,ok,True
1.2079062565551515,0.3467064543960151,0.008803856034897459,0.0,1.0,7.58,RR,0.13331953756533557,False,False,-3.479830112012198,-5.446271766361085,14.367739661535946,False,21.385946921649822,0.791015625,1.5874539393327243,47.8125,88.681640625,1.2079062565551515,ok,True
1.2073677178919549,0.35861985125095336,0.009015899919870422,0.0,1.0,7.6000000000000005,FL,0.14720842645422447,False,False,-3.161381541942766,-16.403961677725885,3.366828227187984,False,20.00034086335771,0.791015625,2.28077007399205,48.515625,88.76953125,1.2073677178919549,ok,True
1.2073677178919549,0.35861985125095336,0.09417034094517514,0.0,1.0,7.6000000000000005,FR,0.6472084264542245,True,True,0.30340206364152034,-62.36799396710707,-43.0121515202152,False,0.0,0.791015625,0.46242454172866154,60.29296875000001,97.294921875,1.2073677178919549,ok,True
1.2073677178919549,0.35861985125095336,0.1870212119071992,0.0,1.0,7.6000000000000005,RL,0.6472084264542245,True,True,7.858642740804358,-52.51832951434727,-32.99621099429736,False,0.0,0.791015625,0.42524705320006523,60.29296875000001,98.701171875,1.2073677178919549,ok,True
1.2073677178919549,0.35861985125095336,0.012535968736174704,0.0,1.0,7.6000000000000005,RR,0.14720842645422447,False,False,-3.60637313786576,-5.677666148466227,14.1357645005586,False,21.387771233091648,0.791015625,1.9010905646631795,47.900390625,88.2421875,1.2073677178919549,ok,True
1.177818793945946,0.2634776888064589,0.007893544224441214,0.0,1.0,7.62,FL,0.16109731534311336,False,False,-3.3559378516972194,-17.05950654474771,2.7084026754822297,False,19.748629624626098,0.791015625,2.4136163924513214,48.603515625,88.330078125,1.177818793945946,ok,True
1.177818793945946,0.2634776888064589,0.3526148877285802,0.0,1.0,7.62,FR,0.6610973153431133,True,True,1.6540899596430223,-55.34103012579754,-35.85702065408148,False,0.0,0.791015625,0.5030836416809943,59.765625,98.4375,1.177818793945946,ok,True
1.177818793945946,0.2634776888064589,0.19745619882043708,0.0,1.0,7.62,RL,0.6610973153431133,True,True,9.244109517414792,-49.58889834504063,-30.01457718383006,False,0.0,0.791015625,0.47280180325001847,60.20507812499999,99.84375,1.177818793945946,ok,True
1.177818793945946,0.2634776888064589,0.015235831197605163,0.0,1.0,7.62,RR,0.16109731534311336,False,False,-3.712123855946867,-5.949421386544855,13.863654706458679,False,23.350704656367498,0.791015625,2.171347219183511,48.515625,87.626953125,1.177818793945946,ok,True
1.1363918496136665,0.120036545615157,0.006914560436808088,0.0,1.0,7.640000000000001,FL,0.17498620423200226,False,False,-3.462520973640092,-17.88141052956027,1.8822595943836262,False,20.347510256182858,0.791015625,2.50528290014667,48.8671875,87.890625,1.1363918496136665,ok,True
1.1363918496136665,0.120036545615157,0.32356481386071334,0.0,1.0,7.640000000000001,FR,0.6749862042320023,True,True,3.324916037116949,-49.208394037537666,-29.635979344132988,False,0.0,0.791015625,0.4797018955309471,59.23828124999999,99.228515625,1.1363918496136665,ok,True
1.1363918496136665,0.120036545615157,0.23229779470645004,0.0,1.0,7.640000000000001,RL,0.6749862042320023,True,True,10.082743845113123,-45.99413972729462,-26.353629506113936,False,0.0,0.791015625,0.4997908577119199,59.501953125,100.458984375,1.1363918496136665,ok,True
1.1363918496136665,0.120036545615157,0.01209527123914591,0.0,1.0,7.640000000000001,RR,0.17498620423200226,False,False,-3.8692285693008728,-6.496887015466703,13.315558573139922,False,23.39469323126389,0.791015625,2.3858779598975897,48.69140625,87.099609375,1.1363918496136665,ok,True
1.0428928348778796,-0.06425258283432354,0.007949789218944113,0.0,1.0,7.66,FL,0.18887509312089115,False,False,-3.538266259079808,-18.794240471935183,0.9634181903056351,False,20.27701147172415,0.791015625,2.5892034330076372,49.130859375,87.626953125,1.0428928348778796,ok,True
1.0428928348778796,-0.06425258283432354,0.29822336284742823,0.0,1.0,7.66,FR,0.6888750931208911,True,True,5.162129566808983,-43.89984248399509,-24.243245127433447,False,0.0,0.791015625,0.4670151349928234,58.35937500000001,99.931640625,1.0428928348778796,ok,True
1.0428928348778796,-0.06425258283432354,0.24227300480472155,0.0,1.0,7.66,RL,0.6888750931208911,True,True,10.389460644029162,-42.23968784379482,-22.547166998893214,False,0.0,0.791015625,0.5094280651151649,58.97460937500001,101.337890625,1.0428928348778796,ok,True
1.0428928348778796,-0.06425258283432354,0.010547332870483404,0.0,1.0,7.66,RR,0.18887509312089115,False,False,-3.983924610243803,-7.336284670700008,12.475064852771617,False,24.063666605400584,0.791015625,2.5062088448637176,49.21875,86.572265625,1.0428928348778796,ok,True
0.887879836696221,-0.2384490643554676,0.007232143380350313,0.0,1.0,7.68,FL,0.20276398200978005,False,False,-3.562822267892021,-19.810118363113766,-0.05984899429248003,False,19.972367668933572,0.791015625,2.6674353508566706,49.482421875,87.71484375,0.887879836696221,ok,True
0.887879836696221,-0.2384490643554676,0.2783626725055159,0.0,1.0,7.68,FR,0.7027639820097801,True,True,7.022912081895993,-39.2638504481222,-19.552496356115377,False,0.0,0.791015625,0.46448522490299765,57.568359375,100.810546875,0.887879836696221,ok,True
0.887879836696221,-0.2384490643554676,0.28082444430217623,0.0,1.0,7.68,RL,0.7027639820097801,True,True,10.57038978631322,-37.77997496662007,-18.04394279246683,False,0.0,0.791015625,0.5046362120467284,57.919921875,101.6015625,0.887879836696221,ok,True
0.887879836696221,-0.2384490643554676,0.007455586567652389,0.0,1.0,7.68,RR,0.20276398200978005,False,False,-4.069784702103958,-8.400024952592862,11.409142197415054,False,23.965285165354764,0.791015625,2.542317307641821,49.306640625,85.95703125,0.887879836696221,ok,True
0.6924589864893563,-0.388651529149699,0.006850324086613844,0.0,1.0,7.7,FL,0.21665287089866894,False,False,-3.5419860649423263,-20.95404219912523,-1.212335145902454,False,20.050153281374133,0.791015625,2.7198845127947044,49.658203125,87.5390625,0.6924589864893563,ok,True
0.6924589864893563,-0.388651529149699,0.3088787149539114,0.0,1.0,7.7,FR,0.7166528708986689,True,True,8.976328326216725,-34.27048321400413,-14.51923932676511,False,0.0,0.791015625,0.4707247385386917,56.513671875,101.162109375,0.6924589864893563,ok,True
0.6924589864893563,-0.388651529149699,0.26626551012452904,0.0,1.0,7.7,RL,0.7166528708986689,True,True,10.534505869550328,-33.736584525452066,-13.97567688221655,False,0.0,0.791015625,0.4908115744852214,56.689453125,101.77734375,0.6924589864893563,ok,True
0.6924589864893563,-0.388651529149699,0.005155015415672742,0.0,1.0,7.7,RR,0.21665287089866894,False,False,-4.115809732473115,-9.684102238709281,10.121263912550917,False,23.831798399181054,0.791015625,2.5408424539565506,49.39453125000001,85.693359375,0.6924589864893563,ok,True
0.4767560998873299,-0.4670412019759985,0.006110984520500853,0.0,1.0,7.72,FL,0.23054175978755784,False,False,-3.5080571616894414,-22.202130336725872,-2.46912022282374,False,20.328122124683837,0.791015625,2.7330841064574973,50.009765625,87.626953125,0.4767560998873299,ok,True
0.4767560998873299,-0.4670412019759985,0.2984996887298518,0.0,1.0,7.72,FR,0.7305417597875579,True,True,10.628426518769375,-29.695924725444026,-9.924958536534266,False,0.0,0.791015625,0.4821139868117589,55.283203125,101.42578125,0.4767560998873299,ok,True
0.4767560998873299,-0.4670412019759985,0.28564783196000404,0.0,1.0,7.72,RL,0.7305417597875579,True,True,10.41371537506839,-29.398891285925373,-9.625125283487652,False,0.0,0.791015625,0.47998701185153914,55.634765625,101.77734375,0.4767560998873299,ok,True
0.4767560998873299,-0.4670412019759985,0.0017923961439678408,0.0,1.0,7.72,RR,0.23054175978755784,False,False,-4.11854644725327,-11.119122544719936,8.679820999887188,False,23.203426482828913,0.791015625,2.520006643815689,49.658203125,85.60546875,0.4767560998873299,ok,True
0.2457361378530736,-0.4834303383205566,0.006903069223204196,0.0,1.0,7.74,FL,0.24443064867644673,False,False,-3.5071571769133074,-23.506552170998347,-3.7821890412361228,False,20.40672361562175,0.791015625,2.7182729852438126,50.36132812500001,87.802734375,0.4834303383205566,ok,True
0.2457361378530736,-0.4834303383205566,0.2972983611783927,0.0,1.0,7.74,FR,0.7444306486764467,True,True,11.840752551437014,-25.30616570637804,-5.5130593555091245,False,0.0,0.791015625,0.4882491818850946,53.96484375,101.6015625,0.4834303383205566,ok,True
0.2457361378530736,-0.4834303383205566,0.2921346656110664,0.0,1.0,7.74,RL,0.7444306486764467,True,True,10.277157804445647,-25.0000540867148,-5.201633833173947,False,0.0,0.791015625,0.4681064777117318,54.228515625,101.513671875,0.4834303383205566,ok,True
0.2457361378530736,-0.4834303383205566,0.0005802027262022617,0.0,1.0,7.74,RR,0.24443064867644673,False,False,-4.072571339648536,-12.680196324729467,7.109056244240717,False,22.675749095241837,0.791015625,2.4882025596873736,49.833984375,85.4296875,0.4834303383205566,ok,True
0.010266056451619598,-0.4778121180696128,0.007070354751786353,0.0,1.0,7.76,FL,0.2583195375653356,False,False,-3.516252833889337,-24.924902160018416,-5.209829353892289,False,20.77264590861653,0.791015625,2.6697600303888884,50.625,87.626953125,0.4778121180696128,ok,True
0.010266056451619598,-0.4778121180696128,0.31684767762729527,0.0,1.0,7.76,FR,0.7583195375653355,True,True,12.772788508021291,-20.716196001905256,-0.9055607734946598,False,0.0,0.791015625,0.49102429009018494,52.734375,101.513671875,0.4778121180696128,ok,True
0.010266056451619598,-0.4778121180696128,0.2859497548755958,0.0,1.0,7.76,RL,0.7583195375653355,True,True,10.230450766881983,-20.836158576833256,-1.0243736563981258,False,0.0,0.791015625,0.46010052162128423,53.0859375,101.162109375,0.4778121180696128,ok,True
0.010266056451619598,-0.4778121180696128,0.0007564245114543121,0.0,1.0,7.76,RR,0.2583195375653356,False,False,-4.008745480053626,-14.43523248152454,5.340737010458266,False,22.49177344212679,0.791015625,2.4587935782290287,50.36132812500001,85.693359375,0.4778121180696128,ok,True
-0.21734586906976067,-0.4450238947241188,0.008095482025244773,0.0,1.0,7.78,FL,0.2722084264542245,False,False,-3.5474227403080802,-26.43911134237103,-6.733984494396992,False,21.54263932816421,0.791015625,2.584262413232716,50.888671875,87.71484375,0.4450238947241188,ok,True
-0.21734586906976067,-0.4450238947241188,0.33396764986620114,0.0,1.0,7.78,FR,0.7722084264542245,True,True,13.623241201233538,-15.969609899899293,3.845715805221218,False,0.0,0.791015625,0.489348050037696,51.32812500000001,101.07421875,0.4450238947241188,ok,True
-0.21734586906976067,-0.4450238947241188,0.30058925836834716,0.0,1.0,7.78,RL,0.7722084264542245,True,True,10.15380224885207,-16.482978609721577,3.3324220659615804,False,0.0,0.791015625,0.4582560106348934,51.943359375,100.8984375,0.4450238947241188,ok,True
-0.21734586906976067,-0.4450238947241188,0.000782576688612617,0.0,1.0,7.78,RR,0.2722084264542245,False,False,-3.9445172416001095,-16.36091252935463,3.4085618309119496,False,22.079014713562298,0.791015625,2.4383464698162087,50.9765625,85.869140625,0.4450238947241188,ok,True
-0.42902079348068334,-0.44645746569541733,0.011008252468748843,0.0,1.0,7.8,FL,0.2860973153431134,False,False,-3.619578524128506,-28.071026469448267,-8.379128126216738,False,21.77571247787854,0.791015625,2.4677891687191504,51.416015625,87.890625,0.44645746569541733,ok,True
-0.42902079348068334,-0.44645746569541733,0.3425356566308299,0.0,1.0,7.8,FR,0.7860973153431134,True,True,14.449794750780523,-11.310269136796467,8.497082265880952,False,0.0,0.791015625,0.47885371363512774,49.921875,100.634765625,0.44645746569541733,ok,True
-0.42902079348068334,-0.44645746569541733,0.2639330242985394,0.0,1.0,7.8,RL,0.7860973153431134,True,True,9.38975810572968,-13.027427136653332,6.785043206417461,False,0.0,0.791015625,0.46691528784376396,50.537109375,100.1953125,0.44645746569541733,ok,True
-0.42902079348068334,-0.44645746569541733,0.0023943510965189867,0.0,1.0,7.8,RR,0.2860973153431134,False,False,-3.87706162827715,-18.57726284751026,1.1836923069815306,False,22.310768255769627,0.791015625,2.4174754089447785,51.416015625,86.1328125,0.44645746569541733,ok,True
-0.6740700782897852,-0.47118431418728524,0.013418567777819499,0.0,1.0,7.82,FL,0.2999862042320023,False,False,-3.670092362389972,-29.827217489068147,-10.151422679084952,False,21.215584341543018,0.791015625,2.3665855130203797,51.6796875,88.06640625,0.6740700782897852,ok,True
-0.6740700782897852,-0.47118431418728524,0.3433253363379374,0.0,1.0,7.82,FR,0.7999862042320023,True,True,14.873143703152083,-6.875498829662288,12.91613726312018,False,0.0,0.791015625,0.4666550905451368,48.603515625,99.931640625,0.6740700782897852,ok,True
-0.6740700782897852,-0.47118431418728524,0.2586370655155507,0.0,1.0,7.82,RL,0.7999862042320023,True,True,8.182973731914657,-9.844119506275376,9.96327011380162,False,0.0,0.791015625,0.478247784076049,49.39453125000001,99.404296875,0.6740700782897852,ok,True
-0.6740700782897852,-0.47118431418728524,0.0036935976099064386,0.0,1.0,7.82,RR,0.2999862042320023,False,False,-3.830203072648041,-21.059313898126245,-1.3117695869148562,False,22.20758487658301,0.791015625,2.3538304091286233,52.03125,86.30859375,0.6740700782897852,ok,True
-0.954263495304489,-0.48536223212270657,0.014254862185215038,0.0,1.0,7.84,FL,0.3138750931208912,False,False,-3.6680644302193763,-31.77203886244667,-12.114250612588332,False,21.89104405098074,0.791015625,2.2762623008097735,52.119140625,88.2421875,0.954263495304489,ok,True
-0.954263495304489,-0.48536223212270657,0.31603178452891934,0.0,1.0,7.84,FR,0.8138750931208911,True,True,14.517141595704066,-3.2402429924849554,16.53804874499258,False,0.0,0.791015625,0.4630108965082728,47.28515625,98.96484375,0.954263495304489,ok,True
-0.954263495304489,-0.48536223212270657,0.2755428898576855,0.0,1.0,7.84,RL,0.8138750931208911,True,True,6.788285219169202,-6.528276379343045,13.27186520519351,False,0.0,0.791015625,0.47699597730645144,48.427734375,98.701171875,0.954263495304489,ok,True
-0.954263495304489,-0.48536223212270657,0.004247412282774764,0.0,1.0,7.84,RR,0.3138750931208912,False,False,-3.7913550361659936,-23.79463161116099,-4.0668454395394775,False,22.07072850311414,0.791015625,2.261778449522111,52.55859375,86.484375,0.954263495304489,ok,True
-1.226760555303778,-0.5047483535874687,0.017218916569158835,0.0,1.0,7.86,FL,0.3277639820097801,False,False,-3.690048858148772,-33.865887916286766,-14.229099017944254,False,22.198190807846657,0.791015625,2.1657957774181376,52.3828125,88.41796875,1.226760555303778,ok,True
-1.226760555303778,-0.5047483535874687,0.3076038233123969,0.0,1.0,7.86,FR,0.8277639820097801,True,True,13.845898403694857,-0.0335064753157724,19.733874271062064,False,0.0,0.791015625,0.463065526054994,46.23046875,98.0859375,1.226760555303778,ok,True
-1.226760555303778,-0.5047483535874687,0.26173457559937435,0.0,1.0,7.86,RL,0.8277639820097801,True,True,5.252633164291632,-3.695221240423722,16.09829028614871,False,0.0,0.791015625,0.46795033814820713,47.28515625,97.82226562500001,1.226760555303778,ok,True
-1.226760555303778,-0.5047483535874687,0.005124714948073656,0.0,1.0,7.86,RR,0.3277639820097801,False,False,-3.725743758302317,-26.789860097738142,-7.088334951235385,False,20.889523571360765,0.791015625,2.179216122097323,53.0859375,86.66015625,1.226760555303778,ok,True
-1.461975054012095,-0.5305473843524646,0.02007188578325377,0.0,1.0,7.88,FL,0.34165287089866897,False,False,-3.7337610120547238,-36.02779403098525,-16.41395273270441,False,23.21477892875021,0.791015625,2.0230312892150626,52.734375,88.41796875,1.461975054012095,ok,True
-1.461975054012095,-0.5305473843524646,0.30475861929263326,0.0,1.0,7.88,FR,0.841652870898669,True,True,12.938925884435841,2.941311006782633,22.699067819156358,False,0.0,0.791015625,0.4636575760736431,45.17578125,97.20703125,1.461975054012095,ok,True
-1.461975054012095,-0.5305473843524646,0.2519685427757383,0.0,1.0,7.88,RL,0.841652870898669,True,True,3.556611025643693,-1.1707360534764715,18.617177596060117,False,0.0,0.791015625,0.4668267931927665,46.318359375,96.767578125,1.461975054012095,ok,True
-1.461975054012095,-0.5305473843524646,0.004294000187627394,0.0,1.0,7.88,RR,0.34165287089866897,False,False,-3.6022350683938935,-29.919064539578724,-10.248430809029173,False,20.02641063043148,0.791015625,2.120496072340014,53.701171875,86.923828125,1.461975054012095,ok,True
-1.6453842963819454,-0.5598706229662455,0.023390450251683313,0.0,1.0,7.9,FL,0.35554175978755787,False,False,-3.838534909616425,-38.15306948754547,-18.56396896767507,False,24.053966359669932,0.791015625,1.8649681226737973,53.0859375,88.50585937500001,1.6453842963819454,ok,True
-1.6453842963819454,-0.5598706229662455,0.28785752956266497,0.0,1.0,7.9,FR,0.8555417597875579,True,True,11.843054654273654,5.529739617328602,25.280319525970185,False,0.0,0.791015625,0.4506829902615216,44.208984375,96.328125,1.6453842963819454,ok,True
-1.6453842963819454,-0.5598706229662455,0.24659814706691294,0.0,1.0,7.9,RL,0.8555417597875579,True,True,1.632338814634704,1.2334986439961153,21.017177510858044,False,0.0,0.791015625,0.4679071413682129,45.52734375,95.9765625,1.6453842963819454,ok,True
-1.6453842963819454,-0.5598706229662455,0.0032848861285901844,0.0,1.0,7.9,RR,0.35554175978755787,False,False,-3.461421553171737,-33.038077301213825,-13.401422711254458,False,19.22414883214785,0.791015625,2.0866731012587088,54.228515625,87.1875,1.6453842963819454,ok,True
-1.7914823983670227,-0.5998709172158265,0.02529535627474885,0.0,1.0,7.92,FL,0.36943064867644676,False,False,-3.965608734321398,-40.207627489507445,-20.644587581022474,False,24.8905583083192,0.791015625,1.727860642501399,53.4375,88.41796875,1.7914823983670227,ok,True
-1.7914823983670227,-0.5998709172158265,0.274723242106515,0.0,1.0,7.92,FR,0.8694306486764467,True,True,10.635850003907043,7.949326261806493,27.695330078330127,False,0.0,0.791015625,0.43344378106106435,43.59375,95.537109375,1.7914823983670227,ok,True
-1.7914823983670227,-0.5998709172158265,0.2142237428221783,0.0,1.0,7.92,RL,0.8694306486764467,True,True,-0.4411709814374151,3.0327205005502713,22.815754898829105,True,4.520873655327759,0.791015625,0.47078814053921947,44.912109375,95.185546875,1.7914823983670227,ok,True
-1.7914823983670227,-0.5998709172158265,0.002652298606929736,0.0,1.0,7.92,RR,0.36943064867644676,False,False,-3.334009915906877,-36.039165261427016,-16.43746034342295,False,18.18976886028826,0.791015625,2.062407656372092,54.66796875,87.36328125,1.7914823983670227,ok,True
-1.736800236750371,-0.5031837127984202,0.02606070615673492,0.0,1.0,7.94,FL,0.38331953756533566,False,False,-4.110020625611805,-41.971689238184666,-22.424968357099804,False,25.32381416081803,0.791015625,1.4642585353573367,53.61328125,88.50585937500001,1.736800236750371,ok,True
-1.736800236750371,-0.5031837127984202,0.22897059705856065,0.0,1.0,7.94,FR,0.8833195375653357,True,True,8.90999715843933,9.51298392854607,29.258989828933114,False,0.0,0.791015625,0.4830004126695463,42.978515625,94.833984375,1.736800236750371,ok,True
-1.736800236750371,-0.5031837127984202,0.07895707252709334,0.0,1.0,7.94,RL,0.8833195375653357,True,True,-1.2016756050515083,2.44897398474954,22.240755086532463,False,5.323096741959989,0.791015625,0.4588423314499906,44.208984375,94.21875,1.736800236750371,ok,True
-1.736800236750371,-0.5031837127984202,0.001957067543873605,0.0,1.0,7.94,RR,0.38331953756533566,False,False,-3.0963817400363225,-38.85226818649258,-19.2897911910141,False,13.846768639732506,0.791015625,2.065915529055912,55.1953125,87.626953125,1.736800236750371,ok,True
-1.4238702596804227,-0.2855478149551254,0.026487764206884232,0.0,1.0,7.96,FL,0.39720842645422455,False,False,-4.217696664336752,-43.30597229234517,-23.769663370769482,False,24.886218871008065,0.791015625,1.0772107325695368,53.7890625,88.330078125,1.4238702596804227,ok,True
-1.4238702596804227,-0.2855478149551254,0.18446699437855543,0.0,1.0,7.96,FR,0.8972084264542246,True,True,6.409184128885418,9.885971877044602,29.63933262774747,False,0.0,0.791015625,0.4862242430838657,42.626953125,94.21875,1.4238702596804227,ok,True
-1.4238702596804227,-0.2855478149551254,0.03360107041674746,0.0,1.0,7.96,RL,0.8972084264542246,True,True,-1.2702042080428022,1.4758440495251786,21.277652113924503,False,4.6917972743944345,0.791015625,0.4812113684580325,43.76953125,93.427734375,1.4238702596804227,ok,True
-1.4238702596804227,-0.2855478149551254,0.000548435223163128,0.0,1.0,7.96,RR,0.39720842645422455,False,False,-2.7061948242291316,-41.54490695520401,-22.01022251524567,False,12.203420246293504,0.791015625,2.014430743942962,55.72265625,87.71484375,1.4238702596804227,ok,True
-0.9418826092614266,-0.05023342178983793,0.02738044517831558,0.0,1.0,7.98,FL,0.41109731534311345,False,False,-4.2629065104054265,-44.32255336771615,-24.79436586065772,False,24.865132225600362,0.791015625,0.7003313429768248,53.96484375,88.41796875,0.9418826092614266,ok,True
-0.9418826092614266,-0.05023342178983793,0.16368249903724047,0.0,1.0,7.98,FR,0.9110973153431134,True,False,3.523662370892945,9.71201890775141,29.476399116006355,False,0.0,0.791015625,0.445998911016617,42.36328125,93.8671875,0.9418826092614266,ok,True
-0.9418826092614266,-0.05023342178983793,0.026345331906210787,0.0,1.0,7.98,RL,0.9110973153431134,True,False,-1.1714325880761574,0.7456918494743976,20.554648838256167,False,3.600502674754153,0.791015625,0.5702898939455783,43.41796875,92.63671875,0.9418826092614266,ok,True
-0.9418826092614266,-0.05023342178983793,0.0036609812486029657,0.0,1.0,7.98,RR,0.41109731534311345,False,False,-2.389871147005708,-44.09902758799126,-24.58861959514086,False,13.217703027659852,0.791015625,1.8823367635588708,55.72265625,87.890625,0.9418826092614266,ok,True
-0.35878373148734555,0.17603458761320503,0.02659188496653064,0.0,1.0,8.0,FL,0.42498620423200234,False,False,-4.282545591666975,-45.281454034891944,-25.762517956672276,False,24.287275246278387,0.791015625,0.442242114987839,54.228515625,88.2421875,0.35878373148734555,ok,True
-0.35878373148734555,0.17603458761320503,0.1306600429192196,0.0,1.0,8.0,FR,0.9249862042320023,True,False,0.6399630435695371,9.295423495566215,29.06925221467773,False,0.0,0.791015625,0.39550334133787624,42.275390625,93.69140625,0.35878373148734555,ok,True
-0.35878373148734555,0.17603458761320503,0.024019344876392564,0.0,1.0,8.0,RL,0.9249862042320023,True,False,-1.0060475919045595,0.07125459529241127,19.884668238987004,False,2.475038639282448,0.791015625,0.6724041862362368,43.505859375,92.28515625,0.35878373148734555,ok,True
-0.35878373148734555,0.17603458761320503,0.008472604505730938,0.0,1.0,8.0,RR,0.42498620423200234,False,False,-2.302146601280523,-46.39840500368751,-26.91075388781773,False,14.264402737219909,0.791015625,1.7424016127504127,55.98632812500001,88.06640625,0.35878373148734555,ok,True
0.2040802902328846,0.3708209996252463,0.02245319469882826,0.0,1.0,8.02,FL,0.43887509312089124,False,False,-4.223378128066287,-46.2625445706209,-26.754746287521748,False,20.942559516617447,0.791015625,0.40732250542951615,54.4921875,87.890625,0.3708209996252463,ok,True
0.2040802902328846,0.3708209996252463,0.06187726616120098,0.0,1.0,8.02,FR,0.9388750931208912,True,False,-1.2728988753629018,8.47118329610991,28.250043922878437,True,9.795183764777349,0.791015625,0.3916400840257395,42.36328125,93.1640625,0.3708209996252463,ok,True
0.2040802902328846,0.3708209996252463,0.02561192012586598,0.0,1.0,8.02,RL,0.9388750931208912,True,False,-0.7672717845568222,-0.5860891116659028,19.229197189015633,False,3.358085186059123,0.791015625,0.809456034547677,43.76953125,92.28515625,0.3708209996252463,ok,True
0.2040802902328846,0.3708209996252463,0.011370785222953084,0.0,1.0,8.02,RR,0.43887509312089124,False,False,-2.3375285813937094,-48.29800754959907,-28.829317881724347,False,14.431968511133299,0.791015625,1.5788698880212528,56.513671875,88.2421875,0.3708209996252463,ok,True
0.6288162877194201,0.42793330483706216,0.014791218250526615,0.0,1.0,8.040000000000001,FL,0.45276398200978013,False,False,-3.893950752683853,-46.9175194719604,-27.422782699192094,False,16.31584233418166,0.791015625,0.5448568473540686,54.84375,87.5390625,0.6288162877194201,ok,True
0.6288162877194201,0.42793330483706216,0.02238016724802924,0.0,1.0,8.040000000000001,FR,0.9527639820097802,True,False,-1.745124888806477,7.740604456300801,27.521520545989635,False,11.424656486546743,0.791015625,0.38835199621053507,42.71484375,92.900390625,0.6288162877194201,ok,True
0.6288162877194201,0.42793330483706216,0.05509232588065678,0.0,1.0,8.040000000000001,RL,0.9527639820097802,True,False,-0.1325531202754221,-0.32437890892897636,19.491063212911126,False,2.8654896822637363,0.791015625,0.9573482871345353,44.296875,92.37304687500001,0.6288162877194201,ok,True
0.6288162877194201,0.42793330483706216,0.013729365511097632,0.0,1.0,8.040000000000001,RR,0.45276398200978013,False,False,-2.38505549383905,-49.55469063809785,-30.09820005800573,False,14.480472450619867,0.791015625,1.377138180833266,57.041015625,88.330078125,0.6288162877194201,ok,True
0.9135666871093271,0.3127828984647044,0.008015903291204402,0.0,1.0,8.06,FL,0.466652870898669,False,False,-3.3817522413088876,-47.357146836300295,-27.877948049488648,False,13.242824425110381,0.791015625,0.7683342784325833,55.283203125,87.626953125,0.9135666871093271,ok,True
0.9135666871093271,0.3127828984647044,0.024580778826586838,0.0,1.0,8.06,FR,0.966652870898669,True,False,-1.8832390496775104,7.46712118690465,27.251286196974927,False,9.373275609771003,0.791015625,0.2886655091742377,42.890625,92.724609375,0.9135666871093271,ok,True
0.9135666871093271,0.3127828984647044,0.11937087368833647,0.0,1.0,8.06,RL,0.966652870898669,True,False,-0.08640787243961029,1.2286240902315577,21.04351207991162,False,2.1252683897930957,0.791015625,0.8823785479793681,44.912109375,92.724609375,0.9135666871093271,ok,True
0.9135666871093271,0.3127828984647044,0.016371027228398675,0.0,1.0,8.06,RR,0.466652870898669,False,False,-2.4611721659678447,-50.35896953821808,-30.906942262104657,False,17.65444946689252,0.791015625,1.1998142146126451,57.12890625,88.330078125,0.9135666871093271,ok,True
1.0904960380824125,0.13108432673035034,0.002892119070235804,0.0,1.0,8.08,FL,0.4805417597875579,False,False,-2.871169884245574,-47.97296070219159,-28.511292754854015,False,12.138984853258016,0.791015625,0.9893748531703651,55.72265625,87.71484375,1.0904960380824125,ok,True
1.0904960380824125,0.13108432673035034,0.022793981003661545,0.0,1.0,8.08,FR,0.9805417597875579,True,False,-1.8314087520821045,7.197656340008445,26.98498283286697,False,9.897285919569976,0.791015625,0.15989031404898196,43.2421875,92.4609375,1.0904960380824125,ok,True
1.0904960380824125,0.13108432673035034,0.05889857981776533,0.0,1.0,8.08,RL,0.9805417597875579,True,False,-0.3700834235256627,1.5029207812302416,21.31765952482601,False,1.0653505831671906,0.791015625,0.8576509935625244,45.439453125,92.900390625,1.0904960380824125,ok,True
1.0904960380824125,0.13108432673035034,0.01732978961947621,0.0,1.0,8.08,RR,0.4805417597875579,False,False,-2.7241221672590217,-51.07114111562163,-31.623159498180453,False,19.19836476717844,0.791015625,1.1320731615356332,57.12890625,87.890625,1.0904960380824125,ok,True
1.1313436029941961,-0.013152598328301481,0.0002682459012628872,0.0,1.0,8.1,FL,0.4944306486764468,False,False,-2.4644544552318117,-48.893041528303876,-29.449288444515233,False,10.933900694854552,0.791015625,1.2088028507101118,55.98632812500001,87.5390625,1.1313436029941961,ok,True
1.1313436029941961,-0.013152598328301481,0.022209875226272772,0.0,1.0,8.1,FR,0.9944306486764468,True,False,-1.79373616934728,6.84183660264039,26.63213227839863,False,10.584082532835732,0.791015625,0.010903647569934144,43.59375,92.37304687500001,1.1313436029941961,ok,True
1.1313436029941961,-0.013152598328301481,0.018975481488818693,0.0,1.0,8.1,RL,0.9944306486764468,True,False,-0.2639558078635085,0.6371141170885607,20.451956185655348,False,1.2051028645072637,0.791015625,0.8326213773646207,45.966796875,93.1640625,1.1313436029941961,ok,True
1.1313436029941961,-0.013152598328301481,0.013930230086874587,0.0,1.0,8.1,RR,0.4944306486764468,False,False,-3.0215847487639267,-51.77736680164102,-32.337154912595224,False,20.198772653157377,0.791015625,1.1608183436770418,57.48046875,87.626953125,1.1313436029941961,ok,True
1.0307882024840085,-0.08145714171617406,0.0008842793861278702,0.0,1.0,8.120000000000001,FL,0.5083195375653357,True,False,-2.1969252335351173,-50.063858532484595,-30.636403081967487,False,12.235002519818385,0.791015625,1.3775584051887193,56.42578125,87.626953125,1.0307882024840085,ok,True
1.0307882024840085,-0.08145714171617406,0.020756553426460437,0.0,1.0,8.120000000000001,FR,0.008319537565335544,False,False,-1.7999043168412352,6.256241992645812,26.050034706613456,False,10.264746657957842,0.791015625,-0.09051733715210226,44.033203125,91.93359375,1.0307882024840085,ok,True
1.0307882024840085,-0.08145714171617406,0.015291167664015134,0.0,1.0,8.120000000000001,RL,0.008319537565335544,False,False,-0.13532770554395418,-0.7244698720668956,19.090682568710985,False,1.730992332332041,0.791015625,0.7739318879087792,46.40625,92.98828125,1.0307882024840085,ok,True
1.0307882024840085,-0.08145714171617406,0.010352127206074674,0.0,1.0,8.120000000000001,RR,0.5083195375653357,True,False,-3.2579293710398876,-52.647573445607634,-33.222636423451064,False,19.061026307648245,0.791015625,1.2446346796868333,57.919921875,87.626953125,1.0307882024840085,ok,True
0.8385984322434348,-0.13435513029967608,0.0020717641252239,0.0,1.0,8.14,FL,0.5222084264542245,True,False,-2.1209325664247913,-51.3801332040585,-31.969602458387435,False,13.024212827120978,0.791015625,1.4526346132827324,56.77734375,87.978515625,0.8385984322434348,ok,True
0.8385984322434348,-0.13435513029967608,0.01717691989999755,0.0,1.0,8.14,FR,0.022208426454224384,False,False,-1.7778286612272765,5.3444356820601,25.143011882210367,False,10.430340009520798,0.791015625,-0.08734790611941859,44.47265625,91.494140625,0.8385984322434348,ok,True
0.8385984322434348,-0.13435513029967608,0.004220333553645642,0.0,1.0,8.14,RL,0.022208426454224384,False,False,-0.2893565681981215,-2.137557206754099,17.677863986710722,False,3.124174477791142,0.791015625,0.7330699078534657,46.66992187500001,92.4609375,0.8385984322434348,ok,True
0.8385984322434348,-0.13435513029967608,0.007464725750664978,0.0,1.0,8.14,RR,0.5222084264542245,True,False,-3.308164232543714,-53.853605139254405,-34.449469031148276,False,18.066897164703068,0.791015625,1.3334354863233868,58.27148437499999,87.802734375,0.8385984322434348,ok,True
0.5708584079564538,-0.19343506503451954,0.00592517186319193,0.0,1.0,8.16,FL,0.5360973153431133,True,False,-2.1424280396872,-52.75530170467258,-33.36235855035355,False,12.62639970543586,0.791015625,1.4388783290955407,57.216796875,88.41796875,0.5708584079564538,ok,True
0.5708584079564538,-0.19343506503451954,0.014145791622757016,0.0,1.0,8.16,FR,0.03609731534311322,False,False,-1.7763969309026393,4.108322484261547,23.913087022655578,False,10.364482400859092,0.791015625,0.02596753164988451,44.82421875,90.966796875,0.5708584079564538,ok,True
0.5708584079564538,-0.19343506503451954,0.005491298713784782,0.0,1.0,8.16,RL,0.03609731534311322,False,False,-0.6354700110819609,-3.4848303571327155,16.330637153592143,False,6.294943018906915,0.791015625,0.7339634451256324,46.7578125,92.109375,0.5708584079564538,ok,True
0.5708584079564538,-0.19343506503451954,0.005008368097945313,0.0,1.0,8.16,RR,0.5360973153431133,True,False,-3.2024373538171167,-55.385675230544514,-36.00815257156695,False,15.46992272666656,0.791015625,1.3738088853794959,58.71093750000001,88.2421875,0.5708584079564538,ok,True
0.29597574397964244,-0.21547938390640983,0.009723246896151887,0.0,1.0,8.18,FL,0.5499862042320022,True,False,-2.122926096662731,-54.02374694749916,-34.644521221961824,False,12.284541264624703,0.791015625,1.2993388895077258,57.568359375,89.033203125,0.29597574397964244,ok,True
0.29597574397964244,-0.21547938390640983,0.011051927213791453,0.0,1.0,8.18,FR,0.04998620423200206,False,False,-1.8091976163337014,2.5803437478211344,22.390884708053303,False,10.886450832094928,0.791015625,0.2876402234691299,45.087890625,90.52734375,0.29597574397964244,ok,True
0.29597574397964244,-0.21547938390640983,0.010785611493971076,0.0,1.0,8.18,RL,0.04998620423200206,False,False,-1.0161912391806887,-4.649801597831227,15.165364988305676,False,10.524955341212475,0.791015625,0.7827598136054523,46.93359375,91.58203125,0.29597574397964244,ok,True
0.29597574397964244,-0.21547938390640983,0.0013731565411584342,0.0,1.0,8.18,RR,0.5499862042320022,True,False,-2.8966365430846546,-57.150375106043434,-37.80492692921355,False,11.403491895186626,0.791015625,1.342924273049815,59.23828124999999,88.857421875,0.29597574397964244,ok,True
0.06652021681231601,-0.19783803423340188,0.013324367696224533,0.0,1.0,8.2,FL,0.563875093120891,True,False,-2.0443888532402643,-55.11229686089422,-35.74202990815492,False,11.262487100013011,0.791015625,1.0574366608915369,58.095703125,89.912109375,0.19783803423340188,ok,True
0.06652021681231601,-0.19783803423340188,0.010232238264716042,0.0,1.0,8.2,FR,0.0638750931208909,False,False,-1.8722345752318938,0.834260057954421,20.648596465286627,False,11.560175124455936,0.791015625,0.6681651114204418,45.52734375,90.087890625,0.19783803423340188,ok,True
0.06652021681231601,-0.19783803423340188,0.012434699033197827,0.0,1.0,8.2,RL,0.0638750931208909,False,False,-1.4426742817611193,-5.614916801229915,14.199322889417447,False,12.85152438165938,0.791015625,0.9017237768940345,46.93359375,91.142578125,0.19783803423340188,ok,True
0.06652021681231601,-0.19783803423340188,0.002139502562188785,0.0,1.0,8.2,RR,0.563875093120891,True,False,-2.388569375072161,-59.06876433050547,-39.75781945370678,False,7.5598940128228005,0.791015625,1.2132052528264705,59.58984374999999,89.736328125,0.19783803423340188,ok,True
-0.11724098315893172,-0.17062116147243067,0.015537075567248058,0.0,1.0,8.22,FL,0.5777639820097799,True,False,-1.903431030214493,-56.02522644645618,-36.659647452779026,False,9.30857875201659,0.791015625,0.798970761546629,58.53515625,90.87890625,0.17062116147243067,ok,True
-0.11724098315893172,-0.17062116147243067,0.011454521403401799,0.0,1.0,8.22,FR,0.07776398200977974,False,False,-1.9705048359984003,-0.9663730815488324,18.84910394547508,False,13.028510062251081,0.791015625,1.066428053741716,45.87890625,89.560546875,0.17062116147243067,ok,True
-0.11724098315893172,-0.17062116147243067,0.011199884686342441,0.0,1.0,8.22,RL,0.07776398200977974,False,False,-1.8885492595377,-6.43203684582846,13.380682795904796,False,14.879370761083548,0.791015625,1.0899258744623406,47.021484375,90.615234375,0.17062116147243067,ok,True
-0.11724098315893172,-0.17062116147243067,0.004745732652695808,0.0,1.0,8.22,RR,0.5777639820097799,True,False,-1.8013692613426078,-60.977847331521026,-41.699080045166895,False,4.783121433235201,0.791015625,0.9983620418942444,59.765625,90.791015625,0.17062116147243067,ok,True
-0.25491460937352173,-0.1328089533005572,0.015695722166648208,0.0,1.0,8.24,FL,0.5916528708986687,True,False,-1.6701124708810509,-56.72825936026924,-37.360700455931024,False,7.746084768768004,0.791015625,0.5640338328867195,58.798828125,92.109375,0.25491460937352173,ok,True
-0.25491460937352173,-0.1328089533005572,0.010164095417838552,0.0,1.0,8.24,FR,0.09165287089866858,False,False,-2.154628476748535,-2.6434051937860064,17.17109929496644,False,15.676587746873523,0.791015625,1.4335393464249548,46.494140625,89.296875,0.25491460937352173,ok,True
-0.25491460937352173,-0.1328089533005572,0.009256125962066377,0.0,1.0,8.24,RL,0.09165287089866858,False,False,-2.308458527321269,-7.057707176977803,12.753465284293938,False,17.12055311740005,0.791015625,1.3099190405765144,47.021484375,90.087890625,0.25491460937352173,ok,True
-0.25491460937352173,-0.1328089533005572,0.010362232133481983,0.0,1.0,8.24,RR,0.5916528708986687,True,False,-1.207242710848159,-62.59132349330801,-43.335596704789225,False,2.4562177822897118,0.791015625,0.749584157826813,59.94140625000001,92.021484375,0.25491460937352173,ok,True
-0.374569600456449,-0.06604326635972023,0.014764281274075579,0.0,1.0,8.26,FL,0.6055417597875575,True,True,-1.3963998985543469,-57.141656633742166,-37.76543642177265,False,5.917966960229395,0.791015625,0.39705051278238074,59.23828124999999,93.33984375000001,0.374569600456449,ok,True
-0.374569600456449,-0.06604326635972023,0.007062121953944362,0.0,1.0,8.26,FR,0.10554175978755742,False,False,-2.4343976242566687,-4.001295959821495,15.811338768999466,False,17.038103803033064,0.791015625,1.7183581022006147,46.93359375,89.033203125,0.374569600456449,ok,True
-0.374569600456449,-0.06604326635972023,0.006807103345416841,0.0,1.0,8.26,RL,0.10554175978755742,False,False,-2.694859076667229,-7.445286718320466,12.36447571590334,False,18.083234955189706,0.791015625,1.5431706705374755,47.109375,89.560546875,0.374569600456449,ok,True
-0.374569600456449,-0.06604326635972023,0.045928751372792224,0.0,1.0,8.26,RR,0.6055417597875575,True,True,-0.14154751347768627,-63.1214461361939,-43.858925777719605,False,2.3982976538447978,0.791015625,0.5422562108610107,60.20507812499999,93.33984375000001,0.374569600456449,ok,True
-0.5047316714661886,0.019490112485761216,0.015585654871386027,0.0,1.0,8.28,FL,0.6194306486764464,True,True,-1.03162889953619,-57.26696359504154,-37.875177525864665,False,3.624330019966458,0.791015625,0.29615803290266685,59.501953125,94.833984375,0.5047316714661886,ok,True
-0.5047316714661886,0.019490112485761216,0.0052018677659573295,0.0,1.0,8.28,FR,0.11943064867644626,False,False,-2.7041992921348763,-5.191678361324159,14.618913919606523,False,18.160095880321126,0.791015625,1.9294451274050712,47.373046875,88.76953125,0.5047316714661886,ok,True
-0.5047316714661886,0.019490112485761216,0.004379553755080062,0.0,1.0,8.28,RL,0.11943064867644626,False,False,-3.0238797688170274,-7.690660985729941,12.11798022542645,False,21.133954809516297,0.791015625,1.8058103303283208,47.63671875000001,89.12109375,0.5047316714661886,ok,True
-0.5047316714661886,0.019490112485761216,0.19139926354498105,0.0,1.0,8.28,RR,0.6194306486764464,True,True,1.226593778085084,-60.5345261804992,-41.199256178890444,False,0.0,0.791015625,0.4818763596199268,60.55664062500001,94.921875,0.5047316714661886,ok,True
-0.5588138386654165,0.04524226011923072,0.04535233674174395,0.0,1.0,8.3,FL,0.6333195375653352,True,True,-0.14070366722570593,-56.70897571252714,-37.288171343935254,False,2.9761127535516803,0.791015625,0.21051401928394187,59.67773437500001,96.240234375,0.5588138386654165,ok,True
-0.5588138386654165,0.04524226011923072,0.0069235179689705545,0.0,1.0,8.3,FR,0.1333195375653351,False,False,-2.9415875676972147,-6.496370779870722,13.31114735073707,False,18.976702577259804,0.791015625,2.203688972713433,47.724609375,88.330078125,0.5588138386654165,ok,True
-0.5588138386654165,0.04524226011923072,0.0034952058038992474,0.0,1.0,8.3,RL,0.1333195375653351,False,False,-3.38807998272609,-7.851427828391183,11.95639887284819,False,22.464231593178802,0.791015625,2.0975334376711396,48.1640625,88.50585937500001,0.5588138386654165,ok,True
-0.5588138386654165,0.04524226011923072,0.23655331771820245,0.0,1.0,8.3,RR,0.6333195375653352,True,True,2.492157155510216,-57.166102633656976,-37.74976311984137,False,0.0,0.791015625,0.4516856974951849,60.90820312500001,96.591796875,0.5588138386654165,ok,True
-0.502474615943848,-0.005530036603504757,0.2112226577022948,0.0,1.0,8.32,FL,0.647208426454224,True,True,1.383618500411783,-52.963410937788815,-33.46968414562006,False,0.0,0.791015625,0.30833668405018605,59.501953125,97.55859375,0.502474615943848,ok,True
-0.502474615943848,-0.005530036603504757,0.008508819604206859,0.0,1.0,8.32,FR,0.14720842645422394,False,False,-3.1425142890800437,-7.9386436473542075,11.863963670565713,False,20.195137119206574,0.791015625,2.5355789284080577,48.1640625,88.2421875,0.502474615943848,ok,True
-0.502474615943848,-0.005530036603504757,0.0050884654477074,0.0,1.0,8.32,RL,0.14720842645422394,False,False,-3.7098842071813314,-8.097446359871808,11.709476970134036,False,24.46740649622759,0.791015625,2.364918015499225,48.33984375,87.978515625,0.502474615943848,ok,True
-0.502474615943848,-0.005530036603504757,0.22208186298506297,0.0,1.0,8.32,RR,0.647208426454224,True,True,3.815483724010988,-54.25250758010268,-34.76992025860472,False,0.0,0.791015625,0.44915067309372403,60.732421875,97.998046875,0.502474615943848,ok,True
-0.39582252174152066,-0.13953831688589566,0.2713439851053882,0.0,1.0,8.34,FL,0.6610973153431129,True,True,3.39618846346805,-48.3007876230541,-28.73645698979365,False,0.0,0.791015625,0.38574737384386776,59.32617187500001,98.701171875,0.39582252174152066,ok,True
-0.39582252174152066,-0.13953831688589566,0.009195244646906634,0.0,1.0,8.34,FR,0.16109731534311278,False,False,-3.294554055137348,-9.621110862525262,10.173397026428313,False,19.850471004933514,0.791015625,2.8281883221431614,48.515625,87.802734375,0.39582252174152066,ok,True
-0.39582252174152066,-0.13953831688589566,0.006772304011378332,0.0,1.0,8.34,RL,0.16109731534311278,False,False,-3.9831634897939394,-8.763015526436408,11.042272207584855,False,25.25326231422465,0.791015625,2.5999140371143863,48.603515625,87.5390625,0.39582252174152066,ok,True
-0.39582252174152066,-0.13953831688589566,0.24039200932878527,0.0,1.0,8.34,RR,0.6610973153431129,True,True,4.964701670018521,-51.22759415263684,-31.688657443577213,False,0.0,0.791015625,0.46537681247625035,60.380859375,99.140625,0.39582252174152066,ok,True
-0.2397928640690882,-0.2728470895184517,0.26412818379586617,0.0,1.0,8.36,FL,0.6749862042320017,True,True,5.601221058589304,-44.10345126795279,-24.46222903469421,False,0.0,0.791015625,0.4334485383161612,58.88671875,99.4921875,0.2728470895184517,ok,True
-0.2397928640690882,-0.2728470895184517,0.00943552050482116,0.0,1.0,8.36,FR,0.17498620423200162,False,False,-3.3874382151202824,-11.482797424057448,8.300889010712321,False,21.076414761569048,0.791015625,3.056005227678409,48.779296875,87.36328125,0.2728470895184517,ok,True
-0.2397928640690882,-0.2728470895184517,0.0038245617534898696,0.0,1.0,8.36,RL,0.17498620423200162,False,False,-4.1741215289114,-9.756171428411658,10.045712511852688,False,25.19273348460409,0.791015625,2.7885694604998976,48.8671875,87.099609375,0.2728470895184517,ok,True
-0.2397928640690882,-0.2728470895184517,0.2571557999046201,0.0,1.0,8.36,RR,0.6749862042320017,True,True,5.929614394192654,-48.01973853463462,-28.419075824690523,False,0.0,0.791015625,0.4712047373037802,59.94140625000001,100.1953125,0.2728470895184517,ok,True
-0.08196627561563646,-0.40480141964043176,0.26085740441419,0.0,1.0,8.38,FL,0.6888750931208906,True,True,7.817702884418027,-40.21282872974858,-20.516950821009583,False,0.0,0.791015625,0.4575913776634275,58.27148437499999,100.37109375,0.40480141964043176,ok,True
-0.08196627561563646,-0.40480141964043176,0.008060566292279565,0.0,1.0,8.38,FR,0.18887509312089046,False,False,-3.5149084836927287,-13.388638299558792,6.383922866759324,False,20.91569001766591,0.791015625,3.18064726695222,49.130859375,87.275390625,0.40480141964043176,ok,True
-0.08196627561563646,-0.40480141964043176,0.0035981380698819148,0.0,1.0,8.38,RL,0.18887509312089046,False,False,-4.269664915376673,-11.014494953644482,8.781492931274661,False,24.71368148668174,0.791015625,2.950138899255606,49.130859375,86.66015625,0.40480141964043176,ok,True
-0.08196627561563646,-0.40480141964043176,0.3014551226205868,0.0,1.0,8.38,RR,0.6888750931208906,True,True,6.818152401750675,-43.98794718573773,-24.321080959309924,False,0.0,0.791015625,0.47915336890070875,58.88671875,100.810546875,0.40480141964043176,ok,True
0.10750622906067686,-0.5105609784613627,0.2700860819398082,0.0,1.0,8.4,FL,0.7027639820097794,True,True,10.10965051015643,-36.40742079858837,-16.672494536449776,False,0.0,0.791015625,0.46749877040844096,57.48046875,101.162109375,0.5105609784613627,ok,True
0.10750622906067686,-0.5105609784613627,0.00691985915286065,0.0,1.0,8.4,FR,0.2027639820097793,False,False,-3.5690363807024323,-15.299066373473151,4.4678102452709485,False,20.315648799388686,0.791015625,3.230116416487883,49.39453125000001,87.275390625,0.5105609784613627,ok,True
0.10750622906067686,-0.5105609784613627,0.005491225222876892,0.0,1.0,8.4,RL,0.2027639820097793,False,False,-4.275543146772718,-12.538486492729447,7.247849568067178,False,24.062702977489867,0.791015625,3.034279903329449,49.21875,86.220703125,0.5105609784613627,ok,True
0.10750622906067686,-0.5105609784613627,0.34837537081928144,0.0,1.0,8.4,RR,0.7027639820097794,True,True,7.526288296904264,-39.01086875223237,-19.288527343138732,False,0.0,0.791015625,0.4957120008213507,57.83203125,101.162109375,0.5105609784613627,ok,True
0.35772864548537264,-0.5744429853389628,0.2961844294904222,0.0,1.0,8.42,FL,0.7166528708986682,True,True,12.42415205023216,-32.377184125093,-12.615509848588381,False,0.0,0.791015625,0.4759782844526644,56.689453125,101.68945312500001,0.5744429853389628,ok,True
0.35772864548537264,-0.5744429853389628,0.005681823360854136,0.0,1.0,8.42,FR,0.21665287089866814,False,False,-3.5507399364053187,-17.253533133621865,2.505594445803194,False,20.45403572294139,0.791015625,3.2364689689506854,49.5703125,87.099609375,0.5744429853389628,ok,True
0.35772864548537264,-0.5744429853389628,0.006463803291700823,0.0,1.0,8.42,RL,0.21665287089866814,False,False,-4.226990589528593,-14.335653567888377,5.437586094573989,False,23.6123677907802,0.791015625,3.035406738853955,49.39453125000001,86.220703125,0.5744429853389628,ok,True
0.35772864548537264,-0.5744429853389628,0.35317370049424346,0.0,1.0,8.42,RR,0.7166528708986682,True,True,7.9873366774918555,-33.96774014465958,-14.210757454659788,False,0.0,0.791015625,0.49886195743466766,56.513671875,101.42578125,0.5744429853389628,ok,True
0.6412822763229603,-0.6005782317331354,0.3123811763664656,0.0,1.0,8.44,FL,0.7305417597875571,True,True,14.583449607236503,-28.26127568203651,-8.484403700599575,False,0.0,0.791015625,0.48571002455216994,55.72265625,102.12890625,0.6412822763229603,ok,True
0.6412822763229603,-0.6005782317331354,0.005140310561519214,0.0,1.0,8.44,FR,0.23054175978755698,False,False,-3.555953161228694,-19.21474183771477,0.5347591077195908,False,21.210984668729008,0.791015625,3.1911637703013622,50.009765625,87.1875,0.6412822763229603,ok,True
0.6412822763229603,-0.6005782317331354,0.007710555446908527,0.0,1.0,8.44,RL,0.23054175978755698,False,False,-4.154147195660131,-16.334279667563116,3.432363914215731,False,23.09924610769873,0.791015625,2.996827449518757,49.658203125,86.30859375,0.6412822763229603,ok,True
0.6412822763229603,-0.6005782317331354,0.3388724708123695,0.0,1.0,8.44,RR,0.7305417597875571,True,True,8.382304787944307,-29.247111550042966,-9.474076480169934,False,0.0,0.791015625,0.48894455678048504,55.107421875,101.337890625,0.6412822763229603,ok,True
0.9266775504353933,-0.6080021889806744,0.3137303502428736,0.0,1.0,8.46,FL,0.7444306486764459,True,True,16.57830991241895,-24.343115466929206,-4.542164777162352,False,0.0,0.791015625,0.48719882848971785,54.580078125,102.216796875,0.9266775504353933,ok,True
0.9266775504353933,-0.6080021889806744,0.00591217956133772,0.0,1.0,8.46,FR,0.24443064867644582,False,False,-3.6006149189242684,-21.146106172700726,-1.40832003549464,False,20.509396173782598,0.791015625,3.0805525296695766,50.36132812500001,87.36328125,0.9266775504353933,ok,True
0.9266775504353933,-0.6080021889806744,0.007623749280788213,0.0,1.0,8.46,RL,0.24443064867644582,False,False,-4.064080600962666,-18.544191817678634,1.2102396570455412,False,22.26659057774746,0.791015625,2.9332974018656035,50.2734375,86.484375,0.9266775504353933,ok,True
0.9266775504353933,-0.6080021889806744,0.3649977253308114,0.0,1.0,8.46,RR,0.7444306486764459,True,True,9.120952732784794,-24.01245922409796,-4.210791909250101,False,0.0,0.791015625,0.4850377463284141,53.876953125,101.42578125,0.9266775504353933,ok,True
1.223699057315128,-0.620553325912811,0.32235726277449045,0.0,1.0,8.48,FL,0.7583195375653348,True,True,18.152468364220226,-20.510770703238645,-0.697952231711497,False,0.0,0.791015625,0.49448202217074455,53.525390625,102.12890625,1.223699057315128,ok,True
1.223699057315128,-0.620553325912811,0.005708399416534195,0.0,1.0,8.48,FR,0.25831953756533466,False,False,-3.5737760338791293,-23.137468635165156,-3.412473235960988,False,20.52291081440835,0.791015625,2.920919712719308,50.888671875,87.626953125,1.223699057315128,ok,True
1.223699057315128,-0.620553325912811,0.006844565839686281,0.0,1.0,8.48,RL,0.25831953756533466,False,False,-3.8983693322426074,-21.016038604411097,-1.2792472448197714,False,20.065830928254385,0.791015625,2.839258654469216,50.712890625,86.66015625,1.223699057315128,ok,True
1.223699057315128,-0.620553325912811,0.3885534812654052,0.0,1.0,8.48,RR,0.7583195375653348,True,True,9.991413542561556,-18.36313834512495,1.4521828529584795,False,0.0,0.791015625,0.4913770128114593,52.3828125,101.162109375,1.223699057315128,ok,True
1.4994297111484098,-0.6703094649834488,0.3596385119766824,0.0,1.0,8.5,FL,0.7722084264542236,True,True,19.52572806993367,-16.167087457772883,3.6476955344065267,False,0.0,0.791015625,0.4951568882966328,52.29492187500001,101.77734375,1.4994297111484098,ok,True
1.4994297111484098,-0.6703094649834488,0.008016119149902502,0.0,1.0,8.5,FR,0.2722084264542235,False,False,-3.5385344442591844,-25.142839386439892,-5.431150220497017,False,21.221367322760983,0.791015625,2.709728444876871,51.50390625,87.802734375,1.4994297111484098,ok,True
1.4994297111484098,-0.6703094649834488,0.00608306888407819,0.0,1.0,8.5,RL,0.2722084264542235,False,False,-3.677923660659742,-23.718205517205313,-4.001925176382816,False,19.9399794743747,0.791015625,2.737753173545408,51.240234375,87.01171875,1.4994297111484098,ok,True
1.4994297111484098,-0.6703094649834488,0.36567844303788616,0.0,1.0,8.5,RR,0.7722084264542236,True,True,10.065004975193185,-13.216230462085116,6.593632183972778,False,0.0,0.791015625,0.5077560329644811,51.064453125,100.8984375,1.4994297111484098,ok,True
1.7787456772349834,-0.7288291738055066,0.36784864964027125,0.0,1.0,8.52,FL,0.7860973153431124,True,True,20.56301949823363,-11.750560168757941,8.054458722552448,False,0.0,0.791015625,0.4841111833323424,50.9765625,101.337890625,1.7787456772349834,ok,True
1.7787456772349834,-0.7288291738055066,0.010085467339374888,0.0,1.0,8.52,FR,0.28609731534311234,False,False,-3.557504661431083,-27.15968742241055,-7.461414370726402,False,22.0826836781268,0.791015625,2.5052314557543864,52.119140625,87.890625,1.7787456772349834,ok,True
1.7787456772349834,-0.7288291738055066,0.0072946595613776356,0.0,1.0,8.52,RL,0.28609731534311234,False,False,-3.509750263411486,-26.46707674021125,-6.773632195164058,False,19.474731739350226,0.791015625,2.6241687869508685,51.767578125,87.275390625,1.7787456772349834,ok,True
1.7787456772349834,-0.7288291738055066,0.34665710765257296,0.0,1.0,8.52,RR,0.7860973153431124,True,True,9.141548636835216,-8.474974586889106,11.31920695439022,False,0.0,0.791015625,0.5127302699879689,49.833984375,100.283203125,1.7787456772349834,ok,True
2.057063303057291,-0.8124749817386978,0.35775520036343295,0.0,1.0,8.540000000000001,FL,0.7999862042320013,True,True,20.908255711664033,-7.4790785592160365,12.308436551492685,False,0.0,0.791015625,0.4685128385572661,49.833984375,100.634765625,2.057063303057291,ok,True
2.057063303057291,-0.8124749817386978,0.011522391223043016,0.0,1.0,8.540000000000001,FR,0.2999862042320012,False,False,-3.641745164327588,-29.20180310247158,-9.518272503954023,False,23.13107566652996,0.791015625,2.3374230624945596,52.55859375,88.06640625,2.057063303057291,ok,True
2.057063303057291,-0.8124749817386978,0.008748912457036868,0.0,1.0,8.540000000000001,RL,0.2999862042320012,False,False,-3.388664073571586,-29.136077023321107,-9.465964729331542,False,19.73602359990608,0.791015625,2.5308700228225414,52.29492187500001,87.5390625,2.057063303057291,ok,True
2.057063303057291,-0.8124749817386978,0.2952354213027139,0.0,1.0,8.540000000000001,RR,0.7999862042320013,True,True,6.953174418624256,-4.795415909422265,14.986000038562924,False,0.0,0.791015625,0.5051580592767173,48.427734375,99.580078125,2.057063303057291,ok,True
2.3365435075334977,-0.9116080320207111,0.3201392185397513,0.0,1.0,8.56,FL,0.8138750931208901,True,True,20.323684571595834,-3.7731139020746607,15.998561682670351,False,0.0,0.791015625,0.44828896932235557,48.69140625,99.84375,2.3365435075334977,ok,True
2.3365435075334977,-0.9116080320207111,0.012429270093481045,0.0,1.0,8.56,FR,0.31387509312089,False,False,-3.778435898457354,-31.23817044404544,-11.571057900070379,False,24.04156198047154,0.791015625,2.2272831351265387,53.173828125,88.330078125,2.3365435075334977,ok,True
2.3365435075334977,-0.9116080320207111,0.010069479946787616,0.0,1.0,8.56,RL,0.31387509312089,False,False,-3.3280331828784635,-31.61047701452957,-11.963724849316435,False,19.609554691814676,0.791015625,2.474774167442518,52.822265625,87.802734375,2.3365435075334977,ok,True
2.3365435075334977,-0.9116080320207111,0.2687693239492245,0.0,1.0,8.56,RR,0.8138750931208901,True,True,4.160500212754173,-1.6485457687522034,18.124023300679088,False,0.0,0.791015625,0.48615359429085747,47.197265625,98.78906250000001,2.3365435075334977,ok,True
2.6006432632496703,-1.002282947516199,0.26442753924607854,0.0,1.0,8.58,FL,0.827763982009779,True,True,19.026163952516537,-0.926226241397509,18.83704447651158,False,0.0,0.791015625,0.42589365151775865,47.63671875000001,98.876953125,2.6006432632496703,ok,True
2.6006432632496703,-1.002282947516199,0.013119924817541142,0.0,1.0,8.58,FR,0.32776398200977885,False,False,-3.911943646458787,-33.18585129622078,-13.534924680540133,False,24.565758831214197,0.791015625,2.1628638656543293,53.61328125,88.41796875,2.6006432632496703,ok,True
2.6006432632496703,-1.002282947516199,0.010633307570480189,0.0,1.0,8.58,RL,0.32776398200977885,False,False,-3.2846516042594476,-33.83092313091405,-14.206467421563701,False,19.355826059398453,0.791015625,2.459296557278447,53.26171875,87.978515625,2.6006432632496703,ok,True
2.6006432632496703,-1.002282947516199,0.2860702507066861,0.0,1.0,8.58,RR,0.827763982009779,True,True,1.6377352828554625,1.9220598516754048,21.680204219508127,False,0.0,0.791015625,0.4692098460529239,45.615234375,97.91015625,2.6006432632496703,ok,True
2.830101438389784,-1.0679639001946286,0.24149907500788614,0.0,1.0,8.6,FL,0.8416528708986678,True,True,17.638592340050618,1.7557512684852312,21.510964379677997,False,0.0,0.791015625,0.4181626469184212,46.66992187500001,97.998046875,2.830101438389784,ok,True
2.830101438389784,-1.0679639001946286,0.012829594644438903,0.0,1.0,8.6,FR,0.3416528708986677,False,False,-4.049227775577511,-35.00534997822895,-15.369646956359485,False,25.860471229636968,0.791015625,2.122541412096551,53.701171875,88.50585937500001,2.830101438389784,ok,True
2.830101438389784,-1.0679639001946286,0.010738130046263198,0.0,1.0,8.6,RL,0.3416528708986677,False,False,-3.2448696584008765,-35.76785205825161,-16.16411535592452,False,17.137246747003786,0.791015625,2.4879434902281865,53.7890625,88.330078125,2.830101438389784,ok,True
2.830101438389784,-1.0679639001946286,0.25021593287240584,0.0,1.0,8.6,RR,0.8416528708986678,True,True,-0.7291031521149232,4.906721846497021,24.653602279460433,True,6.820332911885308,0.791015625,0.45076521471374226,44.47265625,97.03125,2.830101438389784,ok,True
2.769512187522312,-0.9332996541905537,0.18833171259594977,0.0,1.0,8.620000000000001,FL,0.8555417597875566,True,True,15.499555420477249,3.5450437467568046,23.299051278808246,False,0.0,0.791015625,0.4917346508571003,45.791015625,97.119140625,2.769512187522312,ok,True
2.769512187522312,-0.9332996541905537,0.013831690412182325,0.0,1.0,8.620000000000001,FR,0.35554175978755653,False,False,-4.22660498788242,-36.26496038979879,-16.638262421858226,False,26.13057042203978,0.791015625,1.8521715421205036,53.96484375,88.59375,2.769512187522312,ok,True
2.769512187522312,-0.9332996541905537,0.011583427208059133,0.0,1.0,8.620000000000001,RL,0.35554175978755653,False,False,-2.9794500806578537,-37.42810063147485,-17.847112410558807,False,11.862267735167043,0.791015625,2.5447582248343705,54.140625,88.41796875,2.769512187522312,ok,True
2.769512187522312,-0.9332996541905537,0.08466125043646794,0.0,1.0,8.620000000000001,RR,0.8555417597875566,True,True,-1.511098002954521,5.197761361142119,24.951208317630552,False,6.760452111481719,0.791015625,0.38603764497259485,43.2421875,95.537109375,2.769512187522312,ok,True
2.419212246651633,-0.6771696109423142,0.16390561665935824,0.0,1.0,8.64,FL,0.8694306486764455,True,True,12.572449377749546,4.464953819994185,24.22447773476841,False,0.0,0.791015625,0.49379542471604626,44.82421875,96.328125,2.419212246651633,ok,True
2.419212246651633,-0.6771696109423142,0.017676379726692122,0.0,1.0,8.64,FR,0.3694306486764454,False,False,-4.336899492530397,-36.80797627404065,-17.182231550659925,False,25.072163028174963,0.791015625,1.4068910703196547,54.140625,88.681640625,2.419212246651633,ok,True
2.419212246651633,-0.6771696109423142,0.008447124995035768,0.0,1.0,8.64,RL,0.3694306486764454,False,False,-2.526972061142073,-38.97074102104062,-19.409690106571123,False,10.870693634353769,0.791015625,2.471605340564306,54.31640625,88.59375,2.419212246651633,ok,True
2.419212246651633,-0.6771696109423142,0.039650331014517,0.0,1.0,8.64,RR,0.8694306486764455,True,True,-1.5844946948962921,5.423569275204168,25.187774483628477,False,7.057656522796905,0.791015625,0.4119404327500492,42.099609375,94.21875,2.419212246651633,ok,True
1.8686760220287018,-0.377100073302375,0.159169877002464,0.0,1.0,8.66,FL,0.8833195375653343,True,True,9.214881250184007,5.082284791605779,24.848848146640975,False,0.0,0.791015625,0.4534794273176316,44.12109375,95.625,1.8686760220287018,ok,True
1.8686760220287018,-0.377100073302375,0.02228087128030192,0.0,1.0,8.66,FR,0.3833195375653342,False,False,-4.327794111579103,-36.9429714201556,-17.313969134908145,False,23.817406348351025,0.791015625,0.9366087642851287,54.140625,88.330078125,1.8686760220287018,ok,True
1.8686760220287018,-0.377100073302375,0.0027284170109176556,0.0,1.0,8.66,RL,0.3833195375653342,False,False,-2.1890852292432603,-40.38147542922676,-20.832672240443156,False,11.270788586801945,0.791015625,2.288420084528291,54.4921875,88.76953125,1.8686760220287018,ok,True
1.8686760220287018,-0.377100073302375,0.03314475883384438,0.0,1.0,8.66,RR,0.8833195375653343,True,True,-1.5458024312437688,6.067855343212851,25.842898845524765,False,5.868969256942225,0.791015625,0.5291379453984818,41.220703125,92.98828125,1.8686760220287018,ok,True
1.176063572149607,-0.09522706324023456,0.1444088751534655,0.0,1.0,8.68,FL,0.8972084264542232,True,True,5.743415510571222,5.791613584531563,25.563180159656355,False,0.0,0.791015625,0.39682665386373867,43.505859375,95.09765625,1.176063572149607,ok,True
1.176063572149607,-0.09522706324023456,0.024642117302369614,0.0,1.0,8.68,FR,0.39720842645422305,False,False,-4.252916532408974,-36.96625703316347,-17.33481888491604,False,23.527123906563244,0.791015625,0.5577931745850637,54.31640625,87.890625,1.176063572149607,ok,True
1.176063572149607,-0.09522706324023456,0.0038827011019591556,0.0,1.0,8.68,RL,0.39720842645422305,False,False,-2.040443127501505,-41.58633117347131,-22.044586608846213,False,12.83340097378476,0.791015625,2.0830120988791685,55.01953125000001,89.033203125,1.176063572149607,ok,True
1.176063572149607,-0.09522706324023456,0.030220360363160354,0.0,1.0,8.68,RR,0.8972084264542232,True,True,-1.448279462017827,6.843159506201555,26.62772432443048,False,5.078824952572953,0.791015625,0.6696894046679787,40.95703125,92.197265625,1.176063572149607,ok,True
0.3946855706144565,0.12114251150863069,0.10485377132559634,0.0,1.0,8.700000000000001,FL,0.911097315343112,True,False,2.434085787471469,6.410308978427174,26.18593560114859,False,0.0,0.791015625,0.336916952508271,43.06640625,94.658203125,0.3946855706144565,ok,True
0.3946855706144565,0.12114251150863069,0.023627935032641767,0.0,1.0,8.700000000000001,FR,0.4110973153431119,False,False,-4.179553242083748,-37.2062410112533,-17.579599645778547,False,22.16073666985055,0.791015625,0.3669284221708076,54.66796875,87.36328125,0.3946855706144565,ok,True
0.3946855706144565,0.12114251150863069,0.009331319913804585,0.0,1.0,8.700000000000001,RL,0.4110973153431119,False,False,-2.105302712352968,-42.58789973768323,-23.04955690002032,False,14.716435136401742,0.791015625,1.9380681254495906,55.107421875,89.12109375,0.3946855706144565,ok,True
0.3946855706144565,0.12114251150863069,0.026728107393205833,0.0,1.0,8.700000000000001,RR,0.911097315343112,True,False,-1.2911152953001201,7.344747086344588,27.13756211190759,False,4.253969965912074,0.791015625,0.774192609418525,40.95703125,91.58203125,0.3946855706144565,ok,True
-0.4031148516621142,0.2662530639709391,0.07078105460530205,0.0,1.0,8.72,FL,0.9249862042320008,True,False,-0.4788795837937787,6.975391599297404,26.7533122639486,True,5.849619768678472,0.791015625,0.2921385237559717,42.890625,94.04296875,0.4031148516621142,ok,True
-0.4031148516621142,0.2662530639709391,0.01923148054630121,0.0,1.0,8.72,FR,0.42498620423200073,False,False,-4.05876706022619,-37.997763461761686,-18.38670294660743,False,20.648997698940306,0.791015625,0.4166435461631121,55.107421875,87.01171875,0.4031148516621142,ok,True
-0.4031148516621142,0.2662530639709391,0.013107944894350972,0.0,1.0,8.72,RL,0.42498620423200073,False,False,-2.326246799084306,-43.52897224294374,-23.99224628137691,False,17.442666862312635,0.791015625,1.8757692561671027,55.72265625,89.208984375,0.4031148516621142,ok,True
-0.4031148516621142,0.2662530639709391,0.024080443250686805,0.0,1.0,8.72,RR,0.9249862042320008,True,False,-1.1216618171819188,7.232158511258239,27.032367166829403,False,3.5846337621910496,0.791015625,0.8346304950979274,41.220703125,91.40625000000001,0.4031148516621142,ok,True
-1.0526106729446578,0.31323345780007017,0.03657249020211542,0.0,1.0,8.74,FL,0.9388750931208897,True,False,-1.5821321510233397,6.826594201160826,26.603899623198124,False,12.228943841763282,0.791015625,0.10498254676167944,42.890625,93.515625,1.0526106729446578,ok,True
-1.0526106729446578,0.31323345780007017,0.014577485673548631,0.0,1.0,8.74,FR,0.43887509312088957,False,False,-3.748034336740029,-39.204529886527766,-19.62173034532241,False,13.720402978640005,0.791015625,0.7073051591895282,55.634765625,86.572265625,1.0526106729446578,ok,True
-1.0526106729446578,0.31323345780007017,0.014283536011859652,0.0,1.0,8.74,RL,0.43887509312088957,False,False,-2.6181953134074463,-44.35781307939828,-24.824140788395617,False,16.93079871612167,0.791015625,1.793921394260174,55.8984375,88.76953125,1.0526106729446578,ok,True
-1.0526106729446578,0.31323345780007017,0.027646107561402625,0.0,1.0,8.74,RR,0.9388750931208897,True,False,-0.8895599878967833,6.7773657534124405,26.583491690714787,False,4.4848198112533915,0.791015625,0.9392178438219615,41.66015625,91.494140625,1.0526106729446578,ok,True
-1.5819547888455519,0.2717441936180711,0.033704157445131284,0.0,1.0,8.76,FL,0.9527639820097785,True,False,-1.9697264306393452,6.5579216800956255,26.337312095715642,False,13.016816254854133,0.791015625,-0.03971047671073317,42.890625,93.1640625,1.5819547888455519,ok,True
-1.5819547888455519,0.2717441936180711,0.01677506572273174,0.0,1.0,8.76,FR,0.4527639820097784,False,False,-3.1089098261946786,-40.381569534420436,-20.829361101095408,False,9.209808649711912,0.791015625,0.9523884897478792,56.162109375,86.572265625,1.5819547888455519,ok,True
-1.5819547888455519,0.2717441936180711,0.01365457136686235,0.0,1.0,8.76,RL,0.4527639820097784,False,False,-2.7972440803950076,-45.12199693590871,-25.593200676135226,False,17.80736558615079,0.791015625,1.7002429506449486,55.8984375,88.330078125,1.5819547888455519,ok,True
-1.5819547888455519,0.2717441936180711,0.04139541671741698,0.0,1.0,8.76,RR,0.9527639820097785,True,False,-0.6133930654974689,6.714406428346132,26.524083104776032,False,4.1343447945016045,0.791015625,1.0387333538259644,42.275390625,91.58203125,1.5819547888455519,ok,True
-1.93119834347319,0.2419429908282745,0.03301847791300297,0.0,1.0,8.78,FL,0.9666528708986674,True,False,-2.179312544162211,6.181866051633177,25.96537149249918,False,13.627204962841086,0.791015625,-0.1480391551004205,43.06640625,92.98828125,1.93119834347319,ok,True
-1.93119834347319,0.2419429908282745,0.0227583347409107,0.0,1.0,8.78,FR,0.46665287089866725,False,False,-2.345507074366135,-41.70471379436572,-22.173590436876964,False,6.683867218235919,0.791015625,1.1492074173624223,56.513671875,86.30859375,1.93119834347319,ok,True
-1.93119834347319,0.2419429908282745,0.012564019204178562,0.0,1.0,8.78,RL,0.46665287089866725,False,False,-2.9632523232693186,-45.97653711452883,-26.45818652557851,False,18.557629415496606,0.791015625,1.5949027883836864,56.07421875,87.890625,1.93119834347319,ok,True
-1.93119834347319,0.2419429908282745,0.04950028496974517,0.0,1.0,8.78,RR,0.9666528708986674,True,False,-0.3791471859674947,6.761465106863718,26.573510837025953,False,2.8910115239982046,0.791015625,1.1187574673710454,42.978515625,91.93359375,1.93119834347319,ok,True
-2.0777460245396697,0.21657627984909186,0.03182463303314939,0.0,1.0,8.8,FL,0.9805417597875562,True,False,-2.2886025499896725,5.548374165185551,25.337570249852313,False,12.902981101437343,0.791015625,-0.22603970391484762,43.41796875,92.8125,2.0777460245396697,ok,True
-2.0777460245396697,0.21657627984909186,0.029789688024557698,0.0,1.0,8.8,FR,0.4805417597875561,False,False,-1.6533137978186583,-43.46786959602962,-23.9607524584239,False,6.618391843054789,0.791015625,1.3040395882710596,57.041015625,86.396484375,2.0777460245396697,ok,True
-2.0777460245396697,0.21657627984909186,0.011063349210725031,0.0,1.0,8.8,RL,0.4805417597875561,False,False,-3.12597952469865,-47.09856469434211,-27.59728576551396,False,19.044909110511494,0.791015625,1.5346456893965175,56.07421875,87.5390625,2.0777460245396697,ok,True
-2.0777460245396697,0.21657627984909186,0.052303581564900746,0.0,1.0,8.8,RR,0.9805417597875562,True,False,-0.11438680950647331,6.515332524373431,26.328611274530417,False,1.8955836836909619,0.791015625,1.1237862002172052,43.681640625,92.28515625,2.0777460245396697,ok,True
-2.0036738617811682,0.15949117546178923,0.03037076721151183,0.0,1.0,8.82,FL,0.994430648676445,True,False,-2.287349874860827,4.5462196146563185,24.34236962639219,False,12.286064511140923,0.791015625,-0.31050375217802345,43.857421875,92.63671875,2.0036738617811682,ok,True
-2.0036738617811682,0.15949117546178923,0.024588268047256594,0.0,1.0,8.82,FR,0.49443064867644493,False,False,-1.3111518010140328,-45.60839599995759,-26.13071549307386,False,7.223548052550034,0.791015625,1.4585217685433685,57.48046875,86.572265625,2.0036738617811682,ok,True
-2.0036738617811682,0.15949117546178923,0.00812976957621894,0.0,1.0,8.82,RL,0.49443064867644493,False,False,-3.264244135824988,-48.57675964893518,-29.09870333882475,False,19.845940696653553,0.791015625,1.5203680768471441,56.162109375,87.1875,2.0036738617811682,ok,True
-2.0036738617811682,0.15949117546178923,0.04483748489815838,0.0,1.0,8.82,RR,0.994430648676445,True,False,-0.008272706395390239,5.500346820982332,25.31442995872802,False,1.181912883136108,0.791015625,1.0404119485189465,44.296875,92.63671875,2.0036738617811682,ok,True
-1.6806964377558244,0.08544533268075018,0.029455688593506116,0.0,1.0,8.84,FL,0.00831953756533399,False,False,-2.225598596031025,3.120775503351772,22.924204017063172,False,12.035248428754208,0.791015625,-0.41499146878418847,44.296875,92.197265625,1.6806964377558244,ok,True
-1.6806964377558244,0.08544533268075018,0.018976300376304787,0.0,1.0,8.84,FR,0.508319537565334,True,False,-1.2253476042431624,-48.17305111470522,-28.728748940388485,False,8.749889727039632,0.791015625,1.6337909567731865,57.919921875,86.66015625,1.6806964377558244,ok,True
-1.6806964377558244,0.08544533268075018,0.004862491388406615,0.0,1.0,8.84,RL,0.508319537565334,True,False,-3.3857284666099288,-50.421467094798366,-30.97409636935808,False,19.934581966679787,0.791015625,1.5321443864544333,56.513671875,87.1875,1.6806964377558244,ok,True
-1.6806964377558244,0.08544533268075018,0.04252333182630857,0.0,1.0,8.84,RR,0.00831953756533399,False,False,-0.006555898880277605,3.4030254454733613,23.217748880459627,False,0.7604795636554817,0.791015625,0.8744886408776665,45.087890625,92.63671875,1.6806964377558244,ok,True
-1.2069219066826953,0.023242405493286586,0.028079340716159095,0.0,1.0,8.86,FL,0.022208426454222878,False,False,-2.1592193469785923,1.363366922143202,21.17313524226983,False,12.411815121693197,0.791015625,-0.4231293437906348,44.82421875,91.669921875,1.2069219066826953,ok,True
-1.2069219066826953,0.023242405493286586,0.013630803449889246,0.0,1.0,8.86,FR,0.5222084264542228,True,False,-1.342327136877413,-50.92053242068525,-31.510369616200308,False,11.487653996051092,0.791015625,1.7281536908944743,58.62304687499999,87.36328125,1.2069219066826953,ok,True
-1.2069219066826953,0.023242405493286586,0.004924437595988772,0.0,1.0,8.86,RL,0.5222084264542228,True,False,-3.41221383967618,-52.541368249011676,-33.131648283101,False,17.235730029971528,0.791015625,1.5870878823429293,56.865234375,87.36328125,1.2069219066826953,ok,True
-1.2069219066826953,0.023242405493286586,0.02413402264060041,0.0,1.0,8.86,RR,0.022208426454222878,False,False,-0.13240924922730546,0.7852415546161836,20.60051163175667,False,3.5500599948773064,0.791015625,0.7402574908628744,45.52734375,92.63671875,1.2069219066826953,ok,True
-0.691215723546948,-0.03447033258613178,0.02619157566593645,0.0,1.0,8.88,FL,0.036097315343111766,False,False,-2.123542142908507,-0.5738957392055054,19.24041096550198,False,11.599796836812882,0.791015625,-0.27186532427308585,45.52734375,91.23046875,0.691215723546948,ok,True
-0.691215723546948,-0.03447033258613178,0.012030293301186878,0.0,1.0,8.88,FR,0.5360973153431118,True,False,-1.5781492977574272,-53.55821516614698,-34.18251703155741,False,11.348024632074077,0.791015625,1.6859214802815414,59.23828124999999,88.330078125,0.691215723546948,ok,True
-0.691215723546948,-0.03447033258613178,0.008279065527140536,0.0,1.0,8.88,RL,0.5360973153431118,True,False,-3.2040829892201197,-54.81181121681149,-35.444518420238445,False,13.955887704486372,0.791015625,1.6474587284960989,57.48046875,87.802734375,0.691215723546948,ok,True
-0.691215723546948,-0.03447033258613178,0.010376766397513254,0.0,1.0,8.88,RR,0.036097315343111766,False,False,-0.608660889604401,-1.478768356955752,18.33671746174188,False,6.90359831504475,0.791015625,0.7025139260619967,46.142578125,92.197265625,0.691215723546948,ok,True
-0.1579747755690664,-0.0655491906013364,0.022484229665813857,0.0,1.0,8.9,FL,0.049986204232000654,False,False,-2.072424996757031,-2.6930305205258875,17.12238276704239,False,11.339327696666842,0.791015625,0.006969368396690532,45.87890625,90.703125,0.1579747755690664,ok,True
-0.1579747755690664,-0.0655491906013364,0.014201329721808716,0.0,1.0,8.9,FR,0.5499862042320006,True,False,-1.724456465510102,-55.996371391480984,-36.6490221509644,False,11.071179297230367,0.791015625,1.5321464196319985,59.67773437500001,88.857421875,0.1579747755690664,ok,True
-0.1579747755690664,-0.0655491906013364,0.012081932335068367,0.0,1.0,8.9,RL,0.5499862042320006,True,False,-2.796328010137239,-57.183693435922606,-37.8616654174567,False,10.12144746653502,0.791015625,1.6472163551259915,58.27148437499999,88.50585937500001,0.1579747755690664,ok,True
-0.1579747755690664,-0.0655491906013364,0.01751388639034419,0.0,1.0,8.9,RR,0.049986204232000654,False,False,-1.0191094977797002,-3.476094538359067,16.339158326175507,False,9.772656965175694,0.791015625,0.7148678397429236,46.318359375,91.7578125,0.1579747755690664,ok,True
0.3454638795101133,-0.05661941174825495,0.019152792196140408,0.0,1.0,8.92,FL,0.06387509312088954,False,False,-2.059033550731514,-4.921759865043294,14.891036310779702,False,12.526305902321146,0.791015625,0.4042629803899936,46.40625,90.263671875,0.3454638795101133,ok,True
0.3454638795101133,-0.05661941174825495,0.016740641138247317,0.0,1.0,8.92,FR,0.5638750931208896,True,False,-1.786910224044253,-58.04203464901456,-38.711643528000636,False,12.787977468261024,0.791015625,1.2776620627812831,60.1171875,89.82421875,0.3454638795101133,ok,True
0.3454638795101133,-0.05661941174825495,0.014575871778306989,0.0,1.0,8.92,RL,0.5638750931208896,True,False,-2.2266892802800706,-59.57940721488593,-40.3014953229754,False,5.818520814341246,0.791015625,1.5385708444974926,58.798828125,89.47265625000001,0.3454638795101133,ok,True
0.3454638795101133,-0.05661941174825495,0.019022501463469847,0.0,1.0,8.92,RR,0.06387509312088954,False,False,-1.384187391739334,-5.088815805899357,14.726053996252361,False,13.635738427392145,0.791015625,0.8032253440755837,46.40625,91.318359375,0.3454638795101133,ok,True
0.74339347785945,-0.03591283848676388,0.019056360433821626,0.0,1.0,8.94,FL,0.07776398200977844,False,False,-2.1104530150158203,-7.016020606869346,12.790920511094498,False,13.08458366389126,0.791015625,0.8938392633497503,46.7578125,90.17578125,0.74339347785945,ok,True
0.74339347785945,-0.03591283848676388,0.020290194423487933,0.0,1.0,8.94,FR,0.5777639820097784,True,False,-1.8537322535497405,-59.51928317292684,-40.19699921036178,False,12.05787146161488,0.791015625,0.943141305201784,60.29296875000001,90.791015625,0.74339347785945,ok,True
0.74339347785945,-0.03591283848676388,0.016376088261851062,0.0,1.0,8.94,RL,0.5777639820097784,True,False,-1.5574415954605938,-61.77347159507244,-42.53275381176023,False,2.44472959493452,0.791015625,1.3277336932822827,59.4140625,90.966796875,0.74339347785945,ok,True
0.74339347785945,-0.03591283848676388,0.020197996344909964,0.0,1.0,8.94,RR,0.07776398200977844,False,False,-1.8781759876814186,-6.120509826404966,13.693899627114416,False,17.292821833536618,0.791015625,0.9657464739404072,46.494140625,90.791015625,0.74339347785945,ok,True
1.0103891058457808,0.04382568867928383,0.01709523354340315,0.0,1.0,8.96,FL,0.09165287089866733,False,False,-2.1706060810310728,-8.866156600672614,10.933824453672646,False,13.682908984731672,0.791015625,1.3821392190662982,47.197265625,90.17578125,1.0103891058457808,ok,True
1.0103891058457808,0.04382568867928383,0.022135932243087898,0.0,1.0,8.96,FR,0.5916528708986674,True,False,-1.8550525041786514,-60.499367768542456,-41.17618771923642,False,11.34821160120701,0.791015625,0.6035205825714416,60.46875,92.021484375,1.0103891058457808,ok,True
1.0103891058457808,0.04382568867928383,0.047679046216068006,0.0,1.0,8.96,RL,0.5916528708986674,True,False,-0.3315429354092611,-62.98963853422215,-43.75621652408391,False,1.8896659046268336,0.791015625,1.026567185576205,59.765625,92.63671875,1.0103891058457808,ok,True
1.0103891058457808,0.04382568867928383,0.018450349760751193,0.0,1.0,8.96,RR,0.09165287089866733,False,False,-2.4340694352476198,-6.68501999206668,13.128586692036182,False,19.354559796849465,0.791015625,1.169437108550357,46.58203125,90.263671875,1.0103891058457808,ok,True
1.17353725808567,0.1803502123376245,0.014315588201082039,0.0,1.0,8.98,FL,0.10554175978755623,False,False,-2.2543340603654767,-10.411537750588076,9.382252028924482,False,14.455473605285684,0.791015625,1.7589181752672898,47.63671875000001,89.912109375,1.17353725808567,ok,True
1.17353725808567,0.1803502123376245,0.02071242665263005,0.0,1.0,8.98,FR,0.6055417597875562,True,True,-1.7683307375662567,-61.20607943523741,-41.878374596892456,False,8.759717943035863,0.791015625,0.3513578613218864,60.46875,93.427734375,1.17353725808567,ok,True
1.17353725808567,0.1803502123376245,0.17230723468551845,0.0,1.0,8.98,RL,0.6055417597875562,True,True,1.65683977333754,-61.27053862498438,-41.97232255945667,False,0.0,0.791015625,0.7297504419799026,60.20507812499999,94.21875,1.17353725808567,ok,True
1.17353725808567,0.1803502123376245,0.013868148988533247,0.0,1.0,8.98,RR,0.10554175978755623,False,False,-2.9121500043287964,-7.1099810218418575,12.702060951976815,False,19.821057288525683,0.791015625,1.3727956844058573,46.7578125,89.82421875,1.17353725808567,ok,True
1.2776552002153938,0.301446889983239,0.011206974659442,0.0,1.0,9.0,FL,0.11943064867644512,False,False,-2.387473579767964,-11.805870714466206,7.98248768408444,False,16.826302986605675,0.791015625,2.018270572793973,47.8125,89.384765625,1.2776552002153938,ok,True
1.2776552002153938,0.301446889983239,0.017351829722723457,0.0,1.0,9.0,FR,0.6194306486764452,True,True,-1.5396036314817667,-61.75362937319662,-42.418900797465966,False,6.42433725121458,0.791015625,0.19664877057252644,60.46875,94.658203125,1.2776552002153938,ok,True
1.2776552002153938,0.301446889983239,0.22908175597504327,0.0,1.0,9.0,RL,0.6194306486764452,True,True,3.7419760822463184,-58.18257334993562,-38.797427577186824,False,0.0,0.791015625,0.5327914391232027,60.380859375,95.80078125,1.2776552002153938,ok,True
1.2776552002153938,0.301446889983239,0.009188547664813453,0.0,1.0,9.0,RR,0.11943064867644512,False,False,-3.2510669643069785,-7.559449860910853,12.250853190916313,False,20.778629550262433,0.791015625,1.604936083869834,47.109375,89.296875,1.2776552002153938,ok,True
1.3833933600368813,0.4117499289104426,0.00765969414870375,0.0,1.0,9.02,FL,0.13331953756533402,False,False,-2.6596552789051113,-13.065468651253404,6.717097918206797,False,19.023395101733065,0.791015625,2.1849878707378596,48.1640625,89.033203125,1.3833933600368813,ok,True
1.3833933600368813,0.4117499289104426,0.01837450774502607,0.0,1.0,9.02,FR,0.633319537565334,True,True,-1.1693311733956824,-61.99975994218463,-42.652150839841,False,4.46356018148399,0.791015625,0.13517370008615728,60.29296875000001,96.064453125,1.3833933600368813,ok,True
1.3833933600368813,0.4117499289104426,0.20063625539676117,0.0,1.0,9.02,RL,0.633319537565334,True,True,6.031396997941364,-55.58973536732896,-36.13643225234702,False,0.0,0.791015625,0.44533090449653784,60.55664062500001,97.470703125,1.3833933600368813,ok,True
1.3833933600368813,0.4117499289104426,0.004083467835047979,0.0,1.0,9.02,RR,0.13331953756533402,False,False,-3.495389608439703,-7.962077602623166,11.846461551952226,False,21.269159945050028,0.791015625,1.9052343448927505,47.373046875,88.76953125,1.3833933600368813,ok,True
1.4442147164287598,0.4874584208486014,0.005297445664393675,0.0,1.0,9.040000000000001,FL,0.1472084264542229,False,False,-2.9774931259599726,-14.16828868696008,5.607198420386391,False,19.04855347759944,0.791015625,2.3491853495805954,48.515625,88.50585937500001,1.4442147164287598,ok,True
1.4442147164287598,0.4874584208486014,0.05044933721152373,0.0,1.0,9.040000000000001,FR,0.6472084264542229,True,True,-0.27029465322356455,-61.39889514889291,-42.02176553661002,False,4.0701598635059515,0.791015625,0.13033778365683674,60.20507812499999,97.3828125,1.4442147164287598,ok,True
1.4442147164287598,0.4874584208486014,0.1970948403539223,0.0,1.0,9.040000000000001,RL,0.6472084264542229,True,True,8.458416102822321,-52.97351570213486,-33.461706344133574,False,0.0,0.791015625,0.4374079823954395,60.46875,98.701171875,1.4442147164287598,ok,True
1.4442147164287598,0.4874584208486014,0.004848354166734227,0.0,1.0,9.040000000000001,RR,0.1472084264542229,False,False,-3.6555004343025583,-8.30155151547096,11.505034788875067,False,21.45378223758601,0.791015625,2.188603040922456,47.900390625,88.330078125,1.4442147164287598,ok,True
1.4075603590168828,0.4904116998789798,0.004562252410472041,0.0,1.0,9.06,FL,0.1610973153431118,False,False,-3.1848581854509868,-15.209341314152176,4.562792256929804,False,19.589243379233544,0.791015625,2.5444697098162763,48.69140625,87.978515625,1.4075603590168828,ok,True
1.4075603590168828,0.4904116998789798,0.2547858119087649,0.0,1.0,9.06,FR,0.6610973153431118,True,True,1.1055277451784244,-56.699609676988324,-37.23099217939566,False,0.0,0.791015625,0.30040064528186083,59.67773437500001,98.61328125,1.4075603590168828,ok,True
1.4075603590168828,0.4904116998789798,0.19755916875382173,0.0,1.0,9.06,RL,0.6610973153431118,True,True,10.551564120306477,-50.20876097948815,-30.64681589490465,False,0.0,0.791015625,0.4713550637792432,60.20507812499999,99.84375,1.4075603590168828,ok,True
1.4075603590168828,0.4904116998789798,0.009314237492723062,0.0,1.0,9.06,RR,0.1610973153431118,False,False,-3.7421716343120845,-8.662056563729212,11.142441551219544,False,22.95694235312788,0.791015625,2.397035148633663,48.33984375,87.802734375,1.4075603590168828,ok,True
1.363204519398121,0.3806847140373092,0.004277353096671729,0.0,1.0,9.08,FL,0.1749862042320007,False,False,-3.33507351206019,-16.47234762249086,3.295525199859938,False,20.014807610413694,0.791015625,2.6891477096940215,49.04296875,87.71484375,1.363204519398121,ok,True
1.363204519398121,0.3806847140373092,0.35037262487014914,0.0,1.0,9.08,FR,0.6749862042320007,True,True,2.809902479264718,-50.369124755365526,-30.81059174509042,False,0.0,0.791015625,0.3887326135420953,59.0625,99.404296875,1.363204519398121,ok,True
1.363204519398121,0.3806847140373092,0.2318091125521836,0.0,1.0,9.08,RL,0.6749862042320007,True,True,11.823783675618166,-46.922724022486676,-27.294129272692466,False,0.0,0.791015625,0.5050161465857254,59.94140625000001,100.8984375,1.363204519398121,ok,True
1.363204519398121,0.3806847140373092,0.010938551194623006,0.0,1.0,9.08,RR,0.1749862042320007,False,False,-3.8710825498872863,-9.451165781480626,10.350859995822958,False,24.24285334823924,0.791015625,2.5669027108204476,48.603515625,87.1875,1.363204519398121,ok,True
1.2670236809390356,0.22694695438836515,0.0046753263961297285,0.0,1.0,9.1,FL,0.1888750931208896,False,False,-3.4264948591030824,-17.95033654509766,1.8105069865657946,False,19.62053671986895,0.791015625,2.820021680648409,49.306640625,87.5390625,1.2670236809390356,ok,True
1.2670236809390356,0.22694695438836515,0.314750971408231,0.0,1.0,9.1,FR,0.6888750931208896,True,True,4.7031364442406725,-45.16221106062157,-25.516781837965294,False,0.0,0.791015625,0.4187250592894149,58.35937500000001,100.107421875,1.2670236809390356,ok,True
1.2670236809390356,0.22694695438836515,0.26668199470100573,0.0,1.0,9.1,RL,0.6888750931208896,True,True,12.68430567225817,-43.12521146483972,-23.438631494353622,False,0.0,0.791015625,0.5093022898904697,59.0625,101.513671875,1.2670236809390356,ok,True
1.2670236809390356,0.22694695438836515,0.00761421400697472,0.0,1.0,9.1,RR,0.1888750931208896,False,False,-4.0277137549632815,-10.619802106180515,9.17800463017625,False,24.613568481019687,0.791015625,2.6561721641201825,49.04296875,86.66015625,1.2670236809390356,ok,True
1.1069762499335138,0.09437352971304126,0.005207949690753764,0.0,1.0,9.120000000000001,FL,0.2027639820097785,False,False,-3.443255628484257,-19.622084693267457,0.12939673135164043,False,19.778323884486017,0.791015625,2.9335572576131645,49.5703125,87.1875,1.1069762499335138,ok,True
1.1069762499335138,0.09437352971304126,0.32991189627681183,0.0,1.0,9.120000000000001,FR,0.7027639820097785,True,True,6.437159495691114,-40.00617132263396,-20.29846235828523,False,0.0,0.791015625,0.4540094045903424,57.48046875,100.458984375,1.1069762499335138,ok,True
1.1069762499335138,0.09437352971304126,0.2607665563828834,0.0,1.0,9.120000000000001,RL,0.7027639820097785,True,True,13.268197938566397,-39.63557772531464,-19.909645131398598,False,0.0,0.791015625,0.4914275446153445,58.35937500000001,102.216796875,1.1069762499335138,ok,True
1.1069762499335138,0.09437352971304126,0.003845463457995552,0.0,1.0,9.120000000000001,RR,0.2027639820097785,False,False,-4.133141849956352,-12.080192019103853,7.710548071211205,False,24.339275808362817,0.791015625,2.681208660771609,49.5703125,86.30859375,1.1069762499335138,ok,True
0.9569418227487921,-0.003037604212803636,0.005237877701079887,0.0,1.0,9.14,FL,0.2166528708986674,False,False,-3.4599753316338218,-21.40997284112398,-1.6701924796604004,False,20.426956821353137,0.791015625,2.9590246610812865,50.009765625,87.36328125,0.9569418227487921,ok,True
0.9569418227487921,-0.003037604212803636,0.31029538618003993,0.0,1.0,9.14,FR,0.7166528708986674,True,True,7.87343335556288,-35.57689732809645,-15.83255469540654,False,0.0,0.791015625,0.47809817856543857,56.513671875,100.8984375,0.9569418227487921,ok,True
0.9569418227487921,-0.003037604212803636,0.2961351128095123,0.0,1.0,9.14,RL,0.7166528708986674,True,True,13.819042002892207,-35.58840825097734,-15.832716762508046,False,0.0,0.791015625,0.4828918671084375,57.216796875,102.392578125,0.9569418227487921,ok,True
0.9569418227487921,-0.003037604212803636,0.00236614449375606,0.0,1.0,9.14,RR,0.2166528708986674,False,False,-4.163943595006981,-13.882344032193146,5.897565901284782,False,23.912263767107678,0.791015625,2.6885564799685016,49.658203125,86.1328125,0.9569418227487921,ok,True
0.80908217547511,-0.06800822232982513,0.005591356600760678,0.0,1.0,9.16,FL,0.23054175978755628,False,False,-3.4983193513761086,-23.32068000781398,-3.5956890092987166,False,20.361024397539925,0.791015625,2.9361548016346948,50.2734375,87.71484375,0.80908217547511,ok,True
0.80908217547511,-0.06800822232982513,0.3161699314024823,0.0,1.0,9.16,FR,0.7305417597875563,True,True,9.205425371055117,-31.32004994828797,-11.554005567171341,False,0.0,0.791015625,0.483879709440522,55.37109375,101.337890625,0.80908217547511,ok,True
0.80908217547511,-0.06800822232982513,0.31757936477090226,0.0,1.0,9.16,RL,0.7305417597875563,True,True,14.178886024107069,-31.261835263006812,-11.489818604865953,False,0.0,0.791015625,0.47663681336413793,55.8984375,102.3046875,0.80908217547511,ok,True
0.80908217547511,-0.06800822232982513,0.0009484083458022145,0.0,1.0,9.16,RR,0.23054175978755628,False,False,-4.152983470909123,-15.94465268891744,3.8266511194948514,False,23.717264028941408,0.791015625,2.6800618975971373,49.921875,86.1328125,0.80908217547511,ok,True
0.6278591124213705,-0.07310299353778145,0.005111616264350571,0.0,1.0,9.18,FL,0.24443064867644518,False,False,-3.49890231656538,-25.3993779536065,-5.691021742857533,False,19.92556257745216,0.791015625,2.904788004509201,50.712890625,87.890625,0.6278591124213705,ok,True
0.6278591124213705,-0.07310299353778145,0.328688781488221,0.0,1.0,9.18,FR,0.7444306486764452,True,True,10.463014240811843,-27.06143956835313,-7.278441301715208,False,0.0,0.791015625,0.48829161034612795,54.228515625,101.42578125,0.6278591124213705,ok,True
0.6278591124213705,-0.07310299353778145,0.3508064488237291,0.0,1.0,9.18,RL,0.7444306486764452,True,True,14.912583621343693,-26.433526361275938,-6.635108119523338,False,0.0,0.791015625,0.46579604036187444,54.66796875,102.216796875,0.6278591124213705,ok,True
0.6278591124213705,-0.07310299353778145,0.0029676402417546065,0.0,1.0,9.18,RR,0.24443064867644518,False,False,-4.112011550437916,-18.205644913036544,1.5575601541426423,False,22.989007472630036,0.791015625,2.6415562504429237,50.185546875,86.30859375,0.6278591124213705,ok,True
0.421033522823212,-0.001913116266044183,0.006082045438277483,0.0,1.0,9.200000000000001,FL,0.25831953756533405,False,False,-3.453279631276517,-27.57801892151481,-7.885589066544242,False,20.164073506775114,0.791015625,2.844589318277877,51.064453125,88.06640625,0.421033522823212,ok,True
0.421033522823212,-0.001913116266044183,0.3328609936720791,0.0,1.0,9.200000000000001,FR,0.758319537565334,True,True,11.21557908951578,-22.97925858592311,-3.175487585878866,False,0.0,0.791015625,0.4998832507968745,52.822265625,101.337890625,0.421033522823212,ok,True
0.421033522823212,-0.001913116266044183,0.38473849551493294,0.0,1.0,9.200000000000001,RL,0.758319537565334,True,True,16.134908406979356,-21.051927435811255,-1.2371579897817853,False,0.0,0.791015625,0.4606662202931303,53.61328125,102.12890625,0.421033522823212,ok,True
0.421033522823212,-0.001913116266044183,0.0033503980735801143,0.0,1.0,9.200000000000001,RR,0.25831953756533405,False,False,-4.027478059461652,-20.719674928096865,-0.9707341345436191,False,22.426679118810423,0.791015625,2.5700985488901775,50.80078125,86.484375,0.421033522823212,ok,True
0.2328711769663644,0.12241152030514273,0.00807441912068528,0.0,1.0,9.22,FL,0.27220842645422294,False,False,-3.449251524105041,-29.884167433584192,-10.20782482409701,False,21.493834312873584,0.791015625,2.72552040837206,51.416015625,88.330078125,0.2328711769663644,ok,True
0.2328711769663644,0.12241152030514273,0.3406639214769454,0.0,1.0,9.22,FR,0.7722084264542229,True,True,11.562609398448581,-19.047441153914082,0.7664421904114427,False,0.0,0.791015625,0.5073198714392656,51.50390625,100.986328125,0.2328711769663644,ok,True
0.2328711769663644,0.12241152030514273,0.3481020211713153,0.0,1.0,9.22,RL,0.7722084264542229,True,True,17.105855176281942,-16.565944991176053,3.2463726863102735,False,0.0,0.791015625,0.45461723602231346,52.3828125,101.77734375,0.2328711769663644,ok,True
0.2328711769663644,0.12241152030514273,0.002724610123527723,0.0,1.0,9.22,RR,0.27220842645422294,False,False,-3.9203532532428205,-23.54046693618284,-3.8131792021694437,False,20.827645665362915,0.791015625,2.5063143067817317,51.32812500000001,86.66015625,0.2328711769663644,ok,True
0.12221194318283993,0.21062660199174738,0.012130947855868879,0.0,1.0,9.24,FL,0.28609731534311184,False,False,-3.518462549554652,-32.24393823014798,-12.586925790696679,False,22.090386489097867,0.791015625,2.523683493127778,51.767578125,88.50585937500001,0.21062660199174738,ok,True
0.12221194318283993,0.21062660199174738,0.37911910131790016,0.0,1.0,9.24,FR,0.7860973153431119,True,True,11.58805800439539,-14.645166828343424,5.169277673804821,False,0.0,0.791015625,0.510458835858544,50.185546875,100.37109375,0.21062660199174738,ok,True
0.12221194318283993,0.21062660199174738,0.30183773355320725,0.0,1.0,9.24,RL,0.7860973153431119,True,True,17.25668425837236,-13.118315875983868,6.684651837907605,False,0.0,0.791015625,0.4752918052124624,51.240234375,101.337890625,0.21062660199174738,ok,True
0.12221194318283993,0.21062660199174738,0.0008982028118827476,0.0,1.0,9.24,RR,0.28609731534311184,False,False,-3.74024796935251,-26.670615094066758,-6.970128988248931,False,20.316966293038885,0.791015625,2.4638485192735673,51.943359375,87.01171875,0.21062660199174738,ok,True
0.053118974588529246,0.2716456564700516,0.016063812985699092,0.0,1.0,9.26,FL,0.29998620423200073,False,False,-3.622218689080709,-34.60840418842381,-14.973001605976833,False,22.89425178938011,0.791015625,2.303981299242745,52.20703125,88.59375,0.2716456564700516,ok,True
0.053118974588529246,0.2716456564700516,0.3673501279921532,0.0,1.0,9.26,FR,0.7999862042320007,True,True,10.842283248404309,-10.679471974866035,9.12833212827894,False,0.0,0.791015625,0.49972753035207534,48.8671875,99.66796875,0.2716456564700516,ok,True
0.053118974588529246,0.2716456564700516,0.2721539705964171,0.0,1.0,9.26,RL,0.7999862042320007,True,True,16.267481983097728,-10.32273695811121,9.472453037189286,False,0.0,0.791015625,0.49209967935454924,50.185546875,100.634765625,0.2716456564700516,ok,True
0.053118974588529246,0.2716456564700516,0.0014326877042557858,0.0,1.0,9.26,RR,0.29998620423200073,False,False,-3.560798969683865,-29.95839183762548,-10.288971156779539,False,19.489215409912557,0.791015625,2.4021232246985678,52.3828125,87.1875,0.2716456564700516,ok,True
0.015119322022732983,0.30936236606075085,0.019392764239418513,0.0,1.0,9.28,FL,0.3138750931208896,False,False,-3.7550955916815996,-36.93712904814442,-17.325457581283825,False,23.95068224310636,0.791015625,2.1108768896936163,52.55859375,88.76953125,0.30936236606075085,ok,True
0.015119322022732983,0.30936236606075085,0.334182695903592,0.0,1.0,9.28,FR,0.8138750931208896,True,True,9.24056754562836,-7.4187703397863105,12.382400946177498,False,0.0,0.791015625,0.47588583837300724,47.63671875000001,98.876953125,0.30936236606075085,ok,True
0.015119322022732983,0.30936236606075085,0.22797410595221043,0.0,1.0,9.28,RL,0.8138750931208896,True,True,14.128150819660641,-8.42680746488849,11.368020522393167,False,0.0,0.791015625,0.49052475950418156,49.130859375,99.84375,0.30936236606075085,ok,True
0.015119322022732983,0.30936236606075085,0.0031738982795310074,0.0,1.0,9.28,RR,0.3138750931208896,False,False,-3.417128188364482,-33.24165213822704,-13.60601627871317,False,19.676102015311894,0.791015625,2.3228503440821604,52.998046875,87.36328125,0.30936236606075085,ok,True
0.0025700918453401356,0.3527777919897248,0.020792464365716506,0.0,1.0,9.3,FL,0.3277639820097785,False,False,-3.903253807402803,-39.216382682987884,-19.630081704852437,False,24.506354776299393,0.791015625,1.9768093035004513,52.822265625,88.681640625,0.3527777919897248,ok,True
0.0025700918453401356,0.3527777919897248,0.31748824144697807,0.0,1.0,9.3,FR,0.8277639820097785,True,True,7.4534742746154885,-4.333481841930536,15.46037327179872,False,0.0,0.791015625,0.44865561657440034,46.40625,97.998046875,0.3527777919897248,ok,True
0.0025700918453401356,0.3527777919897248,0.21227025246352316,0.0,1.0,9.3,RL,0.8277639820097785,True,True,11.924538534353779,-6.8188552109736085,12.977218238742765,False,0.0,0.791015625,0.46751814736754027,48.076171875,98.96484375,0.3527777919897248,ok,True
0.0025700918453401356,0.3527777919897248,0.005434271702998991,0.0,1.0,9.3,RR,0.3277639820097785,False,False,-3.3370584263478915,-36.35126810906631,-16.75147697749644,False,19.353557782797303,0.791015625,2.2470058413224785,53.525390625,87.71484375,0.3527777919897248,ok,True
0.04920216228985518,0.40732521304795993,0.02188724137724828,0.0,1.0,9.32,FL,0.3416528708986674,False,False,-4.04198519323665,-41.38372691561448,-21.823545323363117,False,25.420611118115534,0.791015625,1.8747646420776165,53.173828125,88.76953125,0.40732521304795993,ok,True
0.04920216228985518,0.40732521304795993,0.29375300767399143,0.0,1.0,9.32,FR,0.8416528708986675,True,True,5.450635059794244,-1.5059047301068438,18.281095559453014,False,0.0,0.791015625,0.4406019142362715,45.17578125,97.119140625,0.40732521304795993,ok,True
0.04920216228985518,0.40732521304795993,0.21944152764782554,0.0,1.0,9.32,RL,0.8416528708986675,True,True,10.112258392023364,-4.9709028337670755,14.824273485309794,False,0.0,0.791015625,0.4486532061403112,47.021484375,98.0859375,0.40732521304795993,ok,True
0.04920216228985518,0.40732521304795993,0.00562759487153664,0.0,1.0,9.32,RR,0.3416528708986674,False,False,-3.2692539133625487,-39.267154277828745,-19.703724053090795,False,18.798568159185976,0.791015625,2.1965102345348884,53.96484375,87.890625,0.40732521304795993,ok,True
0.17883287126800446,0.4646949046548871,0.02259133003556955,0.0,1.0,9.34,FL,0.3555417597875563,False,False,-4.18346962958395,-43.39992376601118,-23.858484990219683,False,25.382202631497986,0.791015625,1.8028257728415278,53.26171875,88.59375,0.4646949046548871,ok,True
0.17883287126800446,0.4646949046548871,0.27318876041299733,0.0,1.0,9.34,FR,0.8555417597875563,True,True,3.2326715159912283,1.1853203547637499,20.966040931266186,False,0.0,0.791015625,0.4301348284575371,44.208984375,96.240234375,0.4646949046548871,ok,True
0.17883287126800446,0.4646949046548871,0.21646098543945616,0.0,1.0,9.34,RL,0.8555417597875563,True,True,8.541428373696935,-3.038095555930746,16.75557522371669,False,0.0,0.791015625,0.43860841200478495,45.966796875,96.943359375,0.4646949046548871,ok,True
0.17883287126800446,0.4646949046548871,0.00578481284383225,0.0,1.0,9.34,RR,0.3555417597875563,False,False,-3.2026354782630633,-41.91545207730689,-22.376216859293404,False,18.850286604379853,0.791015625,2.1815323019356123,54.4921875,88.06640625,0.4646949046548871,ok,True
0.37586410099645606,0.5489150838671408,0.022020480194891973,0.0,1.0,9.36,FL,0.3694306486764452,False,False,-4.281293923353833,-45.27352061030532,-25.749780809423193,False,25.964645874510115,0.791015625,1.7742074878622665,53.525390625,88.50585937500001,0.5489150838671408,ok,True
0.37586410099645606,0.5489150838671408,0.24291351230081884,0.0,1.0,9.36,FR,0.8694306486764452,True,True,0.8186851014019281,3.5572659457927682,23.333334379367237,False,0.0,0.791015625,0.4246569749352722,43.2421875,95.27343750000001,0.5489150838671408,ok,True
0.37586410099645606,0.5489150838671408,0.202973644401157,0.0,1.0,9.36,RL,0.8694306486764452,True,True,7.107971180124357,-1.2296191299367882,18.56364298321236,False,0.0,0.791015625,0.4359339884900583,45.17578125,95.80078125,0.5489150838671408,ok,True
0.37586410099645606,0.5489150838671408,0.005590041761476927,0.0,1.0,9.36,RR,0.3694306486764452,False,False,-3.15756679020213,-44.29990848804551,-24.782110663495978,False,18.629554624136002,0.791015625,2.1804282915499678,54.66796875,88.330078125,0.5489150838671408,ok,True
0.6115369543540062,0.6278587276690172,0.021961081629743424,0.0,1.0,9.38,FL,0.3833195375653341,False,False,-4.363721452049156,-46.91261524077224,-27.408099607289465,False,23.47230249528077,0.791015625,1.8061314521729996,53.61328125,88.2421875,0.6278587276690172,ok,True
0.6115369543540062,0.6278587276690172,0.15158701112091016,0.0,1.0,9.38,FR,0.8833195375653341,True,True,-1.190090425323649,4.42073318323169,24.198765314079196,True,9.799278072054838,0.791015625,0.4162309512686168,42.36328125,94.130859375,0.6278587276690172,ok,True
0.6115369543540062,0.6278587276690172,0.17048575853104228,0.0,1.0,9.38,RL,0.8833195375653341,True,True,5.691742146787325,0.1505188392436638,19.946313121117072,False,0.0,0.791015625,0.44398807519792993,44.73632812500001,94.921875,0.6278587276690172,ok,True
0.6115369543540062,0.6278587276690172,0.005255375641815268,0.0,1.0,9.38,RR,0.3833195375653341,False,False,-3.124494423228088,-46.3868599441446,-26.889701680439625,False,17.219568314720743,0.791015625,2.1541080585392103,54.931640625,88.41796875,0.6278587276690172,ok,True
0.6794181214014839,0.5666083967502086,0.018210970869060945,0.0,1.0,9.4,FL,0.397208426454223,False,False,-4.183540281713695,-47.8738253841972,-28.38883080159115,False,18.370685637949148,0.791015625,1.957489251753577,53.701171875,87.890625,0.6794181214014839,ok,True
0.6794181214014839,0.5666083967502086,0.05117578589984039,0.0,1.0,9.4,FR,0.897208426454223,True,True,-1.8198040259446435,4.016991346358758,23.8033504761487,False,11.186143872593348,0.791015625,0.35063323248480377,41.8359375,93.076171875,0.6794181214014839,ok,True
0.6794181214014839,0.5666083967502086,0.1241830824385267,0.0,1.0,9.4,RL,0.897208426454223,True,True,4.249200720670393,1.2623734797335964,21.061431648434056,False,0.0,0.791015625,0.45574817542122165,44.033203125,93.779296875,0.6794181214014839,ok,True
0.6794181214014839,0.5666083967502086,0.005515237823042321,0.0,1.0,9.4,RR,0.397208426454223,False,False,-3.0222387795160075,-47.70240161771013,-28.220260193230626,False,16.070234553160304,0.791015625,1.997803543159129,54.931640625,88.06640625,0.6794181214014839,ok,True
0.6398212997888743,0.4188432363327962,0.013011547617597593,0.0,1.0,9.42,FL,0.4110973153431119,False,False,-3.745860204762629,-47.95682492624022,-28.48344265791886,False,15.78378341716609,0.791015625,2.0674443740869135,53.701171875,87.5390625,0.6398212997888743,ok,True
0.6398212997888743,0.4188432363327962,0.03858218051259479,0.0,1.0,9.42,FR,0.9110973153431119,True,False,-2.0392043521578995,4.229224182872939,24.02307971018901,False,10.134869500508266,0.791015625,0.3225914096577739,41.396484375,92.197265625,0.6398212997888743,ok,True
0.6398212997888743,0.4188432363327962,0.08139828416085745,0.0,1.0,9.42,RL,0.9110973153431119,True,False,2.7713166711482473,2.3783733272665963,22.180463046756532,False,0.0,0.791015625,0.4427737262461974,44.033203125,93.33984375000001,0.6398212997888743,ok,True
0.6398212997888743,0.4188432363327962,0.004780141591616643,0.0,1.0,9.42,RR,0.4110973153431119,False,False,-2.903252042779445,-48.15034003257154,-28.675327005245908,False,16.082559300926743,0.791015625,1.8194149747797186,55.37109375,87.890625,0.6398212997888743,ok,True
0.5086896602223119,0.24216091336945325,0.007543889467127214,0.0,1.0,9.44,FL,0.4249862042320008,False,False,-3.3015586253833837,-47.408298328738056,-27.937505318118024,False,14.853759724024966,0.791015625,2.128725493324339,53.7890625,87.099609375,0.5086896602223119,ok,True
0.5086896602223119,0.24216091336945325,0.03249305741290934,0.0,1.0,9.44,FR,0.9249862042320007,True,False,-2.034872222703585,5.037905517041436,24.83664539290011,False,8.577753246018581,0.791015625,0.3260983202317152,41.1328125,91.58203125,0.5086896602223119,ok,True
0.5086896602223119,0.24216091336945325,0.03441977175445793,0.0,1.0,9.44,RL,0.9249862042320007,True,False,1.41999672610877,2.9877279570273663,22.79298302801766,False,0.0,0.791015625,0.42413721021310624,43.76953125,92.63671875,0.5086896602223119,ok,True
0.5086896602223119,0.24216091336945325,0.004430590414117257,0.0,1.0,9.44,RR,0.4249862042320008,False,False,-2.847199053221325,-47.95924859742954,-28.484960398733694,False,15.785397007596618,0.791015625,1.6682036423559918,55.37109375,87.626953125,0.5086896602223119,ok,True
0.3285246634273872,0.05264665573902908,0.0028034106042027014,0.0,1.0,9.46,FL,0.4388750931208897,False,False,-2.990564593160019,-46.486253790063856,-27.010963013924407,False,15.47918327924281,0.791015625,2.129732974453571,54.140625,86.8359375,0.3285246634273872,ok,True
0.3285246634273872,0.05264665573902908,0.02558781882309818,0.0,1.0,9.46,FR,0.9388750931208897,True,False,-1.8739950933993264,6.191392012798098,25.992644690215993,False,6.7505915916334525,0.791015625,0.37694393212684285,41.30859375,91.142578125,0.3285246634273872,ok,True
0.3285246634273872,0.05264665573902908,0.03620217015107313,0.0,1.0,9.46,RL,0.9388750931208897,True,False,-0.08735753714477282,3.22285115319164,23.031295755439892,True,1.3792012745308717,0.791015625,0.42249954309166693,43.76953125,92.109375,0.3285246634273872,ok,True
0.3285246634273872,0.05264665573902908,0.007058309421936,0.0,1.0,9.46,RR,0.4388750931208897,False,False,-2.8329246692143113,-47.410814664387,-27.931602094562557,False,16.722616379254056,0.791015625,1.5793360569457935,55.37109375,87.1875,0.3285246634273872,ok,True
0.1455005817733744,-0.09114568628381431,0.003643913409598662,0.0,1.0,9.48,FL,0.4527639820097786,False,False,-2.847820773690446,-45.44810110498831,-25.96462884928908,False,15.171509662162281,0.791015625,2.073193553617977,54.404296875,86.8359375,0.1455005817733744,ok,True
0.1455005817733744,-0.09114568628381431,0.0194311523896489,0.0,1.0,9.48,FR,0.9527639820097786,True,False,-1.6358173219069294,7.481486219517287,27.283434724828506,False,6.2765554250456885,0.791015625,0.47405048180622733,41.8359375,90.791015625,0.1455005817733744,ok,True
0.1455005817733744,-0.09114568628381431,0.015626559613215213,0.0,1.0,9.48,RL,0.9527639820097786,True,False,-0.7936404792189787,3.9892329349414295,23.797135238896082,False,4.4318435079887095,0.791015625,0.4291719705068869,44.033203125,92.109375,0.1455005817733744,ok,True
0.1455005817733744,-0.09114568628381431,0.009469142436565174,0.0,1.0,9.48,RR,0.4527639820097786,False,False,-2.859198493367925,-46.68595216427423,-27.200875666574824,False,15.77526663683269,0.791015625,1.5664266008012502,55.810546875,87.01171875,0.1455005817733744,ok,True
-0.04894588360516903,-0.17449551374603375,0.008507453719212521,0.0,1.0,9.5,FL,0.46665287089866747,False,False,-2.735301367396409,-44.5963890676236,-25.103943678274796,False,15.07920556883601,0.791015625,2.0080688334930863,54.931640625,86.923828125,0.17449551374603375,ok,True
-0.04894588360516903,-0.17449551374603375,0.01671328388370685,0.0,1.0,9.5,FR,0.9666528708986675,True,False,-1.4145220105602485,8.689467072308966,28.491291150789053,False,5.150803997572867,0.791015625,0.5674314384489993,42.5390625,91.142578125,0.17449551374603375,ok,True
-0.04894588360516903,-0.17449551374603375,0.009858723210385265,0.0,1.0,9.5,RL,0.9666528708986675,True,False,-0.9223499031959203,4.845650442242858,24.651189755461075,False,5.739844014179886,0.791015625,0.4405813839642392,44.12109375,91.93359375,0.17449551374603375,ok,True
-0.04894588360516903,-0.17449551374603375,0.011864660468747443,0.0,1.0,9.5,RR,0.46665287089866747,False,False,-2.825447457086155,-46.0513630964621,-26.562591007039938,False,15.01241303131055,0.791015625,1.5781003082984666,55.810546875,86.572265625,0.17449551374603375,ok,True
-0.23686320018833426,-0.24378895225957878,0.010922969369569685,0.0,1.0,9.52,FL,0.48054175978755637,False,False,-2.646005635345852,-44.142384654832796,-24.643955065015003,False,14.378450202460224,0.791015625,1.937809786371402,55.37109375,87.01171875,0.24378895225957878,ok,True
-0.23686320018833426,-0.24378895225957878,0.013485893436088876,0.0,1.0,9.52,FR,0.9805417597875563,True,False,-1.2175101779990962,9.48239525557857,29.28447453302149,False,5.33927369786328,0.791015625,0.6591543281029261,43.2421875,91.40625000000001,0.24378895225957878,ok,True
-0.23686320018833426,-0.24378895225957878,0.011127758263871638,0.0,1.0,9.52,RL,0.9805417597875563,True,False,-1.0163330760138076,5.3650666123618596,25.16831977569968,False,7.434425640514331,0.791015625,0.4575089296183132,44.47265625,92.197265625,0.24378895225957878,ok,True
-0.23686320018833426,-0.24378895225957878,0.014411173449940754,0.0,1.0,9.52,RR,0.48054175978755637,False,False,-2.767298319742529,-45.81952465961715,-26.330468065038037,False,15.890027462808524,0.791015625,1.5948518590270286,56.162109375,86.66015625,0.24378895225957878,ok,True
-0.4265836288213982,-0.2829171743926583,0.012109444464956216,0.0,1.0,9.540000000000001,FL,0.49443064867644526,False,False,-2.554210694581737,-44.316160368505074,-24.817383367307574,False,14.61539448862926,0.791015625,1.8661355997751987,55.8984375,87.1875,0.4265836288213982,ok,True
-0.4265836288213982,-0.2829171743926583,0.008877263393944375,0.0,1.0,9.540000000000001,FR,0.9944306486764453,True,False,-1.0555775841623976,9.526679452474633,29.33053566745498,False,3.4707605779318986,0.791015625,0.7500238880068701,43.857421875,91.669921875,0.4265836288213982,ok,True
-0.4265836288213982,-0.2829171743926583,0.010210270973383038,0.0,1.0,9.540000000000001,RL,0.9944306486764453,True,False,-1.1631989029742205,5.336563264864547,25.139315210241733,False,8.347967018880826,0.791015625,0.49522258181066897,45.0,92.37304687500001,0.4265836288213982,ok,True
-0.4265836288213982,-0.2829171743926583,0.014178929052619584,0.0,1.0,9.540000000000001,RR,0.49443064867644526,False,False,-2.7666978374601694,-46.22945965036204,-26.749065629569884,False,16.070050171427905,0.791015625,1.5964888667927757,56.77734375,86.8359375,0.4265836288213982,ok,True
-0.5732509905447951,-0.3148014627889121,0.010748917226624237,0.0,1.0,9.56,FL,0.5083195375653341,True,False,-2.515189045754882,-45.33627142413902,-25.846258646869323,False,15.242880171045945,0.791015625,1.7790225422587786,56.162109375,87.71484375,0.5732509905447951,ok,True
-0.5732509905447951,-0.3148014627889121,0.0060483200937703156,0.0,1.0,9.56,FR,0.008319537565334212,False,False,-0.8211928866410957,8.486946066170484,28.29384632132586,False,2.2318145882335765,0.791015625,0.8553274503004592,44.384765625,91.7578125,0.5732509905447951,ok,True
-0.5732509905447951,-0.3148014627889121,0.00917463025164656,0.0,1.0,9.56,RL,0.008319537565334212,False,False,-1.3006627175922783,4.471811772528282,24.2760165896117,False,8.9283955881525,0.791015625,0.5371242076377916,45.263671875,92.021484375,0.5732509905447951,ok,True
-0.5732509905447951,-0.3148014627889121,0.012815549227696753,0.0,1.0,9.56,RR,0.5083195375653341,True,False,-2.76539788614321,-47.54877596343921,-28.086656608715572,False,15.538523288011815,0.791015625,1.5982851241053606,57.216796875,87.01171875,0.5732509905447951,ok,True
-0.6394422236876384,-0.3231223399832278,0.007980518045593332,0.0,1.0,9.58,FL,0.5222084264542229,True,False,-2.540310509911017,-47.190791551486605,-27.718575637769536,False,16.122422906689984,0.791015625,1.6676217084228113,56.77734375,88.41796875,0.6394422236876384,ok,True
-0.6394422236876384,-0.3231223399832278,0.022459337383301456,0.0,1.0,9.58,FR,0.02220842645422305,False,False,-0.3915679558214209,6.057579354117988,25.8679146540379,False,1.995199955454151,0.791015625,0.9689360802298302,45.17578125,91.7578125,0.6394422236876384,ok,True
-0.6394422236876384,-0.3231223399832278,0.008704388190105218,0.0,1.0,9.58,RL,0.02220842645422305,False,False,-1.4118623326718551,2.794708352555347,22.601985232196764,False,9.148489933678329,0.791015625,0.5851170434414145,45.87890625,91.494140625,0.6394422236876384,ok,True
-0.6394422236876384,-0.3231223399832278,0.009290225302816323,0.0,1.0,9.58,RR,0.5222084264542229,True,False,-2.709480158159928,-49.80727785966113,-30.37322480917953,False,14.126677971474146,0.791015625,1.5934557311299153,57.919921875,87.626953125,0.6394422236876384,ok,True
-0.6205089584806102,-0.23662488789723396,0.00707056345407587,0.0,1.0,9.6,FL,0.5360973153431118,True,False,-2.609415433135139,-49.48408070893396,-30.032420473087786,False,16.313266047646806,0.791015625,1.5550063061954627,57.30468749999999,88.76953125,0.6205089584806102,ok,True
-0.6205089584806102,-0.23662488789723396,0.017078803919583854,0.0,1.0,9.6,FR,0.03609731534311189,False,False,-0.43836779598516173,3.1398065192957634,22.95301228422266,False,5.862892889632967,0.791015625,1.1028496788294901,45.87890625,91.93359375,0.6205089584806102,ok,True
-0.6205089584806102,-0.23662488789723396,0.01159057682060039,0.0,1.0,9.6,RL,0.03609731534311189,False,False,-1.4973277254988897,0.7051444932358761,20.516303388025065,False,10.251541775327965,0.791015625,0.657472726634045,46.58203125,91.318359375,0.6205089584806102,ok,True
-0.6205089584806102,-0.23662488789723396,0.004265559984969777,0.0,1.0,9.6,RR,0.5360973153431118,True,False,-2.532465349819707,-52.583908871147415,-33.18562407250863,False,12.431860648849904,0.791015625,1.5524390492062154,58.88671875,88.50585937500001,0.6205089584806102,ok,True
-0.5188366719230666,-0.1297524307604557,0.007652242820118093,0.0,1.0,9.620000000000001,FL,0.5499862042320006,True,False,-2.6384300864616996,-52.00106557605985,-32.57438495933603,False,15.743171669285971,0.791015625,1.4413079039612409,58.00781250000001,89.736328125,0.5188366719230666,ok,True
-0.5188366719230666,-0.1297524307604557,0.008376020992924657,0.0,1.0,9.620000000000001,FR,0.04998620423200073,False,False,-0.844652106761698,0.07002849153333641,19.885143669432242,False,9.37531078785343,0.791015625,1.2683717949516136,46.318359375,91.93359375,0.5188366719230666,ok,True
-0.5188366719230666,-0.1297524307604557,0.01228082140054959,0.0,1.0,9.620000000000001,RL,0.04998620423200073,False,False,-1.6439091430700583,-1.6501247447396308,18.16424234665277,False,13.13427701071715,0.791015625,0.76369238736552,46.7578125,90.966796875,0.5188366719230666,ok,True
-0.5188366719230666,-0.1297524307604557,0.0028035821004646984,0.0,1.0,9.620000000000001,RR,0.5499862042320006,True,False,-2.2584263296721865,-55.672427486135184,-36.31464396189982,False,9.908281785687555,0.791015625,1.4707816139761716,59.501953125,89.384765625,0.5188366719230666,ok,True
-0.32665089141516346,-0.041024579114450704,0.008614661247543152,0.0,1.0,9.64,FL,0.5638750931208895,True,False,-2.543343057181168,-54.487457511067184,-35.090904304190275,False,11.053891568114993,0.791015625,1.317241846004289,58.53515625,90.52734375,0.32665089141516346,ok,True
-0.32665089141516346,-0.041024579114450704,0.010430379261842778,0.0,1.0,9.64,FR,0.06387509312088957,False,False,-1.242630796564826,-2.9892240513218744,16.8260929959506,False,13.2454831115968,0.791015625,1.467112197957396,46.494140625,91.40625000000001,0.32665089141516346,ok,True
-0.32665089141516346,-0.041024579114450704,0.013223046385862748,0.0,1.0,9.64,RL,0.06387509312088957,False,False,-1.9461415290872377,-4.011131589889767,15.804301956519165,False,15.028134439305898,0.791015625,0.9258045579914395,47.021484375,90.52734375,0.32665089141516346,ok,True
-0.32665089141516346,-0.041024579114450704,0.004597192649610321,0.0,1.0,9.64,RR,0.5638750931208895,True,False,-1.8742654739472182,-58.85161622064332,-39.537432271430816,False,6.615024197572381,0.791015625,1.32162328027495,60.029296875,90.263671875,0.32665089141516346,ok,True
-0.10625354619589512,0.07248343759906102,0.007963239096899407,0.0,1.0,9.66,FL,0.5777639820097783,True,False,-2.1749683402764086,-56.67795313063692,-37.306347004380214,False,8.6496271519692,0.791015625,1.2004992178511895,58.88671875,91.494140625,0.10625354619589512,ok,True
-0.10625354619589512,0.07248343759906102,0.015608333135813123,0.0,1.0,9.66,FR,0.07776398200977841,False,False,-1.7470437419718696,-5.797637700379,14.015952818369446,False,17.69333838843555,0.791015625,1.6664601014649736,46.58203125,90.87890625,0.10625354619589512,ok,True
-0.10625354619589512,0.07248343759906102,0.011548300412815052,0.0,1.0,9.66,RL,0.07776398200977841,False,False,-2.272551892991855,-6.12346631735791,13.689455341765193,False,14.917272920790571,0.791015625,1.1603400183672306,47.197265625,90.0,0.10625354619589512,ok,True
-0.10625354619589512,0.07248343759906102,0.008814188423276892,0.0,1.0,9.66,RR,0.5777639820097783,True,False,-1.4096834799700257,-61.80649606708562,-42.53545969882433,False,4.693862232615837,0.791015625,1.0783140362296244,60.29296875000001,91.318359375,0.10625354619589512,ok,True
0.09686559329250387,0.152505468611384,0.008786938534578787,0.0,1.0,9.68,FL,0.5916528708986671,True,False,-1.7065133041624763,-58.334500301821514,-38.98112407709777,False,4.963333615220609,0.791015625,1.1055603812346453,58.97460937500001,92.724609375,0.152505468611384,ok,True
0.09686559329250387,0.152505468611384,0.019890682639248557,0.0,1.0,9.68,FR,0.09165287089866725,False,False,-2.3858963614158193,-8.015973409207366,11.794298247680363,False,21.748763044556625,0.791015625,1.8423646283880721,46.66992187500001,90.52734375,0.152505468611384,ok,True
0.09686559329250387,0.152505468611384,0.007597108804243212,0.0,1.0,9.68,RL,0.09165287089866725,False,False,-2.499162827086142,-7.800756963991654,12.007314034472765,False,15.747915659697698,0.791015625,1.4147698707996057,47.28515625,89.47265625000001,0.152505468611384,ok,True
0.09686559329250387,0.152505468611384,0.015518467970606806,0.0,1.0,9.68,RR,0.5916528708986671,True,False,-0.9263055550431925,-64.11848394048668,-44.87960215364549,False,2.5180974716239897,0.791015625,0.806324001426122,60.380859375,92.4609375,0.152505468611384,ok,True
0.22722876058874342,0.22104865711583865,0.0177554519139599,0.0,1.0,9.700000000000001,FL,0.605541759787556,True,True,-1.0517557692385893,-59.10966857024986,-39.757605485419,False,2.852410008979287,0.791015625,1.0334207978993617,59.0625,93.8671875,0.22722876058874342,ok,True
0.22722876058874342,0.22104865711583865,0.01987218167545366,0.0,1.0,9.700000000000001,FR,0.10554175978755609,False,False,-3.0469672364464953,-9.458477620332024,10.348018233366636,False,22.720448227863645,0.791015625,1.977248814873074,46.93359375,90.0,0.22722876058874342,ok,True
0.22722876058874342,0.22104865711583865,0.003226976539627306,0.0,1.0,9.700000000000001,RL,0.10554175978755609,False,False,-2.6645139479383255,-8.858665271910908,10.944312675078653,False,15.581423941779668,0.791015625,1.6660060090553734,47.28515625,89.033203125,0.22722876058874342,ok,True
0.22722876058874342,0.22104865711583865,0.052307860885483365,0.0,1.0,9.700000000000001,RR,0.605541759787556,True,True,0.01311260019907709,-64.93648923821935,-45.695097055598126,False,0.0,0.791015625,0.5861219502270325,60.46875,93.779296875,0.22722876058874342,ok,True
0.2990902249768769,0.23283060622949311,0.06010903885406385,0.0,1.0,9.72,FL,0.6194306486764448,True,True,0.12963334265793033,-58.35699953990302,-38.97463358385353,False,0.0,0.791015625,0.9298408293433185,59.32617187500001,95.185546875,0.2990902249768769,ok,True
0.2990902249768769,0.23283060622949311,0.016700970793204557,0.0,1.0,9.72,FR,0.11943064867644493,False,False,-3.515821551103811,-10.214440585795463,9.588639669306078,False,21.834135099742657,0.791015625,2.1016841938002058,47.021484375,89.384765625,0.2990902249768769,ok,True
0.2990902249768769,0.23283060622949311,0.0026279079437421297,0.0,1.0,9.72,RL,0.11943064867644493,False,False,-2.8091865677742427,-9.330162941532409,10.469408054847575,False,18.453104178440057,0.791015625,1.8927613761366597,47.724609375,88.50585937500001,0.2990902249768769,ok,True
0.2990902249768769,0.23283060622949311,0.22312853906171565,0.0,1.0,9.72,RR,0.6194306486764448,True,True,0.9890181670179771,-61.63399362199099,-42.30583711405044,False,0.0,0.791015625,0.5464239891039224,60.380859375,95.185546875,0.2990902249768769,ok,True
0.3536188283322403,0.1051947597080179,0.24307841485798876,0.0,1.0,9.74,FL,0.6333195375653337,True,True,1.5157596144366667,-53.520177086548216,-34.04753565678622,False,0.0,0.791015625,0.6890790791271456,59.4140625,96.50390625,0.3536188283322403,ok,True
0.3536188283322403,0.1051947597080179,0.01338802180908268,0.0,1.0,9.74,FR,0.13331953756533377,False,False,-3.7312215465170744,-10.706487396256035,9.092135717242558,False,21.758647312331153,0.791015625,2.2401328394560935,47.109375,88.857421875,0.3536188283322403,ok,True
0.3536188283322403,0.1051947597080179,0.004516583852272514,0.0,1.0,9.74,RL,0.13331953756533377,False,False,-3.094860591364247,-9.390834704601179,10.407617555865166,False,21.945136402374605,0.791015625,2.15705593534444,47.900390625,87.890625,0.3536188283322403,ok,True
0.3536188283322403,0.1051947597080179,0.2676792251243771,0.0,1.0,9.74,RR,0.6333195375653337,True,True,1.660729344229492,-57.12277176809442,-37.69771717245382,False,0.0,0.791015625,0.5068942656132437,60.29296875000001,96.50390625,0.3536188283322403,ok,True
0.41332115837180594,-0.09018916905213054,0.22691843892657126,0.0,1.0,9.76,FL,0.6472084264542225,True,True,3.6277155796611282,-49.00614990169844,-29.46382932728642,False,0.0,0.791015625,0.5023280417930117,59.32617187500001,97.734375,0.41332115837180594,ok,True
0.41332115837180594,-0.09018916905213054,0.012443864826685214,0.0,1.0,9.76,FR,0.1472084264542226,False,False,-3.8222145260858182,-11.161690906132074,8.631054847683812,False,21.46965969203729,0.791015625,2.358531555813439,47.4609375,88.41796875,0.41332115837180594,ok,True
0.41332115837180594,-0.09018916905213054,0.005583580727710996,0.0,1.0,9.76,RL,0.1472084264542226,False,False,-3.490504277844586,-9.48400861745248,10.313249786385617,False,23.72374048506293,0.791015625,2.4012239664245714,48.427734375,87.890625,0.41332115837180594,ok,True
0.41332115837180594,-0.09018916905213054,0.26263686872131886,0.0,1.0,9.76,RR,0.6472084264542225,True,True,2.364226379749982,-52.663357013374544,-33.158758866235,False,0.0,0.791015625,0.49667538546574314,60.380859375,97.470703125,0.41332115837180594,ok,True
0.5620512255572241,-0.31148309804293417,0.19985399197218878,0.0,1.0,9.78,FL,0.6610973153431113,True,True,6.446456963185558,-45.154237508764844,-25.542632520277763,False,0.0,0.791015625,0.44835601714347334,59.32617187500001,98.701171875,0.5620512255572241,ok,True
0.5620512255572241,-0.31148309804293417,0.011803965046835266,0.0,1.0,9.78,FR,0.16109731534311145,False,False,-3.828322842906455,-11.618070276004083,8.167595028899402,False,20.20576342559859,0.791015625,2.4956782386968386,47.900390625,87.890625,0.5620512255572241,ok,True
0.5620512255572241,-0.31148309804293417,0.0066258389557056685,0.0,1.0,9.78,RL,0.16109731534311145,False,False,-3.7908884676748493,-9.738082804483867,10.057084841428058,False,23.35794792582822,0.791015625,2.541226747020095,48.515625,87.36328125,0.5620512255572241,ok,True
0.5620512255572241,-0.31148309804293417,0.2294774588820491,0.0,1.0,9.78,RR,0.6610973153431113,True,True,3.042867677826074,-48.8083760037458,-29.246425761293924,False,0.0,0.791015625,0.501873936059417,59.765625,98.525390625,0.5620512255572241,ok,True
0.8074328707767329,-0.5439002729613261,0.1940619109589664,0.0,1.0,9.8,FL,0.6749862042320002,True,True,9.538051415433491,-41.64903222010831,-21.979226054072896,False,0.0,0.791015625,0.4414071924427881,58.97460937500001,99.931640625,0.8074328707767329,ok,True
0.8074328707767329,-0.5439002729613261,0.00904809148815687,0.0,1.0,9.8,FR,0.1749862042320003,False,False,-3.749075464020535,-12.164548325200293,7.613276352217699,False,20.03923744976944,0.791015625,2.635266960067036,48.427734375,87.36328125,0.8074328707767329,ok,True
0.8074328707767329,-0.5439002729613261,0.0064170730211798015,0.0,1.0,9.8,RL,0.1749862042320003,False,False,-3.969134971602416,-10.21414036610736,9.57781408931187,False,24.050836922075852,0.791015625,2.5815744286468343,48.779296875,87.099609375,0.8074328707767329,ok,True
0.8074328707767329,-0.5439002729613261,0.2018158428195745,0.0,1.0,9.8,RR,0.6749862042320002,True,True,3.537931464767965,-45.505993946443006,-25.881192308295468,False,0.0,0.791015625,0.5047049382385195,59.32617187500001,99.404296875,0.8074328707767329,ok,True
1.0930984942720805,-0.755124041530595,0.19069998964083415,0.0,1.0,9.82,FL,0.688875093120889,True,True,12.77391623272305,-38.4212951840059,-18.708231176074403,False,0.0,0.791015625,0.44859329675380566,58.53515625,100.986328125,1.0930984942720805,ok,True
1.0930984942720805,-0.755124041530595,0.005535589597055692,0.0,1.0,9.82,FR,0.18887509312088913,False,False,-3.661415982670276,-12.866846957792518,6.905700591376846,False,19.728945178082004,0.791015625,2.722828865216576,48.8671875,87.275390625,1.0930984942720805,ok,True
1.0930984942720805,-0.755124041530595,0.004256009408156059,0.0,1.0,9.82,RL,0.18887509312088913,False,False,-4.072750822287506,-10.881282835000619,8.905358332791732,False,23.694422876290684,0.791015625,2.6002347938933243,49.130859375,86.923828125,1.0930984942720805,ok,True
1.0930984942720805,-0.755124041530595,0.23119555432422975,0.0,1.0,9.82,RR,0.688875093120889,True,True,3.9591259317430656,-41.700084264913926,-22.019344740251963,False,0.0,0.791015625,0.497002649718888,58.71093750000001,100.37109375,1.0930984942720805,ok,True
1.4247608391050852,-0.9510853672869592,0.2363308966005589,0.0,1.0,9.84,FL,0.7027639820097779,True,True,16.08464173264834,-34.51987060581164,-14.77094936995309,False,0.0,0.791015625,0.4640509859144156,58.00781250000001,101.77734375,1.4247608391050852,ok,True
1.4247608391050852,-0.9510853672869592,0.002620222208247134,0.0,1.0,9.84,FR,0.20276398200977797,False,False,-3.54906886271069,-13.767178102777688,6.002261014709415,False,19.047376643299224,0.791015625,2.7678611782030047,49.39453125000001,87.5390625,1.4247608391050852,ok,True
1.4247608391050852,-0.9510853672869592,0.003377318225789434,0.0,1.0,9.84,RL,0.20276398200977797,False,False,-4.0965644198759925,-11.787545233065968,7.991368252292821,False,23.58129464354353,0.791015625,2.602367088130346,49.5703125,87.01171875,1.4247608391050852,ok,True
1.4247608391050852,-0.9510853672869592,0.2928876792807903,0.0,1.0,9.84,RR,0.7027639820097779,True,True,4.291934339324683,-36.799337827497396,-17.067926599454893,False,0.0,0.791015625,0.49567146391581035,57.83203125,101.162109375,1.4247608391050852,ok,True
1.8213390466269175,-1.146290811125847,0.26816911922074327,0.0,1.0,9.86,FL,0.7166528708986667,True,True,19.2486123397862,-30.30130501406096,-10.531083644875707,False,0.0,0.791015625,0.474871230696662,57.30468749999999,102.392578125,1.8213390466269175,ok,True
1.8213390466269175,-1.146290811125847,0.00167619067099215,0.0,1.0,9.86,FR,0.2166528708986668,False,False,-3.4392348009274105,-14.915284074622422,4.849956373012711,False,18.965615512000326,0.791015625,2.7838472847355527,50.009765625,87.71484375,1.8213390466269175,ok,True
1.8213390466269175,-1.146290811125847,0.002772149083680442,0.0,1.0,9.86,RL,0.2166528708986668,False,False,-4.084823941400091,-13.011169359123508,6.761203942451507,False,22.604391315459083,0.791015625,2.592085705160963,49.5703125,87.01171875,1.8213390466269175,ok,True
1.8213390466269175,-1.146290811125847,0.30606601501850217,0.0,1.0,9.86,RR,0.7166528708986667,True,True,4.47418336633635,-31.87034897387736,-12.107285425266898,False,0.0,0.791015625,0.49304433174504464,56.42578125,101.337890625,1.8213390466269175,ok,True
2.273086644946421,-1.3262474557931772,0.2750914086425046,0.0,1.0,9.88,FL,0.7305417597875555,True,True,22.065407896927283,-26.253021020000563,-6.46026488775081,False,0.0,0.791015625,0.48041823402971984,56.42578125,102.83203125,2.273086644946421,ok,True
2.273086644946421,-1.3262474557931772,0.0004621047912123789,0.0,1.0,9.88,FR,0.23054175978755564,False,False,-3.3510268414107607,-16.29938278842714,3.4609107106120156,False,18.475218905188786,0.791015625,2.7720727314302755,50.537109375,87.890625,2.273086644946421,ok,True
2.273086644946421,-1.3262474557931772,0.0002892509439879325,0.0,1.0,9.88,RL,0.23054175978755564,False,False,-4.017225578572571,-14.49460157011817,5.273633749793195,False,21.735981396162387,0.791015625,2.5771271932621316,50.185546875,87.1875,2.273086644946421,ok,True
2.273086644946421,-1.3262474557931772,0.31117114675163665,0.0,1.0,9.88,RR,0.7305417597875555,True,True,3.993642587474984,-27.06969244792329,-7.288145781400839,False,0.0,0.791015625,0.49487233309274087,55.107421875,101.68945312500001,2.273086644946421,ok,True
2.770716461261621,-1.4538200419573315,0.2791486210067605,0.0,1.0,9.9,FL,0.7444306486764444,True,True,24.260178995694762,-22.31642203143367,-2.5063319056302795,False,0.0,0.791015625,0.4900400557981477,55.458984375,102.919921875,2.770716461261621,ok,True
2.770716461261621,-1.4538200419573315,0.0010027640948469074,0.0,1.0,9.9,FR,0.24443064867644448,False,False,-3.3040704351331924,-17.813273360621732,1.9427965727710337,False,20.64699201877227,0.791015625,2.728699020081819,51.064453125,88.06640625,2.770716461261621,ok,True
2.770716461261621,-1.4538200419573315,0.0034422565063585964,0.0,1.0,9.9,RL,0.24443064867644448,False,False,-3.8981193921786144,-16.09164970145847,3.670573940188543,False,20.807585902208334,0.791015625,2.5641604244158174,50.625,87.36328125,2.770716461261621,ok,True
2.770716461261621,-1.4538200419573315,0.3572761218712137,0.0,1.0,9.9,RR,0.7444306486764444,True,True,3.1823617131786395,-21.46329132675619,-1.655061314326396,False,0.0,0.791015625,0.4959292683860811,53.525390625,101.513671875,2.770716461261621,ok,True
3.2744138961796807,-1.61353387388398,0.29109107342010904,0.0,1.0,9.92,FL,0.7583195375653332,True,True,25.902520909588965,-18.258990701732294,1.5562685283700013,False,0.0,0.791015625,0.48731384127298183,54.404296875,102.919921875,3.2744138961796807,ok,True
3.2744138961796807,-1.61353387388398,0.0038917240647951593,0.0,1.0,9.92,FR,0.2583195375653333,False,False,-3.382545969191707,-19.341440893135516,0.4099001667026414,False,21.83355156800545,0.791015625,2.648318872822367,51.6796875,88.330078125,3.2744138961796807,ok,True
3.2744138961796807,-1.61353387388398,0.004643189411076918,0.0,1.0,9.92,RL,0.2583195375653333,False,False,-3.7535871654744355,-17.791741476041715,1.9636956789532043,False,20.943230925095104,0.791015625,2.577155836490559,51.064453125,87.71484375,3.2744138961796807,ok,True
3.2744138961796807,-1.61353387388398,0.3825708527713657,0.0,1.0,9.92,RR,0.7583195375653332,True,True,2.1954492688632326,-15.414223858327844,4.400944937558155,False,0.0,0.791015625,0.49758796902540486,52.29492187500001,101.42578125,3.2744138961796807,ok,True
3.8041645519548517,-1.8161533567229458,0.3030609603785884,0.0,1.0,9.94,FL,0.772208426454222,True,True,27.322989669194868,-14.014720851238815,5.795108879166763,False,0.0,0.791015625,0.46871608885324684,53.173828125,102.48046875,3.8041645519548517,ok,True
3.8041645519548517,-1.8161533567229458,0.006381211351019389,0.0,1.0,9.94,FR,0.27220842645422216,False,False,-3.5163084359866383,-20.845363326019502,-1.0994357694260906,False,22.395540524942795,0.791015625,2.55989429151528,52.03125,88.50585937500001,3.8041645519548517,ok,True
3.8041645519548517,-1.8161533567229458,0.004878448564420883,0.0,1.0,9.94,RL,0.27220842645422216,False,False,-3.6572384526757857,-19.54654907161125,0.20129200815351922,False,20.785594129101696,0.791015625,2.598130504185362,51.591796875,87.890625,3.8041645519548517,ok,True
3.8041645519548517,-1.8161533567229458,0.4109191867633156,0.0,1.0,9.94,RR,0.772208426454222,True,True,1.067464199102912,-8.824721163954548,10.972289654484767,False,0.0,0.791015625,0.5035152531589182,50.80078125,101.07421875,3.8041645519548517,ok,True
4.362014184094835,-2.0373054013473904,0.3162892034206297,0.0,1.0,9.96,FL,0.7860973153431109,True,True,28.795840281045574,-9.452993987073134,10.339862153226962,False,0.0,0.791015625,0.45722916005730635,52.03125,102.041015625,4.362014184094835,ok,True
4.362014184094835,-2.0373054013473904,0.008145327742869276,0.0,1.0,9.96,FR,0.286097315343111,False,False,-3.6646786544932004,-22.289919337940855,-2.5495916623135777,False,23.900761837060166,0.791015625,2.4720109120125686,52.29492187500001,88.59375,4.362014184094835,ok,True
4.362014184094835,-2.0373054013473904,0.0067998597035908975,0.0,1.0,9.96,RL,0.286097315343111,False,False,-3.5837145853264487,-21.21836596650875,-1.478636060241623,False,18.457009836165675,0.791015625,2.6340071080776957,52.119140625,88.2421875,4.362014184094835,ok,True
4.362014184094835,-2.0373054013473904,0.339444198789302,0.0,1.0,9.96,RR,0.7860973153431109,True,True,-0.5909544252571154,-3.6483220422414546,16.117928962631293,True,8.250107790143712,0.791015625,0.4951961287519808,49.130859375,100.107421875,4.362014184094835,ok,True
4.658602062747531,-2.041273931368286,0.292419862992145,0.0,1.0,9.98,FL,0.7999862042319997,True,True,29.36072628879571,-5.463128060933775,14.307186678355547,False,0.0,0.791015625,0.5296697097754832,50.888671875,101.337890625,4.658602062747531,ok,True
4.658602062747531,-2.041273931368286,0.012410738413567412,0.0,1.0,9.98,FR,0.29998620423199984,False,False,-3.864152508255024,-23.191928214813576,-3.453711197458343,False,24.58833664090208,0.791015625,2.0918265365839264,52.55859375,88.76953125,4.658602062747531,ok,True
4.658602062747531,-2.041273931368286,0.010631666762251028,0.0,1.0,9.98,RL,0.29998620423199984,False,False,-3.2581770428957784,-22.779500281824316,-3.051102377924302,False,11.575847321898221,0.791015625,2.6798649340947276,52.3828125,88.41796875,4.658602062747531,ok,True
4.658602062747531,-2.041273931368286,0.10543602469273242,0.0,1.0,9.98,RR,0.7999862042319997,True,True,-1.409504252570231,-2.5583302390590754,17.202505676833155,False,10.389684432322966,0.791015625,0.44828247988936687,47.28515625,98.876953125,4.658602062747531,ok,True
4.6136142786625465,-1.8522093977355307,0.2524476242208772,0.0,1.0,10.0,FL,0.8138750931208886,True,True,28.112678481654807,-3.0505762340732328,16.709110042535972,False,0.0,0.791015625,0.5426486926856641,49.833984375,100.458984375,4.6136142786625465,ok,True
4.6136142786625465,-1.8522093977355307,0.021960601388268775,0.0,1.0,10.0,FR,0.3138750931208887,False,False,-4.004082364318307,-23.32554696396095,-3.5846558869354794,False,23.737027040310835,0.791015625,1.4073748389389553,52.734375,88.857421875,4.6136142786625465,ok,True
4.6136142786625465,-1.8522093977355307,0.01153480667491515,0.0,1.0,10.0,RL,0.3138750931208887,False,False,-2.6458410708743614,-24.401238438144468,-4.6856277692514965,False,8.876821968971077,0.791015625,2.5779341835175607,52.55859375,88.681640625,4.6136142786625465,ok,True
4.6136142786625465,-1.8522093977355307,0.04833825322972747,0.0,1.0,10.0,RR,0.8138750931208886,True,True,-1.7241245745388682,-1.672203588347753,18.092401158428018,False,11.256637710234838,0.791015625,0.521684712740576,45.615234375,97.470703125,4.6136142786625465,ok,True
4.305976084358982,-1.5668496451516858,0.23976236763591116,0.0,1.0,10.02,FL,0.8277639820097774,True,True,25.574434100006503,-1.6220991874816109,18.137913569740537,False,0.0,0.791015625,0.5008267740866684,48.515625,99.66796875,4.305976084358982,ok,True
4.305976084358982,-1.5668496451516858,0.03228729666273979,0.0,1.0,10.02,FR,0.3277639820097775,False,False,-4.029560581581052,-22.95325828177534,-3.206994361183142,False,22.842142927947926,0.791015625,0.6009907593031677,52.822265625,89.033203125,4.305976084358982,ok,True
4.305976084358982,-1.5668496451516858,0.00782824972435294,0.0,1.0,10.02,RL,0.3277639820097775,False,False,-2.076678582255416,-25.985844335253063,-6.282885779809217,False,7.715183862088283,0.791015625,2.334175921897697,52.822265625,88.857421875,4.305976084358982,ok,True
4.305976084358982,-1.5668496451516858,0.043073826929048036,0.0,1.0,10.02,RR,0.8277639820097774,True,True,-1.9229904416073023,-0.1717159026951913,19.59820451932273,False,11.39240703830763,0.791015625,0.7215807302313305,44.033203125,96.064453125,4.305976084358982,ok,True
3.790412339664897,-1.2619697969523795,0.22973687324577585,0.0,1.0,10.040000000000001,FL,0.8416528708986662,True,True,22.498309826778236,-0.3189436276092656,19.44279525520119,False,0.0,0.791015625,0.425567619807212,47.373046875,98.78906250000001,3.790412339664897,ok,True
3.790412339664897,-1.2619697969523795,0.03946958915225352,0.0,1.0,10.040000000000001,FR,0.34165287089866636,False,False,-3.969611443458022,-22.4026394662967,-2.6512782111248043,False,21.3021735235113,0.791015625,-0.1561051444680757,53.173828125,89.208984375,3.790412339664897,ok,True
3.790412339664897,-1.2619697969523795,0.003566841139849376,0.0,1.0,10.040000000000001,RL,0.34165287089866636,False,False,-1.6789994661278278,-27.40534526564746,-7.712720822974646,False,8.041906384987804,0.791015625,2.0311068035679574,52.822265625,89.12109375,3.790412339664897,ok,True
3.790412339664897,-1.2619697969523795,0.04186987477519394,0.0,1.0,10.040000000000001,RR,0.8416528708986662,True,True,-2.0762271986880037,1.6472520606888534,21.423052823112485,False,10.282918700449882,0.791015625,0.9717663276593559,42.5390625,94.658203125,3.790412339664897,ok,True
3.1546033819219024,-0.9613104163839932,0.20227970433784537,0.0,1.0,10.06,FL,0.8555417597875551,True,True,19.124862190998964,1.4634931004224965,21.223176526060243,False,0.0,0.791015625,0.3619593697909941,46.40625,97.91015625,3.1546033819219024,ok,True
3.1546033819219024,-0.9613104163839932,0.041938656570072744,0.0,1.0,10.06,FR,0.3555417597875552,False,False,-3.8289080098729245,-21.957860551240366,-2.202385672033067,False,19.978496192793934,0.791015625,-0.7152994951341834,53.525390625,88.681640625,3.1546033819219024,ok,True
3.1546033819219024,-0.9613104163839932,0.007313937654132757,0.0,1.0,10.06,RL,0.3555417597875552,False,False,-1.4898975140816215,-28.547881068038127,-8.861838265580037,False,8.766452051866004,0.791015625,1.7397588525297714,53.4375,89.296875,3.1546033819219024,ok,True
3.1546033819219024,-0.9613104163839932,0.041240456616919066,0.0,1.0,10.06,RR,0.8555417597875551,True,True,-2.137621417167484,3.4481298812079593,23.22936141613379,False,10.299330847725276,0.791015625,1.2107322169469337,41.66015625,93.427734375,3.1546033819219024,ok,True
2.4118135259766422,-0.6651058110688134,0.140115865389119,0.0,1.0,10.08,FL,0.8694306486764439,True,True,15.239197032502506,2.933052466926637,22.693454620292,False,0.0,0.791015625,0.3121772041586761,45.615234375,97.119140625,2.4118135259766422,ok,True
2.4118135259766422,-0.6651058110688134,0.041712276247104066,0.0,1.0,10.08,FR,0.36943064867644404,False,False,-3.6596985886537987,-21.92998512990292,-2.1724663027899105,False,19.795132744932033,0.791015625,-1.021510912077609,54.140625,88.41796875,2.4118135259766422,ok,True
2.4118135259766422,-0.6651058110688134,0.012271311374998935,0.0,1.0,10.08,RL,0.36943064867644404,False,False,-1.4641464049143793,-29.41249909849841,-9.728884591011273,False,10.335499635732996,0.791015625,1.5481637479036257,53.876953125,89.384765625,2.4118135259766422,ok,True
2.4118135259766422,-0.6651058110688134,0.04090940167058435,0.0,1.0,10.08,RR,0.8694306486764439,True,True,-2.1502121429762613,4.8945917837615145,24.681676942337305,False,10.384778672995623,0.791015625,1.3665691271850238,41.1328125,92.63671875,2.4118135259766422,ok,True
1.5856759114331436,-0.4093774902509642,0.0820368115050204,0.0,1.0,10.1,FL,0.8833195375653328,True,True,11.101638703925241,3.92294888296266,23.68748038825044,False,0.0,0.791015625,0.27931984033511026,45.0,96.416015625,1.5856759114331436,ok,True
1.5856759114331436,-0.4093774902509642,0.03823062492436496,0.0,1.0,10.1,FR,0.3833195375653329,False,False,-3.5081738741836004,-22.596852568963087,-2.841199187014233,False,18.231822387835898,0.791015625,-1.0456689146995097,54.66796875,88.06640625,1.5856759114331436,ok,True
1.5856759114331436,-0.4093774902509642,0.01769515091029176,0.0,1.0,10.1,RL,0.3833195375653329,False,False,-1.6025127497165774,-30.242336688106487,-10.558739871549118,False,12.562276094170963,0.791015625,1.4865731503646846,54.404296875,89.47265625000001,1.5856759114331436,ok,True
1.5856759114331436,-0.4093774902509642,0.03973668636768875,0.0,1.0,10.1,RR,0.8833195375653328,True,True,-2.1227997117400017,5.6163425169216925,25.410161581074718,False,10.225817890342968,0.791015625,1.4261869317467446,40.693359375,91.93359375,1.5856759114331436,ok,True
0.7227351937270438,-0.1645224622033198,0.07797867048787087,0.0,1.0,10.120000000000001,FL,0.8972084264542216,True,True,6.832483077624709,4.406481165133949,24.177500716919972,False,0.0,0.791015625,0.28282572473925777,44.47265625,95.888671875,0.7227351937270438,ok,True
0.7227351937270438,-0.1645224622033198,0.033816976984263794,0.0,1.0,10.120000000000001,FR,0.3972084264542217,False,False,-3.3235331478077073,-24.14928390342212,-4.400112487847231,False,17.618894822514925,0.791015625,-0.8123126640184388,55.283203125,87.978515625,0.7227351937270438,ok,True
0.7227351937270438,-0.1645224622033198,0.022440041035369732,0.0,1.0,10.120000000000001,RL,0.3972084264542217,False,False,-1.8431289138365474,-31.384872440883274,-11.703089669335363,False,14.75426863306144,0.791015625,1.4962345149538792,55.01953125000001,89.736328125,0.7227351937270438,ok,True
0.7227351937270438,-0.1645224622033198,0.04086141416007157,0.0,1.0,10.120000000000001,RR,0.8972084264542216,True,True,-2.0793402971813792,5.446276385650525,25.247920274791305,False,9.572910672416796,0.791015625,1.4453352322086634,40.517578125,91.318359375,0.7227351937270438,ok,True
-0.18927074365864774,0.12100774711859955,0.11084881130607575,0.0,1.0,10.14,FL,0.9110973153431104,True,False,2.35563581453635,4.379701422192523,24.158442615476627,False,0.0,0.791015625,0.31386702795215055,44.12109375,95.185546875,0.18927074365864774,ok,True
-0.18927074365864774,0.12100774711859955,0.02927055436563152,0.0,1.0,10.14,FR,0.41109731534311056,False,False,-3.146415785897118,-26.63385901286748,-6.897561873297807,False,17.155387050312044,0.791015625,-0.40148651279379177,55.810546875,87.71484375,0.18927074365864774,ok,True
-0.18927074365864774,0.12100774711859955,0.024196178649571146,0.0,1.0,10.14,RL,0.41109731534311056,False,False,-2.1420551214767944,-33.00684966556094,-13.331897880817333,False,15.99711528221692,0.791015625,1.5747962685239896,55.458984375,89.736328125,0.18927074365864774,ok,True
-0.18927074365864774,0.12100774711859955,0.04321824658502574,0.0,1.0,10.14,RR,0.9110973153431104,True,False,-1.98043774696496,4.327839233844359,24.137539196976743,False,8.495856228726803,0.791015625,1.4171295799160326,40.517578125,90.966796875,0.18927074365864774,ok,True
-1.1266189129661859,0.4303741925649824,0.11720593835371576,0.0,1.0,10.16,FL,0.9249862042319993,True,False,-1.6989604286607487,3.6265462956230343,23.41158884204226,True,17.159192672155708,0.791015625,0.23465533286525186,43.76953125,94.482421875,1.1266189129661859,ok,True
-1.1266189129661859,0.4303741925649824,0.025335005039258812,0.0,1.0,10.16,FR,0.4249862042319994,False,False,-3.0010377817435914,-29.99768355471928,-10.28446510917157,False,14.672139973486512,0.791015625,0.13181167788801257,56.162109375,87.5390625,1.1266189129661859,ok,True
-1.1266189129661859,0.4303741925649824,0.023733778544644805,0.0,1.0,10.16,RL,0.4249862042319994,False,False,-2.4480115633797594,-35.21646184942168,-15.555072467999516,False,18.198229777147937,0.791015625,1.6811362685570794,55.72265625,89.296875,1.1266189129661859,ok,True
-1.1266189129661859,0.4303741925649824,0.04539752588606377,0.0,1.0,10.16,RR,0.9249862042319993,True,False,-1.7846808774579295,2.2846940640372715,22.09967807464904,False,6.961525221602704,0.791015625,1.3708163855142887,40.78125,90.791015625,1.1266189129661859,ok,True
-1.8955647361331491,0.5540653097503798,0.06350472961507997,0.0,1.0,10.18,FL,0.9388750931208881,True,False,-2.9717505457242734,2.1903436147443314,21.97890317774762,False,20.717610696716196,0.791015625,-0.09518185116266013,43.76953125,94.04296875,1.8955647361331491,ok,True
-1.8955647361331491,0.5540653097503798,0.022981517697002882,0.0,1.0,10.18,FR,0.43887509312088824,False,False,-2.6209230599539417,-33.3497543927914,-13.676285038408547,False,8.736681271657602,0.791015625,0.6332227650881432,56.513671875,87.099609375,1.8955647361331491,ok,True
-1.8955647361331491,0.5540653097503798,0.02045530625492376,0.0,1.0,10.18,RL,0.43887509312088824,False,False,-2.738202601123417,-37.57705233167791,-17.938035596934952,False,17.65392817184768,0.791015625,1.671006342126315,55.810546875,88.857421875,1.8955647361331491,ok,True
-1.8955647361331491,0.5540653097503798,0.07064738998222837,0.0,1.0,10.18,RR,0.9388750931208881,True,False,-1.0604433443646422,0.6990132633637984,20.51421399276214,False,7.53290921509006,0.791015625,1.4121807108589992,41.220703125,90.791015625,1.8955647361331491,ok,True
-2.500411435764498,0.5366925493560175,0.055113413122934315,0.0,1.0,10.200000000000001,FL,0.952763982009777,True,False,-3.363728162289633,0.8572709234596552,20.65433752068999,False,16.908267093280624,0.791015625,-0.275281246173486,43.857421875,93.69140625,2.500411435764498,ok,True
-2.500411435764498,0.5366925493560175,0.05381518330554648,0.0,1.0,10.200000000000001,FR,0.4527639820097771,False,False,-1.473216560582649,-36.8985396099412,-17.282213474781194,False,7.607505061340143,0.791015625,0.9375446600677303,56.6015625,86.572265625,2.500411435764498,ok,True
-2.500411435764498,0.5366925493560175,0.015959754503259753,0.0,1.0,10.200000000000001,RL,0.4527639820097771,False,False,-2.8968672277809686,-39.83336697431327,-20.226236690897583,False,18.176966562424735,0.791015625,1.6027728835240327,55.810546875,88.50585937500001,2.500411435764498,ok,True
-2.500411435764498,0.5366925493560175,0.20123245724799774,0.0,1.0,10.200000000000001,RR,0.952763982009777,True,False,0.7099327089267992,2.1341370772378414,21.94965260947679,False,0.0,0.791015625,1.3437088621232067,41.8359375,90.966796875,2.500411435764498,ok,True
-2.709532466491625,0.32443158341055406,0.05360371877297935,0.0,1.0,10.22,FL,0.9666528708986658,True,False,-3.2132331958061138,-0.5510232081072162,19.25618712458028,False,13.317696757949358,0.791015625,-0.5797586715040026,44.033203125,93.515625,2.709532466491625,ok,True
-2.709532466491625,0.32443158341055406,0.09352938551499532,0.0,1.0,10.22,FR,0.4666528708986659,False,False,0.015219223912271013,-41.36078353132125,-21.81951914631106,False,0.0,0.791015625,1.2966026008387443,56.689453125,86.220703125,2.709532466491625,ok,True
-2.709532466491625,0.32443158341055406,0.013963396658990277,0.0,1.0,10.22,RL,0.4666528708986659,False,False,-3.0858181570026026,-42.140089170618324,-22.57158120738858,False,20.194597582110333,0.791015625,1.4313445242307092,55.810546875,88.2421875,2.709532466491625,ok,True
-2.709532466491625,0.32443158341055406,0.42027407200600525,0.0,1.0,10.22,RR,0.9666528708986658,True,False,1.6396332098255508,7.394454961757223,27.20492075746546,False,0.0,0.791015625,0.8609387046655949,42.5390625,91.318359375,2.709532466491625,ok,True
-2.5624034271112808,0.17378944858579476,0.05192457561022952,0.0,1.0,10.24,FL,0.9805417597875546,True,False,-2.889600393926765,-2.1969789883410846,17.616097748928727,False,14.720981179294988,0.791015625,-0.9043192075714552,44.208984375,93.33984375000001,2.5624034271112808,ok,True
-2.5624034271112808,0.17378944858579476,0.22628791812358853,0.0,1.0,10.24,FR,0.48054175978755476,False,False,-0.012024237591723441,-48.417350330824604,-28.979560676191795,True,3.783162873476726,0.791015625,1.375749204252619,56.77734375,85.869140625,2.5624034271112808,ok,True
-2.5624034271112808,0.17378944858579476,0.012295691992690176,0.0,1.0,10.24,RL,0.48054175978755476,False,False,-3.241554114479961,-44.5578780465786,-25.023523971907295,False,18.536220805701934,0.791015625,1.2018727754696266,55.810546875,87.802734375,2.5624034271112808,ok,True
-2.5624034271112808,0.17378944858579476,0.2611492406587039,0.0,1.0,10.24,RR,0.9805417597875546,True,False,1.815201339528897,9.113768084734689,28.919050678364776,False,0.0,0.791015625,0.5121238708028282,43.2421875,91.58203125,2.5624034271112808,ok,True
-2.3067662390888546,0.14602198643344647,0.04902441641914976,0.0,1.0,10.26,FL,0.9944306486764435,True,False,-2.7384137477255015,-3.825690045718974,15.989543931677552,False,15.677295083259683,0.791015625,-0.9878402209397921,44.296875,92.98828125,2.3067662390888546,ok,True
-2.3067662390888546,0.14602198643344647,0.06573790199239249,0.0,1.0,10.26,FR,0.4944306486764436,False,False,-0.44506846683150386,-52.13975299897746,-32.76920761765324,False,6.259448270054419,0.791015625,1.4626774000459803,57.30468749999999,85.95703125,2.3067662390888546,ok,True
-2.3067662390888546,0.14602198643344647,0.010677650917099558,0.0,1.0,10.26,RL,0.4944306486764436,False,False,-3.269510250919592,-46.90388200844203,-27.40251093563838,False,17.710216810952186,0.791015625,1.0869341822778766,55.72265625,87.5390625,2.3067662390888546,ok,True
-2.3067662390888546,0.14602198643344647,0.0714147811972654,0.0,1.0,10.26,RR,0.9944306486764435,True,False,1.8368568813209376,6.954933728892417,26.763978197426898,False,0.0,0.791015625,0.3513349588847017,44.033203125,91.93359375,2.3067662390888546,ok,True
-1.9504131177897377,0.18103342386442442,0.045548913066453325,0.0,1.0,10.28,FL,0.008319537565332435,False,False,-2.7134551650548553,-5.238773324830273,14.576577048761756,False,15.185688476909233,0.791015625,-0.8910394799553757,44.73632812500001,92.63671875,1.9504131177897377,ok,True
-1.9504131177897377,0.18103342386442442,0.016223294794181498,0.0,1.0,10.28,FR,0.5083195375653324,True,False,-1.0449994430967966,-54.63118030581078,-35.30444005134913,False,10.79065973974014,0.791015625,1.4775045611488768,58.00781250000001,86.484375,1.9504131177897377,ok,True
-1.9504131177897377,0.18103342386442442,0.007733819587643311,0.0,1.0,10.28,RL,0.5083195375653324,True,False,-3.2054792476253255,-49.01958580426027,-29.55336895298857,False,16.25757837725437,0.791015625,1.077613358414564,56.07421875,87.626953125,1.9504131177897377,ok,True
-1.9504131177897377,0.18103342386442442,0.08227421884645655,0.0,1.0,10.28,RR,0.008319537565332435,False,False,1.555096666155241,3.153172687025723,22.967568910363244,False,0.0,0.791015625,0.3254929280115492,44.82421875,92.021484375,1.9504131177897377,ok,True
-1.4834448107372413,0.16747601534736317,0.04201041211126102,0.0,1.0,10.3,FL,0.022208426454221324,False,False,-2.661843981411758,-6.276323064529929,13.537614527672368,False,12.911062851689566,0.791015625,-0.7233881203712619,44.912109375,92.109375,1.4834448107372413,ok,True
-1.4834448107372413,0.16747601534736317,0.010179677716954274,0.0,1.0,10.3,FR,0.5222084264542213,True,False,-1.4469075698644827,-56.581244758688996,-37.28545187831112,False,10.704940799401239,0.791015625,1.4550728803898554,58.798828125,87.1875,1.4834448107372413,ok,True
-1.4834448107372413,0.16747601534736317,0.004777662733942746,0.0,1.0,10.3,RL,0.5222084264542213,True,False,-3.051621833438541,-50.737652678964345,-31.30327801959055,False,15.128951367035564,0.791015625,1.1405224226523871,56.42578125,87.802734375,1.4834448107372413,ok,True
-1.4834448107372413,0.16747601534736317,0.07356178769304278,0.0,1.0,10.3,RR,0.022208426454221324,False,False,0.8474077966384025,-0.06612144832140239,19.74932462711851,False,0.0,0.791015625,0.3539852010861519,45.52734375,92.109375,1.4834448107372413,ok,True
-0.8774368638680026,0.07808453671948877,0.036054166241886496,0.0,1.0,10.32,FL,0.03609731534311021,False,False,-2.5120486082375675,-7.1220295474013735,12.689316522652566,False,12.79812551394672,0.791015625,-0.5590150293252445,45.439453125,91.58203125,0.8774368638680026,ok,True
-0.8774368638680026,0.07808453671948877,0.014061607459843,0.0,1.0,10.32,FR,0.5360973153431102,True,False,-1.654986365725069,-58.347656081486036,-39.07229973775354,False,11.227446798356803,0.791015625,1.4295891566278,59.4140625,87.978515625,0.8774368638680026,ok,True
-0.8774368638680026,0.07808453671948877,0.0032858481392080197,0.0,1.0,10.32,RL,0.5360973153431102,True,False,-2.87007172407042,-52.20472464672026,-32.795569633992685,False,13.08795250334486,0.791015625,1.2325899929334658,57.12890625,88.2421875,0.8774368638680026,ok,True
-0.8774368638680026,0.07808453671948877,0.05710864609607622,0.0,1.0,10.32,RR,0.03609731534311021,False,False,-0.5459526818323568,-2.5934652089110415,17.22063645516162,True,6.263171647193153,0.791015625,0.4013836890660549,46.23046875,92.109375,0.8774368638680026,ok,True
-0.252831094998053,0.016847635426015816,0.030217566006530586,0.0,1.0,10.34,FL,0.0499862042319991,False,False,-2.3885107184191576,-7.897809792976738,11.91010488887985,False,12.456318885159943,0.791015625,-0.2738735687969595,45.966796875,91.142578125,0.252831094998053,ok,True
-0.252831094998053,0.016847635426015816,0.017509087414987332,0.0,1.0,10.34,FR,0.5499862042319991,True,False,-1.7493504243733335,-59.75074271408146,-40.481140609874814,False,11.409811457983437,0.791015625,1.290015008657924,59.94140625000001,88.681640625,0.252831094998053,ok,True
-0.252831094998053,0.016847635426015816,0.007561510633569015,0.0,1.0,10.34,RL,0.5499862042319991,True,False,-2.524606866349555,-53.511475830309486,-34.12342642404944,False,8.875657283651211,0.791015625,1.3018475999020593,58.00781250000001,88.857421875,0.252831094998053,ok,True
-0.252831094998053,0.016847635426015816,0.02404339811107679,0.0,1.0,10.34,RR,0.0499862042319991,False,False,-1.2110066554236256,-3.9143017341739252,15.899879499054972,False,11.622821958992501,0.791015625,0.3989303366459269,46.40625,91.93359375,0.252831094998053,ok,True
0.30083767526298194,0.0014977270716086735,0.02389632346810875,0.0,1.0,10.36,FL,0.06387509312088799,False,False,-2.2868207479171954,-8.822266166891996,10.98105623241813,False,11.670256634957244,0.791015625,0.15950031484539287,46.58203125,90.703125,0.30083767526298194,ok,True
0.30083767526298194,0.0014977270716086735,0.021277645517316597,0.0,1.0,10.36,FR,0.563875093120888,True,False,-1.7888176838146488,-60.7097620293513,-41.43366414638378,False,12.914317060615323,0.791015625,1.017320420521908,60.29296875000001,89.560546875,0.30083767526298194,ok,True
0.30083767526298194,0.0014977270716086735,0.00948070805906707,0.0,1.0,10.36,RL,0.563875093120888,True,False,-2.0021803557683464,-54.890198073038775,-35.52179926304564,False,5.6848435740800145,0.791015625,1.2598083598885348,58.71093750000001,90.17578125,0.30083767526298194,ok,True
0.30083767526298194,0.0014977270716086735,0.021561046773039473,0.0,1.0,10.36,RR,0.06387509312088799,False,False,-1.666732610906982,-4.615781454169444,15.198908690625117,False,15.399953128513022,0.791015625,0.45982820425503285,46.7578125,91.58203125,0.30083767526298194,ok,True
0.7384321911412878,-0.025480354788972117,0.020802810489382102,0.0,1.0,10.38,FL,0.07776398200977688,False,False,-2.1764740913433474,-9.935535620381001,9.861455191232404,False,11.490146875292204,0.791015625,0.6587708681683764,47.109375,90.52734375,0.7384321911412878,ok,True
0.7384321911412878,-0.025480354788972117,0.02483095858408898,0.0,1.0,10.38,FR,0.5777639820097769,True,False,-1.8555005463327963,-61.367578299973935,-42.08328298860519,False,12.265696503145563,0.791015625,0.6847533008485683,60.732421875,91.142578125,0.7384321911412878,ok,True
0.7384321911412878,-0.025480354788972117,0.008438405844223893,0.0,1.0,10.38,RL,0.5777639820097769,True,False,-1.430300574301109,-56.393521053289405,-37.04291426193899,False,1.7610943909029122,0.791015625,1.10099928138595,59.32617187500001,91.669921875,0.7384321911412878,ok,True
0.7384321911412878,-0.025480354788972117,0.020740198111685617,0.0,1.0,10.38,RR,0.07776398200977688,False,False,-2.1805736344889666,-4.9969580424760185,14.818074673650026,False,18.60768374121672,0.791015625,0.615848910218237,46.93359375,91.142578125,0.7384321911412878,ok,True
1.0247295171584923,-0.042330941092555696,0.018152054035903305,0.0,1.0,10.4,FL,0.09165287089866578,False,False,-2.0956559243594866,-11.153831467680641,8.636363571339364,False,13.077671888813962,0.791015625,1.1512104975755035,47.724609375,90.52734375,1.0247295171584923,ok,True
1.0247295171584923,-0.042330941092555696,0.02554428009916465,0.0,1.0,10.4,FR,0.5916528708986658,True,False,-1.8340418636772944,-61.810805239250435,-42.51572578368748,False,9.095245804819147,0.791015625,0.3525524373075241,60.90820312500001,92.37304687500001,1.0247295171584923,ok,True
1.0247295171584923,-0.042330941092555696,0.01847704269017085,0.0,1.0,10.4,RL,0.5916528708986658,True,False,-0.5957869016150092,-57.65702663150301,-38.311480459424644,False,0.8896985452303198,0.791015625,0.8305067132897056,59.58984374999999,93.076171875,1.0247295171584923,ok,True
1.0247295171584923,-0.042330941092555696,0.018100159842751033,0.0,1.0,10.4,RR,0.09165287089866578,False,False,-2.7260343104902955,-5.196882676721663,14.618311524485428,False,20.5145996581348,0.791015625,0.8365537113946135,47.021484375,90.615234375,1.0247295171584923,ok,True
1.235745812444053,0.03994365116371731,0.013741534976037303,0.0,1.0,10.42,FL,0.10554175978755467,False,False,-2.150914592520925,-12.285752700415436,7.499947893352957,False,14.409884389942956,0.791015625,1.522915483840056,47.98828125,90.43945312500001,1.235745812444053,ok,True
1.235745812444053,0.03994365116371731,0.023088983556956856,0.0,1.0,10.42,FR,0.6055417597875546,True,True,-1.6538227119008708,-62.08300541407139,-42.769083868691155,False,9.157306409064057,0.791015625,0.12344543157119568,60.90820312500001,93.69140625,1.235745812444053,ok,True
1.235745812444053,0.03994365116371731,0.092929275726278,0.0,1.0,10.42,RL,0.6055417597875546,True,True,1.0379905878218076,-57.102766062657885,-37.720880291769625,False,0.0,0.791015625,0.5929403358439556,60.1171875,94.833984375,1.235745812444053,ok,True
1.235745812444053,0.03994365116371731,0.014035243993069251,0.0,1.0,10.42,RR,0.10554175978755467,False,False,-3.175416170988526,-5.314081963860659,14.501109920995798,False,21.49413770390874,0.791015625,1.1075863048963999,47.197265625,90.087890625,1.235745812444053,ok,True
1.3679323315907748,0.15597566629366208,0.009999647897508684,0.0,1.0,10.44,FL,0.11943064867644357,False,False,-2.319571838619354,-13.333822563584796,6.448479878402871,False,16.359213840657937,0.791015625,1.7916813136880263,48.33984375,90.17578125,1.3679323315907748,ok,True
1.3679323315907748,0.15597566629366208,0.02014884151135807,0.0,1.0,10.44,FR,0.6194306486764436,True,True,-1.4683111708934191,-62.21982246084543,-42.887328693856674,False,7.170309375769022,0.791015625,-0.015448782961348691,60.90820312500001,95.09765625,1.3679323315907748,ok,True
1.3679323315907748,0.15597566629366208,0.15123160202428662,0.0,1.0,10.44,RL,0.6194306486764436,True,True,2.9963964763435516,-55.287957963750465,-35.85019915894351,False,0.0,0.791015625,0.4681022394710083,60.20507812499999,96.328125,1.3679323315907748,ok,True
1.3679323315907748,0.15597566629366208,0.010390193932701004,0.0,1.0,10.44,RR,0.11943064867644357,False,False,-3.509224689335913,-5.44414764258977,14.370896812145222,False,22.18628401995588,0.791015625,1.4055371818716897,47.373046875,89.560546875,1.3679323315907748,ok,True
1.463592849113411,0.28726846547035684,0.0065822254551027035,0.0,1.0,10.46,FL,0.13331953756533246,False,False,-2.57069888143574,-14.284733884034017,5.49460496999456,False,18.542769101709588,0.791015625,1.9630244570462976,48.515625,89.736328125,1.463592849113411,ok,True
1.463592849113411,0.28726846547035684,0.01906673796777945,0.0,1.0,10.46,FR,0.6333195375653324,True,True,-1.183427109117471,-62.17517010964186,-42.82269008977483,False,4.849521716937223,0.791015625,-0.06168362460077367,60.55664062500001,96.50390625,1.463592849113411,ok,True
1.463592849113411,0.28726846547035684,0.1656854873604598,0.0,1.0,10.46,RL,0.6333195375653324,True,True,5.355996636253871,-53.19178205212773,-33.6992088224239,False,0.0,0.791015625,0.42816912220104864,60.20507812499999,97.55859375,1.463592849113411,ok,True
1.463592849113411,0.28726846547035684,0.008034165470119129,0.0,1.0,10.46,RR,0.13331953756533246,False,False,-3.7196199417155946,-5.613805797044029,14.200910449986903,False,22.114585686248763,0.791015625,1.7403702904531646,47.63671875000001,89.12109375,1.463592849113411,ok,True
1.5201722295356852,0.38680946407303424,0.0035165647219678894,0.0,1.0,10.48,FL,0.14720842645422136,False,False,-2.885987427356566,-15.127526940659745,4.647852614525849,False,19.39280980681768,0.791015625,2.104539113774418,48.69140625,89.208984375,1.5201722295356852,ok,True
1.5201722295356852,0.38680946407303424,0.04499738733573291,0.0,1.0,10.48,FR,0.6472084264542214,True,True,-0.3901004172391833,-61.46457595431806,-42.079653022387404,False,4.373988345756757,0.791015625,-0.023853297874184033,60.29296875000001,97.82226562500001,1.5201722295356852,ok,True
1.5201722295356852,0.38680946407303424,0.17535768388073014,0.0,1.0,10.48,RL,0.6472084264542214,True,True,7.532543955948906,-50.85233177519527,-31.312744939506107,False,0.0,0.791015625,0.44216289332826136,60.20507812499999,98.96484375,1.5201722295356852,ok,True
1.5201722295356852,0.38680946407303424,0.009956856619730486,0.0,1.0,10.48,RR,0.14720842645422136,False,False,-3.79153768064815,-5.793983868451124,14.020331913242334,False,21.510729245339725,0.791015625,2.0624539428915947,47.8125,88.59375,1.5201722295356852,ok,True
1.4542530387724115,0.3821423459464998,0.0028394698166193384,0.0,1.0,10.5,FL,0.16109731534311025,False,False,-3.154010033646515,-15.831244357647954,3.941566529371805,False,20.00883501149221,0.791015625,2.3122662572604855,48.779296875,88.681640625,1.4542530387724115,ok,True
1.4542530387724115,0.3821423459464998,0.24040232340056272,0.0,1.0,10.5,FR,0.6610973153431102,True,True,0.9232320668423749,-56.805082970685056,-37.33114677260963,False,0.0,0.791015625,0.19555229123145454,59.67773437500001,98.96484375,1.4542530387724115,ok,True
1.4542530387724115,0.3821423459464998,0.17893156304233035,0.0,1.0,10.5,RL,0.6610973153431102,True,True,9.229700601415376,-48.18648320779737,-28.59171688815359,False,0.0,0.791015625,0.4802487158428992,59.67773437500001,99.931640625,1.4542530387724115,ok,True
1.4542530387724115,0.3821423459464998,0.01350986538502941,0.0,1.0,10.5,RR,0.16109731534311025,False,False,-3.7909760031066866,-5.932235708646695,13.88176762488391,False,22.76290597445481,0.791015625,2.276893565491005,47.98828125,88.06640625,1.4542530387724115,ok,True
1.3408677700723246,0.2636741090118607,0.004113184242883472,0.0,1.0,10.52,FL,0.17498620423199915,False,False,-3.357890944003822,-16.65726534860543,3.1127113801645763,False,20.30670818734588,0.791015625,2.5237016581060367,48.8671875,88.330078125,1.3408677700723246,ok,True
1.3408677700723246,0.2636741090118607,0.3843067943234479,0.0,1.0,10.52,FR,0.6749862042319992,True,True,2.54499420136051,-49.386098194776515,-29.806302134852153,False,0.0,0.791015625,0.35304144252824915,58.88671875,99.931640625,1.3408677700723246,ok,True
1.3408677700723246,0.2636741090118607,0.1979256728773218,0.0,1.0,10.52,RL,0.6749862042319992,True,True,10.242523579495844,-45.18152608598012,-25.52980505670329,False,0.0,0.791015625,0.501541146221986,59.32617187500001,100.634765625,1.3408677700723246,ok,True
1.3408677700723246,0.2636741090118607,0.012477799463927233,0.0,1.0,10.52,RR,0.17498620423199915,False,False,-3.8777778280364648,-6.276331932535952,13.537323844279197,False,23.917231585435328,0.791015625,2.4346075585088287,48.427734375,87.5390625,1.3408677700723246,ok,True
1.230640830506024,0.10732572924786979,0.005491898905906838,0.0,1.0,10.540000000000001,FL,0.18887509312088804,False,False,-3.485819967322508,-17.602469727545337,2.1629106246268606,False,20.06586981925006,0.791015625,2.6777054333441885,49.130859375,87.890625,1.230640830506024,ok,True
1.230640830506024,0.10732572924786979,0.3384127531008033,0.0,1.0,10.540000000000001,FR,0.688875093120888,True,True,4.417476328690793,-43.124508426630705,-23.45093599045542,False,0.0,0.791015625,0.40964474765534464,58.00781250000001,100.458984375,1.230640830506024,ok,True
1.230640830506024,0.10732572924786979,0.23526824184672004,0.0,1.0,10.540000000000001,RL,0.688875093120888,True,True,10.703125817025049,-41.53537135436494,-21.83478226442559,False,0.0,0.791015625,0.5034213669187644,58.53515625,101.162109375,1.230640830506024,ok,True
1.230640830506024,0.10732572924786979,0.00878603002656892,0.0,1.0,10.540000000000001,RR,0.18887509312088804,False,False,-4.004287541369132,-6.870750019095315,12.942110730731908,False,23.934243819857194,0.791015625,2.558228097517311,48.603515625,87.01171875,1.230640830506024,ok,True
1.0968641761552558,-0.05891973281914263,0.006298662808930859,0.0,1.0,10.56,FL,0.20276398200977694,False,False,-3.5385790840618547,-18.625880368880203,1.1332522049097804,False,19.930761195983557,0.791015625,2.7825278336422437,49.21875,87.71484375,1.0968641761552558,ok,True
1.0968641761552558,-0.05891973281914263,0.31060930965350825,0.0,1.0,10.56,FR,0.702763982009777,True,True,6.203236547965698,-37.70296813634235,-17.973680313635832,False,0.0,0.791015625,0.44142623870514736,57.12890625,100.8984375,1.0968641761552558,ok,True
1.0968641761552558,-0.05891973281914263,0.26027665485776236,0.0,1.0,10.56,RL,0.702763982009777,True,True,10.844303349859057,-37.46759491011316,-17.72940056183051,False,0.0,0.791015625,0.5014441431824228,57.568359375,101.513671875,1.0968641761552558,ok,True
1.0968641761552558,-0.05891973281914263,0.007033547922437002,0.0,1.0,10.56,RR,0.20276398200977694,False,False,-4.088930416854403,-7.751029792788768,12.060264318643146,False,24.174048958408136,0.791015625,2.6212985435314597,48.8671875,86.396484375,1.0968641761552558,ok,True
0.9360876113432431,-0.20074357566715928,0.005759432060571471,0.0,1.0,10.58,FL,0.21665287089866583,False,False,-3.5389472560812854,-19.750720457398725,0.0007649515959045061,False,19.943430628837667,0.791015625,2.843945114646646,49.39453125000001,87.36328125,0.9360876113432431,ok,True
0.9360876113432431,-0.20074357566715928,0.295055785570982,0.0,1.0,10.58,FR,0.7166528708986658,True,True,7.8585258836289595,-32.850554591546796,-13.090388892682217,False,0.0,0.791015625,0.46319319075564697,56.07421875,101.07421875,0.9360876113432431,ok,True
0.9360876113432431,-0.20074357566715928,0.2755647566573975,0.0,1.0,10.58,RL,0.7166528708986658,True,True,10.843210525995673,-33.185736407591534,-13.422978753133886,False,0.0,0.791015625,0.49051423107303616,56.42578125,101.6015625,0.9360876113432431,ok,True
0.9360876113432431,-0.20074357566715928,0.00391704089456965,0.0,1.0,10.58,RR,0.21665287089866583,False,False,-4.134873947662751,-8.853440551592817,10.954939846878522,False,23.93455861370068,0.791015625,2.638845569793017,49.04296875,86.1328125,0.9360876113432431,ok,True
0.766407196698643,-0.30195393976108015,0.006207207629027623,0.0,1.0,10.6,FL,0.23054175978755473,False,False,-3.5382408275221042,-20.936524950833356,-1.1937700917307765,False,20.43328468872461,0.791015625,2.8547285148161614,49.658203125,87.099609375,0.766407196698643,ok,True
0.766407196698643,-0.30195393976108015,0.2780119941580919,0.0,1.0,10.6,FR,0.7305417597875548,True,True,9.208838010950217,-28.565590694377825,-8.792138486416803,False,0.0,0.791015625,0.4742659534093213,54.931640625,100.986328125,0.766407196698643,ok,True
0.766407196698643,-0.30195393976108015,0.2785378139869928,0.0,1.0,10.6,RL,0.7305417597875548,True,True,10.739411170054034,-28.926075777295125,-9.150441179801955,False,0.0,0.791015625,0.4804227658326646,55.283203125,101.513671875,0.766407196698643,ok,True
0.766407196698643,-0.30195393976108015,0.0016524219811348104,0.0,1.0,10.6,RR,0.23054175978755473,False,False,-4.137255869900123,-10.158196046042844,9.645232764796708,False,23.58938621578315,0.791015625,2.6345282495071807,49.39453125000001,85.78125,0.766407196698643,ok,True
0.5923214873435638,-0.371524404148587,0.006218252238274006,0.0,1.0,10.620000000000001,FL,0.24443064867644362,False,False,-3.5615804485172773,-22.196421802166487,-2.463927727845711,False,20.439348540529465,0.791015625,2.8328953024860595,50.009765625,86.923828125,0.5923214873435638,ok,True
0.5923214873435638,-0.371524404148587,0.299714775879646,0.0,1.0,10.620000000000001,FR,0.7444306486764436,True,True,10.685241486894853,-24.019335428266377,-4.21970369044206,False,0.0,0.791015625,0.4769026673723707,53.61328125,100.72265625000001,0.5923214873435638,ok,True
0.5923214873435638,-0.371524404148587,0.2995129681730462,0.0,1.0,10.620000000000001,RL,0.7444306486764436,True,True,10.940275131088535,-24.324116064016106,-4.522713432198984,False,0.0,0.791015625,0.4686506903678771,54.228515625,101.07421875,0.5923214873435638,ok,True
0.5923214873435638,-0.371524404148587,0.00040025799722772536,0.0,1.0,10.620000000000001,RR,0.24443064867644362,False,False,-4.107330692941807,-11.61120382215321,8.184646465211296,False,23.153929814528677,0.791015625,2.620978379862631,49.658203125,85.517578125,0.5923214873435638,ok,True
0.40605443806568187,-0.42993096569719347,0.0059548631282567216,0.0,1.0,10.64,FL,0.2583195375653325,False,False,-3.564137692286619,-23.589887745061567,-3.869414414761362,False,20.30514366561173,0.791015625,2.7880325372831174,50.2734375,86.923828125,0.42993096569719347,ok,True
0.40605443806568187,-0.42993096569719347,0.333277271493887,0.0,1.0,10.64,FR,0.7583195375653324,True,True,12.315383871482076,-19.018810113494325,0.7954651987765118,False,0.0,0.791015625,0.4778599029010746,52.29492187500001,100.634765625,0.42993096569719347,ok,True
0.40605443806568187,-0.42993096569719347,0.3072522715450514,0.0,1.0,10.64,RL,0.7583195375653324,True,True,11.253987287547954,-19.695427396667124,0.1186488072067462,False,0.0,0.791015625,0.4655212091203201,53.173828125,100.8984375,0.42993096569719347,ok,True
0.40605443806568187,-0.42993096569719347,0.0002982215069617503,0.0,1.0,10.64,RR,0.2583195375653325,False,False,-4.055999276428777,-13.286154460035316,6.498860382093884,False,23.129624446083994,0.791015625,2.5918206226522194,50.2734375,85.341796875,0.42993096569719347,ok,True
0.1889243051247324,-0.4705009578215883,0.00598132988594759,0.0,1.0,10.66,FL,0.2722084264542214,False,False,-3.53933426527922,-25.173225643572565,-5.466495060181739,False,20.306027740812485,0.791015625,2.7373020903673493,50.625,87.01171875,0.4705009578215883,ok,True
0.1889243051247324,-0.4705009578215883,0.3394367597915796,0.0,1.0,10.66,FR,0.7722084264542214,True,True,13.545429575178455,-14.144283064305956,5.66894760443904,False,0.0,0.791015625,0.4821361916916225,50.888671875,100.1953125,0.4705009578215883,ok,True
0.1889243051247324,-0.4705009578215883,0.27851644671826703,0.0,1.0,10.66,RL,0.7722084264542214,True,True,11.130593821912717,-15.83107239511784,3.983841174074829,False,0.0,0.791015625,0.4633219964609241,52.119140625,100.458984375,0.4705009578215883,ok,True
0.1889243051247324,-0.4705009578215883,0.0006284508417472945,0.0,1.0,10.66,RR,0.2722084264542214,False,False,-4.009459031130789,-15.195225325046785,4.5776189192872145,False,22.494780478733542,0.791015625,2.544998132624844,50.888671875,85.60546875,0.4705009578215883,ok,True
-0.0337719251841171,-0.5121812465962697,0.007790747680250128,0.0,1.0,10.68,FL,0.2860973153431103,False,False,-3.5103233998800834,-26.93211820591759,-7.2412189735159025,False,20.30306142110905,0.791015625,2.6511112159425916,51.064453125,87.1875,0.5121812465962697,ok,True
-0.0337719251841171,-0.5121812465962697,0.3233427150856875,0.0,1.0,10.68,FR,0.7860973153431103,True,True,13.994766569750354,-9.917994573339648,9.885952925725775,False,0.0,0.791015625,0.48790234808443106,49.5703125,99.66796875,0.5121812465962697,ok,True
-0.0337719251841171,-0.5121812465962697,0.2392015980540899,0.0,1.0,10.68,RL,0.7860973153431103,True,True,10.106606345575926,-12.96262913954348,6.849706332667154,False,0.0,0.791015625,0.47119346137003554,50.625,99.84375,0.5121812465962697,ok,True
-0.0337719251841171,-0.5121812465962697,0.0013135280865588434,0.0,1.0,10.68,RR,0.2860973153431103,False,False,-3.9396078598517152,-17.459963113090062,2.30638715185529,False,22.54997472680642,0.791015625,2.4882011637544004,51.240234375,85.78125,0.5121812465962697,ok,True
-0.2837274301474524,-0.5367072598882502,0.009694431719465562,0.0,1.0,10.700000000000001,FL,0.2999862042319992,False,False,-3.496955157062602,-28.871356888348256,-9.198068864931148,False,20.87987800432211,0.791015625,2.551938603186128,51.591796875,87.36328125,0.5367072598882502,ok,True
-0.2837274301474524,-0.5367072598882502,0.3017026297888278,0.0,1.0,10.700000000000001,FR,0.7999862042319992,True,True,13.472512851462206,-6.456070381902317,13.339606566153542,False,0.0,0.791015625,0.488876775528811,48.33984375,98.96484375,0.5367072598882502,ok,True
-0.2837274301474524,-0.5367072598882502,0.22565821905877664,0.0,1.0,10.700000000000001,RL,0.7999862042319992,True,True,8.43857915559856,-10.579650998309205,9.230756834366911,False,0.0,0.791015625,0.4727515745207152,49.5703125,99.228515625,0.5367072598882502,ok,True
-0.2837274301474524,-0.5367072598882502,0.001873173593388852,0.0,1.0,10.700000000000001,RR,0.2999862042319992,False,False,-3.89042300560314,-20.051441063182054,-0.2968068516679949,False,22.467317014838873,0.791015625,2.401356522542144,51.6796875,85.95703125,0.5367072598882502,ok,True
-0.5429248441944483,-0.5165222381866255,0.011180505625593851,0.0,1.0,10.72,FL,0.31387509312088807,False,False,-3.514830269603447,-30.988373080265088,-11.334006804487395,False,21.54580924986537,0.791015625,2.4352419297170673,52.03125,87.626953125,0.5429248441944483,ok,True
-0.5429248441944483,-0.5165222381866255,0.28586696993809985,0.0,1.0,10.72,FR,0.813875093120888,True,True,12.534738546485405,-3.59459046921196,16.195165678375957,False,0.0,0.791015625,0.4804094160503217,47.109375,98.173828125,0.5429248441944483,ok,True
-0.5429248441944483,-0.5165222381866255,0.27461818726179127,0.0,1.0,10.72,RL,0.813875093120888,True,True,7.147067674381856,-7.409424591960338,12.395572753114358,False,0.0,0.791015625,0.46090380230571254,48.603515625,98.4375,0.5429248441944483,ok,True
-0.5429248441944483,-0.5165222381866255,0.0023157764031605205,0.0,1.0,10.72,RR,0.31387509312088807,False,False,-3.848773397292275,-22.88784788825014,-3.1517333636476543,False,22.41981070666123,0.791015625,2.310047693264875,52.29492187500001,86.220703125,0.5429248441944483,ok,True
-0.8079589170496199,-0.4761309044551988,0.013335791446801429,0.0,1.0,10.74,FL,0.32776398200977697,False,False,-3.5718189848703217,-33.34516102258932,-13.713047625858483,False,21.998794674384214,0.791015625,2.3206029046099803,52.470703125,87.802734375,0.8079589170496199,ok,True
-0.8079589170496199,-0.4761309044551988,0.2960599552240895,0.0,1.0,10.74,FR,0.827763982009777,True,True,11.677385495053233,-0.7944849177435311,18.98816083757566,False,0.0,0.791015625,0.4679306363275395,45.966796875,97.294921875,0.8079589170496199,ok,True
-0.8079589170496199,-0.4761309044551988,0.2603095359223452,0.0,1.0,10.74,RL,0.827763982009777,True,True,5.877483517295234,-4.790176148054777,15.009810447639008,False,0.0,0.791015625,0.4487405293691364,47.724609375,97.55859375,0.8079589170496199,ok,True
-0.8079589170496199,-0.4761309044551988,0.0031356618383749733,0.0,1.0,10.74,RR,0.32776398200977697,False,False,-3.8076882893834756,-25.98195123613532,-6.272463424568375,False,21.677499308031816,0.791015625,2.233852779462565,52.822265625,86.396484375,0.8079589170496199,ok,True
-1.038891151666154,-0.4456513842817839,0.01669378743640059,0.0,1.0,10.76,FL,0.34165287089866586,False,False,-3.6360806247952953,-35.86359694788815,-16.257458261802107,False,22.818892306407232,0.791015625,2.175662670057414,52.822265625,87.978515625,1.038891151666154,ok,True
-1.038891151666154,-0.4456513842817839,0.30531260445636627,0.0,1.0,10.76,FR,0.8416528708986659,True,True,10.718898428985216,1.9353749941987257,21.710753178080193,False,0.0,0.791015625,0.4676535720297868,45.0,96.328125,1.038891151666154,ok,True
-1.038891151666154,-0.4456513842817839,0.23982201276531875,0.0,1.0,10.76,RL,0.8416528708986659,True,True,4.370571274938992,-2.796537244344114,17.001003411997807,False,0.0,0.791015625,0.45359891079934267,46.93359375,96.6796875,1.038891151666154,ok,True
-1.038891151666154,-0.4456513842817839,0.003088151121659669,0.0,1.0,10.76,RR,0.34165287089866586,False,False,-3.6974584181458106,-29.336251812852986,-9.66053526300179,False,20.46900363902733,0.791015625,2.186218981618684,53.26171875,86.572265625,1.038891151666154,ok,True
-1.2289987361275243,-0.43177909846315377,0.020110865886400563,0.0,1.0,10.78,FL,0.35554175978755476,False,False,-3.7355405418453937,-38.44956980135919,-18.87315709329095,False,23.80321502253126,0.791015625,2.0220191866840924,53.0859375,88.06640625,1.2289987361275243,ok,True
-1.2289987361275243,-0.43177909846315377,0.2998323374902837,0.0,1.0,10.78,FR,0.8555417597875548,True,True,9.520984172304038,4.415524573682271,24.185451451202134,False,0.0,0.791015625,0.4559294291993238,44.208984375,95.361328125,1.2289987361275243,ok,True
-1.2289987361275243,-0.43177909846315377,0.22702157785143118,0.0,1.0,10.78,RL,0.8555417597875548,True,True,2.605665789240298,-1.1819891749398868,18.615216068815972,False,0.0,0.791015625,0.4608185049104307,46.318359375,95.80078125,1.2289987361275243,ok,True
-1.2289987361275243,-0.43177909846315377,0.0022857550905503537,0.0,1.0,10.78,RR,0.35554175978755476,False,False,-3.5484552394522626,-32.780742980475885,-13.143907913445055,False,19.691397648633995,0.791015625,2.1592226172020306,53.7890625,86.8359375,1.2289987361275243,ok,True
-1.3771242007512836,-0.4222175683410462,0.023338963177035408,0.0,1.0,10.8,FL,0.36943064867644365,False,False,-3.8789913158045475,-40.99760043700852,-21.448893407367567,False,24.897912820641984,0.791015625,1.8818201535175318,53.61328125,88.330078125,1.3771242007512836,ok,True
-1.3771242007512836,-0.4222175683410462,0.269982926991744,0.0,1.0,10.8,FR,0.8694306486764436,True,True,8.028252937275552,6.317444697468761,26.086407217404364,False,0.0,0.791015625,0.43985127997784407,43.59375,94.5703125,1.3771242007512836,ok,True
-1.3771242007512836,-0.4222175683410462,0.20881608761130296,0.0,1.0,10.8,RL,0.8694306486764436,True,True,0.7290058297459712,0.05112652915905758,19.84977730771901,False,0.0,0.791015625,0.46095994185143824,45.17578125,95.009765625,1.3771242007512836,ok,True
-1.3771242007512836,-0.4222175683410462,0.003279903149034631,0.0,1.0,10.8,RR,0.36943064867644365,False,False,-3.4068938322292763,-36.150057527696845,-16.555395944018354,False,18.839654797664057,0.791015625,2.1482037653715063,54.404296875,87.099609375,1.3771242007512836,ok,True
-1.432580019791571,-0.37891065593183826,0.02551036662113186,0.0,1.0,10.82,FL,0.38331953756533255,False,False,-4.042914137822685,-43.35380792641435,-23.82557602706697,False,24.784159372491114,0.791015625,1.7186143398582345,53.7890625,88.41796875,1.432580019791571,ok,True
-1.432580019791571,-0.37891065593183826,0.23136485543689436,0.0,1.0,10.82,FR,0.8833195375653325,True,True,6.295831719794774,7.578145547907356,27.349822161842184,False,0.0,0.791015625,0.44874383636393933,43.06640625,93.8671875,1.432580019791571,ok,True
-1.432580019791571,-0.37891065593183826,0.1485460229012429,0.0,1.0,10.82,RL,0.8833195375653325,True,True,-0.8331604894113408,0.23933429769714246,20.04261268218173,True,5.216686545413412,0.791015625,0.4596190990194281,44.912109375,94.39453125,1.432580019791571,ok,True
-1.432580019791571,-0.37891065593183826,0.0046529863996702895,0.0,1.0,10.82,RR,0.38331953756533255,False,False,-3.229963837433028,-39.33183365563379,-19.778903178503864,False,15.183288506010747,0.791015625,2.1502793191993703,54.931640625,87.275390625,1.432580019791571,ok,True
-1.234150176227761,-0.17316466454371532,0.02518445197562293,0.0,1.0,10.84,FL,0.39720842645422144,False,False,-4.168553766544587,-45.24170062014894,-25.728235698039303,False,25.948480946735103,0.791015625,1.390416126646208,53.96484375,88.59375,1.234150176227761,ok,True
-1.234150176227761,-0.17316466454371532,0.18406037793911562,0.0,1.0,10.84,FR,0.8972084264542215,True,True,3.79562266418159,7.807522421062855,27.586921225611302,False,0.0,0.791015625,0.4922661249526363,42.71484375,93.33984375000001,1.234150176227761,ok,True
-1.234150176227761,-0.17316466454371532,0.04898795426652019,0.0,1.0,10.84,RL,0.8972084264542215,True,True,-1.182492298185584,-1.027213239759079,18.78298661539588,False,3.8979440408958284,0.791015625,0.4625031748891033,44.560546875,93.779296875,1.234150176227761,ok,True
-1.234150176227761,-0.17316466454371532,0.004038427691636957,0.0,1.0,10.84,RR,0.39720842645422144,False,False,-2.8759049371057595,-42.354608856999114,-22.831608100393066,False,13.172027815937208,0.791015625,2.128045064278585,55.37109375,87.36328125,1.234150176227761,ok,True
-0.8486688910934664,0.07932062861715623,0.026583037955087017,0.0,1.0,10.86,FL,0.41109731534311034,False,False,-4.290839437456687,-46.682747178534235,-27.180553936972593,False,25.807061743850415,0.791015625,1.0318537665852052,54.140625,88.681640625,0.8486688910934664,ok,True
-0.8486688910934664,0.07932062861715623,0.16400891795816033,0.0,1.0,10.86,FR,0.9110973153431103,True,False,0.8918511853383166,7.449416529636906,27.23762614267482,False,0.0,0.791015625,0.46795809853347364,42.626953125,92.98828125,0.8486688910934664,ok,True
-0.8486688910934664,0.07932062861715623,0.02846618321380138,0.0,1.0,10.86,RL,0.9110973153431103,True,False,-1.069710755583285,-2.1988108936962263,17.615418679350615,False,2.84532728979442,0.791015625,0.5228132439893041,44.208984375,93.1640625,0.8486688910934664,ok,True
-0.8486688910934664,0.07932062861715623,0.0018856514717397648,0.0,1.0,10.86,RR,0.41109731534311034,False,False,-2.5536776340659375,-45.191955332385355,-25.698884642838564,False,13.58094466951847,0.791015625,2.0265681392559824,55.8984375,87.626953125,0.8486688910934664,ok,True
-0.42175758412904185,0.30638040262065397,0.026497766157656175,0.0,1.0,10.88,FL,0.42498620423199923,False,False,-4.346473370679954,-47.81318668204305,-28.32066950627905,False,23.17173110260046,0.791015625,0.8059299261788682,54.31640625,88.76953125,0.42175758412904185,ok,True
-0.42175758412904185,0.30638040262065397,0.10004089641276628,0.0,1.0,10.88,FR,0.9249862042319992,True,False,-1.2794346997764758,6.378059193150849,26.173401206404876,True,9.037433136213338,0.791015625,0.5289254610328513,42.36328125,92.8125,0.42175758412904185,ok,True
-0.42175758412904185,0.30638040262065397,0.025929474238700526,0.0,1.0,10.88,RL,0.9249862042319992,True,False,-0.8331637351211008,-3.081127579351458,16.734355335134573,False,3.083627285395044,0.791015625,0.6857314202479146,44.208984375,92.98828125,0.42175758412904185,ok,True
-0.42175758412904185,0.30638040262065397,0.005283680478294452,0.0,1.0,10.88,RR,0.42498620423199923,False,False,-2.392299909304405,-47.73066871242555,-28.265568365962213,False,12.925260151207569,0.791015625,1.8183640575072473,56.162109375,87.802734375,0.42175758412904185,ok,True
-0.13387323226243392,0.37195527939484624,0.021261924131511595,0.0,1.0,10.9,FL,0.4388750931208881,False,False,-4.138827389858359,-48.44761795492828,-28.965194148819425,False,18.567663209981674,0.791015625,0.802023803595189,54.4921875,88.41796875,0.37195527939484624,ok,True
-0.13387323226243392,0.37195527939484624,0.027712380434107675,0.0,1.0,10.9,FR,0.9388750931208881,True,False,-1.7320308801937676,5.20226210040836,25.001886188220354,False,10.120421428139842,0.791015625,0.6565144514797099,42.5390625,92.8125,0.37195527939484624,ok,True
-0.13387323226243392,0.37195527939484624,0.029776725838107906,0.0,1.0,10.9,RL,0.9388750931208881,True,False,-0.5637368985195248,-3.4054782221116717,16.409812971785268,False,2.8886017082090034,0.791015625,0.9350980969019054,44.560546875,92.98828125,0.37195527939484624,ok,True
-0.13387323226243392,0.37195527939484624,0.009745366676923026,0.0,1.0,10.9,RR,0.4388750931208881,False,False,-2.288395307073874,-49.53749610409236,-30.092068400912726,False,13.141411514802835,0.791015625,1.516207437269516,56.689453125,87.890625,0.37195527939484624,ok,True
0.11297338971787964,0.3492524482872918,0.01474091751830958,0.0,1.0,10.92,FL,0.452763982009777,False,False,-3.709942018223155,-48.61036899913412,-29.134538441843944,False,16.69504213714961,0.791015625,0.8698626615281937,54.66796875,88.2421875,0.3492524482872918,ok,True
0.11297338971787964,0.3492524482872918,0.022006312219191703,0.0,1.0,10.92,FR,0.9527639820097771,True,False,-1.7953079801434242,4.814971327037676,24.61616298693882,False,9.551523136093001,0.791015625,0.7115032821156573,42.626953125,92.8125,0.3492524482872918,ok,True
0.11297338971787964,0.3492524482872918,0.046458155163783224,0.0,1.0,10.92,RL,0.9527639820097771,True,False,-0.1528176303080657,-2.945797552543105,16.869534215670942,False,2.251224826308763,0.791015625,1.041261924936539,44.912109375,93.076171875,0.3492524482872918,ok,True
0.11297338971787964,0.3492524482872918,0.012353824826518263,0.0,1.0,10.92,RR,0.452763982009777,False,False,-2.247919226484322,-50.48003012820654,-31.04342628015541,False,13.689274585259087,0.791015625,1.323903673055464,56.77734375,87.978515625,0.3492524482872918,ok,True
0.315364964458688,0.2562435757930128,0.009591803996692664,0.0,1.0,10.94,FL,0.4666528708986659,False,False,-3.311855238166541,-48.54145355319203,-29.07091581056,False,15.230204400617152,0.791015625,0.9957795360072141,54.931640625,87.802734375,0.315364964458688,ok,True
0.315364964458688,0.2562435757930128,0.019950679936937887,0.0,1.0,10.94,FR,0.9666528708986659,True,False,-1.734999568624638,5.02125186116228,24.82203947059728,False,8.49890356640892,0.791015625,0.6745275072964398,42.890625,92.63671875,0.315364964458688,ok,True
0.315364964458688,0.2562435757930128,0.039628743161097414,0.0,1.0,10.94,RL,0.9666528708986659,True,False,-0.023730974148684914,-2.360889120123678,17.454574525388956,False,1.50652398600845,0.791015625,1.0481555751794778,45.439453125,93.33984375000001,0.315364964458688,ok,True
0.315364964458688,0.2562435757930128,0.015228105263060948,0.0,1.0,10.94,RR,0.4666528708986659,False,False,-2.320998422880898,-50.833159968822294,-31.39611735602169,False,15.77310256440844,0.791015625,1.2529874932697163,57.216796875,88.06640625,0.315364964458688,ok,True
0.4410848773165022,0.11717098052126622,0.005472093703551805,0.0,1.0,10.96,FL,0.4805417597875548,False,False,-3.0146003364543184,-48.509154099807915,-29.04410330396909,False,15.138503997918814,0.791015625,1.1674555154661492,55.1953125,87.36328125,0.4410848773165022,ok,True
0.4410848773165022,0.11717098052126622,0.016490797154509334,0.0,1.0,10.96,FR,0.9805417597875548,True,False,-1.616078813474156,5.433520722012279,25.23292850059583,False,8.254382060291992,0.791015625,0.5604041124762354,43.2421875,92.37304687500001,0.4410848773165022,ok,True
0.4410848773165022,0.11717098052126622,0.02128814979652598,0.0,1.0,10.96,RL,0.9805417597875548,True,False,-0.11298778809782153,-2.1713734604087893,17.644117859908746,False,2.085846729969236,0.791015625,1.0037096719686578,45.966796875,93.515625,0.4410848773165022,ok,True
0.4410848773165022,0.11717098052126622,0.016004635399282714,0.0,1.0,10.96,RR,0.4805417597875548,False,False,-2.519133145570781,-50.89457597070307,-31.452407063581052,False,17.451063727007757,0.791015625,1.2817340316502757,57.39257812500001,88.2421875,0.4410848773165022,ok,True
0.5087499941847814,-0.052553599630117,0.003221382065107762,0.0,1.0,10.98,FL,0.4944306486764437,False,False,-2.842025678076192,-48.62914584185606,-29.172356456135045,False,15.034727294251553,0.791015625,1.326259990372425,55.458984375,87.275390625,0.5087499941847814,ok,True
0.5087499941847814,-0.052553599630117,0.015048855947022067,0.0,1.0,10.98,FR,0.9944306486764437,True,False,-1.517708734660908,5.806769147564985,25.605493591941137,False,7.73344384779658,0.791015625,0.4452825434648201,43.59375,92.197265625,0.5087499941847814,ok,True
0.5087499941847814,-0.052553599630117,0.009637188634555777,0.0,1.0,10.98,RL,0.9944306486764437,True,False,-0.3431839845989444,-2.2698148130085825,17.545618586514088,False,2.8599769605858327,0.791015625,0.935006364664394,46.318359375,93.515625,0.5087499941847814,ok,True
0.5087499941847814,-0.052553599630117,0.015895664435321685,0.0,1.0,10.98,RR,0.4944306486764437,False,False,-2.7625586029452025,-50.95496971087633,-31.508008109913536,False,18.22544896075183,0.791015625,1.380327252246071,57.48046875,87.802734375,0.5087499941847814,ok,True
0.51921149251556,-0.1907171039804539,0.0019678497753070684,0.0,1.0,11.0,FL,0.5083195375653325,True,False,-2.724501447564271,-48.93988419374914,-29.49234452611426,False,14.795053562881325,0.791015625,1.4457171634702335,55.8984375,87.626953125,0.51921149251556,ok,True
0.51921149251556,-0.1907171039804539,0.01296820049225932,0.0,1.0,11.0,FR,0.008319537565332435,False,False,-1.4353964584430148,5.945844406431115,25.744945674021984,False,7.529910204158168,0.791015625,0.3677306580424163,44.12109375,91.7578125,0.51921149251556,ok,True
0.51921149251556,-0.1907171039804539,0.0034822676154044638,0.0,1.0,11.0,RL,0.008319537565332435,False,False,-0.5864866119586164,-2.5602372773672024,17.255150150813154,False,3.8038641066874628,0.791015625,0.8701207695654066,46.58203125,93.076171875,0.51921149251556,ok,True
0.51921149251556,-0.1907171039804539,0.013000023831890643,0.0,1.0,11.0,RR,0.5083195375653325,True,False,-2.9529455465174945,-51.15635891614301,-31.708919153235044,False,18.053294734713507,0.791015625,1.4909988696060041,57.919921875,87.802734375,0.51921149251556,ok,True
0.4693371356456691,-0.259160239187378,0.0024899402775697163,0.0,1.0,11.02,FL,0.5222084264542214,True,False,-2.638031849199085,-49.47288954715127,-30.03449973019279,False,13.931902553715227,0.791015625,1.5184227214450154,56.337890625,87.890625,0.4693371356456691,ok,True
0.4693371356456691,-0.259160239187378,0.010216326742237419,0.0,1.0,11.02,FR,0.022208426454221275,False,False,-1.375038353190694,5.7050108035091425,25.50571541844569,False,8.1106069246376,0.791015625,0.3440973323841601,44.560546875,91.318359375,0.4693371356456691,ok,True
0.4693371356456691,-0.259160239187378,0.002022086148456525,0.0,1.0,11.02,RL,0.022208426454221275,False,False,-0.7444940981329966,-3.0412813593125056,16.774150093356724,False,5.355597359509013,0.791015625,0.8380525596600628,46.7578125,92.63671875,0.4693371356456691,ok,True
0.4693371356456691,-0.259160239187378,0.010056072257484271,0.0,1.0,11.02,RR,0.5222084264542214,True,False,-3.0653788620127553,-51.647692533670096,-32.20758275693382,False,17.66886521658427,0.791015625,1.5659303628652488,58.27148437499999,87.890625,0.4693371356456691,ok,True
0.36455822240671665,-0.28144927312926854,0.00370895905918665,0.0,1.0,11.040000000000001,FL,0.5360973153431102,True,False,-2.4907711795735445,-50.33928513377887,-30.912163591560738,False,11.971602684327948,0.791015625,1.5187672340887588,56.689453125,88.330078125,0.36455822240671665,ok,True
0.36455822240671665,-0.28144927312926854,0.0068948185191512355,0.0,1.0,11.040000000000001,FR,0.036097315343110115,False,False,-1.387130246626827,4.857484558370025,24.662266674370418,False,8.588088253915608,0.791015625,0.407176594411528,44.82421875,90.87890625,0.36455822240671665,ok,True
0.36455822240671665,-0.28144927312926854,0.0046508605129427765,0.0,1.0,11.040000000000001,RL,0.036097315343110115,False,False,-0.9213415033268793,-3.802689828634177,16.012765535384595,False,7.35623100572175,0.791015625,0.8652801952426318,46.93359375,92.109375,0.36455822240671665,ok,True
0.36455822240671665,-0.28144927312926854,0.009511639120780924,0.0,1.0,11.040000000000001,RR,0.5360973153431102,True,False,-3.0734250274407904,-52.72683545508389,-33.305962979109864,False,16.113134331647377,0.791015625,1.5680552463992203,58.71093750000001,88.41796875,0.36455822240671665,ok,True
0.23206992078374505,-0.26028510630533436,0.005353028275428901,0.0,1.0,11.06,FL,0.5499862042319991,True,False,-2.257108046021611,-51.510247079908204,-32.09514314505478,False,11.507067192801221,0.791015625,1.4189042543749855,57.12890625,88.857421875,0.26028510630533436,ok,True
0.23206992078374505,-0.26028510630533436,0.004849031164747544,0.0,1.0,11.06,FR,0.049986204231998954,False,False,-1.4691555485513221,3.3270269008161124,23.137026558650096,False,9.86121903967154,0.791015625,0.5932538192353737,45.0,90.43945312500001,0.26028510630533436,ok,True
0.23206992078374505,-0.26028510630533436,0.007054897714328697,0.0,1.0,11.06,RL,0.049986204231998954,False,False,-1.1520669299971351,-4.850392512722013,14.964491205215733,False,9.11877816656574,0.791015625,0.9664110598413473,46.93359375,91.58203125,0.26028510630533436,ok,True
0.23206992078374505,-0.26028510630533436,0.008349535523200478,0.0,1.0,11.06,RR,0.5499862042319991,True,False,-2.908650710753628,-54.50611094627896,-35.11666631972487,False,13.065480385633515,0.791015625,1.473555513732331,59.23828124999999,89.033203125,0.26028510630533436,ok,True
0.10920629387798789,-0.23101608355313674,0.008330585896317685,0.0,1.0,11.08,FL,0.5638750931208879,True,False,-2.0438465535618877,-52.828275462006566,-33.426678356429505,False,10.3012487440291,0.791015625,1.2357011839074319,57.568359375,89.82421875,0.23101608355313674,ok,True
0.10920629387798789,-0.23101608355313674,0.008292710825510797,0.0,1.0,11.08,FR,0.0638750931208878,False,False,-1.6247471564789229,1.3684455112204357,21.182551864747893,False,11.63683473121325,0.791015625,0.8797465759400898,45.52734375,89.912109375,0.23101608355313674,ok,True
0.10920629387798789,-0.23101608355313674,0.008649279615345316,0.0,1.0,11.08,RL,0.0638750931208878,False,False,-1.4317205373821293,-6.054933309930376,13.75822539588341,False,11.480048445912585,0.791015625,1.114865664498308,47.021484375,91.142578125,0.23101608355313674,ok,True
0.10920629387798789,-0.23101608355313674,0.005148135506770661,0.0,1.0,11.08,RR,0.5638750931208879,True,False,-2.545783676376949,-56.724994712179225,-37.37335065749909,False,8.938143289708718,0.791015625,1.3111969224109432,59.58984374999999,89.912109375,0.23101608355313674,ok,True
0.013570618644587563,-0.20941207391393443,0.010555734446286128,0.0,1.0,11.1,FL,0.5777639820097767,True,False,-1.8189497325258666,-54.09219647858371,-34.702142139769585,False,7.908142654012955,0.791015625,1.010736434520447,58.18359375,90.791015625,0.20941207391393443,ok,True
0.013570618644587563,-0.20941207391393443,0.012095305172626232,0.0,1.0,11.1,FR,0.07776398200977663,False,False,-1.8524345070652821,-0.6969725108557241,19.118502154478403,False,13.674232648933872,0.791015625,1.2155385917122756,45.87890625,89.384765625,0.20941207391393443,ok,True
0.013570618644587563,-0.20941207391393443,0.009623711016573725,0.0,1.0,11.1,RL,0.07776398200977663,False,False,-1.7664363000448464,-7.204237208485019,12.606256709651213,False,13.894482218098744,0.791015625,1.301112838288522,47.109375,90.615234375,0.20941207391393443,ok,True
0.013570618644587563,-0.20941207391393443,0.0018598147112577179,0.0,1.0,11.1,RR,0.5777639820097767,True,False,-2.018502999573995,-59.01785465978667,-39.70210491314572,False,4.633428889220954,0.791015625,1.0957549981512533,59.765625,90.87890625,0.20941207391393443,ok,True
-0.05212865870181957,-0.18236352010775908,0.011642345483173082,0.0,1.0,11.120000000000001,FL,0.5916528708986656,True,False,-1.5269839417231656,-55.06918078055564,-35.681807708378614,False,6.5887475059948,0.791015625,0.7764577534150406,58.53515625,92.021484375,0.18236352010775908,ok,True
-0.05212865870181957,-0.18236352010775908,0.010919414093027666,0.0,1.0,11.120000000000001,FR,0.09165287089866547,False,False,-2.166297131798018,-2.639556288090189,17.174797380150352,False,17.05198150904983,0.791015625,1.5632949529539846,46.494140625,89.208984375,0.18236352010775908,ok,True
-0.05212865870181957,-0.18236352010775908,0.008875599147498772,0.0,1.0,11.120000000000001,RL,0.09165287089866547,False,False,-2.153409303066869,-8.09098586905731,11.716903387933232,False,16.333062864819023,0.791015625,1.5205206882006386,47.109375,90.087890625,0.18236352010775908,ok,True
-0.05212865870181957,-0.18236352010775908,0.006973047027945485,0.0,1.0,11.120000000000001,RR,0.5916528708986656,True,False,-1.4104057134010604,-61.00213909433323,-41.7118911855991,False,3.44107755151784,0.791015625,0.837225528110657,60.029296875,92.109375,0.18236352010775908,ok,True
-0.11989541775806299,-0.11767612714424017,0.011297864028739583,0.0,1.0,11.14,FL,0.6055417597875544,True,True,-1.217447608987076,-55.6943367739174,-36.30101217278785,False,4.944511801338671,0.791015625,0.5876111612920454,58.97460937500001,93.515625,0.11989541775806299,ok,True
-0.11989541775806299,-0.11767612714424017,0.007975942668506687,0.0,1.0,11.14,FR,0.10554175978755431,False,False,-2.5462020870848057,-4.219217546227964,15.592967011658935,False,18.587346734207337,0.791015625,1.8572571105549252,46.93359375,89.12109375,0.11989541775806299,ok,True
-0.11989541775806299,-0.11767612714424017,0.006776947419851403,0.0,1.0,11.14,RL,0.10554175978755431,False,False,-2.5483058800876353,-8.648681674148506,11.156931748661918,False,17.72393428341382,0.791015625,1.7493541864561117,47.197265625,89.560546875,0.11989541775806299,ok,True
-0.11989541775806299,-0.11767612714424017,0.032081819673275745,0.0,1.0,11.14,RR,0.6055417597875544,True,True,-0.5188358192747458,-62.059687772409895,-42.773048918503015,False,2.411370338829519,0.791015625,0.6000914705658589,60.20507812499999,93.515625,0.11989541775806299,ok,True
-0.22201374701410953,-0.011495374717029867,0.014191492545324993,0.0,1.0,11.16,FL,0.6194306486764433,True,True,-0.8153815453747181,-55.93387432818266,-36.52502725704835,False,2.775194078894797,0.791015625,0.4751157337709989,59.4140625,95.185546875,0.22201374701410953,ok,True
-0.22201374701410953,-0.011495374717029867,0.004719384713555007,0.0,1.0,11.16,FR,0.11943064867644315,False,False,-2.8756662927807777,-5.504069395602794,14.306124687065545,False,19.68671607924366,0.791015625,2.068232814956406,47.373046875,88.857421875,0.22201374701410953,ok,True
-0.22201374701410953,-0.011495374717029867,0.0033199647622652625,0.0,1.0,11.16,RL,0.11943064867644315,False,False,-2.8906594493499567,-8.988384809818378,10.815408748843787,False,20.139173031920333,0.791015625,1.9906224921041917,47.63671875000001,89.12109375,0.22201374701410953,ok,True
-0.22201374701410953,-0.011495374717029867,0.13789170296850875,0.0,1.0,11.16,RR,0.6194306486764433,True,True,0.8724207695898785,-60.6517787643553,-41.315619961460456,False,0.0,0.791015625,0.49447321575596326,60.46875,94.921875,0.22201374701410953,ok,True
-0.28090577060400057,0.04170367129511986,0.059296310792797215,0.0,1.0,11.18,FL,0.6333195375653321,True,True,0.21966132315239667,-55.08157983472206,-35.63635619893024,False,0.0,0.791015625,0.3970292288177712,59.58984374999999,96.6796875,0.28090577060400057,ok,True
-0.28090577060400057,0.04170367129511986,0.0061978689832575444,0.0,1.0,11.18,FR,0.133319537565332,False,False,-3.1358227722949743,-6.748525601568569,13.059132219810639,False,20.449745666177176,0.791015625,2.3227813512343487,47.8125,88.59375,0.28090577060400057,ok,True
-0.28090577060400057,0.04170367129511986,0.0014668272439864252,0.0,1.0,11.18,RL,0.133319537565332,False,False,-3.2503739804183027,-9.181775266539658,10.62095162869601,False,22.240997942530484,0.791015625,2.244706115878851,48.076171875,88.59375,0.28090577060400057,ok,True
-0.28090577060400057,0.04170367129511986,0.2439777569759735,0.0,1.0,11.18,RR,0.6333195375653321,True,True,2.1429732377091435,-57.071516183343505,-37.651184296467065,False,0.0,0.791015625,0.47527010321936164,60.732421875,96.50390625,0.28090577060400057,ok,True
-0.25477324368613086,-0.0010628170676278978,0.22505686946769177,0.0,1.0,11.200000000000001,FL,0.6472084264542209,True,True,1.870772975571873,-50.98383471743959,-31.46313681910923,False,0.0,0.791015625,0.41507020874453654,59.501953125,97.91015625,0.25477324368613086,ok,True
-0.25477324368613086,-0.0010628170676278978,0.008143639031059458,0.0,1.0,11.200000000000001,FR,0.14720842645422083,False,False,-3.336520980640259,-8.132897276019195,11.670270921855598,False,20.51209289235758,0.791015625,2.6344084224440576,48.076171875,88.06640625,0.25477324368613086,ok,True
-0.25477324368613086,-0.0010628170676278978,0.003535813914974972,0.0,1.0,11.200000000000001,RL,0.14720842645422083,False,False,-3.624321253885,-9.452576845040477,10.349112048886175,False,24.771449155793555,0.791015625,2.4845265142892803,48.515625,88.2421875,0.25477324368613086,ok,True
-0.25477324368613086,-0.0010628170676278978,0.2278865394445644,0.0,1.0,11.200000000000001,RR,0.6472084264542209,True,True,3.276106108806555,-53.96297404387695,-34.476260346675275,False,0.0,0.791015625,0.46910921262417354,60.732421875,97.91015625,0.25477324368613086,ok,True
-0.1953118444102289,-0.11317577261921552,0.23813098375984612,0.0,1.0,11.22,FL,0.6610973153431098,True,True,3.9476854517688924,-46.94140179424096,-27.351216487147564,False,0.0,0.791015625,0.4302910221886746,59.32617187500001,98.96484375,0.1953118444102289,ok,True
-0.1953118444102289,-0.11317577261921552,0.009092996584141906,0.0,1.0,11.22,FR,0.16109731534310967,False,False,-3.472346368527616,-9.732705140353966,10.062928871000837,False,21.35147255750802,0.791015625,2.888625037007463,48.515625,87.802734375,0.1953118444102289,ok,True
-0.1953118444102289,-0.11317577261921552,0.00493717655645562,0.0,1.0,11.22,RL,0.16109731534310967,False,False,-3.960537332887568,-10.112675900032452,9.68662727390638,False,25.440873935084408,0.791015625,2.7072403118566033,48.69140625,87.71484375,0.1953118444102289,ok,True
-0.1953118444102289,-0.11317577261921552,0.24919285614024514,0.0,1.0,11.22,RR,0.6610973153431098,True,True,4.413572897013621,-50.65526747536462,-31.11129310289618,False,0.0,0.791015625,0.470577540646361,60.380859375,99.140625,0.1953118444102289,ok,True
-0.09401093710431654,-0.2624563239530549,0.23239830272712372,0.0,1.0,11.24,FL,0.6749862042319986,True,True,6.310207128786903,-43.33349914431721,-23.678561002392613,False,0.0,0.791015625,0.4402807278508734,58.798828125,99.84375,0.2624563239530549,ok,True
-0.09401093710431654,-0.2624563239530549,0.008792573974876107,0.0,1.0,11.24,FR,0.1749862042319985,False,False,-3.5694114896686995,-11.464587555725783,8.319441731448661,False,20.326654960177432,0.791015625,3.083253784128973,48.779296875,87.36328125,0.2624563239530549,ok,True
-0.09401093710431654,-0.2624563239530549,0.00316701197263481,0.0,1.0,11.24,RL,0.1749862042319985,False,False,-4.18280201800142,-11.094106857639398,8.70078120509642,False,25.17363915154085,0.791015625,2.878685204849056,48.8671875,87.1875,0.2624563239530549,ok,True
-0.09401093710431654,-0.2624563239530549,0.2708429678501767,0.0,1.0,11.24,RR,0.6749862042319986,True,True,5.536038627403285,-47.04970498268524,-27.437273161501743,False,0.0,0.791015625,0.4754111178845045,59.67773437500001,100.01953125,0.2624563239530549,ok,True
0.061816077391911195,-0.38732769034165554,0.25544886877511275,0.0,1.0,11.26,FL,0.6888750931208875,True,True,8.67078014025095,-39.556733543292566,-19.851250092614197,False,0.0,0.791015625,0.4628327681236677,58.18359375,100.458984375,0.38732769034165554,ok,True
0.061816077391911195,-0.38732769034165554,0.008543014995616757,0.0,1.0,11.26,FR,0.18887509312088735,False,False,-3.5925605776414846,-13.294415094035974,6.478320094815926,False,20.62677154998674,0.791015625,3.214106892328968,49.04296875,87.099609375,0.38732769034165554,ok,True
0.061816077391911195,-0.38732769034165554,0.003241912000870406,0.0,1.0,11.26,RL,0.18887509312088735,False,False,-4.2813138267558255,-12.339387768375797,7.447824718411841,False,24.667239406516018,0.791015625,2.9822269512034363,49.130859375,86.66015625,0.38732769034165554,ok,True
0.061816077391911195,-0.38732769034165554,0.29451567872731327,0.0,1.0,11.26,RR,0.6888750931208875,True,True,6.549776724918667,-43.03658929218907,-23.361128720927194,False,0.0,0.791015625,0.478984600967359,58.88671875,100.634765625,0.38732769034165554,ok,True
0.2388537359125168,-0.48714132503309954,0.2710450115706918,0.0,1.0,11.28,FL,0.7027639820097763,True,True,10.923656088349276,-35.731821958807714,-15.990651091966388,False,0.0,0.791015625,0.4756728207087277,57.48046875,101.162109375,0.48714132503309954,ok,True
0.2388537359125168,-0.48714132503309954,0.0072084121353118615,0.0,1.0,11.28,FR,0.2027639820097762,False,False,-3.598477291535219,-15.15344794969491,4.613603391655138,False,20.19273497645066,0.791015625,3.2599837900469635,49.306640625,87.01171875,0.48714132503309954,ok,True
0.2388537359125168,-0.48714132503309954,0.005164540123731543,0.0,1.0,11.28,RL,0.2027639820097762,False,False,-4.284626328895542,-13.84561950518658,5.929632314475342,False,24.112923949010128,0.791015625,3.0353034923904,49.306640625,86.396484375,0.48714132503309954,ok,True
0.2388537359125168,-0.48714132503309954,0.3235931197092164,0.0,1.0,11.28,RR,0.7027639820097763,True,True,7.4121169494492865,-38.47759922060419,-18.75272584726189,False,0.0,0.791015625,0.4844834132973488,57.65624999999999,100.986328125,0.48714132503309954,ok,True
0.4590720607335435,-0.5583253783416201,0.28561580934790015,0.0,1.0,11.3,FL,0.7166528708986651,True,True,13.167690355648881,-31.919930484261283,-12.15597085768593,False,0.0,0.791015625,0.4807283491312133,56.689453125,101.77734375,0.5583253783416201,ok,True
0.4590720607335435,-0.5583253783416201,0.005853135238871238,0.0,1.0,11.3,FR,0.21665287089866503,False,False,-3.5626739692308784,-17.08454467979703,2.674201810154294,False,20.155616084148168,0.791015625,3.251690302224093,49.658203125,87.1875,0.5583253783416201,ok,True
0.4590720607335435,-0.5583253783416201,0.006278254579715088,0.0,1.0,11.3,RL,0.21665287089866503,False,False,-4.230204683381717,-15.641926918311961,4.127357202215448,False,23.454924024274142,0.791015625,3.031544288283903,49.39453125000001,86.396484375,0.5583253783416201,ok,True
0.4590720607335435,-0.5583253783416201,0.31722519559883344,0.0,1.0,11.3,RR,0.7166528708986651,True,True,8.049418189300608,-34.12508823107915,-14.369861076433203,False,0.0,0.791015625,0.4852249179498924,56.513671875,101.162109375,0.5583253783416201,ok,True
0.7159185092311577,-0.571807926327496,0.2978341748206827,0.0,1.0,11.32,FL,0.730541759787554,True,True,15.295117699401453,-28.147376083851377,-8.36897648577791,False,0.0,0.791015625,0.48529563136145326,55.72265625,102.041015625,0.7159185092311577,ok,True
0.7159185092311577,-0.571807926327496,0.004432098320524861,0.0,1.0,11.32,FR,0.23054175978755387,False,False,-3.517103689504839,-19.063911173327,0.6849653869923138,False,19.90269662885491,0.791015625,3.1897743992953607,50.09765625,87.1875,0.7159185092311577,ok,True
0.7159185092311577,-0.571807926327496,0.007287386120339541,0.0,1.0,11.32,RL,0.23054175978755387,False,False,-4.143832670358373,-17.69627728292042,2.063222121843218,False,22.99171650548388,0.791015625,2.97815523348784,49.921875,86.484375,0.7159185092311577,ok,True
0.7159185092311577,-0.571807926327496,0.33578476658131884,0.0,1.0,11.32,RR,0.730541759787554,True,True,8.5351482315126,-29.46018045845288,-9.688097256847733,False,0.0,0.791015625,0.48611110175355055,55.37109375,101.6015625,0.7159185092311577,ok,True
0.9982595747285558,-0.5567424806537205,0.3019071351788748,0.0,1.0,11.34,FL,0.7444306486764428,True,True,17.01325429215278,-24.57411193766224,-4.773988302169766,False,0.0,0.791015625,0.49800096777696384,54.84375,102.216796875,0.9982595747285558,ok,True
0.9982595747285558,-0.5567424806537205,0.0035525684987740454,0.0,1.0,11.34,FR,0.2444306486764427,False,False,-3.4909807111436035,-21.11841657033239,-1.3806423279490545,False,20.44438101051196,0.791015625,3.0760402417778434,50.625,87.36328125,0.9982595747285558,ok,True
0.9982595747285558,-0.5567424806537205,0.007958482301353261,0.0,1.0,11.34,RL,0.2444306486764427,False,False,-4.015544112116181,-20.007528207477787,-0.26364419395714833,False,20.683018586456157,0.791015625,2.898046554241555,50.2734375,86.8359375,0.9982595747285558,ok,True
0.9982595747285558,-0.5567424806537205,0.3385255898196077,0.0,1.0,11.34,RR,0.7444306486764428,True,True,9.127566730589184,-24.829819299789776,-5.033405687802656,False,0.0,0.791015625,0.481655829759488,53.96484375,101.68945312500001,0.9982595747285558,ok,True
1.2371731560662174,-0.5781156410194837,0.32196388307597673,0.0,1.0,11.36,FL,0.7583195375653317,True,True,18.290662151089535,-20.854435378974646,-1.0421908550690873,False,0.0,0.791015625,0.5025925057515876,53.701171875,102.12890625,1.2371731560662174,ok,True
1.2371731560662174,-0.5781156410194837,0.004521776908091376,0.0,1.0,11.36,FR,0.25831953756533155,False,False,-3.492038273178913,-23.21419591796587,-3.4892831577468506,False,20.64255792379593,0.791015625,2.88324070045334,51.064453125,87.626953125,1.2371731560662174,ok,True
1.2371731560662174,-0.5781156410194837,0.007906275143766883,0.0,1.0,11.36,RL,0.25831953756533155,False,False,-3.7974428577595316,-22.551574919583175,-2.8265881299630777,False,19.408318861236356,0.791015625,2.8359019098092646,50.80078125,87.099609375,1.2371731560662174,ok,True
1.2371731560662174,-0.5781156410194837,0.33836409724361916,0.0,1.0,11.36,RR,0.7583195375653317,True,True,9.30611284840972,-20.26282119063541,-0.4508498901443865,False,0.0,0.791015625,0.49412799299765797,52.55859375,101.513671875,1.2371731560662174,ok,True
1.4640874736487441,-0.6356717763980846,0.3387741400724214,0.0,1.0,11.38,FL,0.7722084264542205,True,True,19.29854371911215,-16.952334860933977,2.8629544203724393,False,0.0,0.791015625,0.49443329460355,52.470703125,101.68945312500001,1.4640874736487441,ok,True
1.4640874736487441,-0.6356717763980846,0.006646240333649407,0.0,1.0,11.38,FR,0.2722084264542204,False,False,-3.5066208831687415,-25.31501906540601,-5.603436494941281,False,21.839866422769912,0.791015625,2.6727918759614666,51.6796875,87.802734375,1.4640874736487441,ok,True
1.4640874736487441,-0.6356717763980846,0.008453216494569309,0.0,1.0,11.38,RL,0.2722084264542204,False,False,-3.5737799087138535,-25.222577805828983,-5.517638341770564,False,19.75577632168972,0.791015625,2.7580110482254696,51.32812500000001,87.275390625,1.4640874736487441,ok,True
1.4640874736487441,-0.6356717763980846,0.36621545717382764,0.0,1.0,11.38,RR,0.7722084264542205,True,True,8.991445973624252,-15.15885010532347,4.655970893442188,False,0.0,0.791015625,0.5105885974828862,51.32812500000001,101.162109375,1.4640874736487441,ok,True
1.716253030404283,-0.7008948988877801,0.358563882676602,0.0,1.0,11.4,FL,0.7860973153431093,True,True,19.992205160112903,-12.592532155559464,7.215361204473613,False,0.0,0.791015625,0.4784086469518303,51.416015625,101.162109375,1.716253030404283,ok,True
1.716253030404283,-0.7008948988877801,0.009009176779769881,0.0,1.0,11.4,FR,0.2860973153431092,False,False,-3.5863093175898184,-27.368185834759416,-7.669988176456936,False,22.715698817738755,0.791015625,2.5111417303485717,52.29492187500001,87.978515625,1.716253030404283,ok,True
1.716253030404283,-0.7008948988877801,0.009617903952995535,0.0,1.0,11.4,RL,0.2860973153431092,False,False,-3.443321630957525,-27.81649320438886,-8.132838790919678,False,19.977577294407943,0.791015625,2.6620852854213877,51.767578125,87.626953125,1.716253030404283,ok,True
1.716253030404283,-0.7008948988877801,0.36417659370298766,0.0,1.0,11.4,RR,0.7860973153431093,True,True,8.1940078916602,-10.076296255646108,9.727625897856937,False,0.0,0.791015625,0.5074673015315168,50.009765625,100.72265625000001,1.716253030404283,ok,True
1.9719047406619004,-0.7727728588048792,0.3369395477589705,0.0,1.0,11.42,FL,0.7999862042319982,True,True,20.007302934323267,-8.546880584093174,11.247005761047244,False,0.0,0.791015625,0.46167712752249257,50.185546875,100.634765625,1.9719047406619004,ok,True
1.9719047406619004,-0.7727728588048792,0.00981792997767511,0.0,1.0,11.42,FR,0.29998620423199807,False,False,-3.7025948763452012,-29.43172051392752,-9.74804115189389,False,23.52014167480116,0.791015625,2.3943386218310487,52.822265625,88.06640625,1.9719047406619004,ok,True
1.9719047406619004,-0.7727728588048792,0.010577130938188916,0.0,1.0,11.42,RL,0.29998620423199807,False,False,-3.3845720293376838,-30.281094183792447,-10.619676643782437,False,19.769088514239126,0.791015625,2.5925243783125924,52.29492187500001,87.890625,1.9719047406619004,ok,True
1.9719047406619004,-0.7727728588048792,0.31791431822496524,0.0,1.0,11.42,RR,0.7999862042319982,True,True,6.5554145322086095,-5.934349864525848,13.854632704868855,False,0.0,0.791015625,0.49101331335719406,48.69140625,100.01953125,1.9719047406619004,ok,True
2.207378812436673,-0.8515322289139755,0.2786168948923331,0.0,1.0,11.44,FL,0.813875093120887,True,True,19.03998222995173,-5.48042522642345,14.303581058220939,False,0.0,0.791015625,0.4425420892595801,49.130859375,99.84375,2.207378812436673,ok,True
2.207378812436673,-0.8515322289139755,0.010177421976224161,0.0,1.0,11.44,FR,0.3138750931208869,False,False,-3.839520959441199,-31.46498306082248,-11.797025900229396,False,24.574826595299655,0.791015625,2.3125124823092302,53.173828125,88.330078125,2.207378812436673,ok,True
2.207378812436673,-0.8515322289139755,0.011912496166589941,0.0,1.0,11.44,RL,0.3138750931208869,False,False,-3.3354381525548398,-32.53870259570818,-12.898543829056816,False,19.6493006666558,0.791015625,2.5689635655013205,52.822265625,88.06640625,2.207378812436673,ok,True
2.207378812436673,-0.8515322289139755,0.29920354647625685,0.0,1.0,11.44,RR,0.813875093120887,True,True,4.507892059707235,-2.1360000280109745,17.636876900129746,False,0.0,0.791015625,0.47456736472735617,47.28515625,99.140625,2.207378812436673,ok,True
2.4185647053702333,-0.931096110257351,0.2551421730519741,0.0,1.0,11.46,FL,0.8277639820097759,True,True,17.767833491632466,-2.6060267295230592,17.169421226554267,False,0.0,0.791015625,0.41961243759475775,48.076171875,98.876953125,2.4185647053702333,ok,True
2.4185647053702333,-0.931096110257351,0.010611718599254413,0.0,1.0,11.46,FR,0.32776398200977575,False,False,-3.9990324789063445,-33.39138082179859,-13.740176091946989,False,24.64077090269937,0.791015625,2.2736257681879666,53.525390625,88.41796875,2.4185647053702333,ok,True
2.4185647053702333,-0.931096110257351,0.012125677325055354,0.0,1.0,11.46,RL,0.32776398200977575,False,False,-3.3014081342431987,-34.52848123090567,-14.908097834024744,False,19.457655424235917,0.791015625,2.58517547200179,53.26171875,88.41796875,2.4185647053702333,ok,True
2.4185647053702333,-0.931096110257351,0.2914386067348878,0.0,1.0,11.46,RR,0.8277639820097759,True,True,2.3141675275056492,1.6035309058298126,21.35896103222123,False,0.0,0.791015625,0.4634280607853041,45.70312500000001,98.0859375,2.4185647053702333,ok,True
2.594162366955396,-0.994232352304538,0.22646035133093645,0.0,1.0,11.48,FL,0.8416528708986647,True,True,16.356937409958405,-0.02448948062275984,19.744015733464106,False,0.0,0.791015625,0.4112398271305072,47.109375,97.998046875,2.594162366955396,ok,True
2.594162366955396,-0.994232352304538,0.011224693599844283,0.0,1.0,11.48,FR,0.3416528708986646,False,False,-4.127975856866625,-35.124254329273015,-15.488517792424762,False,25.68939582493703,0.791015625,2.254161150912616,53.701171875,88.50585937500001,2.594162366955396,ok,True
2.594162366955396,-0.994232352304538,0.011607889265062406,0.0,1.0,11.48,RL,0.3416528708986646,False,False,-3.266387960695255,-36.25721106880793,-16.654729524809675,False,18.74831035401137,0.791015625,2.6277429022873253,53.701171875,88.50585937500001,2.594162366955396,ok,True
2.594162366955396,-0.994232352304538,0.2828586681479375,0.0,1.0,11.48,RR,0.8416528708986647,True,True,0.01048466707587875,5.339069725569355,25.082196571869925,False,0.0,0.791015625,0.46293630453870815,44.384765625,96.767578125,2.594162366955396,ok,True
2.5803358131761747,-0.9341001818297108,0.18549160783605406,0.0,1.0,11.5,FL,0.8555417597875535,True,True,14.469043511404552,1.9975675732993736,21.763117420838302,False,0.0,0.791015625,0.4754594299587914,45.966796875,97.119140625,2.5803358131761747,ok,True
2.5803358131761747,-0.9341001818297108,0.01158978741685162,0.0,1.0,11.5,FR,0.3555417597875534,False,False,-4.259528381757346,-36.436405767596554,-16.811868493283797,False,25.95871099469499,0.791015625,2.098142142083251,53.876953125,88.59375,2.5803358131761747,ok,True
2.5803358131761747,-0.9341001818297108,0.012552373664106622,0.0,1.0,11.5,RL,0.3555417597875534,False,False,-3.101304023378503,-37.69851042103545,-18.113836795855388,False,13.008389724419292,0.791015625,2.7008484417753573,53.701171875,88.76953125,2.5803358131761747,ok,True
2.5803358131761747,-0.9341001818297108,0.14316671871397602,0.0,1.0,11.5,RR,0.8555417597875535,True,True,-1.2602266906786563,6.722056904183892,26.46506908371973,True,7.837653192046679,0.791015625,0.40962372798005,43.06640625,95.361328125,2.5803358131761747,ok,True
2.2414212401632527,-0.6631333134433441,0.14995050992881181,0.0,1.0,11.52,FL,0.8694306486764424,True,True,11.63406505369162,3.0686772554745967,22.838033646059685,False,0.0,0.791015625,0.5035485981178354,45.087890625,96.328125,2.2414212401632527,ok,True
2.2414212401632527,-0.6631333134433441,0.013563091471868217,0.0,1.0,11.52,FR,0.36943064867644226,False,False,-4.34115819056119,-37.04376343146175,-17.42130897781784,False,24.95956052580286,0.791015625,1.71122800959839,53.96484375,88.2421875,2.2414212401632527,ok,True
2.2414212401632527,-0.6631333134433441,0.011605179497331608,0.0,1.0,11.52,RL,0.36943064867644226,False,False,-2.68494045457705,-39.00411428609864,-19.43881968552868,False,10.856180864452911,0.791015625,2.6700018921022752,54.140625,89.033203125,2.2414212401632527,ok,True
2.2414212401632527,-0.6631333134433441,0.046208602828264535,0.0,1.0,11.52,RR,0.8694306486764424,True,True,-1.5506852572500645,6.995838570764443,26.747928996397462,False,6.443200374245718,0.791015625,0.3970785084911332,42.1875,94.130859375,2.2414212401632527,ok,True
1.6833576745063934,-0.35951098984702645,0.15705498096363896,0.0,1.0,11.540000000000001,FL,0.8833195375653312,True,True,8.344478038982645,4.049705013610119,23.823042907773203,False,0.0,0.791015625,0.4620695215485587,44.384765625,95.625,1.6833576745063934,ok,True
1.6833576745063934,-0.35951098984702645,0.018220715713501638,0.0,1.0,11.540000000000001,FR,0.3833195375653311,False,False,-4.3420605532706915,-37.1741456153852,-17.54945753096387,False,24.38007933455126,0.791015625,1.2726679983125975,53.96484375,87.802734375,1.6833576745063934,ok,True
1.6833576745063934,-0.35951098984702645,0.007187883238857816,0.0,1.0,11.540000000000001,RL,0.3833195375653311,False,False,-2.287757679094872,-40.17667731110655,-20.62316748873062,False,11.423869117431314,0.791015625,2.523405748938414,54.140625,89.12109375,1.6833576745063934,ok,True
1.6833576745063934,-0.35951098984702645,0.0305791744324962,0.0,1.0,11.540000000000001,RR,0.8833195375653312,True,True,-1.5227021174358049,7.561965745407994,27.32735915776503,False,5.462710220324015,0.791015625,0.4745472152158773,41.220703125,92.900390625,1.6833576745063934,ok,True
0.9746764314714711,-0.11115393722779911,0.14105167286810133,0.0,1.0,11.56,FL,0.89720842645422,True,True,5.06518635139374,4.923011530750239,24.700025073504634,False,0.0,0.791015625,0.3960038803248919,43.76953125,95.09765625,0.9746764314714711,ok,True
0.9746764314714711,-0.11115393722779911,0.02107324136579529,0.0,1.0,11.56,FR,0.39720842645421994,False,False,-4.31680476086678,-37.17089637684513,-17.546995654415223,False,23.59424280619051,0.791015625,0.9125633408540057,54.140625,87.36328125,0.9746764314714711,ok,True
0.9746764314714711,-0.11115393722779911,0.0031172537503554388,0.0,1.0,11.56,RL,0.39720842645421994,False,False,-2.127710233114366,-41.19930083844417,-21.650616112352143,False,13.47694939138498,0.791015625,2.341781854215427,54.31640625,89.033203125,0.9746764314714711,ok,True
0.9746764314714711,-0.11115393722779911,0.026016617588526775,0.0,1.0,11.56,RR,0.89720842645422,True,True,-1.4088787849800797,8.24257807136655,28.01914514849161,False,4.585416971887614,0.791015625,0.5890685016329809,40.869140625,91.7578125,0.9746764314714711,ok,True
0.19751630475576026,0.0941826941159689,0.09933882309937085,0.0,1.0,11.58,FL,0.9110973153431089,True,False,2.0380718993860194,5.610876209502327,25.39121654635618,False,0.0,0.791015625,0.33641613710101936,43.330078125,94.21875,0.19751630475576026,ok,True
0.19751630475576026,0.0941826941159689,0.020511517233957114,0.0,1.0,11.58,FR,0.4110973153431088,False,False,-4.244590582115463,-37.385481994051936,-17.769289030550222,False,21.706848623805353,0.791015625,0.7381423415279206,54.4921875,87.01171875,0.19751630475576026,ok,True
0.19751630475576026,0.0941826941159689,0.007165735714561847,0.0,1.0,11.58,RL,0.4110973153431088,False,False,-2.218591876960243,-42.04009938542083,-22.494737375389775,False,15.704442001890106,0.791015625,2.1854760275935954,54.66796875,88.681640625,0.19751630475576026,ok,True
0.19751630475576026,0.0941826941159689,0.02410403036157996,0.0,1.0,11.58,RR,0.9110973153431089,True,False,-1.2485414151393557,8.708048960823533,28.495218965796536,False,3.7388357371254064,0.791015625,0.6984392389164986,40.869140625,91.40625000000001,0.19751630475576026,ok,True
-0.5459199823917059,0.2520153759830799,0.054497206057775985,0.0,1.0,11.6,FL,0.9249862042319977,True,False,-0.7827041782309598,5.891265679451706,25.676170741502467,True,7.536843452007108,0.791015625,0.2881298445388689,43.06640625,93.515625,0.5459199823917059,ok,True
-0.5459199823917059,0.2520153759830799,0.016750744840666815,0.0,1.0,11.6,FR,0.4249862042319976,False,False,-4.049982815319569,-38.2056658799458,-18.606883103837944,False,19.35549549793711,0.791015625,0.8192748813916844,54.931640625,86.484375,0.5459199823917059,ok,True
-0.5459199823917059,0.2520153759830799,0.010795520970836173,0.0,1.0,11.6,RL,0.4249862042319976,False,False,-2.4720999058247575,-42.87774872093783,-23.335828356480746,False,18.851323857000633,0.791015625,2.08206388681007,55.107421875,88.50585937500001,0.5459199823917059,ok,True
-0.5459199823917059,0.2520153759830799,0.021140649842746623,0.0,1.0,11.6,RR,0.9249862042319977,True,False,-1.0301897198905716,8.505104017254297,28.301757543018905,False,2.5311383849764195,0.791015625,0.7909998462882462,41.220703125,91.318359375,0.5459199823917059,ok,True
-1.1039152147774505,0.290691946280727,0.03216822120051052,0.0,1.0,11.620000000000001,FL,0.9388750931208866,True,False,-1.7787138632603532,5.5405972355924185,25.3276703100719,False,12.222641122906731,0.791015625,0.09796486321241686,43.06640625,93.076171875,1.1039152147774505,ok,True
-1.1039152147774505,0.290691946280727,0.01335615143061507,0.0,1.0,11.620000000000001,FR,0.43887509312088646,False,False,-3.6569218140706137,-39.44013456048036,-19.871613359035273,False,13.140614429125016,0.791015625,1.1029960895715933,55.458984375,86.30859375,1.1039152147774505,ok,True
-1.1039152147774505,0.290691946280727,0.012800100274005846,0.0,1.0,11.620000000000001,RL,0.43887509312088646,False,False,-2.8043323785160825,-43.72724273347751,-24.191618352327502,False,18.114882458165297,0.791015625,1.9604568317446949,55.283203125,88.06640625,1.1039152147774505,ok,True
-1.1039152147774505,0.290691946280727,0.02906712400804282,0.0,1.0,11.620000000000001,RR,0.9388750931208866,True,False,-0.6620381174656208,8.037555426277953,27.84068603373933,False,3.778997623592119,0.791015625,0.9185510717242591,41.572265625,91.318359375,1.1039152147774505,ok,True
-1.5152351714228232,0.2578434592718841,0.032483780520664814,0.0,1.0,11.64,FL,0.9527639820097754,True,False,-2.076483517254167,5.142929534968832,24.933865375804842,False,12.2603533907793,0.791015625,-0.04450371084801043,43.2421875,92.724609375,1.5152351714228232,ok,True
-1.5152351714228232,0.2578434592718841,0.017274046542277946,0.0,1.0,11.64,FR,0.4527639820097753,False,False,-2.9848894753507356,-40.68266551061663,-21.140375533006424,False,8.930636350568227,0.791015625,1.3298079728270034,55.98632812500001,86.396484375,1.5152351714228232,ok,True
-1.5152351714228232,0.2578434592718841,0.011690434868729144,0.0,1.0,11.64,RL,0.4527639820097753,False,False,-2.9963610583435276,-44.58582135638109,-25.059714939511768,False,18.682152452417615,0.791015625,1.823586844372426,55.37109375,87.71484375,1.5152351714228232,ok,True
-1.5152351714228232,0.2578434592718841,0.09803012599195884,0.0,1.0,11.64,RR,0.9527639820097754,True,False,0.2718921479810399,8.999760327721393,28.80187693141566,False,0.0,0.791015625,0.967114570732073,42.1875,91.494140625,1.5152351714228232,ok,True
-1.6060605329565096,0.16433646180875347,0.033147193518198635,0.0,1.0,11.66,FL,0.9666528708986643,True,False,-2.161352568507524,4.533221113692018,24.33016959377264,False,11.750759672076617,0.791015625,-0.2687140895323781,43.505859375,92.4609375,1.6060605329565096,ok,True
-1.6060605329565096,0.16433646180875347,0.0208818991456289,0.0,1.0,11.66,FR,0.46665287089866414,False,False,-2.2915429489561783,-42.22867203306063,-22.71027133473662,False,7.54106253227746,0.791015625,1.624873278917704,56.6015625,86.396484375,1.6060605329565096,ok,True
-1.6060605329565096,0.16433646180875347,0.011929531912087175,0.0,1.0,11.66,RL,0.46665287089866414,False,False,-3.1802938288901013,-45.6840895914348,-26.172291774363078,False,20.788076470417835,0.791015625,1.609173517867867,55.458984375,87.275390625,1.6060605329565096,ok,True
-1.6060605329565096,0.16433646180875347,0.23341722998194628,0.0,1.0,11.66,RR,0.9666528708986643,True,False,0.489579077682472,12.04835923357145,31.839810168617458,False,0.0,0.791015625,0.7244393534121591,42.890625,91.7578125,1.6060605329565096,ok,True
-1.4657592438364637,0.05762571972992308,0.03336894533597423,0.0,1.0,11.68,FL,0.9805417597875531,True,False,-2.1511691998104543,3.5012703273673753,23.304723986864946,False,11.817885067758507,0.791015625,-0.4442283495724308,43.76953125,92.28515625,1.4657592438364637,ok,True
-1.4657592438364637,0.05762571972992308,0.0213285388722085,0.0,1.0,11.68,FR,0.480541759787553,False,False,-1.7777012701208732,-44.24868711521565,-24.756544279827782,False,7.854029065505115,0.791015625,1.8681669713599232,57.12890625,86.484375,1.4657592438364637,ok,True
-1.4657592438364637,0.05762571972992308,0.011552252693842831,0.0,1.0,11.68,RL,0.480541759787553,False,False,-3.414244432033652,-47.17822318193583,-27.687754271141106,False,21.51782046794783,0.791015625,1.4549411976419433,55.72265625,86.923828125,1.4657592438364637,ok,True
-1.4657592438364637,0.05762571972992308,0.15689188157130848,0.0,1.0,11.68,RR,0.9805417597875531,True,False,-0.14448817505949285,12.975493959315154,32.763493994329274,True,1.234189157288277,0.791015625,0.49010876734971603,43.59375,92.109375,1.4657592438364637,ok,True
-1.2141039220068468,0.006677969782803619,0.030511126610372964,0.0,1.0,11.700000000000001,FL,0.9944306486764419,True,False,-2.12443680457905,2.021091101321911,21.830208139181607,False,11.796937767469144,0.791015625,-0.4619606572791668,44.384765625,92.109375,1.2141039220068468,ok,True
-1.2141039220068468,0.006677969782803619,0.018656880705374794,0.0,1.0,11.700000000000001,FR,0.4944306486764418,False,False,-1.5374507687450234,-46.64704126171272,-27.18278464032332,False,9.705844734365062,0.791015625,1.9594793980480518,57.568359375,86.66015625,1.2141039220068468,ok,True
-1.2141039220068468,0.006677969782803619,0.009244565969567216,0.0,1.0,11.700000000000001,RL,0.4944306486764418,False,False,-3.5748332600406796,-49.058839959643194,-29.5988142336451,False,20.181366900535657,0.791015625,1.437285009849774,55.98632812500001,87.01171875,1.2141039220068468,ok,True
-1.2141039220068468,0.006677969782803619,0.037560835200880285,0.0,1.0,11.700000000000001,RR,0.9944306486764419,True,False,-0.39324227429261494,11.54277152656652,31.334628380353706,False,0.5749586841953708,0.791015625,0.4616776345154274,44.296875,92.37304687500001,1.2141039220068468,ok,True
-0.8289226510641932,-0.04385858258132091,0.02944290053341227,0.0,1.0,11.72,FL,0.008319537565330881,False,False,-2.0688594703685212,0.24339186837855584,20.05692002186179,False,10.2852858842915,0.791015625,-0.4074743009927242,44.82421875,91.58203125,0.8289226510641932,ok,True
-0.8289226510641932,-0.04385858258132091,0.014109705929352472,0.0,1.0,11.72,FR,0.5083195375653309,True,False,-1.5528900725440449,-49.34164084771241,-29.909917616295793,False,11.513911868881559,0.791015625,1.9828209833130994,58.00781250000001,87.01171875,0.8289226510641932,ok,True
-0.8289226510641932,-0.04385858258132091,0.006308584139126993,0.0,1.0,11.72,RL,0.5083195375653309,True,False,-3.5652247739316882,-51.244682049111596,-31.822549292710445,False,18.97387539269456,0.791015625,1.5042628885164322,56.42578125,87.01171875,0.8289226510641932,ok,True
-0.8289226510641932,-0.04385858258132091,0.0036419618889018137,0.0,1.0,11.72,RR,0.008319537565330881,False,False,-0.3778836971355497,9.163839314432465,28.95977328464136,False,2.471526499584352,0.791015625,0.44963558384889013,45.0,92.4609375,0.8289226510641932,ok,True
-0.3594255296474974,-0.09152758855441244,0.02711329903334339,0.0,1.0,11.74,FL,0.02220842645421977,False,False,-1.9384783387694955,-1.8899589578041764,17.9255307106269,False,11.052551340165424,0.791015625,-0.2915411117062485,45.52734375,91.23046875,0.3594255296474974,ok,True
-0.3594255296474974,-0.09152758855441244,0.00922218735522342,0.0,1.0,11.74,FR,0.5222084264542197,True,False,-1.7012604874497712,-52.285470901301615,-32.89133489035329,False,12.771513954755138,0.791015625,1.9475804463627835,58.35937500000001,87.36328125,0.3594255296474974,ok,True
-0.3594255296474974,-0.09152758855441244,0.007992749886841725,0.0,1.0,11.74,RL,0.5222084264542197,True,False,-3.398468391744871,-53.71808941957707,-34.341740466659985,False,14.58359582530403,0.791015625,1.6246300733238008,56.77734375,87.1875,0.3594255296474974,ok,True
-0.3594255296474974,-0.09152758855441244,0.014902033163821207,0.0,1.0,11.74,RR,0.02220842645421977,False,False,-0.5830943297877762,6.261316319311599,26.0627229208328,False,6.504570536186733,0.791015625,0.4052938826907034,45.52734375,92.28515625,0.3594255296474974,ok,True
0.12075746896358856,-0.1227547277684018,0.026324579620481958,0.0,1.0,11.76,FL,0.03609731534310866,False,False,-1.8695461158867375,-4.227548892743662,15.586128945498572,False,9.831869504101233,0.791015625,-0.05965131123597827,45.966796875,90.87890625,0.1227547277684018,ok,True
0.12075746896358856,-0.1227547277684018,0.008065153471806297,0.0,1.0,11.76,FR,0.5360973153431087,True,False,-1.8825859652228278,-55.091386575355926,-35.73427251831366,False,14.199723669785358,0.791015625,1.8153037024093608,58.97460937500001,87.978515625,0.1227547277684018,ok,True
0.12075746896358856,-0.1227547277684018,0.01320377182236897,0.0,1.0,11.76,RL,0.5360973153431087,True,False,-2.9751597926755013,-56.342464813235395,-37.01617348757628,False,11.356110670757207,0.791015625,1.6908103209939598,57.48046875,88.06640625,0.1227547277684018,ok,True
0.12075746896358856,-0.1227547277684018,0.017675441042793647,0.0,1.0,11.76,RR,0.03609731534310866,False,False,-0.9533144658173432,3.5362662941322403,23.3428054128658,False,9.376807320806241,0.791015625,0.3872395925042768,45.87890625,91.7578125,0.1227547277684018,ok,True
0.5347530305406034,-0.10796618321375868,0.02295336962532943,0.0,1.0,11.78,FL,0.049986204231997546,False,False,-1.8020781563286328,-6.679159246452956,13.128392949179387,False,10.387501935344307,0.791015625,0.28393707662004536,46.40625,90.966796875,0.5347530305406034,ok,True
0.5347530305406034,-0.10796618321375868,0.011332354291018046,0.0,1.0,11.78,FR,0.5499862042319975,True,False,-2.0586316883900375,-57.563354208636056,-38.2386659850588,False,13.494232323467862,0.791015625,1.5857292335625426,59.501953125,88.681640625,0.5347530305406034,ok,True
0.5347530305406034,-0.10796618321375868,0.017389604405715322,0.0,1.0,11.78,RL,0.5499862042319975,True,False,-2.4216098250974314,-58.96529501377514,-39.69152618797753,False,5.890883334112477,0.791015625,1.6749277521109711,58.18359375,89.033203125,0.5347530305406034,ok,True
0.5347530305406034,-0.10796618321375868,0.018208191771593416,0.0,1.0,11.78,RR,0.049986204231997546,False,False,-1.3056807080332606,1.2166426110904063,21.027239909947927,False,13.14732738306126,0.791015625,0.41119764436347406,46.23046875,91.318359375,0.5347530305406034,ok,True
0.831010588460005,-0.07268907781185721,0.02219892984361483,0.0,1.0,11.8,FL,0.06387509312088643,False,False,-1.7925486875579322,-9.101796033101099,10.696312930118673,False,11.702467693633507,0.791015625,0.7091044705276425,46.7578125,90.791015625,0.831010588460005,ok,True
0.831010588460005,-0.07268907781185721,0.014221233136759008,0.0,1.0,11.8,FR,0.5638750931208865,True,False,-2.1145512164557534,-59.612086389392815,-40.31115491692614,False,13.023021976579495,0.791015625,1.285624616501825,59.94140625000001,89.47265625000001,0.831010588460005,ok,True
0.831010588460005,-0.07268907781185721,0.022201836034572885,0.0,1.0,11.8,RL,0.5638750931208865,True,False,-1.6697935825195198,-61.459529849333336,-42.230267394616185,False,3.172845029187557,0.791015625,1.5348852733337104,58.798828125,90.263671875,0.831010588460005,ok,True
0.831010588460005,-0.07268907781185721,0.018411291037363903,0.0,1.0,11.8,RR,0.06387509312088643,False,False,-1.7848379132020844,-0.6446729788567184,19.168752473701502,False,16.04764920098971,0.791015625,0.5213700615033316,46.318359375,90.87890625,0.831010588460005,ok,True
1.0137978971034058,0.009947698926065056,0.020983994411158655,0.0,1.0,11.82,FL,0.07776398200977533,False,False,-1.8645535629979206,-11.28214437607639,8.505733741993202,False,12.260060448744799,0.791015625,1.114592445743157,47.197265625,90.703125,1.0137978971034058,ok,True
1.0137978971034058,0.009947698926065056,0.015625917989752085,0.0,1.0,11.82,FR,0.5777639820097753,True,False,-2.0813578679504516,-61.235002082466025,-41.948983273716735,False,12.39148303473642,0.791015625,1.004613358457786,60.1171875,90.615234375,1.0137978971034058,ok,True
1.0137978971034058,0.009947698926065056,0.05902930145840552,0.0,1.0,11.82,RL,0.5777639820097753,True,False,-0.3081323786764921,-62.95020657107257,-43.73126872525813,False,2.5872882164738695,0.791015625,1.2582102097212764,59.4140625,91.7578125,1.0137978971034058,ok,True
1.0137978971034058,0.009947698926065056,0.016004878735339432,0.0,1.0,11.82,RR,0.07776398200977533,False,False,-2.2799030095680233,-2.0820417000147313,17.733020771328505,False,16.23606392704543,0.791015625,0.6982085912651339,46.494140625,90.43945312500001,1.0137978971034058,ok,True
1.0679886198638568,0.12638964615460735,0.01821967826510332,0.0,1.0,11.84,FL,0.09165287089866422,False,False,-1.9708786385781545,-13.077849505483854,6.702249846689529,False,13.903686923479313,0.791015625,1.4570765128548961,47.4609375,90.52734375,1.0679886198638568,ok,True
1.0679886198638568,0.12638964615460735,0.01436411874673938,0.0,1.0,11.84,FR,0.5916528708986643,True,False,-1.9926371952131272,-62.5536509369031,-43.27703686366118,False,9.938662427350785,0.791015625,0.7689132415792619,60.29296875000001,91.7578125,1.0679886198638568,ok,True
1.0679886198638568,0.12638964615460735,0.1814724897611509,0.0,1.0,11.84,RL,0.5916528708986643,True,False,1.0705984442720922,-61.54814756162524,-42.27205815656359,False,0.0,0.791015625,0.9117124456896865,59.94140625000001,93.33984375000001,1.0679886198638568,ok,True
1.0679886198638568,0.12638964615460735,0.012434637338736804,0.0,1.0,11.84,RR,0.09165287089866422,False,False,-2.622669900465141,-3.2882188504714764,16.52726617277611,False,18.17319942619482,0.791015625,0.8375144210242736,46.66992187500001,89.912109375,1.0679886198638568,ok,True
1.0217641369648485,0.20620884511152796,0.016737785421669028,0.0,1.0,11.86,FL,0.10554175978755312,False,False,-2.198251143041164,-14.570874772574626,5.20311914568288,False,17.508867369980553,0.791015625,1.7447332477178505,47.8125,90.087890625,1.0217641369648485,ok,True
1.0217641369648485,0.20620884511152796,0.012531859106175956,0.0,1.0,11.86,FR,0.6055417597875531,True,True,-1.7626767759338584,-63.53332688022259,-44.260016238572874,False,7.57885861081887,0.791015625,0.5794205963609618,60.46875,93.076171875,1.0217641369648485,ok,True
1.0217641369648485,0.20620884511152796,0.2398265692615736,0.0,1.0,11.86,RL,0.6055417597875531,True,True,2.216559793623873,-58.5992453541419,-39.23831812538585,False,0.0,0.791015625,0.5934453915649736,60.29296875000001,95.009765625,1.0217641369648485,ok,True
1.0217641369648485,0.20620884511152796,0.011131674871616343,0.0,1.0,11.86,RR,0.10554175978755312,False,False,-2.95567991457912,-4.28711812639135,15.527973496674152,False,20.272360151755063,0.791015625,0.9966821271342452,47.109375,89.384765625,1.0217641369648485,ok,True
1.0028797059777073,0.26588702546383847,0.015796712717001428,0.0,1.0,11.88,FL,0.11943064867644201,False,False,-2.591531960269629,-15.753418242651085,4.018915712253667,False,19.30490818682918,0.791015625,1.9303143648753525,48.076171875,89.82421875,1.0028797059777073,ok,True
1.0028797059777073,0.26588702546383847,0.012201612959304869,0.0,1.0,11.88,FR,0.619430648676442,True,True,-1.4060940035099458,-64.06006837317243,-44.78164691244182,False,4.395806490936721,0.791015625,0.4909534903123189,60.55664062500001,94.482421875,1.0028797059777073,ok,True
1.0028797059777073,0.26588702546383847,0.20004607530105817,0.0,1.0,11.88,RL,0.619430648676442,True,True,3.8724549731957247,-56.09716521041479,-36.66654641002037,False,0.0,0.791015625,0.4298857042202,60.380859375,96.50390625,1.0028797059777073,ok,True
1.0028797059777073,0.26588702546383847,0.008821823450825278,0.0,1.0,11.88,RR,0.11943064867644201,False,False,-3.276338736296309,-4.975667494022766,14.838624985413762,False,20.763124688427386,0.791015625,1.2788371962695366,47.373046875,88.857421875,1.0028797059777073,ok,True
1.0063663616156817,0.3162556737901396,0.013125141672192347,0.0,1.0,11.9,FL,0.1333195375653309,False,False,-2.976662745238598,-16.725656941791986,3.0448527906917064,False,19.990060728762867,0.791015625,2.0746509812465077,48.33984375,89.296875,1.0063663616156817,ok,True
1.0063663616156817,0.3162556737901396,0.03336018351744144,0.0,1.0,11.9,FR,0.6333195375653309,True,True,-0.6068521584695965,-63.78444842185224,-44.480425915306995,False,3.578921833548647,0.791015625,0.4645516818792322,60.55664062500001,95.888671875,1.0063663616156817,ok,True
1.0063663616156817,0.3162556737901396,0.19831590809613886,0.0,1.0,11.9,RL,0.6333195375653309,True,True,5.844763538086797,-53.56021667233129,-34.06878182399143,False,0.0,0.791015625,0.40869457214659666,60.380859375,97.82226562500001,1.0063663616156817,ok,True
1.0063663616156817,0.3162556737901396,0.008867220548887321,0.0,1.0,11.9,RR,0.1333195375653309,False,False,-3.495108023727024,-5.455666803340024,14.357687835913243,False,21.244962924252142,0.791015625,1.6199291088608754,47.8125,88.41796875,1.0063663616156817,ok,True
0.9626173909273524,0.31486831699165824,0.011127244166474485,0.0,1.0,11.92,FL,0.1472084264542198,False,False,-3.253333991102329,-17.494415503302076,2.2738980241386493,False,20.61176706665025,0.791015625,2.2318058720279126,48.515625,88.76953125,0.9626173909273524,ok,True
0.9626173909273524,0.31486831699165824,0.15309559698875289,0.0,1.0,11.92,FR,0.6472084264542198,True,True,0.6994623541850005,-60.87299061801357,-41.49371971554699,False,0.0,0.791015625,0.49070205859174004,60.29296875000001,97.20703125,0.9626173909273524,ok,True
0.9626173909273524,0.31486831699165824,0.20074155826243162,0.0,1.0,11.92,RL,0.6472084264542198,True,True,7.613477850405552,-50.77131722642019,-31.228157435986517,False,0.0,0.791015625,0.44008302075689043,60.380859375,98.96484375,0.9626173909273524,ok,True
0.9626173909273524,0.31486831699165824,0.012929664728268935,0.0,1.0,11.92,RR,0.1472084264542198,False,False,-3.602106342451398,-5.7928564352931655,14.019626583299717,False,22.004760736085757,0.791015625,1.9226037028844918,48.33984375,88.06640625,0.9626173909273524,ok,True
0.9318356667293443,0.18903593831932383,0.01064851424009415,0.0,1.0,11.94,FL,0.1610973153431087,False,False,-3.448055967154355,-18.257205459908665,1.5072914610799977,False,20.677967195908142,0.791015625,2.3339226064740823,48.779296875,88.330078125,0.9318356667293443,ok,True
0.9318356667293443,0.18903593831932383,0.3338143144195872,0.0,1.0,11.94,FR,0.6610973153431087,True,True,2.18267132675797,-54.43260924346238,-34.938520309639074,False,0.0,0.791015625,0.4994202788994295,59.94140625000001,98.26171875,0.9318356667293443,ok,True
0.9318356667293443,0.18903593831932383,0.20704005151579705,0.0,1.0,11.94,RL,0.6610973153431087,True,True,8.784633086027705,-47.80725465181594,-28.20501938616774,False,0.0,0.791015625,0.48508945002375864,59.94140625000001,99.931640625,0.9318356667293443,ok,True
0.9318356667293443,0.18903593831932383,0.01568138614971461,0.0,1.0,11.94,RR,0.1610973153431087,False,False,-3.7122377461195377,-6.303664765640097,13.508267101640005,False,23.05464658942324,0.791015625,2.199709120396534,48.515625,87.626953125,0.9318356667293443,ok,True
0.8623884245178678,-0.0064465002438846035,0.011073649456975117,0.0,1.0,11.96,FL,0.1749862042319976,False,False,-3.5667589052397473,-19.097930350782555,0.660995455870772,False,20.716064758740256,0.791015625,2.425028813447208,48.8671875,87.890625,0.8623884245178678,ok,True
0.8623884245178678,-0.0064465002438846035,0.31450179626282676,0.0,1.0,11.96,FR,0.6749862042319976,True,True,4.037253767819431,-48.6645349614402,-29.08680785144474,False,0.0,0.791015625,0.470459752740569,59.32617187500001,99.228515625,0.8623884245178678,ok,True
0.8623884245178678,-0.0064465002438846035,0.21694066201020787,0.0,1.0,11.96,RL,0.6749862042319976,True,True,9.400493530877243,-44.602763377278315,-24.944130671664546,False,0.0,0.791015625,0.5098108358964754,59.58984374999999,100.810546875,0.8623884245178678,ok,True
0.8623884245178678,-0.0064465002438846035,0.013127825466345604,0.0,1.0,11.96,RR,0.1749862042319976,False,False,-3.854572172269137,-7.0611176269448706,12.750044404141075,False,23.959655286590788,0.791015625,2.384174396462968,49.04296875,87.1875,0.8623884245178678,ok,True
0.7263929011384219,-0.19121353059617066,0.010685935186147346,0.0,1.0,11.98,FL,0.1888750931208865,False,False,-3.6383964149283785,-19.987999171389642,-0.23594857683439585,False,20.823632485892833,0.791015625,2.5224614089682613,49.21875,87.626953125,0.7263929011384219,ok,True
0.7263929011384219,-0.19121353059617066,0.27601677154252996,0.0,1.0,11.98,FR,0.6888750931208865,True,True,6.148508449796468,-43.8885971820337,-24.233257116732595,False,0.0,0.791015625,0.4571319687659969,58.62304687499999,100.01953125,0.7263929011384219,ok,True
0.7263929011384219,-0.19121353059617066,0.2451333042348105,0.0,1.0,11.98,RL,0.6888750931208865,True,True,9.791871576321567,-40.80745299177272,-21.099844256571433,False,0.0,0.791015625,0.5068278929283762,58.798828125,101.42578125,0.7263929011384219,ok,True
0.7263929011384219,-0.19121353059617066,0.008857945157395198,0.0,1.0,11.98,RR,0.1888750931208865,False,False,-3.9892584546265613,-7.9611833250118575,11.848244352638401,False,23.66511797660914,0.791015625,2.4732678579665364,49.21875,86.8359375,0.7263929011384219,ok,True
0.5528767458501269,-0.3692274594290458,0.011021343004320715,0.0,1.0,12.0,FL,0.20276398200977538,False,False,-3.6627171740621565,-20.880190491786742,-1.1362927953328708,False,19.988985421861223,0.791015625,2.591216455260119,49.306640625,87.275390625,0.5528767458501269,ok,True
0.5528767458501269,-0.3692274594290458,0.2835209900128487,0.0,1.0,12.0,FR,0.7027639820097754,True,True,8.307497528127737,-39.158507538371026,-19.446386773212915,False,0.0,0.791015625,0.4632288640296373,57.83203125,100.8984375,0.5528767458501269,ok,True
0.5528767458501269,-0.3692274594290458,0.25822772110847814,0.0,1.0,12.0,RL,0.7027639820097754,True,True,10.052847109140554,-36.753502776655,-17.00977412189081,False,0.0,0.791015625,0.4989264580940993,57.83203125,101.68945312500001,0.5528767458501269,ok,True
0.5528767458501269,-0.3692274594290458,0.007437588103041624,0.0,1.0,12.0,RR,0.20276398200977538,False,False,-4.056565225271601,-9.042271913518993,10.764213962056457,False,23.572355932353148,0.791015625,2.497010320166579,49.39453125000001,86.30859375,0.5528767458501269,ok,True
0.3608054339271022,-0.5030317695637797,0.009472373609331826,0.0,1.0,12.02,FL,0.21665287089866428,False,False,-3.6378323395323195,-21.83849498814705,-2.1032864805915104,False,20.62190267754413,0.791015625,2.617640058204788,49.658203125,87.626953125,0.5030317695637797,ok,True
0.3608054339271022,-0.5030317695637797,0.2911621871965139,0.0,1.0,12.02,FR,0.7166528708986643,True,True,10.464127325954209,-34.453927978516646,-14.703247654063201,False,0.0,0.791015625,0.4714113910979623,56.6015625,101.42578125,0.5030317695637797,ok,True
0.3608054339271022,-0.5030317695637797,0.26511843262617274,0.0,1.0,12.02,RL,0.7166528708986643,True,True,10.117784207025519,-32.60197515713445,-12.83642381922191,False,0.0,0.791015625,0.4887631545896697,56.6015625,101.77734375,0.5030317695637797,ok,True
0.3608054339271022,-0.5030317695637797,0.004794285167056228,0.0,1.0,12.02,RR,0.21665287089866428,False,False,-4.074338040279887,-10.261066458613238,9.540622582839683,False,23.343012810679767,0.791015625,2.493017939560853,49.482421875,85.95703125,0.5030317695637797,ok,True
0.15254109923982548,-0.5971844466123069,0.009154446369171383,0.0,1.0,12.040000000000001,FL,0.23054175978755317,False,False,-3.624418645014546,-22.857660549367093,-3.132073514764457,False,20.37831567109911,0.791015625,2.61913967920023,49.921875,87.5390625,0.5971844466123069,ok,True
0.15254109923982548,-0.5971844466123069,0.2947658099045763,0.0,1.0,12.040000000000001,FR,0.7305417597875532,True,True,12.472201431443283,-29.822056119889115,-10.050923364818729,False,0.0,0.791015625,0.4760857519739815,55.458984375,101.865234375,0.5971844466123069,ok,True
0.15254109923982548,-0.5971844466123069,0.2694185299382361,0.0,1.0,12.040000000000001,RL,0.7305417597875532,True,True,10.043925084163268,-28.418128889202297,-8.637960739381779,False,0.0,0.791015625,0.48035354594225865,55.458984375,101.68945312500001,0.5971844466123069,ok,True
0.15254109923982548,-0.5971844466123069,0.002701767725273948,0.0,1.0,12.040000000000001,RR,0.23054175978755317,False,False,-4.058843945118042,-11.583112656629792,8.211309645431443,False,22.8399597081675,0.791015625,2.4717692034217134,49.921875,86.220703125,0.5971844466123069,ok,True
-0.09432243330935286,-0.6427697892685826,0.007315912837305007,0.0,1.0,12.06,FL,0.24443064867644207,False,False,-3.5739652465752725,-23.98134331579372,-4.265141148920595,False,19.602378940000108,0.791015625,2.6147756905846418,50.36132812500001,87.71484375,0.6427697892685826,ok,True
-0.09432243330935286,-0.6427697892685826,0.3236211534632374,0.0,1.0,12.06,FR,0.744430648676442,True,True,14.172887641274261,-24.740384588838857,-4.942756079091808,False,0.0,0.791015625,0.48326334871155846,54.31640625,102.041015625,0.6427697892685826,ok,True
-0.09432243330935286,-0.6427697892685826,0.29839868481785176,0.0,1.0,12.06,RL,0.744430648676442,True,True,10.2062967647054,-23.721559665653857,-3.9171525008083456,False,0.0,0.791015625,0.47244108334861623,54.228515625,101.42578125,0.6427697892685826,ok,True
-0.09432243330935286,-0.6427697892685826,0.001720024804965087,0.0,1.0,12.06,RR,0.24443064867644207,False,False,-4.011551671390609,-13.004007111764247,6.780040055042088,False,22.248886346882717,0.791015625,2.4275469412879307,50.009765625,85.869140625,0.6427697892685826,ok,True
-0.3611892619020856,-0.6476578854254535,0.007222608203177852,0.0,1.0,12.08,FL,0.25831953756533094,False,False,-3.4891870731167742,-25.230254710352384,-5.521972016947913,False,20.241607679733598,0.791015625,2.5731260117175534,50.712890625,87.890625,0.6476578854254535,ok,True
-0.3611892619020856,-0.6476578854254535,0.3170721919472324,0.0,1.0,12.08,FR,0.7583195375653309,True,True,15.393188951285813,-20.02505856823341,-0.21199162272018057,False,0.0,0.791015625,0.4928047411209298,52.998046875,101.865234375,0.6476578854254535,ok,True
-0.3611892619020856,-0.6476578854254535,0.30115795981938515,0.0,1.0,12.08,RL,0.7583195375653309,True,True,10.38549954666898,-19.09147368638587,0.7234463223766774,False,0.0,0.791015625,0.4703491966450797,53.0859375,101.162109375,0.6476578854254535,ok,True
-0.3611892619020856,-0.6476578854254535,0.0023920236084678604,0.0,1.0,12.08,RR,0.25831953756533094,False,False,-3.9444762987702955,-14.673230152795934,5.099710712539618,False,22.357312963459197,0.791015625,2.3718818515233773,50.625,86.220703125,0.6476578854254535,ok,True
-0.6245743306116904,-0.6195899706626244,0.00821768983945245,0.0,1.0,12.1,FL,0.27220842645421983,False,False,-3.4724352437849464,-26.630133441676733,-6.929704043249778,False,21.16142765668623,0.791015625,2.48987010978148,51.240234375,88.06640625,0.6245743306116904,ok,True
-0.6245743306116904,-0.6195899706626244,0.3202643369003572,0.0,1.0,12.1,FR,0.7722084264542198,True,True,16.402655248057272,-15.497267225349459,4.317170005127268,False,0.0,0.791015625,0.49403060226880396,51.6796875,101.513671875,0.6245743306116904,ok,True
-0.6245743306116904,-0.6195899706626244,0.2787462364515874,0.0,1.0,12.1,RL,0.7722084264542198,True,True,10.10814077918798,-15.062323547266942,4.751536849733576,False,0.0,0.791015625,0.4672857598943215,51.943359375,100.8984375,0.6245743306116904,ok,True
-0.6245743306116904,-0.6195899706626244,0.0026636985417877036,0.0,1.0,12.1,RR,0.27220842645421983,False,False,-3.8868631699747884,-16.582075637111483,3.1852585323017095,False,21.85339092376138,0.791015625,2.329078000772083,51.064453125,86.396484375,0.6245743306116904,ok,True
-0.8797114605347007,-0.6118793528740456,0.010862174140098043,0.0,1.0,12.120000000000001,FL,0.2860973153431087,False,False,-3.5167674769952146,-28.1904527861776,-8.500235996588142,False,21.41040600951604,0.791015625,2.38003106939592,51.591796875,88.330078125,0.8797114605347007,ok,True
-0.8797114605347007,-0.6118793528740456,0.34905311323973015,0.0,1.0,12.120000000000001,FR,0.7860973153431088,True,True,17.36755765861391,-10.66446680639794,9.137365644086582,False,0.0,0.791015625,0.4861192122338698,50.2734375,100.986328125,0.8797114605347007,ok,True
-0.8797114605347007,-0.6118793528740456,0.2392371979332909,0.0,1.0,12.120000000000001,RL,0.7860973153431088,True,True,8.909733673306349,-12.017367028254737,7.792339903995002,False,0.0,0.791015625,0.47658102623895865,50.888671875,100.37109375,0.8797114605347007,ok,True
-0.8797114605347007,-0.6118793528740456,0.004781863132162969,0.0,1.0,12.120000000000001,RR,0.2860973153431087,False,False,-3.8304849914065944,-18.796214198097008,0.9618871321124836,False,22.344874300024664,0.791015625,2.2947491386171177,51.6796875,86.572265625,0.8797114605347007,ok,True
-1.17329863868295,-0.6186266917743004,0.012600433466812517,0.0,1.0,12.14,FL,0.2999862042319976,False,False,-3.5714522364951735,-29.95896936730497,-10.281592462204966,False,21.85881737258236,0.791015625,2.287143059118935,51.943359375,88.41796875,1.17329863868295,ok,True
-1.17329863868295,-0.6186266917743004,0.347004303907461,0.0,1.0,12.14,FR,0.7999862042319976,True,True,17.927485431463133,-6.1335492829881355,13.646493883608432,False,0.0,0.791015625,0.47269709149600053,49.04296875,100.283203125,1.17329863868295,ok,True
-1.17329863868295,-0.6186266917743004,0.23186785323454226,0.0,1.0,12.14,RL,0.7999862042319976,True,True,7.298891139097597,-9.354587883010735,10.450738668910263,False,0.0,0.791015625,0.47756514864799465,49.833984375,99.66796875,1.17329863868295,ok,True
-1.17329863868295,-0.6186266917743004,0.0053850072519755635,0.0,1.0,12.14,RR,0.2999862042319976,False,False,-3.8044731703044605,-21.276955945954494,-1.5328801631488602,False,22.238685771054243,0.791015625,2.2402308573291307,52.29492187500001,86.8359375,1.17329863868295,ok,True
-1.4694640379133537,-0.6518104172190755,0.015709602682749756,0.0,1.0,12.16,FL,0.3138750931208865,False,False,-3.6419094681763644,-31.8637537843999,-12.202326666063911,False,22.441878080549635,0.791015625,2.1736211220567845,52.29492187500001,88.59375,1.4694640379133537,ok,True
-1.4694640379133537,-0.6518104172190755,0.3260334123337759,0.0,1.0,12.16,FR,0.8138750931208865,True,True,17.723701070805273,-2.277436285579128,17.48279032649093,False,0.0,0.791015625,0.47138133932443976,47.724609375,99.4921875,1.4694640379133537,ok,True
-1.4694640379133537,-0.6518104172190755,0.24373424600630605,0.0,1.0,12.16,RL,0.8138750931208865,True,True,5.633415312988787,-6.651324919363284,13.148218213264052,False,0.0,0.791015625,0.47672799226027956,48.69140625,98.96484375,1.4694640379133537,ok,True
-1.4694640379133537,-0.6518104172190755,0.006120283501534605,0.0,1.0,12.16,RR,0.3138750931208865,False,False,-3.7503860341621986,-24.01998162962108,-4.29490890350165,False,21.174311594664257,0.791015625,2.1897291980679947,52.822265625,87.01171875,1.4694640379133537,ok,True
-1.7460252024516578,-0.719924800045738,0.019088940425553723,0.0,1.0,12.18,FL,0.3277639820097754,False,False,-3.731354240808782,-33.82706894109535,-14.18465423884302,False,23.02238007782229,0.791015625,2.0401756667410664,52.470703125,88.76953125,1.7460252024516578,ok,True
-1.7460252024516578,-0.719924800045738,0.2905111650377157,0.0,1.0,12.18,FR,0.8277639820097754,True,True,16.62074083891099,0.68175631467591,20.43340694650439,False,0.0,0.791015625,0.4611749237497264,46.494140625,98.61328125,1.7460252024516578,ok,True
-1.7460252024516578,-0.719924800045738,0.25595687905361225,0.0,1.0,12.18,RL,0.8277639820097754,True,True,3.764770129927486,-3.822841301296725,15.969615002345224,False,0.0,0.791015625,0.4808711958026016,47.63671875000001,98.0859375,1.7460252024516578,ok,True
-1.7460252024516578,-0.719924800045738,0.005051390061646712,0.0,1.0,12.18,RR,0.3277639820097754,False,False,-3.6446484547100026,-26.907412363972,-7.2049940443017135,False,20.536121300444403,0.791015625,2.1473825255087213,53.4375,87.1875,1.7460252024516578,ok,True
-2.0060209140066148,-0.7837860737967614,0.022180192437033515,0.0,1.0,12.200000000000001,FL,0.3416528708986643,False,False,-3.8332763475812763,-35.74626905159248,-16.123304958235682,False,24.116701063244754,0.791015625,1.9079794911303634,52.822265625,88.76953125,2.0060209140066148,ok,True
-2.0060209140066148,-0.7837860737967614,0.28626394501899816,0.0,1.0,12.200000000000001,FR,0.8416528708986644,True,True,15.37523096792795,3.5410009601938524,23.286861658505867,False,0.0,0.791015625,0.4470827905401381,45.439453125,97.55859375,2.0060209140066148,ok,True
-2.0060209140066148,-0.7837860737967614,0.2609031895001949,0.0,1.0,12.200000000000001,RL,0.8416528708986644,True,True,1.7957266168569588,-0.9077730592488624,18.87653452655416,False,0.0,0.791015625,0.4769139982319418,46.66992187500001,97.20703125,2.0060209140066148,ok,True
-2.0060209140066148,-0.7837860737967614,0.003705169985891526,0.0,1.0,12.200000000000001,RR,0.3416528708986643,False,False,-3.531765823377893,-29.769902960728086,-10.09335540193447,False,19.829097287122522,0.791015625,2.1124678409946505,53.876953125,87.36328125,2.0060209140066148,ok,True
-2.2274270341101743,-0.8492746242984811,0.025558778390673383,0.0,1.0,12.22,FL,0.3555417597875532,False,False,-3.9735252929812837,-37.53622704217887,-17.933354364555555,False,24.85898893135544,0.791015625,1.7823745316546282,52.91015625,88.50585937500001,2.2274270341101743,ok,True
-2.2274270341101743,-0.8492746242984811,0.28058267617917143,0.0,1.0,12.22,FR,0.8555417597875532,True,True,14.195225659670793,6.379694113799114,26.121749548462045,False,0.0,0.791015625,0.4295646528343482,44.47265625,96.6796875,2.2274270341101743,ok,True
-2.2274270341101743,-0.8492746242984811,0.23601916763745875,0.0,1.0,12.22,RL,0.8555417597875532,True,True,-0.30225383234229464,1.5818012144046882,21.36052225525208,True,4.243533249455393,0.791015625,0.473628359212649,45.615234375,95.888671875,2.2274270341101743,ok,True
-2.2274270341101743,-0.8492746242984811,0.0029400875526511463,0.0,1.0,12.22,RR,0.3555417597875532,False,False,-3.4227979657180665,-32.515670554073075,-12.866812636133414,False,19.08348655233769,0.791015625,2.091598026803484,54.404296875,87.626953125,2.2274270341101743,ok,True
-2.242362657046389,-0.779366792193382,0.026614444662957603,0.0,1.0,12.24,FL,0.3694306486764421,False,False,-4.134080159178818,-39.00678628089681,-19.420832303455466,False,25.77437823448906,0.791015625,1.5027782969363954,53.173828125,88.681640625,2.242362657046389,ok,True
-2.242362657046389,-0.779366792193382,0.24057465515894294,0.0,1.0,12.24,FR,0.869430648676442,True,True,12.594668097165584,8.46478168325603,28.205633675103527,False,0.0,0.791015625,0.49079659801409536,43.681640625,95.888671875,2.242362657046389,ok,True
-2.242362657046389,-0.779366792193382,0.09324032575771238,0.0,1.0,12.24,RL,0.869430648676442,True,True,-1.2218738557901037,1.5622371601607048,21.347901897096296,False,7.247344755027794,0.791015625,0.45418802110237616,44.560546875,94.5703125,2.242362657046389,ok,True
-2.242362657046389,-0.779366792193382,0.0001239867754578461,0.0,1.0,12.24,RR,0.3694306486764421,False,False,-3.189992259139917,-35.087959363732736,-15.471397236921877,False,12.887551835065848,0.791015625,2.1040169877241595,54.580078125,87.890625,2.242362657046389,ok,True
-1.9239987248196022,-0.5643797475813015,0.027870323947063822,0.0,1.0,12.26,FL,0.383319537565331,False,False,-4.266963221400292,-39.91495672966369,-20.34044200840833,False,24.638562500243268,0.791015625,1.0204930094230849,53.26171875,88.330078125,1.9239987248196022,ok,True
-1.9239987248196022,-0.5643797475813015,0.21422964747354376,0.0,1.0,12.26,FR,0.883319537565331,True,True,10.266704896866658,9.568936875297947,29.312139974660695,False,0.0,0.791015625,0.4955906947475333,43.06640625,95.185546875,1.9239987248196022,ok,True
-1.9239987248196022,-0.5643797475813015,0.03838563695804717,0.0,1.0,12.26,RL,0.883319537565331,True,True,-1.4355621424751859,1.1087066149434186,20.905599049364604,False,6.266034945784354,0.791015625,0.47334690923297035,44.033203125,93.603515625,1.9239987248196022,ok,True
-1.9239987248196022,-0.5643797475813015,0.0018667214160457309,0.0,1.0,12.26,RR,0.383319537565331,False,False,-2.713586634977831,-37.55303177655004,-17.970295220741573,False,11.098355294148531,0.791015625,2.05617540621987,55.107421875,87.978515625,1.9239987248196022,ok,True
-1.4360120375437302,-0.32347038685557145,0.028286719839669752,0.0,1.0,12.280000000000001,FL,0.3972084264542199,False,False,-4.271411671186061,-40.52289445044496,-20.956062963708444,False,23.57363313035413,0.791015625,0.5587721636397149,53.525390625,88.330078125,1.4360120375437302,ok,True
-1.4360120375437302,-0.32347038685557145,0.19347892830877123,0.0,1.0,12.280000000000001,FR,0.8972084264542199,True,True,7.564683599956378,10.070981254544932,29.817993886926192,False,0.0,0.791015625,0.4400492135921597,42.626953125,94.5703125,1.4360120375437302,ok,True
-1.4360120375437302,-0.32347038685557145,0.028811402007479323,0.0,1.0,12.280000000000001,RL,0.8972084264542199,True,True,-1.4074287996614783,0.8964362110429455,20.701868256215462,False,4.925729795251262,0.791015625,0.5915850665289325,43.41796875,92.4609375,1.4360120375437302,ok,True
-1.4360120375437302,-0.32347038685557145,0.002789785156870324,0.0,1.0,12.280000000000001,RR,0.3972084264542199,False,False,-2.306044960164205,-39.864867465471534,-20.31137320114454,False,11.888050617480172,0.791015625,1.892772314777989,55.1953125,88.2421875,1.4360120375437302,ok,True
-0.8424362635550618,-0.09485275515819469,0.02775444712216769,0.0,1.0,12.3,FL,0.4110973153431088,False,False,-4.192151738947699,-41.086965135675634,-21.52742466796063,False,22.607464495508022,0.791015625,0.21482495409917113,53.7890625,88.330078125,0.8424362635550618,ok,True
-0.8424362635550618,-0.09485275515819469,0.15564173645747936,0.0,1.0,12.3,FR,0.9110973153431088,True,False,4.680053660762386,10.208230380844943,29.9643240713839,False,0.0,0.791015625,0.39229361525359147,42.36328125,94.30664062500001,0.8424362635550618,ok,True
-0.8424362635550618,-0.09485275515819469,0.025025293777936417,0.0,1.0,12.3,RL,0.9110973153431088,True,False,-1.2879738203745021,0.7087207851077608,20.519812478873863,False,4.614053020449515,0.791015625,0.7353825302556775,43.330078125,92.109375,0.8424362635550618,ok,True
-0.8424362635550618,-0.09485275515819469,0.008289237257779554,0.0,1.0,12.3,RR,0.4110973153431088,False,False,-2.1385872588261314,-41.98422838210127,-22.448065267341125,False,12.433935537031246,0.791015625,1.7058090221505722,55.458984375,88.41796875,0.8424362635550618,ok,True
-0.18570053350190077,0.11989288627881908,0.02450850023606414,0.0,1.0,12.32,FL,0.4249862042319977,False,False,-4.069133930689573,-41.86734513737189,-22.31513999642728,False,22.357400941738664,0.791015625,0.06067153038273276,54.31640625,88.330078125,0.18570053350190077,ok,True
-0.18570053350190077,0.11989288627881908,0.10407440282722524,0.0,1.0,12.32,FR,0.9249862042319976,True,False,1.7436459338543222,10.038899229299101,29.8029886335335,False,0.0,0.791015625,0.35338546261551257,42.36328125,94.130859375,0.18570053350190077,ok,True
-0.18570053350190077,0.11989288627881908,0.02237731571757037,0.0,1.0,12.32,RL,0.9249862042319976,True,False,-1.1186774280224214,0.2778497905845789,20.092166336647203,False,3.0864217340024354,0.791015625,0.8463341177305103,43.41796875,91.93359375,0.18570053350190077,ok,True
-0.18570053350190077,0.11989288627881908,0.012018103630565453,0.0,1.0,12.32,RR,0.4249862042319977,False,False,-2.1384117454029092,-43.83789112786782,-24.315368725872258,False,14.835728443036013,0.791015625,1.5693701061486305,55.98632812500001,88.50585937500001,0.18570053350190077,ok,True
0.4760284558729167,0.3301670605938832,0.01867769446780261,0.0,1.0,12.34,FL,0.4388750931208866,False,False,-3.9688949983929,-42.98490575739813,-23.441981073286737,False,20.567299644953753,0.791015625,0.12991882182040998,54.84375,88.330078125,0.4760284558729167,ok,True
0.4760284558729167,0.3301670605938832,0.04396877516530349,0.0,1.0,12.34,FR,0.9388750931208866,True,False,-0.9412009699739897,9.405826613785438,29.17586254504569,True,9.237144731641422,0.791015625,0.3202655650961681,42.5390625,93.603515625,0.4760284558729167,ok,True
0.4760284558729167,0.3301670605938832,0.023190508014600507,0.0,1.0,12.34,RL,0.9388750931208866,True,False,-0.8867449926858069,-0.4961195431429881,19.319363979206816,False,3.409199700677801,0.791015625,0.9081666793885533,43.681640625,91.93359375,0.4760284558729167,ok,True
0.4760284558729167,0.3301670605938832,0.014822564014453822,0.0,1.0,12.34,RR,0.4388750931208866,False,False,-2.308851203730098,-45.446154526932204,-25.93456823833973,False,15.793058912708279,0.791015625,1.5080313029539898,56.513671875,88.59375,0.4760284558729167,ok,True
0.9751942563642362,0.4192790250751728,0.010607032371678194,0.0,1.0,12.36,FL,0.45276398200977547,False,False,-3.667454094110137,-44.07434195975637,-24.54511276386916,False,13.998185128643053,0.791015625,0.3913501423343678,55.283203125,88.330078125,0.9751942563642362,ok,True
0.9751942563642362,0.4192790250751728,0.025135429400265422,0.0,1.0,12.36,FR,0.9527639820097755,True,False,-1.8083541362039663,8.650192157186657,28.42007935836753,False,13.687510830370561,0.791015625,0.19070093283964895,42.71484375,93.33984375000001,0.9751942563642362,ok,True
0.9751942563642362,0.4192790250751728,0.04167728330878157,0.0,1.0,12.36,RL,0.9527639820097755,True,False,-0.43883730077973193,-0.8511598367972107,18.96424537088289,False,3.4197970331340657,0.791015625,1.0329196054834062,44.208984375,92.021484375,0.9751942563642362,ok,True
0.9751942563642362,0.4192790250751728,0.017286768839721207,0.0,1.0,12.36,RR,0.45276398200977547,False,False,-2.490076067424357,-46.75377806987472,-27.25108176352744,False,16.357280353342297,0.791015625,1.3776189397195273,57.12890625,88.59375,0.9751942563642362,ok,True
1.338708814502239,0.37379381588599436,0.004252429479904238,0.0,1.0,12.38,FL,0.46665287089866436,False,False,-3.062967508015022,-44.96122794128938,-25.44726951472831,False,10.294629468907187,0.791015625,0.6251454413312207,55.72265625,88.330078125,1.338708814502239,ok,True
1.338708814502239,0.37379381588599436,0.029917028725951502,0.0,1.0,12.38,FR,0.9666528708986644,True,False,-2.1339446668261175,8.185377412309817,27.95750683092256,False,12.822688949083647,0.791015625,0.08761925599131476,42.978515625,93.076171875,1.338708814502239,ok,True
1.338708814502239,0.37379381588599436,0.056897264976358726,0.0,1.0,12.38,RL,0.9666528708986644,True,False,-0.10744521584529765,-0.6707052461239708,19.144613678653865,False,2.6156861579984128,0.791015625,1.11484478469891,44.73632812500001,92.28515625,1.338708814502239,ok,True
1.338708814502239,0.37379381588599436,0.018742997513803285,0.0,1.0,12.38,RR,0.46665287089866436,False,False,-2.6419567047263754,-47.81715649745776,-28.322061592954633,False,17.429786676226467,0.791015625,1.2537290996462882,57.216796875,88.330078125,1.338708814502239,ok,True
1.5344010671518094,0.27243209986317146,0.0035684391340237926,0.0,1.0,12.4,FL,0.48054175978755326,False,False,-2.431447531778118,-45.927790946759906,-26.429497515171626,False,8.862536872166013,0.791015625,0.8292372794042926,55.8984375,87.890625,1.5344010671518094,ok,True
1.5344010671518094,0.27243209986317146,0.027508575208904033,0.0,1.0,12.4,FR,0.9805417597875532,True,False,-2.2301794365633607,7.65903981125123,27.435258889562384,False,12.948563017393527,0.791015625,-0.0038205007767457225,43.2421875,92.98828125,1.5344010671518094,ok,True
1.5344010671518094,0.27243209986317146,0.047136295953816104,0.0,1.0,12.4,RL,0.9805417597875532,True,False,-0.036997579779811385,-0.8011384923915911,19.014084007781733,False,1.6892181815955456,0.791015625,1.1484541047485777,45.263671875,92.63671875,1.5344010671518094,ok,True
1.5344010671518094,0.27243209986317146,0.018716013379929015,0.0,1.0,12.4,RR,0.48054175978755326,False,False,-2.8444547381198846,-48.89853488986626,-29.413155662306302,False,19.404250512884108,0.791015625,1.1620223761015376,57.39257812500001,87.890625,1.5344010671518094,ok,True
1.5052542014456183,0.1634362416928355,0.0028844580726812468,0.0,1.0,12.42,FL,0.49443064867644215,False,False,-2.0025665490701163,-47.168272521732106,-27.68786809200396,False,10.593486384722036,0.791015625,1.0466614908566163,56.337890625,87.890625,1.5052542014456183,ok,True
1.5052542014456183,0.1634362416928355,0.025864574973022067,0.0,1.0,12.42,FR,0.9944306486764422,True,False,-2.231442574821281,6.96216215670196,26.744256764601772,False,11.86067272548662,0.791015625,-0.12389837160204899,43.505859375,92.8125,1.5052542014456183,ok,True
1.5052542014456183,0.1634362416928355,0.051207678306311684,0.0,1.0,12.42,RL,0.9944306486764422,True,False,-0.01470386847892552,-1.676328120831378,18.13877907198516,False,1.3058944538352122,0.791015625,1.0299083154429975,45.87890625,92.900390625,1.5052542014456183,ok,True
1.5052542014456183,0.1634362416928355,0.016595079248522677,0.0,1.0,12.42,RR,0.49443064867644215,False,False,-3.1055709939575293,-50.095149232818855,-30.625460085430962,False,20.226280408274324,0.791015625,1.1181402612682874,57.39257812500001,87.5390625,1.5052542014456183,ok,True
1.323158245391111,0.07660587813396255,0.0021238636762885136,0.0,1.0,12.44,FL,0.508319537565331,True,False,-1.8732031714542452,-48.636986643077734,-29.17781647139064,False,11.065300498132567,0.791015625,1.2081871480240538,56.6015625,87.978515625,1.323158245391111,ok,True
1.323158245391111,0.07660587813396255,0.023863904680413224,0.0,1.0,12.44,FR,0.008319537565331103,False,False,-2.145002890138924,6.04254689565142,25.831745174845803,False,11.13620305231312,0.791015625,-0.18994253749200582,43.857421875,92.28515625,1.323158245391111,ok,True
1.323158245391111,0.07660587813396255,0.03530988380679377,0.0,1.0,12.44,RL,0.008319537565331103,False,False,-0.07490657136529841,-3.0562010311768812,16.75849027713329,False,1.8163677234263116,0.791015625,0.9078318877656933,46.23046875,92.900390625,1.323158245391111,ok,True
1.323158245391111,0.07660587813396255,0.01311743266342701,0.0,1.0,12.44,RR,0.508319537565331,True,False,-3.3256963035935683,-51.4783109029591,-32.03199410324943,False,19.432064137831173,0.791015625,1.1399196723906244,57.83203125,87.5390625,1.323158245391111,ok,True
1.0505852709988468,0.020256769587662204,0.004595143907948448,0.0,1.0,12.46,FL,0.5222084264542198,True,False,-1.8855313127905393,-50.263306360381996,-30.82642574791507,False,11.987438849274245,0.791015625,1.2739812346736248,57.041015625,88.2421875,1.0505852709988468,ok,True
1.0505852709988468,0.020256769587662204,0.02121212712091589,0.0,1.0,12.46,FR,0.022208426454219943,False,False,-2.047502959541151,4.9015550092556985,24.698339838024612,False,11.412152905442078,0.791015625,-0.1567251972546059,44.384765625,91.93359375,1.0505852709988468,ok,True
1.0505852709988468,0.020256769587662204,0.009131496349081981,0.0,1.0,12.46,RL,0.022208426454219943,False,False,-0.3394562866146991,-4.535243778623484,15.278457651380183,False,3.641163253139173,0.791015625,0.850835267345702,46.494140625,92.37304687500001,1.0505852709988468,ok,True
1.0505852709988468,0.020256769587662204,0.008191222524729695,0.0,1.0,12.46,RR,0.5222084264542198,True,False,-3.354199663324963,-53.039264408481884,-33.62192614579147,False,16.865842582362855,0.791015625,1.2094892570897027,58.18359375,87.71484375,1.0505852709988468,ok,True
0.7201196775565528,-0.03440689180008933,0.008220473763742835,0.0,1.0,12.48,FL,0.5360973153431087,True,False,-1.9349041156363107,-51.85152666055322,-32.43548129475067,False,12.274111635858208,0.791015625,1.2395703218494225,57.39257812500001,88.59375,0.7201196775565528,ok,True
0.7201196775565528,-0.03440689180008933,0.018221476772607718,0.0,1.0,12.48,FR,0.03609731534310878,False,False,-1.9859482868506453,3.5449136637134213,23.349430720992117,False,10.269347569245596,0.791015625,-0.00651845569348649,44.82421875,91.40625000000001,0.7201196775565528,ok,True
0.7201196775565528,-0.03440689180008933,0.011201441724667199,0.0,1.0,12.48,RL,0.03609731534310878,False,False,-0.717665801980797,-5.907515948508242,13.90483323476871,False,7.250242591838037,0.791015625,0.8384823629532228,46.58203125,91.93359375,0.7201196775565528,ok,True
0.7201196775565528,-0.03440689180008933,0.004227789022162722,0.0,1.0,12.48,RR,0.5360973153431087,True,False,-3.149870262892098,-54.78530672644901,-35.400001903889276,False,14.062572751191553,0.791015625,1.2527065310410457,58.62304687499999,88.06640625,0.7201196775565528,ok,True
0.4184342406468315,-0.04779853551271125,0.012505782244431423,0.0,1.0,12.5,FL,0.5499862042319975,True,False,-1.9755871905984823,-53.32499962145758,-33.925536186472854,False,12.458813955352626,0.791015625,1.074512955254156,57.919921875,89.296875,0.4184342406468315,ok,True
0.4184342406468315,-0.04779853551271125,0.013788528401990628,0.0,1.0,12.5,FR,0.04998620423199762,False,False,-1.9192501672268825,1.9013587701171755,21.711942011763504,False,10.841900208803354,0.791015625,0.2923011719197172,45.0,90.966796875,0.4184342406468315,ok,True
0.4184342406468315,-0.04779853551271125,0.014931803643284627,0.0,1.0,12.5,RL,0.04998620423199762,False,False,-1.1018144657556246,-7.129294810175669,12.681135762906223,False,10.740599970185636,0.791015625,0.863757252684278,46.58203125,91.40625000000001,0.4184342406468315,ok,True
0.4184342406468315,-0.04779853551271125,0.001968694325937363,0.0,1.0,12.5,RR,0.5499862042319975,True,False,-2.755046799345583,-56.746364177581,-37.396915118496935,False,10.336962317338573,0.791015625,1.2429542376859746,58.97460937500001,88.681640625,0.4184342406468315,ok,True
0.15625299191807984,-0.03021419267207445,0.016027808654284395,0.0,1.0,12.52,FL,0.5638750931208864,True,False,-1.9789209571635726,-54.59772114704369,-35.21092595529452,False,10.65805242591298,0.791015625,0.8477479115218312,58.35937500000001,90.087890625,0.15625299191807984,ok,True
0.15625299191807984,-0.03021419267207445,0.01306405503891904,0.0,1.0,12.52,FR,0.06387509312088646,False,False,-1.9208605504120457,0.11055040371679153,19.924968366952772,False,11.783569920122904,0.791015625,0.665819077722458,45.439453125,90.52734375,0.15625299191807984,ok,True
0.15625299191807984,-0.03021419267207445,0.016306724322858786,0.0,1.0,12.52,RL,0.06387509312088646,False,False,-1.519804373313744,-8.132634881191825,11.675031899931119,False,12.803916263288666,0.791015625,0.9731327852533821,46.66992187500001,90.87890625,0.15625299191807984,ok,True
0.15625299191807984,-0.03021419267207445,0.0014898143282179941,0.0,1.0,12.52,RR,0.5638750931208864,True,False,-2.2268912275547095,-58.788737654753454,-39.476979243805474,False,6.670088108339188,0.791015625,1.1272098978299432,59.4140625,89.560546875,0.15625299191807984,ok,True
-0.06182371493095151,0.004679936221870383,0.017198375993141047,0.0,1.0,12.540000000000001,FL,0.5777639820097752,True,False,-1.8576986306189178,-55.639565417368885,-36.2583048545874,False,9.811791275188376,0.791015625,0.6125668067983986,58.62304687499999,91.142578125,0.06182371493095151,ok,True
-0.06182371493095151,0.004679936221870383,0.013534306443092545,0.0,1.0,12.540000000000001,FR,0.0777639820097753,False,False,-2.015972254384983,-1.6246326053131928,18.19085326619428,False,13.317565935994555,0.791015625,1.0468664549882245,45.87890625,90.0,0.06182371493095151,ok,True
-0.06182371493095151,0.004679936221870383,0.014999033990663036,0.0,1.0,12.540000000000001,RL,0.0777639820097753,False,False,-1.937790749635078,-8.907180925524147,10.897683685640994,False,15.413846867459974,0.791015625,1.146167078796067,46.66992187500001,90.43945312500001,0.06182371493095151,ok,True
-0.06182371493095151,0.004679936221870383,0.004001000240403293,0.0,1.0,12.540000000000001,RR,0.5777639820097752,True,False,-1.6434655947997756,-60.69903369924243,-41.42003317315594,False,3.870745862727723,0.791015625,0.9334284749745344,59.58984374999999,90.703125,0.06182371493095151,ok,True
-0.20733431664528185,0.03756636138869511,0.017578543881965288,0.0,1.0,12.56,FL,0.591652870898664,True,False,-1.6774044493181663,-56.37172692348645,-36.98961512354981,False,8.008960397321255,0.791015625,0.39086101967233944,58.798828125,92.28515625,0.20733431664528185,ok,True
-0.20733431664528185,0.03756636138869511,0.0114705710904195,0.0,1.0,12.56,FR,0.09165287089866414,False,False,-2.1951250350988984,-3.170563744531354,16.644101394408537,False,15.66287385521266,0.791015625,1.4081102244994617,46.494140625,89.47265625000001,0.20733431664528185,ok,True
-0.20733431664528185,0.03756636138869511,0.012950520968564585,0.0,1.0,12.56,RL,0.09165287089866414,False,False,-2.361134865896328,-9.412298462760646,10.390380930984623,False,17.259913095967278,0.791015625,1.3475515530839888,46.7578125,89.912109375,0.20733431664528185,ok,True
-0.20733431664528185,0.03756636138869511,0.010298445576764547,0.0,1.0,12.56,RR,0.591652870898664,True,False,-1.0201560111994836,-62.22163056454862,-42.96291743354614,False,1.897310503215649,0.791015625,0.710728284153162,60.029296875,91.93359375,0.20733431664528185,ok,True
-0.33521420161083243,0.0925041839496907,0.016397463360326964,0.0,1.0,12.58,FL,0.6055417597875529,True,True,-1.4373763804956494,-56.70839210464537,-37.31729448262428,False,6.219325191663837,0.791015625,0.23963936720947393,59.23828124999999,93.515625,0.33521420161083243,ok,True
-0.33521420161083243,0.0925041839496907,0.007172988488446182,0.0,1.0,12.58,FR,0.10554175978755298,False,False,-2.4694074615412633,-4.381653013492689,15.431423070607053,False,17.24469128368317,0.791015625,1.6867422621644994,47.021484375,89.033203125,0.33521420161083243,ok,True
-0.33521420161083243,0.0925041839496907,0.009555884693884317,0.0,1.0,12.58,RL,0.10554175978755298,False,False,-2.735246913057571,-9.606579593552825,10.194751895048347,False,18.789637954614836,0.791015625,1.584390925603903,47.197265625,89.384765625,0.33521420161083243,ok,True
-0.33521420161083243,0.0925041839496907,0.051348749691892015,0.0,1.0,12.58,RR,0.6055417597875529,True,True,0.12477267433947531,-62.520617459244285,-43.248337149559916,False,0.0,0.791015625,0.5180988677394047,60.46875,93.33984375000001,0.33521420161083243,ok,True
-0.4552332116086811,0.12824431517508106,0.017766248536584837,0.0,1.0,12.6,FL,0.6194306486764417,True,True,-1.0720065185270446,-56.6708201012428,-37.26425533001156,False,3.269552785861633,0.791015625,0.1334121574876631,59.501953125,94.833984375,0.4552332116086811,ok,True
-0.4552332116086811,0.12824431517508106,0.004985360166132116,0.0,1.0,12.6,FR,0.11943064867644182,False,False,-2.7460619906527692,-5.466838777685313,14.344093427072904,False,18.40634957403452,0.791015625,1.9215711475891648,47.373046875,88.857421875,0.4552332116086811,ok,True
-0.4552332116086811,0.12824431517508106,0.005522886883463633,0.0,1.0,12.6,RL,0.11943064867644182,False,False,-3.084932288065546,-9.598522260665789,10.202359156632706,False,21.36109865942208,0.791015625,1.876541564717008,47.63671875000001,88.857421875,0.4552332116086811,ok,True
-0.4552332116086811,0.12824431517508106,0.1683937803858165,0.0,1.0,12.6,RR,0.6194306486764417,True,True,1.4820727083050476,-60.35924104690458,-41.02128514517817,False,0.0,0.791015625,0.4582305040218459,60.8203125,95.009765625,0.4552332116086811,ok,True
-0.5094851500665654,0.11383854661231807,0.04699011720954645,0.0,1.0,12.620000000000001,FL,0.6333195375653305,True,True,-0.13756512396311155,-56.010720791177064,-36.576016593505344,False,2.7037693390468953,0.791015625,0.0778218877425922,59.58984374999999,96.064453125,0.5094851500665654,ok,True
-0.5094851500665654,0.11383854661231807,0.0069508649130775825,0.0,1.0,12.620000000000001,FR,0.13331953756533066,False,False,-2.9745157450308466,-6.677908474433616,13.129833122527947,False,18.9262715466054,0.791015625,2.1965446343420387,47.900390625,88.681640625,0.5094851500665654,ok,True
-0.5094851500665654,0.11383854661231807,0.0021120834890156785,0.0,1.0,12.620000000000001,RL,0.13331953756533066,False,False,-3.4398550116743825,-9.577945346886148,10.222787140434475,False,22.721914240879485,0.791015625,2.1967201017573963,47.98828125,88.41796875,0.5094851500665654,ok,True
-0.5094851500665654,0.11383854661231807,0.1940196024830471,0.0,1.0,12.620000000000001,RR,0.6333195375653305,True,True,2.8781688024368433,-57.849173110272766,-38.44233815709672,False,0.0,0.791015625,0.4447878657366736,60.99609375,96.767578125,0.5094851500665654,ok,True
-0.42489591952051303,0.05475773568013346,0.19516598169621366,0.0,1.0,12.64,FL,0.6472084264542194,True,True,1.3291331855509927,-52.632828759907476,-33.13447842035374,False,0.0,0.791015625,0.23612728053768534,59.67773437500001,97.734375,0.42489591952051303,ok,True
-0.42489591952051303,0.05475773568013346,0.008656985485140063,0.0,1.0,12.64,FR,0.1472084264542195,False,False,-3.14276643743705,-8.02422343476922,11.779063768097062,False,19.604167997932624,0.791015625,2.53825461176725,48.33984375,88.41796875,0.42489591952051303,ok,True
-0.42489591952051303,0.05475773568013346,0.005312863582008304,0.0,1.0,12.64,RL,0.1472084264542195,False,False,-3.746498374214872,-9.726058415236885,10.073755625865303,False,24.409815056291738,0.791015625,2.445437750368782,48.33984375,87.978515625,0.42489591952051303,ok,True
-0.42489591952051303,0.05475773568013346,0.21582258729789228,0.0,1.0,12.64,RR,0.6472084264542194,True,True,4.27070770522783,-54.95772327253875,-35.482422424742765,False,0.0,0.791015625,0.4580959078527958,60.8203125,98.0859375,0.42489591952051303,ok,True
-0.26903449405924884,-0.04694564365565344,0.24776951893555704,0.0,1.0,12.66,FL,0.6610973153431082,True,True,3.32264893204743,-48.45565313317332,-28.893779018806,False,0.0,0.791015625,0.36220257344265466,59.4140625,98.78906250000001,0.26903449405924884,ok,True
-0.26903449405924884,-0.04694564365565344,0.010016436010089575,0.0,1.0,12.66,FR,0.16109731534310834,False,False,-3.275595808419428,-9.651702417778065,10.144819123063773,False,20.276824979029524,0.791015625,2.8534855888355124,48.69140625,88.06640625,0.26903449405924884,ok,True
-0.26903449405924884,-0.04694564365565344,0.005856020010643009,0.0,1.0,12.66,RL,0.16109731534310834,False,False,-4.005362810281899,-10.276276950024934,9.521162665929873,False,25.166437373384518,0.791015625,2.652569114204526,48.603515625,87.626953125,0.26903449405924884,ok,True
-0.26903449405924884,-0.04694564365565344,0.24927134159056957,0.0,1.0,12.66,RR,0.6610973153431082,True,True,5.437730430387689,-51.624866455293805,-32.08822052076772,False,0.0,0.791015625,0.4708733131229485,60.55664062500001,99.4921875,0.26903449405924884,ok,True
-0.09760722157664521,-0.17625680184737552,0.24763643286591228,0.0,1.0,12.68,FL,0.6749862042319971,True,True,5.7634980301751915,-44.5367428161869,-24.899300561383747,False,0.0,0.791015625,0.4212816267526362,59.0625,100.01953125,0.17625680184737552,ok,True
-0.09760722157664521,-0.17625680184737552,0.009316463360907579,0.0,1.0,12.68,FR,0.17498620423199718,False,False,-3.399978823390569,-11.476607156039186,8.309714041234667,False,20.693876350051706,0.791015625,3.0777646493258386,48.8671875,87.802734375,0.17625680184737552,ok,True
-0.09760722157664521,-0.17625680184737552,0.004272964958489139,0.0,1.0,12.68,RL,0.17498620423199718,False,False,-4.182895441437622,-11.210091785897172,8.582901339990142,False,25.110848442037195,0.791015625,2.840033521944353,48.779296875,87.1875,0.17625680184737552,ok,True
-0.09760722157664521,-0.17625680184737552,0.28246048254839623,0.0,1.0,12.68,RR,0.6749862042319971,True,True,6.420008156744362,-47.834207306660474,-28.227837058202304,False,0.0,0.791015625,0.47757394602050507,59.765625,100.283203125,0.17625680184737552,ok,True
0.09342010520019772,-0.30141695842391997,0.2659591132466343,0.0,1.0,12.700000000000001,FL,0.6888750931208859,True,True,8.300519739370081,-40.51420976778498,-20.817933570929704,False,0.0,0.791015625,0.4504671856536203,58.53515625,100.810546875,0.30141695842391997,ok,True
0.09342010520019772,-0.30141695842391997,0.008096646698792193,0.0,1.0,12.700000000000001,FR,0.18887509312088602,False,False,-3.5088955424800865,-13.366935646036092,6.406572040576217,False,20.765148766020154,0.791015625,3.2104289071799683,49.21875,87.5390625,0.30141695842391997,ok,True
0.09342010520019772,-0.30141695842391997,0.004112333354862207,0.0,1.0,12.700000000000001,RL,0.18887509312088602,False,False,-4.27378059844611,-12.437362494258089,7.3479800736384995,False,24.71669595284804,0.791015625,2.9829710732188155,49.130859375,86.8359375,0.30141695842391997,ok,True
0.09342010520019772,-0.30141695842391997,0.32352863309717766,0.0,1.0,12.700000000000001,RR,0.6888750931208859,True,True,7.226881482354338,-43.303633340602346,-23.62707269066159,False,0.0,0.791015625,0.4851295589336627,58.88671875,100.8984375,0.30141695842391997,ok,True
0.3139010506218564,-0.4064956024104037,0.27429190520377755,0.0,1.0,12.72,FL,0.7027639820097747,True,True,10.890276160286614,-36.61099591491085,-16.873817068797187,False,0.0,0.791015625,0.46510774196846805,57.65624999999999,101.337890625,0.4064956024104037,ok,True
0.3139010506218564,-0.4064956024104037,0.006983872408996263,0.0,1.0,12.72,FR,0.20276398200977486,False,False,-3.572786193313946,-15.257109412018512,4.511572589446942,False,20.541653173045006,0.791015625,3.2611433006616166,49.39453125000001,87.1875,0.4064956024104037,ok,True
0.3139010506218564,-0.4064956024104037,0.00560654123329814,0.0,1.0,12.72,RL,0.20276398200977486,False,False,-4.2809536693161965,-13.943715962018729,5.829965304908281,False,24.092079778535556,0.791015625,3.0586504378032737,49.39453125000001,86.572265625,0.4064956024104037,ok,True
0.3139010506218564,-0.4064956024104037,0.3371947243465374,0.0,1.0,12.72,RR,0.7027639820097747,True,True,7.834239769322275,-38.52043648319489,-18.793113726496586,False,0.0,0.791015625,0.49229976771998607,57.919921875,101.337890625,0.4064956024104037,ok,True
0.5760166323254468,-0.510560504684196,0.28274629445857563,0.0,1.0,12.74,FL,0.7166528708986636,True,True,13.308059194871293,-32.84975825698675,-13.08815168323257,False,0.0,0.791015625,0.47399743948957423,56.77734375,101.77734375,0.5760166323254468,ok,True
0.5760166323254468,-0.510560504684196,0.005654601408655346,0.0,1.0,12.74,FR,0.2166528708986637,False,False,-3.5993726725972626,-17.186289781382392,2.5746656000393884,False,20.93736883671969,0.791015625,3.2520683664296612,49.658203125,87.099609375,0.5760166323254468,ok,True
0.5760166323254468,-0.510560504684196,0.006068999190638274,0.0,1.0,12.74,RL,0.2166528708986637,False,False,-4.230276361567912,-15.75783374626331,4.010889313616653,False,23.74287004977082,0.791015625,3.068236172668168,49.5703125,86.572265625,0.5760166323254468,ok,True
0.5760166323254468,-0.510560504684196,0.3348389015351539,0.0,1.0,12.74,RR,0.7166528708986636,True,True,8.255808239043784,-33.8349406328132,-14.076433445641634,False,0.0,0.791015625,0.49449404919816703,56.6015625,101.513671875,0.5760166323254468,ok,True
0.87982119414747,-0.5964439687900909,0.31930812258810715,0.0,1.0,12.76,FL,0.7305417597875524,True,True,15.599665114003233,-28.604066535970663,-8.827595906216864,False,0.0,0.791015625,0.479423640082385,55.72265625,102.12890625,0.87982119414747,ok,True
0.87982119414747,-0.5964439687900909,0.0055349209354738,0.0,1.0,12.76,FR,0.23054175978755254,False,False,-3.610341082769301,-19.121803952052986,0.6286359578657503,False,20.613432664928926,0.791015625,3.1989123697409583,50.09765625,87.1875,0.87982119414747,ok,True
0.87982119414747,-0.5964439687900909,0.0066785626482291326,0.0,1.0,12.76,RL,0.23054175978755254,False,False,-4.159197869414127,-17.79381052451357,1.9652283032046114,False,22.72853611848474,0.791015625,3.0252580916102088,49.921875,86.572265625,0.87982119414747,ok,True
0.87982119414747,-0.5964439687900909,0.328701824337865,0.0,1.0,12.76,RR,0.7305417597875524,True,True,8.50934197441953,-29.31014893026732,-9.536925190096525,False,0.0,0.791015625,0.4912022148636539,55.37109375,101.6015625,0.87982119414747,ok,True
1.1886565038607424,-0.6551489534890397,0.32923035444888343,0.0,1.0,12.780000000000001,FL,0.7444306486764413,True,True,17.642887436625468,-24.426729650035064,-4.625589969754763,False,0.0,0.791015625,0.4885176911253918,54.66796875,102.216796875,1.1886565038607424,ok,True
1.1886565038607424,-0.6551489534890397,0.005356250422689331,0.0,1.0,12.780000000000001,FR,0.24443064867644138,False,False,-3.5804349837326965,-21.071326586067656,-1.3329201527706118,False,20.17193916380649,0.791015625,3.073053265531114,50.537109375,87.36328125,1.1886565038607424,ok,True
1.1886565038607424,-0.6551489534890397,0.007472758572390289,0.0,1.0,12.780000000000001,RL,0.24443064867644138,False,False,-4.015056819960671,-20.06833602154962,-0.32432979229380976,False,20.831502990193083,0.791015625,2.953068908931258,50.36132812500001,86.8359375,1.1886565038607424,ok,True
1.1886565038607424,-0.6551489534890397,0.3441222722835087,0.0,1.0,12.780000000000001,RR,0.7444306486764413,True,True,8.628892698050672,-24.506239727565035,-4.707347168931214,False,0.0,0.791015625,0.49409295948168347,53.96484375,101.6015625,1.1886565038607424,ok,True
1.495290484462641,-0.7254004626505908,0.3431369030284105,0.0,1.0,12.8,FL,0.7583195375653301,True,True,19.198281823867145,-20.212619416281175,-0.3992565852068459,False,0.0,0.791015625,0.4958664646974688,53.525390625,102.12890625,1.495290484462641,ok,True
1.495290484462641,-0.7254004626505908,0.005713805392664472,0.0,1.0,12.8,FR,0.2583195375653302,False,False,-3.5281573790986593,-23.045399730382996,-3.319662537880351,False,20.741843228904294,0.791015625,2.893458015304759,50.9765625,87.626953125,1.495290484462641,ok,True
1.495290484462641,-0.7254004626505908,0.007892974468701424,0.0,1.0,12.8,RL,0.2583195375653302,False,False,-3.799315632584288,-22.560816063512483,-2.835363724521603,False,19.6654721614414,0.791015625,2.858285004808706,50.80078125,87.099609375,1.495290484462641,ok,True
1.495290484462641,-0.7254004626505908,0.34380634828669887,0.0,1.0,12.8,RR,0.7583195375653301,True,True,8.348058744550837,-19.740195636743326,0.07275059522948979,False,0.0,0.791015625,0.5018603554653704,52.55859375,101.513671875,1.495290484462641,ok,True
1.783591094119356,-0.8088819790892174,0.35716488121164336,0.0,1.0,12.82,FL,0.7722084264542189,True,True,20.44844647295629,-15.831384254750846,3.9831098127517723,False,0.0,0.791015625,0.49243698454166246,52.29492187500001,101.77734375,1.783591094119356,ok,True
1.783591094119356,-0.8088819790892174,0.007784280027431955,0.0,1.0,12.82,FR,0.27220842645421905,False,False,-3.5296948427322414,-24.972985477042755,-5.259770858493752,False,21.72312603721132,0.791015625,2.6835164974639913,51.591796875,87.802734375,1.783591094119356,ok,True
1.783591094119356,-0.8088819790892174,0.009345283454520585,0.0,1.0,12.82,RL,0.27220842645421905,False,False,-3.581244692432057,-25.11119115537558,-5.405538793000929,False,19.570306017768914,0.791015625,2.7581934041242406,51.416015625,87.36328125,1.783591094119356,ok,True
1.783591094119356,-0.8088819790892174,0.35789223320831076,0.0,1.0,12.82,RR,0.7722084264542189,True,True,7.695497354301639,-14.66233657506572,5.152233319786031,False,0.0,0.791015625,0.5079221615541408,51.240234375,101.07421875,1.783591094119356,ok,True
2.0796675964353573,-0.8904335261911417,0.3588958386389694,0.0,1.0,12.84,FL,0.7860973153431078,True,True,21.299576455414922,-11.340808646572379,8.463395146149724,False,0.0,0.791015625,0.4781567018151898,51.064453125,101.337890625,2.0796675964353573,ok,True
2.0796675964353573,-0.8904335261911417,0.009813200140015752,0.0,1.0,12.84,FR,0.2860973153431079,False,False,-3.5979013789860517,-26.82269974905399,-7.121165101572849,False,22.6611856621944,0.791015625,2.501254789552176,52.119140625,87.890625,2.0796675964353573,ok,True
2.0796675964353573,-0.8904335261911417,0.010522219903196916,0.0,1.0,12.84,RL,0.2860973153431079,False,False,-3.4281090020796787,-27.554346373598342,-7.869000427893479,False,19.526838121724396,0.791015625,2.656195183683923,51.943359375,87.626953125,2.0796675964353573,ok,True
2.0796675964353573,-0.8904335261911417,0.3497191045223933,0.0,1.0,12.84,RR,0.7860973153431078,True,True,6.637213654999787,-9.685073269271076,10.11894210761145,False,0.0,0.791015625,0.5040172499122827,49.5703125,100.458984375,2.0796675964353573,ok,True
2.3662663153291406,-0.9876003130658961,0.3339439551065489,0.0,1.0,12.86,FL,0.7999862042319966,True,True,21.39229840839077,-7.201636147897773,12.586384234226564,False,0.0,0.791015625,0.4608931858586604,49.921875,100.634765625,2.3662663153291406,ok,True
2.3662663153291406,-0.9876003130658961,0.01079995984883296,0.0,1.0,12.86,FR,0.29998620423199673,False,False,-3.7192360765648593,-28.6312317757661,-8.941856934580368,False,23.815318928575692,0.791015625,2.3507103022827156,52.55859375,88.06640625,2.3662663153291406,ok,True
2.3662663153291406,-0.9876003130658961,0.010399551209894607,0.0,1.0,12.86,RL,0.29998620423199673,False,False,-3.3392736246600494,-29.85627479066825,-10.190851565420154,False,19.554647618533853,0.791015625,2.585991574186233,52.3828125,87.890625,2.3662663153291406,ok,True
2.3662663153291406,-0.9876003130658961,0.3211736893800412,0.0,1.0,12.86,RR,0.7999862042319966,True,True,4.820413874464697,-5.235119255925669,14.552942387070884,False,0.0,0.791015625,0.4962158545343482,48.1640625,99.84375,2.3662663153291406,ok,True
2.6386150987059405,-1.096144918093923,0.2862157522709366,0.0,1.0,12.88,FL,0.8138750931208855,True,True,20.652498608404535,-3.7705419481871396,16.00431677065173,False,0.0,0.791015625,0.43337564825274627,48.69140625,99.84375,2.6386150987059405,ok,True
2.6386150987059405,-1.096144918093923,0.011704281373306981,0.0,1.0,12.88,FR,0.3138750931208856,False,False,-3.8725731422624596,-30.359830099902073,-10.683386285076615,False,24.4817468997554,0.791015625,2.248333353386343,53.0859375,88.2421875,2.6386150987059405,ok,True
2.6386150987059405,-1.096144918093923,0.010754141249650783,0.0,1.0,12.88,RL,0.3138750931208856,False,False,-3.296139816262488,-31.915271594193538,-12.268543890564015,False,19.57634038262855,0.791015625,2.557221001046082,52.91015625,88.06640625,2.6386150987059405,ok,True
2.6386150987059405,-1.096144918093923,0.33343757652037265,0.0,1.0,12.88,RR,0.8138750931208855,True,True,2.7954413447054542,-0.4640944841511838,19.300635923708352,False,0.0,0.791015625,0.48203907162736154,46.93359375,98.96484375,2.6386150987059405,ok,True
2.9135952379814682,-1.2026186830092591,0.2570565495956032,0.0,1.0,12.9,FL,0.8277639820097743,True,True,19.74008101033653,-0.613460589931798,19.14901083040355,False,0.0,0.791015625,0.4082695894930209,47.724609375,98.876953125,2.9135952379814682,ok,True
2.9135952379814682,-1.2026186830092591,0.011520434312249963,0.0,1.0,12.9,FR,0.3277639820097744,False,False,-4.006702232619563,-31.9912739712178,-12.32741370275404,False,25.010582421514357,0.791015625,2.21107012195328,53.525390625,88.41796875,2.9135952379814682,ok,True
2.9135952379814682,-1.2026186830092591,0.011053857531628887,0.0,1.0,12.9,RL,0.3277639820097744,False,False,-3.2744717925391327,-33.68492434318821,-14.055005544765972,False,19.521035407046405,0.791015625,2.557713493718236,53.4375,88.41796875,2.9135952379814682,ok,True
2.9135952379814682,-1.2026186830092591,0.307113325142952,0.0,1.0,12.9,RR,0.8277639820097743,True,True,0.5997777209504132,3.870308405525253,23.614381013928938,False,0.0,0.791015625,0.4671249467778415,45.615234375,97.998046875,2.9135952379814682,ok,True
3.0916853089642267,-1.2428825762120315,0.22973294862458377,0.0,1.0,12.92,FL,0.8416528708986631,True,True,18.562467034273737,2.2464321362066424,21.998071184034345,False,0.0,0.791015625,0.45069446690182285,46.66992187500001,97.998046875,3.0916853089642267,ok,True
3.0916853089642267,-1.2428825762120315,0.010646333455871453,0.0,1.0,12.92,FR,0.34165287089866325,False,False,-4.1221069026747825,-33.42808474209144,-13.775008690554724,False,25.35096801280109,0.791015625,2.1186873673134703,53.701171875,88.50585937500001,3.0916853089642267,ok,True
3.0916853089642267,-1.2428825762120315,0.011178828430704288,0.0,1.0,12.92,RL,0.34165287089866325,False,False,-3.2016286367143425,-35.21251907190031,-15.599110547879764,False,14.135525501357602,0.791015625,2.6050991161243866,53.7890625,88.50585937500001,3.0916853089642267,ok,True
3.0916853089642267,-1.2428825762120315,0.18116566368653617,0.0,1.0,12.92,RR,0.8416528708986631,True,True,-1.1813484480681509,5.9038304326330415,25.6441546190162,True,8.364974943517277,0.791015625,0.42865277256351414,44.208984375,96.591796875,3.0916853089642267,ok,True
2.9232218624411876,-1.0507254541590045,0.17004171167443588,0.0,1.0,12.94,FL,0.855541759787552,True,True,16.200618112756615,3.7502538328041983,23.502776909588295,False,0.0,0.791015625,0.5116905651610387,45.70312500000001,97.119140625,2.9232218624411876,ok,True
2.9232218624411876,-1.0507254541590045,0.01309351287664942,0.0,1.0,12.94,FR,0.3555417597875521,False,False,-4.216955059937233,-34.2334295812895,-14.583090605434816,False,25.056037921415317,0.791015625,1.7418054621131367,53.876953125,88.59375,2.9232218624411876,ok,True
2.9232218624411876,-1.0507254541590045,0.011577766084576873,0.0,1.0,12.94,RL,0.3555417597875521,False,False,-2.8100437684892428,-36.634282611009205,-17.039515602620963,False,11.068316199693243,0.791015625,2.607179501438021,53.876953125,88.681640625,2.9232218624411876,ok,True
2.9232218624411876,-1.0507254541590045,0.05377877185538056,0.0,1.0,12.94,RR,0.855541759787552,True,True,-1.631349106236371,6.133233205926696,25.87833779261278,False,8.216640464050323,0.791015625,0.39881134947578334,42.890625,95.185546875,2.9232218624411876,ok,True
2.488157642472099,-0.7495198932166977,0.1677789926663864,0.0,1.0,12.96,FL,0.8694306486764408,True,True,13.08298702705519,4.675375665379006,24.43345944092325,False,0.0,0.791015625,0.4886973167676095,44.82421875,96.328125,2.488157642472099,ok,True
2.488157642472099,-0.7495198932166977,0.019429387657132934,0.0,1.0,12.96,FR,0.36943064867644093,False,False,-4.253828343122878,-34.47518378368829,-14.822094036257809,False,24.080300898007017,0.791015625,1.2394281668786256,53.96484375,88.681640625,2.488157642472099,ok,True
2.488157642472099,-0.7495198932166977,0.007753783952011078,0.0,1.0,12.96,RL,0.36943064867644093,False,False,-2.364256502768572,-37.98761294516249,-18.41027470131846,False,10.530999617599903,0.791015625,2.477369045652786,53.876953125,88.857421875,2.488157642472099,ok,True
2.488157642472099,-0.7495198932166977,0.035656029381629636,0.0,1.0,12.96,RR,0.8694306486764408,True,True,-1.7047748771000897,6.704650551604717,26.46004300229906,False,7.0921345543924685,0.791015625,0.4691966524941247,41.66015625,93.8671875,2.488157642472099,ok,True
1.8841354764318534,-0.43149550545740467,0.1579657514328619,0.0,1.0,12.98,FL,0.8833195375653297,True,True,9.622560800932732,5.411004202345449,25.175309682816522,False,0.0,0.791015625,0.43023843992550953,44.033203125,95.625,1.8841354764318534,ok,True
1.8841354764318534,-0.43149550545740467,0.02447654279349553,0.0,1.0,12.98,FR,0.38331953756532977,False,False,-4.209546284827892,-34.47682745839078,-14.819581941494977,False,23.030100117249162,0.791015625,0.7767091496731688,54.140625,88.330078125,1.8841354764318534,ok,True
1.8841354764318534,-0.43149550545740467,0.0030344322003995764,0.0,1.0,12.98,RL,0.38331953756532977,False,False,-2.076968244760443,-39.18743177743222,-19.62348065759701,False,11.255890823417843,0.791015625,2.2696420590351063,54.228515625,89.12109375,1.8841354764318534,ok,True
1.8841354764318534,-0.43149550545740467,0.03144903828948735,0.0,1.0,12.98,RR,0.8833195375653297,True,True,-1.6453460929811425,7.553741061415361,27.321234649789847,False,6.095585019147599,0.791015625,0.6067598953919443,40.869140625,92.724609375,1.8841354764318534,ok,True
1.1616394938007388,-0.1365062513590215,0.1265635018580099,0.0,1.0,13.0,FL,0.8972084264542185,True,True,6.017451068382584,6.075217175078566,25.845003318324938,False,0.0,0.791015625,0.37350258128162206,43.505859375,95.009765625,1.1616394938007388,ok,True
1.1616394938007388,-0.1365062513590215,0.025985369703295114,0.0,1.0,13.0,FR,0.3972084264542186,False,False,-4.119381821785013,-34.507900337837405,-14.848495019665965,False,22.492305931653547,0.791015625,0.45102232312317586,54.404296875,87.890625,1.1616394938007388,ok,True
1.1616394938007388,-0.1365062513590215,0.004889178006845351,0.0,1.0,13.0,RL,0.3972084264542186,False,False,-1.9788549676229075,-40.16110162065747,-20.604501891178337,False,12.473080527900088,0.791015625,2.0728306959083156,54.66796875,89.208984375,1.1616394938007388,ok,True
1.1616394938007388,-0.1365062513590215,0.029213754371309603,0.0,1.0,13.0,RR,0.8972084264542185,True,True,-1.5218000571288575,8.389957677444835,28.167949894582293,False,5.5801003411165775,0.791015625,0.7419601764889318,40.693359375,91.669921875,1.1616394938007388,ok,True
0.35084182094136057,0.08097347915562643,0.0856874709205821,0.0,1.0,13.02,FL,0.9110973153431073,True,False,2.507501196937864,6.630905218950651,26.405592947866463,False,0.0,0.791015625,0.32680863789044734,43.06640625,94.658203125,0.35084182094136057,ok,True
0.35084182094136057,0.08097347915562643,0.02439332461032716,0.0,1.0,13.02,FR,0.41109731534310745,False,False,-4.019475146846071,-34.92006192655439,-15.26659683689849,False,21.185269935970304,0.791015625,0.3207482047396192,54.931640625,87.5390625,0.35084182094136057,ok,True
0.35084182094136057,0.08097347915562643,0.009506551082734519,0.0,1.0,13.02,RL,0.41109731534310745,False,False,-2.0677050687833534,-41.04192990408606,-21.486516627625985,False,15.238476404618297,0.791015625,1.9610604159180651,55.01953125000001,88.857421875,0.35084182094136057,ok,True
0.35084182094136057,0.08097347915562643,0.02602797576572116,0.0,1.0,13.02,RR,0.9110973153431073,True,False,-1.3955974792137886,8.797327314305239,28.584778703146085,False,5.574717149614975,0.791015625,0.8251122660807865,40.693359375,91.40625000000001,0.35084182094136057,ok,True
-0.4517204995399408,0.24600520102859452,0.061688749760771926,0.0,1.0,13.040000000000001,FL,0.9249862042319962,True,False,-0.5589700898982684,6.977727099193065,26.755835779605334,True,6.766330434465128,0.791015625,0.2774840726869021,42.890625,94.04296875,0.4517204995399408,ok,True
-0.4517204995399408,0.24600520102859452,0.019947043797421172,0.0,1.0,13.040000000000001,FR,0.4249862042319963,False,False,-3.8809211916995685,-36.03716492522337,-16.40086294210047,False,19.25674919267215,0.791015625,0.4513735669480634,55.37109375,87.099609375,0.4517204995399408,ok,True
-0.4517204995399408,0.24600520102859452,0.013455830523567615,0.0,1.0,13.040000000000001,RL,0.4249862042319963,False,False,-2.342722738053662,-42.02884216036372,-22.475652669140228,False,18.636846700483375,0.791015625,1.9153804439181752,55.458984375,88.857421875,0.4517204995399408,ok,True
-0.4517204995399408,0.24600520102859452,0.024028329939180526,0.0,1.0,13.040000000000001,RR,0.9249862042319962,True,False,-1.2406172281061167,8.431090088634893,28.22784047685012,False,3.993822411897084,0.791015625,0.8820607610046316,40.95703125,91.23046875,0.4517204995399408,ok,True
-1.0855267792235723,0.31721206704511884,0.0415157648313469,0.0,1.0,13.06,FL,0.938875093120885,True,False,-1.6862802218264306,6.610317197082616,26.388312533580585,False,13.160764851567365,0.791015625,0.04967016322649283,42.890625,93.515625,1.0855267792235723,ok,True
-1.0855267792235723,0.31721206704511884,0.016691809157739924,0.0,1.0,13.06,FR,0.43887509312088513,False,False,-3.536334205011361,-37.67304375440154,-18.06720252827827,False,12.74026144655753,0.791015625,0.7958681589447092,55.8984375,87.01171875,1.0855267792235723,ok,True
-1.0855267792235723,0.31721206704511884,0.01509214415427092,0.0,1.0,13.06,RL,0.43887509312088513,False,False,-2.703397084496774,-43.09354771654368,-23.546783268338885,False,18.00968344835624,0.791015625,1.8465884589087047,55.810546875,88.50585937500001,1.0855267792235723,ok,True
-1.0855267792235723,0.31721206704511884,0.028016982938570755,0.0,1.0,13.06,RR,0.938875093120885,True,False,-1.0030956912255689,7.616207229342597,27.42069725949073,False,4.690507762407916,0.791015625,0.9841820293118966,41.396484375,91.23046875,1.0855267792235723,ok,True
-1.581824733929662,0.30656542637088735,0.037345558719266314,0.0,1.0,13.08,FL,0.9527639820097739,True,False,-2.102288117743517,6.065256350284484,25.84667852989395,False,14.150924817546484,0.791015625,-0.11482446962931143,42.978515625,93.1640625,1.581824733929662,ok,True
-1.581824733929662,0.30656542637088735,0.01966591306376003,0.0,1.0,13.08,FR,0.45276398200977397,False,False,-2.8767844332390804,-39.288325191846944,-19.71856786275718,False,7.8778601162117505,0.791015625,1.0584694269414974,56.337890625,86.8359375,1.581824733929662,ok,True
-1.581824733929662,0.30656542637088735,0.013500950996634061,0.0,1.0,13.08,RL,0.45276398200977397,False,False,-2.9067839162966043,-44.19380686092759,-24.656998712878963,False,17.953227258187543,0.791015625,1.751029267400204,56.07421875,87.978515625,1.581824733929662,ok,True
-1.581824733929662,0.30656542637088735,0.06954686602959405,0.0,1.0,13.08,RR,0.9527639820097739,True,False,-0.15265656316660117,7.726704680226557,27.53312400367776,False,4.05573394553919,0.791015625,1.0709406269612085,42.01171875000001,91.40625000000001,1.581824733929662,ok,True
-1.7952367836524412,0.24504044283064774,0.03687481356787942,0.0,1.0,13.1,FL,0.9666528708986627,True,False,-2.308576711155197,5.352088532736856,25.140321083561638,False,12.795991269217895,0.791015625,-0.2986831003769224,43.2421875,92.98828125,1.7952367836524412,ok,True
-1.7952367836524412,0.24504044283064774,0.026639755412423447,0.0,1.0,13.1,FR,0.4666528708986628,False,False,-2.085906873439198,-41.11046036981807,-21.56958185838526,False,6.66733477714997,0.791015625,1.3293108865671976,56.689453125,86.66015625,1.7952367836524412,ok,True
-1.7952367836524412,0.24504044283064774,0.01327186969186729,0.0,1.0,13.1,RL,0.4666528708986628,False,False,-3.0602129199404917,-45.51099113060454,-25.989437032340206,False,20.56048230312771,0.791015625,1.5638511909107073,56.07421875,87.626953125,1.7952367836524412,ok,True
-1.7952367836524412,0.24504044283064774,0.2058361454342718,0.0,1.0,13.1,RR,0.9666528708986627,True,False,0.3455918726706017,10.228783645394506,30.028551968291467,False,0.0,0.791015625,0.9174907519042601,42.71484375,91.669921875,1.7952367836524412,ok,True
-1.7006394264418088,0.11280153565114012,0.03705441583714705,0.0,1.0,13.120000000000001,FL,0.9805417597875515,True,False,-2.3069491320049615,4.210000339490034,24.007042566157843,False,12.45073253032946,0.791015625,-0.5122792376425062,43.41796875,92.8125,1.7006394264418088,ok,True
-1.7006394264418088,0.11280153565114012,0.026574797626141743,0.0,1.0,13.120000000000001,FR,0.48054175978755165,False,False,-1.518836959269472,-43.45442921878607,-23.943626922315946,False,7.195745763301778,0.791015625,1.617205143476787,57.12890625,86.396484375,1.7006394264418088,ok,True
-1.7006394264418088,0.11280153565114012,0.013378536770710362,0.0,1.0,13.120000000000001,RL,0.48054175978755165,False,False,-3.3315034304730475,-47.23945848771394,-27.74086708820114,False,21.507968878512173,0.791015625,1.3962174607049906,56.42578125,87.1875,1.7006394264418088,ok,True
-1.7006394264418088,0.11280153565114012,0.20492638736955915,0.0,1.0,13.120000000000001,RR,0.9805417597875515,True,False,-0.19138843060136426,11.84292576420506,31.63676221496433,True,1.4579848952305339,0.791015625,0.6098095482437044,43.41796875,92.021484375,1.7006394264418088,ok,True
-1.5038906290237324,0.03332669989901645,0.035911652732167634,0.0,1.0,13.14,FL,0.9944306486764404,True,False,-2.2568125895826574,2.7011991863596845,22.505947939406298,False,12.200305849629268,0.791015625,-0.5563035446249928,43.76953125,92.63671875,1.5038906290237324,ok,True
-1.5038906290237324,0.03332669989901645,0.018080153031974192,0.0,1.0,13.14,FR,0.4944306486764405,False,False,-1.3521564282038336,-46.03391986568944,-26.556760314042247,False,9.16187314037803,0.791015625,1.744024742696145,57.39257812500001,86.484375,1.5038906290237324,ok,True
-1.5038906290237324,0.03332669989901645,0.009854843281244802,0.0,1.0,13.14,RL,0.4944306486764405,False,False,-3.5332097312546287,-49.28184964697803,-29.81534382789209,False,20.133413654278407,0.791015625,1.3875820160927381,56.513671875,86.923828125,1.5038906290237324,ok,True
-1.5038906290237324,0.03332669989901645,0.05098193831745609,0.0,1.0,13.14,RR,0.9944306486764404,True,False,-0.36612452752484564,10.473532200897093,30.270765557301992,False,0.34489909356910786,0.791015625,0.5596312260930927,44.208984375,92.28515625,1.5038906290237324,ok,True
-1.1684812042877133,-0.03651642367835375,0.03558229979563897,0.0,1.0,13.16,FL,0.008319537565329327,False,False,-2.180571657376413,0.992098491585474,20.80306167900323,False,10.86469893042415,0.791015625,-0.5314991070724074,44.208984375,92.109375,1.1684812042877133,ok,True
-1.1684812042877133,-0.03651642367835375,0.01313985847926049,0.0,1.0,13.16,FR,0.5083195375653293,True,False,-1.439101154217205,-48.85132116890816,-29.41270178257235,False,11.069571451325269,0.791015625,1.8032438394018315,57.83203125,86.66015625,1.1684812042877133,ok,True
-1.1684812042877133,-0.03651642367835375,0.00527089017701492,0.0,1.0,13.16,RL,0.5083195375653293,True,False,-3.5578930584907273,-51.54898128565487,-32.121948809175,False,18.892484753904483,0.791015625,1.4771106595501917,56.865234375,86.923828125,1.1684812042877133,ok,True
-1.1684812042877133,-0.03651642367835375,0.0063414712546374236,0.0,1.0,13.16,RR,0.008319537565329327,False,False,-0.28823158705201457,8.042584501459084,27.843949863705397,False,2.101092324080117,0.791015625,0.5159780419139818,44.82421875,92.37304687500001,1.1684812042877133,ok,True
-0.739207921237366,-0.08728950123610832,0.03390084224109598,0.0,1.0,13.18,FL,0.022208426454218215,False,False,-2.045721777275907,-0.9286310566514459,18.88606879103323,False,11.415529037093084,0.791015625,-0.44544396292852123,44.912109375,91.669921875,0.739207921237366,ok,True
-0.739207921237366,-0.08728950123610832,0.008898510941047544,0.0,1.0,13.18,FR,0.5222084264542182,True,False,-1.6285821764147612,-51.80115065975819,-32.40396211863906,False,12.243541780371018,0.791015625,1.804241184964004,58.35937500000001,87.099609375,0.739207921237366,ok,True
-0.739207921237366,-0.08728950123610832,0.005690172854000241,0.0,1.0,13.18,RL,0.5222084264542182,True,False,-3.3958923840312436,-53.97174361350475,-34.590771119359246,False,15.255962845515306,0.791015625,1.6154915975042898,57.30468749999999,87.099609375,0.739207921237366,ok,True
-0.739207921237366,-0.08728950123610832,0.011979088383914439,0.0,1.0,13.18,RR,0.022208426454218215,False,False,-0.463007772934107,5.178493008594322,24.984951659221846,False,5.170839304973884,0.791015625,0.45324695685256583,45.263671875,92.109375,0.739207921237366,ok,True
-0.2596156707108444,-0.10854089988049734,0.03183137921477412,0.0,1.0,13.200000000000001,FL,0.0360973153431071,False,False,-1.9739941304770525,-3.0026231822619835,16.812670933514802,False,10.503100760188556,0.791015625,-0.2528804701163423,45.263671875,91.23046875,0.2596156707108444,ok,True
-0.2596156707108444,-0.10854089988049734,0.008680968074170015,0.0,1.0,13.200000000000001,FR,0.5360973153431071,True,False,-1.8075147319885423,-54.56892518875189,-35.20938326266775,False,13.096757838483482,0.791015625,1.7195301329720154,58.97460937500001,87.890625,0.2596156707108444,ok,True
-0.2596156707108444,-0.10854089988049734,0.009845502281048088,0.0,1.0,13.200000000000001,RL,0.5360973153431071,True,False,-3.0188866966686567,-56.49869350617767,-37.16837692777722,False,11.756498601757297,0.791015625,1.6860542200677886,57.65624999999999,87.5390625,0.2596156707108444,ok,True
-0.2596156707108444,-0.10854089988049734,0.016538051506630343,0.0,1.0,13.200000000000001,RR,0.0360973153431071,False,False,-0.8343280415091039,2.5712652100164353,22.381856567029047,False,8.449304122207574,0.791015625,0.43440633428192427,45.70312500000001,91.58203125,0.2596156707108444,ok,True
0.1811184540489397,-0.09402830582734463,0.027544209279499986,0.0,1.0,13.22,FL,0.04998620423199599,False,False,-1.9205997167872217,-5.223098726890801,14.588991793802766,False,11.251335255988801,0.791015625,0.07538984507536196,45.87890625,90.703125,0.1811184540489397,ok,True
0.1811184540489397,-0.09402830582734463,0.011981417887713917,0.0,1.0,13.22,FR,0.549986204231996,True,False,-1.935039356743197,-57.00127148390457,-37.672341048733735,False,12.411929941492687,0.791015625,1.5186397747339835,59.501953125,88.59375,0.1811184540489397,ok,True
0.1811184540489397,-0.09402830582734463,0.013321109727406315,0.0,1.0,13.22,RL,0.549986204231996,True,False,-2.497127769660207,-59.07163725563145,-39.794127127367275,False,7.573253100900293,0.791015625,1.6654698285282172,58.35937500000001,88.50585937500001,0.1811184540489397,ok,True
0.1811184540489397,-0.09402830582734463,0.01801263856048499,0.0,1.0,13.22,RR,0.04998620423199599,False,False,-1.1951295916141949,0.3819688595231462,20.19523450216437,False,12.04332387019256,0.791015625,0.46399464449056704,46.142578125,91.23046875,0.1811184540489397,ok,True
0.5486964681390826,-0.041516478593412474,0.025513237177964387,0.0,1.0,13.24,FL,0.06387509312088488,False,False,-1.9482481531611153,-7.430443663851791,12.375095290604477,False,12.131692259353665,0.791015625,0.4891208899409117,46.318359375,90.52734375,0.5486964681390826,ok,True
0.5486964681390826,-0.041516478593412474,0.014887042270764574,0.0,1.0,13.24,FR,0.5638750931208849,True,False,-1.9583275112711531,-59.01308976533509,-39.704860553631974,False,12.174365740832169,0.791015625,1.2434602384138447,59.94140625000001,89.384765625,0.5486964681390826,ok,True
0.5486964681390826,-0.041516478593412474,0.016492367353235133,0.0,1.0,13.24,RL,0.5638750931208849,True,False,-1.8699758519068848,-61.53351177252926,-42.30573089442176,False,2.976655287596253,0.791015625,1.5327221376675573,58.97460937500001,89.560546875,0.5486964681390826,ok,True
0.5486964681390826,-0.041516478593412474,0.018146559753942172,0.0,1.0,13.24,RR,0.06387509312088488,False,False,-1.649647865325385,-1.3776925363139239,18.437202042471576,False,15.429166964510364,0.791015625,0.5746854278210957,46.23046875,90.703125,0.5486964681390826,ok,True
0.7905249198192938,0.00792773040707462,0.02289151776007603,0.0,1.0,13.26,FL,0.07776398200977377,False,False,-2.0150273332868243,-9.537010916584654,10.259762727248974,False,13.066314160131288,0.791015625,0.9397190584189746,46.7578125,90.52734375,0.7905249198192938,ok,True
0.7905249198192938,0.00792773040707462,0.017020511378652844,0.0,1.0,13.26,FR,0.5777639820097737,True,False,-1.9197270759598735,-60.59311059231699,-41.298502250325825,False,11.520966951189306,0.791015625,0.9345918079380724,60.20507812499999,90.52734375,0.7905249198192938,ok,True
0.7905249198192938,0.00792773040707462,0.03428876210682059,0.0,1.0,13.26,RL,0.5777639820097737,True,False,-0.8838539092400552,-63.49527915760743,-44.290639647870066,False,2.4203335676181625,0.791015625,1.279890733933224,59.58984374999999,91.142578125,0.7905249198192938,ok,True
0.7905249198192938,0.00792773040707462,0.01668138443117637,0.0,1.0,13.26,RR,0.07776398200977377,False,False,-2.1787718448997606,-2.7310791890300408,17.084398169854484,False,16.920818168051557,0.791015625,0.7499909408487742,46.494140625,90.17578125,0.7905249198192938,ok,True
0.943461304856203,0.09934018067761376,0.019487174643188807,0.0,1.0,13.280000000000001,FL,0.09165287089866267,False,False,-2.118660093866874,-11.344708276132764,8.443867446724042,False,14.36905185420503,0.791015625,1.3119925330817144,47.197265625,90.087890625,0.943461304856203,ok,True
0.943461304856203,0.09934018067761376,0.0166626162523343,0.0,1.0,13.280000000000001,FR,0.5916528708986627,True,False,-1.8302243431766225,-61.84374000467659,-42.556407702545386,False,9.32589158825938,0.791015625,0.6893643839770462,60.46875,91.669921875,0.943461304856203,ok,True
0.943461304856203,0.09934018067761376,0.0957389253027044,0.0,1.0,13.280000000000001,RL,0.5916528708986627,True,False,0.5372682385751375,-63.80694221499526,-44.58870681123034,False,0.0,0.791015625,0.9727827074630597,60.20507812499999,92.8125,0.943461304856203,ok,True
0.943461304856203,0.09934018067761376,0.013294574005795456,0.0,1.0,13.280000000000001,RR,0.09165287089866267,False,False,-2.6062992337742426,-3.808329812445124,16.00689406217413,False,18.21490058115642,0.791015625,0.9428551102412913,46.93359375,89.82421875,0.943461304856203,ok,True
1.000013070680218,0.17570155274958563,0.016340832342235684,0.0,1.0,13.3,FL,0.10554175978755156,False,False,-2.2934126855307655,-12.901075217499738,6.880450712953259,False,16.6741209173879,0.791015625,1.6258309945764076,47.63671875000001,90.087890625,1.000013070680218,ok,True
1.000013070680218,0.17570155274958563,0.014186627815674887,0.0,1.0,13.3,FR,0.6055417597875515,True,True,-1.6159524144785473,-62.824755336498036,-43.5395287377829,False,7.108127524966019,0.791015625,0.48645758831374925,60.55664062500001,92.98828125,1.000013070680218,ok,True
1.000013070680218,0.17570155274958563,0.231085648043842,0.0,1.0,13.3,RL,0.6055417597875515,True,True,1.9568963535868713,-61.06362739815703,-41.757431958769395,False,0.0,0.791015625,0.6654410898874689,60.55664062500001,94.5703125,1.000013070680218,ok,True
1.000013070680218,0.17570155274958563,0.01079386534453801,0.0,1.0,13.3,RR,0.10554175978755156,False,False,-2.9546123119934333,-4.762794925461259,15.051627371393847,False,20.35739316598392,0.791015625,1.1271451095784435,47.109375,89.296875,1.000013070680218,ok,True
1.0328397004340653,0.2290784619527025,0.0143674928285325,0.0,1.0,13.32,FL,0.11943064867644046,False,False,-2.570568669574211,-14.281870863512475,5.49281293547118,False,18.42179233739994,0.791015625,1.8605982565861172,47.900390625,89.736328125,1.0328397004340653,ok,True
1.0328397004340653,0.2290784619527025,0.013088581874395985,0.0,1.0,13.32,FR,0.6194306486764405,True,True,-1.3068114529406014,-63.52452734709276,-44.2363943180865,False,4.8778876297188365,0.791015625,0.3564286852592785,60.8203125,94.482421875,1.0328397004340653,ok,True
1.0328397004340653,0.2290784619527025,0.22004493755514537,0.0,1.0,13.32,RL,0.6194306486764405,True,True,3.6414903877074467,-58.3094366925977,-38.92173281006377,False,0.0,0.791015625,0.4859003466900899,60.8203125,96.240234375,1.0328397004340653,ok,True
1.0328397004340653,0.2290784619527025,0.00920678866144419,0.0,1.0,13.32,RR,0.11943064867644046,False,False,-3.288610171425611,-5.5943055191747995,14.219018731614007,False,21.562547422343822,0.791015625,1.3760073110640638,47.63671875000001,89.12109375,1.0328397004340653,ok,True
1.0719689703182225,0.3061229317908903,0.011897297421415489,0.0,1.0,13.34,FL,0.13331953756532935,False,False,-2.8856963517551946,-15.4774935085089,4.29510861400211,False,20.037944587825802,0.791015625,2.033568761293193,48.33984375,89.296875,1.0719689703182225,ok,True
1.0719689703182225,0.3061229317908903,0.027986369567260052,0.0,1.0,13.34,FR,0.6333195375653293,True,True,-0.6864051208554274,-63.60306953983828,-44.29562210237748,False,3.336146961625285,0.791015625,0.3105104890217251,60.732421875,95.888671875,1.0719689703182225,ok,True
1.0719689703182225,0.3061229317908903,0.20783068417672623,0.0,1.0,13.34,RL,0.6333195375653293,True,True,5.792400606053603,-55.686120073867535,-36.228217561957436,False,0.0,0.791015625,0.4281105580012215,61.083984375,97.998046875,1.0719689703182225,ok,True
1.0719689703182225,0.3061229317908903,0.00781756733043465,0.0,1.0,13.34,RR,0.13331953756532935,False,False,-3.5301037102350232,-6.238060082429948,13.57392564518519,False,21.028113317689755,0.791015625,1.68512597506584,47.98828125,88.681640625,1.0719689703182225,ok,True
1.078230898545518,0.3248262152223217,0.010534098285238885,0.0,1.0,13.36,FL,0.14720842645421825,False,False,-3.1832782274122744,-16.491584724062243,3.2789465160691442,False,20.43375638655865,0.791015625,2.205483319727938,48.603515625,89.12109375,1.078230898545518,ok,True
1.078230898545518,0.3248262152223217,0.1243528009169419,0.0,1.0,13.36,FR,0.6472084264542183,True,True,0.5729151506541873,-61.573858113455785,-42.20515932722026,False,0.0,0.791015625,0.36523388836434056,60.46875,97.294921875,1.078230898545518,ok,True
1.078230898545518,0.3248262152223217,0.2017203220639212,0.0,1.0,13.36,RL,0.6472084264542183,True,True,7.960634682891443,-53.049667855301266,-33.53242466384084,False,0.0,0.791015625,0.4437251007610763,60.8203125,99.140625,1.078230898545518,ok,True
1.078230898545518,0.3248262152223217,0.011708425446353967,0.0,1.0,13.36,RR,0.14720842645421825,False,False,-3.651822114354719,-6.803048037102795,13.007752722878966,False,22.44084930198969,0.791015625,1.9682042314961976,48.1640625,88.2421875,1.078230898545518,ok,True
1.035823628474102,0.2657538294147082,0.009021506062324531,0.0,1.0,13.38,FL,0.16109731534310714,False,False,-3.374385278152318,-17.554911866581552,2.212324251267251,False,20.442135058086834,0.791015625,2.380209206763121,48.779296875,88.59375,1.035823628474102,ok,True
1.035823628474102,0.2657538294147082,0.31138147870549043,0.0,1.0,13.38,FR,0.6610973153431071,True,True,1.9659410517435285,-55.859637532899185,-36.38197533301506,False,0.0,0.791015625,0.4303558265421668,60.1171875,98.701171875,1.035823628474102,ok,True
1.035823628474102,0.2657538294147082,0.2056887559989594,0.0,1.0,13.38,RL,0.6610973153431071,True,True,9.647319315084578,-50.29785512927365,-30.728629790328984,False,0.0,0.791015625,0.4751298012798213,60.20507812499999,100.01953125,1.035823628474102,ok,True
1.035823628474102,0.2657538294147082,0.012846296680984597,0.0,1.0,13.38,RR,0.16109731534310714,False,False,-3.787697584735298,-7.484419766290171,12.325027057956127,False,23.472284760815935,0.791015625,2.1954045228827272,48.427734375,87.71484375,1.035823628474102,ok,True
0.982245918999507,0.18289438635453012,0.00935192854092289,0.0,1.0,13.4,FL,0.17498620423199604,False,False,-3.4995279188982167,-18.69844855848668,1.0641867960523363,False,21.68657426638602,0.791015625,2.508580033627346,49.130859375,88.2421875,0.982245918999507,ok,True
0.982245918999507,0.18289438635453012,0.3268290516257713,0.0,1.0,13.4,FR,0.6749862042319961,True,True,3.5856742728429882,-50.055081109776246,-30.492976974509585,False,0.0,0.791015625,0.4464405741378082,59.501953125,99.4921875,0.982245918999507,ok,True
0.982245918999507,0.18289438635453012,0.2085232615228582,0.0,1.0,13.4,RL,0.6749862042319961,True,True,10.745033965169418,-47.51605541936994,-27.88907415580669,False,0.0,0.791015625,0.48691624186174054,59.765625,100.8984375,0.982245918999507,ok,True
0.982245918999507,0.18289438635453012,0.010100943319579444,0.0,1.0,13.4,RR,0.17498620423199604,False,False,-3.926634970507735,-8.370231949009415,11.437103284732398,False,23.797505247767614,0.791015625,2.3779101819641806,48.8671875,87.275390625,0.982245918999507,ok,True
0.9327174753737079,0.07915588130979767,0.009845158792355176,0.0,1.0,13.42,FL,0.18887509312088493,False,False,-3.6234190462291136,-19.855377631169713,-0.09953238909147544,False,20.667554363632956,0.791015625,2.5817073853758465,49.21875,87.890625,0.9327174753737079,ok,True
0.9327174753737079,0.07915588130979767,0.3024744968566664,0.0,1.0,13.42,FR,0.6888750931208849,True,True,5.367522762214711,-44.952281830611604,-25.303974755643285,False,0.0,0.791015625,0.4496254405437549,58.71093750000001,100.283203125,0.9327174753737079,ok,True
0.9327174753737079,0.07915588130979767,0.2568068851577911,0.0,1.0,13.42,RL,0.6888750931208849,True,True,11.53025487319767,-43.75464736696838,-24.072062582682488,False,0.0,0.791015625,0.5005068070698119,58.88671875,101.42578125,0.9327174753737079,ok,True
0.9327174753737079,0.07915588130979767,0.007886774303266104,0.0,1.0,13.42,RR,0.18887509312088493,False,False,-4.021221224618045,-9.447695385944364,10.356346301112971,False,23.51661572967686,0.791015625,2.509410525427162,49.21875,86.8359375,0.9327174753737079,ok,True
0.8545218083224537,-0.031842834373088054,0.008893400175592946,0.0,1.0,13.44,FL,0.20276398200977383,False,False,-3.6602984634256064,-21.08094939245822,-1.3338249520956573,False,20.668110785111363,0.791015625,2.622236192104302,49.482421875,87.802734375,0.8545218083224537,ok,True
0.8545218083224537,-0.031842834373088054,0.28945006610886476,0.0,1.0,13.44,FR,0.7027639820097739,True,True,7.1221133249188,-40.37311802857019,-20.66733720250238,False,0.0,0.791015625,0.45460952624487,57.65624999999999,100.810546875,0.8545218083224537,ok,True
0.8545218083224537,-0.031842834373088054,0.3137205247817084,0.0,1.0,13.44,RL,0.7027639820097739,True,True,11.950295041131694,-38.882067650580204,-19.150809829594554,False,0.0,0.791015625,0.5091008072227129,58.00781250000001,101.77734375,0.8545218083224537,ok,True
0.8545218083224537,-0.031842834373088054,0.0068592378592161754,0.0,1.0,13.44,RR,0.20276398200977383,False,False,-4.053672855004672,-10.781710488621012,9.017236528501297,False,23.671462236730743,0.791015625,2.563947040851925,49.306640625,86.30859375,0.8545218083224537,ok,True
0.7213278735980954,-0.12850688359778573,0.009412818224841826,0.0,1.0,13.46,FL,0.21665287089866272,False,False,-3.6413427451790596,-22.375667484670146,-2.6388194766882336,False,20.186213702760664,0.791015625,2.6626244750242813,49.833984375,87.5390625,0.7213278735980954,ok,True
0.7213278735980954,-0.12850688359778573,0.30109356707196133,0.0,1.0,13.46,FR,0.7166528708986627,True,True,8.788216426161629,-35.78571322122449,-16.040820282441356,False,0.0,0.791015625,0.46234866442303935,56.513671875,101.07421875,0.7213278735980954,ok,True
0.7213278735980954,-0.12850688359778573,0.3079248759159609,0.0,1.0,13.46,RL,0.7166528708986627,True,True,12.187173594031643,-34.20435864653658,-14.44396809991845,False,0.0,0.791015625,0.49496696183722405,56.865234375,102.041015625,0.7213278735980954,ok,True
0.7213278735980954,-0.12850688359778573,0.004124140693293387,0.0,1.0,13.46,RR,0.21665287089866272,False,False,-4.070954773999144,-12.29397023361971,7.497170504404085,False,23.458192933014928,0.791015625,2.551160083611255,49.482421875,85.95703125,0.7213278735980954,ok,True
0.5522429247602569,-0.17710160197452793,0.008654467819041289,0.0,1.0,13.48,FL,0.23054175978755162,False,False,-3.5977218638326285,-23.768481955972288,-4.042671022232646,False,20.648343045573984,0.791015625,2.6845416384623375,50.009765625,87.626953125,0.5522429247602569,ok,True
0.5522429247602569,-0.17710160197452793,0.31178719950035033,0.0,1.0,13.48,FR,0.7305417597875516,True,True,10.076397916360321,-31.170893354024603,-11.403471142646758,False,0.0,0.791015625,0.4778396957863231,55.37109375,101.513671875,0.5522429247602569,ok,True
0.5522429247602569,-0.17710160197452793,0.28739650820607987,0.0,1.0,13.48,RL,0.7305417597875516,True,True,12.43350260293834,-30.027909061510652,-10.254479182193197,False,0.0,0.791015625,0.47248381035828885,55.72265625,102.041015625,0.5522429247602569,ok,True
0.5522429247602569,-0.17710160197452793,0.001780210396587705,0.0,1.0,13.48,RR,0.23054175978755162,False,False,-4.06391654437074,-13.94355344600292,5.836142817457709,False,23.066833480552056,0.791015625,2.508594857581167,49.921875,86.1328125,0.5522429247602569,ok,True
0.40012593329631413,-0.19302005331975955,0.008340003751844582,0.0,1.0,13.5,FL,0.24443064867644052,False,False,-3.591311845741622,-25.272489922984466,-5.559582016860396,False,20.619000460907298,0.791015625,2.660588373891986,50.36132812500001,87.802734375,0.40012593329631413,ok,True
0.40012593329631413,-0.19302005331975955,0.326793401156314,0.0,1.0,13.5,FR,0.7444306486764405,True,True,11.263851866964966,-26.43014757879144,-6.6421486968593975,False,0.0,0.791015625,0.4846766927835065,54.140625,101.6015625,0.40012593329631413,ok,True
0.40012593329631413,-0.19302005331975955,0.28768699893820193,0.0,1.0,13.5,RL,0.7444306486764405,True,True,12.5929446894967,-25.945526030634692,-6.14935740461916,False,0.0,0.791015625,0.46263880579153516,54.4921875,102.041015625,0.40012593329631413,ok,True
0.40012593329631413,-0.19302005331975955,0.0014194376433781782,0.0,1.0,13.5,RR,0.24443064867644052,False,False,-4.023853567167078,-15.747594858865337,4.023753198934745,False,22.55141951370064,0.791015625,2.4814681063384234,50.185546875,86.1328125,0.40012593329631413,ok,True
0.24281529783648245,-0.1875771904606386,0.009268732594078222,0.0,1.0,13.52,FL,0.2583195375653294,False,False,-3.565440436588671,-26.881754701965477,-7.182703582387557,False,20.0608745413965,0.791015625,2.6067481974099804,50.80078125,87.890625,0.24281529783648245,ok,True
0.24281529783648245,-0.1875771904606386,0.3270394853101389,0.0,1.0,13.52,FR,0.7583195375653293,True,True,12.156870952757627,-21.91648915561012,-2.1086277046243325,False,0.0,0.791015625,0.4869328108076234,52.822265625,101.513671875,0.24281529783648245,ok,True
0.24281529783648245,-0.1875771904606386,0.2916424234771766,0.0,1.0,13.52,RL,0.7583195375653293,True,True,12.69767508754543,-21.90716764134467,-2.096922157179602,False,0.0,0.791015625,0.4627317389397159,53.173828125,101.68945312500001,0.24281529783648245,ok,True
0.24281529783648245,-0.1875771904606386,0.001844577870817082,0.0,1.0,13.52,RR,0.2583195375653294,False,False,-3.9583951704624325,-17.801396705961448,1.962809595306016,False,22.383537213250023,0.791015625,2.436359032905497,50.712890625,86.30859375,0.24281529783648245,ok,True
0.06845606986853271,-0.13522697300739753,0.009561920007949504,0.0,1.0,13.540000000000001,FL,0.2722084264542183,False,False,-3.5273933153569836,-28.629245595904756,-8.943609951806156,False,20.899186747005583,0.791015625,2.5293224856086303,51.064453125,87.890625,0.13522697300739753,ok,True
0.06845606986853271,-0.13522697300739753,0.33460283375175964,0.0,1.0,13.540000000000001,FR,0.7722084264542183,True,True,12.824857689731,-17.502667016050445,2.3126966712806194,False,0.0,0.791015625,0.49213788609863995,51.416015625,101.07421875,0.13522697300739753,ok,True
0.06845606986853271,-0.13522697300739753,0.29686441930070934,0.0,1.0,13.540000000000001,RL,0.7722084264542183,True,True,12.75519272531533,-17.906230950743613,1.9091894007661239,False,0.0,0.791015625,0.4624052149511147,52.03125,101.337890625,0.13522697300739753,ok,True
0.06845606986853271,-0.13522697300739753,0.0024889634075543083,0.0,1.0,13.540000000000001,RR,0.2722084264542183,False,False,-3.890586941931541,-20.108123552688156,-0.35583821437945673,False,22.033348959035873,0.791015625,2.3716516013238595,51.416015625,86.484375,0.13522697300739753,ok,True
-0.08533654791626877,-0.08884220937199694,0.0114773011551956,0.0,1.0,13.56,FL,0.2860973153431072,False,False,-3.553371556754566,-30.54321388480673,-10.873948707179046,False,21.477443022019933,0.791015625,2.4133610867949886,51.591796875,88.06640625,0.08884220937199694,ok,True
-0.08533654791626877,-0.08884220937199694,0.35404885209185,0.0,1.0,13.56,FR,0.7860973153431072,True,True,13.270087050975429,-12.992038625817896,6.81943380151146,False,0.0,0.791015625,0.4904665789240439,50.09765625,100.634765625,0.08884220937199694,ok,True
-0.08533654791626877,-0.08884220937199694,0.2873176734650936,0.0,1.0,13.56,RL,0.7860973153431072,True,True,12.34450908969528,-14.284614501190944,5.529067316457297,False,0.0,0.791015625,0.4650661408399008,50.80078125,100.810546875,0.08884220937199694,ok,True
-0.08533654791626877,-0.08884220937199694,0.004048450129458296,0.0,1.0,13.56,RR,0.2860973153431072,False,False,-3.8258668511883047,-22.73080962218515,-2.9958397743903262,False,22.099465348231323,0.791015625,2.3142218690325858,51.767578125,86.66015625,0.08884220937199694,ok,True
-0.2320444092860546,-0.0712324637591399,0.014523151530012072,0.0,1.0,13.58,FL,0.29998620423199607,False,False,-3.6013714647768618,-32.600135144211016,-12.950883085218496,False,21.416909365890955,0.791015625,2.2795525599763047,52.03125,88.330078125,0.2320444092860546,ok,True
-0.2320444092860546,-0.0712324637591399,0.3534540036511803,0.0,1.0,13.58,FR,0.7999862042319961,True,True,13.138799999193461,-8.787949433178015,11.01239133637358,False,0.0,0.791015625,0.4847578354978848,48.779296875,99.931640625,0.2320444092860546,ok,True
-0.2320444092860546,-0.0712324637591399,0.2827621085781262,0.0,1.0,13.58,RL,0.7999862042319961,True,True,11.615383599866593,-10.948150554968178,8.860060016450872,False,0.0,0.791015625,0.4722559628175262,49.658203125,100.107421875,0.2320444092860546,ok,True
-0.2320444092860546,-0.0712324637591399,0.004919999652323663,0.0,1.0,13.58,RR,0.29998620423199607,False,False,-3.7485033107320618,-25.653635020748933,-5.94155415797108,False,21.183011014805167,0.791015625,2.2424646969065343,52.29492187500001,87.01171875,0.2320444092860546,ok,True
-0.37229393799844457,-0.05328112218373457,0.015818243642562603,0.0,1.0,13.6,FL,0.31387509312088496,False,False,-3.6261360799269386,-34.80655375144918,-15.178922238662068,False,22.19932310933202,0.791015625,2.1437905825848302,52.3828125,88.50585937500001,0.37229393799844457,ok,True
-0.37229393799844457,-0.05328112218373457,0.32162826872851447,0.0,1.0,13.6,FR,0.8138750931208849,True,True,12.10134109981948,-5.433905919476218,14.356896276511332,False,0.0,0.791015625,0.48167599455350346,47.4609375,99.140625,0.37229393799844457,ok,True
-0.37229393799844457,-0.05328112218373457,0.28319535865947243,0.0,1.0,13.6,RL,0.8138750931208849,True,True,10.537975334196537,-7.770497734794142,12.030172017132745,False,0.0,0.791015625,0.4728621376547582,48.603515625,99.31640625,0.37229393799844457,ok,True
-0.37229393799844457,-0.05328112218373457,0.003535736659675686,0.0,1.0,13.6,RR,0.31387509312088496,False,False,-3.635806172410928,-28.737025583455473,-9.05258899236938,False,20.03095787023077,0.791015625,2.1645903408268894,52.91015625,87.1875,0.37229393799844457,ok,True
-0.4692263905360823,-0.034919656123725426,0.018550832002300597,0.0,1.0,13.620000000000001,FL,0.32776398200977386,False,False,-3.6912686279524514,-37.06389988569302,-17.45917549925009,False,23.417476922242535,0.791015625,2.008477224675567,52.91015625,88.59375,0.4692263905360823,ok,True
-0.4692263905360823,-0.034919656123725426,0.3177364752894943,0.0,1.0,13.620000000000001,FR,0.8277639820097739,True,True,10.696272239348332,-2.2319123827729737,17.548828285413244,False,0.0,0.791015625,0.47028373519121247,46.318359375,98.0859375,0.4692263905360823,ok,True
-0.4692263905360823,-0.034919656123725426,0.267107604732068,0.0,1.0,13.620000000000001,RL,0.8277639820097739,True,True,9.05661397419689,-5.003466303934613,14.790410454843517,False,0.0,0.791015625,0.46475682366002186,47.724609375,98.525390625,0.4692263905360823,ok,True
-0.4692263905360823,-0.034919656123725426,0.0029176278631816493,0.0,1.0,13.620000000000001,RR,0.32776398200977386,False,False,-3.4997415115900834,-31.849043164887778,-12.194784156434839,False,19.94554699266264,0.791015625,2.1134421057364214,53.4375,87.36328125,0.4692263905360823,ok,True
-0.5262906387019853,-0.01359539653827589,0.021048635184796206,0.0,1.0,13.64,FL,0.34165287089866275,False,False,-3.815739840373294,-39.32571447270371,-19.746255614398784,False,24.09638323892674,0.791015625,1.9017841976325265,53.173828125,88.76953125,0.5262906387019853,ok,True
-0.5262906387019853,-0.01359539653827589,0.3065870997953703,0.0,1.0,13.64,FR,0.8416528708986628,True,True,8.986012243559719,0.7963153594581809,20.567634967707804,False,0.0,0.791015625,0.4508892742842878,45.17578125,97.20703125,0.5262906387019853,ok,True
-0.5262906387019853,-0.01359539653827589,0.24369613163863052,0.0,1.0,13.64,RL,0.8416528708986628,True,True,7.384957786881509,-2.7460939292503714,17.043328139168832,False,0.0,0.791015625,0.45316325371236876,46.66992187500001,97.55859375,0.5262906387019853,ok,True
-0.5262906387019853,-0.01359539653827589,0.0033372943283976907,0.0,1.0,13.64,RR,0.34165287089866275,False,False,-3.4113147410639275,-34.89663790178712,-15.275140801495315,False,19.83640241233683,0.791015625,2.0876391933397644,53.96484375,87.626953125,0.5262906387019853,ok,True
-0.5425890976655235,0.020509199831446678,0.021849762475821755,0.0,1.0,13.66,FL,0.35554175978755165,False,False,-3.955317588425225,-41.58505757221361,-22.031411641034484,False,24.84324009040811,0.791015625,1.8308208767148106,53.525390625,88.76953125,0.5425890976655235,ok,True
-0.5425890976655235,0.020509199831446678,0.2738898046141242,0.0,1.0,13.66,FR,0.8555417597875516,True,True,6.929239199903944,3.283837016807272,23.05005548589573,False,0.0,0.791015625,0.43555507269639443,44.208984375,96.328125,0.5425890976655235,ok,True
-0.5425890976655235,0.020509199831446678,0.2251639268683865,0.0,1.0,13.66,RL,0.8555417597875516,True,True,5.630170944455427,-0.8676133280544552,18.919880498085266,False,0.0,0.791015625,0.446864094242427,45.791015625,96.6796875,0.5425890976655235,ok,True
-0.5425890976655235,0.020509199831446678,0.0037828896508601516,0.0,1.0,13.66,RR,0.35554175978755165,False,False,-3.3455761785049534,-37.819142018110824,-18.232408448419715,False,19.13992161204601,0.791015625,2.0829184438779347,54.4921875,87.802734375,0.5425890976655235,ok,True
-0.49710126086504225,0.07007202809577016,0.022960302398689198,0.0,1.0,13.68,FL,0.36943064867644054,False,False,-4.098403733091422,-43.73760041271777,-24.20199378692098,False,25.505550349178208,0.791015625,1.7842891559495013,53.701171875,88.59375,0.49710126086504225,ok,True
-0.49710126086504225,0.07007202809577016,0.2521977279752859,0.0,1.0,13.68,FR,0.8694306486764405,True,True,4.769920685546686,5.515552562008847,25.277931069718292,False,0.0,0.791015625,0.42513134767127847,43.41796875,95.537109375,0.49710126086504225,ok,True
-0.49710126086504225,0.07007202809577016,0.21382678829072274,0.0,1.0,13.68,RL,0.8694306486764405,True,True,3.900745717251953,0.8674302306762685,20.65442681411783,False,0.0,0.791015625,0.4453291452230172,44.82421875,95.625,0.49710126086504225,ok,True
-0.49710126086504225,0.07007202809577016,0.0036022625707586194,0.0,1.0,13.68,RR,0.36943064867644054,False,False,-3.2710478955261872,-40.56538186113307,-21.011845860404147,False,19.055429416660832,0.791015625,2.0948312837595697,54.84375,87.978515625,0.49710126086504225,ok,True
-0.3778907426434525,0.1359368472992572,0.023351288100933534,0.0,1.0,13.700000000000001,FL,0.38331953756532944,False,False,-4.240989047869622,-45.77711581082344,-26.261220201059494,False,26.322331145875115,0.791015625,1.7583316216083327,53.7890625,88.330078125,0.3778907426434525,ok,True
-0.3778907426434525,0.1359368472992572,0.21896397361586553,0.0,1.0,13.700000000000001,FR,0.8833195375653294,True,True,2.529378027678421,7.278406443240203,27.03975145912931,False,0.0,0.791015625,0.4189717671363709,42.71484375,94.833984375,0.3778907426434525,ok,True
-0.3778907426434525,0.1359368472992572,0.19614537543668556,0.0,1.0,13.700000000000001,RL,0.8833195375653294,True,True,2.2978356200194714,2.3507429006504488,22.139067536832385,False,0.0,0.791015625,0.4406114995732547,44.208984375,94.5703125,0.3778907426434525,ok,True
-0.3778907426434525,0.1359368472992572,0.003783944848482509,0.0,1.0,13.700000000000001,RR,0.38331953756532944,False,False,-3.2211322448076687,-43.11766718649714,-23.58646803575674,False,18.757409295416856,0.791015625,2.127844303360053,55.107421875,88.2421875,0.3778907426434525,ok,True
-0.16536253961048544,0.21332284545113234,0.02361644564785112,0.0,1.0,13.72,FL,0.39720842645421833,False,False,-4.3962507771290635,-47.660072038776,-28.166245015863556,False,26.613056909685373,0.791015625,1.7457425568593115,53.876953125,87.890625,0.21332284545113234,ok,True
-0.16536253961048544,0.21332284545113234,0.1844919451312561,0.0,1.0,13.72,FR,0.8972084264542184,True,True,0.29185969145122115,8.587118367149124,28.349856911786407,False,0.0,0.791015625,0.41279077106751066,42.099609375,93.69140625,0.21332284545113234,ok,True
-0.16536253961048544,0.21332284545113234,0.168135126009784,0.0,1.0,13.72,RL,0.8972084264542184,True,True,0.8644823895615321,3.417430798827171,23.20972436024303,False,0.0,0.791015625,0.4350028983566204,43.76953125,93.69140625,0.21332284545113234,ok,True
-0.16536253961048544,0.21332284545113234,0.0041959255621130745,0.0,1.0,13.72,RR,0.39720842645421833,False,False,-3.181203608107905,-45.423931366975744,-25.915109485563825,False,18.372173978424215,0.791015625,2.1856443675857107,55.283203125,88.41796875,0.21332284545113234,ok,True
0.054880375383857774,0.2550021810060906,0.02290614063424871,0.0,1.0,13.74,FL,0.41109731534310723,False,False,-4.478242906316175,-49.2359001563602,-29.766598047564788,False,23.324943540213,0.791015625,1.8015644014966266,53.96484375,87.626953125,0.2550021810060906,ok,True
0.054880375383857774,0.2550021810060906,0.10125336337442314,0.0,1.0,13.74,FR,0.9110973153431072,True,False,-1.1269184018734348,8.605133318638059,28.374014172391483,True,9.3231293260652,0.791015625,0.4007152478144298,41.66015625,92.900390625,0.2550021810060906,ok,True
0.054880375383857774,0.2550021810060906,0.1143130678704707,0.0,1.0,13.74,RL,0.9110973153431072,True,False,-0.32194855781960197,3.714246975005546,23.51310938036402,True,1.7158364162962618,0.791015625,0.4646849164491696,43.41796875,92.900390625,0.2550021810060906,ok,True
0.054880375383857774,0.2550021810060906,0.005136749974007701,0.0,1.0,13.74,RR,0.41109731534310723,False,False,-3.122861505779326,-47.34102019452696,-27.852829300851237,False,16.69942168710103,0.791015625,2.1890790848485544,55.283203125,88.06640625,0.2550021810060906,ok,True
0.20881335308490914,0.23247389324082582,0.018607102276200632,0.0,1.0,13.76,FL,0.4249862042319961,False,False,-4.259393263585449,-49.99791204088514,-30.55008717851308,False,18.57976764243007,0.791015625,1.8585732158219535,53.96484375,87.275390625,0.23247389324082582,ok,True
0.20881335308490914,0.23247389324082582,0.037664416861872295,0.0,1.0,13.76,FR,0.9249862042319961,True,False,-1.5902869497593717,8.073417037551796,27.852353745371644,False,9.13032132025698,0.791015625,0.4296663583686856,41.484375,92.197265625,0.23247389324082582,ok,True
0.20881335308490914,0.23247389324082582,0.03875849927064421,0.0,1.0,13.76,RL,0.9249862042319961,True,False,-0.7122144017652556,3.3729984918719014,23.1782312093368,False,1.531538190491277,0.791015625,0.5534634518109252,43.2421875,92.197265625,0.23247389324082582,ok,True
0.20881335308490914,0.23247389324082582,0.005754074294771216,0.0,1.0,13.76,RR,0.4249862042319961,False,False,-2.958582065825952,-48.49245458362153,-29.021124288438333,False,14.334063299090152,0.791015625,2.0882226056574305,55.283203125,87.71484375,0.23247389324082582,ok,True
0.33045021691926246,0.19646107174063987,0.012566012922321991,0.0,1.0,13.780000000000001,FL,0.438875093120885,False,False,-3.8095525363071037,-50.006004774882825,-30.56969792191569,False,16.182101135238153,0.791015625,1.8633196763073128,54.228515625,87.01171875,0.33045021691926246,ok,True
0.33045021691926246,0.19646107174063987,0.026328771739227232,0.0,1.0,13.780000000000001,FR,0.938875093120885,True,False,-1.7110242926975106,8.001153367678498,27.787622314555954,False,8.21234680164397,0.791015625,0.5063170932823132,41.484375,91.669921875,0.33045021691926246,ok,True
0.33045021691926246,0.19646107174063987,0.01412808571320339,0.0,1.0,13.780000000000001,RL,0.938875093120885,True,False,-0.6859794495159034,3.3948994523073828,23.2038197575646,False,1.155448250074152,0.791015625,0.6744109304171806,43.2421875,91.669921875,0.33045021691926246,ok,True
0.33045021691926246,0.19646107174063987,0.003675654733317948,0.0,1.0,13.780000000000001,RR,0.438875093120885,False,False,-2.7481960013704243,-49.00398136089847,-29.543919006615713,False,14.883427362123012,0.791015625,1.9349939539706216,55.283203125,87.36328125,0.33045021691926246,ok,True
0.399766536615254,0.14813876169540835,0.007614546491863782,0.0,1.0,13.8,FL,0.4527639820097739,False,False,-3.349467012287874,-49.69224625815754,-30.26124852707025,False,14.260130417643495,0.791015625,1.8560111572992097,54.31640625,86.923828125,0.399766536615254,ok,True
0.399766536615254,0.14813876169540835,0.019236399751440467,0.0,1.0,13.8,FR,0.952763982009774,True,False,-1.6582652244141323,8.215537865888903,28.00697321848012,False,7.512144514109153,0.791015625,0.5766856804512187,41.8359375,91.40625000000001,0.399766536615254,ok,True
0.399766536615254,0.14813876169540835,0.006615879111733717,0.0,1.0,13.8,RL,0.952763982009774,True,False,-0.586987012341389,3.654394313103449,23.46517799262125,False,1.7550620773705659,0.791015625,0.7778352431349725,43.41796875,91.58203125,0.399766536615254,ok,True
0.399766536615254,0.14813876169540835,0.0037065803405785577,0.0,1.0,13.8,RR,0.4527639820097739,False,False,-2.670909037144911,-49.17133276986244,-29.71948334615422,False,15.027136792350332,0.791015625,1.7987960740839184,55.37109375,87.01171875,0.399766536615254,ok,True
0.40948237229078094,0.09119687670231637,0.003044137555970342,0.0,1.0,13.82,FL,0.4666528708986628,False,False,-2.9581209379809517,-49.40696959636957,-29.977619627555388,False,14.288645890844275,0.791015625,1.8514455048056098,54.66796875,86.923828125,0.40948237229078094,ok,True
0.40948237229078094,0.09119687670231637,0.014005860084777895,0.0,1.0,13.82,FR,0.9666528708986628,True,False,-1.5446803548351193,8.491108502322543,28.285441580030593,False,7.051974572724128,0.791015625,0.6251769478751023,42.275390625,91.23046875,0.40948237229078094,ok,True
0.40948237229078094,0.09119687670231637,0.004910659674306358,0.0,1.0,13.82,RL,0.9666528708986628,True,False,-0.5376828635469538,3.8704514063375846,23.681947730397493,False,2.198002834778846,0.791015625,0.8399885896042699,44.033203125,91.7578125,0.40948237229078094,ok,True
0.40948237229078094,0.09119687670231637,0.005519755464030816,0.0,1.0,13.82,RR,0.4666528708986628,False,False,-2.6840984419609413,-49.23366283122406,-29.787211897082347,False,15.949851362278755,0.791015625,1.7141528115802624,55.8984375,86.66015625,0.40948237229078094,ok,True
0.3708818935777033,0.047712507836833076,0.0016482082375910273,0.0,1.0,13.84,FL,0.4805417597875517,False,False,-2.7210478184630915,-49.29709087121684,-29.868349403319414,False,14.145596228711225,0.791015625,1.848690061138205,55.1953125,87.01171875,0.3708818935777033,ok,True
0.3708818935777033,0.047712507836833076,0.009265870121319455,0.0,1.0,13.84,FR,0.9805417597875516,True,False,-1.4162238547471075,8.646550109316605,28.44253651553104,False,6.180128452397211,0.791015625,0.6599439528540506,42.890625,91.494140625,0.3708818935777033,ok,True
0.3708818935777033,0.047712507836833076,0.005133689993959865,0.0,1.0,13.84,RL,0.9805417597875516,True,False,-0.5959560299742539,3.877403299806321,23.68929974343856,False,4.0470023081198905,0.791015625,0.8592024867247625,44.560546875,92.109375,0.3708818935777033,ok,True
0.3708818935777033,0.047712507836833076,0.006886197845906315,0.0,1.0,13.84,RR,0.4805417597875517,False,False,-2.757494310590896,-49.364337458453214,-29.923448304348867,False,16.280148991906522,0.791015625,1.68803754852093,56.42578125,86.66015625,0.3708818935777033,ok,True
0.3017228763169168,-0.012657609097884768,0.0013328273555884423,0.0,1.0,13.86,FL,0.4944306486764406,False,False,-2.5652194070886845,-49.64301658286233,-30.219139491115545,False,13.713711888528636,0.791015625,1.8352306606364326,55.810546875,87.1875,0.3017228763169168,ok,True
0.3017228763169168,-0.012657609097884768,0.0038215374002091014,0.0,1.0,13.86,FR,0.9944306486764406,True,False,-1.2753686723290838,8.286174430171101,28.084642943836432,False,6.39367353546953,0.791015625,0.700219788940518,43.681640625,91.93359375,0.3017228763169168,ok,True
0.3017228763169168,-0.012657609097884768,0.007677891636699208,0.0,1.0,13.86,RL,0.9944306486764406,True,False,-0.7647207561164125,3.371831808303062,23.184298993998333,False,6.033707579720881,0.791015625,0.8718676640650964,45.0,92.37304687500001,0.3017228763169168,ok,True
0.3017228763169168,-0.012657609097884768,0.008204598769269003,0.0,1.0,13.86,RR,0.4944306486764406,False,False,-2.8185414922761893,-49.94699019336718,-30.515040665335263,False,16.546165491401318,0.791015625,1.6863210247061038,56.77734375,86.8359375,0.3017228763169168,ok,True
0.21444108521735705,-0.08102146106294875,0.0019824830888125725,0.0,1.0,13.88,FL,0.5083195375653294,True,False,-2.4476510993223477,-50.5942603965089,-31.18178067239206,False,14.185908769624593,0.791015625,1.7962944901451399,56.07421875,87.5390625,0.21444108521735705,ok,True
0.21444108521735705,-0.08102146106294875,0.0005850170565627128,0.0,1.0,13.88,FR,0.008319537565329327,False,False,-1.1598113155421759,7.19066910876952,26.993157808864307,False,5.751530865271469,0.791015625,0.7706403351377061,44.208984375,91.494140625,0.21444108521735705,ok,True
0.21444108521735705,-0.08102146106294875,0.0055586671617633325,0.0,1.0,13.88,RL,0.008319537565329327,False,False,-0.9256741074773617,2.3057390031198985,22.118967945580703,False,5.869978429430634,0.791015625,0.8975881521346788,45.52734375,92.021484375,0.21444108521735705,ok,True
0.21444108521735705,-0.08102146106294875,0.008467842194073672,0.0,1.0,13.88,RR,0.5083195375653294,True,False,-2.8528468736317545,-51.218674718581916,-31.80326497237313,False,16.5117223560839,0.791015625,1.6808858272636715,57.216796875,86.8359375,0.21444108521735705,ok,True
0.11376845963276118,-0.09509556305101649,0.003671349931251806,0.0,1.0,13.9,FL,0.5222084264542183,True,False,-2.4237010774321237,-52.067847992718576,-32.671450690461135,False,15.098367403590869,0.791015625,1.7522148276726284,56.689453125,87.890625,0.11376845963276118,ok,True
0.11376845963276118,-0.09509556305101649,0.001872505726844544,0.0,1.0,13.9,FR,0.022208426454218166,False,False,-1.0812982985669086,5.49976493346941,25.306231002126992,False,7.4456630386883855,0.791015625,0.8530047205311254,44.912109375,91.494140625,0.11376845963276118,ok,True
0.11376845963276118,-0.09509556305101649,0.0019824631048573926,0.0,1.0,13.9,RL,0.022208426454218166,False,False,-1.0106042794270318,0.7880489748605656,20.602279811886977,False,7.269723735317837,0.791015625,0.9266689864134445,45.966796875,91.58203125,0.11376845963276118,ok,True
0.11376845963276118,-0.09509556305101649,0.005271085914519026,0.0,1.0,13.9,RR,0.5222084264542183,True,False,-2.8490923174040206,-53.00750568448499,-33.6175675521619,False,15.56206394694447,0.791015625,1.6715680907534207,57.83203125,87.1875,0.11376845963276118,ok,True
0.007371454169713235,-0.07081952161970961,0.0066687626419686,0.0,1.0,13.92,FL,0.5360973153431071,True,False,-2.4427548598926676,-53.80494720255976,-34.428466398226824,False,14.683233063045755,0.791015625,1.6959967589208005,57.30468749999999,88.59375,0.07081952161970961,ok,True
0.007371454169713235,-0.07081952161970961,0.0037187160095515743,0.0,1.0,13.92,FR,0.036097315343107006,False,False,-1.1288289048347333,3.454417593438224,23.26494622801119,False,8.443846929133297,0.791015625,0.958264235044494,45.52734375,91.40625000000001,0.07081952161970961,ok,True
0.007371454169713235,-0.07081952161970961,0.0035609286769417766,0.0,1.0,13.92,RL,0.036097315343107006,False,False,-1.1014363174871207,-0.9948147249974824,18.82038662078588,False,8.292298769257687,0.791015625,0.9754876638043841,46.494140625,91.40625000000001,0.07081952161970961,ok,True
0.007371454169713235,-0.07081952161970961,0.0029050755134655323,0.0,1.0,13.92,RR,0.5360973153431071,True,False,-2.7478625148762355,-55.1585589827077,-35.80247048565831,False,13.482276533453037,0.791015625,1.635005385043465,58.53515625,88.06640625,0.07081952161970961,ok,True
-0.07164659539904815,-0.04615620809061647,0.008136864862732808,0.0,1.0,13.94,FL,0.549986204231996,True,False,-2.405897965935929,-55.705518974067296,-36.3519213891159,False,12.783016002427622,0.791015625,1.5953054871188543,57.919921875,89.384765625,0.07164659539904815,ok,True
-0.07164659539904815,-0.04615620809061647,0.006050869906349528,0.0,1.0,13.94,FR,0.049986204231995846,False,False,-1.2572490646208383,1.1054767641372436,20.91934248160421,False,10.252521506725214,0.791015625,1.1193815079748948,45.87890625,91.23046875,0.07164659539904815,ok,True
-0.07164659539904815,-0.04615620809061647,0.006162483351890486,0.0,1.0,13.94,RL,0.049986204231995846,False,False,-1.265811789715271,-2.9111969950525487,16.904253527999746,False,10.903842043323833,0.791015625,1.0501691090554663,46.58203125,90.87890625,0.07164659539904815,ok,True
-0.07164659539904815,-0.04615620809061647,0.0008606202588769843,0.0,1.0,13.94,RR,0.549986204231996,True,False,-2.5094671332448644,-57.614890942329566,-38.29742271199248,False,10.066332935438945,0.791015625,1.56151771604292,59.0625,88.76953125,0.07164659539904815,ok,True
-0.09482929138392011,0.0028201249922931225,0.009241690385929254,0.0,1.0,13.96,FL,0.5638750931208848,True,False,-2.239187007524483,-57.511130359658296,-38.176647387584794,False,11.405369914910542,0.791015625,1.430271071960208,58.35937500000001,90.17578125,0.09482929138392011,ok,True
-0.09482929138392011,0.0028201249922931225,0.008919500004940982,0.0,1.0,13.96,FR,0.06387509312088469,False,False,-1.4999695702212248,-1.3685053111311187,18.44690851038283,False,13.26207934156414,0.791015625,1.3615394580816864,46.23046875,90.703125,0.09482929138392011,ok,True
-0.09482929138392011,0.0028201249922931225,0.008516804960258797,0.0,1.0,13.96,RL,0.06387509312088469,False,False,-1.5908095613967819,-4.7066546213812686,15.107765277715835,False,14.00104304465963,0.791015625,1.1764699988660563,46.7578125,90.43945312500001,0.09482929138392011,ok,True
-0.09482929138392011,0.0028201249922931225,0.003640224811597344,0.0,1.0,13.96,RR,0.5638750931208848,True,False,-2.089786909235638,-60.1706754208673,-40.892073650355,False,7.262926916424484,0.791015625,1.4164040146062291,59.67773437500001,89.736328125,0.09482929138392011,ok,True
-0.06773487387249093,0.07449725874815809,0.01004595386117669,0.0,1.0,13.98,FL,0.5777639820097736,True,False,-1.993341380756946,-58.998709164529544,-39.677518294400805,False,9.332795595618503,0.791015625,1.2344747612282567,58.88671875,91.318359375,0.07449725874815809,ok,True
-0.06773487387249093,0.07449725874815809,0.011642859031485505,0.0,1.0,13.98,FR,0.07776398200977352,False,False,-1.8696829411386957,-3.6882937728246623,16.126657596638985,False,16.347177002555846,0.791015625,1.6462282695070611,46.40625,90.17578125,0.07449725874815809,ok,True
-0.06773487387249093,0.07449725874815809,0.00835035382348189,0.0,1.0,13.98,RL,0.07776398200977352,False,False,-2.0019925822630307,-6.192758826555732,13.618995000192168,False,15.089616669670256,0.791015625,1.3609205642747808,47.109375,89.912109375,0.07449725874815809,ok,True
-0.06773487387249093,0.07449725874815809,0.007484625773770369,0.0,1.0,13.98,RR,0.5777639820097736,True,False,-1.5814187440159924,-62.544958822273564,-43.30237102958568,False,4.721566732951002,0.791015625,1.1946168959934427,60.1171875,90.87890625,0.07449725874815809,ok,True
-0.03328834210527552,0.10726461563041627,0.010495991474208441,0.0,1.0,14.0,FL,0.5916528708986625,True,False,-1.6612882864022565,-60.03410782951757,-40.71946438256764,False,5.4662678399578635,0.791015625,1.0550408080974865,59.23828124999999,92.37304687500001,0.10726461563041627,ok,True
-0.03328834210527552,0.10726461563041627,0.012703898799968548,0.0,1.0,14.0,FR,0.09165287089866236,False,False,-2.338427340655251,-5.628660790183925,14.183974436220034,False,18.93461879654574,0.791015625,1.9149851089590022,46.66992187500001,89.736328125,0.10726461563041627,ok,True
-0.03328834210527552,0.10726461563041627,0.005251066929310997,0.0,1.0,14.0,RL,0.09165287089866236,False,False,-2.372892288608656,-7.294998248215912,12.513624159481388,False,16.662978700231637,0.791015625,1.5956774568384848,47.197265625,89.384765625,0.10726461563041627,ok,True
-0.03328834210527552,0.10726461563041627,0.013445259411426469,0.0,1.0,14.0,RR,0.5916528708986625,True,False,-1.0233288807831067,-64.44114298144055,-45.22251740300705,False,2.4709676363885738,0.791015625,0.9138498444922113,60.29296875000001,92.109375,0.10726461563041627,ok,True
-0.03728163228395264,0.15406522107505377,0.012220844294884235,0.0,1.0,14.02,FL,0.6055417597875513,True,True,-1.1744002909492222,-60.52984709038017,-41.20838156054366,False,3.792036593628481,0.791015625,0.9180129598932089,59.4140625,93.69140625,0.15406522107505377,ok,True
-0.03728163228395264,0.15406522107505377,0.010829104227122573,0.0,1.0,14.02,FR,0.1055417597875512,False,False,-2.8297948819687653,-7.044471621231555,12.76517651388118,False,20.718243390586746,0.791015625,2.128378882302844,46.93359375,89.208984375,0.15406522107505377,ok,True
-0.03728163228395264,0.15406522107505377,0.0005022278684624374,0.0,1.0,14.02,RL,0.1055417597875512,False,False,-2.690310598122171,-8.00228077621009,11.8035353169545,False,17.47091953464716,0.791015625,1.8414331295514919,47.28515625,88.857421875,0.15406522107505377,ok,True
-0.03728163228395264,0.15406522107505377,0.04884966421440875,0.0,1.0,14.02,RR,0.6055417597875513,True,True,-0.02436844831317682,-65.08647360655121,-45.85964003492919,False,2.478497062400857,0.791015625,0.6630524345202645,60.46875,93.427734375,0.15406522107505377,ok,True
-0.0619528063865368,0.17547326930592547,0.03708825327300754,0.0,1.0,14.040000000000001,FL,0.6194306486764402,True,True,-0.30958374705126157,-60.102981879221666,-40.75482381828905,False,2.931205227338202,0.791015625,0.7939952677239784,59.58984374999999,95.009765625,0.17547326930592547,ok,True
-0.0619528063865368,0.17547326930592547,0.007590655722439003,0.0,1.0,14.040000000000001,FR,0.11943064867644004,False,False,-3.229433736693821,-8.017318693268468,11.789065627219188,False,20.733080080707047,0.791015625,2.3163986367218707,47.197265625,88.681640625,0.17547326930592547,ok,True
-0.0619528063865368,0.17547326930592547,0.0036823710086745245,0.0,1.0,14.040000000000001,RL,0.11943064867644004,False,False,-2.976793306086526,-8.368876676332015,11.434890796126233,False,20.398752024611323,0.791015625,2.0641652870420857,47.63671875000001,88.50585937500001,0.17547326930592547,ok,True
-0.0619528063865368,0.17547326930592547,0.21114221367189143,0.0,1.0,14.040000000000001,RR,0.6194306486764402,True,True,1.0717218449666153,-62.02008876029107,-42.70755702519291,False,0.0,0.791015625,0.5775384168638736,60.46875,94.833984375,0.17547326930592547,ok,True
-0.04217932454775114,0.0844322572123842,0.1877183151038165,0.0,1.0,14.06,FL,0.633319537565329,True,True,1.1444644706040328,-56.39926695834264,-36.96967693673706,False,0.0,0.791015625,0.6597818363525633,59.67773437500001,96.328125,0.0844322572123842,ok,True
-0.04217932454775114,0.0844322572123842,0.00723958203044634,0.0,1.0,14.06,FR,0.13331953756532888,False,False,-3.4539413674627357,-8.865477483059164,10.93603838582606,False,20.22579266017998,0.791015625,2.5395406961758544,47.4609375,88.2421875,0.0844322572123842,ok,True
-0.04217932454775114,0.0844322572123842,0.005470798256804107,0.0,1.0,14.06,RL,0.13331953756532888,False,False,-3.3146456951901953,-8.491362531575803,11.311304095385381,False,22.8782745676703,0.791015625,2.294509499553871,47.900390625,88.06640625,0.0844322572123842,ok,True
-0.04217932454775114,0.0844322572123842,0.25734166348739507,0.0,1.0,14.06,RR,0.633319537565329,True,True,1.9275729704758757,-57.871022204420605,-38.463718666530525,False,0.0,0.791015625,0.5159005323301183,60.46875,96.064453125,0.0844322572123842,ok,True
-0.011993198171215141,-0.0840767392026579,0.27276282672183516,0.0,1.0,14.08,FL,0.6472084264542178,True,True,2.9790737005214383,-51.16453812864619,-31.647143215606757,False,0.0,0.791015625,0.5351026572750529,59.58984374999999,97.55859375,0.0840767392026579,ok,True
-0.011993198171215141,-0.0840767392026579,0.007389545679923343,0.0,1.0,14.08,FR,0.14720842645421772,False,False,-3.539679243613484,-9.827140037761042,9.967332010966215,False,20.14889690711354,0.791015625,2.7113634139675464,47.8125,87.71484375,0.0840767392026579,ok,True
-0.011993198171215141,-0.0840767392026579,0.0060831504074158604,0.0,1.0,14.08,RL,0.14720842645421772,False,False,-3.6852175893071215,-8.799687439532121,11.00167197625068,False,24.80963844163437,0.791015625,2.525595945140035,48.1640625,87.802734375,0.0840767392026579,ok,True
-0.011993198171215141,-0.0840767392026579,0.2555395053247199,0.0,1.0,14.08,RR,0.6472084264542178,True,True,2.6921069284731454,-53.88077841854433,-34.39635717981015,False,0.0,0.791015625,0.4963590125705923,60.46875,97.470703125,0.0840767392026579,ok,True
0.08689456196111715,-0.26766949036816584,0.23909879464128345,0.0,1.0,14.1,FL,0.6610973153431067,True,True,5.3838705847481965,-46.9391873908185,-27.354054209251856,False,0.0,0.791015625,0.47863322262540786,59.4140625,98.701171875,0.26766949036816584,ok,True
0.08689456196111715,-0.26766949036816584,0.0073231179986507225,0.0,1.0,14.1,FR,0.16109731534310656,False,False,-3.5734034404729837,-10.950877493069159,8.83430177274417,False,20.277956524964516,0.791015625,2.8576902202291707,48.1640625,87.275390625,0.26766949036816584,ok,True
0.08689456196111715,-0.26766949036816584,0.004502933658339046,0.0,1.0,14.1,RL,0.16109731534310656,False,False,-3.9841500588683605,-9.407777150371963,10.390757186921391,False,24.93301783709245,0.791015625,2.6908519594626954,48.69140625,87.626953125,0.26766949036816584,ok,True
0.08689456196111715,-0.26766949036816584,0.2519700953849289,0.0,1.0,14.1,RR,0.6610973153431067,True,True,3.5542243768088464,-50.09200839669874,-30.547480173392092,False,0.0,0.791015625,0.4907186177188733,60.20507812499999,98.78906250000001,0.26766949036816584,ok,True
0.2575983042544817,-0.4542036024676235,0.23119164634249176,0.0,1.0,14.120000000000001,FL,0.6749862042319955,True,True,8.17136699991166,-43.18653393403553,-23.534661508702655,False,0.0,0.791015625,0.46698622605881274,59.0625,99.84375,0.4542036024676235,ok,True
0.2575983042544817,-0.4542036024676235,0.006812959663317007,0.0,1.0,14.120000000000001,FR,0.1749862042319954,False,False,-3.5869579953594495,-12.208420251364174,7.565252178030487,False,19.94610737904119,0.791015625,2.9722397019094666,48.603515625,87.1875,0.4542036024676235,ok,True
0.2575983042544817,-0.4542036024676235,0.0027853900837849885,0.0,1.0,14.120000000000001,RL,0.1749862042319954,False,False,-4.156023226236781,-10.293218595225056,9.500599514032054,False,24.435788608305696,0.791015625,2.785132169836358,49.04296875,87.275390625,0.4542036024676235,ok,True
0.2575983042544817,-0.4542036024676235,0.25803885753936195,0.0,1.0,14.120000000000001,RR,0.6749862042319955,True,True,4.6152856616828855,-46.280337907738165,-26.665305843177887,False,0.0,0.791015625,0.4885998992241139,59.67773437500001,99.84375,0.4542036024676235,ok,True
0.4806635398002254,-0.6280210410321247,0.24581886185141882,0.0,1.0,14.14,FL,0.6888750931208844,True,True,11.096354483786218,-39.47678847515253,-19.773057128847697,False,0.0,0.791015625,0.47427585520268567,58.62304687499999,100.810546875,0.6280210410321247,ok,True
0.4806635398002254,-0.6280210410321247,0.005847122051638151,0.0,1.0,14.14,FR,0.18887509312088424,False,False,-3.534895451101798,-13.588264330591711,6.18166937577527,False,19.34524891486253,0.791015625,3.024235620364279,49.130859375,87.36328125,0.6280210410321247,ok,True
0.4806635398002254,-0.6280210410321247,0.00276700429267388,0.0,1.0,14.14,RL,0.18887509312088424,False,False,-4.206063552611348,-11.532562777114528,8.253838652518045,False,24.159781874165706,0.791015625,2.8161362315327905,49.04296875,86.923828125,0.6280210410321247,ok,True
0.4806635398002254,-0.6280210410321247,0.28234259686453184,0.0,1.0,14.14,RR,0.6888750931208844,True,True,5.587625711786837,-42.082456111700026,-22.402115828682252,False,0.0,0.791015625,0.49417559538636924,58.71093750000001,100.634765625,0.6280210410321247,ok,True
0.7675544712594574,-0.7501487389970183,0.26921767132849517,0.0,1.0,14.16,FL,0.7027639820097732,True,True,13.94171299847314,-35.61524869946249,-15.872982850083798,False,0.0,0.791015625,0.4827511494486674,57.919921875,101.68945312500001,0.7675544712594574,ok,True
0.7675544712594574,-0.7501487389970183,0.004206625253914444,0.0,1.0,14.16,FR,0.20276398200977308,False,False,-3.4605916731806596,-15.132701553038808,4.632122391909951,False,19.35099400408817,0.791015625,3.038228765392312,49.5703125,87.626953125,0.7675544712594574,ok,True
0.7675544712594574,-0.7501487389970183,0.001458265960582271,0.0,1.0,14.16,RL,0.20276398200977308,False,False,-4.209028920713773,-13.045399921947482,6.729304195370677,False,23.710027163722117,0.791015625,2.801847546691483,49.306640625,86.66015625,0.7675544712594574,ok,True
0.7675544712594574,-0.7501487389970183,0.2986511421977856,0.0,1.0,14.16,RR,0.7027639820097732,True,True,6.363060437902419,-37.69788200709615,-17.96942535411745,False,0.0,0.791015625,0.48805144284801294,57.83203125,101.162109375,0.7675544712594574,ok,True
1.1088870074500334,-0.8048230653923862,0.27595790831956,0.0,1.0,14.18,FL,0.716652870898662,True,True,16.54433839448007,-31.896775038886272,-12.131311677696694,False,0.0,0.791015625,0.4880689001318722,57.216796875,102.3046875,1.1088870074500334,ok,True
1.1088870074500334,-0.8048230653923862,0.0023482029897277414,0.0,1.0,14.18,FR,0.21665287089866192,False,False,-3.395625540500387,-16.857589137890514,2.9012560429123226,False,19.1300967534604,0.791015625,3.024747482821222,50.09765625,87.802734375,1.1088870074500334,ok,True
1.1088870074500334,-0.8048230653923862,0.00387556988544454,0.0,1.0,14.18,RL,0.21665287089866192,False,False,-4.1625661983505475,-14.77804076976065,4.9911508023770175,False,23.0317023306795,0.791015625,2.761690158422475,49.5703125,86.923828125,1.1088870074500334,ok,True
1.1088870074500334,-0.8048230653923862,0.3247080471407422,0.0,1.0,14.18,RR,0.716652870898662,True,True,6.915688739697719,-32.94857331218208,-13.188394711186493,False,0.0,0.791015625,0.48423383441480466,56.6015625,101.68945312500001,1.1088870074500334,ok,True
1.4898600747084967,-0.8247367897113159,0.29790467043695584,0.0,1.0,14.200000000000001,FL,0.7305417597875509,True,True,18.747459545895634,-28.045280754682096,-8.262472570939842,False,0.0,0.791015625,0.5016086533775109,56.337890625,102.65625000000001,1.4898600747084967,ok,True
1.4898600747084967,-0.8247367897113159,0.0014932829228458573,0.0,1.0,14.200000000000001,FR,0.23054175978755076,False,False,-3.3502843290110773,-18.734043165950457,1.0183958618664235,False,20.351919200215043,0.791015625,2.9628042982041496,50.625,87.978515625,1.4898600747084967,ok,True
1.4898600747084967,-0.8247367897113159,0.0037139085449798366,0.0,1.0,14.200000000000001,RL,0.23054175978755076,False,False,-4.066990002658518,-16.815141335379884,2.945157427021215,False,21.7613756126269,0.791015625,2.7121810008822025,50.09765625,87.1875,1.4898600747084967,ok,True
1.4898600747084967,-0.8247367897113159,0.3224801134469391,0.0,1.0,14.200000000000001,RR,0.7305417597875509,True,True,7.275052834982774,-28.41286061182369,-8.636678948802505,False,0.0,0.791015625,0.4805599695450479,55.37109375,102.12890625,1.4898600747084967,ok,True
1.841397907148919,-0.8616975719341148,0.3046546316389155,0.0,1.0,14.22,FL,0.7444306486764397,True,True,20.41812041882581,-24.342917532513848,-4.539040162667515,False,0.0,0.791015625,0.5047785003605895,55.283203125,102.919921875,1.841397907148919,ok,True
1.841397907148919,-0.8616975719341148,0.0034363264732194046,0.0,1.0,14.22,FR,0.2444306486764396,False,False,-3.38489454350736,-20.68596912686911,-0.9412001439706152,False,21.094264360974606,0.791015625,2.8138175013643916,51.064453125,88.2421875,1.841397907148919,ok,True
1.841397907148919,-0.8616975719341148,0.004521115709811233,0.0,1.0,14.22,RL,0.2444306486764396,False,False,-3.8992119711050988,-19.09676071398323,0.6512544425564144,False,20.00592313058351,0.791015625,2.692498327100689,50.537109375,87.36328125,1.841397907148919,ok,True
1.841397907148919,-0.8616975719341148,0.35295423431256057,0.0,1.0,14.22,RR,0.7444306486764397,True,True,7.356856327281683,-23.378251643181034,-3.5738523871085164,False,0.0,0.791015625,0.4900245281485494,53.96484375,102.041015625,1.841397907148919,ok,True
2.1832992784564005,-0.9604930872546139,0.32923936864872766,0.0,1.0,14.24,FL,0.7583195375653285,True,True,21.750090818910923,-20.296207843048254,-0.4818727391965041,False,0.0,0.791015625,0.4933485221975777,54.140625,102.83203125,2.1832992784564005,ok,True
2.1832992784564005,-0.9604930872546139,0.006774286600571768,0.0,1.0,14.24,FR,0.25831953756532844,False,False,-3.4690630520935533,-22.626193582763218,-2.8903341920505348,False,22.087909623174596,0.791015625,2.635171350317851,51.591796875,88.41796875,2.1832992784564005,ok,True
2.1832992784564005,-0.9604930872546139,0.006175984613447824,0.0,1.0,14.24,RL,0.25831953756532844,False,False,-3.6907016052646973,-21.49006102162917,-1.7552351197446683,False,20.270579100049215,0.791015625,2.6715549428170036,50.9765625,87.71484375,2.1832992784564005,ok,True
2.1832992784564005,-0.9604930872546139,0.38294148937978956,0.0,1.0,14.24,RR,0.7583195375653285,True,True,7.140058397747749,-17.776987871812256,2.0385429390420384,False,0.0,0.791015625,0.5041338587315584,52.734375,101.865234375,2.1832992784564005,ok,True
2.547836677419559,-1.0776442839162794,0.35677424233672017,0.0,1.0,14.26,FL,0.7722084264542174,True,True,23.093035537939517,-15.61652327606577,4.1960139113401524,False,0.0,0.791015625,0.47051742893821313,52.91015625,102.392578125,2.547836677419559,ok,True
2.547836677419559,-1.0776442839162794,0.009486698483806814,0.0,1.0,14.26,FR,0.2722084264542173,False,False,-3.599591509167926,-24.468881400597958,-4.742013987086782,False,23.250672975070874,0.791015625,2.4865887248618113,52.03125,88.59375,2.547836677419559,ok,True
2.547836677419559,-1.0776442839162794,0.008168727806208169,0.0,1.0,14.26,RL,0.2722084264542173,False,False,-3.542294741402073,-23.761975284820025,-4.041018068163332,False,20.14386705039522,0.791015625,2.643495389817135,51.591796875,87.890625,2.547836677419559,ok,True
2.547836677419559,-1.0776442839162794,0.4087022591208157,0.0,1.0,14.26,RR,0.7722084264542174,True,True,6.873787776065357,-11.600227790785304,8.2027672581914,False,0.0,0.791015625,0.503861117619773,51.240234375,101.6015625,2.547836677419559,ok,True
2.9248463927672836,-1.213192707170606,0.36831559688497595,0.0,1.0,14.280000000000001,FL,0.7860973153431062,True,True,24.52038188936985,-10.503487410111886,9.2904117261575,False,0.0,0.791015625,0.44699933926682767,51.6796875,101.865234375,2.9248463927672836,ok,True
2.9248463927672836,-1.213192707170606,0.011252265090259518,0.0,1.0,14.280000000000001,FR,0.2860973153431061,False,False,-3.7607878498040517,-26.208881740642656,-6.4915196039595635,False,24.040682262128914,0.791015625,2.3849045998895284,52.3828125,88.681640625,2.9248463927672836,ok,True
2.9248463927672836,-1.213192707170606,0.009512246776318258,0.0,1.0,14.280000000000001,RL,0.2860973153431061,False,False,-3.4540168516579635,-25.819810857642825,-6.112732975288267,False,19.882444332766422,0.791015625,2.6317921191321343,52.119140625,88.2421875,2.9248463927672836,ok,True
2.9248463927672836,-1.213192707170606,0.3743885538460078,0.0,1.0,14.280000000000001,RR,0.7860973153431062,True,True,6.018480183048798,-6.035606105459695,13.73639336670378,False,0.0,0.791015625,0.49629760809707174,49.833984375,100.8984375,2.9248463927672836,ok,True
3.3011565180477747,-1.3711467599755016,0.344789625028671,0.0,1.0,14.3,FL,0.7999862042319951,True,True,25.572537704989248,-5.629707802303537,14.133663838385194,False,0.0,0.791015625,0.43002757351456655,50.537109375,101.162109375,3.3011565180477747,ok,True
3.3011565180477747,-1.3711467599755016,0.01252225641923532,0.0,1.0,14.3,FR,0.29998620423199496,False,False,-3.9221930422536597,-27.779940179772154,-8.07248373692352,False,24.61908396174738,0.791015625,2.3119072437511243,52.734375,88.857421875,3.3011565180477747,ok,True
3.3011565180477747,-1.3711467599755016,0.009290967080739626,0.0,1.0,14.3,RL,0.29998620423199496,False,False,-3.3885077504853327,-27.670788604522123,-7.976986167040611,False,19.51080907932865,0.791015625,2.6324912203975783,52.55859375,88.41796875,3.3011565180477747,ok,True
3.3011565180477747,-1.3711467599755016,0.34870931009455663,0.0,1.0,14.3,RR,0.7999862042319951,True,True,4.401548446300193,-0.8501073055921539,18.890652841255964,False,0.0,0.791015625,0.49727295215483813,47.98828125,99.66796875,3.3011565180477747,ok,True
3.671885731029446,-1.5492641965358902,0.29587442131181957,0.0,1.0,14.32,FL,0.8138750931208839,True,True,25.905921588450585,-1.458699457726892,18.282453775620688,False,0.0,0.791015625,0.41772688180099266,49.130859375,100.37109375,3.671885731029446,ok,True
3.671885731029446,-1.5492641965358902,0.01339891667785941,0.0,1.0,14.32,FR,0.3138750931208838,False,False,-4.062373213776817,-29.125054263756322,-9.427316951280535,False,24.8137293842772,0.791015625,2.262062556304,52.91015625,89.033203125,3.671885731029446,ok,True
3.671885731029446,-1.5492641965358902,0.009805785469270162,0.0,1.0,14.32,RL,0.3138750931208838,False,False,-3.337459644939568,-29.255012942737032,-9.572858974460843,False,19.271566939175244,0.791015625,2.6406982096034364,52.91015625,88.681640625,3.671885731029446,ok,True
3.671885731029446,-1.5492641965358902,0.3083931655317723,0.0,1.0,14.32,RR,0.8138750931208839,True,True,1.804661203623166,3.72440036142819,23.447938004914885,False,0.0,0.791015625,0.5002286321632587,46.40625,98.4375,3.671885731029446,ok,True
4.009125367866672,-1.69059271450774,0.2284508782990528,0.0,1.0,14.34,FL,0.8277639820097727,True,True,25.19082543899657,1.6784778663314197,21.412427741349777,False,0.0,0.791015625,0.44050314486686304,47.8125,99.4921875,4.009125367866672,ok,True
4.009125367866672,-1.69059271450774,0.013556994687187164,0.0,1.0,14.34,FR,0.32776398200977264,False,False,-4.161840794446252,-30.162151468116335,-10.471555765436737,False,25.211331411935532,0.791015625,2.1923316356424074,52.998046875,88.76953125,4.009125367866672,ok,True
4.009125367866672,-1.69059271450774,0.010346571223968188,0.0,1.0,14.34,RL,0.32776398200977264,False,False,-3.2718049974587786,-30.522755681610732,-10.851239926873745,False,15.259533266405189,0.791015625,2.659209964984824,53.173828125,88.857421875,4.009125367866672,ok,True
4.009125367866672,-1.69059271450774,0.25324731673433776,0.0,1.0,14.34,RR,0.8277639820097727,True,True,-1.141179378337586,7.501389420958314,27.213111131609516,True,12.088693196873376,0.791015625,0.48783337198660776,44.912109375,97.03125,4.009125367866672,ok,True
3.938662407644136,-1.5453001902554828,0.17101628302013558,0.0,1.0,14.36,FL,0.8416528708986616,True,True,22.716280849674387,3.5442994332707873,23.2807300411026,False,0.0,0.791015625,0.5420308874698362,46.58203125,98.61328125,3.938662407644136,ok,True
3.938662407644136,-1.5453001902554828,0.01505931967476362,0.0,1.0,14.36,FR,0.3416528708986615,False,False,-4.2379203613539005,-30.48723129419052,-10.796400106655351,False,24.8057895467681,0.791015625,1.751174242612161,53.0859375,88.681640625,3.938662407644136,ok,True
3.938662407644136,-1.5453001902554828,0.013044046911005563,0.0,1.0,14.36,RL,0.3416528708986615,False,False,-2.858480395207894,-31.592149822483233,-11.934898670571354,False,9.062841897284086,0.791015625,2.692984474643628,53.173828125,89.12109375,3.938662407644136,ok,True
3.938662407644136,-1.5453001902554828,0.07781327098848247,0.0,1.0,14.36,RR,0.8416528708986616,True,True,-2.114524069632192,8.596028664376474,28.313563242585325,False,11.767671932339265,0.791015625,0.4238924789862203,43.41796875,95.537109375,3.938662407644136,ok,True
3.503059345179255,-1.2526965017274023,0.19819662595387103,0.0,1.0,14.38,FL,0.8555417597875504,True,True,19.63337826652028,4.966550968388312,24.706184860162416,False,0.0,0.791015625,0.5002136843795006,45.615234375,97.734375,3.503059345179255,ok,True
3.503059345179255,-1.2526965017274023,0.021842600433650407,0.0,1.0,14.38,FR,0.3555417597875503,False,False,-4.251918983046083,-30.185536990532366,-10.4905155875203,False,23.04507544120391,0.791015625,1.103946159391559,53.0859375,88.41796875,3.503059345179255,ok,True
3.503059345179255,-1.2526965017274023,0.011398197305285993,0.0,1.0,14.38,RL,0.3555417597875503,False,False,-2.2469275750932813,-32.70558954359811,-13.062318189833121,False,8.23070922407164,0.791015625,2.568882742526468,53.26171875,89.208984375,3.503059345179255,ok,True
3.503059345179255,-1.2526965017274023,0.03783388883306102,0.0,1.0,14.38,RR,0.8555417597875504,True,True,-2.3131157814756316,9.686240049796915,29.414088373813144,False,9.617808432861066,0.791015625,0.480079030513756,42.099609375,94.130859375,3.503059345179255,ok,True
2.8880241018630453,-0.9678471542468802,0.2007345950193541,0.0,1.0,14.4,FL,0.8694306486764393,True,True,16.501492858109756,6.44440486550935,26.185606990494172,False,0.0,0.791015625,0.4124247018577348,44.73632812500001,96.943359375,2.8880241018630453,ok,True
2.8880241018630453,-0.9678471542468802,0.02711491062109924,0.0,1.0,14.4,FR,0.36943064867643916,False,False,-4.158499775143966,-29.656567890263602,-9.957046832341302,False,21.736587811653173,0.791015625,0.509942612143912,53.26171875,87.890625,2.8880241018630453,ok,True
2.8880241018630453,-0.9678471542468802,0.005153637007311056,0.0,1.0,14.4,RL,0.36943064867643916,False,False,-1.8321575378716717,-33.7460789000302,-14.112851529796984,False,9.486731306448966,0.791015625,2.314271041212527,53.4375,88.857421875,2.8880241018630453,ok,True
2.8880241018630453,-0.9678471542468802,0.02909234641423076,0.0,1.0,14.4,RR,0.8694306486764393,True,True,-2.2278519278375875,10.986941877582339,30.723287921738088,False,8.563730164981257,0.791015625,0.6534481620265382,40.95703125,92.8125,2.8880241018630453,ok,True
2.1595779501962213,-0.7091363098640904,0.15762203077334463,0.0,1.0,14.42,FL,0.8833195375653281,True,True,13.291889132699533,7.640155241754972,27.383313960239377,False,0.0,0.791015625,0.34209568536849383,44.033203125,96.240234375,2.1595779501962213,ok,True
2.1595779501962213,-0.7091363098640904,0.028738191319661075,0.0,1.0,14.42,FR,0.383319537565328,False,False,-4.008898707066655,-29.265927846570598,-9.564541097491901,False,21.026291922022157,0.791015625,0.08764989171018361,53.701171875,87.5390625,2.1595779501962213,ok,True
2.1595779501962213,-0.7091363098640904,0.003607169714378393,0.0,1.0,14.42,RL,0.383319537565328,False,False,-1.7091215749098498,-34.628519024204195,-15.002005491740526,False,11.973563116873486,0.791015625,2.0544878627317242,53.876953125,88.76953125,2.1595779501962213,ok,True
2.1595779501962213,-0.7091363098640904,0.026563857829246584,0.0,1.0,14.42,RR,0.8833195375653281,True,True,-2.0646776369008766,12.197369490853978,31.94096172742543,False,7.79799073235536,0.791015625,0.842211602173587,40.341796875,91.58203125,2.1595779501962213,ok,True
1.3691058588985434,-0.4841104057593559,0.10223394762568744,0.0,1.0,14.44,FL,0.897208426454217,True,True,10.128302974778704,8.528272777049345,28.27380440840623,False,0.0,0.791015625,0.29486511275284294,43.505859375,95.712890625,1.3691058588985434,ok,True
1.3691058588985434,-0.4841104057593559,0.027315688891340645,0.0,1.0,14.44,FR,0.39720842645421683,False,False,-3.8401254863042538,-29.411533991212398,-9.714862893650032,False,18.589371175488413,0.791015625,-0.09117713192421063,54.228515625,87.1875,1.3691058588985434,ok,True
1.3691058588985434,-0.4841104057593559,0.009913144163822692,0.0,1.0,14.44,RL,0.39720842645421683,False,False,-1.8391378648339451,-35.44325249736372,-15.82269526524011,False,13.482450174650014,0.791015625,1.8755632649609482,54.4921875,89.033203125,1.3691058588985434,ok,True
1.3691058588985434,-0.4841104057593559,0.026254231960100335,0.0,1.0,14.44,RR,0.897208426454217,True,True,-1.8888143070481602,12.921620704674574,32.67648761494927,False,7.681561726370842,0.791015625,0.9832631057645599,40.07812500000001,91.142578125,1.3691058588985434,ok,True
0.56714354593494,-0.29935262404408,0.0724924889018696,0.0,1.0,14.46,FL,0.9110973153431058,True,False,7.023105138112676,9.066760496396707,28.816122555409986,False,0.0,0.791015625,0.28367852650006103,43.330078125,95.009765625,0.56714354593494,ok,True
0.56714354593494,-0.29935262404408,0.024038491833499157,0.0,1.0,14.46,FR,0.4110973153431057,False,False,-3.58433577203747,-30.444130596536475,-10.760552334528938,False,17.643037515949157,0.791015625,-0.021172432787791087,54.931640625,87.1875,0.56714354593494,ok,True
0.56714354593494,-0.29935262404408,0.014502823930598858,0.0,1.0,14.46,RL,0.4110973153431057,False,False,-2.077615365546116,-36.483839159243416,-16.869653206802766,False,15.58580594277759,0.791015625,1.7967586922957608,55.01953125000001,89.12109375,0.56714354593494,ok,True
0.56714354593494,-0.29935262404408,0.025681707549705116,0.0,1.0,14.46,RR,0.9110973153431058,True,False,-1.7080536567465678,12.767962927221948,32.53856785730656,False,6.870768120023665,0.791015625,1.0672251967779924,40.07812500000001,90.703125,0.56714354593494,ok,True
-0.22674892410068048,-0.1147028606371413,0.0840633188689791,0.0,1.0,14.48,FL,0.9249862042319946,True,False,3.5761272795791292,8.857137874181014,28.617065364476876,False,0.0,0.791015625,0.3088565609567241,43.2421875,94.39453125,0.22674892410068048,ok,True
-0.22674892410068048,-0.1147028606371413,0.020788901888289173,0.0,1.0,14.48,FR,0.4249862042319945,False,False,-3.3037786570240777,-32.46394883605947,-12.802923326852252,False,16.69979539034153,0.791015625,0.2561496770063311,55.458984375,87.275390625,0.22674892410068048,ok,True
-0.22674892410068048,-0.1147028606371413,0.01609921067685535,0.0,1.0,14.48,RL,0.4249862042319945,False,False,-2.3403456321954943,-37.94522376904399,-18.34033277384654,False,16.763014267270606,0.791015625,1.7994168440242015,55.634765625,89.033203125,0.22674892410068048,ok,True
-0.22674892410068048,-0.1147028606371413,0.02716905738458278,0.0,1.0,14.48,RR,0.9249862042319946,True,False,-1.5490345183217826,11.632893629593612,31.418711803811426,False,6.666674489882019,0.791015625,1.1038616906026708,40.4296875,90.52734375,0.22674892410068048,ok,True
-1.050366247019241,0.1543613034059378,0.10158360675788546,0.0,1.0,14.5,FL,0.9388750931208835,True,False,-0.5922536347841185,7.544446996449889,27.320216188111555,True,8.921742107933177,0.791015625,0.3591903132054798,43.330078125,93.8671875,1.050366247019241,ok,True
-1.050366247019241,0.1543613034059378,0.01987268683531094,0.0,1.0,14.5,FR,0.43887509312088335,False,False,-3.0807613865054644,-35.38831983646051,-15.758734452490273,False,16.996841200273746,0.791015625,0.6396580272242904,56.07421875,87.275390625,1.050366247019241,ok,True
-1.050366247019241,0.1543613034059378,0.015226084871762904,0.0,1.0,14.5,RL,0.43887509312088335,False,False,-2.5686942312563925,-39.910553739832906,-20.32111692205318,False,17.362015929198318,0.791015625,1.8693649346918484,56.07421875,88.76953125,1.050366247019241,ok,True
-1.050366247019241,0.1543613034059378,0.03219798884872779,0.0,1.0,14.5,RR,0.9388750931208835,True,False,-1.402410924317754,9.683106017683563,29.483416910123402,False,5.657798279551366,0.791015625,1.0909379831923272,40.78125,90.615234375,1.050366247019241,ok,True
-1.7741641855566213,0.38122796758478383,0.05933783207528039,0.0,1.0,14.52,FL,0.9527639820097723,True,False,-2.4243866202052313,5.834254994557373,25.614174771318783,False,19.78764792869821,0.791015625,0.13021339850094274,43.59375,93.603515625,1.7741641855566213,ok,True
-1.7741641855566213,0.38122796758478383,0.01899787361563781,0.0,1.0,14.52,FR,0.4527639820097722,False,False,-2.8155646976193713,-38.491368632175046,-18.90504153475934,False,9.068738966665439,0.791015625,1.0530464373364414,56.689453125,87.36328125,1.7741641855566213,ok,True
-1.7741641855566213,0.38122796758478383,0.014636562150528259,0.0,1.0,14.52,RL,0.4527639820097722,False,False,-2.7547803389344554,-42.163822022842126,-22.59885214749171,False,17.810033061181056,0.791015625,1.8319591836006128,56.6015625,88.857421875,1.7741641855566213,ok,True
-1.7741641855566213,0.38122796758478383,0.039362630326493626,0.0,1.0,14.52,RR,0.9527639820097723,True,False,-1.2623172478000364,7.6533069391705375,27.463972061931557,False,5.760273492018343,0.791015625,1.1677501855037637,41.396484375,90.703125,1.7741641855566213,ok,True
-2.3078821455125405,0.4627704245978237,0.0471438345451689,0.0,1.0,14.540000000000001,FL,0.9666528708986611,True,False,-3.0373843956444864,4.280490520310958,24.06692520257761,False,18.693694761844178,0.791015625,-0.008705105708032717,43.681640625,93.33984375000001,2.3078821455125405,ok,True
-2.3078821455125405,0.4627704245978237,0.03413518549807345,0.0,1.0,14.540000000000001,FR,0.46665287089866103,False,False,-1.9478334280784784,-41.45187013612725,-21.908678838333763,False,6.383098890985514,0.791015625,1.2833670803420554,57.216796875,87.5390625,2.3078821455125405,ok,True
-2.3078821455125405,0.4627704245978237,0.013804313568513719,0.0,1.0,14.540000000000001,RL,0.46665287089866103,False,False,-2.861278263802367,-44.45409891086419,-24.913598781170126,False,16.55396346693796,0.791015625,1.689883078754656,56.6015625,88.50585937500001,2.3078821455125405,ok,True
-2.3078821455125405,0.4627704245978237,0.05044500310488077,0.0,1.0,14.540000000000001,RR,0.9666528708986611,True,False,-0.8983198983929865,6.269371792763352,26.084207169783227,False,5.0391069203508,0.791015625,1.2986515105797074,42.099609375,90.966796875,2.3078821455125405,ok,True
-2.6589789318815353,0.4596379847155381,0.041898630265101135,0.0,1.0,14.56,FL,0.98054175978755,True,False,-3.1965624599807305,2.7220241277880595,22.51719201972941,False,17.265641318716128,0.791015625,-0.020093980212424832,43.857421875,93.076171875,2.6589789318815353,ok,True
-2.6589789318815353,0.4596379847155381,0.06949517292579727,0.0,1.0,14.56,FR,0.48054175978754987,False,False,-0.5284322184871022,-44.86125406959003,-25.3569285500485,False,5.2990074334108845,0.791015625,1.3520068767800932,57.48046875,87.099609375,2.6589789318815353,ok,True
-2.6589789318815353,0.4596379847155381,0.011823081462626504,0.0,1.0,14.56,RL,0.48054175978754987,False,False,-2.8859462868294288,-46.747638340966574,-27.233664858329576,False,16.77976700148296,0.791015625,1.526529531905193,56.6015625,88.06640625,2.6589789318815353,ok,True
-2.6589789318815353,0.4596379847155381,0.07586971919780691,0.0,1.0,14.56,RR,0.98054175978755,True,False,-0.10568430053790531,5.619605101440551,25.435108566821732,False,3.2587504055535472,0.791015625,1.3761700794876417,42.802734375,91.40625000000001,2.6589789318815353,ok,True
-2.580444563930065,0.41841732183122643,0.03883638150631645,0.0,1.0,14.58,FL,0.9944306486764388,True,False,-3.1277186817180587,1.1489981625444114,20.952618612813477,False,16.509259390144617,0.791015625,-0.19582105442600695,44.12109375,92.900390625,2.580444563930065,ok,True
-2.580444563930065,0.41841732183122643,0.17725681793792591,0.0,1.0,14.58,FR,0.4944306486764387,False,False,-0.028937881622344286,-50.26642443487294,-30.838822048880754,False,3.718274099960417,0.791015625,1.3494638826950442,57.65624999999999,86.8359375,2.580444563930065,ok,True
-2.580444563930065,0.41841732183122643,0.010474166619013367,0.0,1.0,14.58,RL,0.4944306486764387,False,False,-2.916315766413215,-48.97741715415392,-29.495957169879034,False,16.961159823372107,0.791015625,1.2128917142016815,56.6015625,87.802734375,2.580444563930065,ok,True
-2.580444563930065,0.41841732183122643,0.18049771823148167,0.0,1.0,14.58,RR,0.9944306486764388,True,False,0.22372865377976586,6.191283325175171,26.006466972922087,False,0.0,0.791015625,1.09413565632156,43.505859375,91.669921875,2.580444563930065,ok,True
-2.1534042053510727,0.3480301286872101,0.03826758625071462,0.0,1.0,14.6,FL,0.008319537565327773,False,False,-3.0113385186872206,-0.42271089183597893,19.38718155502453,False,15.888381466477918,0.791015625,-0.3842534872967132,44.560546875,92.4609375,2.1534042053510727,ok,True
-2.1534042053510727,0.3480301286872101,0.09290264322704304,0.0,1.0,14.6,FR,0.5083195375653278,True,False,-0.3258058584958007,-53.96439256247707,-34.59869882066799,False,6.169448222847227,0.791015625,1.4681494751514133,58.095703125,86.8359375,2.1534042053510727,ok,True
-2.1534042053510727,0.3480301286872101,0.012283926076612476,0.0,1.0,14.6,RL,0.5083195375653278,True,False,-2.9942718028666895,-51.16676183819313,-31.720274875813754,False,18.62331085062125,0.791015625,0.8749942144531513,57.041015625,87.802734375,2.1534042053510727,ok,True
-2.1534042053510727,0.3480301286872101,0.1724300531553224,0.0,1.0,14.6,RR,0.008319537565327773,False,False,-0.025732339207572286,5.39199033228167,25.20672309224918,True,0.9515688676639839,0.791015625,0.686485491618606,44.47265625,91.669921875,2.1534042053510727,ok,True
-1.6921653455937136,0.2639120732876088,0.03561520407459424,0.0,1.0,14.620000000000001,FL,0.02220842645421666,False,False,-2.8915051913698773,-1.933158361566886,17.880561437644964,False,15.547707293404452,0.791015625,-0.36121698287165166,45.0,92.021484375,1.6921653455937136,ok,True
-1.6921653455937136,0.2639120732876088,0.021526547025816547,0.0,1.0,14.620000000000001,FR,0.5222084264542166,True,False,-0.9278941339504604,-56.37737841579369,-37.05539781087374,False,9.163881680383858,0.791015625,1.5162374459143566,58.88671875,87.5390625,1.6921653455937136,ok,True
-1.6921653455937136,0.2639120732876088,0.011003247346947131,0.0,1.0,14.620000000000001,RL,0.5222084264542166,True,False,-3.0815629466040084,-53.22882586531888,-33.81782563195105,False,16.632202149349197,0.791015625,0.7891588862789028,57.30468749999999,87.978515625,1.6921653455937136,ok,True
-1.6921653455937136,0.2639120732876088,0.07279806492768563,0.0,1.0,14.620000000000001,RR,0.02220842645421666,False,False,-0.08663296687782054,2.5726229052061944,22.387910444364277,False,2.8230064763275755,0.791015625,0.5326278682304805,45.52734375,91.7578125,1.6921653455937136,ok,True
-1.1943106765880203,0.1448254125905489,0.03154827377523599,0.0,1.0,14.64,FL,0.03609731534310555,False,False,-2.761053361442455,-3.364236570657374,16.451219549293292,False,13.309933309313402,0.791015625,-0.21515834858434646,45.263671875,91.494140625,1.1943106765880203,ok,True
-1.1943106765880203,0.1448254125905489,0.007494721654625705,0.0,1.0,14.64,FR,0.5360973153431056,True,False,-1.2791140996743742,-58.47905316004276,-39.193258329398944,False,9.984775793612378,0.791015625,1.4808894712484877,59.58984374999999,88.330078125,1.1943106765880203,ok,True
-1.1943106765880203,0.1448254125905489,0.006893864470680423,0.0,1.0,14.64,RL,0.5360973153431056,True,False,-2.997672010502056,-55.145827001420436,-35.769304176705,False,14.529661778317363,0.791015625,0.8592209531218751,57.83203125,88.41796875,1.1943106765880203,ok,True
-1.1943106765880203,0.1448254125905489,0.01546902705023725,0.0,1.0,14.64,RR,0.03609731534310555,False,False,-0.4613206617136642,0.2971132094205457,20.11260141342983,False,6.26609248619044,0.791015625,0.4999849052814508,46.494140625,91.7578125,1.1943106765880203,ok,True
-0.6551648907962012,0.022621121514564115,0.027643789885903453,0.0,1.0,14.66,FL,0.04998620423199444,False,False,-2.572103508287668,-4.844808543364219,14.969696431358422,False,12.881023408605268,0.791015625,-0.01828421924938742,45.87890625,91.142578125,0.6551648907962012,ok,True
-0.6551648907962012,0.022621121514564115,0.01010372817912615,0.0,1.0,14.66,FR,0.5499862042319944,True,False,-1.4653594419849498,-60.57399122977219,-41.32234581642787,False,9.600493161139662,0.791015625,1.3940240592590256,60.1171875,89.12109375,0.6551648907962012,ok,True
-0.6551648907962012,0.022621121514564115,0.0065853368875671645,0.0,1.0,14.66,RL,0.5499862042319944,True,False,-2.7257337193805076,-57.02616330852352,-37.68479012500665,False,10.406093021141578,0.791015625,0.9739968837087372,58.53515625,89.12109375,0.6551648907962012,ok,True
-0.6551648907962012,0.022621121514564115,0.016910346377823158,0.0,1.0,14.66,RR,0.04998620423199444,False,False,-0.971076777623904,-1.7578245575400864,18.057623793156235,False,10.871580195529981,0.791015625,0.4704874788850566,46.66992187500001,91.93359375,0.6551648907962012,ok,True
-0.13853988257348682,-0.04507978997755679,0.024732710330916653,0.0,1.0,14.68,FL,0.06387509312088333,False,False,-2.42048177137337,-6.395806937155333,13.415083179686897,False,12.545908011083503,0.791015625,0.273689203224946,46.318359375,90.615234375,0.13853988257348682,ok,True
-0.13853988257348682,-0.04507978997755679,0.012823920039197668,0.0,1.0,14.68,FR,0.5638750931208834,True,False,-1.5258435816146165,-62.46253568590462,-43.23542761693763,False,9.174324012367835,0.791015625,1.2201782392286142,60.380859375,90.0,0.13853988257348682,ok,True
-0.13853988257348682,-0.04507978997755679,0.01020276306349455,0.0,1.0,14.68,RL,0.5638750931208834,True,False,-2.221368589182069,-58.89981274200463,-39.592809967883014,False,5.8405848835261525,0.791015625,1.0335039615910897,59.0625,89.912109375,0.13853988257348682,ok,True
-0.13853988257348682,-0.04507978997755679,0.019794208745279,0.0,1.0,14.68,RR,0.06387509312088333,False,False,-1.4261818757166471,-3.4958457325881493,16.319406176254162,False,13.802670839975715,0.791015625,0.46809539537640255,47.021484375,91.7578125,0.13853988257348682,ok,True
0.3267719444349234,-0.058649821963483756,0.020139439523397917,0.0,1.0,14.700000000000001,FL,0.07776398200977222,False,False,-2.349299838788614,-8.00386512814085,11.801734782735382,False,14.525100610856152,0.791015625,0.6451957434623444,46.7578125,90.087890625,0.3267719444349234,ok,True
0.3267719444349234,-0.058649821963483756,0.015449873012907109,0.0,1.0,14.700000000000001,FR,0.5777639820097722,True,False,-1.5179965722609163,-63.89468341158343,-44.675357153788255,False,8.142767960112778,0.791015625,0.9832476536682334,60.55664062500001,90.966796875,0.3267719444349234,ok,True
0.3267719444349234,-0.058649821963483756,0.012111129855451505,0.0,1.0,14.700000000000001,RL,0.5777639820097722,True,False,-1.6017480286388412,-60.718129629991324,-41.44028471147635,False,2.982924127418089,0.791015625,0.95815857214432,59.4140625,91.142578125,0.3267719444349234,ok,True
0.3267719444349234,-0.058649821963483756,0.020267685184174173,0.0,1.0,14.700000000000001,RR,0.07776398200977222,False,False,-1.8973876407872154,-4.76569010524623,15.049397863976768,False,16.542813347524707,0.791015625,0.566140442638232,47.109375,91.318359375,0.3267719444349234,ok,True
0.737936238279712,-0.002438774833567253,0.0171708718519245,0.0,1.0,14.72,FL,0.09165287089866112,False,False,-2.445549858841399,-9.450609212508649,10.3490614176273,False,15.787035294457125,0.791015625,1.0674060745754816,47.28515625,90.0,0.737936238279712,ok,True
0.737936238279712,-0.002438774833567253,0.017692293783265905,0.0,1.0,14.72,FR,0.5916528708986611,True,False,-1.456395491724355,-64.65457183848392,-45.42312931166076,False,9.971716898460377,0.791015625,0.7109427618565064,60.8203125,92.197265625,0.737936238279712,ok,True
0.737936238279712,-0.002438774833567253,0.02821110134750095,0.0,1.0,14.72,RL,0.5916528708986611,True,False,-0.6931650601003317,-61.935383005409314,-42.669245302250694,False,2.0550743640171807,0.791015625,0.7448556896810102,59.94140625000001,92.8125,0.737936238279712,ok,True
0.737936238279712,-0.002438774833567253,0.018569044314202556,0.0,1.0,14.72,RR,0.09165287089866112,False,False,-2.388851717906735,-5.4379024274146035,14.377110975725785,False,18.472692893364094,0.791015625,0.7737427467510612,47.197265625,90.791015625,0.737936238279712,ok,True
1.0771451972018453,0.09550389108037897,0.013550801200707391,0.0,1.0,14.74,FL,0.10554175978755001,False,False,-2.5556764976501327,-10.644924744625394,9.148993416562407,False,15.219582528309013,0.791015625,1.4611710084691836,47.63671875000001,89.82421875,1.0771451972018453,ok,True
1.0771451972018453,0.09550389108037897,0.019843361661319097,0.0,1.0,14.74,FR,0.60554175978755,True,True,-1.4252830314963396,-64.91609155861161,-45.664836708745334,False,8.71794213180298,0.791015625,0.4604502389725605,60.8203125,93.515625,1.0771451972018453,ok,True
1.0771451972018453,0.09550389108037897,0.11637973423319314,0.0,1.0,14.74,RL,0.60554175978755,True,True,1.0353185344814526,-61.01464698690657,-41.70644321325795,False,0.0,0.791015625,0.5690322749957307,60.29296875000001,94.39453125,1.0771451972018453,ok,True
1.0771451972018453,0.09550389108037897,0.015575319418510043,0.0,1.0,14.74,RR,0.10554175978755001,False,False,-2.8326726195975933,-5.711487682038992,14.103417886910119,False,20.296541230074236,0.791015625,1.021352149778877,47.28515625,90.263671875,1.0771451972018453,ok,True
1.3486037334449377,0.18991424841826263,0.011730517423640936,0.0,1.0,14.76,FL,0.1194306486764389,False,False,-2.622296310836339,-11.78697791880547,8.001359437965046,False,15.943418077637856,0.791015625,1.7997599920791643,47.900390625,89.736328125,1.3486037334449377,ok,True
1.3486037334449377,0.18991424841826263,0.020362901621154984,0.0,1.0,14.76,FR,0.6194306486764389,True,True,-1.3315318004973458,-64.9023989579027,-45.62831673613864,False,7.304902111727664,0.791015625,0.2543095972859456,60.8203125,94.921875,1.3486037334449377,ok,True
1.3486037334449377,0.18991424841826263,0.21522176847335042,0.0,1.0,14.76,RL,0.6194306486764389,True,True,3.1775407145492944,-58.01632831872576,-38.62518373823798,False,0.0,0.791015625,0.46061633117749035,60.29296875000001,95.712890625,1.3486037334449377,ok,True
1.3486037334449377,0.18991424841826263,0.012909127823509609,0.0,1.0,14.76,RR,0.1194306486764389,False,False,-3.228327993291688,-5.831815380083459,13.98297157236929,False,21.596033821038663,0.791015625,1.3281946996674328,47.373046875,89.82421875,1.3486037334449377,ok,True
1.5813560286221575,0.3075472770319209,0.010707606630563834,0.0,1.0,14.780000000000001,FL,0.1333195375653278,False,False,-2.7142675341814937,-12.876861012574306,6.906185776510899,False,16.955485054913236,0.791015625,2.062212659886577,48.33984375,89.384765625,1.5813560286221575,ok,True
1.5813560286221575,0.3075472770319209,0.023447261271323294,0.0,1.0,14.780000000000001,FR,0.6333195375653278,True,True,-1.1132569436324256,-64.61548917345183,-45.313812779657425,False,5.866135359325908,0.791015625,0.12337067710571073,60.55664062500001,96.328125,1.5813560286221575,ok,True
1.5813560286221575,0.3075472770319209,0.2099297511635693,0.0,1.0,14.780000000000001,RL,0.6333195375653278,True,True,5.5027678553507995,-55.153091610076565,-35.692517516961416,False,0.0,0.791015625,0.4148105385119327,60.29296875000001,97.20703125,1.5813560286221575,ok,True
1.5813560286221575,0.3075472770319209,0.009994849625087164,0.0,1.0,14.780000000000001,RR,0.1333195375653278,False,False,-3.531250271812267,-5.869716746304135,13.944837820718366,False,21.63995808422126,0.791015625,1.6964624231404153,47.63671875000001,89.296875,1.5813560286221575,ok,True
1.751492109151928,0.4280259383670636,0.009231213117022132,0.0,1.0,14.8,FL,0.1472084264542167,False,False,-2.8314544421130723,-13.870216410113335,5.907992169636833,False,17.830213315782714,0.791015625,2.2784066788523023,48.515625,88.857421875,1.751492109151928,ok,True
1.751492109151928,0.4280259383670636,0.04406307921116827,0.0,1.0,14.8,FR,0.6472084264542167,True,True,-0.5434985509141128,-63.793414922565795,-44.45324295489333,False,5.4603479947965825,0.791015625,0.07155646023851148,60.20507812499999,97.55859375,1.751492109151928,ok,True
1.751492109151928,0.4280259383670636,0.19537746733909733,0.0,1.0,14.8,RL,0.6472084264542167,True,True,7.844610979934739,-52.53392644538862,-33.0184328297363,False,0.0,0.791015625,0.4215741067665927,60.29296875000001,98.61328125,1.751492109151928,ok,True
1.751492109151928,0.4280259383670636,0.010518772380241664,0.0,1.0,14.8,RR,0.1472084264542167,False,False,-3.67858391159568,-5.903936377645357,13.910333305001002,False,21.242013993387783,0.791015625,2.0499980634856803,47.8125,88.76953125,1.751492109151928,ok,True
1.8060815957935643,0.46496774316745887,0.007994504210945925,0.0,1.0,14.82,FL,0.1610973153431056,False,False,-2.973173338438287,-14.73578761152496,5.037675005758503,False,18.770095609465482,0.791015625,2.501808883865814,48.779296875,88.41796875,1.8060815957935643,ok,True
1.8060815957935643,0.46496774316745887,0.17857259599864145,0.0,1.0,14.82,FR,0.6610973153431056,True,True,0.4164043137377498,-60.26549356226122,-40.845448272561015,False,0.0,0.791015625,0.1979592570613852,59.58984374999999,98.78906250000001,1.8060815957935643,ok,True
1.8060815957935643,0.46496774316745887,0.19428857319624332,0.0,1.0,14.82,RL,0.6610973153431056,True,True,9.905911981215498,-49.69448493659,-30.12788043525338,False,0.0,0.791015625,0.45965872820493087,60.1171875,99.84375,1.8060815957935643,ok,True
1.8060815957935643,0.46496774316745887,0.014572862059771555,0.0,1.0,14.82,RR,0.1610973153431056,False,False,-3.7148760212764795,-5.962028340803111,13.852060648669838,False,22.352918625351414,0.791015625,2.3156014807945846,48.076171875,88.2421875,1.8060815957935643,ok,True
1.7889033298889898,0.37644505346482016,0.007270220583878098,0.0,1.0,14.84,FL,0.17498620423199449,False,False,-3.132947890653149,-15.695979153910644,4.074813286689684,False,18.967512188627644,0.791015625,2.7224037560051757,49.04296875,87.978515625,1.7889033298889898,ok,True
1.7889033298889898,0.37644505346482016,0.45016630138142616,0.0,1.0,14.84,FR,0.6749862042319945,True,True,1.4423214692770685,-51.459337782489776,-31.910528048452655,False,0.0,0.791015625,0.38015546940344114,58.88671875,99.66796875,1.7889033298889898,ok,True
1.7889033298889898,0.37644505346482016,0.2080382903386027,0.0,1.0,14.84,RL,0.6749862042319945,True,True,11.262853651918938,-46.567660095770385,-26.93606776062361,False,0.0,0.791015625,0.4997658192338142,59.58984374999999,100.72265625000001,1.7889033298889898,ok,True
1.7889033298889898,0.37644505346482016,0.01478422587343363,0.0,1.0,14.84,RR,0.17498620423199449,False,False,-3.8085895788356994,-6.256174133114403,13.557834774636042,False,23.88270526693199,0.791015625,2.5043543577091847,48.427734375,87.71484375,1.7889033298889898,ok,True
1.7797663513420845,0.2280291589186589,0.0061662526377513766,0.0,1.0,14.86,FL,0.18887509312088338,False,False,-3.259622913017193,-16.91373368992779,2.8523903620131783,False,19.64491993682348,0.791015625,2.864956741362856,49.21875,87.71484375,1.7797663513420845,ok,True
1.7797663513420845,0.2280291589186589,0.3895653067219981,0.0,1.0,14.86,FR,0.6888750931208834,True,True,2.708828672891926,-44.26830771733915,-24.610141177381895,False,0.0,0.791015625,0.4268578154351461,58.00781250000001,100.283203125,1.7797663513420845,ok,True
1.7797663513420845,0.2280291589186589,0.24122664172024957,0.0,1.0,14.86,RL,0.6888750931208834,True,True,11.963698892296524,-42.98680653462761,-23.300347133416004,False,0.0,0.791015625,0.5091239761595949,58.798828125,101.162109375,1.7797663513420845,ok,True
1.7797663513420845,0.2280291589186589,0.01046992968033402,0.0,1.0,14.86,RR,0.18887509312088338,False,False,-3.9676102426802267,-6.9752469057730195,12.838424545247403,False,24.792534574126204,0.791015625,2.657306058846342,48.603515625,87.099609375,1.7797663513420845,ok,True
1.7363758242313223,0.09462604397881877,0.005189407092586944,0.0,1.0,14.88,FL,0.20276398200977228,False,False,-3.365248206255736,-18.311477354525916,1.447897278325975,False,20.080149433577798,0.791015625,2.9744256648871046,49.39453125000001,87.36328125,1.7363758242313223,ok,True
1.7363758242313223,0.09462604397881877,0.32600530081996665,0.0,1.0,14.88,FR,0.7027639820097723,True,True,3.952596827572409,-38.73551785931481,-19.01561945518438,False,0.0,0.791015625,0.44246061115684,57.041015625,100.72265625000001,1.7363758242313223,ok,True
1.7363758242313223,0.09462604397881877,0.2703439537953075,0.0,1.0,14.88,RL,0.7027639820097723,True,True,12.167762806940749,-38.99494760791864,-19.266895911641075,False,0.0,0.791015625,0.5039171713001235,58.00781250000001,101.68945312500001,1.7363758242313223,ok,True
1.7363758242313223,0.09462604397881877,0.005661730866422318,0.0,1.0,14.88,RR,0.20276398200977228,False,False,-4.122677005765029,-8.009526699739428,11.802990404442564,False,25.07235040544787,0.791015625,2.7431272537451528,49.04296875,86.572265625,1.7363758242313223,ok,True
1.6573013852251808,0.0041232619594966805,0.0051127339354820975,0.0,1.0,14.9,FL,0.21665287089866117,False,False,-3.4568456096406055,-19.804804612502316,-0.05413563129268795,False,20.40000702312587,0.791015625,3.048952162466649,49.5703125,87.099609375,1.6573013852251808,ok,True
1.6573013852251808,0.0041232619594966805,0.3032254478040585,0.0,1.0,14.9,FR,0.7166528708986611,True,True,5.103053278668054,-33.94925734204576,-14.194925802626187,False,0.0,0.791015625,0.46107477673805475,55.8984375,100.8984375,1.6573013852251808,ok,True
1.6573013852251808,0.0041232619594966805,0.28866945797944327,0.0,1.0,14.9,RL,0.7166528708986611,True,True,12.424481017380053,-34.7544183146222,-14.997399710871093,False,0.0,0.791015625,0.48184519339065585,56.77734375,101.77734375,1.6573013852251808,ok,True
1.6573013852251808,0.0041232619594966805,0.0025195830139734133,0.0,1.0,14.9,RR,0.21665287089866117,False,False,-4.2215904188787245,-9.273792105254525,10.536092882637167,False,24.53849662181434,0.791015625,2.7756622633724692,49.21875,86.220703125,1.6573013852251808,ok,True
1.5773916669568386,-0.06706474792861153,0.004847181204616846,0.0,1.0,14.92,FL,0.23054175978755007,False,False,-3.519449935965639,-21.392158500258976,-1.6527777852540382,False,20.418585906423118,0.791015625,3.065172432790415,49.833984375,86.8359375,1.5773916669568386,ok,True
1.5773916669568386,-0.06706474792861153,0.2990129562426604,0.0,1.0,14.92,FR,0.7305417597875501,True,True,6.081567297966134,-29.52753786534254,-9.75631352001118,False,0.0,0.791015625,0.4739408119536016,54.580078125,100.810546875,1.5773916669568386,ok,True
1.5773916669568386,-0.06706474792861153,0.27667001397940616,0.0,1.0,14.92,RL,0.7305417597875501,True,True,12.578913742257184,-30.87909487780272,-11.107838983211018,False,0.0,0.791015625,0.4722862508338363,55.634765625,101.68945312500001,1.5773916669568386,ok,True
1.5773916669568386,-0.06706474792861153,0.0020894994623487945,0.0,1.0,14.92,RR,0.23054175978755007,False,False,-4.242509568803385,-10.81503655511388,8.990053485106644,False,24.121260821219867,0.791015625,2.781852143429065,49.306640625,85.869140625,1.5773916669568386,ok,True
1.4947827757604364,-0.08410651421627464,0.004248471013726165,0.0,1.0,14.94,FL,0.24443064867643896,False,False,-3.5561752421135426,-23.045665688484533,-3.3194262382224053,False,20.590086151635003,0.791015625,3.0435107019506464,50.09765625,87.01171875,1.4947827757604364,ok,True
1.4947827757604364,-0.08410651421627464,0.32437900080665627,0.0,1.0,14.94,FR,0.7444306486764389,True,True,7.183131479745322,-24.80199820197678,-5.006726120060019,False,0.0,0.791015625,0.4790867750695391,53.173828125,100.37109375,1.4947827757604364,ok,True
1.4947827757604364,-0.08410651421627464,0.31857460427258505,0.0,1.0,14.94,RL,0.7444306486764389,True,True,13.188570774282919,-26.242969097173923,-6.448118120073644,False,0.0,0.791015625,0.46105064408944296,54.228515625,101.337890625,1.4947827757604364,ok,True
1.4947827757604364,-0.08410651421627464,0.003153768448653135,0.0,1.0,14.94,RR,0.24443064867643896,False,False,-4.213180287208934,-12.523573869703567,7.27339077760581,False,23.725677007215968,0.791015625,2.766603314335975,49.39453125000001,85.693359375,1.4947827757604364,ok,True
1.4031853448355327,-0.05475465825655955,0.003582039573497969,0.0,1.0,14.96,FL,0.25831953756532783,False,False,-3.5675761118479783,-24.816579593229328,-5.105494850323616,False,20.380797957698285,0.791015625,3.002633340587578,50.2734375,86.8359375,1.4031853448355327,ok,True
1.4031853448355327,-0.05475465825655955,0.3591625688712509,0.0,1.0,14.96,FR,0.7583195375653278,True,True,8.396151926794735,-19.573232353418188,0.24003000463714486,False,0.0,0.791015625,0.48483871344896934,51.767578125,99.84375,1.4031853448355327,ok,True
1.4031853448355327,-0.05475465825655955,0.334173317643917,0.0,1.0,14.96,RL,0.7583195375653278,True,True,14.197672443813001,-21.407712419099635,-1.5953104819492907,False,0.0,0.791015625,0.4511322425652512,52.91015625,100.810546875,1.4031853448355327,ok,True
1.4031853448355327,-0.05475465825655955,0.004805490686275786,0.0,1.0,14.96,RR,0.25831953756532783,False,False,-4.156499180844466,-14.3898317891931,5.394565040879016,False,23.09150377216549,0.791015625,2.7341076440726733,49.833984375,85.4296875,1.4031853448355327,ok,True
1.3113271411781218,0.02483983735590461,0.0036619839258805417,0.0,1.0,14.98,FL,0.2722084264542167,False,False,-3.5479277163395633,-26.71499510129047,-7.020455168319966,False,20.5457036231028,0.791015625,2.9349488229337184,50.537109375,86.66015625,1.3113271411781218,ok,True
1.3113271411781218,0.02483983735590461,0.3518543976227073,0.0,1.0,14.98,FR,0.7722084264542167,True,True,9.09773036494016,-14.717511370493028,5.096754269629514,False,0.0,0.791015625,0.4930285280258783,50.537109375,99.4921875,1.3113271411781218,ok,True
1.3113271411781218,0.02483983735590461,0.3289275314427194,0.0,1.0,14.98,RL,0.7722084264542167,True,True,15.034550109174122,-16.812101384528745,3.0029095695637835,False,0.0,0.791015625,0.44892091872945544,51.6796875,100.283203125,1.3113271411781218,ok,True
1.3113271411781218,0.02483983735590461,0.005762812971866585,0.0,1.0,14.98,RR,0.2722084264542167,False,False,-4.078197795703821,-16.46359372445242,3.308304226094119,False,22.424478619414035,0.791015625,2.6877382750035212,50.36132812500001,85.078125,1.3113271411781218,ok,True
1.2476796842117002,0.10959309104365732,0.005810434715644403,0.0,1.0,15.0,FL,0.2860973153431056,False,False,-3.550318756261727,-28.74959003248185,-9.074606423059173,False,20.87277960455467,0.791015625,2.818630644707913,50.9765625,86.923828125,1.2476796842117002,ok,True
1.2476796842117002,0.10959309104365732,0.3220963357395826,0.0,1.0,15.0,FR,0.7860973153431057,True,True,8.978692520953388,-10.764994245260766,9.04224674471892,False,0.0,0.791015625,0.49790274861664546,49.130859375,98.876953125,1.2476796842117002,ok,True
1.2476796842117002,0.10959309104365732,0.2888905738868494,0.0,1.0,15.0,RL,0.7860973153431057,True,True,15.173919608960542,-13.19521653991355,6.61512897159586,False,0.0,0.791015625,0.4521335966930298,50.625,99.84375,1.2476796842117002,ok,True
1.2476796842117002,0.10959309104365732,0.003825568741577933,0.0,1.0,15.0,RR,0.2860973153431056,False,False,-3.9747754414891716,-18.87522299930213,0.8880283289277671,False,22.435391072430697,0.791015625,2.640760441724927,50.80078125,84.90234375,1.2476796842117002,ok,True
1.184795585145072,0.1720510943554987,0.008057066495174476,0.0,1.0,15.02,FL,0.2999862042319945,False,False,-3.5625242582494123,-30.998902999457883,-11.348514866907657,False,20.351972049660997,0.791015625,2.691458079145261,51.50390625,87.099609375,1.184795585145072,ok,True
1.184795585145072,0.1720510943554987,0.2864792321958337,0.0,1.0,15.02,FR,0.7999862042319945,True,True,7.942392055908399,-7.907358020572308,11.895155653440444,False,0.0,0.791015625,0.49235671510257584,47.8125,98.173828125,1.184795585145072,ok,True
1.184795585145072,0.1720510943554987,0.24147941026138892,0.0,1.0,15.02,RL,0.7999862042319945,True,True,14.269751865070031,-10.778471176454165,9.02937958949725,False,0.0,0.791015625,0.4627930581018805,49.5703125,99.140625,1.184795585145072,ok,True
1.184795585145072,0.1720510943554987,0.0015960654239206074,0.0,1.0,15.02,RR,0.2999862042319945,False,False,-3.8950817746631303,-21.697412961726652,-1.949243794995759,False,22.52635964141546,0.791015625,2.5621340998975772,51.416015625,85.166015625,1.184795585145072,ok,True
1.0778503961325108,0.25574282058159165,0.008704393498241834,0.0,1.0,15.040000000000001,FL,0.3138750931208834,False,False,-3.525445160264266,-33.5298983171114,-13.90719774012171,False,20.299108194629515,0.791015625,2.5930064117708946,51.943359375,87.275390625,1.0778503961325108,ok,True
1.0778503961325108,0.25574282058159165,0.27193237117797636,0.0,1.0,15.040000000000001,FR,0.8138750931208834,True,True,6.12675339817223,-5.692907213626066,14.109205646301449,False,0.0,0.791015625,0.4892139409500666,46.58203125,97.3828125,1.0778503961325108,ok,True
1.0778503961325108,0.25574282058159165,0.2086086757818589,0.0,1.0,15.040000000000001,RL,0.8138750931208834,True,True,12.78855089286806,-9.327348467580752,10.481721289247208,False,0.0,0.791015625,0.4610028647889793,48.603515625,98.4375,1.0778503961325108,ok,True
1.0778503961325108,0.25574282058159165,0.0019938937807384444,0.0,1.0,15.040000000000001,RR,0.3138750931208834,False,False,-3.8406681813365138,-24.88078871571293,-5.1563166795400015,False,22.218217491139,0.791015625,2.4363284003162833,52.03125,85.341796875,1.0778503961325108,ok,True
0.977954803081247,0.38103169071049914,0.010556579479512773,0.0,1.0,15.06,FL,0.3277639820097723,False,False,-3.49672761118338,-36.30518272625795,-16.71204808640682,False,21.66631970771302,0.791015625,2.4738974239243547,52.3828125,87.5390625,0.977954803081247,ok,True
0.977954803081247,0.38103169071049914,0.29371006094131724,0.0,1.0,15.06,FR,0.8277639820097723,True,True,4.357300222479689,-3.4042528920938224,16.39599372370101,False,0.0,0.791015625,0.4964413035623416,45.52734375,96.50390625,0.977954803081247,ok,True
0.977954803081247,0.38103169071049914,0.22952284767582773,0.0,1.0,15.06,RL,0.8277639820097723,True,True,11.715721689383615,-7.743552651361842,12.065331274191806,False,0.0,0.791015625,0.4467085603879819,47.724609375,97.470703125,0.977954803081247,ok,True
0.977954803081247,0.38103169071049914,0.002581061193436556,0.0,1.0,15.06,RR,0.3277639820097723,False,False,-3.7838471403143155,-28.44726446920123,-8.756735052269693,False,22.164616198522957,0.791015625,2.309033960043742,52.470703125,85.60546875,0.977954803081247,ok,True
0.9158026065524383,0.5324979327383705,0.01418356894401971,0.0,1.0,15.08,FL,0.3416528708986612,False,False,-3.5454961129475113,-39.31322018227346,-19.755415581978404,False,22.300132706958063,0.791015625,2.331662958814756,52.91015625,87.71484375,0.9158026065524383,ok,True
0.9158026065524383,0.5324979327383705,0.3064588043079837,0.0,1.0,15.08,FR,0.8416528708986613,True,True,2.554969436220876,-1.2118809811118765,18.586086950603356,False,0.0,0.791015625,0.4909927110224534,44.47265625,95.537109375,0.9158026065524383,ok,True
0.9158026065524383,0.5324979327383705,0.23329211192184793,0.0,1.0,15.08,RL,0.8416528708986613,True,True,10.7667248371422,-6.370082307040812,13.439073106873115,False,0.0,0.791015625,0.43552852591049845,46.93359375,96.591796875,0.9158026065524383,ok,True
0.9158026065524383,0.5324979327383705,0.003741971487554934,0.0,1.0,15.08,RR,0.3416528708986612,False,False,-3.741308517881868,-32.35652127902376,-12.712382009294672,False,21.514868873381005,0.791015625,2.203374034292474,52.998046875,85.78125,0.9158026065524383,ok,True
0.9164742516506553,0.6953824154796858,0.017703282078514317,0.0,1.0,15.1,FL,0.3555417597875501,False,False,-3.625791588357189,-42.51981091306232,-22.988962401664217,False,22.91351995064995,0.791015625,2.1613998160129206,53.4375,87.802734375,0.9164742516506553,ok,True
0.9164742516506553,0.6953824154796858,0.2995436871736758,0.0,1.0,15.1,FR,0.8555417597875501,True,True,0.4752432946572537,0.5456807435690423,20.343249799799008,False,0.0,0.791015625,0.4908981338925709,43.681640625,94.5703125,0.9164742516506553,ok,True
0.9164742516506553,0.6953824154796858,0.22207729026369072,0.0,1.0,15.1,RL,0.8555417597875501,True,True,9.771497797503596,-5.469920778775476,14.340791846930406,False,0.0,0.791015625,0.4329653054573484,46.318359375,95.80078125,0.9164742516506553,ok,True
0.9164742516506553,0.6953824154796858,0.003920635713782753,0.0,1.0,15.1,RR,0.3555417597875501,False,False,-3.638366470260234,-36.52390671781408,-16.93719387295304,False,19.992061383550926,0.791015625,2.129759658034779,53.61328125,85.95703125,0.9164742516506553,ok,True
0.8927602114601447,0.8169934647715057,0.020154026920675184,0.0,1.0,15.120000000000001,FL,0.369430648676439,False,False,-3.7014959927853965,-45.76700103122041,-26.268603460553955,False,21.037816995727,0.791015625,2.0641500338469765,53.7890625,87.978515625,0.8927602114601447,ok,True
0.8927602114601447,0.8169934647715057,0.199348784890299,0.0,1.0,15.120000000000001,FR,0.8694306486764389,True,True,-1.1870917078459498,0.2675896624701067,20.070973280100155,True,10.193051602547492,0.791015625,0.5229973519817267,43.06640625,93.779296875,0.8927602114601447,ok,True
0.8927602114601447,0.8169934647715057,0.21696098868410874,0.0,1.0,15.120000000000001,RL,0.8694306486764389,True,True,8.667071769370118,-4.7568508673832275,15.055408760685374,False,0.0,0.791015625,0.47080358041205683,45.70312500000001,95.009765625,0.8927602114601447,ok,True
0.8927602114601447,0.8169934647715057,0.004309701934503993,0.0,1.0,15.120000000000001,RR,0.369430648676439,False,False,-3.4466438264706376,-40.710612805675495,-21.175882419117787,False,17.352430011499546,0.791015625,2.0008700000158237,54.140625,86.220703125,0.8927602114601447,ok,True
0.6697004733935745,0.7942112023127879,0.019506143502220546,0.0,1.0,15.14,FL,0.3833195375653279,False,False,-3.585325855315513,-48.4565829405981,-28.993508759979527,False,17.578593653188857,0.791015625,2.1037349037927586,54.228515625,88.06640625,0.7942112023127879,ok,True
0.6697004733935745,0.7942112023127879,0.06718559000554546,0.0,1.0,15.14,FR,0.8833195375653279,True,True,-1.7554969099541768,-1.9789948110659838,17.83341071924107,False,10.956760408754045,0.791015625,0.5650145876582908,42.626953125,93.076171875,0.7942112023127879,ok,True
0.6697004733935745,0.7942112023127879,0.2124186971414753,0.0,1.0,15.14,RL,0.8833195375653279,True,True,7.184400380613923,-3.6573795705218357,16.15548165457204,False,0.0,0.791015625,0.48052188494167236,45.439453125,94.30664062500001,0.7942112023127879,ok,True
0.6697004733935745,0.7942112023127879,0.004411624409118129,0.0,1.0,15.14,RR,0.3833195375653279,False,False,-3.1383715262669165,-44.257570864912225,-24.76486930972456,False,14.61655279469376,0.791015625,1.7517935565144598,54.580078125,86.396484375,0.7942112023127879,ok,True
0.3630066375082461,0.675971159306791,0.017303257933664096,0.0,1.0,15.16,FL,0.3972084264542168,False,False,-3.300409517924173,-50.30186914734163,-30.866247669758714,False,16.484678451025403,0.791015625,2.13549612173948,54.4921875,88.330078125,0.675971159306791,ok,True
0.3630066375082461,0.675971159306791,0.05139308295366013,0.0,1.0,15.16,FR,0.8972084264542168,True,True,-1.9678562879625778,-3.58647537745154,16.22897608926416,False,10.6475282513494,0.791015625,0.6162833526470749,42.1875,92.63671875,0.675971159306791,ok,True
0.3630066375082461,0.675971159306791,0.17045303657910083,0.0,1.0,15.16,RL,0.8972084264542168,True,True,5.362695524626537,-2.544778328374389,17.26848481749391,False,0.0,0.791015625,0.4502742204379838,45.17578125,93.779296875,0.675971159306791,ok,True
0.3630066375082461,0.675971159306791,0.0031615975808089876,0.0,1.0,15.16,RR,0.3972084264542168,False,False,-2.7921763642048023,-46.85885737223538,-27.400513674454576,False,13.614088084475071,0.791015625,1.5358344631501086,55.107421875,86.572265625,0.675971159306791,ok,True
0.019033672112153916,0.5185042399150934,0.0139813671455851,0.0,1.0,15.18,FL,0.4110973153431057,False,False,-3.06495171409997,-51.333582552881516,-31.91300483298509,False,16.407279122025713,0.791015625,2.144939219275745,54.580078125,88.50585937500001,0.5185042399150934,ok,True
0.019033672112153916,0.5185042399150934,0.04720077576220476,0.0,1.0,15.18,FR,0.9110973153431057,True,False,-2.014723809368044,-4.236419836901745,15.578447973332839,False,9.986226797285626,0.791015625,0.6718950852176985,42.099609375,92.197265625,0.5185042399150934,ok,True
0.019033672112153916,0.5185042399150934,0.10555126132751544,0.0,1.0,15.18,RL,0.9110973153431057,True,False,3.2910128872665894,-1.796018642224426,18.017879036161737,False,0.0,0.791015625,0.4216717507037848,45.17578125,93.427734375,0.5185042399150934,ok,True
0.019033672112153916,0.5185042399150934,0.0022315967538139143,0.0,1.0,15.18,RR,0.4110973153431057,False,False,-2.536456352127261,-48.47099738792766,-29.03445727566686,False,13.198266488371333,0.791015625,1.4167463023011344,55.458984375,86.8359375,0.5185042399150934,ok,True
-0.35385982711971026,0.3420654283717007,0.011511241214531434,0.0,1.0,15.200000000000001,FL,0.42498620423199457,False,False,-2.9554874072283184,-51.58255997066938,-32.162524580650356,False,18.024016616946188,0.791015625,2.1461903878440145,54.66796875,88.59375,0.35385982711971026,ok,True
-0.35385982711971026,0.3420654283717007,0.04189098671238205,0.0,1.0,15.200000000000001,FR,0.9249862042319945,True,False,-1.955137322709629,-3.9766549554539794,15.83731078347102,False,8.952600361229331,0.791015625,0.7172170596876958,42.1875,92.021484375,0.35385982711971026,ok,True
-0.35385982711971026,0.3420654283717007,0.04372786298547111,0.0,1.0,15.200000000000001,RL,0.9249862042319945,True,False,1.0516508375594258,-1.3864628835018435,18.428020142679927,False,0.0,0.791015625,0.41235822122589477,45.263671875,93.1640625,0.35385982711971026,ok,True
-0.35385982711971026,0.3420654283717007,0.006279312116217482,0.0,1.0,15.200000000000001,RR,0.42498620423199457,False,False,-2.3870540233377704,-49.165497425379016,-29.735874201084336,False,13.611299095458758,0.791015625,1.390151191415404,55.98632812500001,87.01171875,0.35385982711971026,ok,True
-0.716796608970702,0.16075311210949486,0.009742384586554902,0.0,1.0,15.22,FL,0.43887509312088346,False,False,-3.0159593985331217,-51.09126804461477,-31.65960842884783,False,19.161020480574777,0.791015625,2.1206966322866916,55.01953125000001,88.76953125,0.716796608970702,ok,True
-0.716796608970702,0.16075311210949486,0.035148644864856075,0.0,1.0,15.22,FR,0.9388750931208835,True,False,-1.8082459379991298,-2.9184860336682847,16.89563018155085,False,7.802084936236624,0.791015625,0.7758171424630271,42.5390625,92.109375,0.716796608970702,ok,True
-0.716796608970702,0.16075311210949486,0.010188434508863918,0.0,1.0,15.22,RL,0.9388750931208835,True,False,-0.8856641720246701,-1.0161429158044186,18.79834571481594,True,6.525480283456309,0.791015625,0.389239942211919,45.087890625,93.1640625,0.716796608970702,ok,True
-0.716796608970702,0.16075311210949486,0.011271109006560222,0.0,1.0,15.22,RR,0.43887509312088346,False,False,-2.3255090572442025,-49.02565561089885,-29.58926103042065,False,12.14448126903184,0.791015625,1.454638704306737,56.513671875,87.1875,0.716796608970702,ok,True
-0.9623237371104606,0.052203761707345316,0.00821099222226136,0.0,1.0,15.24,FL,0.45276398200977236,False,False,-3.1351467164022937,-49.948306466174266,-30.495903748313427,False,18.384922682121463,0.791015625,2.000455100757251,55.1953125,88.857421875,0.9623237371104606,ok,True
-0.9623237371104606,0.052203761707345316,0.02845608852889384,0.0,1.0,15.24,FR,0.9527639820097724,True,False,-1.6020956023220443,-1.381407325715555,18.43351916965052,False,6.149853441294112,0.791015625,0.9269592346225194,42.978515625,92.197265625,0.9623237371104606,ok,True
-0.9623237371104606,0.052203761707345316,0.013797910120051805,0.0,1.0,15.24,RL,0.9527639820097724,True,False,-1.3348232894180405,-0.03516299992684059,19.777219383511717,False,8.581396824286951,0.791015625,0.3413174680903657,45.087890625,93.427734375,0.9623237371104606,ok,True
-0.9623237371104606,0.052203761707345316,0.017821849796666487,0.0,1.0,15.24,RR,0.45276398200977236,False,False,-2.1841948584714177,-48.39719547610195,-28.948193658698926,False,10.771752827176302,0.791015625,1.5331981882277812,56.865234375,87.275390625,0.9623237371104606,ok,True
-1.1075146159681928,-0.02435707149539315,0.009039687441553515,0.0,1.0,15.26,FL,0.46665287089866125,False,False,-3.1641278081902744,-48.58557572863704,-29.109882232447557,False,18.803445529791944,0.791015625,1.8478339289776957,55.1953125,88.681640625,1.1075146159681928,ok,True
-1.1075146159681928,-0.02435707149539315,0.020223840296101993,0.0,1.0,15.26,FR,0.9666528708986613,True,False,-1.3168603424560492,0.08506291631665526,19.900506588794357,False,3.275939114583688,0.791015625,1.1072624998998513,43.41796875,92.4609375,1.1075146159681928,ok,True
-1.1075146159681928,-0.02435707149539315,0.013903544930876345,0.0,1.0,15.26,RL,0.9666528708986613,True,False,-1.4521949738255935,1.2397252427160084,21.048179072548734,False,8.5571058119229,0.791015625,0.3511593033733817,45.17578125,93.076171875,1.1075146159681928,ok,True
-1.1075146159681928,-0.02435707149539315,0.022753490617641387,0.0,1.0,15.26,RR,0.46665287089866125,False,False,-2.0356736995591675,-47.75906386535519,-28.296176985944275,False,12.004817377829058,0.791015625,1.5445883990770066,57.12890625,87.36328125,1.1075146159681928,ok,True
-1.1533131412563884,-0.10098226825300703,0.010125595842100798,0.0,1.0,15.280000000000001,FL,0.48054175978755015,False,False,-3.2195892580673022,-47.463268346333734,-27.970307426984082,False,19.58008100597055,0.791015625,1.7241175563325009,55.1953125,88.330078125,1.1533131412563884,ok,True
-1.1533131412563884,-0.10098226825300703,0.025407185162725505,0.0,1.0,15.280000000000001,FR,0.9805417597875501,True,False,-0.6918438018086414,1.295751155532754,21.11087083390915,False,2.2802912198624954,0.791015625,1.2094813067866035,43.76953125,92.900390625,1.1533131412563884,ok,True
-1.1533131412563884,-0.10098226825300703,0.011832284860972498,0.0,1.0,15.280000000000001,RL,0.9805417597875501,True,False,-1.4865323207890988,2.309384144805601,22.113002959198443,False,8.813703529277923,0.791015625,0.3888209134018972,45.263671875,92.900390625,1.1533131412563884,ok,True
-1.1533131412563884,-0.10098226825300703,0.024565283619239545,0.0,1.0,15.280000000000001,RR,0.48054175978755015,False,False,-2.05217147130927,-47.39416755162947,-27.92028665162912,False,13.82533095702693,0.791015625,1.5376224536397163,57.39257812500001,87.36328125,1.1533131412563884,ok,True
-1.0827551546655405,-0.16550884081857073,0.009302607758539333,0.0,1.0,15.3,FL,0.49443064867643904,False,False,-3.306960382134858,-46.77293989499245,-27.271851230301095,False,19.48204353867739,0.791015625,1.6264399573313333,55.283203125,87.978515625,1.0827551546655405,ok,True
-1.0827551546655405,-0.16550884081857073,0.03654798407460297,0.0,1.0,15.3,FR,0.994430648676439,True,False,-0.05378441078963264,2.1455814286463437,21.959116342518104,False,1.8161923898463141,0.791015625,1.215888335046616,44.296875,93.1640625,1.0827551546655405,ok,True
-1.0827551546655405,-0.16550884081857073,0.008769988894473179,0.0,1.0,15.3,RL,0.994430648676439,True,False,-1.5132656865597358,2.969194655332276,22.76943637581203,False,9.346998341628037,0.791015625,0.4235516717985323,45.439453125,92.724609375,1.0827551546655405,ok,True
-1.0827551546655405,-0.16550884081857073,0.024037546500315646,0.0,1.0,15.3,RR,0.49443064867643904,False,False,-2.199587829827897,-47.41508220518354,-27.936349101878207,False,14.724245052454881,0.791015625,1.5432736158955471,57.48046875,87.5390625,1.0827551546655405,ok,True
-0.8318054080457183,-0.1888705254882778,0.008416794497414745,0.0,1.0,15.32,FL,0.5083195375653279,True,False,-3.358053580605782,-46.63618001123071,-27.136494954843922,False,18.995601356011104,0.791015625,1.4864342114207285,55.634765625,87.978515625,0.8318054080457183,ok,True
-0.8318054080457183,-0.1888705254882778,0.08176683060084405,0.0,1.0,15.32,FR,0.008319537565327995,False,False,-0.09481993484953058,2.4524503008391263,22.264433879145745,False,1.6748096740725733,0.791015625,0.9998233252436438,44.82421875,92.98828125,0.8318054080457183,ok,True
-0.8318054080457183,-0.1888705254882778,0.00640111836049112,0.0,1.0,15.32,RL,0.008319537565327995,False,False,-1.558958430395732,3.106820649581844,22.90759927760283,False,8.487728549678094,0.791015625,0.41041453198627104,45.791015625,92.197265625,0.8318054080457183,ok,True
-0.8318054080457183,-0.1888705254882778,0.022007557331746894,0.0,1.0,15.32,RR,0.5083195375653279,True,False,-2.367800454305858,-47.95242458670769,-28.476672486649242,False,15.337922472788733,0.791015625,1.6026891481336445,57.919921875,87.802734375,0.8318054080457183,ok,True
-0.5171819281634235,-0.1636180805932641,0.007360099635131311,0.0,1.0,15.34,FL,0.5222084264542167,True,False,-3.3294631298191444,-47.16513924961884,-27.67484267305879,False,17.33835686872914,0.791015625,1.4139511413867694,55.98632812500001,88.2421875,0.5171819281634235,ok,True
-0.5171819281634235,-0.1636180805932641,0.034535235681708625,0.0,1.0,15.34,FR,0.022208426454216834,False,False,-0.2688570769371554,1.8311610254452613,21.64300855921906,False,2.8485731040229263,0.791015625,0.9569137304908595,45.087890625,92.63671875,0.5171819281634235,ok,True
-0.5171819281634235,-0.1636180805932641,0.004369478465266598,0.0,1.0,15.34,RL,0.022208426454216834,False,False,-1.5677648806745985,2.5627054360975414,22.36726463707046,False,8.65030253162999,0.791015625,0.4464726868741846,46.142578125,91.669921875,0.5171819281634235,ok,True
-0.5171819281634235,-0.1636180805932641,0.017930559045100575,0.0,1.0,15.34,RR,0.5222084264542167,True,False,-2.483624106701707,-49.06399938538445,-29.59921777675466,False,14.757677170856955,0.791015625,1.6155490905785146,58.27148437499999,87.978515625,0.5171819281634235,ok,True
-0.18718096500507383,-0.1211701367969059,0.0036116538135584565,0.0,1.0,15.36,FL,0.5360973153431056,True,False,-3.1501917572115437,-48.377863220424715,-28.90520020480916,False,14.389756350817372,0.791015625,1.419288056220997,56.42578125,88.681640625,0.18718096500507383,ok,True
-0.18718096500507383,-0.1211701367969059,0.009215243241411628,0.0,1.0,15.36,FR,0.036097315343105674,False,False,-0.6070665332703271,0.5702694053869445,20.383186169411484,False,7.092114376301733,0.791015625,0.9558814722569416,45.263671875,92.109375,0.18718096500507383,ok,True
-0.18718096500507383,-0.1211701367969059,0.00233771338112142,0.0,1.0,15.36,RL,0.036097315343105674,False,False,-1.5851689174032484,1.3183203078256216,21.128045900435993,False,9.062667293057427,0.791015625,0.537169897550364,46.318359375,91.318359375,0.18718096500507383,ok,True
-0.18718096500507383,-0.1211701367969059,0.015472700562701521,0.0,1.0,15.36,RR,0.5360973153431056,True,False,-2.5090787624955557,-50.752209720705274,-31.305955387710746,False,14.472997924365378,0.791015625,1.5778198751838475,58.71093750000001,88.41796875,0.18718096500507383,ok,True
0.09385531954346044,-0.07772587336147181,0.0037236383120107987,0.0,1.0,15.38,FL,0.5499862042319944,True,False,-2.7813578855424814,-50.042152409372584,-30.593007955532656,False,10.78733611389418,0.791015625,1.4643359197890653,56.865234375,89.296875,0.09385531954346044,ok,True
0.09385531954346044,-0.07772587336147181,0.014935712819207081,0.0,1.0,15.38,FR,0.04998620423199451,False,False,-1.0799693172083915,-1.119533338703439,18.69505661027495,False,12.840678672359964,0.791015625,0.9516054511630229,45.615234375,91.669921875,0.09385531954346044,ok,True
0.09385531954346044,-0.07772587336147181,0.001219119762887575,0.0,1.0,15.38,RL,0.04998620423199451,False,False,-1.6157222346779785,-0.4001555085455054,19.41380742775904,False,9.384144405833657,0.791015625,0.7036475893937361,46.40625,90.791015625,0.09385531954346044,ok,True
0.09385531954346044,-0.07772587336147181,0.01314598568726713,0.0,1.0,15.38,RR,0.5499862042319944,True,False,-2.464163147228164,-52.92795807426632,-33.50948083880506,False,12.695606876897905,0.791015625,1.455147369757218,59.0625,89.033203125,0.09385531954346044,ok,True
0.3096068912074819,-0.06063836540153867,0.006853517184804356,0.0,1.0,15.4,FL,0.5638750931208832,True,False,-2.260595836888894,-51.778529344049154,-32.35445659682858,False,7.485832272123746,0.791015625,1.466871835542599,57.30468749999999,90.17578125,0.3096068912074819,ok,True
0.3096068912074819,-0.06063836540153867,0.020834580887487998,0.0,1.0,15.4,FR,0.06387509312088335,False,False,-1.6121880834626852,-3.0096011411911756,16.805883521950566,False,14.566122578486151,0.791015625,1.0065742365593129,45.791015625,91.23046875,0.3096068912074819,ok,True
0.3096068912074819,-0.06063836540153867,0.003088913451403614,0.0,1.0,15.4,RL,0.06387509312088335,False,False,-1.6715518089654366,-2.2006415150750223,17.614842605988084,False,10.331906873491345,0.791015625,0.9159493737910264,46.40625,90.263671875,0.3096068912074819,ok,True
0.3096068912074819,-0.06063836540153867,0.00993902000455605,0.0,1.0,15.4,RR,0.5638750931208832,True,False,-2.2921123600464135,-55.31066573717046,-35.92481629015999,False,10.551731016017497,0.791015625,1.2655564627910265,59.58984374999999,89.912109375,0.3096068912074819,ok,True
0.4850339732288745,-0.023434450032621554,0.0077546708936301,0.0,1.0,15.42,FL,0.5777639820097721,True,False,-1.7108441590187005,-53.358741557175804,-33.954544738747416,False,4.79544128288189,0.791015625,1.3910224917469771,57.83203125,91.23046875,0.4850339732288745,ok,True
0.4850339732288745,-0.023434450032621554,0.02172826552623792,0.0,1.0,15.42,FR,0.07776398200977219,False,False,-2.1180517582390266,-4.9293910998528325,14.885081191621005,False,17.72314521906185,0.791015625,1.1517372743832786,45.87890625,90.703125,0.4850339732288745,ok,True
0.4850339732288745,-0.023434450032621554,0.004174504637277768,0.0,1.0,15.42,RL,0.07776398200977219,False,False,-1.788835869688036,-3.841753230206293,15.972538064858963,False,11.912955816124775,0.791015625,1.13252559308207,46.7578125,89.82421875,0.4850339732288745,ok,True
0.4850339732288745,-0.023434450032621554,0.007903300891490281,0.0,1.0,15.42,RR,0.5777639820097721,True,False,-1.985129744325468,-57.650145377597866,-38.29744228325381,False,7.5085000462449205,0.791015625,1.0498554142449728,59.765625,90.87890625,0.4850339732288745,ok,True
0.5941753577727725,0.02124814882266551,0.01007661841969891,0.0,1.0,15.44,FL,0.5916528708986609,True,False,-1.1439371997194243,-54.50442781864587,-35.10820884131968,False,2.7948169499194124,0.791015625,1.2535131029827193,58.35937500000001,92.28515625,0.5941753577727725,ok,True
0.5941753577727725,0.02124814882266551,0.022501732860353424,0.0,1.0,15.44,FR,0.09165287089866103,False,False,-2.641589174005379,-6.603670463085982,13.208344912832121,False,20.761588793989755,0.791015625,1.360524341689261,46.142578125,90.17578125,0.5941753577727725,ok,True
0.5941753577727725,0.02124814882266551,0.0027971740988652766,0.0,1.0,15.44,RL,0.09165287089866103,False,False,-1.976501589164726,-5.115046084489345,14.696597676823055,False,13.258258929257835,0.791015625,1.3664460288083562,47.109375,89.296875,0.5941753577727725,ok,True
0.5941753577727725,0.02124814882266551,0.007788642620487676,0.0,1.0,15.44,RR,0.5916528708986609,True,False,-1.5737118517058952,-59.68942183925501,-40.363752952412696,False,5.427779230299491,0.791015625,0.7985752525381599,59.94140625000001,92.109375,0.5941753577727725,ok,True
0.6312300681895836,0.03440726607851524,0.026004888959157077,0.0,1.0,15.46,FL,0.6055417597875498,True,True,-0.3688109310383356,-54.8674128906097,-35.461123258203386,False,1.6353625871408088,0.791015625,1.0618913453864127,58.88671875,93.603515625,0.6312300681895836,ok,True
0.6312300681895836,0.03440726607851524,0.021986173188092657,0.0,1.0,15.46,FR,0.10554175978754987,False,False,-3.1506796639741674,-7.776862512900871,12.032150976275542,False,21.91265590727401,0.791015625,1.5852300179314778,46.318359375,89.736328125,0.6312300681895836,ok,True
0.6312300681895836,0.03440726607851524,0.002458795926620411,0.0,1.0,15.46,RL,0.10554175978754987,False,False,-2.2206015882061494,-5.99920956769753,13.810128091580427,False,16.30424539584677,0.791015625,1.5699107122774958,47.4609375,88.76953125,0.6312300681895836,ok,True
0.6312300681895836,0.03440726607851524,0.010430929856021336,0.0,1.0,15.46,RR,0.6055417597875498,True,True,-1.146101972272306,-61.120032029184955,-41.80921234880887,False,3.042527841487236,0.791015625,0.5802184728500684,59.94140625000001,93.515625,0.6312300681895836,ok,True
0.5885543305230664,0.02028129149313416,0.08182117145592455,0.0,1.0,15.48,FL,0.6194306486764386,True,True,0.588262485574165,-53.71722454597466,-34.274630966964764,False,0.0,0.791015625,0.8376434468811995,59.32617187500001,95.009765625,0.5885543305230664,ok,True
0.5885543305230664,0.02028129149313416,0.0174244230427078,0.0,1.0,15.48,FR,0.11943064867643871,False,False,-3.519313055095827,-8.423145006399885,11.383238975372233,False,22.155673559864326,0.791015625,1.7416089585501744,46.7578125,89.208984375,0.5885543305230664,ok,True
0.5885543305230664,0.02028129149313416,0.007592587515745114,0.0,1.0,15.48,RL,0.11943064867643871,False,False,-2.5618110544563533,-6.544488271346744,13.263266388820277,False,18.43506286523557,0.791015625,1.7472805166067356,47.900390625,88.50585937500001,0.5885543305230664,ok,True
0.5885543305230664,0.02028129149313416,0.0429707443634636,0.0,1.0,15.48,RR,0.6194306486764386,True,True,-0.2203666441349273,-61.28698051503308,-41.961383145804746,False,3.001821138413522,0.791015625,0.4562520553314768,60.1171875,94.921875,0.5885543305230664,ok,True
0.4217914697832356,-0.027237134482991154,0.14340845158855528,0.0,1.0,15.5,FL,0.6333195375653274,True,True,1.7467565501919877,-51.27924999725779,-31.783928603027633,False,0.0,0.791015625,0.5967616567421374,59.58984374999999,96.6796875,0.4217914697832356,ok,True
0.4217914697832356,-0.027237134482991154,0.013199792422346283,0.0,1.0,15.5,FR,0.13331953756532755,False,False,-3.7227716824696047,-8.764960339697234,11.038803414543784,False,21.21458114873823,0.791015625,1.7721855892789473,47.197265625,88.681640625,0.4217914697832356,ok,True
0.4217914697832356,-0.027237134482991154,0.0118217048744809,0.0,1.0,15.5,RL,0.13331953756532755,False,False,-2.949668655557361,-7.012183065529595,12.794514366002797,False,22.174532335393888,0.791015625,1.9392821976595227,48.1640625,88.41796875,0.4217914697832356,ok,True
0.4217914697832356,-0.027237134482991154,0.2140709149566283,0.0,1.0,15.5,RR,0.6333195375653274,True,True,1.113982822536084,-57.66749900545374,-38.257753950749105,False,0.0,0.791015625,0.4859995258337186,60.29296875000001,95.9765625,0.4217914697832356,ok,True
0.3570828206316271,-0.1911386037962791,0.15653846639664457,0.0,1.0,15.52,FL,0.6472084264542163,True,True,3.81646345499493,-48.476591191896716,-28.93128363632701,False,0.0,0.791015625,0.4393146778527082,59.58984374999999,98.173828125,0.3570828206316271,ok,True
0.3570828206316271,-0.1911386037962791,0.009873962359730691,0.0,1.0,15.52,FR,0.1472084264542164,False,False,-3.7623195935115388,-9.3330551410697,10.46599001922274,False,20.725012989888977,0.791015625,1.917859253652397,47.724609375,88.2421875,0.3570828206316271,ok,True
0.3570828206316271,-0.1911386037962791,0.012748440226671001,0.0,1.0,15.52,RL,0.1472084264542164,False,False,-3.404315880780901,-7.543836943862074,12.26207367025229,False,24.102319121310114,0.791015625,2.076808789752007,48.515625,88.06640625,0.3570828206316271,ok,True
0.3570828206316271,-0.1911386037962791,0.2668468062255653,0.0,1.0,15.52,RR,0.6472084264542163,True,True,1.8736460020605978,-53.10786713109188,-33.61449426328274,False,0.0,0.791015625,0.5025152668719923,60.29296875000001,97.294921875,0.3570828206316271,ok,True
0.4382248046878207,-0.39779279749119995,0.20317180778147226,0.0,1.0,15.540000000000001,FL,0.6610973153431051,True,True,6.733462512401873,-44.913921239767035,-25.29729267361188,False,0.0,0.791015625,0.4107577128005532,59.4140625,99.31640625,0.4382248046878207,ok,True
0.4382248046878207,-0.39779279749119995,0.007576555368328733,0.0,1.0,15.540000000000001,FR,0.16109731534310523,False,False,-3.714883706556718,-10.203701155267993,9.588081116525228,False,19.79929481911298,0.791015625,2.180977856269562,48.1640625,87.71484375,0.4382248046878207,ok,True
0.4382248046878207,-0.39779279749119995,0.010800020585119611,0.0,1.0,15.540000000000001,RL,0.16109731534310523,False,False,-3.7928249595770085,-8.126883875889659,11.677600175947665,False,24.624994820272097,0.791015625,2.161733590309687,48.779296875,87.890625,0.4382248046878207,ok,True
0.4382248046878207,-0.39779279749119995,0.24075970890345633,0.0,1.0,15.540000000000001,RR,0.6610973153431051,True,True,2.4113361769440287,-49.309470068556074,-29.75889352762216,False,0.0,0.791015625,0.4815033685681205,60.029296875,98.61328125,0.4382248046878207,ok,True
0.594132010936196,-0.6132457002959413,0.2211566324075366,0.0,1.0,15.56,FL,0.674986204231994,True,True,9.811634196188578,-41.229188218820305,-21.550032337276257,False,0.0,0.791015625,0.4281917715660473,59.0625,100.458984375,0.6132457002959413,ok,True
0.594132010936196,-0.6132457002959413,0.006955613742989909,0.0,1.0,15.56,FR,0.17498620423199407,False,False,-3.6256556906510835,-11.362201638856437,8.419425464202789,False,19.58846717474347,0.791015625,2.4496820111831537,48.69140625,87.5390625,0.6132457002959413,ok,True
0.594132010936196,-0.6132457002959413,0.008785007892704463,0.0,1.0,15.56,RL,0.17498620423199407,False,False,-4.043584605479593,-8.862901233098015,10.939154082855747,False,24.711079577062364,0.791015625,2.2500217550143553,49.130859375,87.626953125,0.6132457002959413,ok,True
0.594132010936196,-0.6132457002959413,0.25413064816244885,0.0,1.0,15.56,RR,0.674986204231994,True,True,3.08277808947309,-45.49914899267008,-25.877458290595975,False,0.0,0.791015625,0.4583749023098046,59.501953125,99.66796875,0.6132457002959413,ok,True
0.7770942371735989,-0.8016414352210381,0.23209257456805418,0.0,1.0,15.58,FL,0.6888750931208828,True,True,12.752228117492617,-37.51809486810104,-17.79292735647733,False,0.0,0.791015625,0.4591304079871986,58.53515625,101.07421875,0.8016414352210381,ok,True
0.7770942371735989,-0.8016414352210381,0.007084945433767821,0.0,1.0,15.58,FR,0.1888750931208829,False,False,-3.5243861477039227,-12.740243511831247,7.032387275211354,False,18.91871654324755,0.791015625,2.658528994892354,49.21875,87.626953125,0.8016414352210381,ok,True
0.7770942371735989,-0.8016414352210381,0.005773690818001916,0.0,1.0,15.58,RL,0.1888750931208829,False,False,-4.167852483149222,-9.786788230600296,10.011237250629973,False,24.265868285972537,0.791015625,2.3576616482618777,49.39453125000001,87.1875,0.8016414352210381,ok,True
0.7770942371735989,-0.8016414352210381,0.28815391083252695,0.0,1.0,15.58,RR,0.6888750931208828,True,True,3.836460308640162,-41.21673079283369,-21.530777930891478,False,0.0,0.791015625,0.45441077704799987,58.88671875,100.810546875,0.8016414352210381,ok,True
1.0029596930065976,-0.9535496126315043,0.24149038695363473,0.0,1.0,15.6,FL,0.7027639820097716,True,True,15.250804993651178,-33.8779338643356,-14.123320145828803,False,0.0,0.791015625,0.48201983016052974,58.095703125,102.041015625,1.0029596930065976,ok,True
1.0029596930065976,-0.9535496126315043,0.006757425254213851,0.0,1.0,15.6,FR,0.20276398200977175,False,False,-3.418626963237966,-14.342921836315277,5.425310193766116,False,19.139433993847064,0.791015625,2.8055416280399217,49.5703125,87.802734375,1.0029596930065976,ok,True
1.0029596930065976,-0.9535496126315043,0.003499034915322083,0.0,1.0,15.6,RL,0.20276398200977175,False,False,-4.197574537880229,-10.988698395953893,8.802940676297428,False,24.14114903216686,0.791015625,2.4581685369758826,49.482421875,87.099609375,1.0029596930065976,ok,True
1.0029596930065976,-0.9535496126315043,0.31506275085737623,0.0,1.0,15.6,RR,0.7027639820097716,True,True,4.607688089109139,-36.59519999334031,-16.860142994203027,False,0.0,0.791015625,0.45696196782761883,57.83203125,101.162109375,1.0029596930065976,ok,True
1.2671820765134794,-1.0493728083016616,0.25834301018523337,0.0,1.0,15.620000000000001,FL,0.7166528708986605,True,True,17.54754331696815,-30.18499366568726,-10.413575484939624,False,0.0,0.791015625,0.48960537132231036,57.30468749999999,102.568359375,1.2671820765134794,ok,True
1.2671820765134794,-1.0493728083016616,0.0061005394520993106,0.0,1.0,15.620000000000001,FR,0.2166528708986606,False,False,-3.352990109243163,-16.14636648991668,3.6159369540538258,False,18.97462294657011,0.791015625,2.888319154183395,50.09765625,88.06640625,1.2671820765134794,ok,True
1.2671820765134794,-1.0493728083016616,0.0006397529230225757,0.0,1.0,15.620000000000001,RL,0.2166528708986606,False,False,-4.188881016788628,-12.454819682497822,7.326750558526035,False,23.576790591448916,0.791015625,2.553093765864879,49.658203125,87.01171875,1.2671820765134794,ok,True
1.2671820765134794,-1.0493728083016616,0.30955230158217345,0.0,1.0,15.620000000000001,RR,0.7166528708986605,True,True,5.0765715403649665,-32.27717167455377,-12.514611927353801,False,0.0,0.791015625,0.4595996472862247,56.513671875,101.513671875,1.2671820765134794,ok,True
1.5828094991080928,-1.0572144634420584,0.24954601270148588,0.0,1.0,15.64,FL,0.7305417597875493,True,True,19.425003752381635,-26.956995881624387,-7.165839034931306,False,0.0,0.791015625,0.495862010265561,56.513671875,103.0078125,1.5828094991080928,ok,True
1.5828094991080928,-1.0572144634420584,0.005135995073949471,0.0,1.0,15.64,FR,0.23054175978754943,False,False,-3.318632727255643,-18.04559660371396,1.7107600548622557,False,20.353412881115094,0.791015625,2.912087257903499,50.537109375,88.330078125,1.5828094991080928,ok,True
1.5828094991080928,-1.0572144634420584,0.0021607954222795803,0.0,1.0,15.64,RL,0.23054175978754943,False,False,-4.134549454659672,-14.168958001426034,5.602899407438478,False,22.764906966623276,0.791015625,2.608263582574948,50.185546875,87.275390625,1.5828094991080928,ok,True
1.5828094991080928,-1.0572144634420584,0.3226472399617375,0.0,1.0,15.64,RR,0.7305417597875493,True,True,5.315124944878471,-27.795205458119025,-8.01625329427435,False,0.0,0.791015625,0.47096934023104225,55.283203125,101.865234375,1.5828094991080928,ok,True
1.9175733265654287,-1.0420246634246197,0.2728444101533329,0.0,1.0,15.66,FL,0.7444306486764382,True,True,20.878771743679927,-23.519160015000026,-3.711232623641134,False,0.0,0.791015625,0.5030455194472897,55.458984375,103.095703125,1.9175733265654287,ok,True
1.9175733265654287,-1.0420246634246197,0.004154858169346482,0.0,1.0,15.66,FR,0.24443064867643827,False,False,-3.3640701531232193,-19.983151897694235,-0.2332623151337323,False,21.083148362388346,0.791015625,2.8637021861595895,50.888671875,88.50585937500001,1.9175733265654287,ok,True
1.9175733265654287,-1.0420246634246197,0.0026687617314844554,0.0,1.0,15.66,RL,0.24443064867643827,False,False,-4.012740166734946,-16.13667014991137,3.628521288249381,False,20.732660940398787,0.791015625,2.6465433355827876,50.2734375,87.36328125,1.9175733265654287,ok,True
1.9175733265654287,-1.0420246634246197,0.35018790325790206,0.0,1.0,15.66,RR,0.7444306486764382,True,True,5.407792276703134,-22.818276815968982,-3.0130440443879465,False,0.0,0.791015625,0.48456860443324,53.701171875,101.513671875,1.9175733265654287,ok,True
2.2417426486805656,-1.0778311157303122,0.28992747363214066,0.0,1.0,15.68,FL,0.758319537565327,True,True,21.93193142140152,-19.97584700487374,-0.16091619529394308,False,0.0,0.791015625,0.5001644487467716,54.31640625,103.0078125,2.2417426486805656,ok,True
2.2417426486805656,-1.0778311157303122,0.006567910738221848,0.0,1.0,15.68,FR,0.2583195375653271,False,False,-3.466025390495321,-21.88111158351721,-2.138779231985257,False,22.403782633264896,0.791015625,2.74238202103496,51.32812500000001,88.681640625,2.2417426486805656,ok,True
2.2417426486805656,-1.0778311157303122,0.0037764870932985857,0.0,1.0,15.68,RL,0.2583195375653271,False,False,-3.843477789425627,-18.32182306913055,1.4342396665311874,False,20.885653924215898,0.791015625,2.6729865378816897,50.80078125,87.71484375,2.2417426486805656,ok,True
2.2417426486805656,-1.0778311157303122,0.37021005857296546,0.0,1.0,15.68,RR,0.758319537565327,True,True,5.324968549401642,-17.45598596509424,2.359534166189917,False,0.0,0.791015625,0.4964204876503849,52.29492187500001,101.337890625,2.2417426486805656,ok,True
2.575023415900006,-1.129408214112379,0.323480686337659,0.0,1.0,15.700000000000001,FL,0.7722084264542158,True,True,23.053539780567228,-15.776900204979034,4.0354643164746715,False,0.0,0.791015625,0.4827496430671624,53.0859375,102.65625000000001,2.575023415900006,ok,True
2.575023415900006,-1.129408214112379,0.009420218691939763,0.0,1.0,15.700000000000001,FR,0.27220842645421595,False,False,-3.6190900662019625,-23.635800514570857,-3.90142739450528,False,22.954860983828627,0.791015625,2.6024747707778144,51.6796875,88.76953125,2.575023415900006,ok,True
2.575023415900006,-1.129408214112379,0.00595120512536367,0.0,1.0,15.700000000000001,RL,0.27220842645421595,False,False,-3.697458502862953,-20.456721517041764,-0.7119181779509098,False,19.684754663092964,0.791015625,2.6780878156170016,51.32812500000001,87.978515625,2.575023415900006,ok,True
2.575023415900006,-1.129408214112379,0.4042608923082837,0.0,1.0,15.700000000000001,RR,0.7722084264542158,True,True,5.289262011411284,-11.306435313691761,8.498015201381662,False,0.0,0.791015625,0.5008666381884157,50.80078125,100.8984375,2.575023415900006,ok,True
2.900364812657647,-1.243238612980459,0.3500585139523318,0.0,1.0,15.72,FL,0.7860973153431047,True,True,24.276166332533386,-11.002420529765947,8.79346175392629,False,0.0,0.791015625,0.4622466242319015,51.943359375,102.216796875,2.900364812657647,ok,True
2.900364812657647,-1.243238612980459,0.011912710830264975,0.0,1.0,15.72,FR,0.2860973153431048,False,False,-3.7628431449363773,-25.249802451940063,-5.524124421440465,False,23.61919340416369,0.791015625,2.4552226272695044,52.03125,89.033203125,2.900364812657647,ok,True
2.900364812657647,-1.243238612980459,0.006266735622891948,0.0,1.0,15.72,RL,0.2860973153431048,False,False,-3.5416084328740993,-22.551268324904502,-2.817787458669205,False,20.043175144567865,0.791015625,2.6768296568927727,51.767578125,88.2421875,2.900364812657647,ok,True
2.900364812657647,-1.243238612980459,0.377227416732158,0.0,1.0,15.72,RR,0.7860973153431047,True,True,4.558980592533846,-5.596646536213511,14.17865392621063,False,0.0,0.791015625,0.5095746499603759,49.130859375,99.931640625,2.900364812657647,ok,True
3.240787955768759,-1.3911615193954228,0.3353198776120467,0.0,1.0,15.74,FL,0.7999862042319935,True,True,25.160844207799283,-6.363443019479197,13.406040742184251,False,0.0,0.791015625,0.44013546970661455,50.625,101.513671875,3.240787955768759,ok,True
3.240787955768759,-1.3911615193954228,0.01379078516997488,0.0,1.0,15.74,FR,0.2999862042319936,False,False,-3.8926579853085577,-26.689872274585174,-6.973138975501808,False,23.52084490318626,0.791015625,2.3361632123716833,52.3828125,89.033203125,3.240787955768759,ok,True
3.240787955768759,-1.3911615193954228,0.006722218870512816,0.0,1.0,15.74,RL,0.2999862042319936,False,False,-3.4444929951695307,-24.482168914306257,-4.760160011380368,False,19.664948229519688,0.791015625,2.661086779979032,52.20703125,88.50585937500001,3.240787955768759,ok,True
3.240787955768759,-1.3911615193954228,0.3454273381627242,0.0,1.0,15.74,RR,0.7999862042319935,True,True,2.8794429062628213,-0.38179209013884885,19.36240659632122,False,0.0,0.791015625,0.5151299789120053,47.63671875000001,98.96484375,3.240787955768759,ok,True
3.6009451350483337,-1.5477392642429617,0.2812111700847153,0.0,1.0,15.76,FL,0.8138750931208824,True,True,25.211076437947007,-2.577603521258743,17.169663452519927,False,0.0,0.791015625,0.4270234142392163,49.39453125000001,100.72265625000001,3.6009451350483337,ok,True
3.6009451350483337,-1.5477392642429617,0.01464505810990256,0.0,1.0,15.76,FR,0.31387509312088246,False,False,-3.9926718611344167,-27.92903014112945,-8.22022000956401,False,24.404127711114416,0.791015625,2.249089491558943,52.470703125,88.59375,3.6009451350483337,ok,True
3.6009451350483337,-1.5477392642429617,0.007397912074930761,0.0,1.0,15.76,RL,0.31387509312088246,False,False,-3.3713658400907622,-26.1836781396237,-6.472684640987939,False,19.42219553669465,0.791015625,2.6322786954296205,52.55859375,88.681640625,3.6009451350483337,ok,True
3.6009451350483337,-1.5477392642429617,0.30846510995385334,0.0,1.0,15.76,RR,0.8138750931208824,True,True,0.21629235002008917,4.275656393026989,24.005283549485128,False,0.0,0.791015625,0.5152116468071438,46.142578125,97.82226562500001,3.6009451350483337,ok,True
3.781659303655009,-1.5840832851318107,0.2273325197236446,0.0,1.0,15.780000000000001,FL,0.8277639820097712,True,True,24.119124644384478,0.32062230206223247,20.063048935767313,False,0.0,0.791015625,0.5043851455641012,48.076171875,99.931640625,3.781659303655009,ok,True
3.781659303655009,-1.5840832851318107,0.015361861343285052,0.0,1.0,15.780000000000001,FR,0.3277639820097713,False,False,-4.114948449998327,-28.768917490141774,-9.065533693700008,False,25.30321376390113,0.791015625,1.9968139447310274,52.822265625,88.330078125,3.781659303655009,ok,True
3.781659303655009,-1.5840832851318107,0.009394603381202528,0.0,1.0,15.780000000000001,RL,0.3277639820097713,False,False,-3.1958397528489315,-27.616008808428305,-7.917484398233864,False,12.074655727756634,0.791015625,2.6503817289800966,52.91015625,88.857421875,3.781659303655009,ok,True
3.781659303655009,-1.5840832851318107,0.14370697769420093,0.0,1.0,15.780000000000001,RR,0.8277639820097712,True,True,-1.6758772451281427,6.07091891780419,25.799709057366563,True,12.402427152093532,0.791015625,0.4741321587288295,44.82421875,96.50390625,3.781659303655009,ok,True
3.5185862565722714,-1.3806583233311354,0.210002505750366,0.0,1.0,15.8,FL,0.84165287089866,True,True,21.935344659233266,2.143612422126211,21.885948208818988,False,0.0,0.791015625,0.5109505789390084,47.109375,98.96484375,3.5185862565722714,ok,True
3.5185862565722714,-1.3806583233311354,0.019419711518829087,0.0,1.0,15.8,FR,0.34165287089866014,False,False,-4.216987317088888,-28.92548925925279,-9.223346974125576,False,23.237467583566573,0.791015625,1.402872351499543,52.91015625,88.06640625,3.5185862565722714,ok,True
3.5185862565722714,-1.3806583233311354,0.010674253484501139,0.0,1.0,15.8,RL,0.34165287089866014,False,False,-2.652411278048952,-29.048435169891565,-9.365515790298623,False,9.656358919616984,0.791015625,2.604721478187508,52.91015625,89.033203125,3.5185862565722714,ok,True
3.5185862565722714,-1.3806583233311354,0.047382716851981185,0.0,1.0,15.8,RR,0.84165287089866,True,True,-2.139271090655915,6.773427891278122,26.510593051562065,False,9.591382231157503,0.791015625,0.47627126489730726,43.330078125,95.09765625,3.5185862565722714,ok,True
3.047617232218005,-1.1426240017255809,0.22375805232910384,0.0,1.0,15.82,FL,0.8555417597875489,True,True,19.47746468357199,3.9276634432817477,23.6696282140104,False,0.0,0.791015625,0.4435652448772675,45.966796875,98.0859375,3.047617232218005,ok,True
3.047617232218005,-1.1426240017255809,0.02489032344821052,0.0,1.0,15.82,FR,0.355541759787549,False,False,-4.167011165443487,-28.79661417584009,-9.094546038436963,False,21.951896016741717,0.791015625,0.7889498785027373,52.998046875,87.802734375,3.047617232218005,ok,True
3.047617232218005,-1.1426240017255809,0.006331878674051813,0.0,1.0,15.82,RL,0.355541759787549,False,False,-2.152605304397582,-30.500399825751717,-10.83196954321286,False,9.49500893178778,0.791015625,2.400048094466211,53.0859375,88.857421875,3.047617232218005,ok,True
3.047617232218005,-1.1426240017255809,0.03282707715859014,0.0,1.0,15.82,RR,0.8555417597875489,True,True,-2.149562184227363,7.664112537615018,27.408761050711888,False,8.700623456848758,0.791015625,0.6183226335846447,42.01171875000001,93.69140625,3.047617232218005,ok,True
2.43323779396767,-0.894016127123073,0.18979545540843323,0.0,1.0,15.84,FL,0.8694306486764377,True,True,16.61580316804701,5.305480528571728,25.04885433461984,False,0.0,0.791015625,0.3861889394499594,45.17578125,97.294921875,2.43323779396767,ok,True
2.43323779396767,-0.894016127123073,0.02841217412270174,0.0,1.0,15.84,FR,0.3694306486764378,False,False,-4.028474329223673,-28.65107852539695,-8.949359987974177,False,20.792685830921535,0.791015625,0.2783186603001727,53.26171875,87.626953125,2.43323779396767,ok,True
2.43323779396767,-0.894016127123073,0.00183692558950868,0.0,1.0,15.84,RL,0.3694306486764378,False,False,-1.865746219474794,-31.806709836302453,-12.1505106398392,False,10.539484574669821,0.791015625,2.141160829509695,53.26171875,88.76953125,2.43323779396767,ok,True
2.43323779396767,-0.894016127123073,0.031127616675236097,0.0,1.0,15.84,RR,0.8694306486764377,True,True,-2.0471821729321493,8.679934184637451,28.43569323786027,False,8.067020483499062,0.791015625,0.8096996437081562,40.95703125,92.37304687500001,2.43323779396767,ok,True
1.7234732502154733,-0.6388990809939646,0.15015693008269196,0.0,1.0,15.860000000000001,FL,0.8833195375653266,True,True,13.513085314960797,6.558583500876637,26.30333188013148,False,0.0,0.791015625,0.34407350909785694,44.73632812500001,96.591796875,1.7234732502154733,ok,True
1.7234732502154733,-0.6388990809939646,0.028810431906972096,0.0,1.0,15.860000000000001,FR,0.38331953756532666,False,False,-3.851571542429034,-28.754530030188675,-9.055349403524392,False,19.353968960400202,0.791015625,-0.047249042801294903,53.876953125,87.5390625,1.7234732502154733,ok,True
1.7234732502154733,-0.6388990809939646,0.006405804107497452,0.0,1.0,15.860000000000001,RL,0.38331953756532666,False,False,-1.8071054118613852,-32.96163959994133,-13.315890378944108,False,11.987082977579707,0.791015625,1.9106576433117684,53.876953125,88.857421875,1.7234732502154733,ok,True
1.7234732502154733,-0.6388990809939646,0.031489197820462875,0.0,1.0,15.860000000000001,RR,0.8833195375653266,True,True,-1.913860167773014,9.532835607887797,29.302455901638638,False,7.480253936376102,0.791015625,0.9846514385284315,40.60546875,91.494140625,1.7234732502154733,ok,True
0.9649192030305512,-0.38834669806793404,0.08250547811064046,0.0,1.0,15.88,FL,0.8972084264542154,True,True,10.093021468073278,6.9523117662127785,26.702696711876833,False,0.0,0.791015625,0.3194602887969551,44.296875,96.064453125,0.9649192030305512,ok,True
0.9649192030305512,-0.38834669806793404,0.02679298683034724,0.0,1.0,15.88,FR,0.3972084264542155,False,False,-3.6329397775469383,-29.46123872057073,-9.768952460565686,False,18.1304051559486,0.791015625,-0.14783858118771984,54.4921875,87.626953125,0.9649192030305512,ok,True
0.9649192030305512,-0.38834669806793404,0.011510563388460165,0.0,1.0,15.88,RL,0.3972084264542155,False,False,-1.924270987229991,-34.12062866189632,-14.483950043740101,False,13.309334263886203,0.791015625,1.764971757878728,54.404296875,89.033203125,0.9649192030305512,ok,True
0.9649192030305512,-0.38834669806793404,0.030508128627557266,0.0,1.0,15.88,RR,0.8972084264542154,True,True,-1.7525650227941774,9.805712243414604,29.588339931383114,False,7.065309626436216,0.791015625,1.1030256149643727,40.4296875,90.87890625,0.9649192030305512,ok,True
0.17214023993805433,-0.15473488964001267,0.0547469250424366,0.0,1.0,15.9,FL,0.9110973153431042,True,False,6.381827750979289,6.736455061802119,26.497896681364946,False,0.0,0.791015625,0.3241693369746236,44.033203125,95.185546875,0.17214023993805433,ok,True
0.17214023993805433,-0.15473488964001267,0.023805790353458877,0.0,1.0,15.9,FR,0.41109731534310434,False,False,-3.38362421851178,-31.006203021339896,-11.327577218740412,False,17.59889553402283,0.791015625,-0.038109606862265125,55.107421875,87.71484375,0.17214023993805433,ok,True
0.17214023993805433,-0.15473488964001267,0.014513568221284977,0.0,1.0,15.9,RL,0.41109731534310434,False,False,-2.100995894311796,-35.50606333382712,-15.87720314308805,False,15.371654158314506,0.791015625,1.7265271808533906,54.931640625,89.208984375,0.17214023993805433,ok,True
0.17214023993805433,-0.15473488964001267,0.0294638271606412,0.0,1.0,15.9,RR,0.9110973153431042,True,False,-1.619473799862471,9.226869680113564,29.0212147986611,False,7.209576418614863,0.791015625,1.1504579164163664,40.4296875,90.615234375,0.17214023993805433,ok,True
-0.6269744314140562,0.10314123706306838,0.0807985710866217,0.0,1.0,15.92,FL,0.9249862042319931,True,False,2.1094331352349354,6.0113876212881525,25.78611522799489,False,0.0,0.791015625,0.3409751903930626,44.12109375,94.5703125,0.6269744314140562,ok,True
-0.6269744314140562,0.10314123706306838,0.020746597252959607,0.0,1.0,15.92,FR,0.4249862042319932,False,False,-3.188430206910141,-33.440548397473584,-13.784269717470089,False,17.90206440750625,0.791015625,0.2637388818577365,55.72265625,87.71484375,0.6269744314140562,ok,True
-0.6269744314140562,0.10314123706306838,0.0161256234321163,0.0,1.0,15.92,RL,0.4249862042319932,False,False,-2.3436449002427855,-37.28949031091532,-17.67177404898336,False,17.26024696129002,0.791015625,1.7562236059264558,55.37109375,89.296875,0.6269744314140562,ok,True
-0.6269744314140562,0.10314123706306838,0.030707263758650297,0.0,1.0,15.92,RR,0.9249862042319931,True,False,-1.490182294337096,7.749856795037692,27.55465303262941,False,6.092891500047418,0.791015625,1.1586105045216692,40.693359375,90.43945312500001,0.6269744314140562,ok,True
-1.4281518143374274,0.40897205701333883,0.08591503619203164,0.0,1.0,15.94,FL,0.9388750931208819,True,False,-1.8644299886502422,4.510875869437933,24.296748975249272,True,17.89491426816428,0.791015625,0.2656272762599894,44.208984375,94.130859375,1.4281518143374274,ok,True
-1.4281518143374274,0.40897205701333883,0.01818762010005248,0.0,1.0,15.94,FR,0.438875093120882,False,False,-3.074977662231526,-36.60127578566494,-16.978407011098042,False,14.888028638984286,0.791015625,0.6868807867071796,56.337890625,87.802734375,1.4281518143374274,ok,True
-1.4281518143374274,0.40897205701333883,0.0157649651698242,0.0,1.0,15.94,RL,0.438875093120882,False,False,-2.6092929210788998,-39.47718694912768,-19.8778077127908,False,17.706011002752916,0.791015625,1.8231367961936182,55.8984375,89.208984375,1.4281518143374274,ok,True
-1.4281518143374274,0.40897205701333883,0.03551612646169429,0.0,1.0,15.94,RR,0.9388750931208819,True,False,-1.3159241958234438,5.58585870866556,25.39857776914006,False,5.679394730245142,0.791015625,1.1429848749712492,41.1328125,90.43945312500001,1.4281518143374274,ok,True
-2.0310880747954356,0.5553365860495135,0.052805347163029696,0.0,1.0,15.96,FL,0.9527639820097707,True,False,-3.028425387731411,3.038855746170091,22.828034449323503,False,20.682115871128357,0.791015625,-0.00037420475274444533,44.208984375,93.779296875,2.0310880747954356,ok,True
-2.0310880747954356,0.5553365860495135,0.018771055906344827,0.0,1.0,15.96,FR,0.45276398200977086,False,False,-2.6637180097987754,-39.51341642824581,-19.935532043431216,False,6.732195885761503,0.791015625,1.086662960804206,56.865234375,87.802734375,2.0310880747954356,ok,True
-2.0310880747954356,0.5553365860495135,0.01443787353128433,0.0,1.0,15.96,RL,0.45276398200977086,False,False,-2.7884730111502227,-41.64931431203677,-22.075041048034155,False,16.571611151537432,0.791015625,1.741014549400818,56.162109375,88.857421875,2.0310880747954356,ok,True
-2.0310880747954356,0.5553365860495135,0.06832312889061067,0.0,1.0,15.96,RR,0.9527639820097707,True,False,-0.5552781095188031,4.310109554067213,24.125162255143096,False,5.4012220153831985,0.791015625,1.2381129810060685,41.66015625,90.615234375,2.0310880747954356,ok,True
-2.4115621989364966,0.5486885008190098,0.048016368872558696,0.0,1.0,15.98,FL,0.9666528708986596,True,False,-3.3772250578533654,1.738946360924691,21.534657117780768,False,17.33230101667655,0.791015625,-0.1418126828933732,44.384765625,93.515625,2.4115621989364966,ok,True
-2.4115621989364966,0.5486885008190098,0.04183741351966038,0.0,1.0,15.98,FR,0.4666528708986597,False,False,-1.586064318135051,-42.395252119548395,-22.856818581788858,False,5.962934596174344,0.791015625,1.313517288605175,57.39257812500001,87.71484375,2.4115621989364966,ok,True
-2.4115621989364966,0.5486885008190098,0.013011291242905674,0.0,1.0,15.98,RL,0.4666528708986597,False,False,-2.8466100556472536,-43.753667062989734,-24.204844615779386,False,18.711730649186684,0.791015625,1.5674506032463726,56.162109375,88.50585937500001,2.4115621989364966,ok,True
-2.4115621989364966,0.5486885008190098,0.16178787573523842,0.0,1.0,15.98,RR,0.9666528708986596,True,False,0.27649889837179364,5.264368167375522,25.079059785209825,False,0.0,0.791015625,1.1991462088916398,42.36328125,90.87890625,2.4115621989364966,ok,True
-2.3685190112085803,0.38205528576877146,0.04387191732628641,0.0,1.0,16.0,FL,0.9805417597875484,True,False,-3.2532992685227122,0.2619794937313599,20.0664433033092,False,14.96363730758251,0.791015625,-0.393953575546001,44.47265625,93.33984375000001,2.3685190112085803,ok,True
-2.3685190112085803,0.38205528576877146,0.06261290946737491,0.0,1.0,16.0,FR,0.48054175978754854,False,False,-0.4036370465018181,-45.77340482505497,-26.27613073822998,False,5.068916917457705,0.791015625,1.5919558640995615,57.48046875,87.1875,2.3685190112085803,ok,True
-2.3685190112085803,0.38205528576877146,0.01328119422616248,0.0,1.0,16.0,RL,0.48054175978754854,False,False,-3.0580996831596106,-45.932586573762485,-26.407740668079526,False,20.815265996325127,0.791015625,1.2927342437533793,56.162109375,88.06640625,2.3685190112085803,ok,True
-2.3685190112085803,0.38205528576877146,0.2819636149007478,0.0,1.0,16.0,RR,0.9805417597875484,True,False,-0.02729998386084842,7.803698583433764,27.614692775319043,True,2.0207298954971864,0.791015625,0.7728017866592253,43.06640625,91.23046875,2.3685190112085803,ok,True
-2.145625575341924,0.25164937864591874,0.04108400656006155,0.0,1.0,16.02,FL,0.9944306486764373,True,False,-3.0002669174853045,-1.4302320022044621,18.38076418306716,False,15.253577035739129,0.791015625,-0.4991314538731735,44.73632812500001,93.076171875,2.145625575341924,ok,True
-2.145625575341924,0.25164937864591874,0.06082716997938989,0.0,1.0,16.02,FR,0.4944306486764374,False,False,-0.09833378257465344,-49.22554919093345,-29.778400648863705,False,4.637334222875614,0.791015625,1.6835458074878162,57.48046875,86.923828125,2.145625575341924,ok,True
-2.145625575341924,0.25164937864591874,0.012779968097678014,0.0,1.0,16.02,RL,0.4944306486764374,False,False,-3.306720235473126,-48.211243801750285,-28.71847535192324,False,19.186671877357256,0.791015625,1.1475246871345486,56.337890625,87.802734375,2.145625575341924,ok,True
-2.145625575341924,0.25164937864591874,0.11282630468057661,0.0,1.0,16.02,RR,0.9944306486764373,True,False,-0.020906597248963182,7.151165329356584,26.96180281086309,False,0.8963376125985926,0.791015625,0.6405582175288392,43.857421875,91.58203125,2.145625575341924,ok,True
-1.7676782668907762,0.2072624414762836,0.038985292599152135,0.0,1.0,16.04,FL,0.008319537565326218,False,False,-2.825236304682177,-3.104109901883962,16.710382888143613,False,14.603163978754663,0.791015625,-0.4893273739034677,45.087890625,92.724609375,1.7676782668907762,ok,True
-1.7676782668907762,0.2072624414762836,0.029697517224319722,0.0,1.0,16.04,FR,0.5083195375653262,True,False,-0.6999482122170744,-52.147284730718745,-32.74939928635318,False,8.555593522684372,0.791015625,1.709137777410555,57.919921875,86.923828125,1.7676782668907762,ok,True
-1.7676782668907762,0.2072624414762836,0.009434147373033977,0.0,1.0,16.04,RL,0.5083195375653262,True,False,-3.345782637294681,-50.44351320333671,-30.98839463814048,False,16.93105201132959,0.791015625,1.1262020354441291,56.6015625,87.890625,1.7676782668907762,ok,True
-1.7676782668907762,0.2072624414762836,0.033484349228072585,0.0,1.0,16.04,RR,0.008319537565326218,False,False,-0.06437379199496912,4.4019823150977055,24.21540598387407,False,2.089448023221234,0.791015625,0.5738905033115774,44.82421875,91.58203125,1.7676782668907762,ok,True
-1.3101646464044223,0.17143375106381398,0.035730727171398274,0.0,1.0,16.06,FL,0.022208426454215106,False,False,-2.6722512579960624,-4.701289798211223,15.114187499027985,False,12.916192042714219,0.791015625,-0.357240223989167,45.439453125,92.197265625,1.3101646464044223,ok,True
-1.3101646464044223,0.17143375106381398,0.008602228507974393,0.0,1.0,16.06,FR,0.5222084264542151,True,False,-1.2290633427811948,-54.59600513108,-35.23826302666723,False,11.243069194608713,0.791015625,1.670781338501717,58.53515625,87.099609375,1.3101646464044223,ok,True
-1.3101646464044223,0.17143375106381398,0.006114043709973429,0.0,1.0,16.06,RL,0.5222084264542151,True,False,-3.1793318530056665,-52.58063918790497,-33.164959222075154,False,14.847548268749579,0.791015625,1.197638677317653,57.041015625,88.06640625,1.3101646464044223,ok,True
-1.3101646464044223,0.17143375106381398,0.009653504381630621,0.0,1.0,16.06,RR,0.022208426454215106,False,False,-0.3532324849825283,1.941872392789882,21.75682655622458,False,4.452577798714735,0.791015625,0.5389941749862993,45.615234375,91.669921875,1.3101646464044223,ok,True
-0.8109123467206432,0.10782908503804241,0.03198419498925685,0.0,1.0,16.080000000000002,FL,0.036097315343103994,False,False,-2.468044399560075,-6.250762522886359,13.562992520654582,False,11.936597657156277,0.791015625,-0.15626023807214878,45.615234375,91.669921875,0.8109123467206432,ok,True
-0.8109123467206432,0.10782908503804241,0.008165457212243753,0.0,1.0,16.080000000000002,FR,0.536097315343104,True,False,-1.5713023544809204,-56.803594476726225,-37.480997770049,False,11.294666099801832,0.791015625,1.579435745180983,59.0625,87.71484375,0.8109123467206432,ok,True
-0.8109123467206432,0.10782908503804241,0.00708744922007655,0.0,1.0,16.080000000000002,RL,0.536097315343104,True,False,-2.8717643796804144,-54.61255858896122,-35.23579488991098,False,11.008468271028955,0.791015625,1.298594217727925,57.39257812500001,88.59375,0.8109123467206432,ok,True
-0.8109123467206432,0.10782908503804241,0.014670806368949465,0.0,1.0,16.080000000000002,RR,0.036097315343103994,False,False,-0.767264078706198,-0.23655648293044645,19.578909131577685,False,8.330885552189171,0.791015625,0.49978600479015667,46.142578125,91.669921875,0.8109123467206432,ok,True
-0.3190028342830386,0.04105706531412144,0.029133254187817308,0.0,1.0,16.1,FL,0.04998620423199288,False,False,-2.303094490668612,-7.778528485475562,12.030688347995937,False,12.206002823212831,0.791015625,0.11955629863880439,45.966796875,91.23046875,0.3190028342830386,ok,True
-0.3190028342830386,0.04105706531412144,0.011824136960085118,0.0,1.0,16.1,FR,0.5499862042319928,True,False,-1.7394623471054007,-58.7730191021602,-39.47828504057273,False,11.373834552474401,0.791015625,1.4206395539606607,59.67773437500001,88.50585937500001,0.3190028342830386,ok,True
-0.3190028342830386,0.04105706531412144,0.011072649995626125,0.0,1.0,16.1,RL,0.5499862042319928,True,False,-2.386272281655671,-56.549383725983965,-37.20793184451958,False,7.754963149206775,0.791015625,1.3489583154716012,57.83203125,89.208984375,0.3190028342830386,ok,True
-0.3190028342830386,0.04105706531412144,0.01763601015447786,0.0,1.0,16.1,RR,0.04998620423199288,False,False,-1.1667602577648262,-2.068940201773529,17.746513475213106,False,11.509773854786955,0.791015625,0.48999588388093884,46.40625,91.669921875,0.3190028342830386,ok,True
0.13744593608684505,0.015772514050193705,0.02663935546859784,0.0,1.0,16.12,FL,0.06387509312088177,False,False,-2.2364084182316426,-9.159516521580912,10.643454579755996,False,12.592987250525148,0.791015625,0.44410733291361126,46.494140625,90.703125,0.13744593608684505,ok,True
0.13744593608684505,0.015772514050193705,0.014653815146828942,0.0,1.0,16.12,FR,0.5638750931208818,True,False,-1.7867351547557266,-60.317750453331094,-41.037840438651884,False,11.50099011121419,0.791015625,1.219795362115131,60.029296875,89.384765625,0.13744593608684505,ok,True
0.13744593608684505,0.015772514050193705,0.014122346317763513,0.0,1.0,16.12,RL,0.5638750931208818,True,False,-1.8254119780307179,-58.25104175409934,-38.93933818522733,False,4.806228828294342,0.791015625,1.3102143959780626,58.53515625,90.087890625,0.13744593608684505,ok,True
0.13744593608684505,0.015772514050193705,0.01818461293429042,0.0,1.0,16.12,RR,0.06387509312088177,False,False,-1.5771002325764143,-3.4263522576562564,16.38893073934555,False,13.95168283440697,0.791015625,0.5434526130404392,46.58203125,91.23046875,0.13744593608684505,ok,True
0.5173569633459782,0.00990273955069583,0.02264211434020756,0.0,1.0,16.14,FL,0.07776398200977067,False,False,-2.241073505198966,-10.364509674113307,9.431869025907783,False,13.415675951394732,0.791015625,0.8023194621905362,47.021484375,90.17578125,0.5173569633459782,ok,True
0.5173569633459782,0.00990273955069583,0.01688596017499947,0.0,1.0,16.14,FR,0.5777639820097706,True,False,-1.7886059858756975,-61.38487705549293,-42.107964411840754,False,11.144626677202963,0.791015625,0.9879955477588047,60.20507812499999,90.43945312500001,0.5173569633459782,ok,True
0.5173569633459782,0.00990273955069583,0.016945744718415378,0.0,1.0,16.14,RL,0.5777639820097706,True,False,-1.229969688891606,-59.636953614591384,-40.34482556283254,False,2.3244345720686628,0.791015625,1.1849443815363705,58.97460937500001,91.318359375,0.5173569633459782,ok,True
0.5173569633459782,0.00990273955069583,0.017699235270659208,0.0,1.0,16.14,RR,0.07776398200977067,False,False,-2.013813338384428,-4.288143077704705,15.527040499347779,False,17.22757335048161,0.791015625,0.6608425629857356,46.66992187500001,90.791015625,0.5173569633459782,ok,True
0.7888054456645722,0.023388586112515368,0.0175384907330075,0.0,1.0,16.16,FL,0.09165287089865956,False,False,-2.306159976502499,-11.41382864642708,8.376097217072664,False,14.464481395026617,0.791015625,1.1769055152517878,47.373046875,90.0,0.7888054456645722,ok,True
0.7888054456645722,0.023388586112515368,0.01785600615895184,0.0,1.0,16.16,FR,0.5916528708986596,True,False,-1.7441177676865636,-61.962657718194464,-42.679549443293695,False,9.76819352239273,0.791015625,0.7407526468593107,60.46875,91.58203125,0.7888054456645722,ok,True
0.7888054456645722,0.023388586112515368,0.03868539857989914,0.0,1.0,16.16,RL,0.5916528708986596,True,False,-0.27731474509008414,-60.30185004231889,-41.00622302361204,False,1.9056403524381293,0.791015625,0.9579140213857937,59.501953125,92.98828125,0.7888054456645722,ok,True
0.7888054456645722,0.023388586112515368,0.016348382116753345,0.0,1.0,16.16,RR,0.09165287089865956,False,False,-2.4927231344931653,-4.685436745088113,15.129676328076483,False,18.52134478618201,0.791015625,0.8390164693913817,46.7578125,90.263671875,0.7888054456645722,ok,True
0.9722688946586696,0.06957450012876297,0.012392938012038788,0.0,1.0,16.18,FL,0.10554175978754846,False,False,-2.406820844399655,-12.337135246200939,7.447150056886224,False,15.190672267759332,0.791015625,1.5175205747527412,47.8125,89.82421875,0.9722688946586696,ok,True
0.9722688946586696,0.06957450012876297,0.016702566149419423,0.0,1.0,16.18,FR,0.6055417597875484,True,True,-1.5973584401210716,-62.21160535085207,-42.91588511159303,False,7.558577197223181,0.791015625,0.5165060825267241,60.732421875,92.98828125,0.9722688946586696,ok,True
0.9722688946586696,0.06957450012876297,0.1366731453612686,0.0,1.0,16.18,RL,0.6055417597875484,True,True,1.1025024994073314,-58.70375667766549,-39.35412187870275,False,0.0,0.791015625,0.6973637791683766,59.94140625000001,94.5703125,0.9722688946586696,ok,True
0.9722688946586696,0.06957450012876297,0.013678822037536969,0.0,1.0,16.18,RR,0.10554175978754846,False,False,-2.9152359833397554,-4.8455503616313855,14.96943536323229,False,20.630943443016516,0.791015625,1.0469235413183102,47.109375,89.82421875,0.9722688946586696,ok,True
1.087866675698445,0.11421897401799966,0.010057080433361456,0.0,1.0,16.2,FL,0.11943064867643735,False,False,-2.5423928114576833,-13.256068055149933,6.523208314329617,False,16.761799081390333,0.791015625,1.8098258342020876,48.076171875,89.560546875,1.087866675698445,ok,True
1.087866675698445,0.11421897401799966,0.015029365815900506,0.0,1.0,16.2,FR,0.6194306486764374,True,True,-1.330313562385367,-62.28933205479811,-42.977453460019554,False,4.949379377476412,0.791015625,0.3321905263884314,60.55664062500001,94.30664062500001,1.087866675698445,ok,True
1.087866675698445,0.11421897401799966,0.20389483556837593,0.0,1.0,16.2,RL,0.6194306486764374,True,True,2.7845330898264593,-55.67649230927899,-36.24866109889611,False,0.0,0.791015625,0.5005032629889344,60.20507812499999,96.240234375,1.087866675698445,ok,True
1.087866675698445,0.11421897401799966,0.011664709589135566,0.0,1.0,16.2,RR,0.11943064867643735,False,False,-3.3003906703885644,-4.9381927989635965,14.876657356540084,False,21.882585671962477,0.791015625,1.309027689377157,47.373046875,89.296875,1.087866675698445,ok,True
1.2004909120135405,0.17284361138008555,0.007907024694425266,0.0,1.0,16.22,FL,0.13331953756532625,False,False,-2.7430277169777777,-14.213040839215187,5.561483355822459,False,18.56837195515037,0.791015625,2.023641824388032,48.427734375,89.47265625000001,1.2004909120135405,ok,True
1.2004909120135405,0.17284361138008555,0.017975071172638232,0.0,1.0,16.22,FR,0.6333195375653262,True,True,-0.885192295258715,-62.16198731869502,-42.82779407631577,False,3.5752755255721094,0.791015625,0.23628431018008048,60.55664062500001,95.888671875,1.2004909120135405,ok,True
1.2004909120135405,0.17284361138008555,0.18825971530155697,0.0,1.0,16.22,RL,0.6333195375653262,True,True,4.79081888707847,-53.09699147720163,-33.607054433075135,False,0.0,0.791015625,0.4274650749429128,60.029296875,97.470703125,1.2004909120135405,ok,True
1.2004909120135405,0.17284361138008555,0.010124535817540397,0.0,1.0,16.22,RR,0.13331953756532625,False,False,-3.604380040265233,-5.084881591310113,14.729789776549081,False,22.75905906438625,0.791015625,1.6470299883295914,47.4609375,88.76953125,1.2004909120135405,ok,True
1.261497067232501,0.2287384034208344,0.006326149594677565,0.0,1.0,16.240000000000002,FL,0.14720842645421514,False,False,-2.969555257361173,-15.132216969885409,4.640571908150477,False,18.80607940270098,0.791015625,2.2241602115284453,48.69140625,88.857421875,1.261497067232501,ok,True
1.261497067232501,0.2287384034208344,0.05188134725901711,0.0,1.0,16.240000000000002,FR,0.6472084264542152,True,True,-0.019829466175264043,-61.26732789022182,-41.895512890660356,False,3.6089759386990257,0.791015625,0.21206542978426313,60.380859375,97.20703125,1.261497067232501,ok,True
1.261497067232501,0.2287384034208344,0.18114407657295892,0.0,1.0,16.240000000000002,RL,0.6472084264542152,True,True,6.865280083633647,-50.709084100660675,-31.17016685098205,False,0.0,0.791015625,0.42740238844212536,60.1171875,98.876953125,1.261497067232501,ok,True
1.261497067232501,0.2287384034208344,0.010837170086798695,0.0,1.0,16.240000000000002,RR,0.14720842645421514,False,False,-3.7801128225412177,-5.253503536629251,14.560898376509844,False,22.10435051093954,0.791015625,1.9695447218851931,47.900390625,88.2421875,1.261497067232501,ok,True
1.2234827671176258,0.24848489179119046,0.005836326384043957,0.0,1.0,16.26,FL,0.16109731534310404,False,False,-3.141273958587591,-16.026722893370117,3.744584175509324,False,20.34711901721347,0.791015625,2.452751315223174,48.8671875,88.50585937500001,1.2234827671176258,ok,True
1.2234827671176258,0.24848489179119046,0.2818346961884447,0.0,1.0,16.26,FR,0.661097315343104,True,True,1.0614213509574053,-55.798625276314006,-36.32198987267702,False,0.0,0.791015625,0.3696774918195627,59.94140625000001,98.4375,1.2234827671176258,ok,True
1.2234827671176258,0.24848489179119046,0.1737382545670455,0.0,1.0,16.26,RL,0.661097315343104,True,True,8.560836136600456,-48.37071311778338,-28.78084901199714,False,0.0,0.791015625,0.4584996455641991,59.58984374999999,99.84375,1.2234827671176258,ok,True
1.2234827671176258,0.24848489179119046,0.01220881811299391,0.0,1.0,16.26,RR,0.16109731534310404,False,False,-3.8529709348438037,-5.4521447433440935,14.361980499387514,False,22.82526988870535,0.791015625,2.2142153603822803,48.076171875,87.71484375,1.2234827671176258,ok,True
1.232590585651614,0.18222149729012538,0.005337319687798829,0.0,1.0,16.28,FL,0.17498620423199293,False,False,-3.338987908655347,-17.025490495286082,2.742892728229201,False,21.4021104678085,0.791015625,2.5749349242604254,49.130859375,88.06640625,1.232590585651614,ok,True
1.232590585651614,0.18222149729012538,0.30664704404481286,0.0,1.0,16.28,FR,0.674986204231993,True,True,2.3163119643992705,-50.043527927175894,-30.484181391820385,False,0.0,0.791015625,0.4269485087200582,59.23828124999999,99.31640625,1.232590585651614,ok,True
1.232590585651614,0.18222149729012538,0.2371355784270355,0.0,1.0,16.28,RL,0.674986204231993,True,True,9.632547388951883,-44.82130363351535,-25.167516271301878,False,0.0,0.791015625,0.4934991794929845,59.23828124999999,100.634765625,1.232590585651614,ok,True
1.232590585651614,0.18222149729012538,0.012758998380123936,0.0,1.0,16.28,RR,0.17498620423199293,False,False,-3.930590402813933,-6.011544729840875,13.80227663013601,False,24.067152506336534,0.791015625,2.4503628591548297,48.515625,87.1875,1.232590585651614,ok,True
1.2104511667999776,0.04511630249051091,0.005796251198365139,0.0,1.0,16.3,FL,0.18887509312088183,False,False,-3.5287788091931462,-18.129809214229418,1.6331393261930387,False,20.56665104407367,0.791015625,2.6911083241944094,49.306640625,87.802734375,1.2104511667999776,ok,True
1.2104511667999776,0.04511630249051091,0.29411508971455463,0.0,1.0,16.3,FR,0.6888750931208818,True,True,3.876904125098588,-44.80885592124323,-25.162084977729627,False,0.0,0.791015625,0.42988440843635456,58.35937500000001,99.931640625,1.2104511667999776,ok,True
1.2104511667999776,0.04511630249051091,0.27052160215524246,0.0,1.0,16.3,RL,0.6888750931208818,True,True,10.200133174725114,-40.654476626277614,-20.947095243070038,False,0.0,0.791015625,0.5035327172693594,58.62304687499999,101.162109375,1.2104511667999776,ok,True
1.2104511667999776,0.04511630249051091,0.009326788219560274,0.0,1.0,16.3,RR,0.18887509312088183,False,False,-4.038382456209931,-6.794038265175206,13.019115834785865,False,24.442917018601744,0.791015625,2.61250415317358,48.779296875,86.572265625,1.2104511667999776,ok,True
1.1077042564330801,-0.11850249003343745,0.0061705229535375,0.0,1.0,16.32,FL,0.20276398200977072,False,False,-3.590330285520027,-19.37956125256734,0.3756639554822421,False,20.252594209567953,0.791015625,2.821028499566613,49.39453125000001,87.5390625,1.1077042564330801,ok,True
1.1077042564330801,-0.11850249003343745,0.2991629650982556,0.0,1.0,16.32,FR,0.7027639820097707,True,True,5.519085761991074,-39.78322282439826,-20.075762903182444,False,0.0,0.791015625,0.4412042683635066,57.30468749999999,100.283203125,1.1077042564330801,ok,True
1.1077042564330801,-0.11850249003343745,0.2551466251466055,0.0,1.0,16.32,RL,0.7027639820097707,True,True,10.40888726923803,-36.905553720434035,-17.164162673565933,False,0.0,0.791015625,0.49767421724882077,57.919921875,101.68945312500001,1.1077042564330801,ok,True
1.1077042564330801,-0.11850249003343745,0.006335437521369951,0.0,1.0,16.32,RR,0.20276398200977072,False,False,-4.1301052455369955,-7.823063421423592,11.988617748597106,False,24.569683770360417,0.791015625,2.6780559132287323,49.21875,86.1328125,1.1077042564330801,ok,True
0.9710595390519373,-0.25363652042648843,0.006878076424714111,0.0,1.0,16.34,FL,0.21665287089865962,False,False,-3.591912491412837,-20.685380223800394,-0.9395084821283817,False,20.184997227058172,0.791015625,2.905866718720883,49.5703125,87.1875,0.9710595390519373,ok,True
0.9710595390519373,-0.25363652042648843,0.29918581767636804,0.0,1.0,16.34,FR,0.7166528708986596,True,True,6.973803044647481,-35.00390778077233,-15.258015028199708,False,0.0,0.791015625,0.4665340879927949,56.162109375,100.458984375,0.9710595390519373,ok,True
0.9710595390519373,-0.25363652042648843,0.2618937940212018,0.0,1.0,16.34,RL,0.7166528708986596,True,True,10.646806238691436,-33.092054619563974,-13.328584098227282,False,0.0,0.791015625,0.48248868325391836,56.689453125,101.77734375,0.9710595390519373,ok,True
0.9710595390519373,-0.25363652042648843,0.0034000549602041692,0.0,1.0,16.34,RR,0.21665287089865962,False,False,-4.177299704384012,-9.060326826309566,10.748420621254883,False,24.018560698775413,0.791015625,2.693879956692521,49.39453125000001,85.693359375,0.9710595390519373,ok,True
0.8384095343706344,-0.3554207299280802,0.007562705871847538,0.0,1.0,16.36,FL,0.2305417597875485,False,False,-3.586040342406834,-22.011282523548015,-2.2763101633472473,False,20.453569745574235,0.791015625,2.9201244522175034,49.658203125,87.01171875,0.8384095343706344,ok,True
0.8384095343706344,-0.3554207299280802,0.305662453984071,0.0,1.0,16.36,FR,0.7305417597875485,True,True,8.152018974097702,-30.314992866994746,-10.547424698171326,False,0.0,0.791015625,0.4805214221455153,54.931640625,100.634765625,0.8384095343706344,ok,True
0.8384095343706344,-0.3554207299280802,0.2535970124685777,0.0,1.0,16.36,RL,0.7305417597875485,True,True,10.762668546181064,-29.49607509774221,-9.722394611150037,False,0.0,0.791015625,0.4754936216727819,55.458984375,101.68945312500001,0.8384095343706344,ok,True
0.8384095343706344,-0.3554207299280802,0.0018826174966361084,0.0,1.0,16.36,RR,0.2305417597875485,False,False,-4.168965623223001,-10.51733233714839,9.28635406700352,False,23.550302371461658,0.791015625,2.6892933000177988,49.5703125,85.517578125,0.8384095343706344,ok,True
0.7102199269259415,-0.404032629321054,0.00718221733647854,0.0,1.0,16.38,FL,0.2444306486764374,False,False,-3.590112009225072,-23.354495747483877,-3.6314904975433002,False,20.59926517629884,0.791015625,2.8820415388064244,50.009765625,87.1875,0.7102199269259415,ok,True
0.7102199269259415,-0.404032629321054,0.31180295560670357,0.0,1.0,16.38,FR,0.7444306486764374,True,True,9.168552216634353,-25.679453600110495,-5.893354992762745,False,0.0,0.791015625,0.4851498620460131,53.61328125,100.810546875,0.7102199269259415,ok,True
0.7102199269259415,-0.404032629321054,0.3062884583717658,0.0,1.0,16.38,RL,0.7444306486764374,True,True,11.25098530502161,-24.864834813486976,-5.064403010298847,False,0.0,0.791015625,0.4717628822731391,54.228515625,101.337890625,0.7102199269259415,ok,True
0.7102199269259415,-0.404032629321054,0.0004914586677424294,0.0,1.0,16.38,RR,0.2444306486764374,False,False,-4.123507484669303,-12.120001908995427,7.675555211623539,False,23.132159280229686,0.791015625,2.663432503732467,49.658203125,85.166015625,0.7102199269259415,ok,True
0.5743678486224519,-0.40342321216482996,0.007741248396137044,0.0,1.0,16.4,FL,0.2583195375653263,False,False,-3.5891828788404343,-24.729037271385547,-5.018403190441163,False,19.969042423817797,0.791015625,2.814117548223136,50.2734375,87.36328125,0.5743678486224519,ok,True
0.5743678486224519,-0.40342321216482996,0.3206476546528045,0.0,1.0,16.4,FR,0.7583195375653262,True,True,10.071482215535749,-21.040152667364836,-1.2333360022645934,False,0.0,0.791015625,0.48667615332350167,52.29492187500001,100.72265625000001,0.5743678486224519,ok,True
0.5743678486224519,-0.40342321216482996,0.32952262104690105,0.0,1.0,16.4,RL,0.7583195375653262,True,True,12.092044871575816,-19.812112454231073,0.0023730831984245526,False,0.0,0.791015625,0.46671395372758917,52.91015625,100.72265625000001,0.5743678486224519,ok,True
0.5743678486224519,-0.40342321216482996,0.0014563993231506997,0.0,1.0,16.4,RR,0.2583195375653263,False,False,-4.0591288202494535,-13.868748226401332,5.914737141323174,False,22.626121423446513,0.791015625,2.6123076392547673,49.921875,84.90234375,0.5743678486224519,ok,True
0.4124960702217836,-0.3436913691852101,0.006691074104406086,0.0,1.0,16.42,FL,0.27220842645421517,False,False,-3.540353560331628,-26.23877734572246,-6.539819674199556,False,20.406895953255788,0.791015625,2.7381017622475414,50.625,87.099609375,0.4124960702217836,ok,True
0.4124960702217836,-0.3436913691852101,0.324715048343151,0.0,1.0,16.42,FR,0.7722084264542152,True,True,10.748268168231444,-16.51791275201645,3.2972525431156647,False,0.0,0.791015625,0.49004052581575763,50.888671875,100.283203125,0.4124960702217836,ok,True
0.4124960702217836,-0.3436913691852101,0.299855288334645,0.0,1.0,16.42,RL,0.7722084264542152,True,True,12.64482233466704,-15.465882355822007,4.347897274399532,False,0.0,0.791015625,0.46372461457460795,51.943359375,100.37109375,0.4124960702217836,ok,True
0.4124960702217836,-0.3436913691852101,0.0026075518424122017,0.0,1.0,16.42,RR,0.27220842645421517,False,False,-3.9881384609129418,-15.791304176867197,3.9806648893217833,False,22.064722112465542,0.791015625,2.5359157755150354,50.537109375,85.166015625,0.4124960702217836,ok,True
0.2597500243185116,-0.26217412179984356,0.007539422473735948,0.0,1.0,16.44,FL,0.28609731534310406,False,False,-3.512623507316702,-27.90881197753239,-8.222235585418861,False,20.797280623257787,0.791015625,2.6269005475172396,50.9765625,87.275390625,0.26217412179984356,ok,True
0.2597500243185116,-0.26217412179984356,0.32045720435209957,0.0,1.0,16.44,FR,0.7860973153431041,True,True,10.936367138835799,-12.346174501637039,7.467186418905735,False,0.0,0.791015625,0.4931033721206342,49.5703125,99.66796875,0.26217412179984356,ok,True
0.2597500243185116,-0.26217412179984356,0.25389875730847894,0.0,1.0,16.44,RL,0.7860973153431041,True,True,12.409586592841627,-12.206025911821111,7.602339238621834,False,0.0,0.791015625,0.46347907802983196,50.888671875,99.931640625,0.26217412179984356,ok,True
0.2597500243185116,-0.26217412179984356,0.0013702298158247712,0.0,1.0,16.44,RR,0.28609731534310406,False,False,-3.8973776047744253,-18.001356615657947,1.7629006307179047,False,21.98430542450989,0.791015625,2.4641958977340956,50.9765625,85.4296875,0.26217412179984356,ok,True
0.12058749209370802,-0.20932283491874415,0.010195557502172142,0.0,1.0,16.46,FL,0.29998620423199296,False,False,-3.5485850844716933,-29.77596536376617,-10.10565200326402,False,21.705835074010356,0.791015625,2.490445415292654,51.50390625,87.5390625,0.20932283491874415,ok,True
0.12058749209370802,-0.20932283491874415,0.3154920976397338,0.0,1.0,16.46,FR,0.799986204231993,True,True,10.503239083684775,-8.595528619981538,11.211281464542656,False,0.0,0.791015625,0.4859668003911216,48.33984375,98.96484375,0.20932283491874415,ok,True
0.12058749209370802,-0.20932283491874415,0.19567878581890308,0.0,1.0,16.46,RL,0.799986204231993,True,True,11.063343208813002,-10.344885342024924,9.462471440453644,False,0.0,0.791015625,0.4663196661537597,49.921875,99.31640625,0.20932283491874415,ok,True
0.12058749209370802,-0.20932283491874415,0.0024217467345490967,0.0,1.0,16.46,RR,0.29998620423199296,False,False,-3.8304692280848593,-20.566439494496493,-0.8149730927899697,False,22.413930458417358,0.791015625,2.399040532835401,51.6796875,85.60546875,0.20932283491874415,ok,True
-0.026567083980779324,-0.17621033047473286,0.012472731373606681,0.0,1.0,16.48,FL,0.31387509312088185,False,False,-3.6214143172696165,-31.861725423410725,-12.212750843198275,False,21.417920075721852,0.791015625,2.3661471401503134,52.03125,87.71484375,0.17621033047473286,ok,True
-0.026567083980779324,-0.17621033047473286,0.3149024619083967,0.0,1.0,16.48,FR,0.8138750931208818,True,True,9.969938394913108,-5.130808055216325,14.667323486040907,False,0.0,0.791015625,0.4652756920798185,47.109375,98.173828125,0.17621033047473286,ok,True
-0.026567083980779324,-0.17621033047473286,0.19527613294325932,0.0,1.0,16.48,RL,0.8138750931208818,True,True,9.515327904772247,-8.743235490825716,11.064259840401908,False,0.0,0.791015625,0.46376813510507275,48.8671875,98.525390625,0.17621033047473286,ok,True
-0.026567083980779324,-0.17621033047473286,0.0032573991682522336,0.0,1.0,16.48,RR,0.31387509312088185,False,False,-3.8037070411897496,-23.404144065672636,-3.67183715329719,False,22.30994773545779,0.791015625,2.3250852602586205,52.20703125,85.78125,0.17621033047473286,ok,True
-0.20317560110303026,-0.14369893800535347,0.01322095029371808,0.0,1.0,16.5,FL,0.32776398200977075,False,False,-3.63388893731895,-34.21509653866887,-14.591081389852508,False,21.118503075645336,0.791015625,2.263535586319017,52.29492187500001,87.802734375,0.20317560110303026,ok,True
-0.20317560110303026,-0.14369893800535347,0.3112750759164898,0.0,1.0,16.5,FR,0.8277639820097707,True,True,9.286269322064326,-2.039615762038185,17.749913224705754,False,0.0,0.791015625,0.45788742741074867,45.87890625,97.294921875,0.20317560110303026,ok,True
-0.20317560110303026,-0.14369893800535347,0.22453424913879919,0.0,1.0,16.5,RL,0.8277639820097707,True,True,8.138927345260168,-6.841672719811407,12.964436352659472,False,0.0,0.791015625,0.46704037797266884,47.98828125,97.55859375,0.20317560110303026,ok,True
-0.20317560110303026,-0.14369893800535347,0.00438823904139207,0.0,1.0,16.5,RR,0.32776398200977075,False,False,-3.7774854152569786,-26.570418940230873,-6.865231182863351,False,22.141053554365126,0.791015625,2.2220803591872555,52.822265625,85.95703125,0.20317560110303026,ok,True
-0.3841800720930144,-0.08448688146142609,0.015539552227490644,0.0,1.0,16.52,FL,0.34165287089865964,False,False,-3.6362665311345346,-36.796270203196485,-17.2002093368626,False,22.40200008098557,0.791015625,2.158010320246851,52.734375,87.978515625,0.3841800720930144,ok,True
-0.3841800720930144,-0.08448688146142609,0.3094705583499602,0.0,1.0,16.52,FR,0.8416528708986597,True,True,8.284081785710203,0.7252418177760367,20.507556576457684,False,0.0,0.791015625,0.4679704735517621,44.912109375,96.328125,0.3841800720930144,ok,True
-0.3841800720930144,-0.08448688146142609,0.234720254288568,0.0,1.0,16.52,RL,0.8416528708986597,True,True,6.717514625910678,-5.014094607529798,14.790950198828394,False,0.0,0.791015625,0.4577631452331692,47.197265625,96.767578125,0.3841800720930144,ok,True
-0.3841800720930144,-0.08448688146142609,0.005250570592958216,0.0,1.0,16.52,RR,0.34165287089865964,False,False,-3.7315914394304253,-30.03144495705908,-10.362991030994248,False,21.069247520378333,0.791015625,2.1231246047862005,53.26171875,86.220703125,0.3841800720930144,ok,True
-0.5051837982717646,-0.0383458424622402,0.019790897766953672,0.0,1.0,16.54,FL,0.35554175978754854,False,False,-3.699022474507367,-39.498832924221496,-19.936072656082892,False,22.991526542055,0.791015625,2.017397118384043,53.173828125,88.06640625,0.5051837982717646,ok,True
-0.5051837982717646,-0.0383458424622402,0.3074553743127679,0.0,1.0,16.54,FR,0.8555417597875485,True,True,6.9748240280284834,3.2119629756043637,22.989044221845997,False,0.0,0.791015625,0.4711128973826122,44.12109375,95.361328125,0.5051837982717646,ok,True
-0.5051837982717646,-0.0383458424622402,0.22535382539328735,0.0,1.0,16.54,RL,0.8555417597875485,True,True,5.194265876475438,-3.5618619709018824,16.243490688242467,False,0.0,0.791015625,0.4527098109525334,46.494140625,95.888671875,0.5051837982717646,ok,True
-0.5051837982717646,-0.0383458424622402,0.0047511839788257635,0.0,1.0,16.54,RR,0.35554175978754854,False,False,-3.6172687055060564,-33.69275691170399,-14.068049742556635,False,19.9921070012035,0.791015625,2.0629307970250768,53.7890625,86.396484375,0.5051837982717646,ok,True
-0.5688975960988626,0.00957500718979855,0.02265394227180306,0.0,1.0,16.56,FL,0.36943064867643743,False,False,-3.7909493428598084,-42.264961690078536,-22.72779025583748,False,23.981114233193345,0.791015625,1.8770297066616644,53.525390625,88.330078125,0.5688975960988626,ok,True
-0.5688975960988626,0.00957500718979855,0.27760051659127966,0.0,1.0,16.56,FR,0.8694306486764374,True,True,5.230767563325207,5.011396235430784,24.78812543479163,False,0.0,0.791015625,0.4599211796420066,43.41796875,94.5703125,0.5688975960988626,ok,True
-0.5688975960988626,0.00957500718979855,0.21829857178005796,0.0,1.0,16.56,RL,0.8694306486764374,True,True,3.6405733181989266,-2.3528811969537253,17.453435768409115,False,0.0,0.791015625,0.4495460237667047,45.87890625,95.09765625,0.5688975960988626,ok,True
-0.5688975960988626,0.00957500718979855,0.00397189342614379,0.0,1.0,16.56,RR,0.36943064867643743,False,False,-3.4668082466535326,-37.36235373769631,-17.785777112824036,False,19.392609914378188,0.791015625,2.0332812404194907,54.31640625,86.572265625,0.5688975960988626,ok,True
-0.5806813870113399,0.07097433139802664,0.02459337635672327,0.0,1.0,16.580000000000002,FL,0.38331953756532633,False,False,-3.9178582897064373,-45.036930111624244,-25.52598676533639,False,24.386974348393778,0.791015625,1.7648739940944331,53.701171875,88.50585937500001,0.5806813870113399,ok,True
-0.5806813870113399,0.07097433139802664,0.24553560831673715,0.0,1.0,16.580000000000002,FR,0.8833195375653263,True,True,3.224401889673857,6.223774140474864,26.003441507173278,False,0.0,0.791015625,0.4433520593788074,42.890625,93.8671875,0.5806813870113399,ok,True
-0.5806813870113399,0.07097433139802664,0.20266250922073717,0.0,1.0,16.580000000000002,RL,0.8833195375653263,True,True,2.0908258153060078,-1.4907027571492493,18.317460233238673,False,0.0,0.791015625,0.447524151802932,45.439453125,94.482421875,0.5806813870113399,ok,True
-0.5806813870113399,0.07097433139802664,0.00452914650006615,0.0,1.0,16.580000000000002,RR,0.38331953756532633,False,False,-3.32844718851413,-40.93915123530722,-21.40271726246457,False,18.602257604055467,0.791015625,2.024644247387217,54.84375,86.8359375,0.5806813870113399,ok,True
-0.5370558256025035,0.16115969167076336,0.02653901148715361,0.0,1.0,16.6,FL,0.3972084264542152,False,False,-4.048097873690752,-47.70101225915516,-28.216956129981575,False,25.9173945297395,0.791015625,1.683483323095781,54.140625,88.59375,0.5370558256025035,ok,True
-0.5370558256025035,0.16115969167076336,0.21557373173040967,0.0,1.0,16.6,FR,0.8972084264542153,True,True,1.0426473187678877,6.998759059315823,26.782605846846604,False,0.0,0.791015625,0.4378067005551311,42.5390625,93.427734375,0.5370558256025035,ok,True
-0.5370558256025035,0.16115969167076336,0.18171829498728448,0.0,1.0,16.6,RL,0.8972084264542153,True,True,0.7445891821191326,-0.9797786080189671,18.830427635040273,False,0.0,0.791015625,0.44741126415070637,45.17578125,93.8671875,0.5370558256025035,ok,True
-0.5370558256025035,0.16115969167076336,0.004925534741839684,0.0,1.0,16.6,RR,0.3972084264542152,False,False,-3.198297728081412,-44.35267391276579,-24.851648147888454,False,17.76348633582835,0.791015625,2.0234129461713333,55.37109375,87.01171875,0.5370558256025035,ok,True
-0.4264710730525394,0.26401243330150914,0.028383410388449087,0.0,1.0,16.62,FL,0.4110973153431041,False,False,-4.205469935447244,-50.128704990430684,-30.67209051401714,False,24.817727437611058,0.791015625,1.6341046148316214,54.228515625,88.76953125,0.4264710730525394,ok,True
-0.4264710730525394,0.26401243330150914,0.15373035200402826,0.0,1.0,16.62,FR,0.9110973153431041,True,False,-0.8926403955474838,6.802336519411572,26.592149330053616,True,8.179975944274785,0.791015625,0.457321191955486,42.275390625,92.98828125,0.4264710730525394,ok,True
-0.4264710730525394,0.26401243330150914,0.13740109099622588,0.0,1.0,16.62,RL,0.9110973153431041,True,False,-0.33450095768575505,-1.1577529618478586,18.6550233486325,True,2.3472904014128435,0.791015625,0.46279952941126046,44.82421875,93.603515625,0.4264710730525394,ok,True
-0.4264710730525394,0.26401243330150914,0.005091807120839732,0.0,1.0,16.62,RR,0.4110973153431041,False,False,-3.0755160488715463,-47.50816643499161,-28.043416584208096,False,16.16210117803901,0.791015625,2.014805899274364,55.810546875,87.1875,0.4264710730525394,ok,True
-0.35769793849913056,0.3432196922025819,0.026184086513237555,0.0,1.0,16.64,FL,0.424986204231993,False,False,-4.18983188135565,-51.81634709190703,-32.383236437041646,False,21.237962735917442,0.791015625,1.6300234673452043,54.31640625,88.681640625,0.35769793849913056,ok,True
-0.35769793849913056,0.3432196922025819,0.04917174107091426,0.0,1.0,16.64,FR,0.924986204231993,True,False,-1.5060033922897829,5.227197040621601,25.02494485285704,False,9.878781796815295,0.791015625,0.5617457704066304,42.275390625,92.8125,0.35769793849913056,ok,True
-0.35769793849913056,0.3432196922025819,0.04711832054863975,0.0,1.0,16.64,RL,0.924986204231993,True,False,-0.700630168772802,-2.3780672635598115,17.437011360849187,False,2.2308530613362176,0.791015625,0.5820103744746897,44.560546875,93.427734375,0.35769793849913056,ok,True
-0.35769793849913056,0.3432196922025819,0.004238637001669138,0.0,1.0,16.64,RR,0.424986204231993,False,False,-2.8415491543727738,-50.00945168500802,-30.579215890463953,False,12.752109313919634,0.791015625,1.8854027251592873,56.337890625,87.36328125,0.35769793849913056,ok,True
-0.2801501380535558,0.3727339699114017,0.02220605876456627,0.0,1.0,16.66,FL,0.4388750931208819,False,False,-3.94330732483179,-52.466513055993005,-33.04467025641651,False,19.453715495836516,0.791015625,1.579333888758618,54.404296875,88.50585937500001,0.3727339699114017,ok,True
-0.2801501380535558,0.3727339699114017,0.0296366531072345,0.0,1.0,16.66,FR,0.9388750931208819,True,False,-1.6711744781098894,4.202378473639389,24.00539269292882,False,8.982086860196034,0.791015625,0.7298656273343097,42.275390625,92.900390625,0.3727339699114017,ok,True
-0.2801501380535558,0.3727339699114017,0.02543449572328477,0.0,1.0,16.66,RL,0.9388750931208819,True,False,-0.6034232695323951,-2.9283198147009175,16.887171622733955,False,2.26227369530128,0.791015625,0.7252499255293245,44.73632812500001,93.1640625,0.3727339699114017,ok,True
-0.2801501380535558,0.3727339699114017,0.002326927126840653,0.0,1.0,16.66,RR,0.4388750931208819,False,False,-2.511283568123383,-51.644224909678734,-32.237490584785775,False,11.82830613567728,0.791015625,1.7053573638276782,56.42578125,87.5390625,0.3727339699114017,ok,True
-0.1840740730596005,0.34903125501109433,0.01780351712255938,0.0,1.0,16.68,FL,0.4527639820097708,False,False,-3.6784003949353417,-52.33743410187353,-32.916816651003955,False,18.41646177866044,0.791015625,1.5206147896218638,54.404296875,88.06640625,0.34903125501109433,ok,True
-0.1840740730596005,0.34903125501109433,0.022479530834119178,0.0,1.0,16.68,FR,0.9527639820097709,True,False,-1.657177349013727,3.9328871257076554,23.738154745772217,False,8.390728435122817,0.791015625,0.8886567853102884,42.5390625,92.63671875,0.34903125501109433,ok,True
-0.1840740730596005,0.34903125501109433,0.02044492841753808,0.0,1.0,16.68,RL,0.9527639820097709,True,False,-0.5128556824951225,-2.7132287941624336,17.102265987617464,False,2.1032819321147764,0.791015625,0.8384888227225847,44.82421875,92.8125,0.34903125501109433,ok,True
-0.1840740730596005,0.34903125501109433,0.006093101007478201,0.0,1.0,16.68,RR,0.4527639820097708,False,False,-2.2800299995358944,-52.465278729000815,-33.06826662140241,False,12.446516457946181,0.791015625,1.549639975547184,56.6015625,87.71484375,0.34903125501109433,ok,True
-0.07440440670287707,0.2800018173516795,0.01344683342782772,0.0,1.0,16.7,FL,0.4666528708986597,False,False,-3.477235333651305,-51.73819295802073,-32.31316356015054,False,18.528418106576538,0.791015625,1.4934286266183459,54.580078125,87.978515625,0.2800018173516795,ok,True
-0.07440440670287707,0.2800018173516795,0.01581810854500557,0.0,1.0,16.7,FR,0.9666528708986597,True,False,-1.5449579099712922,4.308946363571801,24.114050508810408,False,6.504596868733125,0.791015625,0.985236437043614,42.890625,92.4609375,0.2800018173516795,ok,True
-0.07440440670287707,0.2800018173516795,0.013021792268709333,0.0,1.0,16.7,RL,0.9666528708986597,True,False,-0.5519541343007515,-2.0997688557751384,17.715719639286437,False,2.77101885876903,0.791015625,0.8864560618042334,45.0,92.63671875,0.2800018173516795,ok,True
-0.07440440670287707,0.2800018173516795,0.009380156120975956,0.0,1.0,16.7,RR,0.4666528708986597,False,False,-2.2029301916806405,-52.56622364927977,-33.166165706835876,False,13.70274538722639,0.791015625,1.475932945633861,56.6015625,87.802734375,0.2800018173516795,ok,True
0.04219449278504557,0.18740221185044081,0.009379791803071878,0.0,1.0,16.72,FL,0.4805417597875486,False,False,-3.335229997384023,-51.022964181135315,-31.592427218444254,False,17.16121838735303,0.791015625,1.5193247832818573,55.01953125000001,87.978515625,0.18740221185044081,ok,True
0.04219449278504557,0.18740221185044081,0.00811976310127202,0.0,1.0,16.72,FR,0.9805417597875485,True,False,-1.3616924814924547,4.9738178372322,24.777062473605266,False,6.670567655748202,0.791015625,0.9978441032278534,43.330078125,92.37304687500001,0.18740221185044081,ok,True
0.04219449278504557,0.18740221185044081,0.004940634597029608,0.0,1.0,16.72,RL,0.9805417597875485,True,False,-0.6528757126511159,-1.4916841550358706,18.323693391068662,False,3.7731262343433145,0.791015625,0.8907554425032389,45.439453125,92.724609375,0.18740221185044081,ok,True
0.04219449278504557,0.18740221185044081,0.011289553215894338,0.0,1.0,16.72,RR,0.4805417597875486,False,False,-2.2803891418404048,-52.26067657205381,-32.85070073133706,False,15.061155986456352,0.791015625,1.474260210813028,56.689453125,87.626953125,0.18740221185044081,ok,True
0.12525698807674132,0.10560064814904503,0.005166779176691479,0.0,1.0,16.740000000000002,FL,0.4944306486764375,False,False,-3.1524050442558895,-50.42864000140443,-30.992240521921907,False,15.868003406449684,0.791015625,1.588130976601527,55.283203125,87.802734375,0.12525698807674132,ok,True
0.12525698807674132,0.10560064814904503,0.0038977589303509585,0.0,1.0,16.740000000000002,FR,0.9944306486764375,True,False,-1.2419538475911367,5.609137660036341,25.410153317736842,False,6.325751410668395,0.791015625,0.9504475932719602,43.681640625,92.28515625,0.12525698807674132,ok,True
0.12525698807674132,0.10560064814904503,0.004191713990958064,0.0,1.0,16.740000000000002,RL,0.9944306486764375,True,False,-0.7389896276354113,-1.0339534965446138,18.78118032530815,False,3.9650203267791957,0.791015625,0.8911336880727985,45.791015625,92.900390625,0.12525698807674132,ok,True
0.12525698807674132,0.10560064814904503,0.012028192937419519,0.0,1.0,16.740000000000002,RR,0.4944306486764375,False,False,-2.455917443520285,-51.87850660107851,-32.45897860387747,False,16.819080487822323,0.791015625,1.4944943440308838,57.12890625,87.5390625,0.12525698807674132,ok,True
0.16129361189695487,0.028980931667003513,0.0020790433698815655,0.0,1.0,16.76,FL,0.5083195375653263,True,False,-2.9716449335264667,-50.221567386009305,-30.783351284888074,False,15.939232141583862,0.791015625,1.6766586745089558,55.634765625,87.890625,0.16129361189695487,ok,True
0.16129361189695487,0.028980931667003513,0.004585352009040381,0.0,1.0,16.76,FR,0.008319537565326218,False,False,-1.164258684815931,5.926720674987637,25.726361152200163,False,6.288723541798942,0.791015625,0.8727418337257432,44.208984375,91.93359375,0.16129361189695487,ok,True
0.16129361189695487,0.028980931667003513,0.005767284016794923,0.0,1.0,16.76,RL,0.008319537565326218,False,False,-0.7584551137191364,-0.9685372022671727,18.84631787471566,False,4.472413656057853,0.791015625,0.8831105311354303,46.142578125,92.37304687500001,0.16129361189695487,ok,True
0.16129361189695487,0.028980931667003513,0.012617128626563693,0.0,1.0,16.76,RR,0.5083195375653263,True,False,-2.688343354582895,-51.751133730904904,-32.32734844820318,False,17.32502547948854,0.791015625,1.537541719133589,57.48046875,87.5390625,0.16129361189695487,ok,True
0.18657790692923285,-0.05330018367015783,0.0018378386011119261,0.0,1.0,16.78,FL,0.5222084264542152,True,False,-2.845593116480225,-50.4314281650219,-30.99776601893197,False,14.871000358331083,0.791015625,1.7281033905010705,55.98632812500001,88.06640625,0.18657790692923285,ok,True
0.18657790692923285,-0.05330018367015783,0.0044190559975897286,0.0,1.0,16.78,FR,0.022208426454215058,False,False,-1.1162238168170926,5.778790861252265,25.578959080791698,False,6.915500540998223,0.791015625,0.83420493674582,44.73632812500001,91.40625000000001,0.18657790692923285,ok,True
0.18657790692923285,-0.05330018367015783,0.004291583532848693,0.0,1.0,16.78,RL,0.022208426454215058,False,False,-0.8061421912301594,-1.2967653894542723,18.518018629718124,False,5.830040809434621,0.791015625,0.8692465239742315,46.40625,91.93359375,0.18657790692923285,ok,True
0.18657790692923285,-0.05330018367015783,0.012651639012013773,0.0,1.0,16.78,RR,0.5222084264542152,True,False,-2.8557144954588205,-52.08846242444579,-32.666904433913885,False,17.350493374714087,0.791015625,1.590421068304469,57.83203125,87.626953125,0.18657790692923285,ok,True
0.17932512758538868,-0.11663770950617869,0.002484258081150204,0.0,1.0,16.8,FL,0.536097315343104,True,False,-2.6787381307346454,-51.05287591595914,-31.62845948715736,False,13.31168427549422,0.791015625,1.7362710901764027,56.42578125,88.50585937500001,0.17932512758538868,ok,True
0.17932512758538868,-0.11663770950617869,0.0029982394004242287,0.0,1.0,16.8,FR,0.0360973153431039,False,False,-1.1611768226237502,5.028680591677642,24.832013751624196,False,8.382503281397218,0.791015625,0.8506209767784598,45.0,90.966796875,0.17932512758538868,ok,True
0.17932512758538868,-0.11663770950617869,0.0013873253799849597,0.0,1.0,16.8,RL,0.0360973153431039,False,False,-0.9468945473607021,-1.9892775995841785,17.825838471810478,False,8.229113484901363,0.791015625,0.9025421036863603,46.494140625,91.494140625,0.17932512758538868,ok,True
0.17932512758538868,-0.11663770950617869,0.011170939590062228,0.0,1.0,16.8,RR,0.536097315343104,True,False,-2.9164435465556284,-53.01074562541919,-33.601204597739894,False,16.05992694121211,0.791015625,1.5880859530990419,58.27148437499999,88.06640625,0.17932512758538868,ok,True
0.16419119626155437,-0.136810763495541,0.004006908233103457,0.0,1.0,16.82,FL,0.5499862042319928,True,False,-2.4443051449234194,-51.98304419084367,-32.57124096211214,False,11.153727697949861,0.791015625,1.661596698106648,56.77734375,89.208984375,0.16419119626155437,ok,True
0.16419119626155437,-0.136810763495541,0.0005078362905308536,0.0,1.0,16.82,FR,0.04998620423199274,False,False,-1.3177821705448038,3.684948828524793,23.493293715911744,False,9.774449824940765,0.791015625,0.9703362157952338,45.17578125,90.52734375,0.16419119626155437,ok,True
0.16419119626155437,-0.136810763495541,0.003367393163866768,0.0,1.0,16.82,RL,0.04998620423199274,False,False,-1.199228530807013,-2.9432079915855667,16.87227341650941,False,10.08005041732776,0.791015625,0.9891328687873848,46.58203125,90.966796875,0.16419119626155437,ok,True
0.16419119626155437,-0.136810763495541,0.00759800654195396,0.0,1.0,16.82,RR,0.5499862042319928,True,False,-2.8119636646636166,-54.489501908038456,-35.10309329618496,False,12.732598173647714,0.791015625,1.5149915988995561,58.71093750000001,88.681640625,0.16419119626155437,ok,True
0.15268793499235203,-0.1222401409049466,0.005507605980460254,0.0,1.0,16.84,FL,0.5638750931208817,True,False,-2.1362169612457254,-53.107759807849156,-33.70902284845698,False,9.104898161490127,0.791015625,1.5121802477407742,57.30468749999999,90.0,0.15268793499235203,ok,True
0.15268793499235203,-0.1222401409049466,0.004246482992366407,0.0,1.0,16.84,FR,0.06387509312088158,False,False,-1.542544071087608,1.8808112841342461,21.69365499200097,False,12.03020245734608,0.791015625,1.1828474858441915,45.52734375,90.0,0.15268793499235203,ok,True
0.15268793499235203,-0.1222401409049466,0.0051093903811347124,0.0,1.0,16.84,RL,0.06387509312088158,False,False,-1.514728796412925,-4.077879418069069,15.736946996932701,False,11.471111400188363,0.791015625,1.1391056799301302,46.58203125,90.52734375,0.15268793499235203,ok,True
0.15268793499235203,-0.1222401409049466,0.004175221469085935,0.0,1.0,16.84,RR,0.5638750931208817,True,False,-2.4916866042988297,-56.42233150193123,-37.066361166300794,False,9.676887162837387,0.791015625,1.3554475910026382,59.23828124999999,89.560546875,0.15268793499235203,ok,True
0.13739151891624585,-0.09586152919455404,0.007558107871924521,0.0,1.0,16.86,FL,0.5777639820097705,True,False,-1.7861038572566916,-54.20401504742176,-34.814498997178475,False,7.322852054605195,0.791015625,1.3202819439609406,57.83203125,90.966796875,0.13739151891624585,ok,True
0.13739151891624585,-0.09586152919455404,0.008016628132013577,0.0,1.0,16.86,FR,0.07776398200977042,False,False,-1.8504829783733898,-0.0869970329493066,19.728202943858104,False,14.704860588254595,0.791015625,1.4510221196057937,45.87890625,89.47265625000001,0.13739151891624585,ok,True
0.13739151891624585,-0.09586152919455404,0.004986510196887879,0.0,1.0,16.86,RL,0.07776398200977042,False,False,-1.8212205754418385,-5.211531901392798,14.601432893990735,False,13.55179171296089,0.791015625,1.337799379479193,46.66992187500001,90.0,0.13739151891624585,ok,True
0.13739151891624585,-0.09586152919455404,0.003593888697690104,0.0,1.0,16.86,RR,0.5777639820097705,True,False,-2.02975888107362,-58.493749111487,-39.16834173375611,False,7.055984026984014,0.791015625,1.1285350451539853,59.4140625,90.615234375,0.13739151891624585,ok,True
0.11685717611908551,-0.06417869927857998,0.008336702766664181,0.0,1.0,16.88,FL,0.5916528708986594,True,False,-1.4248923828168274,-55.124723587778824,-35.73858664503041,False,5.313788222971344,0.791015625,1.109684686272951,58.35937500000001,92.197265625,0.11685717611908551,ok,True
0.11685717611908551,-0.06417869927857998,0.008945482571259607,0.0,1.0,16.88,FR,0.09165287089865926,False,False,-2.2305719298855964,-1.9956189333778076,17.819602978407673,False,17.523662201705932,0.791015625,1.74367804200454,46.318359375,89.12109375,0.11685717611908551,ok,True
0.11685717611908551,-0.06417869927857998,0.004675637578145682,0.0,1.0,16.88,RL,0.09165287089865926,False,False,-2.149472428691252,-6.17218576589134,13.638360701343379,False,15.746263930578895,0.791015625,1.5631820917787318,47.021484375,89.47265625000001,0.11685717611908551,ok,True
0.11685717611908551,-0.06417869927857998,0.007188180034132744,0.0,1.0,16.88,RR,0.5916528708986594,True,False,-1.5383275874460909,-60.41537435111979,-41.11618759049684,False,4.368318525746308,0.791015625,0.865669763559435,59.58984374999999,91.7578125,0.11685717611908551,ok,True
0.07969733715902289,-0.01704440401503949,0.009540377492244205,0.0,1.0,16.9,FL,0.6055417597875482,True,True,-1.0252032666959126,-55.728160137625544,-36.33689719424283,False,3.2316895515808635,0.791015625,0.9125699361292117,58.798828125,93.427734375,0.07969733715902289,ok,True
0.07969733715902289,-0.01704440401503949,0.007554823995219109,0.0,1.0,16.9,FR,0.1055417597875481,False,False,-2.649023533891553,-3.630603609162067,16.183072775105163,False,19.56574744504735,0.791015625,2.0182405951432782,46.7578125,88.59375,0.07969733715902289,ok,True
0.07969733715902289,-0.01704440401503949,0.0028311619821527207,0.0,1.0,16.9,RL,0.1055417597875481,False,False,-2.5017259392279763,-6.873659316414568,12.934582960015263,False,17.354091928268282,0.791015625,1.7905700038802597,47.373046875,89.033203125,0.07969733715902289,ok,True
0.07969733715902289,-0.01704440401503949,0.021120148004143233,0.0,1.0,16.9,RR,0.6055417597875482,True,True,-0.8796543968876205,-61.73879538243267,-42.45141951745735,False,2.905945464705705,0.791015625,0.6152038838159161,60.20507812499999,93.1640625,0.07969733715902289,ok,True
-0.014503912546212886,0.03840000225613998,0.026798747899036274,0.0,1.0,16.92,FL,0.619430648676437,True,True,-0.3422499605474829,-55.736444156389105,-36.325617409480394,False,2.2012054788337774,0.791015625,0.7789895875790461,59.23828124999999,95.185546875,0.03840000225613998,ok,True
-0.014503912546212886,0.03840000225613998,0.004663260000724907,0.0,1.0,16.92,FR,0.11943064867643693,False,False,-3.0382050076199554,-4.940826377222091,14.870650926577262,False,20.523286836074785,0.791015625,2.2136797015940224,47.28515625,88.59375,0.03840000225613998,ok,True
-0.014503912546212886,0.03840000225613998,0.0027667481048001727,0.0,1.0,16.92,RL,0.11943064867643693,False,False,-2.826599479861844,-7.443254397194239,12.363076245135595,False,20.00667653615238,0.791015625,2.006884234938083,47.4609375,88.41796875,0.03840000225613998,ok,True
-0.014503912546212886,0.03840000225613998,0.08277706066860989,0.0,1.0,16.92,RR,0.619430648676437,True,True,0.35649502060534566,-61.48467917738065,-42.171470493145435,False,0.0,0.791015625,0.488584296316743,60.20507812499999,94.5703125,0.03840000225613998,ok,True
-0.08076915427626631,0.017050683842650773,0.1226817894522526,0.0,1.0,16.94,FL,0.6333195375653259,True,True,0.8614747724314704,-53.72165507192321,-34.25949107464672,False,0.0,0.791015625,0.6391120977328553,59.4140625,96.591796875,0.08076915427626631,ok,True
-0.08076915427626631,0.017050683842650773,0.005629141730220837,0.0,1.0,16.94,FR,0.13331953756532577,False,False,-3.263399558316952,-6.208457032910803,13.599646320032093,False,19.604098917035355,0.791015625,2.4264764459611805,47.63671875000001,88.2421875,0.08076915427626631,ok,True
-0.08076915427626631,0.017050683842650773,0.005683582233725808,0.0,1.0,16.94,RL,0.13331953756532577,False,False,-3.2178786241423945,-7.95495284260099,11.849747451077386,False,23.632996001535822,0.791015625,2.2113920897867785,48.076171875,88.330078125,0.08076915427626631,ok,True
-0.08076915427626631,0.017050683842650773,0.24971663763705193,0.0,1.0,16.94,RR,0.6333195375653259,True,True,1.5442199924572617,-57.803977375550154,-38.40237861869386,False,0.0,0.791015625,0.4948887776919168,60.46875,96.240234375,0.08076915427626631,ok,True
-0.08073528013951252,-0.06356508520756007,0.24008329796741104,0.0,1.0,16.96,FL,0.6472084264542147,True,True,2.6588703809411474,-49.563175000712675,-30.028454849534366,False,0.0,0.791015625,0.5277123075663942,59.4140625,97.91015625,0.08073528013951252,ok,True
-0.08073528013951252,-0.06356508520756007,0.007894010911784242,0.0,1.0,16.96,FR,0.1472084264542146,False,False,-3.3597499946207594,-7.767735174564103,12.034943613196802,False,20.443262403248838,0.791015625,2.6628822191863404,48.076171875,87.890625,0.08073528013951252,ok,True
-0.08073528013951252,-0.06356508520756007,0.004533928805679559,0.0,1.0,16.96,RL,0.1472084264542146,False,False,-3.662575385739428,-8.619568060856293,11.18282581012438,False,24.818024522211154,0.791015625,2.4302198491510287,48.603515625,88.2421875,0.08073528013951252,ok,True
-0.08073528013951252,-0.06356508520756007,0.27176811243831,0.0,1.0,16.96,RR,0.6472084264542147,True,True,2.621679734123302,-53.943197350628346,-34.46251168503751,False,0.0,0.791015625,0.47332585534561117,60.55664062500001,97.82226562500001,0.08073528013951252,ok,True
-0.03723586647744303,-0.2043939876000911,0.24362707072996254,0.0,1.0,16.98,FL,0.6610973153431036,True,True,4.8771038256057375,-45.69551669324591,-26.090217746189985,False,0.0,0.791015625,0.48163540895959533,59.32617187500001,99.228515625,0.2043939876000911,ok,True
-0.03723586647744303,-0.2043939876000911,0.008048836572907366,0.0,1.0,16.98,FR,0.16109731534310345,False,False,-3.4509687963887106,-9.558996290613052,10.234589033068605,False,20.194373455289735,0.791015625,2.8636148912819253,48.515625,87.802734375,0.2043939876000911,ok,True
-0.03723586647744303,-0.2043939876000911,0.0037016809351812004,0.0,1.0,16.98,RL,0.16109731534310345,False,False,-3.9985829853691826,-9.62519567176126,10.17373818228551,False,25.24762021053605,0.791015625,2.6371196451514827,48.779296875,87.802734375,0.2043939876000911,ok,True
-0.03723586647744303,-0.2043939876000911,0.2802224060076121,0.0,1.0,16.98,RR,0.6610973153431036,True,True,3.8901695217187156,-50.195004844892786,-30.650223332144584,False,0.0,0.791015625,0.4702392760382123,60.20507812499999,98.876953125,0.2043939876000911,ok,True
0.08053788706049589,-0.35438584414774094,0.25113686065879226,0.0,1.0,17.0,FL,0.6749862042319924,True,True,7.45642145320308,-42.076952367790746,-22.40790891319653,False,0.0,0.791015625,0.4685481882060269,58.88671875,100.107421875,0.35438584414774094,ok,True
0.08053788706049589,-0.35438584414774094,0.008414048599844829,0.0,1.0,17.0,FR,0.1749862042319923,False,False,-3.477056679637016,-11.553515369139284,8.22743826581761,False,19.958091584994605,0.791015625,3.0268038499332217,48.8671875,87.626953125,0.35438584414774094,ok,True
0.08053788706049589,-0.35438584414774094,0.002203440696829977,0.0,1.0,17.0,RL,0.1749862042319923,False,False,-4.1995805857674915,-11.00726402478817,8.785692179761153,False,25.215068613960366,0.791015625,2.7794748730184353,49.130859375,87.36328125,0.35438584414774094,ok,True
0.08053788706049589,-0.35438584414774094,0.2867638627226666,0.0,1.0,17.0,RR,0.6749862042319924,True,True,5.03529072713647,-46.517436070898206,-26.90233743732251,False,0.0,0.791015625,0.47654731338036643,59.765625,100.01953125,0.35438584414774094,ok,True
0.2575562969582198,-0.4581836498681996,0.24548750475875797,0.0,1.0,17.02,FL,0.6888750931208812,True,True,9.982145026460058,-38.90719730596177,-19.19426667567004,False,0.0,0.791015625,0.4765678650601885,58.53515625,101.07421875,0.4581836498681996,ok,True
0.2575562969582198,-0.4581836498681996,0.00799890312125524,0.0,1.0,17.02,FR,0.18887509312088113,False,False,-3.484252284901932,-13.655329739711085,6.116457442802819,False,20.445898534405124,0.791015625,3.1284678589472987,49.21875,87.626953125,0.4581836498681996,ok,True
0.2575562969582198,-0.4581836498681996,0.0022464472189550897,0.0,1.0,17.02,RL,0.18887509312088113,False,False,-4.2788721670640495,-12.683575538531523,7.099391663339118,False,24.603070150330076,0.791015625,2.8590103870738424,49.306640625,87.099609375,0.4581836498681996,ok,True
0.2575562969582198,-0.4581836498681996,0.3042211049635797,0.0,1.0,17.02,RR,0.6888750931208812,True,True,6.128197575852794,-42.598360890268125,-22.92071649931017,False,0.0,0.791015625,0.4787324361589592,58.88671875,100.810546875,0.4581836498681996,ok,True
0.47267198438211977,-0.5198295132373869,0.26876818978499895,0.0,1.0,17.04,FL,0.7027639820097701,True,True,12.368550048351235,-35.54229569520851,-15.796933043129542,False,0.0,0.791015625,0.4868790616129568,57.83203125,101.77734375,0.5198295132373869,ok,True
0.47267198438211977,-0.5198295132373869,0.006970642749476609,0.0,1.0,17.04,FR,0.20276398200976997,False,False,-3.4956579990797767,-15.789290184087097,3.976663687165683,False,20.528254314173743,0.791015625,3.1611682625009045,49.482421875,87.71484375,0.5198295132373869,ok,True
0.47267198438211977,-0.5198295132373869,0.004307964990906156,0.0,1.0,17.04,RL,0.20276398200976997,False,False,-4.2684975287532385,-14.612341554242137,5.159966755041809,False,23.842334821136802,0.791015625,2.8886801663674326,49.39453125000001,86.66015625,0.5198295132373869,ok,True
0.47267198438211977,-0.5198295132373869,0.3206526396330969,0.0,1.0,17.04,RR,0.7027639820097701,True,True,7.20571098623761,-38.40187723197549,-18.67637222741818,False,0.0,0.791015625,0.4786095904149317,57.83203125,101.162109375,0.5198295132373869,ok,True
0.7128552029534173,-0.5246650553938222,0.2842013483850526,0.0,1.0,17.06,FL,0.7166528708986589,True,True,14.547423746137534,-32.10643525057985,-12.340516870797426,False,0.0,0.791015625,0.4928340493400991,56.865234375,102.216796875,0.7128552029534173,ok,True
0.7128552029534173,-0.5246650553938222,0.0059659760480674125,0.0,1.0,17.06,FR,0.2166528708986588,False,False,-3.5095284156357565,-17.937940397911017,1.8201778221223606,False,20.84831729748319,0.791015625,3.129764904913114,49.921875,87.626953125,0.7128552029534173,ok,True
0.7128552029534173,-0.5246650553938222,0.006271446424977791,0.0,1.0,17.06,RL,0.2166528708986588,False,False,-4.198662169085862,-16.742202283219914,3.022686567474235,False,23.163805226403653,0.791015625,2.8842894385477704,49.833984375,86.923828125,0.7128552029534173,ok,True
0.7128552029534173,-0.5246650553938222,0.3274048473375053,0.0,1.0,17.06,RR,0.7166528708986589,True,True,8.039039285639808,-34.10436293771703,-14.348309593256413,False,0.0,0.791015625,0.4779042143125855,56.77734375,101.68945312500001,0.7128552029534173,ok,True
0.9701954919161788,-0.4919651146544073,0.29697780308483485,0.0,1.0,17.080000000000002,FL,0.7305417597875478,True,True,16.36434509169662,-28.612655680313633,-8.832464447701035,False,0.0,0.791015625,0.4942639869920944,55.98632812500001,102.568359375,0.9701954919161788,ok,True
0.9701954919161788,-0.4919651146544073,0.006229053529398977,0.0,1.0,17.080000000000002,FR,0.23054175978754765,False,False,-3.5533247634286087,-20.07757054972045,-0.32917826734459865,False,21.109936551267804,0.791015625,3.0468842700380847,50.2734375,87.802734375,0.9701954919161788,ok,True
0.9701954919161788,-0.4919651146544073,0.0072560069069615395,0.0,1.0,17.080000000000002,RL,0.23054175978754765,False,False,-4.100302520826198,-19.04139469979429,0.7100881454053365,False,21.770316257879823,0.791015625,2.856115757228908,49.921875,86.923828125,0.9701954919161788,ok,True
0.9701954919161788,-0.4919651146544073,0.33779487928213325,0.0,1.0,17.080000000000002,RR,0.7305417597875478,True,True,8.94711506220399,-29.61921684053628,-9.846526186946313,False,0.0,0.791015625,0.4731437847881883,55.283203125,101.68945312500001,0.9701954919161788,ok,True
1.207044704974383,-0.48141486033888176,0.3283193721093185,0.0,1.0,17.1,FL,0.7444306486764366,True,True,17.90703850709411,-24.72968480313994,-4.927158585948611,False,0.0,0.791015625,0.4949982921877326,55.107421875,102.65625000000001,1.207044704974383,ok,True
1.207044704974383,-0.48141486033888176,0.006776624990348763,0.0,1.0,17.1,FR,0.2444306486764365,False,False,-3.5784135906657863,-22.25439652839992,-2.5181577229379,False,20.92480089761921,0.791015625,2.8933298584372116,50.712890625,87.890625,1.207044704974383,ok,True
1.207044704974383,-0.48141486033888176,0.0065187824328721,0.0,1.0,17.1,RL,0.2444306486764365,False,False,-3.9257798943231856,-21.58251168831148,-1.8498675562459361,False,19.818928036691144,0.791015625,2.824378413372932,50.36132812500001,87.099609375,1.207044704974383,ok,True
1.207044704974383,-0.48141486033888176,0.3273351910817206,0.0,1.0,17.1,RR,0.7444306486764366,True,True,9.376653523104128,-25.396630968777746,-5.601176691455812,False,0.0,0.791015625,0.4871947110248449,54.228515625,101.865234375,1.207044704974383,ok,True
1.4137848720900752,-0.5059691821055528,0.32726540034167517,0.0,1.0,17.12,FL,0.7583195375653254,True,True,18.969856775402317,-21.029217288845523,-1.215997972642164,False,0.0,0.791015625,0.4917410097006002,53.96484375,102.568359375,1.4137848720900752,ok,True
1.4137848720900752,-0.5059691821055528,0.008690717003161933,0.0,1.0,17.12,FR,0.25831953756532533,False,False,-3.592238282997144,-24.369720370362742,-4.646595574387753,False,21.714216001425015,0.791015625,2.6880029121489097,51.32812500000001,88.06640625,1.4137848720900752,ok,True
1.4137848720900752,-0.5059691821055528,0.008246173068835592,0.0,1.0,17.12,RL,0.25831953756532533,False,False,-3.6708668044011135,-24.231495536719848,-4.5197910904714504,False,19.032541036150054,0.791015625,2.777187908337973,50.888671875,87.36328125,1.4137848720900752,ok,True
1.4137848720900752,-0.5059691821055528,0.36140952576491303,0.0,1.0,17.12,RR,0.7583195375653254,True,True,9.416617920484015,-20.45564958457046,-0.6434301938499054,False,0.0,0.791015625,0.5046653208402558,52.822265625,101.77734375,1.4137848720900752,ok,True
1.6198473894433156,-0.5736614041626718,0.33511412511602023,0.0,1.0,17.14,FL,0.7722084264542143,True,True,19.86183002989299,-17.1357853142865,2.6791878449069273,False,0.0,0.791015625,0.4757665915783578,52.91015625,102.3046875,1.6198473894433156,ok,True
1.6198473894433156,-0.5736614041626718,0.010541054618661646,0.0,1.0,17.14,FR,0.27220842645421417,False,False,-3.6456565490524118,-26.395344650147756,-6.685803821340166,False,22.372992691053213,0.791015625,2.50615404368405,51.767578125,88.2421875,1.6198473894433156,ok,True
1.6198473894433156,-0.5736614041626718,0.010326206854233449,0.0,1.0,17.14,RL,0.27220842645421417,False,False,-3.4528449752435146,-26.802154602401078,-7.11067651101256,False,19.18950279690827,0.791015625,2.7079922360619006,51.416015625,87.71484375,1.6198473894433156,ok,True
1.6198473894433156,-0.5736614041626718,0.3517238089373436,0.0,1.0,17.14,RR,0.7722084264542143,True,True,9.014337302569821,-15.63476045029295,4.180169124400676,False,0.0,0.791015625,0.5101489483246874,51.32812500000001,101.42578125,1.6198473894433156,ok,True
1.8352894910496957,-0.644891197451553,0.3446003524820306,0.0,1.0,17.16,FL,0.7860973153431031,True,True,20.461276707845066,-12.858832261726727,6.947507734679887,False,0.0,0.791015625,0.463556837492091,51.767578125,101.77734375,1.8352894910496957,ok,True
1.8352894910496957,-0.644891197451553,0.010668467057880741,0.0,1.0,17.16,FR,0.286097315343103,False,False,-3.722244776183277,-28.321952678070573,-8.62534488458697,False,23.47681428287325,0.791015625,2.3721414928819726,52.29492187500001,88.41796875,1.8352894910496957,ok,True
1.8352894910496957,-0.644891197451553,0.01100692344836861,0.0,1.0,17.16,RL,0.286097315343103,False,False,-3.320918466859217,-29.18168793993159,-9.509865088308114,False,19.26476278460072,0.791015625,2.632816332817828,51.943359375,87.978515625,1.8352894910496957,ok,True
1.8352894910496957,-0.644891197451553,0.35869254991579813,0.0,1.0,17.16,RR,0.7860973153431031,True,True,8.200875564632247,-10.561826924143931,9.242431243570783,False,0.0,0.791015625,0.5074536981574466,49.921875,100.8984375,1.8352894910496957,ok,True
2.0316480575739093,-0.7216160269746628,0.30789812800611144,0.0,1.0,17.18,FL,0.799986204231992,True,True,20.336985739687076,-9.080047060174477,10.712338981275531,False,0.0,0.791015625,0.44861375891472394,50.712890625,101.07421875,2.0316480575739093,ok,True
2.0316480575739093,-0.7216160269746628,0.011409893404391133,0.0,1.0,17.18,FR,0.29998620423199185,False,False,-3.8365978091711024,-30.127338770638644,-10.443580952084087,False,24.063217204237546,0.791015625,2.276538100569698,52.734375,88.59375,2.0316480575739093,ok,True
2.0316480575739093,-0.7216160269746628,0.011295462089653605,0.0,1.0,17.18,RL,0.29998620423199185,False,False,-3.25650326223308,-31.324483268190864,-11.670836821225382,False,19.451087924395743,0.791015625,2.5858440851379405,52.3828125,88.2421875,2.0316480575739093,ok,True
2.0316480575739093,-0.7216160269746628,0.3359735196832455,0.0,1.0,17.18,RR,0.799986204231992,True,True,6.630618310228605,-5.829077777639332,13.956910536030437,False,0.0,0.791015625,0.4971924409834171,48.603515625,100.1953125,2.0316480575739093,ok,True
2.223064219726645,-0.7994370931265748,0.254762479578729,0.0,1.0,17.2,FL,0.8138750931208808,True,True,19.25779899497728,-6.082062652839898,13.700256316590583,False,0.0,0.791015625,0.43426150525824764,49.5703125,100.37109375,2.223064219726645,ok,True
2.223064219726645,-0.7994370931265748,0.011182036762256597,0.0,1.0,17.2,FR,0.3138750931208807,False,False,-3.9559427294435165,-31.827998828419606,-12.156956085649547,False,24.805296027543598,0.791015625,2.235509760888119,52.998046875,88.681640625,2.223064219726645,ok,True
2.223064219726645,-0.7994370931265748,0.011219769536905578,0.0,1.0,17.2,RL,0.3138750931208807,False,False,-3.241087191634545,-33.200987739634265,-13.563823931855229,False,19.588707610152333,0.791015625,2.566672197306416,52.91015625,88.50585937500001,2.223064219726645,ok,True
2.223064219726645,-0.7994370931265748,0.29751843106528986,0.0,1.0,17.2,RR,0.8138750931208808,True,True,4.512717975030948,-1.7595704133985444,18.008266744341874,False,0.0,0.791015625,0.47858098485041856,47.197265625,99.31640625,2.223064219726645,ok,True
2.3792190502091644,-0.8682704573149065,0.2145609851596426,0.0,1.0,17.22,FL,0.8277639820097696,True,True,17.738664067830292,-3.5781254250409718,16.197956256273866,False,0.0,0.791015625,0.42086792819205776,48.33984375,99.4921875,2.3792190502091644,ok,True
2.3792190502091644,-0.8682704573149065,0.011290762506934305,0.0,1.0,17.22,FR,0.32776398200976953,False,False,-4.091580583206505,-33.35952202453427,-13.700733633269767,False,25.600862159852174,0.791015625,2.2225965226987023,53.26171875,88.681640625,2.3792190502091644,ok,True
2.3792190502091644,-0.8682704573149065,0.010976148881398484,0.0,1.0,17.22,RL,0.32776398200976953,False,False,-3.2387201595933806,-34.7783134166256,-15.155130672919924,False,19.303444125829884,0.791015625,2.5872645116402873,53.4375,88.681640625,2.3792190502091644,ok,True
2.3792190502091644,-0.8682704573149065,0.27538016518339886,0.0,1.0,17.22,RR,0.8277639820097696,True,True,2.352727980619425,2.0300455330481437,21.779375391778935,False,0.0,0.791015625,0.4608230865652981,45.791015625,98.0859375,2.3792190502091644,ok,True
2.480865847323335,-0.9376394190390505,0.21126031167716164,0.0,1.0,17.240000000000002,FL,0.8416528708986585,True,True,16.287910424896975,-0.8073485344691224,18.960015334357468,False,0.0,0.791015625,0.4108211981014063,47.197265625,98.61328125,2.480865847323335,ok,True
2.480865847323335,-0.9376394190390505,0.011556157174535583,0.0,1.0,17.240000000000002,FR,0.34165287089865837,False,False,-4.23209798985872,-34.646463536009655,-14.999483205609806,False,25.70609302686822,0.791015625,2.220680764420065,53.4375,88.41796875,2.480865847323335,ok,True
2.480865847323335,-0.9376394190390505,0.009512002291356588,0.0,1.0,17.240000000000002,RL,0.34165287089865837,False,False,-3.2295777185487315,-36.05745693580094,-16.444964021463974,False,19.286057139495036,0.791015625,2.6412577658567473,53.61328125,88.857421875,2.480865847323335,ok,True
2.480865847323335,-0.9376394190390505,0.2562850969890366,0.0,1.0,17.240000000000002,RR,0.8416528708986585,True,True,0.10077577764887671,5.666700989921254,25.407211687413398,False,0.0,0.791015625,0.461139799660067,44.384765625,96.6796875,2.480865847323335,ok,True
2.420090997060728,-0.8952636937085592,0.19195492612930584,0.0,1.0,17.26,FL,0.8555417597875473,True,True,14.566498299823868,1.8438224446386602,21.60288769918834,False,0.0,0.791015625,0.4675834508280402,46.142578125,97.734375,2.420090997060728,ok,True
2.420090997060728,-0.8952636937085592,0.010928946601805855,0.0,1.0,17.26,FR,0.3555417597875472,False,False,-4.343949276208157,-35.5579441623997,-15.919382128092078,False,26.099954196255663,0.791015625,2.1061708575079465,53.61328125,88.2421875,2.420090997060728,ok,True
2.420090997060728,-0.8952636937085592,0.009510440726580862,0.0,1.0,17.26,RL,0.3555417597875472,False,False,-3.1279070360183856,-37.07221842403082,-17.471228864790707,False,13.76237783860933,0.791015625,2.7153849955405396,53.61328125,89.12109375,2.420090997060728,ok,True
2.420090997060728,-0.8952636937085592,0.12448341531602213,0.0,1.0,17.26,RR,0.8555417597875473,True,True,-1.2455553683640015,7.075047629138109,26.816119048518743,True,7.618384940031413,0.791015625,0.4126541416168228,43.06640625,95.27343750000001,2.420090997060728,ok,True
2.038489073646527,-0.6657432420903313,0.15134920659324508,0.0,1.0,17.28,FL,0.8694306486764362,True,True,12.037478400509734,3.5359043305409057,23.294108935661505,False,0.0,0.791015625,0.4881393707368694,45.17578125,96.943359375,2.038489073646527,ok,True
2.038489073646527,-0.6657432420903313,0.011828641010414361,0.0,1.0,17.28,FR,0.36943064867643605,False,False,-4.410413298950775,-35.8664396308388,-16.23049009960684,False,24.45998299815285,0.791015625,1.7695073827813972,53.701171875,87.802734375,2.038489073646527,ok,True
2.038489073646527,-0.6657432420903313,0.009431486840125857,0.0,1.0,17.28,RL,0.36943064867643605,False,False,-2.759837884110144,-37.9640087111902,-18.375792899701263,False,11.775068566396802,0.791015625,2.704180031699703,53.61328125,89.12109375,2.038489073646527,ok,True
2.038489073646527,-0.6657432420903313,0.041382603919319375,0.0,1.0,17.28,RR,0.8694306486764362,True,True,-1.5415108985946704,7.561952052472354,27.309537357577327,False,6.1726118434894195,0.791015625,0.3914644562249634,41.923828125,93.8671875,2.038489073646527,ok,True
1.4633011050194633,-0.3924692863663978,0.13950127507079635,0.0,1.0,17.3,FL,0.883319537565325,True,True,9.084469595621487,4.737527563437271,24.49850384634889,False,0.0,0.791015625,0.44891295519810887,44.384765625,96.240234375,1.4633011050194633,ok,True
1.4633011050194633,-0.3924692863663978,0.01608228234705336,0.0,1.0,17.3,FR,0.3833195375653249,False,False,-4.3618112043962745,-35.820881045935245,-16.18456458883185,False,23.78922432976721,0.791015625,1.3946922811465048,53.701171875,87.36328125,1.4633011050194633,ok,True
1.4633011050194633,-0.3924692863663978,0.00580218303148695,0.0,1.0,17.3,RL,0.3833195375653249,False,False,-2.4184875266589705,-38.778732780904534,-19.200211482898172,False,12.606844990860061,0.791015625,2.5714723694667216,53.61328125,88.681640625,1.4633011050194633,ok,True
1.4633011050194633,-0.3924692863663978,0.02884592669274086,0.0,1.0,17.3,RR,0.883319537565325,True,True,-1.5080869971691897,8.296500265409104,28.05801159078669,False,5.030352807877787,0.791015625,0.4646114807430283,40.95703125,92.724609375,1.4633011050194633,ok,True
0.7709968513755763,-0.14573047624917904,0.12154616847951762,0.0,1.0,17.32,FL,0.8972084264542138,True,True,6.132919449158041,5.805716069858538,25.569527375631285,False,0.0,0.791015625,0.38710953140312915,43.76953125,95.09765625,0.7709968513755763,ok,True
0.7709968513755763,-0.14573047624917904,0.01897426503682644,0.0,1.0,17.32,FR,0.3972084264542137,False,False,-4.279378910264833,-35.75644705461892,-16.122919042385355,False,22.422524500202655,0.791015625,1.1105667841348021,53.876953125,87.01171875,0.7709968513755763,ok,True
0.7709968513755763,-0.14573047624917904,0.003584063807511869,0.0,1.0,17.32,RL,0.3972084264542137,False,False,-2.300110879169627,-39.47890391513015,-19.90722261122872,False,15.114670102769102,0.791015625,2.3998938700970696,53.701171875,88.41796875,0.7709968513755763,ok,True
0.7709968513755763,-0.14573047624917904,0.025562388206755562,0.0,1.0,17.32,RR,0.8972084264542138,True,True,-1.3631581022474706,9.076544748886393,28.850669083397058,False,3.5313430476343592,0.791015625,0.5765559557262905,40.517578125,91.669921875,0.7709968513755763,ok,True
0.06363760983408795,0.07246781123195686,0.07238640568892384,0.0,1.0,17.34,FL,0.9110973153431027,True,False,3.0795146182654234,6.393020925657456,26.163507733277992,False,0.0,0.791015625,0.3449159118316404,43.41796875,94.30664062500001,0.07246781123195686,ok,True
0.06363760983408795,0.07246781123195686,0.01848409927321106,0.0,1.0,17.34,FR,0.41109731534310257,False,False,-4.126894284436234,-36.031308253993835,-16.406541386269282,False,20.642863931704582,0.791015625,1.0157516534082356,54.31640625,86.484375,0.07246781123195686,ok,True
0.06363760983408795,0.07246781123195686,0.007512035896169614,0.0,1.0,17.34,RL,0.41109731534310257,False,False,-2.4342971147198327,-40.136245233487394,-20.57188479127942,False,17.160568463447724,0.791015625,2.2442810697909183,54.228515625,88.06640625,0.07246781123195686,ok,True
0.06363760983408795,0.07246781123195686,0.023757103995852777,0.0,1.0,17.34,RR,0.9110973153431027,True,False,-1.145425619385871,9.519056986518974,29.30478169378126,False,2.545639105837021,0.791015625,0.6921351746678298,40.517578125,91.142578125,0.07246781123195686,ok,True
-0.6148394687523077,0.26276277759939193,0.02580153565594509,0.0,1.0,17.36,FL,0.9249862042319915,True,False,-0.2357982789731143,6.025346174387379,25.808519609260802,True,3.9398263768536634,0.791015625,0.32712478754114327,43.330078125,93.603515625,0.6148394687523077,ok,True
-0.6148394687523077,0.26276277759939193,0.016198964516029247,0.0,1.0,17.36,FR,0.4249862042319914,False,False,-3.9097814256934087,-37.017848317051715,-17.4116191704796,False,19.833321701714155,0.791015625,1.126283927617352,54.931640625,86.396484375,0.6148394687523077,ok,True
-0.6148394687523077,0.26276277759939193,0.01055587213754573,0.0,1.0,17.36,RL,0.4249862042319914,False,False,-2.71529301287507,-40.94861968268907,-21.393494633967524,False,19.089006302555607,0.791015625,2.171783477573079,54.580078125,87.978515625,0.6148394687523077,ok,True
-0.6148394687523077,0.26276277759939193,0.02138472983476434,0.0,1.0,17.36,RR,0.9249862042319915,True,False,-0.8935536728369233,9.193397414799197,28.989777533292767,False,1.7358981700446534,0.791015625,0.7585000393337283,40.78125,90.87890625,0.6148394687523077,ok,True
-1.1634055887104937,0.3546964081225913,0.03234754827871264,0.0,1.0,17.38,FL,0.9388750931208804,True,False,-1.6196028917424312,5.301631655545717,25.089690586947196,False,12.242048204066357,0.791015625,0.16546197244679228,43.330078125,93.076171875,1.1634055887104937,ok,True
-1.1634055887104937,0.3546964081225913,0.015346200229184736,0.0,1.0,17.38,FR,0.43887509312088024,False,False,-3.5663320131374374,-38.59132304052031,-19.016672379638237,False,12.92845689793537,0.791015625,1.39179526511099,55.458984375,86.396484375,1.1634055887104937,ok,True
-1.1634055887104937,0.3546964081225913,0.011253033283557593,0.0,1.0,17.38,RL,0.43887509312088024,False,False,-2.987241798139816,-42.01816381452245,-22.471831090405274,False,18.413688972216036,0.791015625,2.0901674951153884,55.107421875,87.890625,1.1634055887104937,ok,True
-1.1634055887104937,0.3546964081225913,0.02878991916317718,0.0,1.0,17.38,RR,0.9388750931208804,True,False,-0.6002323303021042,8.44348936709183,28.24770622753944,False,4.019497297277361,0.791015625,0.8524444215572299,41.220703125,90.87890625,1.1634055887104937,ok,True
-1.5559164633545608,0.35561902033492526,0.030886168078262673,0.0,1.0,17.400000000000002,FL,0.9527639820097692,True,False,-2.040061488626982,4.473600481644806,24.26679189981044,False,12.998805659978652,0.791015625,0.061331353750549385,43.505859375,92.8125,1.5559164633545608,ok,True
-1.5559164633545608,0.35561902033492526,0.019470563929596483,0.0,1.0,17.400000000000002,FR,0.4527639820097691,False,False,-2.8985461442293663,-40.16892162795778,-20.62288426136942,False,8.64834822423175,0.791015625,1.5734586674038487,56.07421875,86.484375,1.5559164633545608,ok,True
-1.5559164633545608,0.35561902033492526,0.010564818827371567,0.0,1.0,17.400000000000002,RL,0.4527639820097691,False,False,-3.0834318618408325,-43.30333519964931,-23.769371784944756,False,18.25604004828997,0.791015625,1.9262475779918828,55.283203125,87.626953125,1.5559164633545608,ok,True
-1.5559164633545608,0.35561902033492526,0.10083311489511614,0.0,1.0,17.400000000000002,RR,0.9527639820097692,True,False,0.2276587605823839,9.19491244454302,28.999119362611864,False,0.0,0.791015625,0.9491826523967525,41.8359375,91.142578125,1.5559164633545608,ok,True
-1.6245336134945463,0.25288459422361065,0.03190417008505511,0.0,1.0,17.42,FL,0.966652870898658,True,False,-2.192617974142403,3.4329243643543546,23.23327164945156,False,12.17319450258503,0.791015625,-0.10694106189765694,43.76953125,92.4609375,1.6245336134945463,ok,True
-1.6245336134945463,0.25288459422361065,0.022938197199558363,0.0,1.0,17.42,FR,0.4666528708986579,False,False,-2.183339507308299,-41.98907300535365,-22.46675647294985,False,7.374350885836362,0.791015625,1.8095381639812358,56.689453125,86.484375,1.6245336134945463,ok,True
-1.6245336134945463,0.25288459422361065,0.011288600769719694,0.0,1.0,17.42,RL,0.4666528708986579,False,False,-3.170357692233561,-44.87754758725697,-25.359621098198513,False,21.117426942686894,0.791015625,1.6514635336282295,55.810546875,87.71484375,1.6245336134945463,ok,True
-1.6245336134945463,0.25288459422361065,0.2663702941123976,0.0,1.0,17.42,RR,0.966652870898658,True,False,0.1920005811959398,12.734709313138445,32.52744061739486,False,0.0,0.791015625,0.755398855083435,42.5390625,91.40625000000001,1.6245336134945463,ok,True
-1.5024469304377648,0.13846012420451573,0.032204213729653104,0.0,1.0,17.44,FL,0.9805417597875469,True,False,-2.2230267576499525,2.007004318180896,21.81417867291766,False,13.071256446768066,0.791015625,-0.19259729093889558,44.296875,92.28515625,1.5024469304377648,ok,True
-1.5024469304377648,0.13846012420451573,0.021793752845729465,0.0,1.0,17.44,FR,0.48054175978754676,False,False,-1.6888095307365532,-44.22923362257913,-24.734041356178587,False,7.6712618006451265,0.791015625,1.961636111783782,57.216796875,86.572265625,1.5024469304377648,ok,True
-1.5024469304377648,0.13846012420451573,0.011231859048494702,0.0,1.0,17.44,RL,0.48054175978754676,False,False,-3.3544945978483223,-46.80527028334379,-27.31113524429175,False,19.526995736330793,0.791015625,1.4755339052615082,55.8984375,87.36328125,1.5024469304377648,ok,True
-1.5024469304377648,0.13846012420451573,0.14923823646243944,0.0,1.0,17.44,RR,0.9805417597875469,True,False,-0.5471851559846613,13.502644018665848,33.293274448966514,True,3.405600594560508,0.791015625,0.6306105334867905,43.2421875,91.669921875,1.5024469304377648,ok,True
-1.3202025076041106,0.08786476814861396,0.030488212305605673,0.0,1.0,17.46,FL,0.9944306486764357,True,False,-2.2417261262701675,0.3012091785988718,20.113448618302723,False,12.324754308698404,0.791015625,-0.11532924035781762,44.73632812500001,92.109375,1.3202025076041106,ok,True
-1.3202025076041106,0.08786476814861396,0.018431838303691106,0.0,1.0,17.46,FR,0.4944306486764356,False,False,-1.463977735974082,-46.69545462309235,-27.22963550658944,False,9.08931037060625,0.791015625,1.9584162405206702,57.65624999999999,86.8359375,1.3202025076041106,ok,True
-1.3202025076041106,0.08786476814861396,0.007637950576984323,0.0,1.0,17.46,RL,0.4944306486764356,False,False,-3.3679010360092194,-48.99467842332639,-29.532288772514864,False,18.041969783215293,0.791015625,1.436813051750611,56.337890625,87.626953125,1.3202025076041106,ok,True
-1.3202025076041106,0.08786476814861396,0.03098983087445383,0.0,1.0,17.46,RR,0.9944306486764357,True,False,-0.7542480888802285,11.977445397682272,31.772930333287185,False,2.750353147063625,0.791015625,0.6626241419463411,44.033203125,92.021484375,1.3202025076041106,ok,True
-0.9959982695495836,0.035931091987057455,0.027913827228860405,0.0,1.0,17.48,FL,0.008319537565324664,False,False,-2.1907061972079243,-1.6154765078175166,18.19960737095179,False,11.702237864212007,0.791015625,-0.029329610141633745,45.087890625,91.58203125,0.9959982695495836,ok,True
-0.9959982695495836,0.035931091987057455,0.01480784216308764,0.0,1.0,17.48,FR,0.5083195375653247,True,False,-1.4614423302563295,-49.3904519749426,-29.957627398167386,False,10.400449227185705,0.791015625,1.9444430793917131,58.095703125,87.275390625,0.9959982695495836,ok,True
-0.9959982695495836,0.035931091987057455,0.006064303378533517,0.0,1.0,17.48,RL,0.5083195375653247,True,False,-3.2468828493795105,-51.31871969220212,-31.892858221878956,False,16.295561931125068,0.791015625,1.4580385650140102,56.689453125,87.626953125,0.9959982695495836,ok,True
-0.9959982695495836,0.035931091987057455,0.009277461419471306,0.0,1.0,17.48,RR,0.008319537565324664,False,False,-0.696680660062142,9.7529379555839,29.551876175523656,False,3.3811829531573663,0.791015625,0.6801983182649732,44.912109375,92.109375,0.9959982695495836,ok,True
-0.5604426351333245,-0.04456830606306172,0.027519335150167967,0.0,1.0,17.5,FL,0.022208426454213552,False,False,-2.1149085137358443,-3.648821961916772,16.166325488545894,False,12.584025842150675,0.791015625,0.06380362864665709,45.70312500000001,91.23046875,0.5604426351333245,ok,True
-0.5604426351333245,-0.04456830606306172,0.010045440328036913,0.0,1.0,17.5,FR,0.5222084264542135,True,False,-1.5625613402422898,-52.20060196486617,-32.80307405045144,False,11.414000135750673,0.791015625,1.921294848713984,58.62304687499999,87.802734375,0.5604426351333245,ok,True
-0.5604426351333245,-0.04456830606306172,0.008046827575476189,0.0,1.0,17.5,RL,0.5222084264542135,True,False,-3.042511020182038,-53.71785206004841,-34.33088318259679,False,14.76096556852622,0.791015625,1.5260260165334025,57.041015625,87.890625,0.5604426351333245,ok,True
-0.5604426351333245,-0.04456830606306172,0.008425822104085958,0.0,1.0,17.5,RR,0.022208426454213552,False,False,-0.7312859577542213,7.149849801017549,26.951432552551747,False,6.991319015442644,0.791015625,0.6660794544713621,45.439453125,92.197265625,0.5604426351333245,ok,True
-0.07276268637788987,-0.10145026765272855,0.02768329765198046,0.0,1.0,17.52,FL,0.03609731534310244,False,False,-2.0981064128599116,-5.738222672683769,14.073485572654647,False,11.546327079858916,0.791015625,0.21201690644069346,46.142578125,90.703125,0.10145026765272855,ok,True
-0.07276268637788987,-0.10145026765272855,0.006420953096699288,0.0,1.0,17.52,FR,0.5360973153431025,True,False,-1.6802859964429249,-54.92622027979888,-35.56359418112248,False,12.01497288439687,0.791015625,1.8475420431353766,59.23828124999999,88.2421875,0.10145026765272855,ok,True
-0.07276268637788987,-0.10145026765272855,0.012679101001714004,0.0,1.0,17.52,RL,0.5360973153431025,True,False,-2.751300201767644,-56.119970960718994,-36.77730251667362,False,10.667523606142455,0.791015625,1.5975669009083355,57.568359375,88.41796875,0.10145026765272855,ok,True
-0.07276268637788987,-0.10145026765272855,0.01376314605460252,0.0,1.0,17.52,RR,0.03609731534310244,False,False,-0.9833331433604514,4.487963600724246,24.293281353110746,False,10.126319799797011,0.791015625,0.6418694870595822,46.318359375,92.197265625,0.10145026765272855,ok,True
0.3744577356796794,-0.12562270065559658,0.024499101026039225,0.0,1.0,17.54,FL,0.04998620423199133,False,False,-2.0773847908219825,-7.913474335181296,11.891115238504614,False,12.056323148058521,0.791015625,0.4627544899836005,46.58203125,90.703125,0.3744577356796794,ok,True
0.3744577356796794,-0.12562270065559658,0.007782203845408115,0.0,1.0,17.54,FR,0.5499862042319913,True,False,-1.7786278404331863,-57.38399579299203,-38.05205168262937,False,12.209832187217566,0.791015625,1.6809658451246219,59.67773437500001,88.857421875,0.3744577356796794,ok,True
0.3744577356796794,-0.12562270065559658,0.0170324618621307,0.0,1.0,17.54,RL,0.5499862042319913,True,False,-2.2887575554449806,-58.499963310676954,-39.20235550626884,False,7.532954913051992,0.791015625,1.6221439972054725,58.095703125,89.208984375,0.3744577356796794,ok,True
0.3744577356796794,-0.12562270065559658,0.01581985381669352,0.0,1.0,17.54,RR,0.04998620423199133,False,False,-1.3293028800374502,2.097817707092797,21.906636592079685,False,12.800480950401687,0.791015625,0.6362506316723487,46.58203125,91.669921875,0.3744577356796794,ok,True
0.7393651381951127,-0.13106845923974286,0.022628163062425648,0.0,1.0,17.56,FL,0.06387509312088022,False,False,-2.045528989077172,-10.042227797657835,9.752571850547673,False,11.95475312676528,0.791015625,0.7806667332294608,46.93359375,90.703125,0.7393651381951127,ok,True
0.7393651381951127,-0.13106845923974286,0.010394423062703884,0.0,1.0,17.56,FR,0.5638750931208802,True,False,-1.8572137004241474,-59.494144998110116,-40.18755733576294,False,12.653869890056608,0.791015625,1.4535377189493925,60.029296875,89.82421875,0.7393651381951127,ok,True
0.7393651381951127,-0.13106845923974286,0.02004904878685059,0.0,1.0,17.56,RL,0.5638750931208802,True,False,-1.7449377648057312,-60.74590934706102,-41.48938327203168,False,3.7623173923700466,0.791015625,1.5799012623348292,58.71093750000001,90.43945312500001,0.7393651381951127,ok,True
0.7393651381951127,-0.13106845923974286,0.01647304528174915,0.0,1.0,17.56,RR,0.06387509312088022,False,False,-1.7480486264539254,0.07584546484483011,19.887408412581337,False,15.671297685191622,0.791015625,0.6751312024301714,46.66992187500001,91.318359375,0.7393651381951127,ok,True
0.9888698627947519,-0.07046702855890934,0.020576043335058736,0.0,1.0,17.580000000000002,FL,0.07776398200976911,False,False,-2.0436607730874403,-11.950564527255787,7.834632603834413,False,13.130431281533657,0.791015625,1.1205178118902772,47.197265625,90.703125,0.9888698627947519,ok,True
0.9888698627947519,-0.07046702855890934,0.012620015703973477,0.0,1.0,17.580000000000002,FR,0.5777639820097691,True,False,-1.9149942285106998,-61.12421554183651,-41.8330070808121,False,11.564415981546546,0.791015625,1.2105060506111818,60.20507812499999,90.791015625,0.9888698627947519,ok,True
0.9888698627947519,-0.07046702855890934,0.043194764960077354,0.0,1.0,17.580000000000002,RL,0.5777639820097691,True,False,-0.7553527447742258,-62.293717361834354,-43.05577162933642,False,3.070492636093494,0.791015625,1.4072610600426347,58.88671875,91.494140625,0.9888698627947519,ok,True
0.9888698627947519,-0.07046702855890934,0.015789826374439587,0.0,1.0,17.580000000000002,RR,0.07776398200976911,False,False,-2.208536900026155,-1.430501721005705,18.383163008608893,False,16.62762256076997,0.791015625,0.7766421500708647,46.7578125,90.791015625,0.9888698627947519,ok,True
1.1462566945616306,0.06534975200958643,0.017754994426179165,0.0,1.0,17.6,FL,0.091652870898658,False,False,-2.1410442461697183,-13.49529088036109,6.282441436673455,False,14.317191036103727,0.791015625,1.4219009081446712,47.63671875000001,90.52734375,1.1462566945616306,ok,True
1.1462566945616306,0.06534975200958643,0.012080691734012742,0.0,1.0,17.6,FR,0.591652870898658,True,False,-1.8754970596029652,-62.310263133930796,-43.02415622600033,False,10.258904647091391,0.791015625,0.9994902155372122,60.380859375,92.109375,1.1462566945616306,ok,True
1.1462566945616306,0.06534975200958643,0.14750654697564358,0.0,1.0,17.6,RL,0.591652870898658,True,False,0.6924382404237955,-61.34334601994933,-42.06297203910492,False,0.0,0.791015625,1.090220330264229,59.501953125,93.1640625,1.1462566945616306,ok,True
1.1462566945616306,0.06534975200958643,0.013062538757187565,0.0,1.0,17.6,RR,0.091652870898658,False,False,-2.574706555539246,-2.552083180927987,17.262929293851908,False,17.52137809306854,0.791015625,0.8979368882212939,46.93359375,90.263671875,1.1462566945616306,ok,True
1.1529932340974365,0.15239812097282213,0.016270102765208842,0.0,1.0,17.62,FL,0.1055417597875469,False,False,-2.309977505521806,-14.773793658619008,4.9995129883523415,False,16.28767476434502,0.791015625,1.7406850195823875,47.724609375,90.0,1.1529932340974365,ok,True
1.1529932340974365,0.15239812097282213,0.011164505329586629,0.0,1.0,17.62,FR,0.6055417597875469,True,True,-1.6999681135083655,-63.15383673436877,-43.86885458077688,False,6.930335513029683,0.791015625,0.7611463252105217,60.380859375,93.427734375,1.1529932340974365,ok,True
1.1529932340974365,0.15239812097282213,0.2637573698573699,0.0,1.0,17.62,RL,0.6055417597875469,True,True,1.5251937284457526,-57.79938275137435,-38.43024468672712,False,0.0,0.791015625,0.6947645959261463,59.765625,94.5703125,1.1529932340974365,ok,True
1.1529932340974365,0.15239812097282213,0.012406584203608923,0.0,1.0,17.62,RR,0.1055417597875469,False,False,-2.901385974146305,-3.466594247720087,16.348869607674658,False,20.46781565971915,0.791015625,0.984317414240086,47.021484375,89.82421875,1.1529932340974365,ok,True
1.1624710166608982,0.22577744981032438,0.014797763713782958,0.0,1.0,17.64,FL,0.1194306486764358,False,False,-2.5854682828546047,-15.862700066040233,3.9091764013961416,False,19.356189584931396,0.791015625,1.971238413093675,47.98828125,89.384765625,1.1624710166608982,ok,True
1.1624710166608982,0.22577744981032438,0.012042718379619274,0.0,1.0,17.64,FR,0.6194306486764358,True,True,-1.3778446642287203,-63.60981317695591,-44.31679234029173,False,5.07529165732409,0.791015625,0.6109096843327708,60.380859375,94.833984375,1.1624710166608982,ok,True
1.1624710166608982,0.22577744981032438,0.2112566401060795,0.0,1.0,17.64,RL,0.6194306486764358,True,True,2.99839306954152,-54.933411851156315,-35.49205310976659,False,0.0,0.791015625,0.45277771196071265,60.029296875,96.064453125,1.1624710166608982,ok,True
1.1624710166608982,0.22577744981032438,0.011566182797036856,0.0,1.0,17.64,RR,0.1194306486764358,False,False,-3.250711778761739,-4.128475718376389,15.68693265539067,False,21.03825238738616,0.791015625,1.194210761509176,47.197265625,89.296875,1.1624710166608982,ok,True
1.2262387222805542,0.2943027891327225,0.013429367546249137,0.0,1.0,17.66,FL,0.1333195375653247,False,False,-2.9636456834958165,-16.682631082495796,3.087366450447771,False,20.106837133727037,0.791015625,2.1335442948191883,48.33984375,89.12109375,1.2262387222805542,ok,True
1.2262387222805542,0.2943027891327225,0.031204234941371308,0.0,1.0,17.66,FR,0.6333195375653247,True,True,-0.6943649961825491,-63.228485886162105,-43.908132334214784,False,3.9964621951611266,0.791015625,0.5504554138420905,60.380859375,96.064453125,1.2262387222805542,ok,True
1.2262387222805542,0.2943027891327225,0.1733420618438311,0.0,1.0,17.66,RL,0.6333195375653247,True,True,5.0047543472435185,-52.672492866241534,-33.1769939033845,False,0.0,0.791015625,0.38701685140395214,59.94140625000001,97.3828125,1.2262387222805542,ok,True
1.2262387222805542,0.2943027891327225,0.01007611076251075,0.0,1.0,17.66,RR,0.1333195375653247,False,False,-3.4989025284000546,-4.45132324222022,15.363808868569059,False,21.300234058662674,0.791015625,1.5189048442552544,47.4609375,88.76953125,1.2262387222805542,ok,True
1.2604805307771287,0.3017214603269103,0.01026797886318558,0.0,1.0,17.68,FL,0.1472084264542136,False,False,-3.225950611693777,-17.330033026199327,2.437392361522079,False,19.141921135008364,0.791015625,2.303932128936985,48.427734375,88.59375,1.2604805307771287,ok,True
1.2604805307771287,0.3017214603269103,0.13571009026731626,0.0,1.0,17.68,FR,0.6472084264542136,True,True,0.5033048919389285,-60.45123320101782,-41.06040653900472,False,0.0,0.791015625,0.5518048317919615,60.20507812499999,97.470703125,1.2604805307771287,ok,True
1.2604805307771287,0.3017214603269103,0.1690633483401284,0.0,1.0,17.68,RL,0.6472084264542136,True,True,7.070298785333495,-50.43300087249413,-30.892302883703472,False,0.0,0.791015625,0.41604442720051693,59.765625,98.525390625,1.2604805307771287,ok,True
1.2604805307771287,0.3017214603269103,0.012355375440799602,0.0,1.0,17.68,RR,0.1472084264542136,False,False,-3.616162689944604,-4.552405214378462,15.262478802071717,False,21.833893072989067,0.791015625,1.8413202710876078,47.900390625,88.330078125,1.2604805307771287,ok,True
1.3021926053355029,0.23197132916545887,0.00821086796720751,0.0,1.0,17.7,FL,0.16109731534310248,False,False,-3.3500583754113786,-18.007722638407607,1.7563121806470825,False,20.125008373559677,0.791015625,2.4136017233236147,48.603515625,87.978515625,1.3021926053355029,ok,True
1.3021926053355029,0.23197132916545887,0.3288263399775242,0.0,1.0,17.7,FR,0.6610973153431025,True,True,1.6394855562925532,-53.87376034754912,-34.36954099804913,False,0.0,0.791015625,0.5466562905328013,59.67773437500001,98.61328125,1.3021926053355029,ok,True
1.3021926053355029,0.23197132916545887,0.18845232061797676,0.0,1.0,17.7,RL,0.6610973153431025,True,True,8.594560513059603,-47.76186753198808,-28.16720620141772,False,0.0,0.791015625,0.46671824276271007,59.58984374999999,99.580078125,1.3021926053355029,ok,True
1.3021926053355029,0.23197132916545887,0.014580832952705463,0.0,1.0,17.7,RR,0.16109731534310248,False,False,-3.724751559687319,-4.803011770771023,15.011724522841302,False,22.86879459885692,0.791015625,2.145652982381839,48.33984375,87.71484375,1.3021926053355029,ok,True
1.3579609318317165,0.08711484302703779,0.00843862195495169,0.0,1.0,17.72,FL,0.17498620423199138,False,False,-3.47002865325435,-18.7707715954708,0.9880607587430497,False,20.545852302803066,0.791015625,2.4639758545768187,48.8671875,87.71484375,1.3579609318317165,ok,True
1.3579609318317165,0.08711484302703779,0.29967934849552375,0.0,1.0,17.72,FR,0.6749862042319914,True,True,3.1726375095811052,-48.21387610634041,-28.624665670042003,False,0.0,0.791015625,0.4956080609250284,59.0625,99.404296875,1.3579609318317165,ok,True
1.3579609318317165,0.08711484302703779,0.23605701571532048,0.0,1.0,17.72,RL,0.6749862042319914,True,True,9.560469683334436,-44.093716329168174,-24.43573328199533,False,0.0,0.791015625,0.508127412644994,59.32617187500001,100.634765625,1.3579609318317165,ok,True
1.3579609318317165,0.08711484302703779,0.014112333229494897,0.0,1.0,17.72,RR,0.17498620423199138,False,False,-3.842029456592344,-5.393383893529363,14.421196316135543,False,23.65555147040692,0.791015625,2.386776370357799,48.779296875,87.1875,1.3579609318317165,ok,True
1.3127492495911084,-0.10313167257089814,0.008433772452096158,0.0,1.0,17.740000000000002,FL,0.18887509312088027,False,False,-3.5409732980871205,-19.640324138468923,0.11146324425156351,False,19.9647732636266,0.791015625,2.56472205173711,49.21875,87.36328125,1.3127492495911084,ok,True
1.3127492495911084,-0.10313167257089814,0.293008092719961,0.0,1.0,17.740000000000002,FR,0.6888750931208802,True,True,4.892370286622566,-42.97807951468709,-23.30936675874362,False,0.0,0.791015625,0.465279968306981,58.35937500000001,100.107421875,1.3127492495911084,ok,True
1.3127492495911084,-0.10313167257089814,0.2430708349240186,0.0,1.0,17.740000000000002,RL,0.6888750931208802,True,True,10.16158789115628,-40.27909612362179,-20.57059021306471,False,0.0,0.791015625,0.517941314488413,58.71093750000001,101.337890625,1.3127492495911084,ok,True
1.3127492495911084,-0.10313167257089814,0.011161417118721158,0.0,1.0,17.740000000000002,RR,0.18887509312088027,False,False,-3.9571175713806577,-6.214732364019496,13.599466319436281,False,24.101612534416613,0.791015625,2.490574066738731,49.130859375,86.66015625,1.3127492495911084,ok,True
1.1996444777187538,-0.28023234315536033,0.007661688160687561,0.0,1.0,17.76,FL,0.20276398200976917,False,False,-3.547393824380619,-20.63131702959777,-0.8876717205538931,False,20.013145137333606,0.791015625,2.664882750646228,49.482421875,87.5390625,1.1996444777187538,ok,True
1.1996444777187538,-0.28023234315536033,0.28324011287538514,0.0,1.0,17.76,FR,0.7027639820097692,True,True,6.60035465145907,-38.21976115372545,-18.498514013618948,False,0.0,0.791015625,0.4658084373312946,57.39257812500001,100.458984375,1.1996444777187538,ok,True
1.1996444777187538,-0.28023234315536033,0.23909969789105923,0.0,1.0,17.76,RL,0.7027639820097692,True,True,10.555072200672189,-36.63390186413591,-16.890963286647573,False,0.0,0.791015625,0.5018247454998426,57.919921875,101.77734375,1.1996444777187538,ok,True
1.1996444777187538,-0.28023234315536033,0.007891223971662632,0.0,1.0,17.76,RR,0.20276398200976917,False,False,-4.056730025433643,-7.255771074762134,12.557465833682645,False,24.24627058533776,0.791015625,2.5136292341074307,49.306640625,86.1328125,1.1996444777187538,ok,True
1.069065690024561,-0.40831783793906423,0.006443119923195731,0.0,1.0,17.78,FL,0.21665287089865806,False,False,-3.5363558899726075,-21.743542953693257,-2.0091526896428107,False,20.28967105487534,0.791015625,2.723015722241893,49.833984375,87.71484375,1.069065690024561,ok,True
1.069065690024561,-0.40831783793906423,0.26960394947981586,0.0,1.0,17.78,FR,0.716652870898658,True,True,8.021219766915639,-33.960841823461465,-14.208405185561034,False,0.0,0.791015625,0.4766296530186678,56.42578125,100.986328125,1.069065690024561,ok,True
1.069065690024561,-0.40831783793906423,0.25657894747034565,0.0,1.0,17.78,RL,0.716652870898658,True,True,10.812957464343686,-32.743000545126435,-12.978096457139934,False,0.0,0.791015625,0.48421186928234333,56.77734375,101.865234375,1.069065690024561,ok,True
1.069065690024561,-0.40831783793906423,0.004647524582839146,0.0,1.0,17.78,RR,0.21665287089865806,False,False,-4.12460238384043,-8.473062370173693,11.338050397512578,False,24.00758673128554,0.791015625,2.5144458789309327,49.39453125000001,85.78125,1.069065690024561,ok,True
0.9223747689403395,-0.46999285469320423,0.005585615304898249,0.0,1.0,17.8,FL,0.23054175978754696,False,False,-3.5075327456627994,-22.977035458508087,-3.2523727230771406,False,19.45490866627716,0.791015625,2.7499785577928484,50.009765625,87.5390625,0.9223747689403395,ok,True
0.9223747689403395,-0.46999285469320423,0.2860366509878017,0.0,1.0,17.8,FR,0.730541759787547,True,True,9.28072252635529,-29.561285446896253,-9.790524194005084,False,0.0,0.791015625,0.4851222325841753,55.1953125,101.162109375,0.9223747689403395,ok,True
0.9223747689403395,-0.46999285469320423,0.25330527234835926,0.0,1.0,17.8,RL,0.730541759787547,True,True,10.916782259057129,-29.02428202212957,-9.247417770144281,False,0.0,0.791015625,0.4697726779401075,55.72265625,101.865234375,0.9223747689403395,ok,True
0.9223747689403395,-0.46999285469320423,0.0018846141963762674,0.0,1.0,17.8,RR,0.23054175978754696,False,False,-4.139330601777146,-9.828154354027282,9.978958084029943,False,23.37566637982452,0.791015625,2.503423190946839,49.833984375,85.517578125,0.9223747689403395,ok,True
0.7567701841295829,-0.44765038797258533,0.004888404411625375,0.0,1.0,17.82,FL,0.24443064867643585,False,False,-3.4609851388692734,-24.322446596642123,-4.606342987205437,False,20.450389086747474,0.791015625,2.747132203159765,50.185546875,87.802734375,0.7567701841295829,ok,True
0.7567701841295829,-0.44765038797258533,0.28072550653703937,0.0,1.0,17.82,FR,0.7444306486764358,True,True,10.076755861851337,-25.46774286176134,-5.676944829791843,False,0.0,0.791015625,0.4949619067942037,53.7890625,101.42578125,0.7567701841295829,ok,True
0.7567701841295829,-0.44765038797258533,0.2639985704057073,0.0,1.0,17.82,RL,0.7444306486764358,True,True,10.956931501424943,-25.19025872131364,-5.392060009594115,False,0.0,0.791015625,0.4637580755590212,54.404296875,101.513671875,0.7567701841295829,ok,True
0.7567701841295829,-0.44765038797258533,0.0008052824246510783,0.0,1.0,17.82,RR,0.24443064867643585,False,False,-4.095800597597013,-11.350455500275615,8.44991091248589,False,22.605032874272087,0.791015625,2.4759686695645877,49.833984375,85.341796875,0.7567701841295829,ok,True
0.6053748678284461,-0.3915233752751005,0.00671252338200011,0.0,1.0,17.84,FL,0.2583195375653247,False,False,-3.475740534450527,-25.715668116054793,-6.008255422713194,False,20.969831639677224,0.791015625,2.6965041353724932,50.625,87.978515625,0.6053748678284461,ok,True
0.6053748678284461,-0.3915233752751005,0.30532916198592003,0.0,1.0,17.84,FR,0.7583195375653247,True,True,10.600317412689725,-21.070179724755103,-1.2611222997964049,False,0.0,0.791015625,0.5006016131994873,52.470703125,101.162109375,0.6053748678284461,ok,True
0.6053748678284461,-0.3915233752751005,0.2688471025450213,0.0,1.0,17.84,RL,0.7583195375653247,True,True,11.138736016625804,-21.339245785281456,-1.5281733369832722,False,0.0,0.791015625,0.45826950517932474,52.998046875,101.07421875,0.6053748678284461,ok,True
0.6053748678284461,-0.3915233752751005,0.00104174180664723,0.0,1.0,17.84,RR,0.2583195375653247,False,False,-4.020244436131248,-13.075241331828353,6.7153003369011035,False,22.451584753478294,0.791015625,2.4524491730631084,50.09765625,85.166015625,0.6053748678284461,ok,True
0.47387384127283744,-0.29853654672377933,0.008665767690451479,0.0,1.0,17.86,FL,0.2722084264542136,False,False,-3.5254700393736877,-27.128697813985823,-7.429814219874569,False,21.114692981373974,0.791015625,2.6010334348481003,50.888671875,88.06640625,0.47387384127283744,ok,True
0.47387384127283744,-0.29853654672377933,0.33252765560388325,0.0,1.0,17.86,FR,0.7722084264542136,True,True,10.98055721879014,-16.296209560909414,3.519276594155368,False,0.0,0.791015625,0.500652162581608,51.064453125,100.8984375,0.47387384127283744,ok,True
0.47387384127283744,-0.29853654672377933,0.28322149899057475,0.0,1.0,17.86,RL,0.7722084264542136,True,True,11.327923596568704,-17.24859322205034,2.566889897785437,False,0.0,0.791015625,0.45693350230472557,51.943359375,100.634765625,0.47387384127283744,ok,True
0.47387384127283744,-0.29853654672377933,0.0012799521808049307,0.0,1.0,17.86,RR,0.2722084264542136,False,False,-3.9475849150489988,-14.961095243422772,4.815725111510066,False,22.214463812440894,0.791015625,2.4290619820745216,50.625,85.4296875,0.47387384127283744,ok,True
0.34896831769008557,-0.20651934762687402,0.009549183103223021,0.0,1.0,17.88,FL,0.2860973153431025,False,False,-3.5814067300773167,-28.686378325820176,-8.997805398857356,False,21.707050421914378,0.791015625,2.4907803209959276,51.064453125,87.890625,0.34896831769008557,ok,True
0.34896831769008557,-0.20651934762687402,0.3331516894919858,0.0,1.0,17.88,FR,0.7860973153431026,True,True,11.170353054009603,-11.733132427645655,8.076316650895778,False,0.0,0.791015625,0.4896311522061238,49.658203125,100.37109375,0.34896831769008557,ok,True
0.34896831769008557,-0.20651934762687402,0.2608370722807577,0.0,1.0,17.88,RL,0.7860973153431026,True,True,10.880217765547705,-13.751464945502768,6.061917881751391,False,0.0,0.791015625,0.4589961281572431,50.888671875,100.107421875,0.34896831769008557,ok,True
0.34896831769008557,-0.20651934762687402,0.001996148061859559,0.0,1.0,17.88,RR,0.2860973153431025,False,False,-3.8836259215054327,-17.0719795928001,2.69766289635189,False,22.15173135588002,0.791015625,2.398258437462388,51.240234375,85.60546875,0.34896831769008557,ok,True
0.2205936212524448,-0.16090757213669452,0.012394086217487346,0.0,1.0,17.900000000000002,FL,0.2999862042319914,False,False,-3.662896859270057,-30.4003810978596,-10.726412282349699,False,22.395935527300022,0.791015625,2.3838075048574203,51.50390625,87.890625,0.2205936212524448,ok,True
0.2205936212524448,-0.16090757213669452,0.32475081411362905,0.0,1.0,17.900000000000002,FR,0.7999862042319914,True,True,10.904558378292732,-7.587132349217129,12.209962111521818,False,0.0,0.791015625,0.47732394999412364,48.1640625,99.4921875,0.2205936212524448,ok,True
0.2205936212524448,-0.16090757213669452,0.21742785762081654,0.0,1.0,17.900000000000002,RL,0.7999862042319914,True,True,9.709377087579952,-11.328117349866947,8.483103500739698,False,0.0,0.791015625,0.46181155289475767,49.833984375,99.4921875,0.2205936212524448,ok,True
0.2205936212524448,-0.16090757213669452,0.003829341119132432,0.0,1.0,17.900000000000002,RR,0.2999862042319914,False,False,-3.8351056706398268,-19.466384199689205,0.2944622794835787,False,22.392330959928135,0.791015625,2.3537298063307945,51.767578125,85.78125,0.2205936212524448,ok,True
0.0810670672996363,-0.1508821128561538,0.015311228048085412,0.0,1.0,17.92,FL,0.3138750931208803,False,False,-3.738967176741992,-32.22963157628212,-12.574664543882534,False,21.8818014103827,0.791015625,2.285931928716015,51.6796875,87.5390625,0.1508821128561538,ok,True
0.0810670672996363,-0.1508821128561538,0.3070056593398563,0.0,1.0,17.92,FR,0.8138750931208802,True,True,10.059548271647918,-4.020939934143153,15.765339645517447,False,0.0,0.791015625,0.46463219204797945,46.93359375,98.4375,0.1508821128561538,ok,True
0.0810670672996363,-0.1508821128561538,0.23129964993470314,0.0,1.0,17.92,RL,0.8138750931208802,True,True,8.635325195054874,-8.801611674580341,11.006157485090478,False,0.0,0.791015625,0.46403844659108096,48.8671875,98.701171875,0.1508821128561538,ok,True
0.0810670672996363,-0.1508821128561538,0.005218205697963995,0.0,1.0,17.92,RR,0.3138750931208803,False,False,-3.807189114453137,-22.105090987277443,-2.3580313294805784,False,22.298844763895346,0.791015625,2.2835453873210216,52.3828125,85.95703125,0.1508821128561538,ok,True
-0.0626185004979466,-0.14567764549386428,0.016490529071544326,0.0,1.0,17.94,FL,0.3277639820097692,False,False,-3.7797047502598975,-34.24370626765924,-14.611832635187689,False,23.17928349272501,0.791015625,2.1920257770780074,52.119140625,87.5390625,0.14567764549386428,ok,True
-0.0626185004979466,-0.14567764549386428,0.30524669991351344,0.0,1.0,17.94,FR,0.8277639820097692,True,True,9.037413160836158,-0.718506886910838,19.058262574120977,False,0.0,0.791015625,0.456064526314441,45.615234375,97.20703125,0.14567764549386428,ok,True
-0.0626185004979466,-0.14567764549386428,0.23706360104302257,0.0,1.0,17.94,RL,0.8277639820097692,True,True,7.539358410266636,-6.369858281240863,13.434036212209772,False,0.0,0.791015625,0.4577218828062578,47.98828125,97.91015625,0.14567764549386428,ok,True
-0.0626185004979466,-0.14567764549386428,0.005941832551173226,0.0,1.0,17.94,RR,0.3277639820097692,False,False,-3.7846489663808103,-24.975215081697588,-5.248221154395768,False,22.307951443494556,0.791015625,2.2057371240810686,52.91015625,86.220703125,0.14567764549386428,ok,True
-0.18767272548430164,-0.1514803558492796,0.01924450091321588,0.0,1.0,17.96,FL,0.3416528708986581,False,False,-3.836539314105332,-36.41692249534274,-16.81442049799581,False,22.21985794549426,0.791015625,2.0971899743522457,52.29492187500001,87.5390625,0.18767272548430164,ok,True
-0.18767272548430164,-0.1514803558492796,0.2932052980188915,0.0,1.0,17.96,FR,0.8416528708986581,True,True,7.895374902023886,2.1169337724990305,21.887982176230572,False,0.0,0.791015625,0.4450152663043026,44.47265625,96.328125,0.18767272548430164,ok,True
-0.18767272548430164,-0.1514803558492796,0.23147103371627262,0.0,1.0,17.96,RL,0.8416528708986581,True,True,6.397713944134277,-4.260004139973233,15.541117926018423,False,0.0,0.791015625,0.45107373259678146,47.021484375,96.943359375,0.18767272548430164,ok,True
-0.18767272548430164,-0.1514803558492796,0.006353117488165998,0.0,1.0,17.96,RR,0.3416528708986581,False,False,-3.763565683709346,-28.063965852286028,-8.364546560090314,False,22.050177330453202,0.791015625,2.131671918600172,53.525390625,86.396484375,0.18767272548430164,ok,True
-0.30672661554684366,-0.13560399956464483,0.020171423165534604,0.0,1.0,17.98,FL,0.355541759787547,False,False,-3.8390421162172936,-38.789667407354194,-19.220938553223665,False,22.56098878019209,0.791015625,2.005682043446854,52.55859375,87.71484375,0.30672661554684366,ok,True
-0.30672661554684366,-0.13560399956464483,0.2900286116256354,0.0,1.0,17.98,FR,0.855541759787547,True,True,6.6912136303044525,4.672344763974733,24.4396526394774,False,0.0,0.791015625,0.44935106746750536,43.59375,95.361328125,0.30672661554684366,ok,True
-0.30672661554684366,-0.13560399956464483,0.22571781754713152,0.0,1.0,17.98,RL,0.855541759787547,True,True,5.219416066584534,-2.485351190161278,17.31467977342005,False,0.0,0.791015625,0.4467829953852791,46.142578125,95.9765625,0.30672661554684366,ok,True
-0.30672661554684366,-0.13560399956464483,0.006712857618922559,0.0,1.0,17.98,RR,0.355541759787547,False,False,-3.7141868550648676,-31.37165515928994,-11.708901675141497,False,20.651184616995405,0.791015625,2.0563484842017012,53.96484375,86.572265625,0.30672661554684366,ok,True
-0.36924522433687856,-0.11192034046086942,0.0229059577054631,0.0,1.0,18.0,FL,0.3694306486764359,False,False,-3.838598876524445,-41.25083247059382,-21.709994835798014,False,22.662814385554054,0.791015625,1.8818049735885873,53.0859375,87.802734375,0.36924522433687856,ok,True
-0.36924522433687856,-0.11192034046086942,0.28359842770931,0.0,1.0,18.0,FR,0.8694306486764358,True,True,5.4300923325920865,6.8940291847177395,26.65872418726071,False,0.0,0.791015625,0.4594748504969568,42.890625,94.482421875,0.36924522433687856,ok,True
-0.36924522433687856,-0.11192034046086942,0.22287365183157082,0.0,1.0,18.0,RL,0.8694306486764358,True,True,3.8940931662036946,-0.9014880652344537,18.89888201291307,False,0.0,0.791015625,0.4550893414168873,45.52734375,95.185546875,0.36924522433687856,ok,True
-0.36924522433687856,-0.11192034046086942,0.006179383975785915,0.0,1.0,18.0,RR,0.3694306486764359,False,False,-3.5831093254914888,-34.85817314656046,-15.238673114503758,False,19.555173326392566,0.791015625,1.9962397732193693,54.4921875,86.8359375,0.36924522433687856,ok,True
-0.38404969624564333,-0.06675819094295171,0.02526133842136778,0.0,1.0,18.02,FL,0.3833195375653248,False,False,-3.855691600953906,-43.73454214140982,-24.21821551215683,False,23.262237248038204,0.791015625,1.7586673993408688,53.4375,87.978515625,0.38404969624564333,ok,True
-0.38404969624564333,-0.06675819094295171,0.2520548232582524,0.0,1.0,18.02,FR,0.8833195375653248,True,True,3.7941624114444896,8.399793092922241,28.166418881585898,False,0.0,0.791015625,0.46096531928334034,42.36328125,93.779296875,0.38404969624564333,ok,True
-0.38404969624564333,-0.06675819094295171,0.20750062493745183,0.0,1.0,18.02,RL,0.8833195375653248,True,True,2.524819481945384,0.313413454942995,20.115333117760375,False,0.0,0.791015625,0.4561521591651583,44.912109375,94.482421875,0.38404969624564333,ok,True
-0.38404969624564333,-0.06675819094295171,0.005080088495670749,0.0,1.0,18.02,RR,0.3833195375653248,False,False,-3.413899742025307,-38.364253044425574,-18.792008690006515,False,18.77665289842901,0.791015625,1.9437440541103177,55.01953125000001,87.01171875,0.38404969624564333,ok,True
-0.33937333115991886,-0.0023293104526774734,0.025719231957747526,0.0,1.0,18.04,FL,0.39720842645421367,False,False,-3.9110117367551487,-46.25254043695693,-26.762359125230695,False,24.245652401195326,0.791015625,1.6536357091666123,53.7890625,88.06640625,0.33937333115991886,ok,True
-0.33937333115991886,-0.0023293104526774734,0.22063496727267937,0.0,1.0,18.04,FR,0.8972084264542137,True,True,1.8559673653059592,9.302893494924161,29.074151060952445,False,0.0,0.791015625,0.45447809227930297,42.1875,93.33984375000001,0.33937333115991886,ok,True
-0.33937333115991886,-0.0023293104526774734,0.18841223250714134,0.0,1.0,18.04,RL,0.8972084264542137,True,True,1.1969259205280163,1.117222034910828,20.92147246757201,False,0.0,0.791015625,0.4537546136934385,44.560546875,94.04296875,0.33937333115991886,ok,True
-0.33937333115991886,-0.0023293104526774734,0.004927164569040147,0.0,1.0,18.04,RR,0.39720842645421367,False,False,-3.2623920971212583,-41.80010924343892,-22.26485964750345,False,18.4128923669596,0.791015625,1.9142608353163064,55.458984375,87.1875,0.33937333115991886,ok,True
-0.23488643620795704,0.09604453106028085,0.026498940651390336,0.0,1.0,18.06,FL,0.41109731534310257,False,False,-4.016492130398088,-48.74381944279056,-29.280683924211804,False,25.30050031950009,0.791015625,1.5791918486611818,54.140625,88.330078125,0.23488643620795704,ok,True
-0.23488643620795704,0.09604453106028085,0.17756904852905,0.0,1.0,18.06,FR,0.9110973153431026,True,False,-0.22063786312439063,9.454826349199854,29.232635647800862,True,4.1996400301882435,0.791015625,0.4469340781599437,42.099609375,92.900390625,0.23488643620795704,ok,True
-0.23488643620795704,0.09604453106028085,0.172798387077639,0.0,1.0,18.06,RL,0.9110973153431026,True,False,0.16876300432100422,1.6238153255085328,21.430128246327083,False,0.0,0.791015625,0.4490821582116384,44.47265625,93.603515625,0.23488643620795704,ok,True
-0.23488643620795704,0.09604453106028085,0.005246967702530989,0.0,1.0,18.06,RR,0.41109731534310257,False,False,-3.162196952899352,-45.10587126036136,-25.604545972587978,False,18.06128823635193,0.791015625,1.9035202034708765,55.8984375,87.36328125,0.23488643620795704,ok,True
-0.16517681044169064,0.1802362116192966,0.026351443179927044,0.0,1.0,18.080000000000002,FL,0.42498620423199146,False,False,-4.082321972056876,-50.93157609041122,-31.496398983447886,False,21.535519332901565,0.791015625,1.5875860900587382,54.404296875,88.50585937500001,0.1802362116192966,ok,True
-0.16517681044169064,0.1802362116192966,0.07198048269490077,0.0,1.0,18.080000000000002,FR,0.9249862042319914,True,False,-1.219310864545721,7.903396224526382,27.69089057703867,False,9.4288911685617,0.791015625,0.497119358235873,42.1875,92.8125,0.1802362116192966,ok,True
-0.16517681044169064,0.1802362116192966,0.10329219462313381,0.0,1.0,18.080000000000002,RL,0.9249862042319914,True,False,-0.4685489755410152,1.027282756338678,20.837328910285386,True,2.1080885442524764,0.791015625,0.513039416360803,44.384765625,93.33984375000001,0.1802362116192966,ok,True
-0.16517681044169064,0.1802362116192966,0.005479520219866138,0.0,1.0,18.080000000000002,RR,0.42498620423199146,False,False,-3.042199337570814,-48.04415827690308,-28.578405009088826,False,14.88475321719758,0.791015625,1.8227019528437938,56.07421875,87.626953125,0.1802362116192966,ok,True
-0.1264568994435798,0.2464143116864511,0.023156335253795023,0.0,1.0,18.1,FL,0.43887509312088036,False,False,-3.900011390599643,-52.2797611611873,-32.86359254056968,False,19.490534846083335,0.791015625,1.5851882532831056,54.4921875,88.41796875,0.2464143116864511,ok,True
-0.1264568994435798,0.2464143116864511,0.03272235623512351,0.0,1.0,18.1,FR,0.9388750931208804,True,False,-1.5317399931893405,6.3618500774801054,26.157263156978292,False,9.880665868753216,0.791015625,0.6107119266868155,42.275390625,92.8125,0.2464143116864511,ok,True
-0.1264568994435798,0.2464143116864511,0.031398699520689445,0.0,1.0,18.1,RL,0.9388750931208804,True,False,-0.6357426664602844,-0.12288309878309982,19.69055474583036,False,1.7492033315132969,0.791015625,0.6400282704617324,44.47265625,92.98828125,0.2464143116864511,ok,True
-0.1264568994435798,0.2464143116864511,0.0041527160884172595,0.0,1.0,18.1,RR,0.43887509312088036,False,False,-2.769695452521504,-50.21143192994907,-30.77643017305711,False,12.478920583075592,0.791015625,1.6783694988515598,56.42578125,87.71484375,0.2464143116864511,ok,True
-0.06981158541965943,0.28004542016799544,0.019266617914394372,0.0,1.0,18.12,FL,0.45276398200976925,False,False,-3.6454906561492852,-52.7787434171529,-33.36984371711277,False,18.62908689283877,0.791015625,1.5555120383095353,54.66796875,88.41796875,0.28004542016799544,ok,True
-0.06981158541965943,0.28004542016799544,0.026599012953287496,0.0,1.0,18.12,FR,0.9527639820097693,True,False,-1.6256126947496001,5.641904432593265,25.441074915027336,False,8.552224251290331,0.791015625,0.742182570030134,42.5390625,92.4609375,0.28004542016799544,ok,True
-0.06981158541965943,0.28004542016799544,0.015075098237620238,0.0,1.0,18.12,RL,0.9527639820097693,True,False,-0.6062377690824183,-0.6772058620505483,19.137438644511434,False,2.165107605176197,0.791015625,0.7314938445286739,44.73632812500001,92.900390625,0.28004542016799544,ok,True
-0.06981158541965943,0.28004542016799544,0.003459100523292984,0.0,1.0,18.12,RR,0.45276398200976925,False,False,-2.4710277164754872,-51.489296396956206,-32.07240095792268,False,12.40892833064872,0.791015625,1.5632888369154012,56.42578125,87.890625,0.28004542016799544,ok,True
-0.004848781183093825,0.26601595784715243,0.015569463784772074,0.0,1.0,18.14,FL,0.46665287089865815,False,False,-3.4357498758081153,-52.72685184035662,-33.31783990090719,False,17.718373596138164,0.791015625,1.5402616804665397,54.84375,87.978515625,0.26601595784715243,ok,True
-0.004848781183093825,0.26601595784715243,0.01888911021216968,0.0,1.0,18.14,FR,0.9666528708986581,True,False,-1.5735868925137244,5.52459962831474,25.3246141551195,False,8.172019446383418,0.791015625,0.8347399576060232,42.802734375,92.28515625,0.26601595784715243,ok,True
-0.004848781183093825,0.26601595784715243,0.007508071771521256,0.0,1.0,18.14,RL,0.9666528708986581,True,False,-0.5906243951464378,-0.7656731748922723,19.04923043969686,False,2.858105072096209,0.791015625,0.7821596547003778,45.0,92.8125,0.26601595784715243,ok,True
-0.004848781183093825,0.26601595784715243,0.006249318582471574,0.0,1.0,18.14,RR,0.46665287089865815,False,False,-2.318506143381832,-52.08260942947348,-32.67210505192957,False,13.44818489091946,0.791015625,1.4995401028503765,56.6015625,87.890625,0.26601595784715243,ok,True
0.04252777381959101,0.2050505137180632,0.011806134413479502,0.0,1.0,18.16,FL,0.48054175978754704,False,False,-3.2540078706399056,-52.407710933900496,-32.99529369401803,False,17.626247560104435,0.791015625,1.5503548502159303,55.01953125000001,87.978515625,0.2050505137180632,ok,True
0.04252777381959101,0.2050505137180632,0.010513641968956192,0.0,1.0,18.16,FR,0.980541759787547,True,False,-1.499274665805475,5.698023229697213,25.497967167260594,False,7.53065961067151,0.791015625,0.8794149333079334,43.330078125,92.28515625,0.2050505137180632,ok,True
0.04252777381959101,0.2050505137180632,0.0032170054215304336,0.0,1.0,18.16,RL,0.980541759787547,True,False,-0.6469176752221979,-0.6245152533652315,19.190263683026433,False,3.78815374055165,0.791015625,0.8142129599703614,45.263671875,92.900390625,0.2050505137180632,ok,True
0.04252777381959101,0.2050505137180632,0.007744969782129169,0.0,1.0,18.16,RR,0.48054175978754704,False,False,-2.3269351322893277,-52.238639586458056,-32.82697315819331,False,14.61237917365502,0.791015625,1.4706822236800354,56.77734375,87.626953125,0.2050505137180632,ok,True
0.0807410690540653,0.11752799511037834,0.008889664534811454,0.0,1.0,18.18,FL,0.49443064867643594,False,False,-3.1369420845998133,-52.06589875908873,-32.65142800122574,False,16.90752194240322,0.791015625,1.5768363574304516,55.1953125,87.802734375,0.11752799511037834,ok,True
0.0807410690540653,0.11752799511037834,0.005341379654379146,0.0,1.0,18.18,FR,0.9944306486764359,True,False,-1.382213044182852,5.95154294917489,25.75117865965406,False,6.352388714628133,0.791015625,0.8910582697097517,43.681640625,92.28515625,0.11752799511037834,ok,True
0.0807410690540653,0.11752799511037834,0.002572779395504795,0.0,1.0,18.18,RL,0.9944306486764359,True,False,-0.7194123695638093,-0.4636927564082816,19.350793706451352,False,3.975862520766248,0.791015625,0.824207673017499,45.615234375,92.724609375,0.11752799511037834,ok,True
0.0807410690540653,0.11752799511037834,0.009163143130451804,0.0,1.0,18.18,RR,0.49443064867643594,False,False,-2.4414002667427024,-52.23711125993886,-32.8222748947831,False,16.284784231932193,0.791015625,1.4773641911739652,57.041015625,87.36328125,0.11752799511037834,ok,True
0.10215333924769088,0.0506406912078424,0.006889234897223551,0.0,1.0,18.2,FL,0.5083195375653248,True,False,-3.0519134952094533,-51.93612414978684,-32.52222515092002,False,16.809514282708896,0.791015625,1.6147339237596827,55.634765625,87.802734375,0.10215333924769088,ok,True
0.10215333924769088,0.0506406912078424,0.0022801018549810856,0.0,1.0,18.2,FR,0.008319537565324886,False,False,-1.2331440233610338,5.998483085320859,25.798061938858336,False,5.828860927956814,0.791015625,0.8814484570689666,44.208984375,91.93359375,0.10215333924769088,ok,True
0.10215333924769088,0.0506406912078424,0.00282757021713436,0.0,1.0,18.2,RL,0.008319537565324886,False,False,-0.7674417528913263,-0.498764261084356,19.31557651677294,False,4.703625309811596,0.791015625,0.8248427710588843,45.966796875,92.28515625,0.10215333924769088,ok,True
0.10215333924769088,0.0506406912078424,0.010305234560170224,0.0,1.0,18.2,RR,0.5083195375653248,True,False,-2.628623929111463,-52.36604229394853,-32.95245925903401,False,16.589448213080026,0.791015625,1.5040440147172027,57.39257812500001,87.36328125,0.10215333924769088,ok,True
0.12656719460815344,-0.0006288397128859372,0.006668554461965408,0.0,1.0,18.22,FL,0.5222084264542136,True,False,-2.964838151404782,-52.12718236641657,-32.71838481064722,False,15.210252025816635,0.791015625,1.635999216310524,55.8984375,87.978515625,0.12656719460815344,ok,True
0.12656719460815344,-0.0006288397128859372,0.0023635763669733077,0.0,1.0,18.22,FR,0.022208426454213726,False,False,-1.1203441461860377,5.669308572749911,25.47009482093818,False,6.6157731802690245,0.791015625,0.8844592495838522,44.73632812500001,91.40625000000001,0.12656719460815344,ok,True
0.12656719460815344,-0.0006288397128859372,0.0029681206324326196,0.0,1.0,18.22,RL,0.022208426454213726,False,False,-0.8575527044587041,-0.8630739296940727,18.95154169909098,False,6.373951813199529,0.791015625,0.8276154599982427,46.318359375,91.7578125,0.12656719460815344,ok,True
0.12656719460815344,-0.0006288397128859372,0.010602707619210316,0.0,1.0,18.22,RR,0.5222084264542136,True,False,-2.7500635794644994,-52.848976789007736,-33.44242701624043,False,16.132346485662048,0.791015625,1.5321604100324637,57.83203125,87.626953125,0.12656719460815344,ok,True
0.14680829295155556,-0.04503048376824664,0.006325768241275002,0.0,1.0,18.240000000000002,FL,0.5360973153431025,True,False,-2.788635815000374,-52.72279217160355,-33.324419938416995,False,13.426937018735273,0.791015625,1.6270336988897303,56.42578125,88.50585937500001,0.14680829295155556,ok,True
0.14680829295155556,-0.04503048376824664,0.0019966516452841867,0.0,1.0,18.240000000000002,FR,0.036097315343102565,False,False,-1.1334539876611434,4.811073405450618,24.615302826242406,False,8.040530284009378,0.791015625,0.9243092453563657,45.0,90.966796875,0.14680829295155556,ok,True
0.14680829295155556,-0.04503048376824664,0.0023709663397642904,0.0,1.0,18.240000000000002,RL,0.036097315343102565,False,False,-1.0311285364917357,-1.6097087635672465,18.20549244450233,False,8.3590662662862,0.791015625,0.8672812327630032,46.318359375,91.318359375,0.14680829295155556,ok,True
0.14680829295155556,-0.04503048376824664,0.009516861399862296,0.0,1.0,18.240000000000002,RR,0.5360973153431025,True,False,-2.7586047595504932,-53.8410365097411,-34.449208600519654,False,14.481253218897875,0.791015625,1.5214979236136887,58.18359375,87.978515625,0.14680829295155556,ok,True
0.16737409412875767,-0.07867025901746236,0.007486566598134389,0.0,1.0,18.26,FL,0.5499862042319913,True,False,-2.5216561903737276,-53.60404353227057,-34.2195834668148,False,10.751966962552078,0.791015625,1.5609381826484807,56.77734375,89.12109375,0.16737409412875767,ok,True
0.16737409412875767,-0.07867025901746236,0.00017635552430201164,0.0,1.0,18.26,FR,0.049986204231991405,False,False,-1.2807346288593173,3.4238981701113858,23.233010621183098,False,9.835496187017064,0.791015625,1.0383883110449743,45.17578125,90.52734375,0.16737409412875767,ok,True
0.16737409412875767,-0.07867025901746236,0.0023500909743347296,0.0,1.0,18.26,RL,0.049986204231991405,False,False,-1.2762895394690874,-2.6177056365858005,17.19776774413165,False,9.569996533521113,0.791015625,0.9692561438972084,46.40625,90.791015625,0.16737409412875767,ok,True
0.16737409412875767,-0.07867025901746236,0.006622007388147156,0.0,1.0,18.26,RR,0.5499862042319913,True,False,-2.613059238846728,-55.337131336294824,-35.96773603339133,False,12.629114128293871,0.791015625,1.4337761559283857,58.62304687499999,88.59375,0.16737409412875767,ok,True
0.16760629533339208,-0.06817654917092379,0.007552713539835036,0.0,1.0,18.28,FL,0.5638750931208801,True,False,-2.1667634590679263,-54.64037959400975,-35.267657753101346,False,9.502337812991279,0.791015625,1.4500128173824418,57.30468749999999,90.0,0.16760629533339208,ok,True
0.16760629533339208,-0.06817654917092379,0.003427195223507214,0.0,1.0,18.28,FR,0.06387509312088024,False,False,-1.5335075365389903,1.7002563955743044,21.513312457320854,False,12.398094012575815,0.791015625,1.2123283837655485,45.615234375,90.0,0.16760629533339208,ok,True
0.16760629533339208,-0.06817654917092379,0.003334678921568611,0.0,1.0,18.28,RL,0.06387509312088024,False,False,-1.5246716976484582,-3.7408111890471365,16.07394217953163,False,11.210228226914836,0.791015625,1.1293652128709597,46.494140625,90.263671875,0.16760629533339208,ok,True
0.16760629533339208,-0.06817654917092379,0.004505963597879403,0.0,1.0,18.28,RR,0.5638750931208801,True,False,-2.3478583338646075,-57.149222615153654,-37.80820315848918,False,9.810401948725017,0.791015625,1.2685006298315307,59.0625,89.47265625000001,0.16760629533339208,ok,True
0.17010001611070072,-0.044577599190818634,0.008977813727661745,0.0,1.0,18.3,FL,0.577763982009769,True,False,-1.8106583811584431,-55.62362747967365,-36.259172785169724,False,6.993779159429201,0.791015625,1.2894552513975404,57.83203125,90.966796875,0.17010001611070072,ok,True
0.17010001611070072,-0.044577599190818634,0.006599653099221882,0.0,1.0,18.3,FR,0.07776398200976908,False,False,-1.871123731358431,-0.11982890330385727,19.69534447024101,False,14.853978996228129,0.791015625,1.447598275232092,45.87890625,89.560546875,0.17010001611070072,ok,True
0.17010001611070072,-0.044577599190818634,0.00341427622071911,0.0,1.0,18.3,RL,0.07776398200976908,False,False,-1.796843751739642,-4.826770078899932,14.986217723114612,False,13.416533719869825,0.791015625,1.3162827429434734,46.66992187500001,89.82421875,0.17010001611070072,ok,True
0.17010001611070072,-0.044577599190818634,0.004738499450403166,0.0,1.0,18.3,RR,0.577763982009769,True,False,-1.967342996882563,-59.04275373999909,-39.730045258330385,False,7.080500728700019,0.791015625,1.0611612634528143,59.32617187500001,90.52734375,0.17010001611070072,ok,True
0.16339449949265575,-0.015030390544340317,0.009435612701828867,0.0,1.0,18.32,FL,0.5916528708986578,True,False,-1.4229637999271534,-56.428523958119364,-37.06541706692704,False,5.216196532871647,0.791015625,1.1013002059789951,58.53515625,92.109375,0.16339449949265575,ok,True
0.16339449949265575,-0.015030390544340317,0.006793138007226543,0.0,1.0,18.32,FR,0.09165287089865792,False,False,-2.259238972209917,-1.9061192546584216,17.90921274936094,False,17.669914032578152,0.791015625,1.716306424324826,46.40625,89.12109375,0.16339449949265575,ok,True
0.16339449949265575,-0.015030390544340317,0.0026211563552306686,0.0,1.0,18.32,RL,0.09165287089865792,False,False,-2.115899339072257,-5.750659377684397,14.060100430825983,False,15.451273737636283,0.791015625,1.5309668502176739,47.109375,89.296875,0.16339449949265575,ok,True
0.16339449949265575,-0.015030390544340317,0.007622740188017027,0.0,1.0,18.32,RR,0.5916528708986578,True,False,-1.5227891431942517,-60.8044267994685,-41.515045345957205,False,4.6862833139187385,0.791015625,0.8164600226102798,59.765625,91.7578125,0.16339449949265575,ok,True
0.1402689265177825,0.009945200479249093,0.01355868491751156,0.0,1.0,18.34,FL,0.6055417597875467,True,True,-0.9487987548212738,-56.866778615756715,-37.495183415247844,False,2.9220537233089376,0.791015625,0.9134143173474182,58.97460937500001,93.427734375,0.1402689265177825,ok,True
0.1402689265177825,0.009945200479249093,0.00611964616937437,0.0,1.0,18.34,FR,0.10554175978754676,False,False,-2.6793222931210807,-3.4273973842347205,16.386734435501094,False,19.50473710418911,0.791015625,1.97961376557146,46.7578125,88.681640625,0.1402689265177825,ok,True
0.1402689265177825,0.009945200479249093,0.0015164560862340965,0.0,1.0,18.34,RL,0.10554175978754676,False,False,-2.4638548457740392,-6.4475710870857394,13.361292800124483,False,17.987907395982848,0.791015625,1.743747382173025,47.4609375,88.76953125,0.1402689265177825,ok,True
0.1402689265177825,0.009945200479249093,0.018649978201749698,0.0,1.0,18.34,RR,0.6055417597875467,True,True,-0.9288599948992609,-62.04965528784134,-42.76956987586597,False,2.811720447033918,0.791015625,0.586832016783403,60.20507812499999,93.076171875,0.1402689265177825,ok,True
0.08429974210135448,0.02149458516527376,0.038022210919205136,0.0,1.0,18.36,FL,0.6194306486764355,True,True,-0.09996191950417503,-56.6251435254697,-37.2291323355863,False,2.1774250331012643,0.791015625,0.7666457417074398,59.32617187500001,95.09765625,0.08429974210135448,ok,True
0.08429974210135448,0.02149458516527376,0.00402651054815465,0.0,1.0,18.36,FR,0.1194306486764356,False,False,-3.0532793782843473,-4.7146730711264695,15.0974284208278,False,20.394104955817493,0.791015625,2.1908571345634678,47.28515625,88.59375,0.08429974210135448,ok,True
0.08429974210135448,0.02149458516527376,0.00531242119416737,0.0,1.0,18.36,RL,0.1194306486764356,False,False,-2.846549261565773,-7.042069622440467,12.765107909319779,False,20.351146942314507,0.791015625,1.9471412073763155,47.900390625,88.59375,0.08429974210135448,ok,True
0.08429974210135448,0.02149458516527376,0.06479935628348434,0.0,1.0,18.36,RR,0.6194306486764355,True,True,0.18609787926195281,-62.11625013933898,-42.81502628930339,False,0.0,0.791015625,0.45987151351132194,60.55664062500001,94.921875,0.08429974210135448,ok,True
0.017324382523574277,-0.04136601059144675,0.17045563989715326,0.0,1.0,18.38,FL,0.6333195375653243,True,True,1.1769067088852372,-53.69766292474414,-34.23552170251354,False,0.0,0.791015625,0.6218551763047958,59.58984374999999,96.767578125,0.04136601059144675,ok,True
0.017324382523574277,-0.04136601059144675,0.004689287557111627,0.0,1.0,18.38,FR,0.13331953756532444,False,False,-3.267979327321757,-5.966228365110345,13.842543470321418,False,19.41900096719504,0.791015625,2.3667909049366442,47.724609375,88.330078125,0.04136601059144675,ok,True
0.017324382523574277,-0.04136601059144675,0.008246724274007532,0.0,1.0,18.38,RL,0.13331953756532444,False,False,-3.2502305089123356,-7.656501454858064,12.149234852804327,False,23.838481550737892,0.791015625,2.1657234710416646,48.1640625,88.41796875,0.04136601059144675,ok,True
0.017324382523574277,-0.04136601059144675,0.24031467619631156,0.0,1.0,18.38,RR,0.6333195375653243,True,True,1.3114692809267932,-58.62946996393907,-39.24052548782107,False,0.0,0.791015625,0.47116078185236265,60.55664062500001,96.328125,0.04136601059144675,ok,True
0.02409424191829242,-0.17127278289793896,0.252935807893238,0.0,1.0,18.400000000000002,FL,0.6472084264542132,True,True,3.1118911447739137,-49.40806317784666,-29.871865553287076,False,0.0,0.791015625,0.5065331901697768,59.58984374999999,98.26171875,0.17127278289793896,ok,True
0.02409424191829242,-0.17127278289793896,0.006191550251932759,0.0,1.0,18.400000000000002,FR,0.14720842645421328,False,False,-3.3481188240619755,-7.542828179652648,12.260490808464809,False,20.131017717017887,0.791015625,2.5682473441665827,48.076171875,88.2421875,0.17127278289793896,ok,True
0.02409424191829242,-0.17127278289793896,0.006984380337642782,0.0,1.0,18.400000000000002,RL,0.14720842645421328,False,False,-3.6922515827602296,-8.51745145352862,11.286223338750391,False,25.41322002476993,0.791015625,2.376751714169245,48.427734375,87.978515625,0.17127278289793896,ok,True
0.02409424191829242,-0.17127278289793896,0.3041342762476325,0.0,1.0,18.400000000000002,RR,0.6472084264542132,True,True,2.3178504888924643,-54.152937433247956,-34.67250436275927,False,0.0,0.791015625,0.4735239967099557,60.380859375,97.55859375,0.17127278289793896,ok,True
0.11983745698650766,-0.30380377932250524,0.25551680003337085,0.0,1.0,18.42,FL,0.661097315343102,True,True,5.622486264469893,-45.41047544755722,-25.798711559549137,False,0.0,0.791015625,0.4644872537136232,59.4140625,99.228515625,0.30380377932250524,ok,True
0.11983745698650766,-0.30380377932250524,0.0069780124677253745,0.0,1.0,18.42,FR,0.16109731534310212,False,False,-3.4111789859546486,-9.390406631529624,10.404564699864933,False,20.251423759991166,0.791015625,2.7875558983669997,48.515625,87.802734375,0.30380377932250524,ok,True
0.11983745698650766,-0.30380377932250524,0.0032472943123741907,0.0,1.0,18.42,RL,0.16109731534310212,False,False,-4.035854359906319,-9.612398277952828,10.187400967871291,False,25.341100662816388,0.791015625,2.555263750570402,48.779296875,87.802734375,0.30380377932250524,ok,True
0.11983745698650766,-0.30380377932250524,0.30085962145633394,0.0,1.0,18.42,RR,0.661097315343102,True,True,3.1861171001825452,-50.03003370731522,-30.48365927490087,False,0.0,0.791015625,0.4677299387792465,60.29296875000001,98.96484375,0.30380377932250524,ok,True
0.28375459073266207,-0.4163139261205656,0.24251103880692337,0.0,1.0,18.44,FL,0.6749862042319908,True,True,8.147478694702164,-41.97930584783743,-22.307002529118563,False,0.0,0.791015625,0.46421329441037223,58.97460937500001,100.1953125,0.4163139261205656,ok,True
0.28375459073266207,-0.4163139261205656,0.007932179249493479,0.0,1.0,18.44,FR,0.17498620423199096,False,False,-3.4573897713783968,-11.388464616910715,8.395373942262497,False,21.15051291951896,0.791015625,2.9754278144936963,48.8671875,87.71484375,0.4163139261205656,ok,True
0.28375459073266207,-0.4163139261205656,9.786688551762966e-05,0.0,1.0,18.44,RL,0.17498620423199096,False,False,-4.21831435275926,-10.952062438571623,8.841376189881206,False,25.090201583768938,0.791015625,2.6937581953106107,49.04296875,87.36328125,0.4163139261205656,ok,True
0.28375459073266207,-0.4163139261205656,0.300326025845538,0.0,1.0,18.44,RR,0.6749862042319908,True,True,4.217237406075335,-46.09337606323413,-26.47374907912522,False,0.0,0.791015625,0.46086207692309267,59.67773437500001,100.01953125,0.4163139261205656,ok,True
0.47390846058225533,-0.5266435185459347,0.24710826627221336,0.0,1.0,18.46,FL,0.6888750931208797,True,True,10.598171984939293,-38.707084455905786,-18.99162566322039,False,0.0,0.791015625,0.471392167598501,58.53515625,100.986328125,0.5266435185459347,ok,True
0.47390846058225533,-0.5266435185459347,0.008070884041041924,0.0,1.0,18.46,FR,0.1888750931208798,False,False,-3.529903133501138,-13.464939237910919,6.307654622368521,False,20.712920150999967,0.791015625,3.087456731145795,49.21875,87.626953125,0.5266435185459347,ok,True
0.47390846058225533,-0.5266435185459347,0.0023665049601976434,0.0,1.0,18.46,RL,0.1888750931208798,False,False,-4.285428196615509,-12.544468863774084,7.239263452392548,False,24.54035414672476,0.791015625,2.8092092122446815,49.306640625,87.01171875,0.5266435185459347,ok,True
0.47390846058225533,-0.5266435185459347,0.28906028116912685,0.0,1.0,18.46,RR,0.6888750931208797,True,True,5.428632124623044,-42.495018170549955,-22.816194590167015,False,0.0,0.791015625,0.4568322339970278,58.88671875,100.810546875,0.5266435185459347,ok,True
0.6974416210748052,-0.6023397074900922,0.2727078988647228,0.0,1.0,18.48,FL,0.7027639820097685,True,True,12.967347343071411,-35.151547415675644,-15.403917226144433,False,0.0,0.791015625,0.47963661920213674,57.83203125,101.68945312500001,0.6974416210748052,ok,True
0.6974416210748052,-0.6023397074900922,0.007497888639401964,0.0,1.0,18.48,FR,0.20276398200976864,False,False,-3.5598789843492504,-15.559255535967175,4.207750488940082,False,20.675267868417976,0.791015625,3.1285508916052285,49.482421875,87.626953125,0.6974416210748052,ok,True
0.6974416210748052,-0.6023397074900922,0.004693319079094716,0.0,1.0,18.48,RL,0.20276398200976864,False,False,-4.266421760043712,-14.351691867542941,5.420944148700974,False,23.685815207144525,0.791015625,2.8782290660017043,49.306640625,86.66015625,0.6974416210748052,ok,True
0.6974416210748052,-0.6023397074900922,0.2921854074491561,0.0,1.0,18.48,RR,0.7027639820097685,True,True,6.565470565257685,-38.863218569687966,-19.141060907199485,False,0.0,0.791015625,0.46801035031477595,57.83203125,101.162109375,0.6974416210748052,ok,True
0.9449013313812997,-0.6208273564177709,0.2727460350365268,0.0,1.0,18.5,FL,0.7166528708986574,True,True,15.175004916360264,-31.822511421730365,-12.055937696662347,False,0.0,0.791015625,0.4829940547553603,57.041015625,102.392578125,0.9449013313812997,ok,True
0.9449013313812997,-0.6208273564177709,0.006275251136093939,0.0,1.0,18.5,FR,0.21665287089865748,False,False,-3.567838172587091,-17.651730138045437,2.107575467344148,False,20.982223913965484,0.791015625,3.1065688150752293,49.921875,87.802734375,0.9449013313812997,ok,True
0.9449013313812997,-0.6208273564177709,0.006560918133119663,0.0,1.0,18.5,RL,0.21665287089865748,False,False,-4.187065538906707,-16.356183082104813,3.4094822214900944,False,22.876283254571938,0.791015625,2.9006585871930897,49.39453125000001,86.572265625,0.9449013313812997,ok,True
0.9449013313812997,-0.6208273564177709,0.3215668066367287,0.0,1.0,18.5,RR,0.7166528708986574,True,True,7.400750094120594,-34.642079699001066,-14.888608519758069,False,0.0,0.791015625,0.4773188511218031,56.42578125,101.42578125,0.9449013313812997,ok,True
1.2011698202211951,-0.59551254945919,0.2945224373106847,0.0,1.0,18.52,FL,0.7305417597875462,True,True,17.22951739427652,-28.24364096505266,-8.460929547388123,False,0.0,0.791015625,0.4882862712795074,56.07421875,102.65625000000001,1.2011698202211951,ok,True
1.2011698202211951,-0.59551254945919,0.0061015547115113485,0.0,1.0,18.52,FR,0.23054175978754632,False,False,-3.5757107867780134,-19.704721710810563,0.04537404871538797,False,20.543757494415853,0.791015625,3.019859824246606,50.185546875,87.802734375,1.2011698202211951,ok,True
1.2011698202211951,-0.59551254945919,0.007458435900830335,0.0,1.0,18.52,RL,0.23054175978754632,False,False,-4.055084241181579,-18.520725046670897,1.2324839399051832,False,20.885359005058568,0.791015625,2.8923351209983346,50.009765625,86.8359375,1.2011698202211951,ok,True
1.2011698202211951,-0.59551254945919,0.3566558988121415,0.0,1.0,18.52,RR,0.7305417597875462,True,True,8.06631950873174,-29.691369710638803,-9.91920165068828,False,0.0,0.791015625,0.4871128396103966,55.1953125,101.6015625,1.2011698202211951,ok,True
1.4505582547242657,-0.586666508887614,0.30704232938726084,0.0,1.0,18.54,FL,0.744430648676435,True,True,18.826418216543217,-24.59762233380614,-4.79423809232193,False,0.0,0.791015625,0.491283533820241,55.107421875,102.919921875,1.4505582547242657,ok,True
1.4505582547242657,-0.586666508887614,0.00634602522139974,0.0,1.0,18.54,FR,0.24443064867643516,False,False,-3.578833831082474,-21.730750525024863,-1.9910790319757545,False,21.384867480022308,0.791015625,2.8753361549190477,50.712890625,87.978515625,1.4505582547242657,ok,True
1.4505582547242657,-0.586666508887614,0.008397970713774384,0.0,1.0,18.54,RL,0.24443064867643516,False,False,-3.844608149136813,-20.84095533828076,-1.1041867381433867,False,19.294854690549418,0.791015625,2.8622460674685315,50.537109375,87.099609375,1.4505582547242657,ok,True
1.4505582547242657,-0.586666508887614,0.36843890243244976,0.0,1.0,18.54,RR,0.744430648676435,True,True,8.391248943375333,-24.48647142386308,-4.687834750417139,False,0.0,0.791015625,0.4970401417972797,54.140625,101.68945312500001,1.4505582547242657,ok,True
1.6784712386147065,-0.6423978713156256,0.32976555492826404,0.0,1.0,18.56,FL,0.7583195375653239,True,True,20.10329560784811,-20.5801015709846,-0.7659663225880777,False,0.0,0.791015625,0.4874722397967575,53.96484375,102.83203125,1.6784712386147065,ok,True
1.6784712386147065,-0.6423978713156256,0.008764071989185381,0.0,1.0,18.56,FR,0.258319537565324,False,False,-3.6140240946544373,-23.648451819639853,-3.9203421916519403,False,21.405740378160182,0.791015625,2.695278791806124,51.240234375,88.2421875,1.6784712386147065,ok,True
1.6784712386147065,-0.6423978713156256,0.008995732819735959,0.0,1.0,18.56,RL,0.258319537565324,False,False,-3.6040962823168794,-23.228863988488605,-3.509165460704004,False,19.30447646963757,0.791015625,2.817389843189242,50.9765625,87.36328125,1.6784712386147065,ok,True
1.6784712386147065,-0.6423978713156256,0.3476704212046553,0.0,1.0,18.56,RR,0.7583195375653239,True,True,8.185342253142828,-19.627839180914062,0.1853879314399265,False,0.0,0.791015625,0.5106269629141998,52.55859375,101.6015625,1.6784712386147065,ok,True
1.9274101763079872,-0.7373041816828338,0.3490507892232777,0.0,1.0,18.580000000000002,FL,0.7722084264542127,True,True,21.29058688502113,-16.18992618109485,3.623574557349002,False,0.0,0.791015625,0.4757643975172337,52.91015625,102.48046875,1.9274101763079872,ok,True
1.9274101763079872,-0.7373041816828338,0.009529913525043046,0.0,1.0,18.580000000000002,FR,0.27220842645421284,False,False,-3.6380760260398617,-25.497041845985475,-5.780097916293393,False,22.443115294485942,0.791015625,2.5340531860078004,51.6796875,88.330078125,1.9274101763079872,ok,True
1.9274101763079872,-0.7373041816828338,0.008261475376149555,0.0,1.0,18.580000000000002,RL,0.27220842645421284,False,False,-3.43554345233079,-25.647120689027886,-5.9445387643397325,False,19.59993586047255,0.791015625,2.7309674785615377,51.50390625,87.626953125,1.9274101763079872,ok,True
1.9274101763079872,-0.7373041816828338,0.3359428602435408,0.0,1.0,18.580000000000002,RR,0.7722084264542127,True,True,7.447455920230994,-14.937851787976825,4.876794190647072,False,0.0,0.791015625,0.519683513122401,51.32812500000001,101.162109375,1.9274101763079872,ok,True
2.182110939408214,-0.8276565629837646,0.35634964656837387,0.0,1.0,18.6,FL,0.7860973153431016,True,True,22.27483954439134,-11.51861852550082,8.28049611736694,False,0.0,0.791015625,0.4628009716378226,51.767578125,102.041015625,2.182110939408214,ok,True
2.182110939408214,-0.8276565629837646,0.010534628788818884,0.0,1.0,18.6,FR,0.2860973153431017,False,False,-3.720681506615184,-27.23379958632993,-7.527339759359084,False,23.561640576498203,0.791015625,2.3995775526571683,52.29492187500001,88.50585937500001,2.182110939408214,ok,True
2.182110939408214,-0.8276565629837646,0.00872870372855198,0.0,1.0,18.6,RL,0.2860973153431017,False,False,-3.354688831847804,-27.91477826335258,-8.22956560594551,False,19.976223501466027,0.791015625,2.6434886262970956,52.03125,87.890625,2.182110939408214,ok,True
2.182110939408214,-0.8276565629837646,0.35414718003074364,0.0,1.0,18.6,RR,0.7860973153431016,True,True,6.353990767666778,-9.773608413201789,10.029656686979134,False,0.0,0.791015625,0.5125071459774894,50.009765625,100.72265625000001,2.182110939408214,ok,True
2.4321919415047066,-0.9330070073065586,0.32069917358934524,0.0,1.0,18.62,FL,0.7999862042319904,True,True,22.706855080668724,-7.370575249322992,12.406960103091464,False,0.0,0.791015625,0.44337139011471766,50.625,101.337890625,2.4321919415047066,ok,True
2.4321919415047066,-0.9330070073065586,0.011612162515827168,0.0,1.0,18.62,FR,0.2999862042319905,False,False,-3.84757043247937,-28.89546220426131,-9.200254358106342,False,23.75965710175916,0.791015625,2.3075912047283977,52.734375,88.681640625,2.4321919415047066,ok,True
2.4321919415047066,-0.9330070073065586,0.009253226593417244,0.0,1.0,18.62,RL,0.2999862042319905,False,False,-3.330413551576615,-29.985635417278765,-10.317197247314596,False,19.883216920153625,0.791015625,2.584935397250502,52.470703125,88.2421875,2.4321919415047066,ok,True
2.4321919415047066,-0.9330070073065586,0.30773599449209477,0.0,1.0,18.62,RR,0.7999862042319904,True,True,4.541413070824237,-5.4759538528565646,14.31143255397764,False,0.0,0.791015625,0.4947691465849167,48.603515625,100.01953125,2.4321919415047066,ok,True
2.682250358111337,-1.036640572255929,0.27047297095338535,0.0,1.0,18.64,FL,0.8138750931208792,True,True,22.199490544877122,-3.9775501785347087,15.78233499462226,False,0.0,0.791015625,0.4350171183006365,49.39453125000001,100.458984375,2.682250358111337,ok,True
2.682250358111337,-1.036640572255929,0.011040476340834427,0.0,1.0,18.64,FR,0.31387509312087936,False,False,-3.945578027341596,-30.484063187436018,-10.799767102164857,False,24.513549985175548,0.791015625,2.2606568115012506,52.998046875,88.76953125,2.682250358111337,ok,True
2.682250358111337,-1.036640572255929,0.009497572463019792,0.0,1.0,18.64,RL,0.31387509312087936,False,False,-3.313589838180763,-31.818772800037088,-12.165771758961416,False,19.56702780048502,0.791015625,2.556120911056478,52.91015625,88.41796875,2.682250358111337,ok,True
2.682250358111337,-1.036640572255929,0.29161256091107757,0.0,1.0,18.64,RR,0.8138750931208792,True,True,2.488377588175751,-1.4131221847388238,18.35544717771681,False,0.0,0.791015625,0.47913091926273976,47.021484375,99.140625,2.682250358111337,ok,True
2.9087413461433487,-1.1361378944253824,0.21590545129042507,0.0,1.0,18.66,FL,0.8277639820097681,True,True,20.676186543204288,-1.3782900936594478,18.375286945088767,False,0.0,0.791015625,0.42622183457648566,48.33984375,99.580078125,2.9087413461433487,ok,True
2.9087413461433487,-1.1361378944253824,0.011197526741281646,0.0,1.0,18.66,FR,0.3277639820097682,False,False,-4.063371390641137,-31.902688040009405,-12.228932341898439,False,25.333906131355253,0.791015625,2.239241917745564,53.173828125,88.857421875,2.9087413461433487,ok,True
2.9087413461433487,-1.1361378944253824,0.009791280963567987,0.0,1.0,18.66,RL,0.3277639820097682,False,False,-3.2913352182166076,-33.35721882475869,-13.717349903152137,False,19.42046567172988,0.791015625,2.562674979618905,52.998046875,88.59375,2.9087413461433487,ok,True
2.9087413461433487,-1.1361378944253824,0.28624682247070077,0.0,1.0,18.66,RR,0.8277639820097681,True,True,0.2746801873837884,2.7048411534472008,22.452064960824785,False,0.0,0.791015625,0.4689013353921249,45.439453125,97.734375,2.9087413461433487,ok,True
2.9903030608729595,-1.1239754259802162,0.18078467880252164,0.0,1.0,18.68,FL,0.8416528708986569,True,True,18.720123062707447,0.8224782274861974,20.573810494919382,False,0.0,0.791015625,0.4699970546234339,47.197265625,98.701171875,2.9903030608729595,ok,True
2.9903030608729595,-1.1239754259802162,0.01134310245159979,0.0,1.0,18.68,FR,0.34165287089865704,False,False,-4.201708555192158,-32.97107784915875,-13.304790693905971,False,25.776237423269674,0.791015625,2.117313107565212,53.4375,88.59375,2.9903030608729595,ok,True
2.9903030608729595,-1.1239754259802162,0.0107943263005606,0.0,1.0,18.68,RL,0.34165287089865704,False,False,-3.1983279203480346,-34.55699293240713,-14.93066124751319,False,13.552003761893227,0.791015625,2.6219236084872386,53.4375,88.76953125,2.9903030608729595,ok,True
2.9903030608729595,-1.1239754259802162,0.16770161737836242,0.0,1.0,18.68,RR,0.8416528708986569,True,True,-1.1477676036203004,4.822411451631005,24.566283079215417,True,8.374082859096337,0.791015625,0.4181975638261373,43.857421875,96.328125,2.9903030608729595,ok,True
2.7135707223854837,-0.8791616506497578,0.14729432665738917,0.0,1.0,18.7,FL,0.8555417597875458,True,True,15.98137002660156,2.131706304455787,21.88645924289244,False,0.0,0.791015625,0.5051260028490728,46.142578125,97.91015625,2.7135707223854837,ok,True
2.7135707223854837,-0.8791616506497578,0.013499289440358053,0.0,1.0,18.7,FR,0.3555417597875459,False,False,-4.310283979226229,-33.34039300223075,-13.67372852421477,False,25.535840112536885,0.791015625,1.7162965128140841,53.525390625,88.50585937500001,2.7135707223854837,ok,True
2.7135707223854837,-0.8791616506497578,0.010995147278960338,0.0,1.0,18.7,RL,0.3555417597875459,False,False,-2.7797776455170813,-35.588098792245155,-15.97646015079835,False,10.85725222202977,0.791015625,2.6216336818292993,53.4375,89.033203125,2.7135707223854837,ok,True
2.7135707223854837,-0.8791616506497578,0.05066447758231746,0.0,1.0,18.7,RR,0.8555417597875458,True,True,-1.5328693238538527,5.434837337081324,25.185365555555528,False,7.285933882863078,0.791015625,0.38663910974925325,42.626953125,94.921875,2.7135707223854837,ok,True
2.1946935427874545,-0.5979565559086347,0.16310336283796056,0.0,1.0,18.72,FL,0.8694306486764346,True,True,12.927538408114517,3.3772123934093554,23.13495837085908,False,0.0,0.791015625,0.46390936863586385,45.17578125,97.119140625,2.1946935427874545,ok,True
2.1946935427874545,-0.5979565559086347,0.019927553931657065,0.0,1.0,18.72,FR,0.3694306486764347,False,False,-4.342795448517807,-33.2244307026476,-13.554829627584791,False,23.712136517790558,0.791015625,1.2314963902406695,53.61328125,88.06640625,2.1946935427874545,ok,True
2.1946935427874545,-0.5979565559086347,0.006040004615748637,0.0,1.0,18.72,RL,0.3694306486764347,False,False,-2.3496546782371155,-36.57337206104141,-16.97258332668362,False,11.013401460936407,0.791015625,2.4907904142060895,53.701171875,89.208984375,2.1946935427874545,ok,True
2.1946935427874545,-0.5979565559086347,0.03423618443193339,0.0,1.0,18.72,RR,0.8694306486764346,True,True,-1.5895361639774315,6.362082967361556,26.1241572520944,False,6.282681378746525,0.791015625,0.46097690216701115,41.572265625,93.603515625,2.1946935427874545,ok,True
1.5395207206193322,-0.3392163422053581,0.15354827066710938,0.0,1.0,18.740000000000002,FL,0.8833195375653234,True,True,9.787598731933098,4.7048058195419005,24.464029922638286,False,0.0,0.791015625,0.4070331145812978,44.384765625,96.416015625,1.5395207206193322,ok,True
1.5395207206193322,-0.3392163422053581,0.02383702012061464,0.0,1.0,18.740000000000002,FR,0.38331953756532355,False,False,-4.2574038739493325,-32.94128304612617,-13.268543244664517,False,23.18194288326994,0.791015625,0.8197224051680423,53.701171875,87.71484375,1.5395207206193322,ok,True
1.5395207206193322,-0.3392163422053581,0.0013727027317734228,0.0,1.0,18.740000000000002,RL,0.38331953756532355,False,False,-2.103128944258174,-37.39916687021565,-17.803971762713388,False,12.287808651581212,0.791015625,2.288399493514314,53.7890625,88.857421875,1.5395207206193322,ok,True
1.5395207206193322,-0.3392163422053581,0.029595138598349887,0.0,1.0,18.740000000000002,RR,0.8833195375653234,True,True,-1.525614022680189,7.478138343201134,27.250041757281622,False,5.80294695213927,0.791015625,0.6020098410154915,40.78125,92.28515625,1.5395207206193322,ok,True
0.7792757825418822,-0.12535160016284594,0.12337001915980464,0.0,1.0,18.76,FL,0.8972084264542123,True,True,6.672157727636234,5.967403894333749,25.72788078826819,False,0.0,0.791015625,0.35204322713728886,43.857421875,95.27343750000001,0.7792757825418822,ok,True
0.7792757825418822,-0.12535160016284594,0.02494723875476249,0.0,1.0,18.76,FR,0.3972084264542124,False,False,-4.143891962129255,-32.826876073381676,-13.155951681197916,False,21.279868220682253,0.791015625,0.558982578936528,54.140625,87.1875,0.7792757825418822,ok,True
0.7792757825418822,-0.12535160016284594,0.006445406400269605,0.0,1.0,18.76,RL,0.3972084264542124,False,False,-2.097250019370757,-38.083051347062785,-18.489957271212447,False,14.63352483451246,0.791015625,2.1117873461171963,54.31640625,88.76953125,0.7792757825418822,ok,True
0.7792757825418822,-0.12535160016284594,0.027977280987376722,0.0,1.0,18.76,RR,0.8972084264542123,True,True,-1.4339274065809544,8.455435716010996,28.23673948858501,False,5.236273721109286,0.791015625,0.7317532968795855,40.693359375,91.494140625,0.7792757825418822,ok,True
0.011684352886119347,0.06278449733185229,0.06381725435153046,0.0,1.0,18.78,FL,0.9110973153431011,True,False,3.4007870503046864,6.574964474705632,26.342185493473412,False,0.0,0.791015625,0.3138434403976574,43.505859375,94.482421875,0.06278449733185229,ok,True
0.011684352886119347,0.06278449733185229,0.02233930518422623,0.0,1.0,18.78,FR,0.41109731534310123,False,False,-3.9721614449869795,-33.271903000067944,-13.610453477666685,False,19.92303580525156,0.791015625,0.5386532936465078,54.580078125,86.8359375,0.06278449733185229,ok,True
0.011684352886119347,0.06278449733185229,0.011456866315889117,0.0,1.0,18.78,RL,0.41109731534310123,False,False,-2.3139101335607726,-38.749356928461005,-19.159589735791172,False,17.11086187163581,0.791015625,1.9966006308997746,54.66796875,88.681640625,0.06278449733185229,ok,True
0.011684352886119347,0.06278449733185229,0.025111334644837224,0.0,1.0,18.78,RR,0.9110973153431011,True,False,-1.2823411590494467,8.824495392564419,28.61560105231706,False,4.015859571144351,0.791015625,0.8306110449743572,40.693359375,91.142578125,0.06278449733185229,ok,True
-0.7143005809968458,0.21300919281449024,0.045615685085260094,0.0,1.0,18.8,FL,0.92498620423199,True,False,-0.11204495817677268,6.187525823079835,25.96813124438856,True,3.475952427211632,0.791015625,0.3025722474840573,43.330078125,93.779296875,0.7143005809968458,ok,True
-0.7143005809968458,0.21300919281449024,0.019046022140947097,0.0,1.0,18.8,FR,0.4249862042319901,False,False,-3.7330766617664732,-34.62614212194598,-14.985527024226887,False,18.637672003258167,0.791015625,0.7532825700738605,55.283203125,86.8359375,0.7143005809968458,ok,True
-0.7143005809968458,0.21300919281449024,0.014208756519128262,0.0,1.0,18.8,RL,0.4249862042319901,False,False,-2.636241181508847,-39.70718036546644,-20.12426848469353,False,19.047297363694298,0.791015625,1.9689867246304216,55.01953125000001,88.330078125,0.7143005809968458,ok,True
-0.7143005809968458,0.21300919281449024,0.023445485139209687,0.0,1.0,18.8,RR,0.92498620423199,True,False,-1.0792602103568867,8.232490601491055,28.032845342223396,False,3.5346725494737887,0.791015625,0.8796678169730501,40.869140625,90.87890625,0.7143005809968458,ok,True
-1.3125822285214002,0.3085424350769708,0.046934369691736935,0.0,1.0,18.82,FL,0.9388750931208788,True,False,-1.7354178478165074,5.388041565535051,25.17346100373808,False,14.133235819460179,0.791015625,0.09759822183712297,43.330078125,93.33984375000001,1.3125822285214002,ok,True
-1.3125822285214002,0.3085424350769708,0.01795051286805258,0.0,1.0,18.82,FR,0.4388750931208789,False,False,-3.3550850517983024,-36.63803835117772,-17.03031148918853,False,11.502176590068114,0.791015625,1.1148252284154798,55.810546875,86.572265625,1.3125822285214002,ok,True
-1.3125822285214002,0.3085424350769708,0.014450682896080414,0.0,1.0,18.82,RL,0.4388750931208789,False,False,-2.934797133452273,-41.00628076750292,-21.4370998344547,False,19.512067403690377,0.791015625,1.9225019265005956,55.37109375,88.2421875,1.3125822285214002,ok,True
-1.3125822285214002,0.3085424350769708,0.028738593347827534,0.0,1.0,18.82,RR,0.9388750931208788,True,False,-0.8750693425733092,7.0897543044714935,26.897756472608606,False,4.533710498362921,0.791015625,0.9626328875583618,41.396484375,90.966796875,1.3125822285214002,ok,True
-1.7546457888552593,0.33641554431430076,0.03775025573100655,0.0,1.0,18.84,FL,0.9527639820097676,True,False,-2.25334143416947,4.421855851411205,24.212509778967274,False,14.864306439079467,0.791015625,-0.05502329994519596,43.505859375,92.98828125,1.7546457888552593,ok,True
-1.7546457888552593,0.33641554431430076,0.021960956765023344,0.0,1.0,18.84,FR,0.45276398200976775,False,False,-2.6708567926743663,-38.68698608932697,-19.118151196477694,False,7.560687893610363,0.791015625,1.3544998502920356,56.42578125,86.66015625,1.7546457888552593,ok,True
-1.7546457888552593,0.33641554431430076,0.012683042928019415,0.0,1.0,18.84,RL,0.45276398200976775,False,False,-3.1026130322290393,-42.514337527046145,-22.96445228529116,False,17.85819612163445,0.791015625,1.8243416469355918,55.458984375,87.802734375,1.7546457888552593,ok,True
-1.7546457888552593,0.33641554431430076,0.04806647494088625,0.0,1.0,18.84,RR,0.9527639820097676,True,False,-0.5544663196953397,6.368579543451991,26.180956388858263,False,4.349539136106313,0.791015625,1.0633903794425812,42.01171875000001,91.142578125,1.7546457888552593,ok,True
-2.039872771022677,0.3234976216923777,0.036099530892966435,0.0,1.0,18.86,FL,0.9666528708986565,True,False,-2.4767456698046306,3.2933285956965563,23.091209561308734,False,14.123459834329475,0.791015625,-0.08804511704893145,43.681640625,92.724609375,2.039872771022677,ok,True
-2.039872771022677,0.3234976216923777,0.036680677534603044,0.0,1.0,18.86,FR,0.4666528708986566,False,False,-1.7832840092078597,-41.029098524684315,-21.492529062042546,False,7.161672733076541,0.791015625,1.4626068706004969,56.865234375,86.66015625,2.039872771022677,ok,True
-2.039872771022677,0.3234976216923777,0.010174458642084647,0.0,1.0,18.86,RL,0.4666528708986566,False,False,-3.1329062786757227,-44.23833091174769,-24.708090493887955,False,18.347022355879037,0.791015625,1.7097896468197498,55.72265625,87.36328125,2.039872771022677,ok,True
-2.039872771022677,0.3234976216923777,0.056353248698526,0.0,1.0,18.86,RR,0.9666528708986565,True,False,-0.3746089457564855,5.814449269656246,25.629122426764035,False,3.48064136471359,0.791015625,1.1423990227584815,42.71484375,91.40625000000001,2.039872771022677,ok,True
-2.128184565704776,0.29708350893025925,0.033689761505222966,0.0,1.0,18.88,FL,0.9805417597875453,True,False,-2.5101718683951844,1.9579699071940155,21.763028395907302,False,13.492039370974311,0.791015625,-0.09348885786462267,44.033203125,92.4609375,2.128184565704776,ok,True
-2.128184565704776,0.29708350893025925,0.05700090867910441,0.0,1.0,18.88,FR,0.48054175978754543,False,False,-0.7894395125513722,-43.97636201892699,-24.473959008971594,False,6.22981861418904,0.791015625,1.5228071837888355,57.39257812500001,86.8359375,2.128184565704776,ok,True
-2.128184565704776,0.29708350893025925,0.008120314177795998,0.0,1.0,18.88,RL,0.48054175978754543,False,False,-3.1537817350957495,-46.144596725610576,-26.641007273129684,False,17.672612989020454,0.791015625,1.6189184198674684,55.72265625,87.01171875,2.128184565704776,ok,True
-2.128184565704776,0.29708350893025925,0.06327689540277356,0.0,1.0,18.88,RR,0.9805417597875453,True,False,-0.10344930512615202,5.1694165461362935,24.9848129245035,False,2.3811271732939856,0.791015625,1.1620950053846335,43.41796875,91.7578125,2.128184565704776,ok,True
-1.9608383186297498,0.256927680774956,0.03230025938677154,0.0,1.0,18.900000000000002,FL,0.9944306486764342,True,False,-2.460399113445661,0.3901579526456723,20.201009326701595,False,13.213010636647653,0.791015625,-0.13908921114071263,44.384765625,92.28515625,1.9608383186297498,ok,True
-1.9608383186297498,0.256927680774956,0.06294874501452477,0.0,1.0,18.900000000000002,FR,0.49443064867643427,False,False,-0.23639737923658588,-47.32221987546677,-27.861619507103864,False,5.357191699670096,0.791015625,1.5928217022189497,57.65624999999999,87.01171875,1.9608383186297498,ok,True
-1.9608383186297498,0.256927680774956,0.005923481565660699,0.0,1.0,18.900000000000002,RL,0.49443064867643427,False,False,-3.1536476945958833,-48.26261569346104,-28.79190737063706,False,18.122951368582505,0.791015625,1.5208430197870189,56.162109375,87.099609375,1.9608383186297498,ok,True
-1.9608383186297498,0.256927680774956,0.07269463622510425,0.0,1.0,18.900000000000002,RR,0.9944306486764342,True,False,-0.028617053036056328,4.1601715276956455,23.975681299282172,False,1.5293487011192473,0.791015625,1.0569408566735208,44.12109375,92.109375,1.9608383186297498,ok,True
-1.5438950733516517,0.2149165044498824,0.03139358583997781,0.0,1.0,18.92,FL,0.00831953756532311,False,False,-2.4077837182135307,-1.4042615399771736,18.4101365466853,False,13.734900328879212,0.791015625,-0.19456466883044263,44.82421875,91.7578125,1.5438950733516517,ok,True
-1.5438950733516517,0.2149165044498824,0.04818398837227204,0.0,1.0,18.92,FR,0.5083195375653231,True,False,-0.5144708321881981,-50.652195692565925,-31.23779059216021,False,7.4880102652771106,0.791015625,1.6645753309170712,58.18359375,87.275390625,1.5438950733516517,ok,True
-1.5438950733516517,0.2149165044498824,0.0048681766352590755,0.0,1.0,18.92,RL,0.5083195375653231,True,False,-3.1632948280788975,-50.550574450513736,-31.11798081922065,False,17.63500291023765,0.791015625,1.445406726706064,56.513671875,87.1875,1.5438950733516517,ok,True
-1.5438950733516517,0.2149165044498824,0.046596898620917475,0.0,1.0,18.92,RR,0.00831953756532311,False,False,-0.008184748479720533,2.1679785471442967,21.983444466095627,False,1.128838329547007,0.791015625,0.9648047486590351,45.087890625,92.109375,1.5438950733516517,ok,True
-0.9950944697591613,0.16245202989346438,0.030642071726668274,0.0,1.0,18.94,FL,0.022208426454211998,False,False,-2.3877797010295256,-3.2883611225408114,16.52712587125977,False,14.41898342735929,0.791015625,-0.15280601180599612,45.615234375,91.40625000000001,0.9950944697591613,ok,True
-0.9950944697591613,0.16245202989346438,0.018504374676574856,0.0,1.0,18.94,FR,0.522208426454212,True,False,-1.0439004518851582,-53.52111952207551,-34.14540510950127,False,10.778214950910787,0.791015625,1.689898164684961,58.97460937500001,87.802734375,0.9950944697591613,ok,True
-0.9950944697591613,0.16245202989346438,0.003588630037379133,0.0,1.0,18.94,RL,0.522208426454212,True,False,-3.1012793838045822,-52.924901187917726,-33.53299287986093,False,14.974813186605404,0.791015625,1.4486328330264475,57.12890625,87.626953125,0.9950944697591613,ok,True
-0.9950944697591613,0.16245202989346438,0.014743215911541974,0.0,1.0,18.94,RR,0.022208426454211998,False,False,-0.1600447548687385,-0.2904792229949994,19.52482795379298,False,4.802709627775046,0.791015625,0.9103401093319546,46.142578125,92.197265625,0.9950944697591613,ok,True
-0.4233137739453291,0.07266836550507312,0.028841646093178228,0.0,1.0,18.96,FL,0.036097315343100886,False,False,-2.3739912551798867,-5.182116849289757,14.631471154459833,False,12.18518080454204,0.791015625,0.036665475201695545,46.23046875,90.966796875,0.4233137739453291,ok,True
-0.4233137739453291,0.07266836550507312,0.009857751790454837,0.0,1.0,18.96,FR,0.5360973153431009,True,False,-1.3915657805999153,-56.02063940292485,-36.67686388237129,False,11.145614022998718,0.791015625,1.6036852751812447,59.67773437500001,88.681640625,0.4233137739453291,ok,True
-0.4233137739453291,0.07266836550507312,0.007107424523021381,0.0,1.0,18.96,RL,0.5360973153431009,True,False,-2.832823435842017,-55.27208147053305,-35.92006651823091,False,11.545589178206935,0.791015625,1.495476676683095,57.83203125,88.50585937500001,0.4233137739453291,ok,True
-0.4233137739453291,0.07266836550507312,0.009307634259879813,0.0,1.0,18.96,RR,0.036097315343100886,False,False,-0.7383687047645693,-2.5241178557082318,17.290814309766446,False,9.43039690354106,0.791015625,0.8811770556661563,46.40625,92.197265625,0.4233137739453291,ok,True
0.09324085639381718,0.014845336235840006,0.02310088967943051,0.0,1.0,18.98,FL,0.049986204231989774,False,False,-2.281318276155981,-7.218372791531963,12.590100396055504,False,12.77260633139369,0.791015625,0.3714293421087604,46.58203125,90.791015625,0.09324085639381718,ok,True
0.09324085639381718,0.014845336235840006,0.013348578224651948,0.0,1.0,18.98,FR,0.5499862042319897,True,False,-1.5895677910528274,-58.233485947719586,-38.91352763205314,False,11.234662692946412,0.791015625,1.3864731189087351,60.1171875,89.384765625,0.09324085639381718,ok,True
0.09324085639381718,0.014845336235840006,0.012348542677643865,0.0,1.0,18.98,RL,0.5499862042319897,True,False,-2.3521957304327765,-57.60904867976385,-38.29576385119255,False,6.60706172146782,0.791015625,1.509511046576993,58.62304687499999,89.736328125,0.09324085639381718,ok,True
0.09324085639381718,0.014845336235840006,0.016239342343059644,0.0,1.0,18.98,RR,0.049986204231989774,False,False,-1.2867301190125566,-4.449756247973802,15.364680147714068,False,13.566495587592668,0.791015625,0.8750659047458494,46.66992187500001,92.28515625,0.09324085639381718,ok,True
0.5313291663066666,-0.005277298273294517,0.020708914868517683,0.0,1.0,19.0,FL,0.06387509312087866,False,False,-2.2372553220899696,-9.237263896432625,10.563608485674012,False,13.056010695347819,0.791015625,0.7962677100493901,47.021484375,90.791015625,0.5313291663066666,ok,True
0.5313291663066666,-0.005277298273294517,0.017266407978486605,0.0,1.0,19.0,FR,0.5638750931208787,True,False,-1.6965986966185584,-59.98272934145931,-40.6756944035247,False,12.579138988908948,0.791015625,1.0925826680257436,60.380859375,90.17578125,0.5313291663066666,ok,True
0.5313291663066666,-0.005277298273294517,0.01568364694246211,0.0,1.0,19.0,RL,0.5638750931208787,True,False,-1.6977862526142713,-59.81770813476246,-40.53765898469496,False,2.858153881394832,0.791015625,1.40897006771744,59.0625,90.87890625,0.5313291663066666,ok,True
0.5313291663066666,-0.005277298273294517,0.017982089679041458,0.0,1.0,19.0,RR,0.06387509312087866,False,False,-1.798267505775209,-5.86672926432739,13.947292352457762,False,16.146811761805886,0.791015625,0.9523695245206677,46.7578125,91.7578125,0.5313291663066666,ok,True
0.8519814667012935,0.011692561459591294,0.01955108535968504,0.0,1.0,19.02,FL,0.07776398200976756,False,False,-2.2193037251321996,-10.932522047137715,8.86071465361182,False,13.267769540986306,0.791015625,1.227485080583819,47.373046875,90.791015625,0.8519814667012935,ok,True
0.8519814667012935,0.011692561459591294,0.020386449142227727,0.0,1.0,19.02,FR,0.5777639820097675,True,False,-1.8191739818859687,-61.15751106443149,-41.853694470076796,False,12.957417319360852,0.791015625,0.7950068890212856,60.55664062500001,91.318359375,0.8519814667012935,ok,True
0.8519814667012935,0.011692561459591294,0.03775521832158661,0.0,1.0,19.02,RL,0.5777639820097675,True,False,-0.6486881078036615,-61.22001138776456,-41.94848176864194,False,2.2793317187877156,0.791015625,1.1886048238349325,59.32617187500001,91.93359375,0.8519814667012935,ok,True
0.8519814667012935,0.011692561459591294,0.017301779614957366,0.0,1.0,19.02,RR,0.07776398200976756,False,False,-2.2790431363150647,-6.691197781902798,13.122603677617061,False,17.242126848606297,0.791015625,1.0870149363614,46.93359375,91.318359375,0.8519814667012935,ok,True
1.0679156428812668,0.09353011280327378,0.01563529578033052,0.0,1.0,19.04,FL,0.09165287089865645,False,False,-2.2433375095819406,-12.173022290345827,7.614777972136572,False,14.093552010311186,0.791015625,1.5730300411499416,47.724609375,90.703125,1.0679156428812668,ok,True
1.0679156428812668,0.09353011280327378,0.02007063189575007,0.0,1.0,19.04,FR,0.5916528708986565,True,False,-1.8943723633500533,-61.88291004420018,-42.57519914760299,False,10.68495623993454,0.791015625,0.5657695390370874,60.732421875,92.4609375,1.0679156428812668,ok,True
1.0679156428812668,0.09353011280327378,0.11388988511798363,0.0,1.0,19.04,RL,0.5916528708986565,True,False,0.6250422081820091,-60.49857734428475,-41.19053621992768,False,0.0,0.791015625,0.9146900696994705,59.58984374999999,93.33984375000001,1.0679156428812668,ok,True
1.0679156428812668,0.09353011280327378,0.014281685911661806,0.0,1.0,19.04,RR,0.09165287089865645,False,False,-2.656292327897842,-7.119011255378872,12.694435173034403,False,18.835718470276234,0.791015625,1.2213323275608179,47.021484375,90.791015625,1.0679156428812668,ok,True
1.149361748206881,0.1739451951243979,0.012378265111656774,0.0,1.0,19.06,FL,0.10554175978754535,False,False,-2.341399700360652,-13.134949426810035,6.6492143642974995,False,15.591137677534896,0.791015625,1.8729692075554072,47.900390625,90.17578125,1.149361748206881,ok,True
1.149361748206881,0.1739451951243979,0.017140450808811384,0.0,1.0,19.06,FR,0.6055417597875453,True,True,-1.7692561835116316,-62.302709507967634,-42.98645961574749,False,8.421503257597845,0.791015625,0.36373624247931613,60.8203125,93.779296875,1.149361748206881,ok,True
1.149361748206881,0.1739451951243979,0.20184531132102326,0.0,1.0,19.06,RL,0.6055417597875453,True,True,1.6283977128215918,-57.65311728082242,-38.27191474023818,False,0.0,0.791015625,0.6202790433778954,59.94140625000001,94.658203125,1.149361748206881,ok,True
1.149361748206881,0.1739451951243979,0.01164400899988148,0.0,1.0,19.06,RR,0.10554175978754535,False,False,-3.017222763877763,-7.378924862385375,12.434022846493779,False,20.568818712849733,0.791015625,1.340135437661483,47.197265625,90.263671875,1.149361748206881,ok,True
1.195279662845201,0.25772514018758136,0.00941828036014585,0.0,1.0,19.080000000000002,FL,0.11943064867643424,False,False,-2.5286934168924877,-13.903369903496703,5.878383266811607,False,18.193182798297535,0.791015625,2.0688471482379325,47.98828125,89.736328125,1.195279662845201,ok,True
1.195279662845201,0.25772514018758136,0.014318237800431222,0.0,1.0,19.080000000000002,FR,0.6194306486764343,True,True,-1.5038415642087688,-62.46212838939671,-43.132672957931305,False,5.7967618130271745,0.791015625,0.2560186003018889,60.732421875,95.185546875,1.195279662845201,ok,True
1.195279662845201,0.25772514018758136,0.1731040452184695,0.0,1.0,19.080000000000002,RL,0.6194306486764343,True,True,3.0527883387393326,-55.076874754481956,-35.632324086713886,False,0.0,0.791015625,0.454693827785149,59.94140625000001,95.9765625,1.195279662845201,ok,True
1.195279662845201,0.25772514018758136,0.008899746648200358,0.0,1.0,19.080000000000002,RR,0.11943064867643424,False,False,-3.3435850158608575,-7.509232610750928,12.303140286060408,False,21.269313848105604,0.791015625,1.534426225210304,47.28515625,89.82421875,1.195279662845201,ok,True
1.2662719291413707,0.34545196722038524,0.006502506204760129,0.0,1.0,19.1,FL,0.13331953756532314,False,False,-2.848274319039029,-14.475831266547683,5.303320479262396,False,20.0369040734294,0.791015625,2.1836749158155344,48.1640625,89.208984375,1.2662719291413707,ok,True
1.2662719291413707,0.34545196722038524,0.01828792040085508,0.0,1.0,19.1,FR,0.6333195375653231,True,True,-1.0204472301530951,-62.16558541046025,-42.81373721268475,False,3.4955933170432396,0.791015625,0.2385718190076054,60.46875,96.591796875,1.2662719291413707,ok,True
1.2662719291413707,0.34545196722038524,0.14879027818151278,0.0,1.0,19.1,RL,0.6333195375653231,True,True,4.880212964094966,-52.906990575284404,-33.412392477066525,False,0.0,0.791015625,0.40456703329926497,59.94140625000001,97.294921875,1.2662719291413707,ok,True
1.2662719291413707,0.34545196722038524,0.005434459812842642,0.0,1.0,19.1,RR,0.13331953756532314,False,False,-3.5725560489492243,-7.48795323177389,12.323890616771731,False,21.280110723569912,0.791015625,1.8162335161956817,47.4609375,89.296875,1.2662719291413707,ok,True
1.3064669634234856,0.3950519380498787,0.004473673654069875,0.0,1.0,19.12,FL,0.14720842645421203,False,False,-3.183167618734845,-14.881299357348988,4.893779673187103,False,19.79638007940001,0.791015625,2.324357674870841,48.33984375,88.681640625,1.3064669634234856,ok,True
1.3064669634234856,0.3950519380498787,0.06732512106999004,0.0,1.0,19.12,FR,0.6472084264542121,True,True,0.13128042868568862,-60.59078948801545,-41.19221019539953,False,0.0,0.791015625,0.26633075819786,60.1171875,97.91015625,1.3064669634234856,ok,True
1.3064669634234856,0.3950519380498787,0.15553201341596767,0.0,1.0,19.12,RL,0.6472084264542121,True,True,6.85177810305115,-50.5093324861619,-30.969513939558876,False,0.0,0.791015625,0.41331401105820664,59.94140625000001,98.525390625,1.3064669634234856,ok,True
1.3064669634234856,0.3950519380498787,0.007104272317654324,0.0,1.0,19.12,RR,0.14720842645421203,False,False,-3.6979137708764918,-7.2713684815941635,12.540105480618593,False,21.467745432487426,0.791015625,2.096815491336111,47.724609375,88.76953125,1.3064669634234856,ok,True
1.2745082755136279,0.34252908891421374,0.003656178914609279,0.0,1.0,19.14,FL,0.16109731534310093,False,False,-3.3754812021924083,-15.291932524003938,4.480701167362694,False,19.8058708654705,0.791015625,2.5044761976816075,48.515625,88.06640625,1.2745082755136279,ok,True
1.2745082755136279,0.34252908891421374,0.31643414820266896,0.0,1.0,19.14,FR,0.6610973153431009,True,True,1.5636091303227808,-53.99660128425153,-34.48676634939358,False,0.0,0.791015625,0.39043210144193313,59.501953125,99.140625,1.2745082755136279,ok,True
1.2745082755136279,0.34252908891421374,0.16416091450023965,0.0,1.0,19.14,RL,0.6610973153431009,True,True,8.49092125280129,-47.85789997110992,-28.264724337833695,False,0.0,0.791015625,0.453047153979483,59.501953125,99.404296875,1.2745082755136279,ok,True
1.2745082755136279,0.34252908891421374,0.011257675986006294,0.0,1.0,19.14,RR,0.16109731534310093,False,False,-3.7829613410267706,-7.090994783281144,12.720350128442135,False,23.415589200796415,0.791015625,2.318611723373126,47.900390625,88.330078125,1.2745082755136279,ok,True
1.2356730240663776,0.20755069013969973,0.003943153840477262,0.0,1.0,19.16,FL,0.17498620423198982,False,False,-3.474315601213217,-15.918005566398865,3.851758428099348,False,20.003376088440632,0.791015625,2.6428976070684365,48.603515625,87.71484375,1.2356730240663776,ok,True
1.2356730240663776,0.20755069013969973,0.3244881868182882,0.0,1.0,19.16,FR,0.6749862042319899,True,True,3.415544340151226,-47.524506235421384,-27.917467214203324,False,0.0,0.791015625,0.41740460086971354,58.88671875,99.931640625,1.2356730240663776,ok,True
1.2356730240663776,0.20755069013969973,0.18351467044584557,0.0,1.0,19.16,RL,0.6749862042319899,True,True,9.571287143443644,-44.9552302914876,-25.30773701329992,False,0.0,0.791015625,0.48097893862751157,58.97460937500001,100.107421875,1.2356730240663776,ok,True
1.2356730240663776,0.20755069013969973,0.010607159640981736,0.0,1.0,19.16,RR,0.17498620423198982,False,False,-3.924983175155633,-7.249301731069443,12.561664076214832,False,24.079972892276803,0.791015625,2.5059898534280927,48.1640625,87.71484375,1.2356730240663776,ok,True
1.1558577968143118,0.04976398204491671,0.003946188633555089,0.0,1.0,19.18,FL,0.18887509312087872,False,False,-3.5182547420199164,-16.716816480888287,3.0484160117164514,False,19.621662160154948,0.791015625,2.7619215604795024,49.04296875,87.36328125,1.1558577968143118,ok,True
1.1558577968143118,0.04976398204491671,0.29634356098598347,0.0,1.0,19.18,FR,0.6888750931208787,True,True,5.430311964438474,-41.943579686267775,-22.257385222372033,False,0.0,0.791015625,0.43279242634407195,58.095703125,100.458984375,1.1558577968143118,ok,True
1.1558577968143118,0.04976398204491671,0.21969356643741325,0.0,1.0,19.18,RL,0.6888750931208787,True,True,10.159323555177451,-41.43277693739453,-21.737471558348165,False,0.0,0.791015625,0.49544479734499164,58.35937500000001,100.810546875,1.1558577968143118,ok,True
1.1558577968143118,0.04976398204491671,0.007676920004067271,0.0,1.0,19.18,RR,0.18887509312087872,False,False,-4.050527900995318,-7.688300298195578,12.121546841328751,False,24.07793099419659,0.791015625,2.6255858380550356,48.515625,87.1875,1.1558577968143118,ok,True
1.0316098594820706,-0.10478586995491478,0.004215808618689518,0.0,1.0,19.2,FL,0.2027639820097676,False,False,-3.514931541236246,-17.638771542359716,2.1205039874719027,False,19.10940433938213,0.791015625,2.8493999254498035,49.306640625,87.099609375,1.0316098594820706,ok,True
1.0316098594820706,-0.10478586995491478,0.26505612689964414,0.0,1.0,19.2,FR,0.7027639820097676,True,True,7.302797659196239,-37.314538095397246,-17.582351383541972,False,0.0,0.791015625,0.45066472644298067,57.216796875,100.8984375,1.0316098594820706,ok,True
1.0316098594820706,-0.10478586995491478,0.2615056747956244,0.0,1.0,19.2,RL,0.7027639820097676,True,True,10.553740518564812,-37.18065043577213,-17.444629426524955,False,0.0,0.791015625,0.49735057752713246,57.568359375,101.42578125,1.0316098594820706,ok,True
1.0316098594820706,-0.10478586995491478,0.005815180944610571,0.0,1.0,19.2,RR,0.2027639820097676,False,False,-4.11769924010889,-8.432884004588557,11.374788190232158,False,24.122120582113467,0.791015625,2.6750708477768854,48.8671875,86.572265625,1.0316098594820706,ok,True
0.8608170044167935,-0.25190684175142924,0.003501131888817505,0.0,1.0,19.22,FL,0.2166528708986565,False,False,-3.463617005863749,-18.77315642280817,0.9786606124048092,False,19.176942509223455,0.791015625,2.906660382291549,49.5703125,87.099609375,0.8608170044167935,ok,True
0.8608170044167935,-0.25190684175142924,0.26941806202884266,0.0,1.0,19.22,FR,0.7166528708986565,True,True,9.01627643362236,-32.9359431562424,-13.176110774438545,False,0.0,0.791015625,0.46987255652574034,56.337890625,101.07421875,0.8608170044167935,ok,True
0.8608170044167935,-0.25190684175142924,0.26891083579528996,0.0,1.0,19.22,RL,0.7166528708986565,True,True,10.856281438275925,-32.9692203047088,-13.207144150779392,False,0.0,0.791015625,0.4883316759846846,56.513671875,101.513671875,0.8608170044167935,ok,True
0.8608170044167935,-0.25190684175142924,0.004109715594270996,0.0,1.0,19.22,RR,0.2166528708986565,False,False,-4.148779814725535,-9.503670936465193,10.300292860547438,False,24.14474312300413,0.791015625,2.679929155617757,49.21875,86.30859375,0.8608170044167935,ok,True
0.6553530782161459,-0.36501763892709377,0.002708232892332025,0.0,1.0,19.240000000000002,FL,0.2305417597875454,False,False,-3.3984555271622736,-20.147400110349675,-0.40433182645206855,False,19.497930721927002,0.791015625,2.9261202562687747,50.009765625,87.36328125,0.6553530782161459,ok,True
0.6553530782161459,-0.36501763892709377,0.27407610238042407,0.0,1.0,19.240000000000002,FR,0.7305417597875454,True,True,10.392258940343229,-28.81460025368731,-9.041549987671043,False,0.0,0.791015625,0.48341074274743845,55.107421875,101.162109375,0.6553530782161459,ok,True
0.6553530782161459,-0.36501763892709377,0.2676580486354426,0.0,1.0,19.240000000000002,RL,0.7305417597875454,True,True,10.79069895043239,-29.013947682312878,-9.240209742732105,False,0.0,0.791015625,0.48174857112906677,55.634765625,101.68945312500001,0.6553530782161459,ok,True
0.6553530782161459,-0.36501763892709377,0.0021575668873386514,0.0,1.0,19.240000000000002,RR,0.2305417597875454,False,False,-4.1538900375802275,-10.90435430639367,8.893414019128246,False,23.83427038460341,0.791015625,2.662014661873151,49.5703125,85.95703125,0.6553530782161459,ok,True
0.4169808065263355,-0.4332019796622158,0.0021448605405493416,0.0,1.0,19.26,FL,0.2444306486764343,False,False,-3.3679016891648983,-21.703407133305987,-1.9700195585682785,False,19.255739589178805,0.791015625,2.9164988830868923,50.2734375,87.36328125,0.4332019796622158,ok,True
0.4169808065263355,-0.4332019796622158,0.275382579169153,0.0,1.0,19.26,FR,0.7444306486764343,True,True,11.417855783967271,-24.99240174198553,-5.198464711424371,False,0.0,0.791015625,0.4900824261154651,53.876953125,101.337890625,0.4332019796622158,ok,True
0.4169808065263355,-0.4332019796622158,0.28399877359762876,0.0,1.0,19.26,RL,0.7444306486764343,True,True,10.629646879768927,-24.937457885638256,-5.139914801764348,False,0.0,0.791015625,0.47500777866167554,54.580078125,101.68945312500001,0.4332019796622158,ok,True
0.4169808065263355,-0.4332019796622158,0.0007994625495935336,0.0,1.0,19.26,RR,0.2444306486764343,False,False,-4.129483006718032,-12.610422913838384,7.17767169683782,False,23.540501132172558,0.791015625,2.621130822592993,50.185546875,85.78125,0.4332019796622158,ok,True
0.15815146929691165,-0.46553682002897606,0.0028879097028942603,0.0,1.0,19.28,FL,0.25831953756532317,False,False,-3.3695799356828067,-23.446340076878634,-3.723643588520332,False,20.419717296286592,0.791015625,2.8706714963290523,50.712890625,87.71484375,0.46553682002897606,ok,True
0.15815146929691165,-0.46553682002897606,0.31716727184525206,0.0,1.0,19.28,FR,0.7583195375653231,True,True,12.273639242783016,-20.63518516161869,-0.8250892408935186,False,0.0,0.791015625,0.4984269875476943,52.55859375,101.162109375,0.46553682002897606,ok,True
0.15815146929691165,-0.46553682002897606,0.27194235393521493,0.0,1.0,19.28,RL,0.7583195375653231,True,True,10.338550642126593,-21.3103314486259,-1.5002125381183191,False,0.0,0.791015625,0.4661461831390978,53.525390625,101.513671875,0.46553682002897606,ok,True
0.15815146929691165,-0.46553682002897606,0.0001296193234449554,0.0,1.0,19.28,RR,0.25831953756532317,False,False,-4.086543004770505,-14.602745424279984,5.171351072972712,False,23.048894516985133,0.791015625,2.5808862714772123,50.712890625,85.95703125,0.46553682002897606,ok,True
-0.08680556361641616,-0.4933326552505292,0.005977903258389213,0.0,1.0,19.3,FL,0.27220842645421206,False,False,-3.422727136159841,-25.31438932003964,-5.604458086850993,False,20.147533666121078,0.791015625,2.767327451827962,50.9765625,87.71484375,0.4933326552505292,ok,True
-0.08680556361641616,-0.4933326552505292,0.3443559447771373,0.0,1.0,19.3,FR,0.7722084264542121,True,True,13.027518229958158,-16.049505948916458,3.7659710089141,False,0.0,0.791015625,0.49860738675874233,51.32812500000001,100.8984375,0.4933326552505292,ok,True
-0.08680556361641616,-0.4933326552505292,0.28102404962148947,0.0,1.0,19.3,RL,0.7722084264542121,True,True,9.955202594062726,-17.678713320533717,2.136550178566825,False,0.0,0.791015625,0.46658160261977394,52.29492187500001,101.07421875,0.4933326552505292,ok,True
-0.08680556361641616,-0.4933326552505292,0.0010116828811513687,0.0,1.0,19.3,RR,0.27220842645421206,False,False,-4.024528166048074,-16.918710890161158,2.849698515810619,False,22.991866667156064,0.791015625,2.5481184811777204,51.240234375,86.220703125,0.4933326552505292,ok,True
-0.35580808316817336,-0.5017798896761452,0.008557415519599761,0.0,1.0,19.32,FL,0.28609731534310096,False,False,-3.4741661798728014,-27.334224147326037,-7.638583751716016,False,21.65746613641773,0.791015625,2.6449862363084464,51.416015625,87.890625,0.5017798896761452,ok,True
-0.35580808316817336,-0.5017798896761452,0.34934550222647276,0.0,1.0,19.32,FR,0.786097315343101,True,True,13.465008964703314,-11.685934331843768,8.124787805154327,False,0.0,0.791015625,0.4918095566336253,49.921875,100.283203125,0.5017798896761452,ok,True
-0.35580808316817336,-0.5017798896761452,0.2812148720535927,0.0,1.0,19.32,RL,0.786097315343101,True,True,9.27849185287472,-14.235608365954926,5.578631663154434,False,0.0,0.791015625,0.4680186873228784,51.064453125,100.37109375,0.5017798896761452,ok,True
-0.35580808316817336,-0.5017798896761452,0.0008858593784113327,0.0,1.0,19.32,RR,0.28609731534310096,False,False,-3.966816935291443,-19.542432314182978,0.2155154543331932,False,22.772568705550444,0.791015625,2.48663269332333,51.6796875,86.396484375,0.5017798896761452,ok,True
-0.6261819308732174,-0.4956405849522677,0.012402729924099737,0.0,1.0,19.34,FL,0.29998620423198985,False,False,-3.5672660657239987,-29.4584334774103,-9.77988418273063,False,21.948734277913406,0.791015625,2.5015992387071124,51.6796875,88.06640625,0.6261819308732174,ok,True
-0.6261819308732174,-0.4956405849522677,0.33685274078208355,0.0,1.0,19.34,FR,0.7999862042319899,True,True,13.510371357116021,-7.850045646232845,11.950968610849722,False,0.0,0.791015625,0.47949861691072987,48.603515625,99.580078125,0.6261819308732174,ok,True
-0.6261819308732174,-0.4956405849522677,0.283832482032733,0.0,1.0,19.34,RL,0.7999862042319899,True,True,8.298431930907343,-10.904865501785325,8.904719116694286,False,0.0,0.791015625,0.4683740171663938,49.833984375,99.4921875,0.6261819308732174,ok,True
-0.6261819308732174,-0.4956405849522677,0.0011674979876400724,0.0,1.0,19.34,RR,0.29998620423198985,False,False,-3.9105928803878367,-22.416428603838984,-2.6755304371715454,False,22.3874300223937,0.791015625,2.4136731372990683,52.20703125,86.66015625,0.6261819308732174,ok,True
-0.9044815426929679,-0.4726346047173425,0.015226499554661568,0.0,1.0,19.36,FL,0.31387509312087875,False,False,-3.649221788847412,-31.712713457410434,-12.053984643735252,False,22.49305094028432,0.791015625,2.357099110117826,52.03125,88.2421875,0.9044815426929679,ok,True
-0.9044815426929679,-0.4726346047173425,0.33726158590365574,0.0,1.0,19.36,FR,0.8138750931208787,True,True,13.245485638022636,-4.223996864672436,15.565120733931831,False,0.0,0.791015625,0.47039556609297245,47.28515625,98.78906250000001,0.9044815426929679,ok,True
-0.9044815426929679,-0.4726346047173425,0.2754989286882379,0.0,1.0,19.36,RL,0.8138750931208787,True,True,7.01039462822876,-7.913504223692044,11.890704424447101,False,0.0,0.791015625,0.4638713253598573,48.779296875,98.701171875,0.9044815426929679,ok,True
-0.9044815426929679,-0.4726346047173425,0.0019197706374958657,0.0,1.0,19.36,RR,0.31387509312087875,False,False,-3.8364244847366344,-25.498634248822594,-5.782705822547538,False,21.09130217192157,0.791015625,2.3329611651890403,52.734375,86.923828125,0.9044815426929679,ok,True
-1.1386140566666176,-0.4710461845263248,0.01900084784282294,0.0,1.0,19.38,FL,0.32776398200976764,False,False,-3.7316662094167703,-34.00222747764861,-14.36621835303766,False,22.980352790056575,0.791015625,2.1781352068628372,52.3828125,88.41796875,1.1386140566666176,ok,True
-1.1386140566666176,-0.4710461845263248,0.3373664410307251,0.0,1.0,19.38,FR,0.8277639820097676,True,True,12.731950211920081,-0.7783661591241973,18.998080172172955,False,0.0,0.791015625,0.4656954451593192,46.23046875,97.91015625,1.1386140566666176,ok,True
-1.1386140566666176,-0.4710461845263248,0.26724417751408963,0.0,1.0,19.38,RL,0.8277639820097676,True,True,5.453370220343267,-5.185165932229134,14.614090277915784,False,0.0,0.791015625,0.4703307524773294,47.373046875,97.55859375,1.1386140566666176,ok,True
-1.1386140566666176,-0.4710461845263248,0.0015637838793032162,0.0,1.0,19.38,RR,0.32776398200976764,False,False,-3.6750512475481614,-28.742871911399185,-9.057543466347834,False,19.925133095374214,0.791015625,2.2676230880155197,52.998046875,87.099609375,1.1386140566666176,ok,True
-1.338071053303431,-0.47583573479429736,0.021904158152516118,0.0,1.0,19.400000000000002,FL,0.34165287089865654,False,False,-3.817178039509577,-36.23832182134284,-16.625827174126584,False,23.932377533187775,0.791015625,1.9997047162710946,52.55859375,88.50585937500001,1.338071053303431,ok,True
-1.338071053303431,-0.47583573479429736,0.32681883535486844,0.0,1.0,19.400000000000002,FR,0.8416528708986566,True,True,11.90823903461044,2.438151430860137,22.202482340929365,False,0.0,0.791015625,0.4540604103557946,45.087890625,96.943359375,1.338071053303431,ok,True
-1.338071053303431,-0.47583573479429736,0.26189606565089474,0.0,1.0,19.400000000000002,RL,0.8416528708986566,True,True,3.638529474458606,-2.5569462859142593,17.23786035791671,False,0.0,0.791015625,0.47477001267049046,46.66992187500001,96.6796875,1.338071053303431,ok,True
-1.338071053303431,-0.47583573479429736,0.002390460224989649,0.0,1.0,19.400000000000002,RR,0.34165287089865654,False,False,-3.4961904305356244,-31.949416777902716,-12.298216550496345,False,19.12573582877005,0.791015625,2.207019502884319,53.525390625,87.275390625,1.338071053303431,ok,True
-1.4978259224082284,-0.4739648434469994,0.02421289920615629,0.0,1.0,19.42,FL,0.35554175978754543,False,False,-3.9438739977125903,-38.35761982178941,-18.769005331401594,False,24.950480456722058,0.791015625,1.8478882206646423,52.91015625,88.50585937500001,1.4978259224082284,ok,True
-1.4978259224082284,-0.4739648434469994,0.28902719388662496,0.0,1.0,19.42,FR,0.8555417597875454,True,True,10.664518824856078,5.0463848216525795,24.803521003858894,False,0.0,0.791015625,0.4363710480573141,44.296875,95.9765625,1.4978259224082284,ok,True
-1.4978259224082284,-0.4739648434469994,0.246954657161145,0.0,1.0,19.42,RL,0.8555417597875454,True,True,1.638316375600187,-0.14398710950739355,19.64788015704223,False,0.0,0.791015625,0.4674159435424358,45.791015625,95.80078125,1.4978259224082284,ok,True
-1.4978259224082284,-0.4739648434469994,0.004552136935213705,0.0,1.0,19.42,RR,0.35554175978754543,False,False,-3.346522517161443,-34.95780788471963,-15.34242636670118,False,18.61251392453297,0.791015625,2.1627775783427117,53.96484375,87.626953125,1.4978259224082284,ok,True
-1.6016110520560474,-0.4832266836342173,0.02623396623474924,0.0,1.0,19.44,FL,0.3694306486764343,False,False,-4.100906837904435,-40.28308718617545,-20.718668407916923,False,25.588902808477094,0.791015625,1.7238178267030173,53.173828125,88.59375,1.6016110520560474,ok,True
-1.6016110520560474,-0.4832266836342173,0.2565047349748103,0.0,1.0,19.44,FR,0.8694306486764343,True,True,9.181532155466913,7.272915850915563,27.026465274473864,False,0.0,0.791015625,0.42339462028943403,43.41796875,95.185546875,1.6016110520560474,ok,True
-1.6016110520560474,-0.4832266836342173,0.19981863566549926,0.0,1.0,19.44,RL,0.8694306486764343,True,True,-0.3155841893471394,1.4840614788365925,21.276256155066637,True,3.826139718333792,0.791015625,0.46067915519095043,45.263671875,95.09765625,1.6016110520560474,ok,True
-1.6016110520560474,-0.4832266836342173,0.005144613331752442,0.0,1.0,19.44,RR,0.3694306486764343,False,False,-3.222010361025908,-37.69745217956019,-18.116559698747402,False,17.35585058563678,0.791015625,2.1442655475630907,54.4921875,87.802734375,1.6016110520560474,ok,True
-1.5173165895199365,-0.38508136835580303,0.025534794217671214,0.0,1.0,19.46,FL,0.3833195375653232,False,False,-4.233779300915719,-41.850966634349554,-22.30147292673943,False,25.67284379045746,0.791015625,1.5017730838087178,53.4375,88.50585937500001,1.5173165895199365,ok,True
-1.5173165895199365,-0.38508136835580303,0.2048967180989166,0.0,1.0,19.46,FR,0.8833195375653232,True,True,7.197385696028541,8.684386123677474,28.440071492926705,False,0.0,0.791015625,0.46797794172237434,42.890625,94.482421875,1.5173165895199365,ok,True
-1.5173165895199365,-0.38508136835580303,0.07740707709334864,0.0,1.0,19.46,RL,0.8833195375653232,True,True,-1.087997491286293,1.0662545695604462,20.865175612373058,False,4.680847955647867,0.791015625,0.44997324196475225,44.560546875,94.21875,1.5173165895199365,ok,True
-1.5173165895199365,-0.38508136835580303,0.005543908188603405,0.0,1.0,19.46,RR,0.3833195375653232,False,False,-2.9912703714561513,-40.14161769757239,-20.591436746663547,False,13.696199495667619,0.791015625,2.1473860153718047,55.01953125000001,87.978515625,1.5173165895199365,ok,True
-1.1852547841306758,-0.18181842701044268,0.02486599873906718,0.0,1.0,19.48,FL,0.3972084264542121,False,False,-4.325176469744538,-42.93787013413323,-23.39613730299102,False,25.447236786813917,0.791015625,1.1685403705437574,53.525390625,88.330078125,1.1852547841306758,ok,True
-1.1852547841306758,-0.18181842701044268,0.17044357150003822,0.0,1.0,19.48,FR,0.8972084264542122,True,True,4.6162608210740945,9.312281501054077,29.074482049122828,False,0.0,0.791015625,0.4733634532723431,42.5390625,94.04296875,1.1852547841306758,ok,True
-1.1852547841306758,-0.18181842701044268,0.03008830928837185,0.0,1.0,19.48,RL,0.8972084264542122,True,True,-1.1610050313971936,0.27240086871521185,20.078635955573983,False,4.051776521340311,0.791015625,0.4634620198864035,44.12109375,93.33984375000001,1.1852547841306758,ok,True
-1.1852547841306758,-0.18181842701044268,0.002793676346074154,0.0,1.0,19.48,RR,0.3972084264542121,False,False,-2.6509911394853973,-42.39172806506665,-22.862503983727688,False,12.862680796814258,0.791015625,2.1062443664374997,55.37109375,88.2421875,1.1852547841306758,ok,True
-0.6877453037492951,0.03389065219934735,0.024588521588771162,0.0,1.0,19.5,FL,0.411097315343101,False,False,-4.3649999016321175,-43.73011880912122,-24.194647055113343,False,24.979718267293887,0.791015625,0.8482361511493537,53.701171875,88.06640625,0.6877453037492951,ok,True
-0.6877453037492951,0.03389065219934735,0.14244261455234752,0.0,1.0,19.5,FR,0.911097315343101,True,False,1.8487813281704673,9.287857592062776,29.058510905283207,False,0.0,0.791015625,0.43534683051219636,42.1875,93.603515625,0.6877453037492951,ok,True
-0.6877453037492951,0.03389065219934735,0.022971384751309543,0.0,1.0,19.5,RL,0.911097315343101,True,False,-1.069639143126612,-0.28200288381126803,19.529373638823017,False,3.3055946927775666,0.791015625,0.5331469239674634,43.857421875,92.724609375,0.6877453037492951,ok,True
-0.6877453037492951,0.03389065219934735,0.002501181844036463,0.0,1.0,19.5,RR,0.411097315343101,False,False,-2.4079007133585018,-44.4806290020511,-24.970310212201312,False,13.453775509194879,0.791015625,1.9981268615472063,55.634765625,88.330078125,0.6877453037492951,ok,True
-0.10737352092441212,0.22438424361078313,0.023325901906155116,0.0,1.0,19.52,FL,0.4249862042319899,False,False,-4.362100391412126,-44.430662215057374,-24.902583675444212,False,23.836586038848687,0.791015625,0.6584205136516678,53.876953125,87.890625,0.22438424361078313,ok,True
-0.10737352092441212,0.22438424361078313,0.10471154030838499,0.0,1.0,19.52,FR,0.9249862042319899,True,False,-0.7282414455114448,9.016885427384102,28.79448500545127,True,6.425689556700754,0.791015625,0.4049257960873658,42.1875,93.427734375,0.22438424361078313,ok,True
-0.10737352092441212,0.22438424361078313,0.020161960828204074,0.0,1.0,19.52,RL,0.9249862042319899,True,False,-0.9207421774769242,-0.7635115469208278,19.05084837436776,False,2.38385450241302,0.791015625,0.6370418169357326,44.033203125,92.4609375,0.22438424361078313,ok,True
-0.10737352092441212,0.22438424361078313,0.007018970956355872,0.0,1.0,19.52,RR,0.4249862042319899,False,False,-2.340782821236802,-46.30410872097558,-26.80936657509352,False,14.910155275938495,0.791015625,1.8614830593307243,55.98632812500001,88.41796875,0.22438424361078313,ok,True
0.3476732327628639,0.3002055448740012,0.01751275175783498,0.0,1.0,19.54,FL,0.4388750931208788,False,False,-4.190896559635591,-45.00838188848058,-25.49158048991508,False,18.704486873526207,0.791015625,0.720906007753556,54.228515625,87.5390625,0.3476732327628639,ok,True
0.3476732327628639,0.3002055448740012,0.02870404049012062,0.0,1.0,19.54,FR,0.9388750931208788,True,False,-1.4949262582931513,8.320367799370949,28.100761369013767,False,9.283063067500091,0.791015625,0.42002489109044294,42.1875,92.900390625,0.3476732327628639,ok,True
0.3476732327628639,0.3002055448740012,0.021496003543538596,0.0,1.0,19.54,RL,0.9388750931208788,True,False,-0.7190373120103226,-1.0969417563622774,18.718451482599242,False,2.9435203425784295,0.791015625,0.8285463611831374,44.296875,92.4609375,0.3476732327628639,ok,True
0.3476732327628639,0.3002055448740012,0.01102664151190673,0.0,1.0,19.54,RR,0.4388750931208788,False,False,-2.4062412639471695,-47.64072484501309,-28.15771219921272,False,15.003302780189799,0.791015625,1.6479853224612224,56.513671875,88.59375,0.3476732327628639,ok,True
0.7320560814885041,0.27202912014196984,0.010331973155298702,0.0,1.0,19.56,FL,0.4527639820097677,False,False,-3.7464746403783886,-45.29019459171039,-25.784792886409242,False,14.788902234755625,0.791015625,0.8439603445651769,54.580078125,87.36328125,0.7320560814885041,ok,True
0.7320560814885041,0.27202912014196984,0.020590762060648325,0.0,1.0,19.56,FR,0.9527639820097678,True,False,-1.6652631487642788,7.995366260246184,27.77753108029306,False,10.091976355962185,0.791015625,0.4176108585697891,42.275390625,92.63671875,0.7320560814885041,ok,True
0.7320560814885041,0.27202912014196984,0.0463130031730764,0.0,1.0,19.56,RL,0.9527639820097678,True,False,-0.1826200981500277,-0.6250892547651198,19.190346012286348,False,2.4493428645787185,0.791015625,0.9450052997749876,44.82421875,92.63671875,0.7320560814885041,ok,True
0.7320560814885041,0.27202912014196984,0.013289276171734064,0.0,1.0,19.56,RR,0.4527639820097677,False,False,-2.4786793633136406,-48.42758462848613,-28.950310937991475,False,15.362892738813832,0.791015625,1.4776564562461976,56.6015625,88.2421875,0.7320560814885041,ok,True
0.9907505638879256,0.15731792588858656,0.00413667732621909,0.0,1.0,19.580000000000002,FL,0.4666528708986566,False,False,-3.188367129501584,-45.50221387671188,-26.00795532184265,False,12.589160074713293,0.791015625,1.0208908977407112,55.01953125000001,87.275390625,0.9907505638879256,ok,True
0.9907505638879256,0.15731792588858656,0.021660353276314624,0.0,1.0,19.580000000000002,FR,0.9666528708986566,True,False,-1.735212968628351,7.988960750910597,27.77323186480611,False,9.725608443498569,0.791015625,0.338695052503704,42.626953125,92.37304687500001,0.9907505638879256,ok,True
0.9907505638879256,0.15731792588858656,0.06830652830059061,0.0,1.0,19.580000000000002,RL,0.9666528708986566,True,False,-0.03819544025656513,0.2647880852092272,20.08001619960358,False,1.676089814380762,0.791015625,0.9341413615573386,45.263671875,92.8125,0.9907505638879256,ok,True
0.9907505638879256,0.15731792588858656,0.014888814404789301,0.0,1.0,19.580000000000002,RR,0.4666528708986566,False,False,-2.585101191632862,-48.89806106979221,-29.4219606669683,False,17.801632518111518,0.791015625,1.3402424633844605,56.77734375,87.802734375,0.9907505638879256,ok,True
1.0950233485103256,0.025431097488798425,0.0021730767087355073,0.0,1.0,19.6,FL,0.4805417597875455,False,False,-2.6897404069960857,-45.90151040494502,-26.418097658793375,False,11.515227239237712,0.791015625,1.2323410353681878,55.458984375,87.36328125,1.0950233485103256,ok,True
1.0950233485103256,0.025431097488798425,0.021603577722122777,0.0,1.0,19.6,FR,0.9805417597875454,True,False,-1.7521314369159866,8.041333817402629,27.82742104551862,False,9.523332813312953,0.791015625,0.19919270835173764,42.978515625,92.197265625,1.0950233485103256,ok,True
1.0950233485103256,0.025431097488798425,0.04324341235456838,0.0,1.0,19.6,RL,0.9805417597875454,True,False,-0.06298850427131561,0.43448302261395394,20.249534977648985,False,1.0130470316463112,0.791015625,0.90378029130335,45.52734375,93.076171875,1.0950233485103256,ok,True
1.0950233485103256,0.025431097488798425,0.015113213170729818,0.0,1.0,19.6,RR,0.4805417597875455,False,False,-2.830112228762338,-49.269436945161765,-29.795490851941064,False,20.420325070293103,0.791015625,1.277435497764604,56.865234375,87.36328125,1.0950233485103256,ok,True
1.0290978318207,-0.06455650678133042,0.0038822488840971887,0.0,1.0,19.62,FL,0.4944306486764344,False,False,-2.3373621346677935,-46.70381764406856,-27.232293871942804,False,11.858151640340196,0.791015625,1.4450559706430255,55.810546875,87.626953125,1.0290978318207,ok,True
1.0290978318207,-0.06455650678133042,0.019766614800612363,0.0,1.0,19.62,FR,0.9944306486764344,True,False,-1.727841401513261,7.811944787024379,27.600645049751726,False,9.527007176595006,0.791015625,0.04351201915417364,43.505859375,92.021484375,1.0290978318207,ok,True
1.0290978318207,-0.06455650678133042,0.03821463452473354,0.0,1.0,19.62,RL,0.9944306486764344,True,False,-0.061833872593716754,-0.5962227032248546,19.219034432765582,False,1.0790713797267806,0.791015625,0.8050730324684394,46.142578125,93.427734375,1.0290978318207,ok,True
1.0290978318207,-0.06455650678133042,0.014001228813245609,0.0,1.0,19.62,RR,0.4944306486764344,False,False,-3.169894348110559,-49.8609426364686,-30.397139809756,False,20.706629921298866,0.791015625,1.2806294584958149,57.12890625,87.099609375,1.0290978318207,ok,True
0.8529159793718858,-0.11055664600794322,0.00345032862330326,0.0,1.0,19.64,FL,0.5083195375653232,True,False,-2.1710126510392485,-47.86690068773476,-28.409010969966,False,12.346481577167397,0.791015625,1.5672413007879336,56.162109375,87.978515625,0.8529159793718858,ok,True
0.8529159793718858,-0.11055664600794322,0.016604139197664992,0.0,1.0,19.64,FR,0.00831953756532311,False,False,-1.6826383745261255,7.11900595079522,26.91214175465273,False,9.055415861152367,0.791015625,-0.015559322637662064,44.033203125,91.58203125,0.8529159793718858,ok,True
0.8529159793718858,-0.11055664600794322,0.015904858874511454,0.0,1.0,19.64,RL,0.00831953756532311,False,False,-0.0969881199787137,-1.842711601775852,17.97273045247437,False,1.8719550671920626,0.791015625,0.7506934808889725,46.40625,92.900390625,0.8529159793718858,ok,True
0.8529159793718858,-0.11055664600794322,0.011595941724083222,0.0,1.0,19.64,RR,0.5083195375653232,True,False,-3.409223769720995,-50.873202835293185,-31.42846705228779,False,19.714042394233182,0.791015625,1.329843631810094,57.48046875,87.099609375,0.8529159793718858,ok,True
0.5880376977511487,-0.14266896210237753,0.0030781751412681108,0.0,1.0,19.66,FL,0.5222084264542121,True,False,-2.120300313969804,-49.28995160278319,-29.846379563773414,False,13.432806048451358,0.791015625,1.5930379269964603,56.6015625,88.330078125,0.5880376977511487,ok,True
0.5880376977511487,-0.14266896210237753,0.01234935999396168,0.0,1.0,19.66,FR,0.02220842645421195,False,False,-1.6328386227957155,5.919581605880042,25.718812006655263,False,9.837301932870004,0.791015625,0.03629660845285226,44.384765625,91.142578125,0.5880376977511487,ok,True
0.5880376977511487,-0.14266896210237753,0.0017237379934386223,0.0,1.0,19.66,RL,0.02220842645421195,False,False,-0.31542248168874715,-3.2024754838664498,16.612991571160105,False,3.368338677648057,0.791015625,0.7393653821891178,46.66992187500001,92.37304687500001,0.5880376977511487,ok,True
0.5880376977511487,-0.14266896210237753,0.00854004704515238,0.0,1.0,19.66,RR,0.5222084264542121,True,False,-3.430312841911889,-52.36265719213627,-32.94371742952403,False,18.135060834132325,0.791015625,1.3719088147820877,57.919921875,87.275390625,0.5880376977511487,ok,True
0.2606738079872205,-0.16772752738827668,0.0071653050479367555,0.0,1.0,19.68,FL,0.5360973153431009,True,False,-2.147835707982097,-50.77951795430566,-31.350446615962042,False,13.647425683219844,0.791015625,1.5209284347487608,57.041015625,88.681640625,0.2606738079872205,ok,True
0.2606738079872205,-0.16772752738827668,0.010051745104092649,0.0,1.0,19.68,FR,0.03609731534310079,False,False,-1.648448290898462,4.34854763646169,24.154876531827682,False,9.651133942921616,0.791015625,0.20904487932130428,44.82421875,90.703125,0.2606738079872205,ok,True
0.2606738079872205,-0.16772752738827668,0.009967455994424708,0.0,1.0,19.68,RL,0.03609731534310079,False,False,-0.6778140938255816,-4.5320177601507,15.28319698490079,False,6.787896103639072,0.791015625,0.7634646105778529,46.66992187500001,92.021484375,0.2606738079872205,ok,True
0.2606738079872205,-0.16772752738827668,0.005409624834122895,0.0,1.0,19.68,RR,0.5360973153431009,True,False,-3.277179125387839,-54.20211379182476,-34.81569991703505,False,14.972493502444392,0.791015625,1.374449236327882,58.27148437499999,87.71484375,0.2606738079872205,ok,True
-0.04284321689299354,-0.16157867017242444,0.01170799084666026,0.0,1.0,19.7,FL,0.5499862042319897,True,False,-2.185249758812938,-52.20438335838817,-32.78856293771201,False,13.643228112243339,0.791015625,1.3267124153012293,57.48046875,89.296875,0.16157867017242444,ok,True
-0.04284321689299354,-0.16157867017242444,0.009404875738445497,0.0,1.0,19.7,FR,0.04998620423198963,False,False,-1.6739397889956078,2.4995902038457305,22.311685974312667,False,9.839052201272864,0.791015625,0.5217186069162864,45.17578125,90.17578125,0.16157867017242444,ok,True
-0.04284321689299354,-0.16157867017242444,0.014507307278868193,0.0,1.0,19.7,RL,0.04998620423198963,False,False,-1.0647067581610394,-5.747472318209612,14.066976860408866,False,11.037072921077844,0.791015625,0.8216783950698253,46.7578125,91.494140625,0.16157867017242444,ok,True
-0.04284321689299354,-0.16157867017242444,0.0015366104360150276,0.0,1.0,19.7,RR,0.5499862042319897,True,False,-2.900262756694761,-56.27505764274409,-36.92624921877808,False,10.901044161418023,0.791015625,1.3244777854036411,58.71093750000001,88.330078125,0.16157867017242444,ok,True
-0.2760461640918783,-0.12000049566110005,0.01522293983720012,0.0,1.0,19.72,FL,0.5638750931208786,True,False,-2.1875646609369572,-53.495872062221366,-34.09162598892057,False,11.92135010303743,0.791015625,1.0600961089468501,57.919921875,90.17578125,0.2760461640918783,ok,True
-0.2760461640918783,-0.12000049566110005,0.010767543800548729,0.0,1.0,19.72,FR,0.06387509312087847,False,False,-1.7176220359394687,0.4692740681676973,20.284413580192197,False,10.981365915917811,0.791015625,0.9153339237486637,45.70312500000001,89.736328125,0.2760461640918783,ok,True
-0.2760461640918783,-0.12000049566110005,0.016182861752146557,0.0,1.0,19.72,RL,0.06387509312087847,False,False,-1.51372454091811,-6.805597916237071,13.007055598929911,False,13.666135089125463,0.791015625,0.9408472664461939,46.7578125,90.966796875,0.2760461640918783,ok,True
-0.2760461640918783,-0.12000049566110005,0.0025767462223932405,0.0,1.0,19.72,RR,0.5638750931208786,True,False,-2.3385745722979516,-58.44484594793192,-39.13604259386945,False,6.798193319752959,0.791015625,1.191817227459392,59.23828124999999,89.208984375,0.2760461640918783,ok,True
-0.4436773361194039,-0.07513807395165743,0.016354194163827128,0.0,1.0,19.740000000000002,FL,0.5777639820097674,True,False,-2.0477871545770046,-54.634122146505014,-35.238166577156065,False,9.907859549039326,0.791015625,0.790289086782149,58.27148437499999,91.23046875,0.4436773361194039,ok,True
-0.4436773361194039,-0.07513807395165743,0.012013489845339925,0.0,1.0,19.740000000000002,FR,0.07776398200976731,False,False,-1.8248748512521353,-1.6132568722476521,18.201794753053534,False,12.44856684090697,0.791015625,1.3109840534906854,46.142578125,89.384765625,0.4436773361194039,ok,True
-0.4436773361194039,-0.07513807395165743,0.01478013125590193,0.0,1.0,19.740000000000002,RL,0.07776398200976731,False,False,-1.99404261820664,-7.740065009815131,12.069779299586669,False,15.705296164107557,0.791015625,1.131941253773798,46.93359375,90.52734375,0.4436773361194039,ok,True
-0.4436773361194039,-0.07513807395165743,0.00557034835258131,0.0,1.0,19.740000000000002,RR,0.5777639820097674,True,False,-1.7036286092815216,-60.584159657710835,-41.31271630854606,False,3.8304024166872326,0.791015625,0.9742026024412954,59.4140625,90.263671875,0.4436773361194039,ok,True
-0.5471376498038645,-0.028457707582967614,0.016187986074618632,0.0,1.0,19.76,FL,0.5916528708986563,True,False,-1.800005728283061,-55.5511470127779,-36.157427559237405,False,8.247969857561094,0.791015625,0.5525935518064924,58.62304687499999,92.28515625,0.5471376498038645,ok,True
-0.5471376498038645,-0.028457707582967614,0.010813274381397632,0.0,1.0,19.76,FR,0.09165287089865615,False,False,-2.0157223183249613,-3.5876894289352004,16.224894579352544,False,14.992650334883274,0.791015625,1.6677381781970742,46.494140625,89.12109375,0.5471376498038645,ok,True
-0.5471376498038645,-0.028457707582967614,0.012232299270678948,0.0,1.0,19.76,RL,0.09165287089865615,False,False,-2.418973879548515,-8.500387912119631,11.30659066393735,False,17.091014666019355,0.791015625,1.3628479224813919,47.109375,90.0,0.5471376498038645,ok,True
-0.5471376498038645,-0.028457707582967614,0.012307639705859201,0.0,1.0,19.76,RR,0.5916528708986563,True,False,-1.047092085904951,-62.4154218728802,-43.17057634158044,False,2.1303699431583,0.791015625,0.7165424957739494,60.029296875,91.669921875,0.5471376498038645,ok,True
-0.6349771282866328,0.04411751538195643,0.014929336128664667,0.0,1.0,19.78,FL,0.6055417597875451,True,True,-1.5086746110540405,-56.178797582601575,-36.78042890018921,False,6.56661116219335,0.791015625,0.4016215947882232,58.88671875,93.603515625,0.6349771282866328,ok,True
-0.6349771282866328,0.04411751538195643,0.007726108489508068,0.0,1.0,19.78,FR,0.10554175978754499,False,False,-2.3139132164078853,-5.217526943760312,14.591856961609771,False,16.978567684711507,0.791015625,1.9241188559474798,47.109375,89.12109375,0.6349771282866328,ok,True
-0.6349771282866328,0.04411751538195643,0.00785775057589523,0.0,1.0,19.78,RL,0.10554175978754499,False,False,-2.758866426815717,-9.07246396443044,10.732002856152121,False,18.677119572180978,0.791015625,1.6074972750537684,47.197265625,89.47265625000001,0.6349771282866328,ok,True
-0.6349771282866328,0.04411751538195643,0.05331416542870203,0.0,1.0,19.78,RR,0.6055417597875451,True,True,0.10860579697464026,-63.0561765667641,-43.8043235543044,False,0.0,0.791015625,0.5186388729996737,60.46875,93.515625,0.6349771282866328,ok,True
-0.7013902870611358,0.11466581268836845,0.015037690746209385,0.0,1.0,19.8,FL,0.6194306486764339,True,True,-1.1661643114378017,-56.513786771845346,-37.10542684884999,False,4.237710873050846,0.791015625,0.29686418961421235,59.4140625,94.833984375,0.7013902870611358,ok,True
-0.7013902870611358,0.11466581268836845,0.005901100818755193,0.0,1.0,19.8,FR,0.11943064867643383,False,False,-2.6088205094440786,-6.607759104750997,13.198476649435626,False,18.075400460707975,0.791015625,2.127362985122905,47.4609375,89.12109375,0.7013902870611358,ok,True
-0.7013902870611358,0.11466581268836845,0.004140358651162368,0.0,1.0,19.8,RL,0.11943064867643383,False,False,-3.0783348575586684,-9.48356444630574,10.318849252319252,False,20.878552110612578,0.791015625,1.8706438553454774,47.724609375,88.857421875,0.7013902870611358,ok,True
-0.7013902870611358,0.11466581268836845,0.1818851926491198,0.0,1.0,19.8,RR,0.6194306486764339,True,True,1.6982880426617726,-60.9092344271109,-41.58654105653322,False,0.0,0.791015625,0.4693244464246424,60.90820312500001,95.361328125,0.7013902870611358,ok,True
-0.7006755351967936,0.17532568935729498,0.037228313422566446,0.0,1.0,19.82,FL,0.6333195375653228,True,True,-0.42238967094139834,-56.23772890884639,-36.80638582227148,False,2.869032168761657,0.791015625,0.21912665424577826,59.501953125,96.328125,0.7006755351967936,ok,True
-0.7006755351967936,0.17532568935729498,0.007094356098229383,0.0,1.0,19.82,FR,0.13331953756532267,False,False,-2.8651113603036618,-7.999638108750682,11.803364861901747,False,19.294247271753346,0.791015625,2.356514911366194,47.98828125,89.033203125,0.7006755351967936,ok,True
-0.7006755351967936,0.17532568935729498,0.0010914566459909153,0.0,1.0,19.82,RL,0.13331953756532267,False,False,-3.4064913117369358,-9.763332196035135,10.037126656272862,False,22.07653235756657,0.791015625,2.1604801948350025,47.98828125,88.41796875,0.7006755351967936,ok,True
-0.7006755351967936,0.17532568935729498,0.2220411300028723,0.0,1.0,19.82,RR,0.6333195375653228,True,True,3.6311183389233035,-57.94182043486577,-38.534935454590915,False,0.0,0.791015625,0.441682962360372,60.99609375,97.03125,0.7006755351967936,ok,True
-0.6217423074328985,0.19462580515258157,0.1490419168539401,0.0,1.0,19.84,FL,0.6472084264542116,True,True,0.8463046439977328,-53.7717184442648,-34.28650249018182,False,0.0,0.791015625,0.2931876295649476,59.501953125,97.91015625,0.6217423074328985,ok,True
-0.6217423074328985,0.19462580515258157,0.007432887546012528,0.0,1.0,19.84,FR,0.1472084264542115,False,False,-3.0889929652232926,-9.38567195804453,10.41323368504278,False,19.888253332496483,0.791015625,2.593388760779468,48.427734375,88.681640625,0.6217423074328985,ok,True
-0.6217423074328985,0.19462580515258157,0.004097129571095978,0.0,1.0,19.84,RL,0.1472084264542115,False,False,-3.672047743080716,-10.1137691614706,9.684265729529002,False,23.300719117058712,0.791015625,2.4244750250821783,48.33984375,87.978515625,0.6217423074328985,ok,True
-0.6217423074328985,0.19462580515258157,0.22589502568491882,0.0,1.0,19.84,RR,0.6472084264542116,True,True,5.5400148340831095,-54.91092247850234,-35.43070939255612,False,0.0,0.791015625,0.45320393735537406,60.90820312500001,98.26171875,0.6217423074328985,ok,True
-0.4798811243343389,0.14225085920136166,0.2843396257163466,0.0,1.0,19.86,FL,0.6610973153431005,True,True,2.647554753076795,-48.84090655120492,-29.28124712503293,False,0.0,0.791015625,0.38342556583248644,59.4140625,98.876953125,0.4798811243343389,ok,True
-0.4798811243343389,0.14225085920136166,0.00746346623286252,0.0,1.0,19.86,FR,0.16109731534310034,False,False,-3.265671177248408,-10.967422026219305,8.825223307157414,False,21.26396473967179,0.791015625,2.813824412179679,48.69140625,88.2421875,0.4798811243343389,ok,True
-0.4798811243343389,0.14225085920136166,0.0067778345131306005,0.0,1.0,19.86,RL,0.16109731534310034,False,False,-3.8950261736894443,-10.83212240282742,8.962494233078377,False,24.764512364849445,0.791015625,2.6361745200401008,48.8671875,87.890625,0.4798811243343389,ok,True
-0.4798811243343389,0.14225085920136166,0.23858702616173147,0.0,1.0,19.86,RR,0.6610973153431005,True,True,6.886047341443873,-51.78163707272031,-32.243079184626566,False,0.0,0.791015625,0.4789937629379614,60.732421875,99.580078125,0.4798811243343389,ok,True
-0.3299067778510313,0.022867276999041338,0.26828894773096434,0.0,1.0,19.88,FL,0.6749862042319893,True,True,4.881365847196624,-44.57147135695815,-24.931915102141147,False,0.0,0.791015625,0.4156426247651118,58.88671875,99.931640625,0.3299067778510313,ok,True
-0.3299067778510313,0.022867276999041338,0.005693436640491265,0.0,1.0,19.88,FR,0.17498620423198918,False,False,-3.4590109296385174,-12.725550420551075,7.0565932812474355,False,21.384716230684518,0.791015625,2.9602447735252655,48.8671875,87.802734375,0.3299067778510313,ok,True
-0.3299067778510313,0.022867276999041338,0.0056333230589291645,0.0,1.0,19.88,RL,0.17498620423198918,False,False,-4.083688230984831,-11.94034233254378,7.848850383870635,False,25.00309202669698,0.791015625,2.8211996488293183,48.8671875,87.36328125,0.3299067778510313,ok,True
-0.3299067778510313,0.022867276999041338,0.2699760844588267,0.0,1.0,19.88,RR,0.6749862042319893,True,True,7.853322264621723,-48.207004947329516,-28.60179698767959,False,0.0,0.791015625,0.4896424160500978,60.029296875,100.37109375,0.3299067778510313,ok,True
-0.13853290446834202,-0.1300494283707675,0.2495916585193901,0.0,1.0,19.900000000000002,FL,0.6888750931208781,True,True,7.430858188423775,-41.00070030828273,-21.307874327508863,False,0.0,0.791015625,0.4248688267190248,58.27148437499999,100.37109375,0.13853290446834202,ok,True
-0.13853290446834202,-0.1300494283707675,0.005589598168941723,0.0,1.0,19.900000000000002,FR,0.18887509312087802,False,False,-3.6181543717484983,-14.574435195401513,5.197643401186241,False,21.466082678505458,0.791015625,3.065376583049817,49.21875,87.5390625,0.13853290446834202,ok,True
-0.13853290446834202,-0.1300494283707675,0.0038635716157617715,0.0,1.0,19.900000000000002,RL,0.18887509312087802,False,False,-4.218438732972462,-13.335899188417889,6.444479924530436,False,24.733582186080202,0.791015625,2.940394484812309,49.21875,86.923828125,0.13853290446834202,ok,True
-0.13853290446834202,-0.1300494283707675,0.2922270547593492,0.0,1.0,19.900000000000002,RR,0.6888750931208781,True,True,8.57836741348371,-44.29953787384066,-24.63088523181686,False,0.0,0.791015625,0.4919850140130673,59.0625,100.986328125,0.13853290446834202,ok,True
0.09975714993554653,-0.26042414968712024,0.25692113362650637,0.0,1.0,19.92,FL,0.702763982009767,True,True,9.868214917116626,-37.4994590848161,-17.76967542893035,False,0.0,0.791015625,0.4507318069493426,57.48046875,101.162109375,0.26042414968712024,ok,True
0.09975714993554653,-0.26042414968712024,0.006247986454749957,0.0,1.0,19.92,FR,0.20276398200976686,False,False,-3.686676698332076,-16.406950309386367,3.3588721174334815,False,20.490234564570493,0.791015625,3.127685072243559,49.39453125000001,87.36328125,0.26042414968712024,ok,True
0.09975714993554653,-0.26042414968712024,0.005277525526702782,0.0,1.0,19.92,RL,0.20276398200976686,False,False,-4.253267806233307,-14.8868102605918,4.8852793873838305,False,23.698653042881553,0.791015625,2.9843909473572627,49.306640625,86.396484375,0.26042414968712024,ok,True
0.09975714993554653,-0.26042414968712024,0.31678646925243376,0.0,1.0,19.92,RR,0.702763982009767,True,True,9.140885839099083,-39.89812553505334,-20.179627204698086,False,0.0,0.791015625,0.49076946343077804,58.00781250000001,101.513671875,0.26042414968712024,ok,True
0.37277616414961645,-0.3608325468608362,0.3077832850054381,0.0,1.0,19.94,FL,0.7166528708986558,True,True,12.261192389942027,-33.20203139770393,-13.443065495826865,False,0.0,0.791015625,0.46943631064133723,56.6015625,101.6015625,0.37277616414961645,ok,True
0.37277616414961645,-0.3608325468608362,0.0054200229430086105,0.0,1.0,19.94,FR,0.2166528708986557,False,False,-3.6575961627386966,-18.260027763558547,1.4969812420635051,False,20.496863373269672,0.791015625,3.135107098777869,49.658203125,87.1875,0.37277616414961645,ok,True
0.37277616414961645,-0.3608325468608362,0.005636842176556138,0.0,1.0,19.94,RL,0.2166528708986557,False,False,-4.197051032572844,-16.66131177228733,3.1043990186727335,False,23.433165591784142,0.791015625,2.9731822337740654,49.482421875,86.30859375,0.37277616414961645,ok,True
0.37277616414961645,-0.3608325468608362,0.34996664244610814,0.0,1.0,19.94,RR,0.7166528708986558,True,True,9.65001064619328,-34.84543011425135,-15.090420065355932,False,0.0,0.791015625,0.49075403980836435,56.6015625,101.6015625,0.37277616414961645,ok,True
0.6715944321922647,-0.42477166409699124,0.32152006309190356,0.0,1.0,19.96,FL,0.7305417597875447,True,True,14.560197879178174,-28.87407368474383,-9.10042576173447,False,0.0,0.791015625,0.4782356908641256,55.72265625,102.041015625,0.6715944321922647,ok,True
0.6715944321922647,-0.42477166409699124,0.005634157137583498,0.0,1.0,19.96,FR,0.23054175978754454,False,False,-3.6222106228698885,-20.14783253257326,-0.4019118644772419,False,20.603104895183005,0.791015625,3.091673586669925,50.009765625,87.099609375,0.6715944321922647,ok,True
0.6715944321922647,-0.42477166409699124,0.006467922413955836,0.0,1.0,19.96,RL,0.23054175978754454,False,False,-4.120115787128269,-18.655371090149924,1.0989078315351541,False,22.738827632786105,0.791015625,2.925837841049975,50.009765625,86.484375,0.6715944321922647,ok,True
0.6715944321922647,-0.42477166409699124,0.33956124868083454,0.0,1.0,19.96,RR,0.7305417597875447,True,True,9.944314523160827,-30.06043060569713,-10.28818563718157,False,0.0,0.791015625,0.48745615530492814,55.37109375,101.6015625,0.6715944321922647,ok,True
0.9615583409745362,-0.4680540145652891,0.32296599918825647,0.0,1.0,19.98,FL,0.7444306486764335,True,True,16.64807005468854,-24.781884676224806,-4.982918667614346,False,0.0,0.791015625,0.485230554966182,54.66796875,102.12890625,0.9615583409745362,ok,True
0.9615583409745362,-0.4680540145652891,0.005947644213905349,0.0,1.0,19.98,FR,0.24443064867643338,False,False,-3.596970132458549,-22.075456036490596,-2.3426384762088652,False,20.49254453015432,0.791015625,2.9741178546347236,50.537109375,87.275390625,0.9615583409745362,ok,True
0.9615583409745362,-0.4680540145652891,0.0065923205287068114,0.0,1.0,19.98,RL,0.24443064867643338,False,False,-3.9908490752184127,-20.899776539589354,-1.1626024677441684,False,20.522278345141874,0.791015625,2.8653306734729638,50.2734375,86.8359375,0.9615583409745362,ok,True
0.9615583409745362,-0.4680540145652891,0.3480291171826766,0.0,1.0,19.98,RR,0.7444306486764335,True,True,10.055176693368368,-25.162842125776592,-5.366267597487784,False,0.0,0.791015625,0.4878787963197332,53.96484375,101.6015625,0.9615583409745362,ok,True
1.2373200669560043,-0.5479817751263484,0.3279261443783054,0.0,1.0,20.0,FL,0.7583195375653223,True,True,18.283651098048075,-20.860753198348387,-1.0487164948768104,False,0.0,0.791015625,0.49040168642230686,53.61328125,102.041015625,1.2373200669560043,ok,True
1.2373200669560043,-0.5479817751263484,0.007142581904382082,0.0,1.0,20.0,FR,0.2583195375653222,False,False,-3.5533084383369933,-24.04585575734043,-4.3276596861090475,False,20.326564112496758,0.791015625,2.8014250889723473,50.9765625,87.5390625,1.2373200669560043,ok,True
1.2373200669560043,-0.5479817751263484,0.006308544704892007,0.0,1.0,20.0,RL,0.2583195375653222,False,False,-3.7750172014531307,-23.409344938088108,-3.6923750958236283,False,19.0827872953979,0.791015625,2.785189353884698,50.80078125,87.099609375,1.2373200669560043,ok,True
1.2373200669560043,-0.5479817751263484,0.3473527645239689,0.0,1.0,20.0,RR,0.7583195375653223,True,True,9.773938355341537,-20.340979441468367,-0.5289615534053027,False,0.0,0.791015625,0.5026901351174078,52.822265625,101.513671875,1.2373200669560043,ok,True
