time_s,leg,phase,segment,forward_force_n,vertical_force_n,j2_torque_nm,j3_torque_nm,j2_power_w,j3_power_w
5.0,FL,0.40238034690699426,late_stance,9.886657824577888,16.254529507451483,3.0273224296005075,-2.505653255625357,0.580525572808627,-2.366542398187727
5.0,FR,0.9023803469069942,swing,0.0,0.0,0.15189632313405432,0.022812948628612606,-0.18962288793639528,-0.020642978005726315
5.0,RL,0.9023803469069942,swing,-12.839759584389707,16.02008030682622,-2.614322260594524,-0.0722883470267841,3.4644323458658617,0.08681988115816187
5.0,RR,0.40238034690699426,late_stance,6.229211085799627,6.244636685934221,1.6028850296963362,-1.1943166816421822,0.29197679181621367,-0.0700661194920865
5.0200000000000005,FL,0.4065470135736609,late_stance,9.57098924700398,16.513347501278826,2.918093182569455,-2.504714067006578,0.7830054708205244,-2.663732044773119
5.0200000000000005,FR,0.9065470135736609,swing,0.0,0.0,0.14906576902999147,0.025320703962254498,-0.18122564279661832,-0.024011739145176583
5.0200000000000005,RL,0.9065470135736609,swing,-12.698833134805463,15.09902825599334,-2.6116871865569786,0.02444891469311483,3.462578592933402,-0.030788119981574998
5.0200000000000005,RR,0.4065470135736609,late_stance,6.944685376723961,6.952718472188962,1.805312594159651,-1.3979185097355162,-0.0525460824331875,-0.26411612126210315
5.04,FL,0.41071368024032756,late_stance,9.16067054899382,16.849383148741417,2.7928507591022256,-2.5016099094011386,0.8850624111342045,-2.611050030390445
5.04,FR,0.9107136802403275,swing,0.0,0.0,0.14748557168946597,0.027144941398625,-0.15620005014014124,-0.027343674726731517
5.04,RL,0.9107136802403275,swing,-12.402906220150244,14.217126766227103,-2.586060360151172,0.10854602476904152,3.2449905658795046,-0.13809488948077442
5.04,RR,0.41071368024032756,late_stance,7.356588923091379,9.61597584446517,2.0048371466260506,-1.6447565446357066,-0.12162023967604,-0.5376553955780929
5.0600000000000005,FL,0.4148803469069942,late_stance,8.599342008864502,17.34504942940264,2.6308738318518654,-2.497806637130734,0.8502571987649608,-2.423640148560545
5.0600000000000005,FR,0.9148803469069942,swing,0.0,0.0,0.12482366811566914,0.03629112014604896,-0.12276006546644407,-0.03719765419117572
5.0600000000000005,RL,0.9148803469069942,swing,-11.807563059319605,11.852839991006318,-2.539873773899061,0.31269386186620807,3.1454605523782293,-0.4267709749371282
5.0600000000000005,RR,0.4148803469069942,late_stance,7.724598110534055,13.000742934834244,2.1419257173989568,-1.9639108712038678,-0.14416013579532427,-0.7405183827899035
5.08,FL,0.41904701357366086,late_stance,8.425059600770828,17.292926500796224,2.557084190158669,-2.496524483412227,0.8817575757860519,-2.146875645250481
5.08,FR,0.9190470135736608,swing,0.0,0.0,0.10142733517130254,0.040606579838497914,-0.09648356373806033,-0.043413047860328915
5.08,RL,0.9190470135736608,swing,-11.133025480807623,11.163946479035312,-2.470269564036326,0.3655184063890824,2.8642889452154985,-0.4490215548101778
5.08,RR,0.41904701357366086,late_stance,8.401223424117818,15.066563950407533,2.297574561940655,-2.205240050797572,0.014742046192023893,-0.8478585091814445
5.1000000000000005,FL,0.4232136802403275,late_stance,7.975445832211805,17.73539221666289,2.4047265318722912,-2.498516052973211,0.8731953547401006,-1.8417949309030937
5.1000000000000005,FR,0.9232136802403275,swing,0.0,0.0,0.10191687625768175,0.037652883559018635,-0.09303909129432832,-0.04046389285602108
5.1000000000000005,RL,0.9232136802403275,swing,-10.583410724220421,10.609000419004449,-2.4130201663202575,0.40146185042606886,2.832010590010973,-0.46675182125641657
5.1000000000000005,RR,0.4232136802403275,late_stance,8.742424906055467,16.803335144641565,2.342437444328309,-2.3766727233703127,0.048874896001809325,-0.6249967872611802
5.12,FL,0.42738034690699417,late_stance,7.700910111931917,17.96904277625345,2.286611743026011,-2.502605633671945,0.7910212339866526,-1.2566268974073347
5.12,FR,0.9273803469069941,swing,0.0,0.0,0.06797811140649812,0.04606714596192041,-0.06251533069488656,-0.05185864037056289
5.12,RL,0.9273803469069941,swing,-9.270589103319034,9.28862072703224,-2.237072966342371,0.4125146946963917,2.756881084400092,-0.42070698992193684
5.12,RR,0.42738034690699417,late_stance,9.11569534415536,17.90845730903213,2.3858608315964016,-2.4916916551892654,0.20378045798519578,-0.4433916834326187
5.14,FL,0.4315470135736608,late_stance,7.599537359886039,12.9428507627848,2.133900408433039,-2.105134105965861,0.6471544961417076,1.4990698487574703
5.14,FR,0.9315470135736608,swing,-8.955696672975764,22.16056371692662,-1.0360094743841928,-1.0839153384267433,-0.16342857983481093,0.16255637127396194
5.14,RL,0.9315470135736608,swing,0.0,0.0,-0.3431008378407183,0.06728797469757675,0.8915580094264068,-0.04604374306654002
5.14,RR,0.4315470135736608,late_stance,6.83771632911369,23.33205630108832,1.7024360445575284,-2.5231339082809576,1.2745502421070234,-1.085146375334162
5.16,FL,0.43571368024032747,late_stance,6.679575449488513,7.105070750709957,1.9639209328890472,-1.52128773194767,0.7916169966448435,2.463705003097051
5.16,FR,0.9357136802403274,swing,-11.146421070579077,20.464334070713306,-1.796787496808148,-0.7125646581225096,-0.16373867673089032,0.8642376641728867
5.16,RL,0.9357136802403274,swing,0.0,0.0,0.2851659463217029,-0.016503845602908074,-0.5713577398675683,0.011164008038502675
5.16,RR,0.43571368024032747,late_stance,4.657668396398252,27.4096801251146,0.9980101282430783,-2.518085787478326,0.9063701220171639,0.07544173700004728
5.18,FL,0.4398803469069941,late_stance,6.017132433636762,6.396903819703676,1.7350718416940647,-1.4018358052879714,0.8352749508736927,2.5581978384104773
5.18,FR,0.9398803469069941,swing,-11.724193376004521,15.217617860590142,-2.2410330513872405,-0.08749812663186818,0.3714684866272494,0.1602491282849762
5.18,RL,0.9398803469069941,swing,0.0,0.0,0.3232386879632665,-0.004241388553509973,-0.4148825230105918,0.0033222846535665646
5.18,RR,0.4398803469069941,late_stance,3.4026906953273093,25.52621322792612,0.6873740545184625,-2.2111655148504203,0.4565996275085879,1.179804440240087
5.2,FL,0.4440470135736608,late_stance,5.305930541034925,5.534357588908823,1.181874541749117,-1.1018904641587872,0.8572268641668852,2.5315764908575393
5.2,FR,0.9440470135736607,swing,-12.172836357063696,14.019189486055335,-2.4866029644813996,0.18650882078351505,0.717112943375125,-0.30770279074626616
5.2,RL,0.9440470135736607,swing,0.0,0.0,0.26953425494909666,-0.008296637273303098,-0.22594176510362562,0.0060712112241986865
5.2,RR,0.4440470135736608,late_stance,2.940132348693309,19.355806526828218,0.6572815300091728,-1.6945812827229243,0.26721420640185767,1.1801081314733342
5.22,FL,0.44821368024032743,late_stance,5.210264194697015,5.362218304745949,1.4045391499821596,-1.099659601541685,0.39241788133976757,2.501366876462744
5.22,FR,0.9482136802403274,swing,-12.63592513554562,14.172763209781808,-2.65316626840502,0.2922784417446853,1.0707884730611636,-0.40338495412287473
5.22,RL,0.9482136802403274,swing,0.0,0.0,0.1791174672904976,-0.006025433783319434,-0.1031440861525763,0.004600258387083219
5.22,RR,0.44821368024032743,late_stance,2.557590879037509,16.851382935941693,0.5476081356189122,-1.4446727365410386,0.16595288730533553,0.8410387931590741
5.24,FL,0.4523803469069941,late_stance,0.0,0.0,1.3143806998259873,-1.0281171092404446,0.41565699594709526,1.5205681542709077
5.24,FR,0.952380346906994,swing,-12.642593975990923,14.010627179869886,-2.7111921234614136,0.3596910394619983,1.3410085247944854,-0.4088785436513043
5.24,RL,0.952380346906994,swing,0.0,0.0,0.12090958799596258,-0.0005390640056768259,-0.06078871892307113,0.0003719832999788902
5.24,RR,0.4523803469069941,late_stance,2.338193224198035,14.703304886788162,0.5163807167590788,-1.251909367784621,0.1066193196306378,0.5870305742171584
5.26,FL,0.45654701357366073,late_stance,4.3128797148363756,5.245096457974663,1.1746794242060545,-0.9449575227559581,0.3572853443935553,0.4575130113036796
5.26,FR,0.9565470135736607,swing,-12.539539723896093,13.957159551126347,-2.669645770058162,0.36742389553190213,1.5069465472067447,-0.3614516553608443
5.26,RL,0.9565470135736607,swing,0.0,0.0,0.12185270652367575,-0.0017040469729013852,-0.05782266725787798,0.001136787954495616
5.26,RR,0.45654701357366073,late_stance,2.4619422085825544,14.350393122500712,0.5363333007477137,-1.2298870701952551,0.06532823984772294,0.39918765904728004
5.28,FL,0.4607136802403274,late_stance,4.025328496082355,11.085156247605072,1.0699040715014234,-1.200664916831788,0.31753149934379366,-0.03032336156563697
5.28,FR,0.9607136802403273,swing,-11.891011903227335,13.02257211516071,-2.5501413424098844,0.3955223580344214,1.6080440087046783,-0.3207862117048937
5.28,RL,0.9607136802403273,swing,-3.5690482310445946,8.176959321918586,-0.09532215727082294,-0.29458345484089443,0.01817597072896046,0.08274360820758711
5.28,RR,0.4607136802403274,late_stance,2.742084609659813,13.059917302215421,0.5849282607044914,-1.1755377558929596,0.01852746448387109,0.28408871689474846
5.3,FL,0.46488034690699404,late_stance,5.0536291124145984,13.360300915423664,1.2751537355073248,-1.4839183148301744,0.1129009810621977,-0.3447120469994128
5.3,FR,0.964880346906994,swing,-9.621008289216615,10.193802273520273,-2.1055506779738375,0.3832401177518808,1.6366939589613163,-0.2715954863281404
5.3,RL,0.964880346906994,swing,-4.176782518001662,13.480189309611536,-0.13893314148434266,-0.7901938333771544,0.03861547830900659,0.09491892942614089
5.3,RR,0.46488034690699404,late_stance,3.525130117895962,7.513005823668599,0.9322731481591534,-0.9585590623193891,-0.17764001838121526,0.3076667901402708
5.32,FL,0.4690470135736607,late_stance,5.931719713311669,13.44839689018706,1.4493714340565886,-1.620172782478641,-0.022081399056888974,-0.31940107342220464
5.32,FR,0.9690470135736606,swing,-7.381933637919235,7.572947815777399,-1.7367261328055967,0.3571218283990958,1.4625294124799804,-0.19025895057825404
5.32,RL,0.9690470135736606,swing,-4.0559143269032,15.346628279635883,0.0026911852128083114,-1.0182589837408489,-0.0010384292929304715,0.18636480089181506
5.32,RR,0.4690470135736607,late_stance,3.9355485112238755,6.32569178820044,1.0517568984196735,-0.9404313784450065,-0.11176169901642588,0.15049512699830309
5.34,FL,0.47321368024032734,late_stance,6.4294234067889136,15.011925890809561,1.5558607640918132,-1.7921595131480366,0.010543385401797192,-0.30318346408949737
5.34,FR,0.9732136802403273,swing,0.0,0.0,-0.17405114779887,0.11962966651189408,0.3149915092861619,-0.022019007633506654
5.34,RL,0.9732136802403273,swing,-4.025152551277075,17.587837012528734,0.15233764851013737,-1.256845000198024,-0.05155362506269298,0.19399695916194476
5.34,RR,0.47321368024032734,late_stance,4.408472622331129,8.25713485239725,1.1428415815007946,-1.0788096971143162,0.05849851919590966,-0.040828832636577495
5.36,FL,0.477380346906994,late_stance,6.3654893563557025,14.955154578282325,1.5447801471522595,-1.8104711178432833,0.09458374995833073,-0.0641134621573693
5.36,FR,0.9773803469069939,swing,0.0,0.0,0.22292136960136844,-0.0348966681932501,-0.23870215615313858,0.0050120600105035586
5.36,RL,0.9773803469069939,swing,-4.014236135085394,18.011315629009037,0.19188332039107991,-1.3082683778926445,-0.04804394992477927,0.30963837935975835
5.36,RR,0.477380346906994,late_stance,4.0212549364757,10.327940355405817,0.982792812404541,-1.148587585368702,0.20050529200922998,-0.028595002201957046
5.38,FL,0.48154701357366064,late_stance,6.255963590163782,15.131376440237021,1.5069219353637697,-1.8220075892870502,0.15586824844228706,0.1361264658706021
5.38,FR,0.9815470135736606,swing,0.0,0.0,0.09836770837259162,0.004194532754925373,-0.03672914603992484,-0.0006481468113884604
5.38,RL,0.9815470135736606,swing,-3.4759568340050344,16.63977532611641,0.2439260342293998,-1.2347790468065618,-0.0433628347849548,0.40183396090412693
5.38,RR,0.48154701357366064,late_stance,3.587575786861868,11.263137936783004,0.8515415915800456,-1.1411626201312557,0.24759391766600225,-0.012348732234070672
5.4,FL,0.4857136802403273,late_stance,6.156644193618962,14.831689309120184,1.4781724824525493,-1.783475128766512,0.24929757234357827,0.24713589083241896
5.4,FR,0.9857136802403272,swing,0.0,0.0,0.03552603313111859,0.03316500878451176,-0.0021063740104488977,-0.006233194683366184
5.4,RL,0.9857136802403272,swing,-2.680973127032997,14.024913041974727,0.26157324879572613,-1.0563069254988964,-0.020677651502659607,0.3845170269926681
5.4,RR,0.4857136802403273,late_stance,3.167667897402872,12.780806165217008,0.6872187513296001,-1.1631532726595182,0.23720681589572065,-0.024524123242776558
5.42,FL,0.48988034690699395,late_stance,5.837815623445856,15.793563972074722,1.3399726831545036,-1.7768914432149323,0.38179376852983915,0.1785831676619721
5.42,FR,0.9898803469069939,swing,0.0,0.0,0.022918110525539104,0.05134937874393801,0.0017715934047907566,-0.005009934909835686
5.42,RL,0.9898803469069939,swing,-2.286708906800717,12.088767500470341,0.25304783225350574,-0.8938059522415853,0.008188977458556266,0.3234685814391685
5.42,RR,0.48988034690699395,late_stance,3.059508948773794,13.918495435748667,0.6168695614736663,-1.237764838417277,0.20416893064950417,0.03831508667557619
5.44,FL,0.4940470135736606,late_stance,4.954727658494813,11.922808952762802,1.2173466770911645,-1.4262367647832273,0.30969547822665805,0.5830619371405834
5.44,FR,0.9940470135736605,swing,-4.544347270237728,12.076290289477724,-0.4020344675038646,-0.43905221903978175,-0.2113728812967572,-0.20215577437704205
5.44,RL,0.9940470135736605,swing,-2.681374953348214,11.58744591533232,0.11908100348330872,-0.7785143538086912,0.026370605661714428,0.22554759120836587
5.44,RR,0.4940470135736606,late_stance,2.2924934905795036,13.231159003239334,0.4247018555414025,-1.0693475430671198,0.1442796475773019,0.1834775138690753
5.46,FL,0.4982136802403273,late_stance,4.29436808230902,8.581922787526734,1.1166391712841612,-1.127337016103607,0.263635701078577,0.5582660337373326
5.46,FR,0.9982136802403273,swing,-5.584248877606252,13.954223669250464,-0.6198672553735272,-0.5002710855353739,-0.2892048875654561,-0.1414197701036885
5.46,RL,0.9982136802403273,swing,-2.764460193667911,9.97644886576974,-0.01858752373516545,-0.5896127821923154,-0.005429597417235893,0.13478961952562832
5.46,RR,0.4982136802403273,late_stance,1.6954483154928275,12.360792469745347,0.2693507600054468,-0.9121687151503615,0.08261583131295472,0.2311825498701602
5.48,FL,0.502380346906994,late_stance,3.80802683883909,7.411951977618538,1.0055598282019016,-0.9767595175825248,0.2399001175424904,0.3955892391807803
5.48,FR,0.0023803469069938465,early_stance,-5.595842971470946,14.179353059488871,-0.6049312049078693,-0.5312592778227075,-0.2448753356847977,-0.12680957127222883
5.48,RL,0.0023803469069938465,early_stance,-2.9360446328983945,9.296011857165405,-0.12320647566674114,-0.4846103832502848,-0.03614028534673361,0.06539203450810055
5.48,RR,0.502380346906994,late_stance,1.3328686451099563,11.497510894926222,0.17790179631653968,-0.7920600059406944,0.05165620704197667,0.16155308069269153
5.5,FL,0.5065470135736606,late_stance,3.5582503929650926,7.151685903761658,0.9358050376010171,-0.9107062361544479,0.23211947911668723,0.237470448886628
5.5,FR,0.0065470135736607205,early_stance,-5.800602126894915,14.804318942904242,-0.6527688882313301,-0.559769555217786,-0.21679520385316833,-0.1122937101464643
5.5,RL,0.0065470135736607205,early_stance,-2.6979759596787596,8.739401177658292,-0.10313852671570964,-0.4193727155586585,-0.02955113632696713,0.004595232395757559
5.5,RR,0.5065470135736606,late_stance,1.02497500982454,11.414677926589148,0.07921111277949411,-0.7293734163655179,0.01916927765350158,0.13488696858527546
5.5200000000000005,FL,0.5107136802403273,late_stance,3.406109933962761,7.893638615422204,0.8528666093040081,-0.9122734871524989,0.21775769679428145,0.1001665885306163
5.5200000000000005,FR,0.01071368024032715,early_stance,-5.421455591294062,14.45097760228106,-0.5853281182838064,-0.5700864891019877,-0.14862169473652742,-0.09923599074650401
5.5200000000000005,RL,0.01071368024032715,early_stance,-2.797912806128859,9.499877640051416,-0.10747723600406764,-0.46042077081349125,-0.02636401722387512,-0.02834936717016556
5.5200000000000005,RR,0.5107136802403273,late_stance,0.7743467607083181,10.783730345845878,0.041008682532276686,-0.6637327549601753,0.007107611343904835,0.11704845161510204
5.54,FL,0.5148803469069939,late_stance,3.3955569217523895,8.720389847483819,0.8080020271315904,-0.9434233371130555,0.1849990988449661,0.06833848611391526
5.54,FR,0.014880346906994024,early_stance,-4.968829743886892,13.657148015201843,-0.520827104396536,-0.5523712078447282,-0.09603165449299302,-0.05440910944626489
5.54,RL,0.014880346906994024,early_stance,-2.667641504046754,9.507846422175726,-0.07346657300531373,-0.4587532740161276,-0.018814308050479674,-0.08246899231044733
5.54,RR,0.5148803469069939,late_stance,0.8297058026637715,10.731594867246972,0.040186040717944654,-0.6577089958207926,0.006731885656288704,0.07565310346165587
5.5600000000000005,FL,0.5190470135736606,late_stance,3.4582530738441144,9.826718917107815,0.7736033281222638,-1.0025139223227033,0.1583030668273235,0.030945077516266392
5.5600000000000005,FR,0.019047013573660454,early_stance,-4.364737304955811,12.541402763207522,-0.4265574420371396,-0.5231955453014958,-0.05587566462426312,-0.036041959189774854
5.5600000000000005,RL,0.019047013573660454,early_stance,-2.785447360397317,10.43349059959582,-0.08012010084919347,-0.5279744466374622,-0.017786583776130988,-0.11310580102768393
5.5600000000000005,RR,0.5190470135736606,late_stance,0.8889274550094537,10.656654555337635,0.04450645906332411,-0.6554505774510742,0.00454219430155438,0.09517419388091412
5.58,FL,0.5232136802403272,late_stance,3.358561812817394,10.405713080768358,0.7317887361799607,-1.0287458447112892,0.11648489740747459,0.04253588646791459
5.58,FR,0.023213680240327328,early_stance,-3.8094280517268033,11.86689580404009,-0.3270377022672236,-0.528076819607955,-0.034074362686988977,-0.041225518222972934
5.58,RL,0.023213680240327328,early_stance,-2.7340753695455633,10.441271768558513,-0.07019765333581487,-0.5373807817850914,-0.011457219449290092,-0.0913325593525025
5.58,RR,0.5232136802403272,late_stance,1.0295002885616493,10.911863808709851,0.05876336763273532,-0.6811778514755081,0.004451310158684064,0.0848332932773429
5.6000000000000005,FL,0.5273803469069939,late_stance,3.578918859747642,10.393695999423976,0.7826464720177787,-1.036001265874348,0.12536795803154857,0.010347572514145777
5.6000000000000005,FR,0.027380346906993758,early_stance,-3.2699086861919087,11.177546936829977,-0.22628807858870148,-0.5310421057412326,-0.021651683503867414,-0.04379662682585593
5.6000000000000005,RL,0.027380346906993758,early_stance,-2.3836238886846597,10.837784889908653,0.04066564859728919,-0.6200061251219132,0.006275244288216021,-0.11218844246428644
5.6000000000000005,RR,0.5273803469069939,late_stance,1.0800415136169599,11.087037972448854,0.05628768161394447,-0.6929086023164293,0.0045746700765656135,0.057260135439833285
5.62,FL,0.5315470135736605,late_stance,3.500422904151299,10.919635505286033,0.7223897412643273,-1.0653792895662932,0.11401983037331893,0.033708784330008436
5.62,FR,0.03154701357366063,early_stance,-2.649148580663381,10.554165084149236,-0.09837419226508304,-0.5509252421350305,-0.011172361925217667,-0.05296458188314621
5.62,RL,0.03154701357366063,early_stance,-2.2597217624551087,10.66240213549833,0.06307187595162553,-0.6170453555019757,0.011379959066161486,-0.12791912287622262
5.62,RR,0.5315470135736605,late_stance,1.1123149207282372,11.492836036582167,0.038325512111685264,-0.7115569364293453,0.003593493704784437,0.04584051883772549
5.64,FL,0.5357136802403272,late_stance,3.463578817782355,11.249873802972251,0.6909826951555148,-1.0743907180478962,0.09109418949626474,0.1088475354439041
5.64,FR,0.03571368024032706,early_stance,-2.33083127184226,10.231778616966219,-0.03648940890057717,-0.5606866896087331,-0.004606036991217186,-0.04924276965020515
5.64,RL,0.03571368024032706,early_stance,-2.0834680183874714,11.041149904052642,0.11767318370773755,-0.6771194831935028,0.02321161439198498,-0.13884829403609356
5.64,RR,0.5357136802403272,late_stance,1.0080034622954688,11.633913590833927,-0.002600374422166929,-0.695558143196879,-0.000292434327690736,0.03289644120272795
5.66,FL,0.5398803469069938,late_stance,3.580195853380343,11.371390589252,0.7134494401138151,-1.0951540968323035,0.09276739571863311,0.11235831334215679
5.66,FR,0.039880346906993935,early_stance,-2.2483010891322253,9.61343797905507,-0.04307129587772997,-0.5097478546026053,-0.006510890187922093,-0.07242551432741434
5.66,RL,0.039880346906993935,early_stance,-2.0505074862320365,11.043176585640781,0.1235586436856605,-0.6852027117646954,0.01950616707788607,-0.0857345404118532
5.66,RR,0.5398803469069938,late_stance,0.9772920907336852,11.511869537987137,-0.0063686709226011134,-0.6861309080988625,-0.0005698241259213333,0.05260983262857032
5.68,FL,0.5440470135736605,late_stance,3.4377361812593303,11.170489861564482,0.6715734879006856,-1.056348283887419,0.08998652754488946,0.12815988268206194
5.68,FR,0.044047013573660365,early_stance,-1.9664281392150518,9.971489808650542,0.03781497005144166,-0.5783997523127795,0.006567145328580745,-0.08838984708043078
5.68,RL,0.044047013573660365,early_stance,-1.8917388636173007,11.035173032587846,0.1613329846665233,-0.7044406988893467,0.027261639756367192,-0.07793308047128225
5.68,RR,0.5440470135736605,late_stance,1.109093297994156,11.70925605086358,0.008165667730555937,-0.7095703940521259,0.0009500377113663639,0.04196566036314226
5.7,FL,0.5482136802403271,late_stance,3.314467198162632,11.084409809574193,0.634415731456745,-1.0315873219112925,0.08162634465242789,0.1710052925589976
5.7,FR,0.04821368024032724,early_stance,-1.9264496479610982,10.184166794365058,0.05183428358172973,-0.6030778616962502,0.009839763186140937,-0.07190254060863213
5.7,RL,0.04821368024032724,early_stance,-1.7983630551887573,11.023275329283985,0.18014408218153743,-0.7155514387118063,0.03334299274399305,-0.06608230703587331
5.7,RR,0.5482136802403271,late_stance,1.1129791232140833,11.806394201406503,0.0015081910676174592,-0.7142023197837735,0.00020808149933789716,0.053568450215962536
5.72,FL,0.5523803469069938,late_stance,3.2563625742708604,10.812157440291044,0.6203510446372817,-0.9997213665061104,0.09893701174822694,0.1292127874288071
5.72,FR,0.05238034690699367,early_stance,-1.7986358624219663,10.234893395360487,0.08670792536978023,-0.620537026197979,0.020073548153080174,-0.10063075083144304
5.72,RL,0.05238034690699367,early_stance,-1.718303207939352,11.027348087896794,0.19558907534409947,-0.7243678598536135,0.037876461845420685,-0.0613883962106086
5.72,RR,0.5523803469069938,late_stance,0.8774466878150186,11.611941717677198,-0.061748328559163485,-0.6616917359385804,-0.00918836831594157,0.05429570263947167
5.74,FL,0.5565470135736604,late_stance,3.031610296725183,10.862534844557333,0.551874678160593,-0.9637038625974067,0.09144498108903858,0.12791261359130884
5.74,FR,0.05654701357366054,early_stance,-1.8905248646551793,10.753799488246678,0.07962182475974891,-0.6564851206134577,0.018365163318770996,-0.08551284985078657
5.74,RL,0.05654701357366054,early_stance,-1.8481496392524488,10.426589932348511,0.13984810673024253,-0.6539682431860008,0.030564821046628762,-0.07538869867515437
5.74,RR,0.5565470135736604,late_stance,0.6980626648989203,11.652740062043035,-0.11359397219129429,-0.6357713995648322,-0.016931981021758722,0.06521908865838082
5.76,FL,0.5607136802403271,late_stance,2.9836313856746126,10.657713479097469,0.5386320666782919,-0.9377205339897683,0.09185233170615188,0.1125356514349775
5.76,FR,0.06071368024032697,early_stance,-2.069909137515522,11.070780368293876,0.0416468615322613,-0.6610495194462558,0.00895609602519217,-0.06632915861736222
5.76,RL,0.06071368024032697,early_stance,-1.635689958727766,10.594084674125057,0.19492684363356083,-0.6952293428890038,0.04316277535799786,-0.08401497531121961
5.76,RR,0.5607136802403271,late_stance,0.5187988948152864,11.392623781647826,-0.150410648016883,-0.5951105314770049,-0.020424358088304014,0.07333787519240309
5.78,FL,0.5648803469069937,late_stance,3.048261886716582,11.581378256755437,0.4913329548170188,-0.9885716888515694,0.07174050093604196,0.1556751659438466
5.78,FR,0.06488034690699385,early_stance,-1.7601431228801931,10.567781875345895,0.09667017894997854,-0.6487692214786426,0.021807802024396025,-0.08154403492474205
5.78,RL,0.06488034690699385,early_stance,-1.696174151413208,10.561809394591114,0.16635744571180963,-0.6871784484193055,0.0332024253438151,-0.05325073434078018
5.78,RR,0.5648803469069937,late_stance,0.5056320064436668,11.401683577586493,-0.16807074101697148,-0.5867930293870864,-0.01875660654959552,0.09111363383327185
5.8,FL,0.5690470135736604,late_stance,2.627434643682944,10.923155244480979,0.44435999293873657,-0.9127107712442835,0.06658614966880713,0.14712125341224191
5.8,FR,0.06904701357366028,early_stance,-1.8236206773554644,10.999299180214907,0.08749665767416936,-0.6791486275424019,0.020135249744477897,-0.07739174221848837
5.8,RL,0.06904701357366028,early_stance,-1.7001151201709603,10.744856456146211,0.16886460720417268,-0.6994105846593126,0.03580743976526816,-0.058726321415630174
5.8,RR,0.5690470135736604,late_stance,0.36097560084115937,10.976260264703068,-0.16511158589707992,-0.5619617990223116,-0.02222162450432893,0.07131334216411885
5.82,FL,0.573213680240327,late_stance,2.4486182826064344,10.89700983305896,0.3891217358398284,-0.8791235608404632,0.05908232931077524,0.12117418136835757
5.82,FR,0.07321368024032715,early_stance,-1.960138917494892,11.214453268607205,0.05481261768343379,-0.6787479422274706,0.011454469722353417,-0.06175809786959468
5.82,RL,0.07321368024032715,early_stance,-1.5869888697703671,10.642369668570453,0.18760085166925944,-0.7015596735978876,0.03774398677863388,-0.05246448527076545
5.82,RR,0.573213680240327,late_stance,0.22463774986940171,10.82873348600627,-0.2001282037499003,-0.5314735437126479,-0.02459539405687005,0.06901780381984894
5.84,FL,0.5773803469069937,late_stance,2.499555272521079,10.951912636764241,0.3983319950808724,-0.8922888406914333,0.05712895515399085,0.12447852138653542
5.84,FR,0.07738034690699358,early_stance,-1.830917289573551,11.164822891837684,0.08034869135993222,-0.6871642962601191,0.016089356776515094,-0.061509003455006046
5.84,RL,0.07738034690699358,early_stance,-1.4948117603867448,10.715563866496227,0.20581964306465533,-0.714308715627448,0.04125851291974996,-0.05851738502438927
5.84,RR,0.5773803469069937,late_stance,0.125143797423103,10.774240766142231,-0.22967180050596953,-0.5108656491632338,-0.027420839732580346,0.06022075324940052
5.86,FL,0.5815470135736603,late_stance,2.466182870618303,10.848210273749913,0.3884889985697876,-0.878343682722142,0.061570525858738616,0.09700106438016423
5.86,FR,0.08154701357366045,early_stance,-1.7600546475214696,11.334016941125402,0.09729945134161103,-0.7083294261775914,0.019585741080867032,-0.06942362685255968
5.86,RL,0.08154701357366045,early_stance,-1.609706779228642,10.318805754753829,0.15383402243078256,-0.653904155610749,0.033382296642023176,-0.0799831221446214
5.86,RR,0.5815470135736603,late_stance,0.002744452283800285,10.865667548457079,-0.26337628356163806,-0.5003016550944202,-0.03166006315689114,0.052273234917732586
5.88,FL,0.585713680240327,late_stance,2.519204682705892,11.587714913249213,0.35798315977679773,-0.9274966186339285,0.04555157447976293,0.14583405388528037
5.88,FR,0.08571368024032688,early_stance,-1.5623159249989698,11.057767104868098,0.12867356395551124,-0.7086990080237934,0.024349938969316785,-0.054976266271482055
5.88,RL,0.08571368024032688,early_stance,-1.377658659073938,10.533127427457094,0.21320541068830312,-0.7017663501581017,0.04651657212922923,-0.08953456741701257
5.88,RR,0.585713680240327,late_stance,-0.07213519702549766,10.980552422410085,-0.29233610301382884,-0.49259274780099777,-0.03491383389040699,0.04730396845929287
5.9,FL,0.5898803469069936,late_stance,2.2816399389147617,11.126442289672065,0.3305917956606579,-0.8722449383631456,0.041223535643077465,0.1240923634459427
5.9,FR,0.08988034690699376,early_stance,-1.4424658317931507,11.116047265270755,0.15598194007307262,-0.7236117479910246,0.029355225850509824,-0.06634879651819865
5.9,RL,0.08988034690699376,early_stance,-1.4401118891806808,10.579975287124666,0.19161467484777955,-0.6993967247613677,0.036234851756253066,-0.06021229430271606
5.9,RR,0.5898803469069936,late_stance,-0.15723413323328286,10.77136566591542,-0.30512982043616754,-0.46936324232540927,-0.03048586402765439,0.050588098333975075
5.92,FL,0.5940470135736603,late_stance,2.159588837960556,11.247232869635537,0.29189124680630246,-0.8618095913461599,0.03760308938971779,0.09516679521526866
5.92,FR,0.09404701357366019,early_stance,-1.4792020054986734,10.98372590368689,0.13462838945833921,-0.702746875313296,0.024889071607455668,-0.07951543010561751
5.92,RL,0.09404701357366019,early_stance,-1.2275496847819263,10.373021637730048,0.23225292737743422,-0.7034109789817947,0.04089125728574631,-0.05628814882231816
5.92,RR,0.5940470135736603,late_stance,-0.11663922667780927,10.915130754902005,-0.29884384422667964,-0.48921376403803735,-0.022476846154935823,0.06114778614000754
5.94,FL,0.598213680240327,late_stance,2.1272361144082566,11.435454678751878,0.26786608946310275,-0.8653455208335616,0.030716670129532535,0.12193740633554458
5.94,FR,0.09821368024032706,early_stance,-1.3118518844318579,10.899379044346475,0.16773142478945605,-0.7150875486921919,0.03062433078489258,-0.0684083574364867
5.94,RL,0.09821368024032706,early_stance,-1.1589039254140152,10.582877260340718,0.24971872048797866,-0.729421672037381,0.047579101559084465,-0.0679842444773492
5.94,RR,0.598213680240327,late_stance,-0.028653371330351503,10.848393881144066,-0.27472771195582535,-0.49715598378543413,-0.028792229227145572,0.04300895530663163
5.96,FL,0.6023803469069936,late_stance,1.9784932821426802,11.234587806568275,0.2352307736436522,-0.8295823277262102,0.02854641678434817,0.10502870530586626
5.96,FR,0.10238034690699349,early_stance,-1.2057787872985244,10.973568098113478,0.19108995993155917,-0.7330935985430254,0.036069869402436935,-0.07330475952222267
5.96,RL,0.10238034690699349,early_stance,-1.0331983638416755,10.517379362113049,0.27490736296885454,-0.7371968649037969,0.051569335545028176,-0.061981194656098124
5.96,RR,0.6023803469069936,late_stance,-0.09077969415594912,10.930591219470722,-0.2987528801107251,-0.4907451202182711,-0.03040980853910779,0.04578562740511386
5.98,FL,0.6065470135736603,late_stance,2.2240460946482408,11.660556009593277,0.26607666563020305,-0.8872106414298342,0.02898545321835982,0.13369266911216507
5.98,FR,0.10654701357366037,early_stance,-1.0554345926191007,10.887336397160082,0.2185812965071214,-0.7422495490885302,0.04102736917156968,-0.06505540946460962
5.98,RL,0.10654701357366037,early_stance,-1.0875238191624987,10.542948351298625,0.2535342980564956,-0.7340062973574812,0.04639588354396306,-0.05213852261844471
5.98,RR,0.6065470135736603,late_stance,-0.15221177485241988,10.96257397257658,-0.3190905391419948,-0.481705505454252,-0.03321722957793908,0.0446381886291196
6.0,FL,0.6107136802403269,late_stance,1.9557307767772647,11.28022720551427,0.23354457423380742,-0.8402714280709809,0.028301616902021192,0.11658845741698337
6.0,FR,0.1107136802403268,early_stance,-1.140604318162961,10.995943264835764,0.19611402041721548,-0.7388215939384726,0.036248935376616505,-0.05718098498871324
6.0,RL,0.1107136802403268,early_stance,-0.7953364419213343,10.078941102335262,0.30990043033356496,-0.7184273376090651,0.06607806630822334,-0.08264342051233928
6.0,RR,0.6107136802403269,late_stance,-0.43009998951458867,11.14444826148299,-0.3869106517955938,-0.4620523674666892,-0.0383147871430491,0.046038051362433365
6.0200000000000005,FL,0.6148803469069936,late_stance,1.91137531029789,11.342291737239284,0.2151390775579653,-0.8358405514895866,0.023298813608778675,0.12685615423585406
6.0200000000000005,FR,0.11488034690699367,early_stance,-0.9423294191918764,11.007344347794543,0.24387615393739928,-0.7643347052637537,0.04185243671528164,-0.042152144188303244
6.0200000000000005,RL,0.11488034690699367,early_stance,-0.8959384881405761,10.259389641693302,0.2784862501178873,-0.7249702138101776,0.054223561232716266,-0.06056772422574524
6.0200000000000005,RR,0.6148803469069936,late_stance,-0.46195310966110503,11.01735608226324,-0.39614310576238104,-0.44489892489662863,-0.035955103857313896,0.04618650236909163
6.04,FL,0.6190470135736602,late_stance,2.0063697327953647,11.21895136975071,0.2434721900400854,-0.84239528135486,0.027713038852681785,0.11870695375762519
6.04,FR,0.1190470135736601,early_stance,-0.8218836077127797,11.011128250908921,0.266624178922114,-0.7754781602157018,0.049566962237299915,-0.060447480869912265
6.04,RL,0.1190470135736601,early_stance,-0.9509060998555771,10.250547944170297,0.2578849173592753,-0.7160223002925192,0.04754216815125415,-0.04873825956816584
6.04,RR,0.6190470135736602,late_stance,-0.5157211192671375,10.99527681321517,-0.41157346959646673,-0.4355216706844638,-0.03771244707818388,0.043593143386660156
6.0600000000000005,FL,0.6232136802403269,late_stance,1.9186765222542024,11.199687645336587,0.2057761562036437,-0.8180411539974675,0.025312108153708088,0.10179722618433329
6.0600000000000005,FR,0.12321368024032697,early_stance,-0.8735246500286143,11.11003347531695,0.24643893972774406,-0.7740363843507296,0.04451142552693215,-0.05523420097184472
6.0600000000000005,RL,0.12321368024032697,early_stance,-0.5891397278241501,9.90887613848874,0.33544170661670136,-0.722695455614867,0.06448842603224832,-0.056958374107280114
6.0600000000000005,RR,0.6232136802403269,late_stance,-0.30705520660852964,11.55798989966367,-0.39975323426494536,-0.49085754353158884,-0.026088632938085044,0.0700875575020062
6.08,FL,0.6273803469069935,late_stance,2.022559714346488,11.921445816575075,0.18280756514960195,-0.8670857154459104,0.020007274150975436,0.13525537372918986
6.08,FR,0.1273803469069934,early_stance,-0.7500489801232789,10.655602992779498,0.2591779144967107,-0.7446170420133098,0.05245512655401336,-0.07400670191079543
6.08,RL,0.1273803469069934,early_stance,-0.6868905844853855,10.24079838234621,0.31113938614125414,-0.7515407724923139,0.05781589809836246,-0.0370880891460874
6.08,RR,0.6273803469069935,late_stance,-0.42673229462341433,11.019710767774988,-0.3994956966223097,-0.44455913655689727,-0.030773859018500677,0.059986677587055684
6.1000000000000005,FL,0.6315470135736602,late_stance,1.9135377819576977,11.015963840983874,0.20242444744027288,-0.7988603349209942,0.025601904389837137,0.12162954398369924
6.1000000000000005,FR,0.13154701357366028,early_stance,-0.899788237324809,11.211116118045645,0.22831743138818822,-0.7740497343737971,0.04505890625148039,-0.04953426625632237
6.1000000000000005,RL,0.13154701357366028,early_stance,-0.4978664682551685,10.315245876166268,0.35871916453370656,-0.765724130924132,0.07778605741309194,-0.0598526598863394
6.1000000000000005,RR,0.6315470135736602,late_stance,-0.5275218116864647,10.932222956858158,-0.4261521834807943,-0.4216072901984722,-0.041242577990793165,0.051658177184390856
6.12,FL,0.6357136802403268,late_stance,1.8507001986884524,11.227613122044392,0.16458865478436255,-0.7947154337087946,0.020606802056503143,0.12763700709191791
6.12,FR,0.1357136802403267,early_stance,-0.8333949940836767,11.165345982726802,0.23912905390769934,-0.7733989811158479,0.04986875198440786,-0.05630146908474521
6.12,RL,0.1357136802403267,early_stance,-0.6636821107333616,10.453400780927325,0.31086835385632994,-0.7612115116842358,0.06644428943969972,-0.04950582352215943
6.12,RR,0.6357136802403268,late_stance,-0.47292295517108046,10.680697066068179,-0.40673446153115067,-0.4109240685994218,-0.04601352639795744,0.04346467716497438
6.140000000000001,FL,0.6398803469069935,late_stance,1.6664668121652135,11.39262901751601,0.0970681248364366,-0.7641959192339741,0.010571385940058917,0.1358656081861845
6.140000000000001,FR,0.13988034690699358,early_stance,-0.796321132417221,11.257464661465466,0.2429812451222506,-0.782164790777499,0.05241098660423932,-0.06402591579118969
6.140000000000001,RL,0.13988034690699358,early_stance,-0.7250557289859744,10.242567249376222,0.2813283287750714,-0.7346482895749655,0.056141210395786824,-0.033983023333683686
6.140000000000001,RR,0.6398803469069935,late_stance,-0.555781480653158,10.595824595444903,-0.43362073640960286,-0.38710897693208346,-0.04725434878039774,0.04414903619945536
6.16,FL,0.6440470135736601,late_stance,1.7179717574947737,11.539017852741443,0.09107272771386682,-0.7706884321241619,0.008583978123109305,0.15877086535537124
6.16,FR,0.14404701357366,early_stance,-0.8550639604230081,11.392922765248695,0.22430391051079923,-0.7917093864092599,0.043253700926961555,-0.03073986916507995
6.16,RL,0.14404701357366,early_stance,-0.6534311882975266,9.917777902946483,0.2809796738365087,-0.6967727926416983,0.06192919127922377,-0.056185590542395414
6.16,RR,0.6440470135736601,late_stance,-0.7766401107601884,10.700158726268075,-0.5019802878440254,-0.35440916420960794,-0.0504422131557356,0.04320871287351886
6.18,FL,0.6482136802403268,late_stance,1.6055368240415389,11.364558970563623,0.05952987921508962,-0.7330335726273172,0.00664283090754348,0.1131494531475335
6.18,FR,0.14821368024032688,early_stance,-0.9138318272506499,11.555287448049652,0.2033838731638409,-0.7857157051903597,0.037613778728540964,-0.04511749061361799
6.18,RL,0.14821368024032688,early_stance,-0.5267653904685213,9.701300537361828,0.2975599296635667,-0.6989231013513901,0.06046146877697959,-0.04769184964088029
6.18,RR,0.6482136802403268,late_stance,-0.5883514760491579,10.97874442382035,-0.47917782092352057,-0.39222619737480835,-0.027270651644368225,0.06554986524612604
6.2,FL,0.6523803469069934,late_stance,1.5021729578073872,11.397180132296171,0.04253867441881759,-0.7322193287413727,0.004405387752531095,0.11477759535360749
6.2,FR,0.1523803469069933,early_stance,-0.918018172770747,11.646679788144395,0.19743302928033613,-0.7985472180558233,0.033815060772109835,-0.02675123291163211
6.2,RL,0.1523803469069933,early_stance,-0.5934988982167765,9.945475391830087,0.2818227037375811,-0.7178203247546361,0.051973014772346955,-0.028910028622198793
6.2,RR,0.6523803469069934,late_stance,-0.6758436719317524,10.427488214177671,-0.47495518150977606,-0.34532297866142975,-0.03294681511102333,0.050486670721407695
6.22,FL,0.6565470135736601,late_stance,1.5039971284495939,11.498285398431335,0.024886220150291738,-0.7276605024018046,0.002621538523357438,0.1123138824205305
6.22,FR,0.1565470135736602,early_stance,-0.585296623504892,11.311070380690191,0.2708086519284908,-0.7987473651713493,0.05239471982542649,-0.052366755943685714
6.22,RL,0.1565470135736602,early_stance,-0.498515133929629,9.967423574394253,0.30005090411547525,-0.7170531178762333,0.058990236385430224,-0.04418740608527452
6.22,RR,0.6565470135736601,late_stance,-0.7137443300059453,10.488331974547703,-0.49633625946447507,-0.33691267110561984,-0.04532421383666934,0.03812251671381733
6.24,FL,0.6607136802403267,late_stance,1.5597020266624984,11.631714044523541,0.02107487410014071,-0.7351017248646246,0.0018839850602317462,0.14353176956262487
6.24,FR,0.16071368024032662,early_stance,-0.6424100122912751,11.435428973245031,0.24646117400480952,-0.8099108052689711,0.045928228767417534,-0.02584306138258288
6.24,RL,0.16071368024032662,early_stance,-0.46543205358160017,10.01467493213403,0.3018182551652449,-0.7235167734187944,0.06331709473637732,-0.04929633724117808
6.24,RR,0.6607136802403267,late_stance,-0.7812753059804278,10.496645600366955,-0.5215011571895517,-0.319682861413385,-0.05168647037177797,0.03581466541208641
6.26,FL,0.6648803469069934,late_stance,1.6725841224661302,11.372304175323862,0.05794634090535031,-0.7319035566456349,0.005825799852138729,0.11946141953567316
6.26,FR,0.1648803469069935,early_stance,-0.7072076326549745,11.594556525095912,0.22493091844390836,-0.7997321597356108,0.04143898867407421,-0.04160243704541217
6.26,RL,0.1648803469069935,early_stance,-0.4855837500713636,10.057488649099318,0.2917606429974101,-0.7315770117693462,0.05309372156362213,-0.02393294348441295
6.26,RR,0.6648803469069934,late_stance,-0.9688167190514684,10.240307249885223,-0.5626524216406277,-0.2732558356324118,-0.041270809485655244,0.03566017660195121
6.28,FL,0.66904701357366,late_stance,1.6042719858128764,11.419297580548024,0.021111861594657014,-0.7118249270649166,0.002469735913864268,0.09203293374905526
6.28,FR,0.16904701357365992,early_stance,-0.5941402169103973,11.640572926050414,0.24751980715547736,-0.8125338801104434,0.04764194066662438,-0.06306188324821452
6.28,RL,0.16904701357365992,early_stance,-0.35269087218118605,9.943776490901282,0.3169727909017925,-0.7245657542278627,0.05988068430911389,-0.03765248108551608
6.28,RR,0.66904701357366,late_stance,-0.9445871145522403,10.385627727213466,-0.5567112434992346,-0.2942959623853382,-0.03700388774143501,0.03905855887467391
6.3,FL,0.6732136802403267,late_stance,1.556543045903487,11.424856878054708,0.000424940671029439,-0.7010521109274293,4.579895987789309e-05,0.1110585697832561
6.3,FR,0.1732136802403268,early_stance,-0.6382842140593745,11.761898179985547,0.22907392662700513,-0.8242225939882704,0.042103062045344475,-0.03129201223926144
6.3,RL,0.1732136802403268,early_stance,-0.32225666241160744,10.068198536001942,0.3178260271858224,-0.7355225993960854,0.06669185297546425,-0.05158154790696528
6.3,RR,0.6732136802403267,late_stance,-0.7641194927611586,10.354674989039854,-0.5136809217031242,-0.31480086593828377,-0.04337523175950208,0.039317370327643264
6.32,FL,0.6773803469069933,late_stance,1.4631336564086688,11.487297256470649,-0.03599209922397461,-0.6818310774623076,-0.002738341057878399,0.1445287656468361
6.32,FR,0.17738034690699322,early_stance,-0.661055975309402,11.728894645063605,0.2161736736342111,-0.819398082350279,0.03807216714008573,-0.011130141246960346
6.32,RL,0.17738034690699322,early_stance,-0.37939203383826947,10.07902225963242,0.2972662891896197,-0.740166028437622,0.05647131118533508,-0.02136089954608128
6.32,RR,0.6773803469069933,late_stance,-0.844612471120763,10.13556013140655,-0.5305150016707021,-0.2856869029122079,-0.04806867898531441,0.035235271440367956
6.34,FL,0.68154701357366,late_stance,1.4794375929683439,11.57968505182388,-0.04919143019859211,-0.6766262106343522,-0.004507722184131107,0.11721531813052814
6.34,FR,0.1815470135736601,early_stance,-0.7433025319329399,11.596141183364626,0.18475106205873304,-0.7759096156449906,0.035348385196584994,-0.05226039043785416
6.34,RL,0.1815470135736601,early_stance,-0.23020409538531988,9.826008256556788,0.3241699797321329,-0.7224266527365613,0.06187548044240369,-0.031491882358748516
6.34,RR,0.68154701357366,late_stance,-1.0201746135953966,10.08839342082205,-0.5785111154822542,-0.2528349616819701,-0.04323341470124324,0.03165207378406885
6.36,FL,0.6857136802403266,late_stance,1.4507510742478678,11.561220935715129,-0.0662379618437074,-0.6617228240754399,-0.006529733302475164,0.11293986935176736
6.36,FR,0.18571368024032653,early_stance,-0.6109069736806474,11.830052817813643,0.2146990873308115,-0.8098025636984392,0.04064281602829309,-0.046081589583539515
6.36,RL,0.18571368024032653,early_stance,-0.2292549282071759,9.770254911173012,0.3123377457657061,-0.7034229519227928,0.06915418127584874,-0.06275966318904852
6.36,RR,0.6857136802403266,late_stance,-1.0337061691920841,10.2023799106241,-0.5975157925412962,-0.24798634757979765,-0.053417173098731584,0.0258468597064562
6.38,FL,0.6898803469069933,late_stance,1.4705912679571949,11.60963389988957,-0.07579087404194694,-0.6569082454671429,-0.007110039985747479,0.10626039732925831
6.38,FR,0.1898803469069934,early_stance,-0.6629378747842979,11.943639372083808,0.19222341721850997,-0.8072780017755945,0.035439496764931196,-0.05252771916429051
6.38,RL,0.1898803469069934,early_stance,-0.24797882258380693,9.783464382571085,0.30101219794742967,-0.7157465867777871,0.05596865214650117,-0.029277788597499303
6.38,RR,0.6898803469069933,late_stance,-0.9507392603423633,10.17002941898484,-0.5807431632848226,-0.25559214735080094,-0.03585465268208654,0.034373414144147185
6.4,FL,0.6940470135736599,late_stance,1.4289449424607008,11.823258773478527,-0.11138639585142593,-0.6506363746988797,-0.007541369350991452,0.13549268165823802
6.4,FR,0.19404701357365983,early_stance,-0.6574681295444501,11.906792563556955,0.186567463399733,-0.8113511096053337,0.031915873203999134,-0.024647108691552018
6.4,RL,0.19404701357365983,early_stance,-0.31898806014737663,9.693363448229032,0.2734602984606274,-0.693718133440466,0.0515610740352211,-0.028825075583592433
6.4,RR,0.6940470135736599,late_stance,-0.9960465530115338,10.003631328070329,-0.5883912112205493,-0.23440321947499565,-0.04620888024048714,0.02708033230533334
6.42,FL,0.6982136802403266,late_stance,1.4326670198045695,11.680664728544231,-0.11364213121234439,-0.6348934753415715,-0.009018418701033511,0.11613833691690037
6.42,FR,0.1982136802403267,early_stance,-0.49799282848621335,11.803132992461624,0.2171429119695726,-0.8097146541106661,0.03950194948986321,-0.047679857782391685
6.42,RL,0.1982136802403267,early_stance,0.05118494927392393,9.505069168285683,0.36244782998266467,-0.716147856090496,0.06768603881444565,-0.028400997298885483
6.42,RR,0.6982136802403266,late_stance,-1.0089606473929977,10.302663658068374,-0.621575553455791,-0.23902230176662587,-0.035553800893400905,0.03332172575810086
6.44,FL,0.7023803469069932,swing,1.4339058918991971,11.368089544461805,-0.08310255680142978,-0.6309612715419408,-0.008331286753273793,0.10197674445753235
6.44,FR,0.20238034690699314,early_stance,-0.5550437813451612,12.101871037210762,0.19746917232426645,-0.8290483159426779,0.03559501335712236,-0.03337469602307083
6.44,RL,0.20238034690699314,early_stance,-0.09129894354008596,9.645423476545503,0.31633678796273634,-0.7085762381368743,0.06341854182191124,-0.03477545544059727
6.44,RR,0.7023803469069932,swing,-0.9839023462713523,10.142689984879901,-0.6080855956581216,-0.23069519961772478,-0.035032730914311375,0.03518925322099644
6.46,FL,0.7065470135736599,swing,1.5351280339232818,11.589346239357052,-0.0866570660832081,-0.647199759411577,-0.0074538945220231105,0.1251945144347222
6.46,FR,0.20654701357366,early_stance,-0.5789629008615467,12.104245119700307,0.18394512444047215,-0.8301670364638437,0.03228903694097404,-0.014041118428087791
6.46,RL,0.20654701357366,early_stance,-0.1751989104030709,9.83096967365799,0.2913052970633153,-0.7200930109480802,0.05578301339724334,-0.01886097639775388
6.46,RR,0.7065470135736599,swing,-1.0529431662740494,9.892031841864934,-0.6187053692060361,-0.2023420253270741,-0.048071686071808645,0.026639907287263676
6.48,FL,0.7107136802403266,swing,1.4044540119987663,11.718000789526737,-0.13863031395808248,-0.6201837725612678,-0.011407439399089591,0.1141344512164993
6.48,FR,0.21071368024032644,early_stance,-0.6795054504561013,12.113366964552513,0.16466263414051155,-0.8112187061895386,0.029371408718237426,-0.03204379088925907
6.48,RL,0.21071368024032644,early_stance,-0.20343613247131423,9.555834651947096,0.273370374013761,-0.6848335733542839,0.04988944174615562,-0.01816840266285633
6.48,RR,0.7107136802403266,swing,-1.2259946075496309,9.756811485024267,-0.6621667813974719,-0.1634441414905876,-0.043431729075279396,0.021819243606846995
6.5,FL,0.7148803469069932,swing,1.3651738743884836,11.529803640080065,-0.1453374648170364,-0.600831672810227,-0.012671598827195566,0.10897876876619647
6.5,FR,0.2148803469069933,early_stance,-0.5201622683498303,12.160259910174753,0.19739778306683634,-0.8366752098505462,0.03626798917649457,-0.03127538866121449
6.5,RL,0.2148803469069933,early_stance,0.06520635792530365,9.82936286548863,0.3424039792038911,-0.729152916720068,0.06917423845573371,-0.037647849793742236
6.5,RR,0.7148803469069932,swing,-1.104351364540718,9.699773550909644,-0.6352097015619957,-0.17304978988806827,-0.06287538632057448,0.01540614554138425
6.5200000000000005,FL,0.7190470135736599,swing,1.2680933221481454,11.036152262502672,-0.1457430945840522,-0.5578135996822978,-0.018453632976630996,0.05883803035451384
6.5200000000000005,FR,0.21904701357365974,early_stance,-0.621816453500001,12.756831222750291,0.1696801783023334,-0.8681957865896268,0.03143402220893935,-0.03536724995795047
6.5200000000000005,RL,0.21904701357365974,early_stance,-0.08779576365222204,10.143976782161104,0.29859687529059564,-0.7327776049347303,0.06016018157376845,-0.04415480886936974
6.5200000000000005,RR,0.7190470135736599,swing,-1.1330448327126028,9.41064943854815,-0.6277853103674194,-0.15310962098290526,-0.0738153558695766,0.009171311232136032
6.54,FL,0.7232136802403265,swing,1.2795415714721539,10.919806481769806,-0.14656848826843522,-0.5465586590891285,-0.020496768332368673,0.030108048670035706
6.54,FR,0.22321368024032662,early_stance,-0.648407342265038,13.126663379372633,0.16096599943049528,-0.8911919724680146,0.02772715506457157,-0.03196836433741744
6.54,RL,0.22321368024032662,early_stance,-0.12038102707129969,10.535813837439633,0.29156884138573447,-0.7630796038854031,0.050849696350414586,-0.03432381400154337
6.54,RR,0.7232136802403265,swing,-1.3742246035401853,8.91328886779422,-0.6634655058140613,-0.0895638213534717,-0.0800033870658921,0.0031139734136724157
6.5600000000000005,FL,0.7273803469069932,swing,1.219491166027269,10.126599573406574,-0.10980734165013731,-0.47164712262713365,-0.018233985312076047,-0.005114053058963199
6.5600000000000005,FR,0.22738034690699305,early_stance,-0.6776811542980128,13.704362573242275,0.1522485532040422,-0.9252314076268138,0.02574552281259481,-0.040104311480163524
6.5600000000000005,RL,0.22738034690699305,early_stance,0.016155545465760125,11.191353869316126,0.332857169105488,-0.8201891256142937,0.058163792585967766,-0.05752265609493227
6.5600000000000005,RR,0.7273803469069932,swing,-1.5966815110395625,8.205813973703531,-0.676126965409259,0.01798722553955103,-0.10665429125213659,0.0007439444346436907
6.58,FL,0.7315470135736598,swing,0.949117095874462,9.80429313087221,-0.1700627001692071,-0.4008969759203341,-0.034753915919056015,-0.050441107787473294
6.58,FR,0.23154701357365992,early_stance,-0.7780272966139148,14.449317721831589,0.12608572362740258,-0.9614465241022409,0.02227543475996764,-0.08749466109714937
6.58,RL,0.23154701357365992,early_stance,-0.03090800161534798,11.827860052353703,0.3240772340167516,-0.8602757593252949,0.05129502515079664,-0.08232141562898761
6.58,RR,0.7315470135736598,swing,-1.5948837357659147,7.7514346738950435,-0.6544177581277743,0.04130337911093529,-0.14153092715334564,0.006844048639021017
6.6000000000000005,FL,0.7357136802403265,swing,0.8588980061664119,8.915647319164764,-0.13304872275532154,-0.3535182304184312,-0.03090362743910161,-0.08465513402131383
6.6000000000000005,FR,0.23571368024032635,early_stance,-0.7717456948977441,15.342715994820685,0.13165064771926283,-1.0310111219203548,0.020238079938042348,-0.09584847969896655
6.6000000000000005,RL,0.23571368024032635,early_stance,0.17411184256280893,12.55468652217492,0.40015672115203454,-0.9575195932444408,0.05242963339800995,-0.11034245602700506
6.6000000000000005,RR,0.7357136802403265,swing,-1.7819537674266017,7.3619168399319115,-0.6831626559629513,0.089787022484351,-0.16249005443763767,0.02166046797336233
6.62,FL,0.7398803469069931,swing,0.7535182263180213,7.837302774716529,-0.08700146816732546,-0.2990979816588537,-0.02426046802675608,-0.11050137790636456
6.62,FR,0.23988034690699322,early_stance,-0.7374158210464381,16.354282362047652,0.14637018158069212,-1.1144442909612255,0.01994229259417402,-0.11870589736132524
6.62,RL,0.23988034690699322,early_stance,0.41939728822453426,13.584543653876219,0.46160905733677504,-1.058433582636916,0.058551538729734155,-0.17401647974537493
6.62,RR,0.7398803469069931,swing,-2.1521540099157086,6.668256769886387,-0.7319421667713225,0.17818585193429892,-0.19442085550178587,0.05951398800232423
6.640000000000001,FL,0.7440470135736598,swing,0.6578437679257702,6.849031778235088,-0.04488286244221604,-0.2519956476368106,-0.0133231784600769,-0.11720761453496858
6.640000000000001,FR,0.24404701357365965,early_stance,-0.6200967653325844,17.240122732348183,0.1821964601971359,-1.2004078907921192,0.02019158217490216,-0.13155702913608347
6.640000000000001,RL,0.24404701357365965,early_stance,0.531368276874378,15.034609692580743,0.5113098757202069,-1.193714124542365,0.046479051393885376,-0.2014657186885385
6.640000000000001,RR,0.7440470135736598,swing,-2.272115132768045,5.7540207608979,-0.7004536183581036,0.2327170034645738,-0.21225345907430868,0.1039356295789531
6.66,FL,0.7482136802403264,swing,0.40072089034442354,5.552866109927235,-0.018113437378727226,-0.16895246200715097,-0.005793821157197719,-0.0963484958370975
6.66,FR,0.24821368024032653,early_stance,-0.3176277323582036,18.042340681392375,0.2687228997554396,-1.306441802938911,0.028099108545741092,-0.17165314294631984
6.66,RL,0.24821368024032653,early_stance,0.7145624357739186,16.6001081807972,0.5766080165988863,-1.3499306532649855,0.03655780353942232,-0.2559482466595495
6.66,RR,0.7482136802403264,swing,-2.400853769236248,4.791877958522582,-0.6689546245031721,0.2915349745421337,-0.24177167454392073,0.16844332768599404
6.68,FL,0.7523803469069931,swing,0.0978928879297419,3.917790263274345,0.024344947379415283,-0.06381687237263411,0.00887262006422074,-0.04711692840195145
6.68,FR,0.25238034690699296,early_stance,-0.20958423679156285,19.218682064900445,0.3087064075687151,-1.4172970101495355,0.02825051412337439,-0.26801794717533617
6.68,RL,0.25238034690699296,early_stance,1.085125660849243,17.915691695680422,0.6780660538758966,-1.5174765724306463,0.014488153943567228,-0.3180557885672271
6.68,RR,0.7523803469069931,swing,-2.839212777237616,3.763179685342025,-0.7187823150906607,0.3985100941913139,-0.25240974360524576,0.2661186131589836
6.7,FL,0.7565470135736597,swing,-0.034673979893428325,2.625435828039403,0.06665832847138703,6.23726482507081e-05,0.024625020470275504,5.0370006824432255e-05
6.7,FR,0.25654701357365983,early_stance,0.12788321808572395,19.976473848975353,0.4006416553757812,-1.5306417830341124,0.018842439554190925,-0.250374950324287
6.7,RL,0.25654701357365983,early_stance,1.3314330103888845,19.018014256416073,0.8114081983927367,-1.6491251219238205,0.028820419824867348,-0.47673660418138897
6.7,RR,0.7565470135736597,swing,-2.689178581398993,2.749600513011866,-0.6305298134235997,0.40385406927561374,-0.1973579228822781,0.3012730426307189
6.72,FL,0.7607136802403264,swing,-0.24090567732235474,1.0885443634561331,0.1109269430645351,0.08369445389020358,0.03927725235315679,0.07013267639223623
6.72,FR,0.26071368024032626,early_stance,0.4131066586493735,20.250165474609474,0.46039461782883717,-1.6038184577400292,0.004622541842331914,-0.19894232698950778
6.72,RL,0.26071368024032626,early_stance,1.546511169529182,20.90851789448906,0.904508325915328,-1.8510685691806354,0.01755581985589751,-0.5108423020407515
6.72,RR,0.7607136802403264,swing,0.0,0.0,-0.4852087331955821,0.31364604392553985,-0.11856448374010627,0.32552184121728245
6.74,FL,0.764880346906993,swing,0.0,0.0,0.19819841652769488,0.10006369244938251,0.06702954688121852,0.09794445422986593
6.74,FR,0.26488034690699314,early_stance,0.7469079097851576,19.106967663826488,0.5734538677550307,-1.5780402421592414,0.03083637823994046,-0.04838397212496461
6.74,RL,0.26488034690699314,early_stance,1.2292151911063067,24.20492804698424,0.8970254811794176,-2.1012511729521433,0.09218427979296218,-0.6554283879665433
6.74,RR,0.764880346906993,swing,0.0,0.0,0.20034558363342408,0.07265084199417726,-0.03966861698585077,0.08449671905342618
6.76,FL,0.7690470135736597,swing,0.0,0.0,0.2770979415569477,0.08157612262923686,0.08620776412877304,0.08818244917969005
6.76,FR,0.26904701357365957,early_stance,0.7350818241611891,19.165725698552716,0.5718635460254022,-1.592152179044039,0.05946326166747627,-0.03050001380984742
6.76,RL,0.26904701357365957,early_stance,1.3733133646645816,25.3710216341449,0.9756680701848153,-2.2365920227574185,0.09997531346979922,-0.5097119928378124
6.76,RR,0.7690470135736597,swing,0.0,0.0,0.11748203928239798,0.11141492395061747,0.019182560127054524,0.12315842240022158
6.78,FL,0.7732136802403263,swing,0.0,0.0,0.3043231945050211,0.07595016702656365,0.1181864024871019,0.08363968550992827
6.78,FR,0.27321368024032644,early_stance,0.6660316452283925,18.955577958162152,0.5491005849633399,-1.5775258501889686,0.08244573739285203,0.01421047552532666
6.78,RL,0.27321368024032644,early_stance,1.2994340785410314,26.23633194893762,0.9831685430690708,-2.3173901603504348,0.11427255279540292,-0.33010971436803005
6.78,RR,0.7732136802403263,swing,0.0,0.0,0.28585664131750826,0.07333662409142783,0.05196835158695993,0.08013865923440958
6.8,FL,0.777380346906993,swing,0.0,0.0,0.2523236975398709,0.08973846561712373,0.09498830676464644,0.1022649668979758
6.8,FR,0.27738034690699287,early_stance,0.5227686054038568,18.76265194530531,0.5093553535147372,-1.5439154528111605,0.09264647663346119,0.056091726591206655
6.8,RL,0.27738034690699287,early_stance,1.467083860518277,26.05858233510638,1.036024662370882,-2.3482912860015883,0.13940871694571316,-0.1741380779357392
6.8,RR,0.777380346906993,swing,0.0,0.0,0.27787903045655676,0.07909597036576932,0.08649228145622659,0.08670845282247648
6.82,FL,0.7815470135736596,swing,0.0,0.0,0.27286600130676847,0.0859872710312859,0.11439595354078701,0.10795765042707288
6.82,FR,0.28154701357365974,early_stance,0.5141433913163177,18.621924300392433,0.502389685413379,-1.5268014847645583,0.10757849934827697,0.04710501908421071
6.82,RL,0.28154701357365974,early_stance,1.5693775538790706,25.750274508811632,1.0568751154798504,-2.359074166367845,0.1780882793512465,-0.06596848436085863
6.82,RR,0.7815470135736596,swing,0.0,0.0,0.24069683228296646,0.09098217301860512,0.06895365605215753,0.10368972946976036
6.84,FL,0.7857136802403263,swing,0.0,0.0,0.25428863009054503,0.0907628655775099,0.09214674444097652,0.10831818257053638
6.84,FR,0.2857136802403262,early_stance,0.08566760046340054,18.882948270861824,0.3850201231905439,-1.4855651370602005,0.08726802662331165,0.07968256902100067
6.84,RL,0.2857136802403262,early_stance,1.3817700720411925,25.180695022190243,0.9934001261892003,-2.29370361739942,0.2065887460746193,0.019938570243906294
6.84,RR,0.7857136802403263,swing,0.0,0.0,0.2674281828124512,0.0819703307340598,0.07589198155546337,0.0914539528752357
6.86,FL,0.7898803469069929,swing,0.0,0.0,0.2584326576594728,0.09068549518167734,0.07183224817645033,0.11025084206687943
6.86,FR,0.28988034690699305,early_stance,-0.18487116324600034,18.995351547510463,0.31001462192138834,-1.4411618866092086,0.07594369065686599,0.021927541133268027
6.86,RL,0.28988034690699305,early_stance,1.3466801510637072,24.64014146923377,0.9660408440188678,-2.2417732319851678,0.18726733651419164,0.23327891556162778
6.86,RR,0.7898803469069929,swing,0.0,0.0,0.26215895233528747,0.08202673764813584,0.06790983342559956,0.09013426087031293
6.88,FL,0.7940470135736596,swing,0.0,0.0,0.280119329343375,0.08638491210315968,0.07915860296475508,0.10959504759718423
6.88,FR,0.2940470135736595,early_stance,-0.4759266098561082,19.410936588672953,0.22590129490708263,-1.4328452496725828,0.05807778945587268,0.026960340371625157
6.88,RL,0.2940470135736595,early_stance,1.01966094623535,24.051494278434,0.8665170757714726,-2.144455498579255,0.2166112894946847,0.18865754223119
6.88,RR,0.7940470135736596,swing,0.0,0.0,0.2579675530423882,0.08358555280171154,0.06387421436598209,0.09100313844183561
6.9,FL,0.7982136802403262,swing,0.0,0.0,0.2716944998752581,0.09019559055207349,0.05707138896899722,0.11152313577037529
6.9,FR,0.29821368024032635,early_stance,-0.5433996480878964,19.57666636684833,0.20324782316609702,-1.427742013972044,0.05278603905606483,0.019598787134940513
6.9,RL,0.29821368024032635,early_stance,0.9185044363054194,23.548623860167396,0.8175699337374218,-2.079408486371551,0.226582726711645,0.20711839534708312
6.9,RR,0.7982136802403262,swing,0.0,0.0,0.25063238230688856,0.0839092617924595,0.03921104038907776,0.09139543276676672
6.92,FL,0.8023803469069929,swing,0.0,0.0,0.29592228212111404,0.08385418785152843,0.04790025050095735,0.09913693268789378
6.92,FR,0.3023803469069928,early_stance,-0.9959150584711415,20.047652511710442,0.07942939374625849,-1.4084872873802388,0.01997657041111711,0.03805472400178422
6.92,RL,0.3023803469069928,early_stance,0.6009519847575278,23.098580258128393,0.7112560141488316,-1.9895075070156178,0.2036997615207777,0.2585952033046796
6.92,RR,0.8023803469069929,swing,0.0,0.0,0.24936070707744717,0.07849132756972799,0.019457852849605668,0.0822722754938806
6.94,FL,0.8065470135736595,swing,0.0,0.0,0.28171107800727857,0.08015753411839888,0.024316588363076683,0.08953275904522329
6.94,FR,0.30654701357365965,early_stance,-1.1393140326574007,20.114425585118262,0.04152040531051715,-1.392633963540787,0.009314547960184673,0.10245426641982999
6.94,RL,0.30654701357365965,early_stance,0.2750219889585128,22.772662248893262,0.6044075703485019,-1.908569169301252,0.17885831940959981,0.2408211463611752
6.94,RR,0.8065470135736595,swing,0.0,0.0,0.2617794676495937,0.07540823920099216,0.012044095944650121,0.07429082749042508
6.96,FL,0.8107136802403262,swing,0.0,0.0,0.2788691269302946,0.0791590210477342,0.01569202607530118,0.08969946844986652
6.96,FR,0.3107136802403261,early_stance,-1.3508438636190343,20.49366656400619,-0.01894141135341401,-1.3883545600947562,-0.0044153020279388425,0.05188081620756169
6.96,RL,0.3107136802403261,early_stance,-0.009221809270157422,22.172036316445613,0.5195393822127905,-1.818875709981962,0.14646366793964874,0.24718741673081893
6.96,RR,0.8107136802403262,swing,0.0,0.0,0.24290464128272038,0.07322949363429221,0.004001475810635766,0.07056154469405318
6.98,FL,0.8148803469069928,swing,0.0,0.0,0.27214213014792,0.08063944488813668,-0.011104632579072947,0.08497382435123998
6.98,FR,0.31488034690699296,early_stance,-1.5539067432261906,20.72243885321667,-0.06953364592145841,-1.3737240187513127,-0.01610896957643432,0.038959023053845014
6.98,RL,0.31488034690699296,early_stance,-0.07787974870939782,21.560069510292557,0.48305823436186585,-1.750228259967428,0.13734607048781003,0.2057803438674857
6.98,RR,0.8148803469069928,swing,0.0,0.0,0.22914236869570576,0.07200263742128443,-0.008835440856446466,0.05969073730701245
7.0,FL,0.8190470135736595,swing,0.0,0.0,0.2881901771280412,0.07801766147268907,-0.02775117323074418,0.07998663936940845
7.0,FR,0.3190470135736594,early_stance,-1.8571520586696402,21.09551535838613,-0.14294142168254403,-1.3696534109312062,-0.02881282357683708,0.08443729145940682
7.0,RL,0.3190470135736594,early_stance,-0.3080545123793138,21.161223096374197,0.4086871348312455,-1.6806970045153629,0.10792186900001714,0.19984351349995666
7.0,RR,0.8190470135736595,swing,0.0,0.0,0.2172240779973374,0.07636886753691674,-0.025459732203220113,0.062444134378078116
7.0200000000000005,FL,0.8232136802403262,swing,0.0,0.0,0.21888133481179825,0.0827339918912734,-0.03777440415839733,0.07999662694260105
7.0200000000000005,FR,0.32321368024032626,early_stance,-2.0156051633975602,21.495680888158326,-0.16237741278107176,-1.3638977488532447,-0.029949315258761308,0.03446184522772479
7.0200000000000005,RL,0.32321368024032626,early_stance,-0.33327770319612127,19.60311941464096,0.372313975948023,-1.545517972736057,0.07794458147237891,0.22261910570293905
7.0200000000000005,RR,0.8232136802403262,swing,-2.365153360109459,5.100665179333377,-0.04193509325245025,-0.0069442531955828946,-0.00259868525583257,-0.005526566423040219
7.04,FL,0.8273803469069928,swing,0.0,0.0,0.2821079953405742,0.0633393748140737,-0.09565619058522773,0.056081798048099686
7.04,FR,0.3273803469069927,early_stance,-1.5783201153797446,22.277542764855173,-0.06383037291699616,-1.469662259410665,-0.0016318419853527278,-0.0419789902090109
7.04,RL,0.3273803469069927,early_stance,0.7712927664093266,15.082495432088914,0.5889851999442856,-1.3041257134734985,0.026823461355640243,0.32951904062317805
7.04,RR,0.8273803469069928,swing,-3.3226178250211698,7.796632399347221,-0.6735471815937244,-0.0038755316892348235,-0.23446086793506532,-0.0029099713583178788
7.0600000000000005,FL,0.8315470135736595,swing,0.0,0.0,0.26005117042628145,0.06897154405280548,-0.10808765870913059,0.054866439497912346
7.0600000000000005,FR,0.33154701357365957,early_stance,-0.9528666349265247,22.238684787444374,0.12319824790162419,-1.558617658425128,-0.013318839423014848,-0.13088421797172903
7.0600000000000005,RL,0.33154701357365957,early_stance,1.375897176991091,12.714015498320599,0.6993054586368058,-1.184213174316,0.008763913928079348,0.24748964972136184
7.0600000000000005,RR,0.8315470135736595,swing,-4.248303703524671,8.61197757320814,-1.005789238286182,0.04034034987597701,-0.12335839569482845,0.024518523418633323
7.08,FL,0.8357136802403261,swing,0.0,0.0,0.23570347984547318,0.0768641011104243,-0.12625811919105254,0.052404695045932065
7.08,FR,0.335713680240326,early_stance,0.3537527370299203,21.764113087721707,0.4621046014697655,-1.6819965402835573,-0.08932272762738615,-0.1527265069495807
7.08,RL,0.335713680240326,early_stance,1.6450484557426859,11.422178596070104,0.767046743834357,-1.116277687012584,0.02958416233000917,0.10959748910533153
7.08,RR,0.8357136802403261,swing,-4.854708896244644,9.546732565449416,-1.1799456457888828,0.033051760656203966,0.039459612101747206,0.0186776514549159
7.1000000000000005,FL,0.8398803469069928,swing,0.0,0.0,0.26429738213480813,0.06898032737750781,-0.16086682854374781,0.042068847007242734
7.1000000000000005,FR,0.33988034690699287,early_stance,1.1553435025415528,21.38303492224655,0.6968557218456328,-1.7743919843189464,-0.16584192611813775,-0.18726537852921196
7.1000000000000005,RL,0.33988034690699287,early_stance,2.4058879749630333,10.539816249802312,0.9546835148909624,-1.125746764614523,0.03848364166068185,0.03401780427614508
7.1000000000000005,RR,0.8398803469069928,swing,-5.684351486449745,10.88164663637448,-1.3911541056897754,0.006718243454769568,0.2283006180920483,0.0034216215259564218
7.12,FL,0.8440470135736594,swing,0.0,0.0,0.25673224465204114,0.07037575972953453,-0.16946209334151965,0.03796559553226861
7.12,FR,0.3440470135736593,early_stance,2.120870723576901,20.936347094128827,0.9740363812420445,-1.8753877409358282,-0.2812793813568119,-0.15000113375213875
7.12,RL,0.3440470135736593,early_stance,2.967221047856454,9.741097185688696,1.0645711636881035,-1.1358145102034845,0.009335799078517079,0.010281982743941286
7.12,RR,0.8440470135736594,swing,-6.5714181679356765,12.236655749997707,-1.5992313949799364,-0.025122726648209914,0.49710331659283846,-0.01010507860623648
7.140000000000001,FL,0.8482136802403261,swing,0.0,0.0,0.2255463841314992,0.07800886835863097,-0.17039516954726994,0.03377237269397691
7.140000000000001,FR,0.3482136802403262,early_stance,3.067180537759879,20.28011608451015,1.2382037027316262,-1.9517110679800793,-0.36491551780634857,-0.18343759279305313
7.140000000000001,RL,0.3482136802403262,early_stance,3.6167908732826044,9.120074714402284,1.205248211200451,-1.1569462959215768,-0.02832242005415669,-0.018424554438499146
7.140000000000001,RR,0.8482136802403261,swing,-7.116920339601248,13.241370964408999,-1.7075382205424472,-0.08025374702849819,0.6765860666193724,-0.027765001066005587
7.16,FL,0.8523803469069927,swing,0.0,0.0,0.20662775441651893,0.08122519327662003,-0.18465245578864783,0.02914637356559962
7.16,FR,0.3523803469069926,late_stance,3.9976739633534173,19.843312277371954,1.5099726173448986,-2.0508763261406795,-0.45950888156120145,-0.15481628500855077
7.16,RL,0.3523803469069926,late_stance,4.274114779839206,8.065659575275355,1.3610618662161558,-1.1528302549068903,-0.06535222070666903,-0.061403755118984195
7.16,RR,0.8523803469069927,swing,-8.003631079314069,14.856039029835072,-1.907025684026957,-0.14149776988350063,0.9447692596877051,-0.033011498092285846
7.18,FL,0.8565470135736594,swing,0.0,0.0,0.24328226401076924,0.07362955982909059,-0.22330141473465467,0.017102991585924744
7.18,FR,0.3565470135736595,late_stance,4.9552440538676255,19.545073067651465,1.775815524777223,-2.167934179071414,-0.5334884234216962,-0.07236247853717932
7.18,RL,0.3565470135736595,late_stance,5.064573352642936,7.713560805222825,1.5615382393465393,-1.2303274993130606,-0.06582655245777835,-0.12033162181942335
7.18,RR,0.8565470135736594,swing,-8.825298315847938,15.977035630208539,-2.067431882382671,-0.1784187169298977,1.1500488729972718,-0.023864615754986704
7.2,FL,0.860713680240326,swing,0.0,0.0,0.2015942009470193,0.0803248082948411,-0.19555799505279428,0.008724724079842525
7.2,FR,0.3607136802403259,late_stance,5.976820708279162,18.767008602751694,2.0463530460283073,-2.2238981490955396,-0.5229960378420151,-0.14404058404762948
7.2,RL,0.3607136802403259,late_stance,5.735194495066163,7.31825967687386,1.7239439902877813,-1.2879765410791477,-0.1028369894640059,-0.12182350749949733
7.2,RR,0.860713680240326,swing,-9.442267754579026,17.3268012033313,-2.1818570353285907,-0.28643000336595265,1.3708372314389672,-0.0019650839677987303
7.22,FL,0.8648803469069927,swing,0.0,0.0,0.17503251634404238,0.07406027329891665,-0.19291515706454768,0.0033533360351477013
7.22,FR,0.3648803469069928,late_stance,6.87933689084667,18.46783584785869,2.2877851934208104,-2.319249945558276,-0.49051974622646766,-0.13430620073721805
7.22,RL,0.3648803469069928,late_stance,6.243501813702821,7.283901468541736,1.8763149921314022,-1.356007436157901,-0.0980610749992118,-0.14620246930023462
7.22,RR,0.8648803469069927,swing,-10.44185752403854,17.46148056840521,-2.365147270606899,-0.23446716640837145,1.605345328156318,0.02758299976965787
7.24,FL,0.8690470135736593,swing,0.0,0.0,0.2144008270397294,0.05222287400453969,-0.24278153046446638,-0.0035570750949640577
7.24,FR,0.3690470135736592,late_stance,7.523998222785816,18.30190203179259,2.4621538002423944,-2.394225385914533,-0.4593081634715473,-0.1005813589409899
7.24,RL,0.3690470135736592,late_stance,6.757452497366671,7.373836742884564,2.010150281105942,-1.433421393301271,-0.07631061275409215,-0.16549822845254933
7.24,RR,0.8690470135736593,swing,-11.307052525985553,17.775846177456195,-2.546582797821434,-0.17530905141293926,1.926104104033109,0.04908438449481041
7.26,FL,0.873213680240326,swing,0.0,0.0,0.19079609339357984,0.03812553171327149,-0.22922842909703706,-0.010459212845599372
7.26,FR,0.3732136802403261,late_stance,8.096014766987809,17.911620490706138,2.6049945451453125,-2.4365115589022355,-0.38256890174807,-0.12635272907311376
7.26,RL,0.3732136802403261,late_stance,7.383585648130324,7.449739297928725,2.1667263444413156,-1.5255451947098313,-0.010905334131289796,-0.1995912833432544
7.26,RR,0.873213680240326,swing,-11.749920975026173,17.726902041740956,-2.618639394076038,-0.14887794352724215,2.170373007782464,0.0669686163316418
7.28,FL,0.8773803469069926,swing,0.0,0.0,0.191490514609718,0.038949544807620806,-0.22628343950813773,-0.012643407420067055
7.28,FR,0.3773803469069925,late_stance,8.725244759330351,17.57512673952402,2.7632188321361846,-2.4913014574950583,-0.26015844614238753,-0.15073260197585198
7.28,RL,0.3773803469069925,late_stance,7.713320523401159,7.849572323398719,2.2486725686243885,-1.6072957143124458,0.054134599959474346,-0.20450578597488545
7.28,RR,0.8773803469069926,swing,-12.495730765445522,16.9468424193574,-2.768732360840983,-0.0037438317683207156,2.430085195537618,0.002276988970606706
7.3,FL,0.8815470135736593,swing,0.0,0.0,0.1616599053758786,0.042782999602573424,-0.20255806451239036,-0.018883980041688633
7.3,FR,0.3815470135736594,late_stance,8.762332335074559,17.45102259511474,2.8058429146584887,-2.4867185744651374,-0.06941350869339218,-0.3164569721994199
7.3,RL,0.3815470135736594,late_stance,7.9424673333256415,8.161905833926399,2.3080425303373158,-1.6621167153160097,0.1326595902768465,-0.2555408711276763
7.3,RR,0.8815470135736593,swing,-13.123998942619888,16.059299267783786,-2.904037034045453,0.14611201647885574,2.650746374577217,-0.10580732153049757
7.32,FL,0.8857136802403259,swing,0.0,0.0,0.18721895383956033,0.0332161205292103,-0.23605588176417655,-0.018823166338562115
7.32,FR,0.3857136802403258,late_stance,8.846628732359179,17.304473276891994,2.813550093417593,-2.48007969656998,0.10363756810534146,-0.49873935629042176
7.32,RL,0.3857136802403258,late_stance,8.372273221817187,8.899052130439943,2.4443196537713177,-1.785404177936446,0.1419796194408493,-0.2446837473635607
7.32,RR,0.8857136802403259,swing,-13.707848640005254,15.406421446326675,-3.051901787925114,0.2828849672480269,2.9394847195981906,-0.24186069544436756
7.34,FL,0.8898803469069926,swing,0.0,0.0,0.158041778534882,0.03797086401182698,-0.20119337023779996,-0.02305895630758792
7.34,FR,0.3898803469069927,late_stance,9.106895053901301,16.845300834960977,2.8673468020034423,-2.474188767054565,0.34693059482669064,-0.7862161517860017
7.34,RL,0.3898803469069927,late_stance,8.520129331456973,9.819149853640734,2.5057359837239748,-1.8843720353707063,0.19293947100452322,-0.29939162372646955
7.34,RR,0.8898803469069926,swing,-14.186625770578173,14.303246864339236,-3.1858423136479654,0.4687163023554577,3.1377754740959585,-0.4338865318427037
7.36,FL,0.8940470135736592,swing,0.0,0.0,0.1954079814760421,0.022625276499621982,-0.24854799218824944,-0.018267166172869807
7.36,FR,0.3940470135736591,late_stance,8.763224477143632,17.307067321372127,2.764901715069102,-2.471937101831802,0.5019660268110817,-1.027931596985552
7.36,RL,0.3940470135736591,late_stance,8.747548434098352,10.67826103331972,2.574027129649912,-1.9840759059019077,0.197155791688071,-0.32577922035774615
7.36,RR,0.8940470135736592,swing,-14.516549792635956,14.60317039918762,-3.294851628523302,0.5119934468128606,3.3783622689220967,-0.4634337741045694
7.38,FL,0.8982136802403259,swing,0.0,0.0,0.147890659938806,0.033912965512008064,-0.19349284583571003,-0.029724005391510062
7.38,FR,0.398213680240326,late_stance,8.66276921142664,17.452845892504115,2.7165398514750594,-2.4711880412093867,0.5796466221372533,-1.1615702719311332
7.38,RL,0.398213680240326,late_stance,9.10135271475574,11.489520374898166,2.662869581852951,-2.0975952515305414,0.15345058167829292,-0.2730234553006681
7.38,RR,0.8982136802403259,swing,-14.284073554017295,14.350250376358114,-3.279907245575835,0.5371148989255023,3.590108342066802,-0.45529108748048014
7.4,FL,0.9023803469069925,swing,0.0,0.0,0.16661643188317665,0.02930396711101735,-0.21034545813088254,-0.02586005868602545
7.4,FR,0.4023803469069924,late_stance,8.508971788800585,17.62355936178759,2.6425465910391877,-2.471305084634677,0.649509360302408,-1.1965957219996126
7.4,RL,0.4023803469069924,late_stance,9.42304710639459,12.293667791634311,2.7299870097185788,-2.19879323326698,0.19347508715940212,-0.23394318267078468
7.4,RR,0.9023803469069925,swing,-13.870344251645284,13.931134791617357,-3.2229303478533304,0.5498630586205016,3.8691133094320755,-0.49833485841097047
7.42,FL,0.9065470135736592,swing,0.0,0.0,0.14584743775478204,0.03508908751341744,-0.17726978271823982,-0.03272655720298624
7.42,FR,0.4065470135736593,late_stance,8.381427099018863,17.753872849200025,2.5706504756262487,-2.4743301523478345,0.6658808682786005,-0.9976103742340672
7.42,RL,0.4065470135736593,late_stance,9.508832816551898,13.075042021599513,2.73615825485023,-2.2673278367370937,0.3586265801884877,-0.26713157093422085
7.42,RR,0.9065470135736592,swing,-12.616686892134355,12.669104730973432,-3.070000401652116,0.5471881327503139,4.100630145718175,-0.5199292611655084
7.44,FL,0.9107136802403258,swing,0.0,0.0,0.04329807661912022,0.11743773184092876,-0.04791806125003817,-0.1305853205874802
7.44,FR,0.41071368024032573,late_stance,7.556315005294686,18.939912048278508,2.2647404826246635,-2.5266382134097203,1.138647654352825,-0.019360319719452075
7.44,RL,0.41071368024032573,late_stance,7.18501106490332,20.4125509521212,2.174714989982624,-2.5266382134097203,1.4818968645622277,-1.3660528859522472
7.44,RR,0.9107136802403258,swing,0.0,0.0,-0.5539119536764425,0.12753238076857842,1.9118799471937058,-0.05781246931355583
7.46,FL,0.9148803469069925,swing,0.0,0.0,0.03872990047112501,0.0954886533700503,-0.04367586091752471,-0.10721947145138237
7.46,FR,0.4148803469069926,late_stance,5.245891556193162,18.57383495944693,1.6578955788775147,-2.2185103351341966,1.350428290520947,1.2519668138270892
7.46,RL,0.4148803469069926,late_stance,3.5173841481330554,27.24990110547901,1.2077091687406691,-2.5635936991753843,1.4059400436892873,-1.9334177957764958
7.46,RR,0.9148803469069925,swing,0.0,0.0,0.27795059436079006,-0.03929911580567069,-0.7266284422797185,0.025255583170632753
7.48,FL,0.9190470135736591,swing,0.0,0.0,0.21040590652126367,-0.013156230748748277,-0.27357168159411416,0.01464552574865519
7.48,FR,0.41904701357365903,late_stance,4.574927102846686,18.943588525385678,1.4890462547711634,-2.1491298817020734,0.813222717876694,1.3783778469794168
7.48,RL,0.41904701357365903,late_stance,4.587203205221994,22.282788212762604,1.4044320594225943,-2.348063087312282,0.46409959651140786,0.7798541621533267
7.48,RR,0.9190470135736591,swing,-9.183480469021163,9.227853424821351,-1.4874291683401268,0.19560070221872927,0.5017674503421684,-0.2163674260905672
7.5,FL,0.9232136802403258,swing,0.0,0.0,0.1674628150278359,-0.003083191445657718,-0.18377887195671014,0.0035163315418859594
7.5,FR,0.4232136802403259,late_stance,5.014649638352137,19.011680740355683,1.5166163942309403,-2.160103998104326,0.5223410607308576,1.3114330791997406
7.5,RL,0.4232136802403259,late_stance,5.876928265136534,18.033035335868874,1.6614402185920256,-2.1675845551101447,0.153104016653351,1.2872684233217149
7.5,RR,0.9232136802403258,swing,-8.792312363503695,8.964125623112217,-1.8861595148833286,0.3019874560826451,0.7779008684381697,-0.3289465467185137
7.5200000000000005,FL,0.9273803469069924,swing,0.0,0.0,0.07847178612164907,0.04091005461817787,-0.07327832428628968,-0.048212426570284836
7.5200000000000005,FR,0.42738034690699234,late_stance,5.399976973961169,18.98397596616775,1.504314033566824,-2.154354796333701,0.39234079842545905,1.3620133321474686
7.5200000000000005,RL,0.42738034690699234,late_stance,5.703552887554964,17.28102080584529,1.582209604880163,-2.052940010800709,0.346050242850055,1.0277596471103163
7.5200000000000005,RR,0.9273803469069924,swing,0.0,0.0,-1.4117748767486171,0.39628666279196656,1.9607432391629411,-0.42318922036770473
7.54,FL,0.9315470135736591,swing,0.0,0.0,-0.023844271797780037,0.06468965764109835,0.021097422779265476,-0.07484526090280919
7.54,FR,0.4315470135736592,late_stance,4.01399700358006,16.92545979679961,1.069861386801038,-1.7499701214102115,0.5895551820754003,1.2114289816806902
7.54,RL,0.4315470135736592,late_stance,3.9995858404704583,22.63948693844337,0.9604761371552445,-2.120365049959724,0.6210138450426568,0.4725641779437536
7.54,RR,0.9315470135736591,swing,0.0,0.0,0.10064612673669093,-0.00847582149868975,-0.20684458639383269,0.005615655732534005
7.5600000000000005,FL,0.9357136802403258,swing,0.0,0.0,0.031856449805043874,0.036740672466740065,-0.031153754293752018,-0.04074882178429403
7.5600000000000005,FR,0.43571368024032564,late_stance,2.1448379883269095,17.931971548114294,0.5108277744317264,-1.5058502479292708,0.40475308413831984,0.7208230541189293
7.5600000000000005,RL,0.43571368024032564,late_stance,2.593531969895089,23.202000195353527,0.5209913593217855,-1.9132332949166688,0.3561207673405184,0.5825743226581269
7.5600000000000005,RR,0.9357136802403258,swing,0.0,0.0,0.2324658405971125,-0.019421117566886692,-0.3285688072299337,0.014905431011217454
7.58,FL,0.9398803469069924,swing,0.0,0.0,0.09637073685024522,0.009724301722484174,-0.08415070565590388,-0.010658681650188198
7.58,FR,0.4398803469069925,late_stance,0.7443108711006488,19.62884203685419,0.01425691685064523,-1.3368426477229245,0.01255103851453968,0.45231607241238875
7.58,RL,0.4398803469069925,late_stance,1.7648244992974416,22.153343168267664,0.20364708660586062,-1.6418041262413234,0.13208095250747046,0.6328403813850363
7.58,RR,0.9398803469069924,swing,0.0,0.0,0.1955835323166929,0.005255539012703814,-0.17477481582760246,-0.004413902892345657
7.6000000000000005,FL,0.944047013573659,swing,-11.114628118767223,23.35611749579464,-1.064567359191273,-0.9663097520609136,-0.3812196013706939,0.140482439855879
7.6000000000000005,FR,0.44404701357365894,late_stance,-0.652659893562748,15.397680257508863,-0.301339673880594,-0.8093908294207954,-0.20229670617035028,0.5516009564025293
7.6000000000000005,RL,0.44404701357365894,late_stance,0.7606904688841598,19.71996222688562,-0.09451198434513641,-1.2784382152936498,-0.05335336518541701,0.8078753521418844
7.6000000000000005,RR,0.944047013573659,swing,0.0,0.0,0.13145383988943948,0.02528284145521853,-0.08883570394554045,-0.019611140761347925
7.62,FL,0.9482136802403257,swing,-13.173979966235061,24.947453827449884,-1.8891165121520612,-0.8772470281781339,-0.5670588088094477,0.6762786735900108
7.62,FR,0.4482136802403258,late_stance,-1.968508316870396,6.494924224619735,-0.37413510544345246,-0.08020138273901278,-0.15247278200275402,0.0647887638417117
7.62,RL,0.4482136802403258,late_stance,-0.5143615615738909,14.010840283998125,-0.2847063760449701,-0.7269885496398928,-0.1398012345838466,0.5270661199695253
7.62,RR,0.9482136802403257,swing,0.0,0.0,0.24928127230805835,-0.00789709952647566,-0.17075666591662986,0.005960830426318178
7.640000000000001,FL,0.9523803469069924,swing,-13.115373984752239,22.521668069564225,-2.133520671715798,-0.5894158278795617,0.13197356634061372,0.7171712663762048
7.640000000000001,FR,0.45238034690699225,late_stance,-2.1612756611902744,5.205136625404252,-0.4377535947108944,0.043048372322698314,-0.13572069388302124,-0.017915041518205624
7.640000000000001,RL,0.45238034690699225,late_stance,-1.3182204986821124,11.349310875351934,-0.463548950328384,-0.41745167165972324,-0.18423801264637796,0.24075471090489267
7.640000000000001,RR,0.9523803469069924,swing,0.0,0.0,0.2822158421755184,-0.017314508209686164,-0.14907508418199897,0.011214929856089698
7.66,FL,0.956547013573659,swing,-12.51313142556985,19.964870808089383,-2.16217825366262,-0.3551446769586304,0.7353355999479676,0.44623875693167464
7.66,FR,0.4565470135736591,late_stance,-1.9635749079237172,5.690752927961307,-0.4313183591480431,0.026349983279588762,-0.07155403253256935,-0.0038224740253315456
7.66,RL,0.4565470135736591,late_stance,-1.3109799505222954,10.413963752141965,-0.45904232996995753,-0.3385056653905669,-0.1144143554291083,0.1254675085831121
7.66,RR,0.956547013573659,swing,0.0,0.0,0.2560458541802232,-0.01324666705460431,-0.08559171203374444,0.007691773645415199
7.68,FL,0.9607136802403257,swing,-11.327638641035186,16.960607260401453,-2.010812939703738,-0.19131012931582525,1.1238410081287544,0.2246626135879163
7.68,FR,0.46071368024032555,late_stance,-1.1863355916356138,8.157975840688367,-0.3192921625669901,-0.19155935574562033,-0.038581914083117216,-0.037358838626584324
7.68,RL,0.46071368024032555,late_stance,-1.073214080638842,10.971491281859812,-0.4192062180157704,-0.3854718808885803,-0.04872972333826657,0.05216732435955211
7.68,RR,0.9607136802403257,swing,0.0,0.0,0.18449207486678493,0.0044364846234764,-0.04173691831516318,-0.0023365667833352387
7.7,FL,0.9648803469069923,swing,-9.31750459516755,12.854742334118763,-1.704164498523736,-0.029205010731857328,1.1735312387277903,0.029471714041763665
7.7,FR,0.4648803469069924,late_stance,-0.4557524767925736,12.325220834706919,-0.293213912889825,-0.5214119200492582,-0.021098037942944025,-0.18646317196444362
7.7,RL,0.4648803469069924,late_stance,-0.16593302172429947,12.825119160529109,-0.29511315836964513,-0.5904297896037976,0.0040599109346834165,-0.02046194120341701
7.7,RR,0.9648803469069923,swing,0.0,0.0,0.11398389593621776,0.02365834216218443,-0.016394788442862695,-0.011148219785188764
7.72,FL,0.969047013573659,swing,-7.064816483750595,8.907815186310762,-1.3275157689240884,0.07035873620295618,1.069826246597085,-0.05887564999443842
7.72,FR,0.46904701357365886,late_stance,0.752061163788775,15.298886921073798,-0.10685084497869399,-0.871008427428215,0.005616439459384448,-0.34760615432946956
7.72,RL,0.46904701357365886,late_stance,1.2272504586889312,10.953185954398771,0.12877134416524594,-0.703121971279724,-0.031541431250488056,-0.009217872517746804
7.72,RR,0.969047013573659,swing,-1.3678316490141333,9.288664147523328,0.11714648336853747,-0.5562579249083481,-0.01873629717099249,-0.05930087145945087
7.74,FL,0.9732136802403256,swing,-4.2693450030630435,4.786844135356151,-0.8339387039922993,0.11623688979444113,0.6704063201852294,-0.07619004791004107
7.74,FR,0.47321368024032573,late_stance,1.8844551739931241,16.62366578800334,0.14789508274055876,-1.1327361425434286,-0.026954894736792218,-0.43270931307174015
7.74,RL,0.47321368024032573,late_stance,2.301787461028887,8.893947537662498,0.47567151477922853,-0.7534117257380062,-0.15430656316908795,-0.05356048920454867
7.74,RR,0.9732136802403256,swing,-1.1579972788279003,12.257978682087344,0.35211815713947686,-0.9206951500285417,-0.13504994755943406,-0.10840799105406554
7.76,FL,0.9773803469069923,swing,-2.626915666571677,3.1946388940669013,-0.5312196789671835,0.08205719084374374,0.34551545294689257,-0.030859384718789885
7.76,FR,0.47738034690699216,late_stance,2.7163628859927855,16.570486156269016,0.3871697890078645,-1.2830234584966662,-0.08794080482720677,-0.28891258719236856
7.76,RL,0.47738034690699216,late_stance,3.323987730455421,9.45860148689615,0.7205591926173863,-0.9439010239898801,-0.16563398982848282,-0.1500970586995779
7.76,RR,0.9773803469069923,swing,-0.6556465700113333,13.974310317142045,0.5973545286764597,-1.174964136855488,-0.2347648890863165,-0.05041634905447865
7.78,FL,0.9815470135736589,swing,-1.5014352393998702,2.3930962261617132,-0.2854595410964253,0.018709158404687426,0.13045515067283323,-0.0038583661217588545
7.78,FR,0.48154701357365903,late_stance,3.464813227315271,15.481558576359491,0.632285828817705,-1.3615644112135052,-0.12752381524929257,-0.09191763293033639
7.78,RL,0.48154701357365903,late_stance,3.7651416734334755,10.970554153316575,0.7952340374407102,-1.0997928425283614,-0.08662944307393261,-0.21071138038708023
7.78,RR,0.9815470135736589,swing,-0.31564959498589995,14.621732147489652,0.7441487613685257,-1.3243208580520216,-0.23692583691983485,0.038298088718356486
7.8,FL,0.9857136802403256,swing,-0.7872031320797168,1.8670487344966393,-0.12778348020699543,-0.026090897029551335,0.033873036725012635,0.0022057114095828598
7.8,FR,0.48571368024032546,late_stance,3.71991203914301,14.142793414065686,0.7469743920817894,-1.3572358920512215,-0.09587667803250534,0.027873542300605268
7.8,RL,0.48571368024032546,late_stance,4.068588229512222,12.785964079004644,0.8721896384485089,-1.2563737181620462,-0.010182724975721211,-0.21242366961429973
7.8,RR,0.9857136802403256,swing,0.22365295779314243,14.12670152209591,0.8739400569951646,-1.3663081163472295,-0.20199224292221024,0.14665188009824703
7.82,FL,0.9898803469069922,swing,-0.8343994580991415,2.6452111877571567,-0.09669637124004035,-0.05622693549466527,0.008233404639160485,0.0005673954913421792
7.82,FR,0.48988034690699234,late_stance,3.7601023609427453,13.741052416910104,0.7929987250794065,-1.353012159451523,-0.03187468843750647,0.14150376495579492
7.82,RL,0.48988034690699234,late_stance,4.305861281594204,13.675811839507091,0.917523959674556,-1.3465660408679514,0.08279069159364512,-0.1740198273358894
7.82,RR,0.9898803469069922,swing,0.49876572152373067,14.064641832022449,0.9537242753361502,-1.3998385385044156,-0.09812010687766229,0.1923953806439061
7.84,FL,0.9940470135736589,swing,-1.5069063424825404,4.862093219993967,-0.08067422884327816,-0.16169579756815167,-0.007522530215894418,-0.021867830494935465
7.84,FR,0.49404701357365877,late_stance,3.5303972439331406,12.371675895972649,0.793366727409372,-1.23611618306061,0.03018727209797183,0.2132981639953638
7.84,RL,0.49404701357365877,late_stance,4.133801125291881,13.903502261711989,0.8704079380147738,-1.3610218235507179,0.14150622432558413,-0.07138074187373525
7.84,RR,0.9940470135736589,swing,0.3025264404057738,13.352088735883408,0.9096408223563895,-1.3055722973317774,0.0012180656949112236,0.22335776664905257
7.86,FL,0.9982136802403256,swing,-2.4600183926469255,7.064605065739148,-0.19280145929166712,-0.24765508684817095,-0.05133304384231334,-0.06332144540151328
7.86,FR,0.49821368024032564,late_stance,3.190158416706036,11.056790637182106,0.7363986695517111,-1.1022420102742219,0.08534772214347447,0.24317416340612907
7.86,RL,0.49821368024032564,late_stance,3.7925338514224776,14.07794295190436,0.7681763060429554,-1.331643066514775,0.18358461378086072,0.019440537929099527
7.86,RR,0.9982136802403256,swing,0.5288469235685163,12.394042174892796,0.9180369477294609,-1.2321743917762817,0.12655664059963592,0.14825520537943124
7.88,FL,0.0023803469069922922,early_stance,-3.401717748584102,9.53311109745229,-0.29894865035236845,-0.36970341963474257,-0.09575728966489074,-0.08411730789996993
7.88,FR,0.5023803469069923,late_stance,2.730852873219645,9.548793417968549,0.659458507553206,-0.9411413489396215,0.10642290103022227,0.24581748194283895
7.88,RL,0.5023803469069923,late_stance,3.331108222716235,14.087959425131796,0.6330510062046019,-1.2573968870471133,0.15553442032451634,0.16512427807594685
7.88,RR,0.0023803469069922922,early_stance,0.4416771686358759,11.340545527961295,0.8249830316580817,-1.1104541259000078,0.18293185788258678,0.1210656554875168
7.9,FL,0.006547013573658959,early_stance,-3.9826575064746215,10.509096479596366,-0.39334910616554164,-0.38807950209416076,-0.13478552588817475,-0.07303432516597161
7.9,FR,0.5065470135736589,late_stance,2.3802662954057237,9.180048210344697,0.5651771772442943,-0.8588345183592556,0.10902815630390847,0.22727197624852913
7.9,RL,0.5065470135736589,late_stance,3.127830934235346,13.049497900776132,0.6046999291192691,-1.1583023813422868,0.15780725157694955,0.2141726246621988
7.9,RR,0.006547013573658959,early_stance,0.16845462180336768,11.059267232595017,0.7288499877861432,-1.0416135632268257,0.1940382482501533,0.09893704887977643
7.92,FL,0.010713680240325627,early_stance,-4.468306152341351,11.245194739425697,-0.48200898187411223,-0.39410117068814676,-0.16633135038479707,-0.0663805703268388
7.92,FR,0.5107136802403256,late_stance,2.1115182832387527,9.144954747408942,0.48786235755213925,-0.8026236233612946,0.1148210992103613,0.15663889650891602
7.92,RL,0.5107136802403256,late_stance,2.745723227953395,12.318180972545306,0.5030597715701335,-1.0503622422151795,0.11430493501648016,0.2828427248675718
7.92,RR,0.010713680240325627,early_stance,-0.13975462702764685,10.81511867726791,0.6223731556120127,-0.9679751483109631,0.17701988582014913,0.058100674555097716
7.94,FL,0.014880346906992293,early_stance,-4.797963692576944,11.698165450993436,-0.5510341106907173,-0.38967500705225194,-0.18284606309056892,-0.05851157729181907
7.94,FR,0.5148803469069922,late_stance,1.6641111133400635,9.444002397653396,0.3464990210451998,-0.7382790273113573,0.08887784793093738,0.10327405557112707
7.94,RL,0.5148803469069922,late_stance,2.4137740151585323,11.028597474286517,0.4518667429907731,-0.9217373870405102,0.10417551095637818,0.23618568178461974
7.94,RR,0.014880346906992293,early_stance,-0.37329105800559914,11.031062929803925,0.5623372368208246,-0.9381199364564012,0.16993745961673487,0.004264130526256242
7.96,FL,0.01904701357365896,early_stance,-5.10845179408946,11.917573209419691,-0.6166046312687878,-0.37926505308679315,-0.17004231908137563,-0.034707146974955645
7.96,FR,0.519047013573659,late_stance,1.5167969002535477,9.923004691405314,0.2854354800597256,-0.7333725642165198,0.07017629747130895,0.0768682526789528
7.96,RL,0.519047013573659,late_stance,1.9583247883556232,10.131600309642767,0.3673787850680999,-0.8095174162516691,0.0764683551421323,0.1978918697998083
7.96,RR,0.01904701357365896,early_stance,-0.6964970325824368,11.097521208458256,0.4681745402303428,-0.8764823604844438,0.13622270524975705,-0.032937547549407364
7.98,FL,0.023213680240325624,early_stance,-4.761923695821705,11.639693785073415,-0.5474025805071342,-0.3903965694873718,-0.1305644557865981,-0.039760972299762234
7.98,FR,0.5232136802403257,late_stance,1.286175837793491,10.59761075133084,0.18283345603943113,-0.7214296794507139,0.04117410844336364,0.043506845172159525
7.98,RL,0.5232136802403257,late_stance,1.7917894578315567,9.75268688900523,0.3243506748091386,-0.7573970783574913,0.0536086566319163,0.17642854858354626
7.98,RR,0.023213680240325624,early_stance,-0.947421601025925,11.155231838371797,0.4003731757550578,-0.8492206714875019,0.10298687670678625,-0.058627030112552894
8.0,FL,0.027380346906992294,early_stance,-4.718063861121377,11.545652293873596,-0.5553808881646848,-0.3823748095078077,-0.10677637215627263,-0.030612053920662526
8.0,FR,0.5273803469069923,late_stance,1.3257419913414858,10.895807170129613,0.17131145357334546,-0.7340163422442261,0.03249513178879984,0.04606291582848993
8.0,RL,0.5273803469069923,late_stance,1.607976782664944,9.322519804370396,0.28210147540742037,-0.695359038055939,0.04254482855011198,0.12894678393865003
8.0,RR,0.027380346906992294,early_stance,-0.9412030032478931,11.488370010955096,0.4070076962314235,-0.8725977183929685,0.09384270986268486,-0.07424156920264066
8.02,FL,0.03154701357365896,early_stance,-4.254990982887329,11.398625400628442,-0.45158685905999346,-0.4220846772658616,-0.0782727603818715,-0.04841045616122378
8.02,FR,0.531547013573659,late_stance,1.1093178683367966,10.908035189510066,0.11617344166695176,-0.7113696519216013,0.019184456472203716,0.035439673728555894
8.02,RL,0.531547013573659,late_stance,1.7663874763397946,9.68194406519772,0.297787336536138,-0.7314951802361883,0.04095183094160283,0.10082416121442184
8.02,RR,0.03154701357365896,early_stance,-0.786438099397413,11.469451004888668,0.4356348061376585,-0.8836713888931222,0.08773885623675365,-0.07232122159875158
8.040000000000001,FL,0.035713680240325625,early_stance,-4.141699168308663,11.391548068878986,-0.4330948939238519,-0.43417928149773005,-0.06161091222563734,-0.04320815723836694
8.040000000000001,FR,0.5357136802403256,late_stance,1.2117884246493593,10.710665088324118,0.1410238210578419,-0.7113211103995734,0.019330317700151298,0.0454585472120108
8.040000000000001,RL,0.5357136802403256,late_stance,1.9417700475172381,9.908715426887195,0.3242261207899565,-0.7607017399268846,0.03969808321315259,0.09342275048014285
8.040000000000001,RR,0.035713680240325625,early_stance,-0.786453776453067,11.462145968488965,0.42448845145266356,-0.882487368105474,0.07521946487775617,-0.06282414494691115
8.06,FL,0.03988034690699229,early_stance,-3.79650253232768,10.635436092908867,-0.3754750327652868,-0.40287993561241,-0.05651236006525432,-0.066226154401222
8.06,FR,0.5398803469069923,late_stance,1.2053653905013768,11.003153493998093,0.11763610938619566,-0.7229393029728021,0.014185347116669573,0.042683396553921324
8.06,RL,0.5398803469069923,late_stance,1.9407543973695516,10.1825504997164,0.3004989002630445,-0.7652177300971112,0.03359611571407248,0.07169986290909164
8.06,RR,0.03988034690699229,early_stance,-0.6868113694535022,11.240770869159988,0.4314271903549536,-0.8724601099482919,0.0663236699153818,-0.05455483090498871
8.08,FL,0.04404701357365896,early_stance,-3.7320323259176287,11.158456463463548,-0.35057245555703576,-0.461689535370619,-0.04311473437260674,-0.06725145518397584
8.08,FR,0.5440470135736589,late_stance,1.3521755655549874,10.813238422948928,0.1578600572129879,-0.7301941754812178,0.01672954707499972,0.046863446489616725
8.08,RL,0.5440470135736589,late_stance,1.9444480780443212,10.44592231320852,0.2864694396775821,-0.7772880511518205,0.02893971496251614,0.06001550911104083
8.08,RR,0.04404701357365896,early_stance,-0.6223352912469198,11.203117779368919,0.43955712803781444,-0.8727160023447376,0.06362855742442859,-0.058736444417018724
8.1,FL,0.04821368024032562,early_stance,-3.181891110263245,10.91695381636908,-0.21815797028166445,-0.5097327014411324,-0.026628387037073525,-0.07458796929608147
8.1,FR,0.5482136802403256,late_stance,1.2827797000131105,10.745051495148484,0.12835395633124924,-0.7095961827031159,0.014368841701960913,0.03345871925851591
8.1,RL,0.5482136802403256,late_stance,2.0824472076800093,11.042600471267418,0.2828209781503925,-0.8217012266258441,0.02463020830621633,0.0749961649286938
8.1,RR,0.04821368024032562,early_stance,-0.3644948496533944,11.054693338395396,0.49255041636541674,-0.8848404916544326,0.07412101522402569,-0.07164653541944033
8.120000000000001,FL,0.05238034690699229,early_stance,-2.91660820367185,10.545145687625265,-0.1735551983908375,-0.5078260566512623,-0.025798381534313998,-0.07500652325656673
8.120000000000001,FR,0.5523803469069923,late_stance,1.3074620493628932,10.980312721093105,0.11989581566461952,-0.7268493756805404,0.011480770655456543,0.07371433871696859
8.120000000000001,RL,0.5523803469069923,late_stance,2.2637000753244743,10.888212593309236,0.34425517766727365,-0.8398668285042908,0.04325764850736205,0.05057126205106111
8.120000000000001,RR,0.05238034690699229,early_stance,-0.45805547842794697,11.315794769344778,0.471275498616861,-0.895694878221348,0.07898978076067288,-0.07340310639235426
8.14,FL,0.056547013573658954,early_stance,-2.776396622310608,10.796331903437057,-0.12857655743559093,-0.5506206605567255,-0.019731043089632395,-0.073834852176141
8.14,FR,0.556547013573659,late_stance,1.2445282323071019,10.725679415240611,0.109753315147752,-0.6986712426153961,0.010348266042525424,0.07381931173867776
8.14,RL,0.556547013573659,late_stance,2.1708890826210663,11.031220502755133,0.3055912747944508,-0.8354990510577325,0.03753652848796507,0.0681896080168633
8.14,RR,0.056547013573658954,early_stance,-0.559491920450433,11.230225417148013,0.43690598626145916,-0.8922902828222676,0.06113827670366609,-0.02483784699039984
8.16,FL,0.060713680240325626,early_stance,-2.608155846667265,10.865309076898276,-0.08550892001295232,-0.5779492291927285,-0.013920012284777492,-0.06947206817878519
8.16,FR,0.5607136802403256,late_stance,1.3297774180744772,10.491399875562916,0.13257855308508193,-0.693508951587672,0.014973772346992001,0.06431156066513251
8.16,RL,0.5607136802403256,late_stance,2.2070307885946376,11.59141271547146,0.2746692080268844,-0.8621837490936868,0.03320941194964337,0.09179072705382044
8.16,RR,0.060713680240325626,early_stance,-0.33332423114272025,10.63992470709275,0.4709759751235014,-0.8428174799703506,0.08162101918564348,-0.060376263138670776
8.18,FL,0.06488034690699229,early_stance,-2.6839674321582754,10.827632987817795,-0.10914286488065339,-0.5626621772152652,-0.019212954549816745,-0.07272244651582493
8.18,FR,0.5648803469069923,late_stance,1.2232725962824547,10.700005370229277,0.09076630731819746,-0.6861956200980988,0.011200242760129674,0.06238251738326646
8.18,RL,0.5648803469069923,late_stance,2.1132049351932793,11.362849768884033,0.2651123653662257,-0.8388369788815386,0.02691113140331593,0.12809530900584154
8.18,RR,0.06488034690699229,early_stance,-0.43052693116051194,10.77590726855528,0.4359677236896398,-0.8477141899922507,0.07884685125804046,-0.05427230311671101
8.2,FL,0.06904701357365896,early_stance,-2.4071317779355796,10.881178480253558,-0.037030415168579855,-0.6016635708442889,-0.007186018249985315,-0.07772249549397305
8.2,FR,0.5690470135736589,late_stance,1.240926441332683,10.516589956656551,0.09711130864656582,-0.6733696242811875,0.01341075286482688,0.0622253919968465
8.2,RL,0.5690470135736589,late_stance,2.045820854018944,11.201863642035153,0.26043739733396026,-0.829869060397019,0.0361479675987277,0.09482540176857919
8.2,RR,0.06904701357365896,early_stance,-0.42969708025107867,11.062325689566249,0.43977656223459105,-0.8643970122289476,0.09133232746683466,-0.07323755385139127
8.22,FL,0.07321368024032562,early_stance,-2.5609323855007955,10.973038535768252,-0.07883837233950156,-0.5876865631315482,-0.015955554205584192,-0.07843649556890575
8.22,FR,0.5732136802403256,late_stance,1.108808276272207,10.750641036167087,0.04673990678264117,-0.663029148049427,0.006606296246443276,0.06073392666545531
8.22,RL,0.5732136802403256,late_stance,1.827257644592125,10.934356508466164,0.21855340263877837,-0.7883271679112721,0.028416300892446403,0.1056042060332937
8.22,RR,0.07321368024032562,early_stance,-0.5288812639783429,10.983903225153226,0.4059171285058376,-0.8487329552391144,0.08009105660035909,-0.0501967879226924
8.24,FL,0.07738034690699229,early_stance,-2.4707666304792997,11.159977946457781,-0.055566379651163955,-0.6150045183573154,-0.01093297175977994,-0.07011764092604346
8.24,FR,0.5773803469069922,late_stance,0.9698832330219145,10.66555246144306,0.011726405747449029,-0.6367366893123834,0.0015543113640735615,0.06871071109045308
8.24,RL,0.5773803469069922,late_stance,1.9071288724110234,10.810418339434012,0.23913320640662705,-0.7939258115973156,0.030520403608896313,0.11332089382280676
8.24,RR,0.07738034690699229,early_stance,-0.4118910360385074,11.10516129673398,0.43505444908023905,-0.8731938477935423,0.08458109919589395,-0.03992112254413698
8.26,FL,0.08154701357365896,early_stance,-2.3865546998285985,11.254778940636406,-0.034398455348471496,-0.6322480535638646,-0.006771181429693137,-0.06656613011028023
8.26,FR,0.5815470135736589,late_stance,0.8704926387907167,10.715304274338244,-0.0261585156899566,-0.616652033134733,-0.00341404188904271,0.06538317434130558
8.26,RL,0.5815470135736589,late_stance,1.782659545878562,10.626480189969152,0.217539344052509,-0.770519130529558,0.024925965974801935,0.12975003257988701
8.26,RR,0.08154701357365896,early_stance,-0.6364776041632288,10.987658315790169,0.36253953575004383,-0.8353753350126604,0.06640292339596604,-0.024865464159701825
8.28,FL,0.08571368024032562,early_stance,-2.264829338753861,11.204886231339605,-0.013214494181702174,-0.640124686843443,-0.002614461237384591,-0.05693186442710456
8.28,FR,0.5857136802403257,late_stance,0.9857870878351674,10.801047870056758,-0.005645630702434581,-0.6383745230859856,-0.000712335008358312,0.07826592524592198
8.28,RL,0.5857136802403257,late_stance,1.6145618641920907,10.582258352185649,0.16928534608265433,-0.73854849198951,0.02323846198614296,0.10158884620545627
8.28,RR,0.08571368024032562,early_stance,-0.41599717865723385,10.857361236639914,0.41574624363281976,-0.831235880401329,0.08467285145852196,-0.051178056628196314
8.3,FL,0.08988034690699229,early_stance,-2.3640770779385694,11.370087976409541,-0.03820987386387284,-0.639976398835828,-0.007223766770415159,-0.051368114987998086
8.3,FR,0.5898803469069923,late_stance,0.8282718943968407,10.697343234131369,-0.04168088169549927,-0.6087955277870154,-0.005260041280652745,0.0707377986687015
8.3,RL,0.5898803469069923,late_stance,1.6484497456661291,10.329011961689702,0.19243162540805847,-0.7362124148328184,0.023426357117829023,0.11380347523473636
8.3,RR,0.08988034690699229,early_stance,-0.6239645178523181,11.18618148877973,0.3560580364638777,-0.849034967856503,0.06587993283397688,-0.025424664955969643
8.32,FL,0.09404701357365895,early_stance,-2.0763726445170625,11.058395426016755,0.022635883244077004,-0.6427752345024906,0.004794863138339848,-0.08707941643871951
8.32,FR,0.594047013573659,late_stance,0.6988166075307257,10.963546911541993,-0.08243122236128982,-0.6106214331856833,-0.010826788269908613,0.054847685246104234
8.32,RL,0.594047013573659,late_stance,1.4527185138318592,10.172648332326467,0.15462359476752918,-0.7054023980755484,0.01968590237790261,0.09294840864225684
8.32,RR,0.09404701357365895,early_stance,-0.6553931878909657,11.116276666819283,0.33726221371647264,-0.8277113652717935,0.060883096391650515,-0.03161478445484388
8.34,FL,0.09821368024032562,early_stance,-2.179400303510403,11.452418213402158,-0.0008650702731917981,-0.6642236451223379,-0.00016380058267832513,-0.0709138469843838
8.34,FR,0.5982136802403256,late_stance,0.5779675455580742,10.98822013690875,-0.1100859232017737,-0.5978436575393118,-0.0133467280551441,0.05602939059165173
8.34,RL,0.5982136802403256,late_stance,1.4395924723741729,10.461083114470547,0.13272098966250795,-0.7177792213988176,0.014545921615006351,0.10275997624274927
8.34,RR,0.09821368024032562,early_stance,-0.6728702437646122,10.719340719363059,0.3113783473431671,-0.7742682404725629,0.05776803369798247,-0.04709303668297227
8.36,FL,0.10238034690699228,early_stance,-1.9805733498699172,11.356116999329954,0.041430417915846035,-0.6783998975881204,0.007391555886009043,-0.06835832238601167
8.36,FR,0.6023803469069923,late_stance,0.5226904476539589,11.037313759577033,-0.13142348585433705,-0.5906436025037851,-0.01478405936118147,0.053877388367053414
8.36,RL,0.6023803469069923,late_stance,1.4164644670528084,10.314732450478814,0.1332927284354989,-0.7066585573519619,0.012391198389864532,0.10879368280911034
8.36,RR,0.10238034690699228,early_stance,-0.6523831064629938,10.822585156357352,0.31104233355714206,-0.7939422876281186,0.05173354548462739,-0.03162270757781585
8.38,FL,0.10654701357365895,early_stance,-1.8184622164151913,11.281147401102126,0.07250643768596818,-0.6899716031944807,0.01319923468451442,-0.06383646959095945
8.38,FR,0.6065470135736589,late_stance,0.43579639112648877,11.009343262655044,-0.1566867855577479,-0.5752846174920423,-0.01767549866591473,0.05591978821511724
8.38,RL,0.6065470135736589,late_stance,1.542563897186716,10.429892817639967,0.15684034835452365,-0.7298278751223822,0.017459920226848023,0.09670766705369585
8.38,RR,0.10654701357365895,early_stance,-0.5348025137683922,10.84497244492289,0.3343748095155322,-0.7976666178685488,0.06218562367486882,-0.052242730057249734
8.4,FL,0.11071368024032562,early_stance,-1.6962991604012314,11.293163569372375,0.09896538366274824,-0.7042154015720599,0.018387269329965965,-0.06636797368152496
8.4,FR,0.6107136802403256,late_stance,0.3537790353941327,11.076772963557037,-0.1840897477062095,-0.5653058681239747,-0.020844116674167128,0.05250005801538394
8.4,RL,0.6107136802403256,late_stance,1.413854739356232,10.365892395397312,0.12197999593747307,-0.704069448867926,0.014202215190520241,0.0873371161798494
8.4,RR,0.11071368024032562,early_stance,-0.599051604695198,10.846776559462212,0.3096638018775775,-0.7901752955676701,0.05639278111222859,-0.04675948346825558
8.42,FL,0.11488034690699228,early_stance,-1.671225873953579,11.146382925319175,0.09085421534538621,-0.6955656733204375,0.015497121472252991,-0.04853879994824666
8.42,FR,0.6148803469069923,late_stance,0.6455516835002287,11.455834839512846,-0.13439218027903976,-0.6301361335571519,-0.012200439684020934,0.08162388737607498
8.42,RL,0.6148803469069923,late_stance,1.441610795842989,10.516393014965438,0.1097486148783443,-0.7096112746752207,0.011005849018603499,0.10168905412598768
8.42,RR,0.11488034690699228,early_stance,-0.5679934548534704,10.835901588885134,0.30983621615225376,-0.7995760761812964,0.051220767301547995,-0.024097846486449893
8.44,FL,0.11904701357365895,early_stance,-1.5501928300955987,11.127453772262507,0.11764117161393342,-0.7026817059440981,0.02171127485252559,-0.05864980034722945
8.44,FR,0.619047013573659,late_stance,0.495432999399343,11.10209274160733,-0.153972653810172,-0.5882459764452379,-0.01580343652362499,0.0736754795313802
8.44,RL,0.619047013573659,late_stance,1.3062341623920748,10.388985614453363,0.07754021506330468,-0.6788700563592698,0.008867683000140009,0.08632284014117379
8.44,RR,0.11904701357365895,early_stance,-0.47245201293917327,10.821881943432496,0.32808797949158075,-0.7962415873391383,0.06152635132156302,-0.043702897665601245
8.46,FL,0.12321368024032563,early_stance,-1.4585782257019304,11.061437820186649,0.13041763206380097,-0.7034502901298748,0.026029114321581646,-0.08971784781678173
8.46,FR,0.6232136802403256,late_stance,0.44270748469397014,11.25715803641937,-0.18094138551733158,-0.5846971949028867,-0.019837373164708495,0.05684256273677397
8.46,RL,0.6232136802403256,late_stance,1.4646763253987385,10.804743106769827,0.08075535627243974,-0.717942794872967,0.0064372606812284966,0.12099224326554635
8.46,RR,0.12321368024032563,early_stance,-0.4159411646706627,10.630247824679687,0.32723785964019697,-0.801446335885591,0.05324867491281552,-0.016260820064315312
8.48,FL,0.1273803469069923,early_stance,-1.546183803884739,11.289031664728467,0.10727083916938507,-0.7112330153923643,0.020179834229721402,-0.0674377231201632
8.48,FR,0.6273803469069923,late_stance,0.2989899068167571,11.251835539481995,-0.20735555306813983,-0.5730279098571759,-0.023074127750639262,0.056488423029458314
8.48,RL,0.6273803469069923,late_stance,1.3862658256633058,10.400090151938922,0.08537255803563869,-0.68385085422297,0.006909971566026865,0.12195783303840145
8.48,RR,0.1273803469069923,early_stance,-0.46196286470431824,10.594754938052759,0.3082042974984732,-0.7771664721382182,0.05374224500655652,-0.02629713493626409
8.5,FL,0.13154701357365897,early_stance,-1.238601807119118,11.112698863390909,0.18013026326584067,-0.7321069552470064,0.036063781872128796,-0.07826454120630633
8.5,FR,0.6315470135736589,late_stance,0.2180329555207034,11.378803274379363,-0.23732457904062754,-0.5667217892315027,-0.027648211285284125,0.05117258769910519
8.5,RL,0.6315470135736589,late_stance,1.2898938938202038,10.259143625624587,0.05601371597503313,-0.6526746815814508,0.0058535698360361165,0.09304838570569096
8.5,RR,0.13154701357365897,early_stance,-0.5310677436747588,10.655105133796642,0.28307313421807045,-0.7653584391861389,0.051459326632014246,-0.03594373174299076
8.52,FL,0.13571368024032565,early_stance,-1.302286131367987,11.444791451079078,0.1638809167466594,-0.7566303547073687,0.029902134939086746,-0.04449152363210491
8.52,FR,0.6357136802403256,late_stance,0.11456862777978939,11.188916882182895,-0.25592679021278636,-0.5420977882374326,-0.027623621625679655,0.056051980208997806
8.52,RL,0.6357136802403256,late_stance,1.417951630753169,10.212062497024796,0.0821421194818282,-0.66408228245163,0.008868428170372906,0.09629798487923827
8.52,RR,0.13571368024032565,early_stance,-0.5537334731245538,10.761625605231094,0.2735732975406191,-0.7767014391055495,0.046839945189152736,-0.020332151625439464
8.540000000000001,FL,0.13988034690699233,early_stance,-1.2977123938460455,11.127700334126004,0.14687824166490573,-0.7302934789815198,0.026235734291288018,-0.03230311068656947
8.540000000000001,FR,0.6398803469069924,late_stance,0.2511741100179417,11.766241809722642,-0.2586209957390451,-0.5927859355288149,-0.022465393689156093,0.08671378080083902
8.540000000000001,RL,0.6398803469069924,late_stance,1.4732410974712542,10.384116298992623,0.08182466349247652,-0.6778255391190602,0.0073174839304878045,0.1252911372450172
8.540000000000001,RR,0.13988034690699233,early_stance,-0.5660789108700056,10.50627730239818,0.25529800137790876,-0.744823085757837,0.045201840233647005,-0.021325913102978822
8.56,FL,0.144047013573659,early_stance,-1.021302140662775,11.050709973916385,0.21328381783285402,-0.7454138709609313,0.04308723026261233,-0.06169623509146532
8.56,FR,0.644047013573659,late_stance,0.14055229983610773,11.406966730682806,-0.27237284254206745,-0.5494507698849378,-0.026595725259165544,0.07208769679659145
8.56,RL,0.644047013573659,late_stance,1.335933949128663,10.05324001683121,0.054217902894518666,-0.6321056640771903,0.005855229832311713,0.0975092247700409
8.56,RR,0.144047013573659,early_stance,-0.6088792065092625,10.695217215638737,0.2408431745580859,-0.7561990936301521,0.04188459473868366,-0.015594862154823003
8.58,FL,0.1482136802403257,early_stance,-1.1755534886643402,11.460857773756919,0.17313956457749366,-0.7575671864451863,0.03506764049706989,-0.06399179633251745
8.58,FR,0.6482136802403257,late_stance,0.18687897060980696,11.259965583407126,-0.25418587819246696,-0.5471443344988757,-0.029748174315626943,0.05306761865030098
8.58,RL,0.6482136802403257,late_stance,1.269697824430563,10.306829737476805,0.02831184324627116,-0.6417612737465475,0.0029903970258041753,0.09823721602296041
8.58,RR,0.1482136802403257,early_stance,-0.6671163991205831,10.331522835307148,0.2108759891602805,-0.6951604523170654,0.03949788421811849,-0.03463127197475403
8.6,FL,0.15238034690699237,early_stance,-1.20913757910549,11.622764913760493,0.16297821825627073,-0.7723869225857589,0.029598281686791742,-0.034640936499491876
8.6,FR,0.6523803469069924,late_stance,0.12678975903868542,11.232008112727796,-0.2806912317795253,-0.529042245946225,-0.03185365970400082,0.055268144207723635
8.6,RL,0.6523803469069924,late_stance,1.235600602170315,10.14838755458672,0.02106524743541008,-0.6222233935636826,0.00205188116690672,0.10346968072956723
8.6,RR,0.15238034690699237,early_stance,-0.5358205519004243,10.477370893997028,0.2405760022669125,-0.7282258729949055,0.04519168124358078,-0.03425796784368157
8.620000000000001,FL,0.15654701357365905,early_stance,-0.8558425314857269,11.224093826136697,0.2389349607077415,-0.7711427832205014,0.04656646243711964,-0.05167573659973568
8.620000000000001,FR,0.6565470135736591,late_stance,0.15876283471523847,11.56558056380901,-0.29721402478897585,-0.548100349242511,-0.03091655580121016,0.06633769449542945
8.620000000000001,RL,0.6565470135736591,late_stance,1.3387808762171753,10.371262251215935,0.022829257560431276,-0.6412546490735516,0.0018590980925044336,0.12355128210170796
8.620000000000001,RR,0.15654701357365905,early_stance,-0.5814612807691045,10.333655355732546,0.21502725024226296,-0.7067199680858054,0.04025979925146482,-0.03028822467098029
8.64,FL,0.16071368024032573,early_stance,-1.011499932746092,11.195585281036909,0.18445142599898945,-0.7429183769343959,0.03968004920005946,-0.0707355008372
8.64,FR,0.6607136802403257,late_stance,0.1598383132396979,11.669508447841881,-0.30881597905468033,-0.5455615428407472,-0.03087879372667257,0.0746558962178651
8.64,RL,0.6607136802403257,late_stance,1.2534792972741813,10.053089923809218,0.016138579225990254,-0.6094941480439042,0.0013923742003433754,0.11654514706827533
8.64,RR,0.16071368024032573,early_stance,-0.6259791367734325,10.39945330562725,0.1978286333907501,-0.7124652935044213,0.03564444887505338,-0.015103129645678209
8.66,FL,0.1648803469069924,early_stance,-1.1530032483637092,11.600848026852175,0.15007604968155472,-0.7566525733259074,0.030484638667355082,-0.06724029992597037
8.66,FR,0.6648803469069924,late_stance,0.07620248264492278,11.670556983192464,-0.3339495975399548,-0.527946028922486,-0.03600361957131833,0.0601573500897875
8.66,RL,0.6648803469069924,late_stance,1.0032412902295262,9.860604286736482,-0.04812534389949684,-0.5526160592050023,-0.004302652730329892,0.09398282725488635
8.66,RR,0.1648803469069924,early_stance,-0.6592181035412199,10.220337014470124,0.17933308696707456,-0.6834869365883341,0.03209579912505,-0.020122807748743532
8.68,FL,0.1690470135736591,early_stance,-0.7828774383196418,11.358435414180757,0.23718043790905485,-0.7813490645432006,0.046337635844572844,-0.04651148833959019
8.68,FR,0.669047013573659,late_stance,0.12120642183796113,11.773670782476191,-0.34315568757845855,-0.5324224814158185,-0.03268070114311978,0.07499472860230247
8.68,RL,0.669047013573659,late_stance,1.1647102594881338,9.968306130829905,-0.025671325652253052,-0.5743261591814075,-0.0028125517588649834,0.08309307566517588
8.68,RR,0.1690470135736591,early_stance,-0.5287484057847953,10.411584761935117,0.20852352188025747,-0.7105301630876683,0.0390187018749409,-0.024818386567513263
8.700000000000001,FL,0.17321368024032577,early_stance,-0.9143509229468788,11.675129494863592,0.19716280698705246,-0.7868852525406652,0.03940119158638515,-0.055735130944933806
8.700000000000001,FR,0.6732136802403258,late_stance,0.03602519753584704,11.540463744339034,-0.3593698820649097,-0.4997683545572315,-0.03581998270277185,0.061998889282463915
8.700000000000001,RL,0.6732136802403258,late_stance,1.2144113941138273,9.874386044125924,-0.012984553295721124,-0.5732611492854165,-0.000993798512897333,0.11312912817341345
8.700000000000001,RR,0.17321368024032577,early_stance,-0.686767157148661,10.327007945824631,0.15742884326189352,-0.6937461026484559,0.02538829755818703,0.001698314047419915
8.72,FL,0.17738034690699245,early_stance,-0.9975575510618433,11.76265313198114,0.17052745315625037,-0.7794132899619606,0.033056592420521475,-0.05075671200349987
8.72,FR,0.6773803469069924,late_stance,-0.13809800853329474,11.688574443815144,-0.42386225758170104,-0.47039563852108107,-0.04007396001478088,0.05778402939997716
8.72,RL,0.6773803469069924,late_stance,1.1976075823439298,9.764280953371612,-0.01948288703930043,-0.5576596865026585,-0.0016809201115152578,0.09958494966938058
8.72,RR,0.17738034690699245,early_stance,-0.6833361427649169,10.07492637104884,0.14827213027043942,-0.6568882277980472,0.024780764193349562,-0.01111715197073314
8.74,FL,0.18154701357365913,early_stance,-0.6501929246604209,11.639254011762528,0.2542270477415661,-0.8112140717035157,0.04937336553908893,-0.046713111751591284
8.74,FR,0.6815470135736591,late_stance,0.027278710710861204,11.584988517503646,-0.3805841994671934,-0.48894092450425547,-0.03565599029979682,0.06185811275427455
8.74,RL,0.6815470135736591,late_stance,1.1990929653974962,9.78892416986021,-0.03285897863305237,-0.5502430722764119,-0.0030914385051080415,0.09274802847587789
8.74,RR,0.18154701357365913,early_stance,-0.6969316226643061,10.276523617930563,0.13722444776905285,-0.6706050847136181,0.023113489473840943,-0.01133948091496627
8.76,FL,0.1857136802403258,early_stance,-0.7644262592291379,11.750145622845816,0.21378910050079195,-0.8026335517984319,0.04289851371817125,-0.046038202833409585
8.76,FR,0.6857136802403259,late_stance,-0.04239592492232506,11.677407698604243,-0.39401946550318645,-0.4933181733966272,-0.037565180194823126,0.06752150110166572
8.76,RL,0.6857136802403259,late_stance,1.0392175716571523,9.928903715104722,-0.09219092536081641,-0.5220396888436822,-0.00810335351183147,0.09561150719049884
8.76,RR,0.1857136802403258,early_stance,-0.5757390726533771,10.003232864224305,0.1598394897257399,-0.6499442165442357,0.029841013277769925,-0.02374861613524455
8.78,FL,0.1898803469069925,early_stance,-0.7936399500617664,11.816445916179921,0.1990028908950377,-0.810907496402917,0.03663374151396779,-0.024265119762120625
8.78,FR,0.6898803469069925,late_stance,-0.022034449527450588,11.665153611559292,-0.39732837374637525,-0.48843731073972496,-0.03481542819068624,0.0725798420210363
8.78,RL,0.6898803469069925,late_stance,1.0970693456735223,9.895442770976404,-0.08063554975037132,-0.5262342463296525,-0.005566939564421316,0.11079555206853926
8.78,RR,0.1898803469069925,early_stance,-0.6465049816610778,10.020237353254569,0.14358245541869544,-0.6593438044455318,0.025487571400907502,-0.01262698193827054
8.8,FL,0.19404701357365917,early_stance,-0.8623090888111927,11.896862082352449,0.17456190654986697,-0.7948885693809138,0.03263519057566968,-0.036167787637259315
8.8,FR,0.6940470135736592,late_stance,-0.07412789319922093,11.597572889443793,-0.41715668676217665,-0.4677421321992343,-0.0414615737157775,0.05619075753796776
8.8,RL,0.6940470135736592,late_stance,1.052421269589778,9.566286259116126,-0.07866384677422555,-0.49898632560898437,-0.005882731064453369,0.09695614533508397
8.8,RR,0.19404701357365917,early_stance,-0.654496673418809,10.125033099901247,0.13652827659752603,-0.6648416922987767,0.02303109934303801,-0.008324757153813271
8.82,FL,0.19821368024032585,early_stance,-0.5060157709481202,11.744182652810077,0.25961794724899934,-0.8231375825861705,0.04898170052623775,-0.036174010741292784
8.82,FR,0.6982136802403258,late_stance,0.007205552781312358,11.873817550191404,-0.4251387443338751,-0.4848061952409837,-0.03835756672402482,0.06365302136946518
8.82,RL,0.6982136802403258,late_stance,1.0015359574899463,9.579313087957457,-0.09052513332368581,-0.49637859063731726,-0.007991379548648349,0.08450562924752439
8.82,RR,0.19821368024032585,early_stance,-0.8597493859647946,10.123728818534557,0.07385858329588998,-0.628815305300573,0.012364003681617053,-0.012264376169538993
8.84,FL,0.20238034690699253,early_stance,-0.5778841219959727,11.889673601315266,0.2297688060331605,-0.8222578291580787,0.043675699766593884,-0.04770815357312207
8.84,FR,0.7023803469069925,swing,-0.18230382855671975,11.872253183310374,-0.47847093947040237,-0.4494713947854781,-0.04032165223314439,0.05629558499319779
8.84,RL,0.7023803469069925,swing,0.8736292486685873,9.564299872035408,-0.13075848064121048,-0.46834127049759045,-0.009523945520292728,0.08405405420441339
8.84,RR,0.20238034690699253,early_stance,-0.6087977871669898,9.851199525992536,0.13634158429555643,-0.628013824887694,0.021309862781744408,-0.008537771749999538
8.86,FL,0.2065470135736592,early_stance,-0.5744969226542352,11.74556560048475,0.21784687166276062,-0.8250573144401138,0.03869737756677278,-0.018096648309756654
8.86,FR,0.7065470135736592,swing,0.013802628292926736,12.326881428329804,-0.4726790410569771,-0.4931200523307492,-0.032562319644836794,0.08032808919625516
8.86,RL,0.7065470135736592,swing,1.109771447725617,9.618376776323306,-0.08044639160331875,-0.5014950121500235,-0.00640694220073137,0.09114360444896961
8.86,RR,0.2065470135736592,early_stance,-0.639102786041562,10.070683223481641,0.11622194059889082,-0.6491878437121715,0.019632664442967906,-0.011287249110766201
8.88,FL,0.21071368024032588,early_stance,-0.5338581146217646,11.576372761792015,0.22095033611147347,-0.7891569858735888,0.04645078510480285,-0.06421318497081997
8.88,FR,0.7107136802403259,swing,-0.10305932588310258,11.99308418075633,-0.48451100866169017,-0.4512993264287853,-0.04353347361467944,0.059855468039622425
8.88,RL,0.7107136802403259,swing,1.0869458403971306,9.564081184242445,-0.09230291160327503,-0.4876049716739512,-0.007981466612802185,0.08525490669403697
8.88,RR,0.21071368024032588,early_stance,-0.6901794633174185,9.92576820184284,0.09457674514697864,-0.6201815512391449,0.016574030003623962,-0.016985670580702397
8.9,FL,0.21488034690699256,early_stance,-0.4764036279758693,12.09683250347118,0.23224838389507999,-0.8363124491134136,0.049011235215244656,-0.05768690538706696
8.9,FR,0.7148803469069925,swing,-0.06375650494658704,11.601669563284947,-0.4573218324672203,-0.43328144776126865,-0.049109884841962104,0.048322350743648844
8.9,RL,0.7148803469069925,swing,0.9690382929750011,9.447343950466186,-0.12588525976008474,-0.45551410008056853,-0.01391989502624478,0.06493073332228545
8.9,RR,0.21488034690699256,early_stance,-0.5703491245319606,10.162641243944735,0.12308095797950347,-0.6483678257454351,0.02279904457031594,-0.02341259638073706
8.92,FL,0.21904701357365924,early_stance,-0.6113537654855811,12.496640696546645,0.19554258182388148,-0.8458258198759868,0.03994374462126405,-0.06595638558246948
8.92,FR,0.7190470135736593,swing,-0.16700975128642723,11.606865011830145,-0.49700934938222513,-0.40760116133672064,-0.05897363672293301,0.02882749639833292
8.92,RL,0.7190470135736593,swing,0.8370308062697778,9.078438000130292,-0.14077283828687853,-0.41600604358065685,-0.014189049965788193,0.05756849490796091
8.92,RR,0.21904701357365924,early_stance,-0.7283476409628461,10.288238009272748,0.07598471509537585,-0.6459589263026497,0.01191394261052269,-0.005849300360632965
8.94,FL,0.22321368024032592,early_stance,-0.5071118775934694,12.942113155023502,0.22320515704311072,-0.8923599051755572,0.04406618793766163,-0.06309992795121008
8.94,FR,0.723213680240326,swing,-0.23185118993022039,11.10264624675075,-0.487262280230374,-0.3570868647013051,-0.06486232352999202,0.008502940416064697
8.94,RL,0.723213680240326,swing,0.6658605603292044,8.537638955073009,-0.15423565161761654,-0.3614441635772034,-0.022740509899678022,0.01901240532149976
8.94,RR,0.22321368024032592,early_stance,-0.7051344030441945,10.714984064325565,0.08218097692854315,-0.6676846929633908,0.012491568636201251,-0.01691831589514652
8.96,FL,0.2273803469069926,early_stance,-0.6012424126548601,13.526244953095754,0.2000223131348108,-0.9258963183515021,0.037416452384555605,-0.051562830628332404
8.96,FR,0.7273803469069926,swing,-0.34917841484355205,10.721555050067018,-0.5015274780432666,-0.29457861844437744,-0.0781483823994768,-0.00909700880519344
8.96,RL,0.7273803469069926,swing,0.5645177115110598,8.480902999395896,-0.1855901000093648,-0.32951436021673686,-0.03166158322787776,0.003087299641954289
8.96,RR,0.2273803469069926,early_stance,-0.7755902589695916,10.787561955664899,0.057347818748816254,-0.6437157339077341,0.009710716243968324,-0.050239668586892834
8.98,FL,0.23154701357365928,early_stance,-0.7022111270865468,14.255178565019019,0.1727615862323068,-0.9627614930519109,0.03291090798220374,-0.09434388311534557
8.98,FR,0.7315470135736593,swing,-0.3708941912321133,9.781741519127406,-0.44724109314584626,-0.24337123090926555,-0.09067857314825262,-0.03808631667259835
8.98,RL,0.7315470135736593,swing,0.5103858730721487,7.506171361484116,-0.12372825527749942,-0.2524515374559993,-0.02602929829936452,-0.02108872446763092
8.98,RR,0.23154701357365928,early_stance,-0.7442637125281286,11.733251809371719,0.0682131079272539,-0.7205279240217862,0.010304164615259183,-0.07052888310395145
9.0,FL,0.23571368024032596,early_stance,-0.6860296460196381,15.138062330244734,0.20549445629629662,-1.0524172922534896,0.03736991264875814,-0.12036196677705992
9.0,FR,0.7357136802403259,swing,-0.6053124619198696,9.207300788916282,-0.48235119717604386,-0.1780170414070421,-0.11686958836280435,-0.049392654272812635
9.0,RL,0.7357136802403259,swing,0.14631115558054797,7.071853852907368,-0.20346560927288745,-0.1707701751547416,-0.05627809939607926,-0.038255912826965534
9.0,RR,0.23571368024032596,early_stance,-0.5016688117284134,12.681286053115468,0.13758030627265613,-0.8252797533773374,0.018071548541883746,-0.09884939772726621
9.02,FL,0.23988034690699264,early_stance,-0.5046739528857334,15.896340011427496,0.2567236028149001,-1.1366134830469412,0.04145979286278243,-0.12443272461121954
9.02,FR,0.7398803469069927,swing,-0.4283415231277411,8.457320446767099,-0.38946441400983856,-0.17899684202840488,-0.09360530514669146,-0.05928702483477548
9.02,RL,0.7398803469069927,swing,-0.044431413727058916,6.280996796794784,-0.19891752325124512,-0.1113515153790054,-0.06553269427971048,-0.03896896968269273
9.02,RR,0.23988034690699264,early_stance,-0.5543265252350189,14.028205611411309,0.13048061235398617,-0.9232292681083922,0.01269576256517283,-0.11183194777289929
9.040000000000001,FL,0.24404701357365932,early_stance,-0.5409316589809404,16.916543879954883,0.2587192724427638,-1.2135755639286772,0.03825821356392309,-0.1869110053041475
9.040000000000001,FR,0.7440470135736593,swing,-0.7690842170037236,7.051840863850993,-0.38107046726644866,-0.06873892607679827,-0.10388613972998963,-0.031687035096052495
9.040000000000001,RL,0.7440470135736593,swing,-0.525707701700644,5.346351816716213,-0.2532632081997149,-0.0035351779503607905,-0.08795979944976555,-0.0015818166200407017
9.040000000000001,RR,0.24404701357365932,early_stance,-0.3349491250919702,15.077814469499971,0.20089747846963082,-1.039833787443691,0.012547605449381266,-0.14730367051345433
9.06,FL,0.248213680240326,early_stance,-0.4240273567179916,18.032027603543156,0.3007479434384335,-1.3218283463166502,0.03283247709754619,-0.19451513801706474
9.06,FR,0.748213680240326,swing,-0.6655924597975879,5.91405858209518,-0.2844444057294928,-0.04255480090993036,-0.08371209472088864,-0.024077141589074976
9.06,RL,0.748213680240326,swing,-0.6721457355241518,4.605795160518295,-0.23877519593758117,0.04569095252815575,-0.09317986470931351,0.02651396781359107
9.06,RR,0.248213680240326,early_stance,-0.14136990038684527,16.51537322126873,0.2548810062785617,-1.1820825190673097,0.015381254561595777,-0.24782916092222093
9.08,FL,0.2523803469069927,early_stance,-0.0257085822124554,19.189297325621467,0.40137468620844924,-1.4521815876389983,0.03668717416221714,-0.24423716154635072
9.08,FR,0.7523803469069927,swing,-0.8609842653472642,4.040341466168304,-0.20993749922617588,0.06260799154943852,-0.06860461728794215,0.04319197801071147
9.08,RL,0.7523803469069927,swing,-0.9886519300193797,3.5317217749234717,-0.2439562897884075,0.13249360072001126,-0.10297686993384732,0.0917797091509815
9.08,RR,0.2523803469069927,early_stance,0.16940096420006573,18.349083410326955,0.3373693000369069,-1.378038527002822,0.012069972849961369,-0.33075356181269044
9.1,FL,0.25654701357365933,early_stance,0.2570492439934437,19.873617079961647,0.4776830758968864,-1.5515162522713881,0.0265076215059496,-0.21931465392623983
9.1,FR,0.7565470135736594,swing,-0.8945557636957306,2.833396928362533,-0.15477304163245154,0.11168272916437194,-0.045484920818296366,0.07896476937650043
9.1,RL,0.7565470135736594,swing,-1.1074590677348288,2.4984556420081834,-0.20652911133534696,0.1819830839348724,-0.0901013032489015,0.14462232395171962
9.1,RR,0.25654701357365933,early_stance,0.4645874797651683,20.023369288961153,0.44425127481693066,-1.5644977436174259,0.0037116671537926835,-0.3824374071972606
9.120000000000001,FL,0.260713680240326,early_stance,0.5842596595228702,20.180711128779397,0.5660195668524283,-1.6274074670815695,0.019098116715147405,-0.269451076866667
9.120000000000001,FR,0.760713680240326,swing,-0.9238517967090852,1.0349291705186405,-0.057940148058266805,0.18458181041862987,-0.016484530245198498,0.14983314698291278
9.120000000000001,RL,0.760713680240326,swing,-1.4148702221473264,1.6021842760789893,-0.2290528498923104,0.256524586145088,-0.08881067143903601,0.22582040109194682
9.120000000000001,RR,0.260713680240326,early_stance,0.8440672596852542,21.258290568571393,0.5747599677151605,-1.731604259104216,-0.013213092281244974,-0.4011000713154418
9.14,FL,0.26488034690699264,early_stance,1.1609559421805329,19.605392687841174,0.7241941762815407,-1.6692809259782362,0.013894990410236398,-0.15389916548446514
9.14,FR,0.7648803469069927,swing,0.0,0.0,0.17387188957232938,0.09800799190867893,0.032089160751053045,0.09828622964441475
9.14,RL,0.7648803469069927,swing,0.0,0.0,0.1214960066239017,0.10037327044633104,0.01363337347108906,0.11396663711632156
9.14,RR,0.26488034690699264,early_stance,0.6685856121384242,23.610869176460234,0.6113082788359251,-1.916877854736498,0.005758078024633667,-0.478697369339963
9.16,FL,0.2690470135736593,early_stance,1.2225023515686748,19.308450692344227,0.7381488618708855,-1.6747427634831873,0.06265213568747696,-0.06129111296707219
9.16,FR,0.7690470135736593,swing,0.0,0.0,0.2873526693354676,0.07950662736608205,0.05247085465277226,0.0759801804405031
9.16,RL,0.7690470135736593,swing,0.0,0.0,0.29670063498875054,0.06150508452543757,0.06038382860511197,0.06823414388639659
9.16,RR,0.2690470135736593,early_stance,0.911484091114971,25.320106526859323,0.6901693877239714,-2.077831009938055,0.048906735116980495,-0.4722348468596516
9.18,FL,0.27321368024032594,early_stance,1.128387572490722,19.288227832936723,0.7183000792835906,-1.670016263596412,0.09825686848012893,-0.014678275768225684
9.18,FR,0.773213680240326,swing,0.0,0.0,0.3122045805196347,0.07404976014069975,0.10700725314749145,0.07519241747053662
9.18,RL,0.773213680240326,swing,0.0,0.0,0.2820031685149265,0.07563965737364609,0.10275611429167585,0.08692117756265495
9.18,RR,0.27321368024032594,early_stance,0.9025758453267881,26.081764605558636,0.707480453267453,-2.1557855957243763,0.06291508167100614,-0.2893282818658962
9.200000000000001,FL,0.2773803469069926,early_stance,1.4156073713600892,18.976386962647936,0.7923290422937488,-1.6765075770058269,0.13788813363639707,-0.015236058104831158
9.200000000000001,FR,0.7773803469069926,swing,0.0,0.0,0.26342438010074487,0.08655742536769495,0.10752549560276954,0.08811999634599962
9.200000000000001,RL,0.7773803469069926,swing,0.0,0.0,0.25160282659708316,0.08466357924792123,0.08729479623866816,0.09826869099832415
9.200000000000001,RR,0.2773803469069926,early_stance,0.8315566279782312,25.667319127223696,0.6980853842647793,-2.1500688237779517,0.05852626206538562,-0.08496014165599022
9.22,FL,0.28154701357365924,early_stance,1.2135464081337763,19.0420083003635,0.731957835695022,-1.6680953252418995,0.15182958773229252,0.019979943094190163
9.22,FR,0.7815470135736593,swing,0.0,0.0,0.25666400452163257,0.08999828601465465,0.1163721710664439,0.09608157858726542
9.22,RL,0.7815470135736593,swing,0.0,0.0,0.2615957736383365,0.08291365230052494,0.09459841431342693,0.10049261683186099
9.22,RR,0.28154701357365924,early_stance,0.8353201532701173,25.279542788161645,0.7004979359457408,-2.135979666570692,0.08600151711261046,0.001540889266271711
9.24,FL,0.2857136802403259,early_stance,0.9333912887288088,19.00089724108386,0.6537709769400748,-1.6160148642673788,0.15521719936334966,0.010267543534400923
9.24,FR,0.785713680240326,swing,0.0,0.0,0.22169986874939002,0.09905573292463843,0.07591308403649646,0.10731390555955973
9.24,RL,0.785713680240326,swing,0.0,0.0,0.26886991153397416,0.08177547278913444,0.09858258956679514,0.10024945079267226
9.24,RR,0.2857136802403259,early_stance,0.7786861555960566,24.815504029699923,0.6770498688261521,-2.0940386802314728,0.10430944994215216,0.09895109726793958
9.26,FL,0.28988034690699255,early_stance,0.6533156347433506,19.292788754198707,0.5761953584590531,-1.6044365789246389,0.14400269829466716,0.026663890073723304
9.26,FR,0.7898803469069926,swing,0.0,0.0,0.27047179655917436,0.0868042908915887,0.09209294247548877,0.0950819252850231
9.26,RL,0.7898803469069926,swing,0.0,0.0,0.25425882986614634,0.0836192510027921,0.07406406007696908,0.09880269351389406
9.26,RR,0.28988034690699255,early_stance,0.6095535002236782,24.32107954356361,0.6302742806060297,-2.0339716366994818,0.11889058014822401,0.16305829368930222
9.28,FL,0.2940470135736592,early_stance,0.5409344703402075,19.47547546964243,0.5386080835751557,-1.595198252576993,0.14419222182142083,0.0278831402559794
9.28,FR,0.7940470135736593,swing,0.0,0.0,0.2526716227954399,0.09335096488016159,0.08441672049078745,0.10574467854963916
9.28,RL,0.7940470135736593,swing,0.0,0.0,0.2626885209289984,0.08152625273406644,0.06480659927868268,0.09859191418784466
9.28,RR,0.2940470135736592,early_stance,0.3995541241126266,23.896665756104202,0.5603896438191254,-1.9647308991545134,0.12298817509152227,0.20542132138131064
9.3,FL,0.29821368024032585,early_stance,0.13037184925008294,19.782426026635743,0.4478684847444506,-1.5858829967352137,0.12128127700211912,0.03315585196200889
9.3,FR,0.7982136802403259,swing,0.0,0.0,0.2557665628600122,0.09136464392015309,0.057396332516028534,0.10116672529363316
9.3,RL,0.7982136802403259,swing,0.0,0.0,0.2724763264872335,0.07947250067359368,0.049609746622959326,0.09701667259641128
9.3,RR,0.29821368024032585,early_stance,0.0367192957820201,23.291478806297352,0.44932993084399175,-1.8585606730505073,0.0994182086127303,0.26686416184664963
9.32,FL,0.3023803469069925,early_stance,-0.14765177100464918,19.992561804523586,0.37216739951439876,-1.562051057734532,0.09769288165130004,0.05058397888435124
9.32,FR,0.8023803469069926,swing,0.0,0.0,0.26617090484599765,0.08789253553317022,0.03581416707467111,0.09640211652822422
9.32,RL,0.8023803469069926,swing,0.0,0.0,0.2821301773288293,0.07461267551774298,0.0330065314188217,0.08808265458787083
9.32,RR,0.3023803469069925,early_stance,-0.2539830507925429,22.70160648838604,0.3560558257259765,-1.7591173658406942,0.09189991663822934,0.179689501036875
9.34,FL,0.30654701357365916,early_stance,-0.44846022945975766,20.36957337376924,0.2913067283559962,-1.5470205999074989,0.07691774169224674,0.04436278614684869
9.34,FR,0.8065470135736592,swing,0.0,0.0,0.3017946683560248,0.08199604606307775,0.04034089751192975,0.08579959307113086
9.34,RL,0.8065470135736592,swing,0.0,0.0,0.2922378885851126,0.07238405944295201,0.027696653744561,0.0808317799021883
9.34,RR,0.30654701357365916,early_stance,-0.4562396163995702,22.527067274458126,0.2987440505274775,-1.7173012380389536,0.08541983472359684,0.1494852010093308
9.36,FL,0.3107136802403258,early_stance,-0.4176680622753725,20.391503939343025,0.2946758744284088,-1.553018600307454,0.06947883299208196,0.09172272830968879
9.36,FR,0.8107136802403259,swing,0.0,0.0,0.2777623309252089,0.08156890732216604,0.02306417284809575,0.08383036571923708
9.36,RL,0.8107136802403259,swing,0.0,0.0,0.2154746216435407,0.08373632902144212,-0.0006049660106028059,0.08679228239216838
9.36,RR,0.3107136802403258,early_stance,-0.7403929743422362,22.320680120070396,0.21424576818472085,-1.6571517791183166,0.05844805088785916,0.15442547510884091
9.38,FL,0.31488034690699246,early_stance,-0.7710032728221072,20.83450386381665,0.20308991911071675,-1.5381369648430787,0.04486982310657171,0.058640268930151174
9.38,FR,0.8148803469069925,swing,0.0,0.0,0.26783462387686274,0.08051039105727409,0.006161440270093517,0.07499039852778268
9.38,RL,0.8148803469069925,swing,0.0,0.0,0.2654747490741472,0.06522149994088033,-0.032166474568123764,0.06480382992571147
9.38,RR,0.31488034690699246,early_stance,-1.0034006532939561,21.686358602715412,0.1311529060722179,-1.563982323667061,0.02967306647906006,0.19647778499870008
9.4,FL,0.3190470135736591,early_stance,-0.9023650822030506,21.000388712534527,0.17619177124420998,-1.5257925230487033,0.03662782378739808,0.036036664941255264
9.4,FR,0.8190470135736592,swing,0.0,0.0,0.26204470144115016,0.08396322815448276,-0.013501365834118822,0.07866811413204437
9.4,RL,0.8190470135736592,swing,0.0,0.0,0.2394011284447428,0.06813371951400171,-0.044267583844948305,0.059800318220253425
9.4,RR,0.3190470135736591,early_stance,-1.1370901148068313,21.09689287082382,0.10268578468402353,-1.5040603975324334,0.021691504544716966,0.15372649604626967
9.42,FL,0.32321368024032576,early_stance,-1.02860972599847,21.273222730895167,0.14901614029539845,-1.5449087857868027,0.029698325579343404,0.06650625533994624
9.42,FR,0.8232136802403258,swing,0.0,0.0,0.22565246527072363,0.09753700914574692,-0.03591925625149836,0.08664422585932907
9.42,RL,0.8232136802403258,swing,0.0,0.0,0.24089336002951062,0.06465869076000552,-0.05433253649989033,0.05420537734434943
9.42,RR,0.32321368024032576,early_stance,-1.1273227822514695,20.810425620686743,0.10162445966594819,-1.4809911791549555,0.022534817224876685,0.10481483798752728
9.44,FL,0.3273803469069924,early_stance,-1.0712289645711082,21.460856864426997,0.15808677800710622,-1.5430827529423852,0.03277737656093905,0.024838479574554276
9.44,FR,0.8273803469069925,swing,0.0,0.0,0.2832788541329767,0.07356235653400023,-0.07167776874549965,0.05749004067386234
9.44,RL,0.8273803469069925,swing,-2.7504525282495553,5.245942773353461,0.02861869584046292,0.02406303773972518,-0.0037575626658428573,0.020522759574274713
9.44,RR,0.3273803469069924,early_stance,-1.2129133843619513,19.98976975310498,0.05716706315158415,-1.3983448492834836,0.011777789700610587,0.09867117391555918
9.46,FL,0.33154701357365907,early_stance,-0.4791129615027671,22.49911368947638,0.28683483431290874,-1.6644304888592234,0.0008779448578505048,-0.07912943277068848
9.46,FR,0.8315470135736591,swing,0.0,0.0,0.24823759731691314,0.07027620769207321,-0.08139884579880614,0.05346990768489563
9.46,RL,0.8315470135736591,swing,-3.897445598638238,9.237226935154103,-0.8520383193709272,-0.010685564074603526,-0.21640221304372317,-0.007857734445899775
9.46,RR,0.33154701357365907,early_stance,0.0735394535253159,14.196198193618866,0.3172106466264936,-1.0987362846122934,-0.013511845909986598,0.3003744842250064
9.48,FL,0.3357136802403257,early_stance,0.48414288218962,22.31442037634351,0.560839745592074,-1.7884381589825389,-0.08002747766287967,-0.21904182177588627
9.48,FR,0.8357136802403258,swing,0.0,0.0,0.2229221790049986,0.07747840688731422,-0.10130307297558486,0.051877786950714315
9.48,RL,0.8357136802403258,swing,-5.175047129863592,9.295006613609933,-1.2680415712973454,0.14279584379270727,-0.03015976158804731,0.08692694317087811
9.48,RR,0.3357136802403257,early_stance,0.8028359398622722,11.772853691717675,0.47636773308072716,-1.000465650989851,-0.028882049700129506,0.19442913494681904
9.5,FL,0.33988034690699237,early_stance,1.6872724833609316,21.991980759379807,0.8906779218840738,-1.931456123454046,-0.22236270217063736,-0.22545039190075553
9.5,FR,0.8398803469069924,swing,0.0,0.0,0.2629503628986149,0.07066507739706829,-0.12793392336866619,0.04000488469467597
9.5,RL,0.8398803469069924,swing,-6.10575574849124,10.279816174096343,-1.5136561472427328,0.16079107149758382,0.3018542404390904,0.07935419839762514
9.5,RR,0.33988034690699237,early_stance,1.4478570965661535,10.641634458972728,0.6387515236580387,-0.9950959789146303,-0.015049040423323619,0.08281136162521051
9.52,FL,0.344047013573659,early_stance,3.0665037318195942,21.246125375899716,1.273871528941045,-2.0659841292008294,-0.3696839982757705,-0.3294366894882997
9.52,FR,0.8440470135736591,swing,0.0,0.0,0.21015135179462152,0.08195112647487385,-0.12336748462132996,0.03900192829142305
9.52,RL,0.8440470135736591,swing,-6.931594297318894,11.312338066021791,-1.723876436108437,0.1634683216304869,0.6266539486240474,0.06828349806004809
9.52,RR,0.344047013573659,early_stance,1.8954022538007165,9.825424236261329,0.7368808571714188,-0.9783514081454663,-0.03684929143648412,0.04745461224138405
9.540000000000001,FL,0.3482136802403257,early_stance,4.193891120720703,20.86777866266341,1.5886057202870991,-2.1894507890397623,-0.5435314652177241,-0.26008827174125615
9.540000000000001,FR,0.8482136802403257,swing,0.0,0.0,0.22774032126117394,0.07622275443304966,-0.16183005093440087,0.02895853599975685
9.540000000000001,RL,0.8482136802403257,swing,-8.084586836739488,12.897432034576235,-2.002391382346213,0.14710177979119163,1.0254080920869915,0.04544195507972619
9.540000000000001,RR,0.3482136802403257,early_stance,2.5757495316128605,8.719100506350735,0.9043183062558746,-0.9560773060543167,-0.06309769112829329,-0.010205209264717272
9.56,FL,0.3523803469069923,late_stance,5.465723819164529,20.270169240343524,1.9364036208216413,-2.306826457086787,-0.6592973728183088,-0.34201736094109436
9.56,FR,0.8523803469069924,swing,0.0,0.0,0.24496940285502478,0.0715713222920808,-0.18428148843959793,0.024555417754661635
9.56,RL,0.8523803469069924,swing,-9.306824290489777,13.941259663036579,-2.266252010565011,0.17456033132449372,1.411607335645646,0.041130585537199886
9.56,RR,0.3523803469069923,late_stance,3.327881615661897,8.127283607209804,1.0932601264269008,-1.013747468667774,-0.1045698812438702,-0.05732278830907539
9.58,FL,0.356547013573659,late_stance,6.599479607180149,20.050294689215274,2.2468857688976174,-2.4442833388210197,-0.7984576066793079,-0.1787421664986697
9.58,FR,0.856547013573659,swing,0.0,0.0,0.20621317361105773,0.08500693839167808,-0.169386628790842,0.01783818049806086
9.58,RL,0.856547013573659,swing,-10.1352742003591,15.163119408625302,-2.4304395445184936,0.12698411163236656,1.6781214584091966,0.01890039425017138
9.58,RR,0.356547013573659,late_stance,4.238466265275751,7.726253459626841,1.3271751048182434,-1.1069471931933244,-0.11661452177025952,-0.12793117325804026
9.6,FL,0.36071368024032563,late_stance,7.8184464589749565,18.96822311176654,2.5752651623532397,-2.508501511511581,-0.8325591367124332,-0.19627974361180842
9.6,FR,0.8607136802403257,swing,0.0,0.0,0.2018986319408791,0.07964678405461163,-0.1843980095092114,0.008513842160831005
9.6,RL,0.8607136802403257,swing,-11.209789853764834,16.871317020618527,-2.667033710269724,0.0664621379157456,2.0393276479167186,0.0020226536244176744
9.6,RR,0.36071368024032563,late_stance,5.000348659654196,7.07537454600808,1.5139197679984737,-1.155923573788513,-0.15449552186080803,-0.1597581679883509
9.620000000000001,FL,0.3648803469069923,late_stance,8.871327246755872,17.444445968604803,2.8262074776557107,-2.498781944310609,-0.5539864267721256,-0.7491842089980953
9.620000000000001,FR,0.8648803469069923,swing,0.0,0.0,0.22069300124004476,0.052400037142500605,-0.20026172805339534,0.001132230586402077
9.620000000000001,RL,0.8648803469069923,swing,-12.152748328005273,17.543431622029516,-2.8358913492815865,0.03754459831183812,2.506204885017959,-0.005432393689001695
9.620000000000001,RR,0.3648803469069923,late_stance,5.909765338328626,6.592123741754498,1.7413290843246578,-1.2419398945311468,-0.2272226144727239,-0.18082194625676062
9.64,FL,0.36904701357365893,late_stance,9.242207276794817,17.092056597254448,2.899888496134149,-2.491862667766911,-0.2668107646599397,-1.2757920465366852
9.64,FR,0.869047013573659,swing,0.0,0.0,0.18244956556886194,0.054041065492211986,-0.1760864214633536,-0.0031973542201675764
9.64,RL,0.869047013573659,swing,-12.778514780878794,17.43605817876335,-2.9306293069931795,0.07664061738599559,2.9122766089218155,-0.023340930765952683
9.64,RR,0.36904701357365893,late_stance,6.747610785688092,6.760912801634973,1.9402609173536207,-1.3734329607275033,-0.23893086690065507,-0.24600266600724993
9.66,FL,0.3732136802403256,late_stance,9.403951640028133,16.86346917532326,2.972949967713454,-2.484945842334565,-0.00015311579779546015,-1.7340655088508452
9.66,FR,0.8732136802403256,swing,0.0,0.0,0.2100526606347447,0.01877552754461065,-0.21656839176116682,-0.00430241586201004
9.66,RL,0.8732136802403256,swing,-13.369003102774387,16.98214840903009,-3.030538316437307,0.1520411810431872,3.27464822834233,-0.06806626884184226
9.66,RR,0.3732136802403256,late_stance,7.3785141255111,7.37940339495721,2.114713497315629,-1.5179706622076719,-0.20513109167706134,-0.3080638691409322
9.68,FL,0.37738034690699224,late_stance,9.287483173972241,16.94101547272582,2.940716100017767,-2.4807025975983956,0.22827626527869727,-2.109169981131466
9.68,FR,0.8773803469069923,swing,0.0,0.0,0.19317753041767138,0.032874087733156976,-0.1955793487322321,-0.01055306601747655
9.68,RL,0.8773803469069923,swing,-13.717312294462033,16.36339632163166,-3.0845011122933594,0.2218643115017695,3.5659208314277757,-0.13195018095527822
9.68,RR,0.37738034690699224,late_stance,7.8071865226420725,7.809600556985225,2.2512308629347366,-1.624432700176882,-0.11705715520611897,-0.28923750987505714
9.700000000000001,FL,0.3815470135736589,late_stance,9.45012317643872,16.622666088199015,2.97327148239577,-2.478017571983734,0.453276772286219,-2.4236603611186256
9.700000000000001,FR,0.8815470135736589,swing,0.0,0.0,0.18312015842638585,0.03422344508970293,-0.18443868391775042,-0.011847052949121337
9.700000000000001,RL,0.8815470135736589,swing,-13.833848875416447,15.879804471923341,-3.1126759638234525,0.27722237421823126,3.757034187899245,-0.2028147460838249
9.700000000000001,RR,0.3815470135736589,late_stance,8.028421198793303,8.032180256242553,2.3328682276374635,-1.674801479412771,0.020947735974090845,-0.20486762379874293
9.72,FL,0.38571368024032554,late_stance,9.087281334179947,16.991896346630266,2.8729426084852587,-2.4766422750952293,0.6891499745382744,-2.746093640044535
9.72,FR,0.8857136802403256,swing,0.0,0.0,0.20035682866254056,0.026740281473050298,-0.2054572101820852,-0.014841678916729268
9.72,RL,0.8857136802403256,swing,-14.20294100686955,15.249735485814394,-3.2019335523013996,0.38184678456508914,3.912712833789145,-0.3157790665208454
9.72,RR,0.38571368024032554,late_stance,8.268414357369826,8.271978290496106,2.3629721068270837,-1.7161088319669764,0.0663720216889996,-0.16349429066485333
9.74,FL,0.3898803469069922,late_stance,8.510795434090246,17.55153261623013,2.72615890141764,-2.4750596643603893,0.7360707121040865,-2.8052253171146084
9.74,FR,0.8898803469069922,swing,0.0,0.0,0.16368900821095422,0.039399264300263914,-0.17014671140337165,-0.02240607615003371
9.74,RL,0.8898803469069922,swing,-14.432661118654588,14.548622517122716,-3.2476597145250223,0.46502910961013477,3.963777275140379,-0.41608006510346945
9.74,RR,0.3898803469069922,late_stance,8.83730779047744,8.841160325397139,2.500134928298644,-1.8307301728161034,0.1091052158773778,-0.28520693808482256
9.76,FL,0.39404701357365884,late_stance,8.213465431714548,17.742339212616987,2.6391435050913317,-2.472951881894741,0.7381013536677816,-2.716409402572755
9.76,FR,0.8940470135736589,swing,0.0,0.0,0.19193725887010904,0.030500141423521088,-0.1893657921674906,-0.01990266119936618
9.76,RL,0.8940470135736589,swing,-14.692596385590416,14.774546452574645,-3.3391147265210313,0.4976505501867191,4.1733261565044355,-0.5112835202511017
9.76,RR,0.39404701357365884,late_stance,9.469762601783474,9.475038736002196,2.580142888391656,-1.9577250642743376,-0.02219315592866826,-0.33836408747050983
9.78,FL,0.3982136802403255,late_stance,8.02839059914727,17.71960315486824,2.5681732918952265,-2.4700691194104087,0.8086122314960189,-2.5973079640705854
9.78,FR,0.8982136802403256,swing,0.0,0.0,0.16148639024400313,0.03689379853482555,-0.1575866155994104,-0.02884920034080343
9.78,RL,0.8982136802403256,swing,-14.645471469702832,14.71368174522776,-3.3682157386006373,0.5458070872859734,4.033933253312145,-0.5186736191121215
9.78,RR,0.3982136802403255,late_stance,9.911505784215342,10.9092226705496,2.734805358477839,-2.134057667861795,-0.08751616564666972,-0.49465811385670905
9.8,FL,0.40238034690699215,late_stance,7.52644969181859,18.09905294303058,2.4245361077961016,-2.4702245533954925,0.7143267916090401,-2.334750173527714
9.8,FR,0.9023803469069922,swing,0.0,0.0,0.15020266652269632,0.039556911910478054,-0.15528960942775846,-0.032213350734574785
9.8,RL,0.9023803469069922,swing,-14.335250551510942,14.398722959560004,-3.340493698421187,0.574163023346086,4.157819489907762,-0.5860150534723715
9.8,RR,0.40238034690699215,late_stance,10.150299769287699,12.362603791682549,2.817643227306697,-2.279758634923412,-0.08575704030508918,-0.5084414609125893
9.82,FL,0.4065470135736588,late_stance,7.381358600208849,18.082007626595903,2.3574351360199794,-2.4705268114626335,0.644427153981898,-2.0653650340127294
9.82,FR,0.9065470135736589,swing,0.0,0.0,0.1790029586828058,0.030362282540053243,-0.17522505911967695,-0.026116416590686364
9.82,RL,0.9065470135736589,swing,-13.883825029351902,13.934346242933618,-3.2827796447560567,0.5933730572296941,4.397260451798305,-0.6077117015674076
9.82,RR,0.4065470135736588,late_stance,10.34063623276691,13.384854761234731,2.879929694280473,-2.3833285330356584,-0.035610016144929375,-0.43849845226782
9.84,FL,0.41071368024032545,late_stance,7.1471500154592045,18.167096931202245,2.257492837133882,-2.4730187829962444,0.5538313681225799,-1.6244146909937847
9.84,FR,0.9107136802403255,swing,0.0,0.0,0.14726408551055126,0.03877447121185418,-0.14154699990261305,-0.03803291877217435
9.84,RL,0.9107136802403255,swing,-12.62811718203495,12.67310103484442,-3.0859110046087856,0.5874494843238988,4.49861772392922,-0.5787203992703723
9.84,RR,0.41071368024032545,late_stance,10.732623831187937,13.723778359455082,2.9954511184559434,-2.4730187829962444,0.16629845768120613,-0.4440082981039658
9.86,FL,0.4148803469069921,late_stance,6.163644319700515,19.254879720487626,1.95927212403756,-2.5301097329825564,0.9804265132200892,-0.47106452801455595
9.86,FR,0.9148803469069922,swing,0.0,0.0,0.04008236520739605,0.12243535829837682,-0.030982970503865358,-0.1271579942832329
9.86,RL,0.9148803469069922,swing,0.0,0.0,-0.530625657359729,0.11697393848357701,1.8460964208570705,-0.05460715218647716
9.86,RR,0.4148803469069921,late_stance,7.951087577714769,19.736237799069517,2.2696597736685153,-2.5301097329825564,1.8173560542073994,-2.2045883414423257
9.88,FL,0.41904701357365876,late_stance,3.928647855737128,19.44116820464767,1.4067729184420792,-2.305618082607763,1.1413228209869144,0.9747827262582942
9.88,FR,0.9190470135736588,swing,0.0,0.0,0.04255716211456484,0.10040713380798727,-0.037172725240789864,-0.10536938910595407
9.88,RL,0.9190470135736588,swing,0.0,0.0,0.3123713664060994,-0.0478686239495415,-0.8221433219897664,0.032805883532286334
9.88,RR,0.41904701357365876,late_stance,4.115043365888626,27.344183886393722,1.1743941925810966,-2.5628683240370784,1.4775704321314467,-2.684875277628034
9.9,FL,0.4232136802403254,late_stance,3.0761045340112414,17.48464178088154,1.1628823000738733,-2.0169935292330288,0.649608022290534,1.7429925704607259
9.9,FR,0.9232136802403255,swing,-6.388676298771813,13.494259142578283,-0.5641485227528058,-0.5324957904672445,0.09073497807005668,0.20871830122172938
9.9,RL,0.9232136802403255,swing,-7.702044435577784,7.7116688458940965,-0.9147561182254934,0.13482383036738377,0.485044312560526,-0.14684983782783506
9.9,RR,0.4232136802403254,late_stance,3.8645571389883497,27.0175201387603,1.0110663112345941,-2.544147681278503,0.6240358329025134,-0.024447318674047116
9.92,FL,0.42738034690699206,late_stance,5.442802709922563,9.733219288414839,1.5941199101200114,-1.6059937680391552,-0.054451812752877846,2.375227362514751
9.92,FR,0.9273803469069921,swing,-7.990736743079564,17.783414061804304,-1.3117807400074208,-0.7570946378716662,0.12152533733164109,0.6190403687650068
9.92,RL,0.9273803469069921,swing,-7.141457639871681,7.186109443750253,-1.48276256272706,0.2708891985318578,0.6418610252573487,-0.29501775811335357
9.92,RR,0.42738034690699206,late_stance,4.67784161536904,19.100969853697638,1.2402421717347598,-2.0543271988728353,0.1742305437022626,1.5715592926827058
9.94,FL,0.4315470135736587,late_stance,6.806383796032287,7.059047720553297,1.8807332357065025,-1.5423826976704942,-0.21244459804003515,2.473786697082942
9.94,FR,0.9315470135736588,swing,-8.402045152798449,14.819772109100933,-1.5804312651971633,-0.3840349717107092,0.44455486451072934,0.5427888344198455
9.94,RL,0.9315470135736588,swing,0.0,0.0,-0.6073346867704359,0.1817653800788852,0.9655103260196626,-0.1594659775153207
9.94,RR,0.4315470135736587,late_stance,4.840500782317058,18.332762359534616,1.224994100438058,-1.9992242965424052,0.21578316019538848,1.7280102039739302
9.96,FL,0.43571368024032536,late_stance,6.649422135796566,6.931746187592334,1.8228953106065515,-1.5105123740693347,0.27005942849422815,2.523222797954327
9.96,FR,0.9357136802403254,swing,-9.632375018917246,11.262954175130805,-2.0085727988317488,0.1325428764576959,0.546610019205782,-0.22990933023311946
9.96,RL,0.9357136802403254,swing,0.0,0.0,0.172744317458007,-0.02521600284534853,-0.28063191508259955,0.019251262986667437
9.96,RR,0.43571368024032536,late_stance,3.5533683147271997,18.955833151799713,0.874362744719458,-1.8304422847866744,0.3347604644466154,1.4352296670452456
9.98,FL,0.439880346906992,late_stance,6.41661280083413,6.741977976414149,1.7633583741025272,-1.47886112234134,0.34319207600914176,2.5381133775131466
9.98,FR,0.9398803469069921,swing,-10.902789397103945,11.823810429116946,-2.409542300912666,0.34652472084672903,0.6173980299194256,-0.5265313552445214
9.98,RL,0.9398803469069921,swing,0.0,0.0,0.20093354848583422,-0.01786512304712562,-0.23548399646043855,0.014547177103028221
9.98,RR,0.439880346906992,late_stance,2.556109039586041,18.33614316093226,0.584340970987087,-1.5963019778783445,0.25445153720852276,1.0474803593399058
10.0,FL,0.44404701357365867,late_stance,6.6550972130585,7.0079639669028815,1.7796613753983848,-1.503365274865952,0.2665101335316924,2.5107149321571405
10.0,FR,0.9440470135736587,swing,-12.102350095212186,12.999709869847928,-2.7544565482714103,0.46286761045741076,0.9320221633492476,-0.5731505050541632
10.0,RL,0.9440470135736587,swing,0.0,0.0,0.16975422215525648,-0.015331971258949695,-0.14369515265143398,0.012813372944520968
10.0,RR,0.44404701357365867,late_stance,1.7424190194075864,16.208184739047272,0.39113573049269285,-1.2993768797442906,0.1552520984254885,0.7012573269942168
10.02,FL,0.4482136802403253,late_stance,6.65666239045959,10.222739181928736,1.829113800861772,-1.6984505604768454,0.3191580557778601,2.288752811519211
10.02,FR,0.9482136802403254,swing,-12.19446410406625,13.077964325764102,-2.816593251617829,0.5129366287955921,1.3084442526747018,-0.5616202399665061
10.02,RL,0.9482136802403254,swing,0.0,0.0,0.10661469376021432,0.005700334649821226,-0.06892208443135889,-0.0046686609614207675
10.02,RR,0.4482136802403253,late_stance,1.147111860421786,16.112982148186376,0.21600276528331808,-1.1799114466371032,0.09018992606024218,0.4027370727617172
10.040000000000001,FL,0.45238034690699197,late_stance,6.00333703548481,10.278408227272125,1.7352162656634413,-1.5894619757599897,0.4142390620282227,1.332288148264237
10.040000000000001,FR,0.952380346906992,swing,-10.268693644785408,10.925056405219324,-2.5195682573532565,0.479660106006653,2.0852922851562283,-0.4361285302716964
10.040000000000001,RL,0.952380346906992,swing,-5.916453604500409,10.660218762203842,-0.3465452207553127,-0.3245068708541887,0.035290403107267804,0.12991441843810542
10.040000000000001,RR,0.45238034690699197,late_stance,1.08845166444863,12.14497214777782,0.2235194569281244,-0.900546051370729,0.03473588175630343,0.41291700523905844
10.06,FL,0.4565470135736586,late_stance,6.350398828227583,15.943199833693901,1.6686530526604724,-1.948227706562471,0.41735049140804015,0.1673118703768007
10.06,FR,0.9565470135736587,swing,0.0,0.0,0.1882090774179752,-0.019798370706862134,-0.503348837126383,0.006573612416425614
10.06,RL,0.9565470135736587,swing,-6.591133136463461,16.20234612560317,-0.6165651775395177,-0.8029697952327807,0.08351397843182148,0.28321068537747063
10.06,RR,0.4565470135736586,late_stance,1.7287588609770177,8.365727534684796,0.4599516159334708,-0.745456287275333,-0.005273911518360952,0.25951319845772985
10.08,FL,0.4607136802403253,late_stance,6.517027105719014,17.588397049552874,1.6550344793744407,-2.0614461465667056,0.34615873188886614,-0.004714001774413877
10.08,FR,0.9607136802403253,swing,0.0,0.0,0.38740050558209316,-0.08111864873431562,-0.5508326899355207,0.03950796505235077
10.08,RL,0.9607136802403253,swing,-6.490267768529455,15.812046832902146,-0.6727713234894495,-0.7662030169866079,0.1995965658258009,0.4513907653252438
10.08,RR,0.4607136802403253,late_stance,1.4219818016212236,8.686287996491696,0.35530759447721905,-0.7118569723033645,0.055175378158574095,0.16804583476782387
10.1,FL,0.4648803469069919,late_stance,6.788295261520575,18.06540695340326,1.6847994605183032,-2.102990504555669,0.34559806498209605,-0.0694546156212746
10.1,FR,0.964880346906992,swing,0.0,0.0,0.17276823507251365,-0.01405166138779268,-0.10395601091114537,0.00784281246340607
10.1,RL,0.964880346906992,swing,-5.53359427038566,13.941251727751379,-0.5595484510516457,-0.6842719455759377,0.2043645843996698,0.4917250292640644
10.1,RR,0.4648803469069919,late_stance,0.8975665466943767,9.5096072356812,0.19062335681200215,-0.6701757897978193,0.05136259157304456,0.09938225099119913
10.120000000000001,FL,0.4690470135736586,late_stance,6.700728777818333,18.551805786046017,1.6104058586489902,-2.1395665497866028,0.31869104914746826,0.02102785877043625
10.120000000000001,FR,0.9690470135736586,swing,-2.4876821829897775,4.533905864873768,0.007999120761224054,-0.03801943980085554,-0.0017158475062714184,0.016211001496830094
10.120000000000001,RL,0.9690470135736586,swing,-4.881204928077929,11.75560332198469,-0.5283493485704054,-0.5350091041363848,0.19325609044772496,0.41579380752708234
10.120000000000001,RR,0.4690470135736586,late_stance,0.46669055204241827,10.573692807350774,0.045499130145279176,-0.6537072731647988,0.015493049124769603,0.036684750567759106
10.14,FL,0.47321368024032523,late_stance,6.69093674621883,12.878896123790781,1.70813710078825,-1.771007104113556,0.16859517855614317,0.6243464261684026
10.14,FR,0.9732136802403253,swing,-4.92378310869063,11.457090878002246,-0.6167611847935481,-0.38899132665212893,-0.13022773153490508,0.05656392938188405
10.14,RL,0.9732136802403253,swing,-4.6711342007824115,10.420264112869061,-0.5624640399623172,-0.41112793807900017,0.13191174967498934,0.2898377401853719
10.14,RR,0.47321368024032523,late_stance,0.0121541076555952,10.620703676653926,-0.07832226444020524,-0.5841665614172137,-0.026252515563675888,0.06922139016373513
10.16,FL,0.4773803469069919,late_stance,6.450478570241564,8.931466753070998,1.7092747168915912,-1.4860506755495348,0.16238274307317518,0.6039625746220305
10.16,FR,0.9773803469069919,swing,-5.804010066407718,13.09707682193825,-0.8183202204901943,-0.42442659663567983,-0.1017030119241376,0.09685642690613847
10.16,RL,0.9773803469069919,swing,-4.426398253610694,9.490270859165856,-0.5626174447010087,-0.3303741581170444,0.07151135094637902,0.1817060489930263
10.16,RR,0.4773803469069919,late_stance,-0.20236613348445065,10.311033446169066,-0.1405130788520411,-0.5170064277401524,-0.03903003043550845,0.05007935348442283
10.18,FL,0.48154701357365853,late_stance,6.34800568724805,7.1412816155587775,1.7121126081183065,-1.3578747167546434,0.14853615860764072,0.4801115488324318
10.18,FR,0.9815470135736586,swing,-5.890518949980475,14.214566839235383,-0.815986999141409,-0.5027632340594159,-0.04184158956946656,0.0759108714767422
10.18,RL,0.9815470135736586,swing,-4.40926244910253,9.004730454475283,-0.5954655146355882,-0.26876545144149455,0.06110810902450867,0.11553827003351784
10.18,RR,0.48154701357365853,late_stance,-0.2717119636470377,10.416265288352921,-0.17989476660151596,-0.49957086486128044,-0.03425012312980906,0.025525334172083924
10.200000000000001,FL,0.4857136802403252,late_stance,6.405863153892261,6.406013354341118,1.7521992297886315,-1.3136844188479375,0.2658429155686664,0.27254323384440615
10.200000000000001,FR,0.9857136802403252,swing,-5.673398131702458,14.815624331567996,-0.7894626865173815,-0.5786007936114954,0.032931617639719586,0.09656004547663381
10.200000000000001,RL,0.9857136802403252,swing,-4.364231001248323,9.220630647191216,-0.5505187159930376,-0.27664874844762233,0.0153030576854974,0.056470704284598015
10.200000000000001,RR,0.4857136802403252,late_stance,0.04382232738745111,10.76296894990531,-0.12004476766262367,-0.5421909037292735,-0.014451338020941338,0.013611093598755921
10.22,FL,0.48988034690699184,late_stance,6.304459176751965,6.30617194967279,1.697639300020351,-1.285975802149472,0.2451319552992,0.20121057533339906
10.22,FR,0.9898803469069919,swing,-4.981210180353592,14.350240541261083,-0.6334031130355163,-0.6093061437482321,0.03430392283784102,0.04629275096411156
10.22,RL,0.9898803469069919,swing,-4.128969476878335,9.864440506044456,-0.46961582945543484,-0.34851570476612415,-0.0018146616764517878,0.024467969725073587
10.22,RR,0.48988034690699184,late_stance,0.19041238022404397,11.073307588070179,-0.10502736275162518,-0.5682588614583124,-0.008127635060410872,-0.005084761141120954
10.24,FL,0.4940470135736585,late_stance,6.374792432703646,6.5692269854772825,1.7196784181236615,-1.3151363831853562,0.22861821629169182,0.10771802449364169
10.24,FR,0.9940470135736585,swing,-4.472104702304863,13.839558409967683,-0.5321987854359278,-0.6205425415820186,0.03382524543850078,0.016171962729704992
10.24,RL,0.9940470135736585,swing,-4.047727453352373,10.909600431019506,-0.38158234740617675,-0.420876535768589,-0.006562175584478416,-0.013242287141008209
10.24,RR,0.4940470135736585,late_stance,0.5969330221567061,11.061236797300214,-0.0022379808364406256,-0.6254581142711372,-8.467972764534389e-05,-0.004959710911757685
10.26,FL,0.4982136802403252,late_stance,6.245742328257409,7.44119729165582,1.6636460066181484,-1.3314092278391916,0.241392062002204,0.03049229278672953
10.26,FR,0.9982136802403252,swing,-3.7709968280704644,12.914168414197002,-0.38606551421280205,-0.6190784397837958,0.02159494038355542,0.005382995582523911
10.26,RL,0.9982136802403252,swing,-3.9756955265157816,11.378078825044174,-0.33356757507188395,-0.4681122086599645,-0.01829108605633882,-0.0651797555685959
10.26,RR,0.4982136802403252,late_stance,0.8096519876688132,11.372481880001017,0.034734148778454835,-0.6808191829473266,0.0010004355873200216,-0.0019076359953888958
10.28,FL,0.5023803469069918,late_stance,6.3236028921130485,8.065229190379846,1.6630846228873268,-1.376068966314501,0.2530045989458761,0.02473387369298225
10.28,FR,0.002380346906991848,early_stance,-3.0619186740493185,11.8706875883529,-0.23555549504756446,-0.603938148224541,0.002729527084781024,-0.017383451766822728
10.28,RL,0.002380346906991848,early_stance,-3.560308657560391,11.898504962978437,-0.19426903340873233,-0.5720132832609711,-0.016681978247824903,-0.10553740408791736
10.28,RR,0.5023803469069918,late_stance,0.9610618094245112,11.807695158225718,0.053821441917029436,-0.7325552100381277,0.0022704257151601776,0.0018545077952472479
10.3,FL,0.5065470135736585,late_stance,6.3307954887587155,8.747290393696886,1.6382070242394466,-1.4182385918664664,0.2825862637302544,0.027209153805678434
10.3,FR,0.0065470135736585,early_stance,-2.579852831244,11.064360655409004,-0.1199816807909479,-0.5915972880900635,-0.003984452844083004,-0.02643297570508996
10.3,RL,0.0065470135736585,early_stance,-3.548848275131553,12.169429977723293,-0.17809135546990174,-0.6014629039071002,-0.019310669032071508,-0.11099155208943928
10.3,RR,0.5065470135736585,late_stance,1.0981851392657629,12.075490298448889,0.07656547619090326,-0.780832140474892,0.0030107924363786316,0.04605953959579457
10.32,FL,0.5107136802403252,late_stance,6.281284067063929,9.270731906234985,1.603186389646598,-1.4436284529739771,0.30454629803490485,0.0465208899893047
10.32,FR,0.010713680240325152,early_stance,-2.3930152717140283,10.424648753545279,-0.09888049677369003,-0.5496275882099264,-0.008614100058701613,-0.04235077788121531
10.32,RL,0.010713680240325152,early_stance,-3.438935533731353,12.6750169771119,-0.12053282017360799,-0.667814930272219,-0.015079549787229205,-0.10958037709127814
10.32,RR,0.5107136802403252,late_stance,0.9991217558268362,11.684124664498619,0.06240217085913454,-0.7413841010760197,0.00436297934513337,0.04589128042254596
10.34,FL,0.5148803469069918,late_stance,6.087269498544529,9.899918886494225,1.5232459190637735,-1.4514202449563505,0.28728626151833614,0.15354082055951146
10.34,FR,0.014880346906991804,early_stance,-2.2932439223099377,10.036228741714712,-0.0925799628901201,-0.5332112176284607,-0.011031857388866105,-0.028905469456577786
10.34,RL,0.014880346906991804,early_stance,-3.161510225336989,12.249214695604046,-0.06468782575491402,-0.6607358231781901,-0.012438754611497698,-0.13513600936412132
10.34,RR,0.5148803469069918,late_stance,0.9111605693262601,11.814748856149235,0.0315359226322008,-0.7354121458385573,0.00316875906372177,0.05817774289822532
10.36,FL,0.5190470135736585,late_stance,5.946836123774043,9.932623233876676,1.4812276470718788,-1.4260529819881305,0.304298524872499,0.1444208129792361
10.36,FR,0.019047013573658456,early_stance,-2.1554680780504807,10.028388864948399,-0.05823888368801311,-0.5418084172921834,-0.009096828776348334,-0.042644194458879334
10.36,RL,0.019047013573658456,early_stance,-3.3360464644754835,12.829312334699257,-0.08962716609899879,-0.6980898049975336,-0.015908131385990894,-0.09853855995913845
10.36,RR,0.5190470135736585,late_stance,0.7125360607684873,11.175784344284951,-0.002381754189635807,-0.6663823997513563,-0.00026501620346599576,0.06284220325641167
10.38,FL,0.5232136802403251,late_stance,5.645558085604998,10.178456346567824,1.380249482045122,-1.388485910301345,0.29220688600036326,0.17086975357099668
10.38,FR,0.023213680240325107,early_stance,-2.274116558637187,10.134581510929609,-0.08930654593554802,-0.5339777574876304,-0.015935151169104544,-0.0354704908136782
10.38,RL,0.023213680240325107,early_stance,-3.2545830578725266,12.659584149757324,-0.08063880009267327,-0.6907022924890454,-0.01608289505544515,-0.09568498161301248
10.38,RR,0.5232136802403251,late_stance,0.7135814130449594,10.995309365663084,-0.0033883419837208023,-0.6513924255351048,-0.000459371137390493,0.06518461904234468
10.4,FL,0.5273803469069918,late_stance,5.495672598755926,10.011883494553139,1.3355731436532867,-1.3493599632040487,0.28822250221478213,0.16852265390988128
10.4,FR,0.02738034690699176,early_stance,-2.448992429514877,10.462398113905916,-0.12607277885315704,-0.537532193219219,-0.024362348154293972,-0.041174696538147086
10.4,RL,0.02738034690699176,early_stance,-3.119047572518117,12.548496306308472,-0.056660684547884366,-0.6979875987043361,-0.010816644039529593,-0.06850031225360155
10.4,RR,0.5273803469069918,late_stance,0.5552433178736454,10.754510801424274,-0.04463127193125438,-0.6089361165230944,-0.00580321847644943,0.07805539264010247
10.42,FL,0.5315470135736584,late_stance,5.323313819628584,9.837829672889635,1.281843799703239,-1.3068052791172817,0.2844094841251867,0.17623860597462296
10.42,FR,0.03154701357365841,early_stance,-2.422422172283153,10.801640183608946,-0.10860518770876607,-0.5690809289927998,-0.021794236161335582,-0.03325928196631362
10.42,RL,0.03154701357365841,early_stance,-3.108038023099681,12.743922043684044,-0.05024606735731596,-0.7174547456856708,-0.010252815742076737,-0.06779076254017448
10.42,RR,0.5315470135736584,late_stance,0.3411344312338624,10.3470154386555,-0.07211157304631621,-0.5673817162573077,-0.011986821470869255,0.05037256639372246
10.44,FL,0.5357136802403251,late_stance,5.079493559208435,10.075476370153932,1.194359385099475,-1.2763873898386096,0.2474965120361104,0.22580355485981718
10.44,FR,0.03571368024032506,early_stance,-2.592140039908302,10.938268832434458,-0.15451777653889454,-0.5557105307699888,-0.03224255209655468,-0.03027454437952192
10.44,RL,0.03571368024032506,early_stance,-2.8294561411102888,11.98210295434371,-0.020854676350941292,-0.6698640530685046,-0.005084712662172427,-0.09411089269182905
10.44,RR,0.5357136802403251,late_stance,0.1691382784921338,10.627589604274943,-0.1406207222921137,-0.5489934549147945,-0.023401394559833998,0.056935972497238016
10.46,FL,0.5398803469069917,late_stance,4.786949638000645,10.01977187483068,1.1140039138077564,-1.2228222217808986,0.22024484752954923,0.19161971459077579
10.46,FR,0.039880346906991715,early_stance,-2.7348066888462337,11.318034813808262,-0.18530546396876146,-0.5653900957126389,-0.03686418341707808,-0.04254677382638516
10.46,RL,0.039880346906991715,early_stance,-2.9366789202353027,11.994313591162348,-0.04853298112889787,-0.6716159344864217,-0.009823258609757284,-0.06006146434794749
10.46,RR,0.5398803469069917,late_stance,0.02921314134347539,10.177001279050446,-0.16394435740860014,-0.498234147266376,-0.021353744622116828,0.06529274566419276
10.48,FL,0.5440470135736584,late_stance,4.7341670465799135,10.297682090169832,1.0916021645468126,-1.237686002465467,0.20564708592344533,0.17899927842427413
10.48,FR,0.04404701357365837,early_stance,-2.8232862203531157,11.252566591737219,-0.21590210928315137,-0.5422066200226958,-0.04283171646330541,-0.05760958772904961
10.48,RL,0.04404701357365837,early_stance,-2.7675655409066398,11.907478955210987,-0.016708310511580587,-0.6823156332512371,-0.0031465681595486523,-0.058061030427953804
10.48,RR,0.5440470135736584,late_stance,-0.15539074261360686,10.024871085198672,-0.2127337882321298,-0.4575502798788953,-0.02894308244801492,0.04182985510017708
10.5,FL,0.548213680240325,late_stance,4.6501055375560565,9.988922687923276,1.0699135804484154,-1.1998920221658982,0.20037109026030095,0.15778625146358166
10.5,FR,0.04821368024032502,early_stance,-2.675387491556235,11.6565092554331,-0.17055761221582957,-0.5958249365488254,-0.030420156818363256,-0.05301778675538404
10.5,RL,0.04821368024032502,early_stance,-2.78737573286578,11.675729480747973,-0.04252639282593687,-0.650425845827488,-0.007957027999765531,-0.06318950222895349
10.5,RR,0.548213680240325,late_stance,-0.20126017071969357,10.174665691677227,-0.2414248630062932,-0.4514529209493949,-0.02962207485748536,0.04092012747712166
10.52,FL,0.5523803469069917,late_stance,4.444567096950963,9.993565178392334,1.0037188410837068,-1.1640382254882935,0.17597338812641083,0.15588195522502565
10.52,FR,0.05238034690699167,early_stance,-2.659998170516601,11.674835274497134,-0.17567979211907167,-0.5961568059806105,-0.029101801694306508,-0.04622025610657704
10.52,RL,0.05238034690699167,early_stance,-2.428010009524277,11.55506915559359,0.039274837365946835,-0.6818517328157946,0.007378690239633674,-0.07334888372010644
10.52,RR,0.5523803469069917,late_stance,0.0034899565654914443,10.447717233297544,-0.20829235350078648,-0.4904404215556899,-0.023134172408476802,0.04865133620834445
10.540000000000001,FL,0.5565470135736583,late_stance,4.329773240798076,10.139786946603124,0.9557729275468737,-1.1478272184655498,0.14753494242947096,0.18599560390105227
10.540000000000001,FR,0.05654701357365832,early_stance,-2.636628648870075,11.588697105634663,-0.17867130448425023,-0.5890264100239689,-0.028378918144110508,-0.04113113590578555
10.540000000000001,RL,0.05654701357365832,early_stance,-2.289733731413081,11.561309695239155,0.06552492257771483,-0.6985848050206618,0.01204514540666818,-0.06542303773292264
10.540000000000001,RR,0.5565470135736583,late_stance,-0.08136322450278449,10.406180712957822,-0.23073754953225092,-0.4732623000019788,-0.024653704559561524,0.04827990666290284
10.56,FL,0.560713680240325,late_stance,4.250285254988509,9.769321006299904,0.947300557310979,-1.1126352904158359,0.15624338226552179,0.14628748876944755
10.56,FR,0.060713680240324974,early_stance,-2.7724003276358085,11.873614100348394,-0.21053661670021218,-0.6014978769902759,-0.02855704455104357,-0.02413131544234988
10.56,RL,0.060713680240324974,early_stance,-2.1540259648211433,11.32486689671832,0.08338614477579778,-0.6884656061135319,0.016122610044068453,-0.08183756085914203
10.56,RR,0.560713680240325,late_stance,-0.11272672032240394,10.469082054431436,-0.25035026138821825,-0.46534207862057064,-0.025399844188037823,0.045548842199832
10.58,FL,0.5648803469069916,late_stance,4.112264258423708,10.086456909845143,0.8822208394535562,-1.0988833091116452,0.14514020656855212,0.12330472686492011
10.58,FR,0.06488034690699163,early_stance,-2.490078738181682,11.552897413711596,-0.14593604958575068,-0.5997969067336983,-0.020367534174502364,-0.04045085371665607
10.58,RL,0.06488034690699163,early_stance,-2.0650242038169204,11.349312918811956,0.09909012012618601,-0.6996247759317198,0.019153397616666384,-0.09514142955423951
10.58,RR,0.5648803469069916,late_stance,-0.21110855875219348,10.388493359901698,-0.2805002275874293,-0.43918609051273994,-0.030343725013044054,0.029010567281324524
10.6,FL,0.5690470135736583,late_stance,4.061418381085136,10.425554367891863,0.8477697883204437,-1.1059004649724604,0.11658489286000366,0.15065453111288354
10.6,FR,0.06904701357365828,early_stance,-2.417545315420529,11.56882245905897,-0.14034379251354673,-0.6077614725199074,-0.019276814905715235,-0.04335298067523793
10.6,RL,0.06904701357365828,early_stance,-2.035956211444491,11.339727411352827,0.10076543220863474,-0.7030374744965522,0.016322553430755744,-0.06585479329381182
10.6,RR,0.5690470135736583,late_stance,-0.23058653468560694,10.41853129668429,-0.28817410257356646,-0.4386313072188755,-0.02659468511900096,0.0341199840742085
10.620000000000001,FL,0.5732136802403249,late_stance,4.105853379535222,10.292932059880112,0.8622959493355647,-1.1043198522264521,0.12030282367337526,0.15553359346796522
10.620000000000001,FR,0.07321368024032493,early_stance,-2.3404239745924245,11.394277085632803,-0.13227890073669196,-0.6003533275866729,-0.018566628522194005,-0.0413079788305353
10.620000000000001,RL,0.07321368024032493,early_stance,-1.6955010757235203,11.274767502301426,0.18340912991537242,-0.7370304463488122,0.033116426050672464,-0.08496823307510933
10.620000000000001,RR,0.5732136802403249,late_stance,-0.22433056515765648,10.6164671798701,-0.3051563648355513,-0.44349573266813297,-0.029281513695470412,0.03365463471798793
10.64,FL,0.5773803469069916,late_stance,3.9243070917844975,10.228118471201196,0.8122654168831599,-1.0714782234550992,0.1165108926884517,0.13661727154143424
10.64,FR,0.07738034690699158,early_stance,-2.26141518632395,11.515994020183538,-0.11192629256772302,-0.6234105776857715,-0.014516058984485321,-0.030287003160585114
10.64,RL,0.07738034690699158,early_stance,-1.7284919402355419,11.379139903775153,0.17153636716749487,-0.7428463315074991,0.02850945816682279,-0.0646401430108277
10.64,RR,0.5773803469069916,late_stance,-0.2758501505693192,10.455862493111276,-0.3095738778180497,-0.42959891417951573,-0.026178457927668042,0.03931916528860615
10.66,FL,0.5815470135736582,late_stance,3.893620160651777,10.128002282945396,0.8045218818562918,-1.0604684137904652,0.12682533677067548,0.11161745976478141
10.66,FR,0.08154701357365823,early_stance,-2.052683444651153,11.400072760634696,-0.06668508993113662,-0.6334018707959265,-0.01020344849433209,-0.04793794891170398
10.66,RL,0.08154701357365823,early_stance,-1.6193883005686371,11.5665688312705,0.2016558974342669,-0.7701284403336668,0.03585417748468718,-0.07805103458315912
10.66,RR,0.5815470135736582,late_stance,-0.17670929385558556,10.43355004438489,-0.2839587901949775,-0.4442412290283133,-0.02966019411222637,0.031509745133465765
10.68,FL,0.5857136802403249,late_stance,3.764030836649191,10.318007269956928,0.7551596853826062,-1.051020587140972,0.11132088678134973,0.1545719766340559
10.68,FR,0.08571368024032489,early_stance,-2.0476863297841392,11.427667481590062,-0.07071849619498724,-0.6441897342232827,-0.010880162011612468,-0.02379541113090929
10.68,RL,0.08571368024032489,early_stance,-1.5751441311965813,11.475241301911698,0.20273882262822637,-0.7631850494395274,0.04139443114938207,-0.09205704061511918
10.68,RR,0.5857136802403249,late_stance,-0.10143473472518667,10.59322826847177,-0.2809404475972025,-0.4576396233276318,-0.03503215228967027,0.032811473707894036
10.700000000000001,FL,0.5898803469069915,late_stance,3.6177352949804673,10.513945552870586,0.7153221483518649,-1.0471520203074873,0.10077442691693851,0.15285813451166427
10.700000000000001,FR,0.08988034690699154,early_stance,-2.2322823383417942,11.211633196821575,-0.1304053831289717,-0.586956059245782,-0.02071036451505195,-0.038309294879539074
10.700000000000001,RL,0.08988034690699154,early_stance,-1.3986369166827393,11.26696679890569,0.23389405250653367,-0.7668828277957297,0.043195345019550795,-0.0662432817477479
10.700000000000001,RR,0.5898803469069915,late_stance,-0.10156168780264925,10.57311166329196,-0.2777759728229992,-0.4607948479138561,-0.023605399732349583,0.058162526557376096
10.72,FL,0.5940470135736582,late_stance,3.5133634068117305,10.524480461718646,0.6839052589109035,-1.0299578165994685,0.0887825264513848,0.16632800782179633
10.72,FR,0.09404701357365819,early_stance,-2.1978495165371803,11.404214106949231,-0.12032873772801483,-0.6071882458171118,-0.01774643990333316,-0.02794673738924137
10.72,RL,0.09404701357365819,early_stance,-1.4650509858127,11.327564624987307,0.21259449905581426,-0.7663613319013894,0.03799258206645873,-0.056217557869058674
10.72,RR,0.5940470135736582,late_stance,-0.2846716586941717,10.20742467113068,-0.30782271130240896,-0.41516733925158533,-0.03172181372737161,0.03812916629631413
10.74,FL,0.5982136802403248,late_stance,3.3193043117477243,10.511317676120289,0.6324653838599876,-1.00115701931069,0.09078869602131506,0.133564001909351
10.74,FR,0.09821368024032484,early_stance,-2.0243325599751603,11.395971396351195,-0.08331914998797454,-0.6239740282435426,-0.013731985839645895,-0.04847186727114929
10.74,RL,0.09821368024032484,early_stance,-1.146709000601256,11.238327472379373,0.2873461425348126,-0.7898427248577758,0.055526451050548736,-0.07644193678471459
10.74,RR,0.5982136802403248,late_stance,-0.36190384250190116,10.368802541883154,-0.3309325618110255,-0.4197113521095639,-0.03478378943692325,0.03453687670982896
10.76,FL,0.6023803469069915,late_stance,3.357713727275391,10.599057436082193,0.640132552052275,-1.01622570678931,0.08956706107676253,0.13903860036882137
10.76,FR,0.10238034690699149,early_stance,-2.040185120407331,11.494527075333572,-0.09235544440122187,-0.6273359789011546,-0.015000404135906094,-0.047230588130498005
10.76,RL,0.10238034690699149,early_stance,-1.21235819428188,11.311658538497344,0.2631190973687949,-0.7901761956514772,0.04859898347610429,-0.06100406928989099
10.76,RR,0.6023803469069915,late_stance,-0.4240814317305735,10.26272286854344,-0.3418192840227789,-0.40537309528213183,-0.032783395370381684,0.037622809790482915
10.78,FL,0.6065470135736581,late_stance,3.1660490188217505,10.357807468993762,0.5969891980066572,-0.9727177872280691,0.08330325208621361,0.12995462568883656
10.78,FR,0.10654701357365814,early_stance,-2.0204174473071896,11.704055183844781,-0.08627878149110402,-0.6492326004059906,-0.01306723345931186,-0.03253731323003269
10.78,RL,0.10654701357365814,early_stance,-1.269830392820151,11.347164529306703,0.24348530341348548,-0.7853296304951863,0.04343107822903713,-0.05313955014463253
10.78,RR,0.6065470135736581,late_stance,-0.34608620170664,10.097445593268022,-0.31384431895668674,-0.40942044063556954,-0.03296046683171824,0.033110238694646486
10.8,FL,0.6107136802403248,late_stance,3.2430278657692173,10.99830084700894,0.5705974792338582,-1.0147803305039584,0.06788334676341042,0.1713117751016315
10.8,FR,0.1107136802403248,early_stance,-2.1414392065509293,11.477082609482974,-0.13159286904086198,-0.6196031898342004,-0.018964457215660344,-0.022730243731058246
10.8,RL,0.1107136802403248,early_stance,-0.9252589108636025,11.138551424055775,0.3203832601020005,-0.80011360791202,0.06207048980511927,-0.0708964768439786
10.8,RR,0.6107136802403248,late_stance,-0.38543116310126957,10.321057637519266,-0.3389550234364003,-0.4139514030277003,-0.03676954785265869,0.03205012195824028
10.82,FL,0.6148803469069914,late_stance,2.9421642342698635,10.440996612383293,0.5423258807006649,-0.9551636014175848,0.06698346710029372,0.14245309271744247
10.82,FR,0.11488034690699145,early_stance,-1.88541116428281,11.485559054575344,-0.06313176972208867,-0.6395295891334625,-0.008821786974347476,-0.025282163765370767
10.82,RL,0.11488034690699145,early_stance,-0.9823354286382562,11.172556064762874,0.296897419545018,-0.7972849492915778,0.05405696091802952,-0.0570355643405536
10.82,RR,0.6148803469069914,late_stance,-0.4416072743513647,10.16882451344064,-0.3459524184177497,-0.39873679082505814,-0.032165332077240254,0.03624500637089485
10.84,FL,0.6190470135736581,late_stance,3.010103975435958,10.518048746725492,0.5530473122546878,-0.9690265969770477,0.07345442525186494,0.13546429927139128
10.84,FR,0.1190470135736581,early_stance,-1.90154540999979,11.571683375471183,-0.07807801801889822,-0.6403501163080649,-0.012258797136270896,-0.03683314715743508
10.84,RL,0.1190470135736581,early_stance,-0.8966174564277611,10.96245819687477,0.30364809935666165,-0.7803392170985486,0.06243430046985937,-0.08336025326870332
10.84,RR,0.6190470135736581,late_stance,-0.4818261966884404,10.420318766799891,-0.37174821466748187,-0.40410235610844125,-0.038027500896333465,0.03316581597051752
10.86,FL,0.6232136802403248,late_stance,2.926370789996542,10.599965798998358,0.5217535673038505,-0.9591139210566173,0.06506405189084817,0.1480692068725038
10.86,FR,0.12321368024032475,early_stance,-1.8410604831218584,11.571551542987095,-0.06891591475770256,-0.654068417104625,-0.010006622873601247,-0.02296510495169108
10.86,RL,0.12321368024032475,early_stance,-0.7950335439017004,10.934974600272689,0.32087927328467447,-0.7912517310985769,0.0631775545991909,-0.06733940324901609
10.86,RR,0.6232136802403248,late_stance,-0.4442087672586877,10.550415711185543,-0.3688112914746996,-0.4181394876665905,-0.02842502853952114,0.051128150594243964
10.88,FL,0.6273803469069914,late_stance,2.892455196408022,10.363482069101998,0.5229404118059447,-0.939681856094832,0.07525781173276698,0.11015105041906209
10.88,FR,0.1273803469069914,early_stance,-2.022419758917053,11.740915041430789,-0.1191525827322427,-0.6345253739899768,-0.017447365429507488,-0.02867099842156518
10.88,RL,0.1273803469069914,early_stance,-0.7104187675256468,10.998441226402191,0.3384017814255278,-0.8038148559447729,0.06701384685579309,-0.06970781366061207
10.88,RR,0.6273803469069914,late_stance,-0.511686435692569,10.270411534287385,-0.3724810019774622,-0.3933343996205116,-0.02952560077647622,0.045167674030067974
10.9,FL,0.6315470135736581,late_stance,3.0192859660763203,11.144301102165024,0.49398234589101414,-0.9904473939676508,0.05945426623443417,0.1546696668231242
10.9,FR,0.13154701357365806,early_stance,-1.7169977607868196,11.366099593105375,-0.04923541705870689,-0.645312237817378,-0.006846085431173445,-0.01816749235826051
10.9,RL,0.13154701357365806,early_stance,-0.7774087690628081,11.027722763959524,0.3137670524315994,-0.7997638109253196,0.059420950197923775,-0.05654279577665899
10.9,RR,0.6315470135736581,late_stance,-0.5642208801346175,10.250212057911666,-0.38513499831787534,-0.3870312540798752,-0.034147742800505865,0.038318931457745876
10.92,FL,0.6357136802403247,late_stance,2.7859099247774983,10.632717395037318,0.4634699559402578,-0.9267323229434243,0.05823278955222757,0.14044595960742298
10.92,FR,0.1357136802403247,early_stance,-1.75792519982692,11.550660706862793,-0.06866698273818206,-0.6448664102628429,-0.011038505606425645,-0.0348102525483196
10.92,RL,0.1357136802403247,early_stance,-0.6630072632449517,10.924935573829211,0.33399581712877413,-0.7993884504714927,0.06511372977291466,-0.05828167787759487
10.92,RR,0.6357136802403247,late_stance,-0.38971445071068356,10.385625270457636,-0.3464842138517082,-0.42306017213537284,-0.03121569400955096,0.045151046250744786
10.94,FL,0.6398803469069914,late_stance,2.5770660154357716,10.791291823051841,0.39429677628418053,-0.8991386524376329,0.04276405057204892,0.15936235606075833
10.94,FR,0.13988034690699136,early_stance,-1.7230544070580465,11.587374118194047,-0.06384581675937129,-0.6571681690852368,-0.009679278284093306,-0.021010521595922708
10.94,RL,0.13988034690699136,early_stance,-0.5063969919293434,10.88001932153433,0.3663753749491937,-0.8234917132941711,0.06824005903582035,-0.03864469360724618
10.94,RR,0.6398803469069914,late_stance,-0.619956016893256,10.220000318401846,-0.3977354890591783,-0.3801940780128352,-0.03205974632884607,0.04671961216884127
10.96,FL,0.644047013573658,late_stance,2.5247522007791723,10.69115822358661,0.3772469822535014,-0.8781000343395197,0.03983710141391634,0.15413652878668582
10.96,FR,0.144047013573658,early_stance,-1.8631822220972063,11.8021826017819,-0.1025270479070918,-0.6587838146669184,-0.01418998490323873,-0.009981118385678915
10.96,RL,0.144047013573658,early_stance,-0.552024413831625,10.765509460767236,0.343028288678589,-0.8030220403360252,0.06261734664135395,-0.03493304946163153
10.96,RR,0.644047013573658,late_stance,-0.68291463746278,10.050937027294749,-0.40589969747785803,-0.36260291991531657,-0.033232670973031335,0.041041601687620395
10.98,FL,0.6482136802403247,late_stance,2.6366462480038733,11.181412346939913,0.3642502598027278,-0.9092625915000044,0.036119189553349126,0.1666869757072425
10.98,FR,0.14821368024032466,early_stance,-1.627880420139179,11.063657149026314,-0.05534169059967706,-0.6082979450314203,-0.008827459648832945,-0.040070637324389806
10.98,RL,0.14821368024032466,early_stance,-0.3830120927827669,10.544047550380567,0.3708173883583078,-0.7943199681036209,0.06944441000168865,-0.04310217571597086
10.98,RR,0.6482136802403247,late_stance,-0.571214957610425,10.343129802243139,-0.4021640013094649,-0.3886031969807088,-0.029245955543165402,0.04679914536036438
11.0,FL,0.6523803469069913,late_stance,2.4220036712463795,10.82660527180952,0.3253008674171955,-0.8540025901532263,0.03960265201964545,0.13596083075526677
11.0,FR,0.15238034690699132,early_stance,-1.6919108546418071,11.74512850694628,-0.07491105898796457,-0.6540784178115798,-0.012534091504716249,-0.03862441738230742
11.0,RL,0.15238034690699132,early_stance,-0.378325754974929,10.439136045691471,0.3600789732057978,-0.7743932703093352,0.07892469379562825,-0.07323593390760687
11.0,RR,0.6523803469069913,late_stance,-0.6483594166528824,10.35998218297437,-0.42214970579491284,-0.37609236923163697,-0.03828394209035074,0.03955584786697868
11.02,FL,0.656547013573658,late_stance,2.429446085745119,11.151656465726553,0.29539676099951234,-0.8606008035577906,0.03420076751879419,0.13424082005249233
11.02,FR,0.15654701357365797,early_stance,-1.7027229595064841,11.753613342311251,-0.08330042632832699,-0.6488961841833103,-0.013665715182859708,-0.04114747158409464
11.02,RL,0.15654701357365797,early_stance,-0.4613427190776327,10.451044165386365,0.3303688781272511,-0.769713277610241,0.06548036668179841,-0.053037608527702756
11.02,RR,0.656547013573658,late_stance,-0.7027878893549208,10.201543854889824,-0.4282972082585109,-0.3597175136211955,-0.036053477883620164,0.03811870563277974
11.040000000000001,FL,0.6607136802403246,late_stance,2.500603117722575,10.743478002408498,0.3308216559215864,-0.8462338087640644,0.03744945223129321,0.13379705708097817
11.040000000000001,FR,0.16071368024032462,early_stance,-1.8406676669881799,12.006966255765995,-0.12216288585229784,-0.6570404778989971,-0.01772545723395804,-0.022057513354910085
11.040000000000001,RL,0.16071368024032462,early_stance,-0.3163429206814767,10.524049196314612,0.36581174508515646,-0.7940767014330559,0.0687385402582576,-0.039787384761330376
11.040000000000001,RR,0.6607136802403246,late_stance,-0.7169750480309799,10.08783797927014,-0.43504167288437257,-0.34616776969669893,-0.03672731953792158,0.035111888666066994
11.06,FL,0.6648803469069913,late_stance,2.479189126954342,11.059155430723878,0.31291948095916444,-0.8707189420551408,0.032215413138883285,0.1623195495675487
11.06,FR,0.16488034690699127,early_stance,-1.567518627143649,11.648530831354977,-0.05735332990492298,-0.6577600303561388,-0.008230584110271912,-0.011858719703022423
11.06,RL,0.16488034690699127,early_stance,-0.25384324613853776,10.557102656736529,0.3732772778975665,-0.7981848903440798,0.07602549456184933,-0.05090360647120534
11.06,RR,0.6648803469069913,late_stance,-0.7389594647601208,10.167765982473647,-0.45366237646866797,-0.3402042186611157,-0.042428066653197295,0.032509410119059196
11.08,FL,0.6690470135736579,late_stance,2.4238160772887194,11.00199663790736,0.2928142616613388,-0.8498952928913441,0.03132222818487781,0.1495339634472172
11.08,FR,0.16904701357365792,early_stance,-1.5934578727991622,11.772305296281424,-0.07619317665007566,-0.6557092595040059,-0.012286550613618082,-0.03229126553058036
11.08,RL,0.16904701357365792,early_stance,-0.31586345587716147,10.37647335104276,0.34400528871737424,-0.7765164578544724,0.06633693280094936,-0.036558762783925
11.08,RR,0.6690470135736579,late_stance,-0.6959786059583202,10.259012062528964,-0.44859174972064875,-0.351853081447435,-0.032475576410193954,0.04492367728023988
11.1,FL,0.6732136802403246,late_stance,2.363792376716908,10.84581868821608,0.27451169587372865,-0.8249093829294271,0.02913693988989165,0.15062005284369204
11.1,FR,0.17321368024032457,early_stance,-1.746388945274686,11.927980604912424,-0.12210991999344625,-0.6570515643099057,-0.018356904986825493,-0.013110149386694435
11.1,RL,0.17321368024032457,early_stance,-0.20209026313607517,10.492205477896533,0.3706256416033625,-0.7991089616884208,0.07205012008544258,-0.03187510407910001
11.1,RR,0.6732136802403246,late_stance,-0.5198047189129087,10.055220439442992,-0.39709458412713616,-0.3642709094921661,-0.032386208013932015,0.04624590754989892
11.120000000000001,FL,0.6773803469069912,late_stance,2.2635712392372347,11.122419394188121,0.219238522628391,-0.8126882507949253,0.019536594678688145,0.17980415158125784
11.120000000000001,FR,0.17738034690699123,early_stance,-1.709224679588071,11.792023916292512,-0.11801542001015075,-0.6479431306912041,-0.01770633599305776,-0.002543633904424232
11.120000000000001,RL,0.17738034690699123,early_stance,-0.14728823576835454,10.395734235063284,0.37324986951171935,-0.7917398591222086,0.07840015649714588,-0.0404011001979773
11.120000000000001,RR,0.6773803469069912,late_stance,-0.5854095419618148,10.03731407547264,-0.4230796699853853,-0.3457560715402141,-0.04123338441378938,0.04013059172878807
11.14,FL,0.6815470135736579,late_stance,2.222046496365949,11.125138967295001,0.19773287475227652,-0.7947275057051828,0.02031449963986031,0.14957484964443069
11.14,FR,0.18154701357365788,early_stance,-1.616874939846325,11.81119040577379,-0.09011329447786401,-0.6546936378022529,-0.015567997012576116,-0.035561060997673
11.14,RL,0.18154701357365788,early_stance,-0.21825064527844235,10.234932411211284,0.34155663365403544,-0.7676398709856417,0.06768786406806153,-0.03096488216956861
11.14,RR,0.6815470135736579,late_stance,-0.5446475716901187,10.14186720398749,-0.4225618960054179,-0.35599002913868694,-0.03297345536881358,0.04909531587147747
11.16,FL,0.6857136802403245,late_stance,2.076793049382694,10.907500002489543,0.1656784498891632,-0.7556772422381463,0.01923137010827538,0.11456364302835302
11.16,FR,0.18571368024032453,early_stance,-1.795045619711684,12.262867972485138,-0.138086423959425,-0.6716627148984468,-0.021398039184673756,-0.023628350370837686
11.16,RL,0.18571368024032453,early_stance,-0.06566149163272975,10.233690697838657,0.3764831046074524,-0.7842737724490595,0.07088932245747023,-0.025190056643781537
11.16,RR,0.6857136802403245,late_stance,-0.745709414319417,9.818696871334112,-0.4627360676236254,-0.30323244358603557,-0.031505091291098256,0.042855578267894226
11.18,FL,0.6898803469069912,late_stance,2.0804426898350026,11.097902475611436,0.14014010053853937,-0.7552147231680243,0.015596039173353473,0.11976101789131394
11.18,FR,0.18988034690699118,early_stance,-1.742112659479351,12.269005600316184,-0.12911625511719643,-0.6783790658822569,-0.019037938658654465,-0.014238301512453004
11.18,RL,0.18988034690699118,early_stance,0.0007018997111069361,10.284370383750325,0.38479999330229997,-0.7869638264271779,0.07828462581133892,-0.04416498367021161
11.18,RR,0.6898803469069912,late_stance,-0.7683247210785253,9.777710777044021,-0.4754937037693118,-0.2904841504669565,-0.03908713148250049,0.03401975682029953
11.200000000000001,FL,0.6940470135736578,late_stance,2.374783345133585,11.252811830937526,0.19838465414514106,-0.8016622034135135,0.017330355049871574,0.16585288453856467
11.200000000000001,FR,0.19404701357365783,early_stance,-1.7155355401965884,12.024202522212645,-0.13539727014557226,-0.6521911049247745,-0.021069609457360194,-0.020804308010684298
11.200000000000001,RL,0.19404701357365783,early_stance,-0.053153137216813764,10.363883737080062,0.36313327506191984,-0.7945866554490857,0.06880819006623044,-0.01993512794326448
11.200000000000001,RR,0.6940470135736578,late_stance,-0.7200620620825923,9.831582830428173,-0.470864423693687,-0.29866219156613216,-0.03329035390684106,0.041273655703863016
11.22,FL,0.6982136802403245,late_stance,2.1586115061534987,11.150652607235894,0.13952940192071367,-0.7529490240750338,0.012615943938815792,0.1544507738537499
11.22,FR,0.19821368024032449,early_stance,-1.8669826794285866,12.247718264185345,-0.1803374526263723,-0.6533465205143734,-0.026354645795756457,-0.009820583114507016
11.22,RL,0.19821368024032449,early_stance,-0.15657637565976995,9.985806079405398,0.3223526913854228,-0.7278869667124197,0.06551177885603075,-0.03556734665363681
11.22,RR,0.6982136802403245,late_stance,-0.7621440697721273,9.737978814983258,-0.46326751271770783,-0.29811917229988544,-0.03213783856686775,0.04269578296312654
11.24,FL,0.7023803469069911,swing,2.140619997042897,11.09845420706714,0.1247356116366711,-0.737480503950806,0.012166839831638772,0.13526874234571717
11.24,FR,0.20238034690699114,early_stance,-1.6084613840501067,12.122524112185207,-0.11588318748019877,-0.6630478483874582,-0.01684257918708668,-0.013036229373101215
11.24,RL,0.20238034690699114,early_stance,-0.04195004111488275,10.191509581628447,0.3475847658350727,-0.7616578316266022,0.06879471661784922,-0.0364238108610422
11.24,RR,0.7023803469069911,swing,-0.7760263100481518,9.638785103882757,-0.4719164281438397,-0.2840395329951856,-0.03884945145557261,0.03248971783074924
11.26,FL,0.7065470135736578,swing,2.1085727775021947,11.08185017694027,0.10506447402575546,-0.7220759661862407,0.010652768524543936,0.1280975265519092
11.26,FR,0.2065470135736578,early_stance,-1.6006717787219285,12.346736228157242,-0.12559428276751433,-0.6861708581870671,-0.01942678382548761,-0.016197531701156478
11.26,RL,0.2065470135736578,early_stance,-0.14591366459497676,10.200572186251593,0.3112222573813703,-0.7468314172016209,0.061559278620361174,-0.03491324782472673
11.26,RR,0.7065470135736578,swing,-0.5727672562146244,9.730419168497011,-0.43104753245269944,-0.3150455919791424,-0.03675016198432282,0.03719587300118881
11.28,FL,0.7107136802403244,swing,1.9986633328054864,11.421876359328545,0.05759206405817957,-0.7238918397997895,0.004653754413959291,0.15037898633868943
11.28,FR,0.21071368024032444,early_stance,-1.7744579180589608,12.218692980586514,-0.1795958338380928,-0.6459513010132655,-0.02753547413668884,-0.013705980624352689
11.28,RL,0.21071368024032444,early_stance,-0.0057398444687006694,10.159752316078588,0.34183137050775236,-0.7627936052828537,0.06534055233129606,-0.024820711863171974
11.28,RR,0.7107136802403244,swing,-0.6376480189120296,9.559097893121967,-0.44463605011617013,-0.29088758639403994,-0.04049452106756669,0.03293753948028155
11.3,FL,0.7148803469069911,swing,1.8603657503309046,11.122567221993913,0.03169484594951176,-0.6797335819367117,0.0032813534539804373,0.10844204036038171
11.3,FR,0.2148803469069911,early_stance,-1.737602066259667,12.461940954115079,-0.173417561064044,-0.6622347747186953,-0.02586111771150838,-0.01711899838788043
11.3,RL,0.2148803469069911,early_stance,0.08156056044037491,10.131063866108523,0.3553273551728343,-0.7605372124677389,0.0708371917968541,-0.04059871735907512
11.3,RR,0.7148803469069911,swing,-0.6664855581887181,9.49756929895429,-0.4560022163611977,-0.2776096348900108,-0.04076348958577835,0.029295526401206966
11.32,FL,0.7190470135736577,swing,1.9022171630835978,10.856896241676264,0.051222461598617264,-0.6678690956962843,0.006004184734355739,0.07816976274127804
11.32,FR,0.21904701357365775,early_stance,-1.8740073542795905,12.91482352455882,-0.21399271573576933,-0.6792733856923087,-0.029512087246824487,-0.016195976623186968
11.32,RL,0.21904701357365775,early_stance,0.0423430460267195,10.411525352438012,0.3430616582270446,-0.7824576605448503,0.061154945942906755,-0.02813625625437551
11.32,RR,0.7190470135736577,swing,-0.8089211483560476,9.113338964796817,-0.47335287174915924,-0.23572132435659737,-0.0441118607320943,0.019095043326812913
11.34,FL,0.7232136802403244,swing,1.6883627711542402,10.632283918702178,-0.0032263478165641124,-0.6127735593562875,-0.0004433975695065348,0.031096083490037035
11.34,FR,0.2232136802403244,early_stance,-1.6081894650696267,13.057851800022489,-0.14391363645023264,-0.7112092405477901,-0.019636105305204425,-0.028720231666353607
11.34,RL,0.2232136802403244,early_stance,0.04582029868073832,10.834218007351595,0.34561135617045435,-0.810457639678962,0.05547425074700079,-0.030428868360674485
11.34,RR,0.7232136802403244,swing,-0.835381396712935,8.617812636552054,-0.45641030863611964,-0.19145615471614133,-0.05364551582741064,0.0041138477104621105
11.36,FL,0.727380346906991,swing,1.6433072047536892,9.786898385835991,0.0486169781263133,-0.536491385653908,0.00817164959374337,-0.00765527773341312
11.36,FR,0.22738034690699105,early_stance,-1.6175363621355843,13.68574273498502,-0.15432892301304652,-0.7553047448544408,-0.023401310444954127,-0.03783967502914159
11.36,RL,0.22738034690699105,early_stance,0.12471268905814713,11.341368721611195,0.36761540532463627,-0.845473817212396,0.06631857747318759,-0.0742391962301279
11.36,RR,0.727380346906991,swing,-0.8061740532949039,8.418560862589862,-0.4446340686289759,-0.16077695536458037,-0.07617232108944906,-0.008583781697360607
11.38,FL,0.7315470135736577,swing,1.4327570267919805,9.389999430976328,0.004631667818187135,-0.47989086309789847,0.001018951995273745,-0.06497795346405759
11.38,FR,0.2315470135736577,early_stance,-1.8720415358584779,14.550617621444886,-0.22166638058118382,-0.7818862192989717,-0.035340916179624884,-0.06658478296575933
11.38,RL,0.2315470135736577,early_stance,0.24460718135140214,12.247212569341444,0.4087542591143095,-0.9331181305164009,0.06813556161477613,-0.09367012520435992
11.38,RR,0.7315470135736577,swing,-1.1311359673128674,7.4873228923056425,-0.47267521610337276,-0.056583731158498074,-0.10743194160806309,-0.00915770906456002
11.4,FL,0.7357136802403244,swing,1.5990960833233026,8.761406620478638,0.08404921316746697,-0.48166111796235994,0.02054180976506247,-0.11222881366734239
11.4,FR,0.23571368024032435,early_stance,-1.8037793750425934,15.305134445099718,-0.20138523068266104,-0.8470212134674796,-0.027393426758241832,-0.07608644639562387
11.4,RL,0.23571368024032435,early_stance,0.27963263720654224,12.825554139094187,0.4210815786786105,-0.9815758392105678,0.0586076692136044,-0.1130096069820943
11.4,RR,0.7357136802403244,swing,-1.1881207135860679,7.381243400715513,-0.4929554800074498,-0.040307154573114595,-0.11360450910921056,-0.008586391701744354
11.42,FL,0.739880346906991,swing,1.120429478696661,7.631125139047485,0.039247644901555606,-0.36417449760616505,0.010733070634921843,-0.11618015024841316
11.42,FR,0.239880346906991,early_stance,-1.5964777355973627,16.114240434623404,-0.14717820851606978,-0.9363370398002421,-0.021156398007570278,-0.10321547399733853
11.42,RL,0.239880346906991,early_stance,0.43729053704481213,14.157757586434395,0.48032054243629707,-1.1105487025093277,0.06572256836426729,-0.16595502110471774
11.42,RR,0.739880346906991,swing,-1.3696830217338645,6.259015631304298,-0.4672634185330868,0.039293579396076805,-0.14019053695799216,0.013382329913799158
11.44,FL,0.7440470135736577,swing,1.0204708703847845,6.27360216931773,0.1076858112602731,-0.29988428404222,0.034932888620810884,-0.14689218491853104
11.44,FR,0.24404701357365766,early_stance,-1.70194940463729,17.491452257500747,-0.17124735031573032,-1.0277610374610602,-0.02006753319541185,-0.12302175198501197
11.44,RL,0.24404701357365766,early_stance,0.5889580471446836,15.305561908872008,0.5377744667420057,-1.2257208574819618,0.04609939804871226,-0.17842645295928664
11.44,RR,0.7440470135736577,swing,-1.651012908010799,5.495980015406219,-0.4977965902584622,0.11726401073449466,-0.1563396296459672,0.04927464482461062
11.46,FL,0.7482136802403243,swing,0.6078364646672458,5.264915045530284,0.06305702626563503,-0.1973640939281624,0.02168061214343594,-0.11985375859259145
11.46,FR,0.2482136802403243,early_stance,-1.5308085635242776,18.487220543929748,-0.11921734345724802,-1.1289676811512754,-0.010782824076228525,-0.14963025683395426
11.46,RL,0.2482136802403243,early_stance,0.8705993713373884,16.550927879767368,0.6147519588805546,-1.3684872628046065,0.031338783790375475,-0.23088147155654345
11.46,RR,0.7482136802403243,swing,-1.8155010140590344,4.602187214038663,-0.48531328418256675,0.18140035476759203,-0.16163454211901138,0.09305211986206113
11.48,FL,0.752380346906991,swing,0.6253293411545278,3.8313231872602858,0.16904502337221516,-0.1532156694381437,0.061014267399221875,-0.10716707960317448
11.48,FR,0.25238034690699096,early_stance,-1.3471824580155434,19.556747880891347,-0.06195406824968263,-1.2434499680640942,-0.004507435383502205,-0.17789338301742105
11.48,RL,0.25238034690699096,early_stance,1.0070722360031188,18.152152373880355,0.6800225835240065,-1.522372498124541,0.03318968478091205,-0.35526300058405
11.48,RR,0.752380346906991,swing,-1.9441828065305597,3.6011092559001705,-0.46045321457919797,0.2452543516515452,-0.1734708755671686,0.15729270775661622
11.5,FL,0.7565470135736576,swing,0.29108492548556436,2.044957075972378,0.19089628225336086,-0.03531241225658277,0.07383698604736323,-0.028348510430529147
11.5,FR,0.2565470135736576,early_stance,-0.9981413391576344,20.354221416042396,0.023850428507864105,-1.3598484758628704,0.0010267837075932024,-0.20866548259235887
11.5,RL,0.2565470135736576,early_stance,1.433939358171231,19.673617319792136,0.8262848068615151,-1.7188249289811626,0.022432369332956593,-0.4362862072551409
11.5,RR,0.7565470135736576,swing,-2.182443883572238,2.3515431240212847,-0.45770043374277436,0.3305744887312563,-0.16165370039799104,0.24394993137083967
11.52,FL,0.7607136802403243,swing,0.23768429076395678,0.7274486980130276,0.2437100816406208,0.020955913880958077,0.096196609862789,0.01786809876289873
11.52,FR,0.26071368024032426,early_stance,-0.5751105311978786,20.418057034914217,0.12393113388629357,-1.4300096407803347,0.0026032325631676198,-0.2343196618107149
11.52,RL,0.26071368024032426,early_stance,1.8817064498365357,21.090509670900403,0.9737579944330111,-1.9090040994676616,0.018078791419084094,-0.48654144488924156
11.52,RR,0.7607136802403243,swing,-1.9133549863476607,1.9277106201526368,-0.3693942836011102,0.3079907257135561,-0.11364565602634542,0.2706857907666283
11.540000000000001,FL,0.7648803469069909,swing,0.0,0.0,0.21621867213496698,0.0958063977987701,0.07768525024334842,0.08970199953091047
11.540000000000001,FR,0.2648803469069909,early_stance,-0.3890912443703251,19.86462578636148,0.202496193742652,-1.432063233592722,0.007304671636090763,-0.09011775408319853
11.540000000000001,RL,0.2648803469069909,early_stance,1.552277573682713,24.125576536921436,0.9806668640061359,-2.1346312104111007,0.08572655259994545,-0.5974178415061365
11.540000000000001,RR,0.7648803469069909,swing,0.0,0.0,0.23385235439185642,0.06513056904446612,-0.009392885990205655,0.0662881351636741
11.56,FL,0.7690470135736576,swing,0.0,0.0,0.2987800279695606,0.07557164360570479,0.11033394740185817,0.07673740759766946
11.56,FR,0.26904701357365757,early_stance,-0.4938079486348535,19.698422592310365,0.18115588805734062,-1.4221493647718835,0.013349841587518597,-0.022239749274233944
11.56,RL,0.26904701357365757,early_stance,1.5518149433613209,25.473680640017353,1.0200002943004254,-2.2629663051575295,0.1320941754393183,-0.56996241710236
11.56,RR,0.7690470135736576,swing,0.0,0.0,0.2984839706684096,0.07005630902181847,0.05024691011663944,0.07320194000344322
11.58,FL,0.7732136802403242,swing,0.0,0.0,0.2870940807036556,0.0791552055991509,0.12591071875977303,0.08850701924764993
11.58,FR,0.2732136802403242,early_stance,-0.37936864475464505,19.414418229533354,0.21520805194232112,-1.41888653590421,0.019231028937722095,-0.005314307524576352
11.58,RL,0.2732136802403242,early_stance,1.651060520758693,25.74916331539315,1.0645762664265173,-2.3167955800583675,0.10169116137465357,-0.3045064602010002
11.58,RR,0.7732136802403242,swing,0.0,0.0,0.2790605227773756,0.07841806757370451,0.07419454518798217,0.08170977886979774
11.6,FL,0.7773803469069909,swing,0.0,0.0,0.2520451410130222,0.09025998589228468,0.10866984235676573,0.10776345300073785
11.6,FR,0.27738034690699087,early_stance,-0.14379615422594366,19.08706923786104,0.2744126683158483,-1.4272355301488207,0.03285816164420627,-0.006547364741699272
11.6,RL,0.27738034690699087,early_stance,1.7409509808999026,25.56284744471495,1.093045288665178,-2.3418610606033985,0.1091353687991416,-0.14667219754909797
11.6,RR,0.7773803469069909,swing,0.0,0.0,0.2705450644573366,0.08167967796161968,0.09448044176482126,0.08836120041496763
11.620000000000001,FL,0.7815470135736575,swing,0.0,0.0,0.25370833901924617,0.08876380530399419,0.08997835534447218,0.10458424799358526
11.620000000000001,FR,0.2815470135736575,early_stance,-0.30745826496761863,19.041876362071072,0.2294940078372562,-1.4104644965823452,0.02926734610052092,0.024741435071476428
11.620000000000001,RL,0.2815470135736575,early_stance,1.803734499195759,25.128742266847187,1.104387678485487,-2.334397237790939,0.13069403200196247,-0.02555399797230331
11.620000000000001,RR,0.7815470135736575,swing,0.0,0.0,0.25329280591584596,0.08568753654325245,0.08577879827597183,0.0896198726162959
11.64,FL,0.7857136802403242,swing,0.0,0.0,0.27180314974757197,0.08597915767785869,0.09877312256799428,0.10427251527732688
11.64,FR,0.2857136802403242,early_stance,-0.3366453721748511,18.96458452522808,0.2207174272611933,-1.3970164350192764,0.03311384144889797,0.028786496663482843
11.64,RL,0.2857136802403242,early_stance,1.9169636322106058,24.77803142893169,1.1250688063076353,-2.325945411227554,0.1878518616320371,0.019585782425226912
11.64,RR,0.7857136802403242,swing,0.0,0.0,0.2414704238155499,0.08716056678763784,0.08052767358876677,0.09378811242591781
11.66,FL,0.7898803469069908,swing,0.0,0.0,0.26826756405027724,0.0874743174933249,0.0888115293134726,0.10275561715181912
11.66,FR,0.2898803469069908,early_stance,-0.45384169062512175,19.12019934558888,0.1865826699128498,-1.392549003770146,0.03297442641563526,0.024116998579056914
11.66,RL,0.2898803469069908,early_stance,1.780656429132164,24.44086024667308,1.0753310362219468,-2.2776873861521465,0.20894325979954487,0.12851149629309408
11.66,RR,0.7898803469069908,swing,0.0,0.0,0.2350438529736107,0.08913131097864557,0.06499301169023394,0.0967892820821764
11.68,FL,0.7940470135736575,swing,0.0,0.0,0.2586472788949433,0.09191702860198636,0.0710440763422865,0.11487199036952989
11.68,FR,0.2940470135736575,early_stance,-0.6036748388491818,19.289158521752388,0.1417459246942837,-1.382069616799446,0.02804481456344183,0.028721129945753765
11.68,RL,0.2940470135736575,early_stance,1.5938273343599498,24.025690884550958,1.0102517801790423,-2.2127810337514555,0.2218972930074872,0.19614004481780895
11.68,RR,0.7940470135736575,swing,0.0,0.0,0.2473524222808577,0.08573233006579017,0.06047303907578015,0.09348535787044517
11.700000000000001,FL,0.7982136802403241,swing,0.0,0.0,0.2738171656895416,0.08745200577277412,0.05243990622278586,0.10797486837875105
11.700000000000001,FR,0.29821368024032413,early_stance,-0.7839264300284978,19.479342945152943,0.09270010535030859,-1.369887821545085,0.01942231306683663,0.031768659183117366
11.700000000000001,RL,0.29821368024032413,early_stance,1.3275836657215208,23.64549667487401,0.9298220361591579,-2.1433887247389736,0.22700825220926324,0.22243746510089685
11.700000000000001,RR,0.7982136802403241,swing,0.0,0.0,0.2488377353815202,0.08530745086321301,0.036682283581786546,0.08927069426859516
11.72,FL,0.8023803469069908,swing,0.0,0.0,0.2932476133682411,0.08380146123163412,0.046900790792932356,0.0988531567915067
11.72,FR,0.3023803469069908,early_stance,-1.0056925699866204,19.70862038414016,0.03177041192564631,-1.355049201833258,0.007188273829822234,0.035342284160682046
11.72,RL,0.3023803469069908,early_stance,1.168487241651943,23.38932770952724,0.8696579426930762,-2.0910532498875005,0.24733067708890272,0.19947306580407742
11.72,RR,0.8023803469069908,swing,0.0,0.0,0.27039711019765045,0.07933960576425736,0.040514831752977556,0.08167235772460532
11.74,FL,0.8065470135736574,swing,0.0,0.0,0.2797922628302381,0.08001215700355269,0.023672635556693685,0.0892604801951941
11.74,FR,0.30654701357365743,early_stance,-1.3669012219017762,20.017271279349135,-0.06365988914014603,-1.3251384126401238,-0.013637086087517493,0.05229466364909224
11.74,RL,0.30654701357365743,early_stance,0.8866590016796729,23.00332403750105,0.774158627956478,-2.012620368237558,0.2173614221877749,0.23169326833738538
11.74,RR,0.8065470135736574,swing,0.0,0.0,0.2569820873373201,0.08303273784990084,0.020815471724817253,0.08099830392631556
11.76,FL,0.8107136802403241,swing,0.0,0.0,0.26681241458702576,0.0809190929072151,0.004798699255317411,0.0954072526440403
11.76,FR,0.3107136802403241,early_stance,-1.3416165259666017,20.095580291108455,-0.055244184115865846,-1.3198395505579714,-0.012206331482486689,0.02505281031582
11.76,RL,0.3107136802403241,early_stance,0.6961225828726247,22.336701136642844,0.7022387259366337,-1.9217485599397057,0.18749029955708696,0.24908573796156286
11.76,RR,0.8107136802403241,swing,0.0,0.0,0.2359102938887505,0.07573770157665694,0.008017578677486445,0.06958420614495583
11.78,FL,0.8148803469069907,swing,0.0,0.0,0.28159866131104216,0.07789668596409938,-0.006686359048334822,0.0802662185028205
11.78,FR,0.31488034690699074,early_stance,-1.6975430054881977,20.605064061982038,-0.15058626015265855,-1.3274789648448808,-0.03239067319176515,0.06914130980387347
11.78,RL,0.31488034690699074,early_stance,0.38774431759652606,21.711484320692495,0.613714355755631,-1.8246989034406822,0.1988815643528063,0.08029444620992592
11.78,RR,0.8148803469069907,swing,0.0,0.0,0.22033563509387566,0.07571043132670363,-0.007719477935261933,0.06462658463363144
11.8,FL,0.8190470135736574,swing,0.0,0.0,0.2635546832540356,0.08425067549479914,-0.03082597358830533,0.08502020293383118
11.8,FR,0.3190470135736574,early_stance,-2.043166654314889,20.93867317521072,-0.23457164061507474,-1.3028714417077756,-0.048000850550157556,0.05539951016191759
11.8,RL,0.3190470135736574,early_stance,0.15204381133375888,21.46948095119555,0.5378143646765103,-1.7706743879503957,0.151497138949823,0.13406045040867082
11.8,RR,0.8190470135736574,swing,0.0,0.0,0.23755961947815518,0.07163337087391242,-0.019837635487072746,0.05663615362654512
11.82,FL,0.823213680240324,swing,0.0,0.0,0.2636033238092466,0.08371393916013536,-0.0681550686700157,0.0774772711736374
11.82,FR,0.32321368024032404,early_stance,-2.1344993250423023,21.2224664141492,-0.2478814580552854,-1.3172113820525857,-0.046570065379092015,0.06432306548109805
11.82,RL,0.32321368024032404,early_stance,0.015185701383909345,20.81762267622078,0.4908860620829252,-1.6959649431089252,0.11938822458610877,0.17313945725948188
11.82,RR,0.823213680240324,swing,0.0,0.0,0.15779906974951569,0.08748311058347469,-0.02337867535922329,0.061671747863784904
11.84,FL,0.8273803469069907,swing,0.0,0.0,0.2942661101897354,0.07953971587661535,-0.09642254509981785,0.07138087244091014
11.84,FR,0.3273803469069907,early_stance,-2.475747422348721,21.55096379225606,-0.3249645744037457,-1.3042976222182878,-0.06094982342219607,0.04817686289123693
11.84,RL,0.3273803469069907,early_stance,-0.2050820008935802,20.433640234441565,0.44196348313163314,-1.6445908115362111,0.10369831018753409,0.14215265204324856
11.84,RR,0.8273803469069907,swing,0.0,0.0,0.21730778661035657,0.06936219514381647,-0.058214526703924824,0.04344405367964691
11.86,FL,0.8315470135736573,swing,0.0,0.0,0.26789878368204606,0.06465022917018581,-0.10973171065653808,0.05267015995053973
11.86,FR,0.33154701357365735,early_stance,-2.236496376449544,22.14651307503018,-0.25690813712711347,-1.3539189682060706,-0.011186215006107681,-0.04762680809491363
11.86,RL,0.33154701357365735,early_stance,1.1632501977053664,15.30241989899081,0.6706107086687132,-1.3783409254301766,0.014517722744121506,0.3778880294978923
11.86,RR,0.8315470135736573,swing,-3.2954166102107765,8.981076184891872,-0.5863724461004433,-0.1386308346474261,-0.17333213616973403,-0.10352104194632533
11.88,FL,0.835713680240324,swing,0.0,0.0,0.24732484825110435,0.0714983688815014,-0.11973958808865208,0.04926151405966699
11.88,FR,0.335713680240324,early_stance,-1.2791331875620655,22.08054192135916,0.008054579365730535,-1.4843806790492904,-0.0009561056147878911,-0.10824294844582
11.88,RL,0.335713680240324,early_stance,1.855986504420021,12.293260435515672,0.8372554475054623,-1.215022175871502,0.008278177133764044,0.2425130815664648
11.88,RR,0.835713680240324,swing,-3.9795851474871267,9.593806619143411,-0.8869084671425913,-0.1023503513578734,-0.10834190530563023,-0.0634945497434667
11.9,FL,0.8398803469069906,swing,0.0,0.0,0.22533118604555274,0.07836674869210858,-0.13781164024962766,0.05046760071762859
11.9,FR,0.33988034690699065,early_stance,-0.1941120490722819,21.73586514405844,0.2968502278016305,-1.594794383004601,-0.06156389048092211,-0.18642112152803253
11.9,RL,0.33988034690699065,early_stance,2.2801027497079733,10.855026802928396,0.9270477761516781,-1.1570580868705351,0.012214421560991609,0.15970879820988418
11.9,RR,0.8398803469069906,swing,-4.865533212135623,10.498643204173106,-1.1560444428327745,-0.08944252130088665,0.11933809499060415,-0.0442465694842697
11.92,FL,0.8440470135736573,swing,0.0,0.0,0.2552611882358926,0.07077286622784029,-0.17297830561127248,0.03427669655591674
11.92,FR,0.3440470135736573,early_stance,0.7785157250271071,21.187185200470463,0.569365653785424,-1.6898646539078828,-0.15414513245043426,-0.2048780167274567
11.92,RL,0.3440470135736573,early_stance,2.869860465450387,9.859939512090506,1.0647165300481816,-1.144110924815628,0.03168536490549289,0.07136307899339879
11.92,RR,0.8440470135736573,swing,-5.469980130002147,11.600492567637062,-1.2995068536410135,-0.13934072592447516,0.3693582594381845,-0.05253651733229363
11.94,FL,0.848213680240324,swing,0.0,0.0,0.22998725117045826,0.07703373075166675,-0.17663603614041676,0.031873323060061895
11.94,FR,0.34821368024032395,early_stance,1.7869824161088417,20.7399634231262,0.8585763127652979,-1.79660899818793,-0.26614540291640265,-0.1650473379850739
11.94,RL,0.34821368024032395,early_stance,3.2801588897279874,9.336640016497746,1.1623283275164307,-1.1490647451718767,0.01930553775345154,0.02759383575941787
11.94,RR,0.848213680240324,swing,-6.289142244447333,12.443041339232233,-1.4758020803073424,-0.14258694590840654,0.5593647966845775,-0.04746963320192162
11.96,FL,0.8523803469069906,swing,0.0,0.0,0.2337770658047037,0.07528694104020528,-0.2016583861984711,0.026808923676394453
11.96,FR,0.3523803469069906,late_stance,2.781362208151516,20.179858291543333,1.1483601290736911,-1.8957787854792725,-0.3716115030021368,-0.14366814129182834
11.96,RL,0.3523803469069906,late_stance,3.933856863998679,8.592099226638544,1.2931850013516981,-1.1624478343160585,-0.015435687368199948,-0.004060832620624347
11.96,RR,0.8523803469069906,swing,-6.996265557768073,13.88253765380091,-1.6311453299010874,-0.21335570427096506,0.7742222167909232,-0.051419697955120434
11.98,FL,0.8565470135736573,swing,0.0,0.0,0.22649486458292079,0.07408438926033764,-0.21053881840390948,0.016907386825549885
11.98,FR,0.35654701357365726,late_stance,3.8743132249957153,19.52197250395143,1.450510807046075,-1.9872322771958701,-0.42419064292551056,-0.22077245435084447
11.98,RL,0.35654701357365726,late_stance,4.564509207123862,7.705376544713951,1.4313035009061135,-1.1639636950325556,-0.03863958133934556,-0.0638172423613054
11.98,RR,0.8565470135736573,swing,-7.865344576302545,15.396630779674796,-1.8108587548612414,-0.27956986825713837,0.9768863439243171,-0.04632714796522866
12.0,FL,0.8607136802403239,swing,0.0,0.0,0.20909159625779494,0.0802697907143744,-0.20736731176629927,0.011067051238435084
12.0,FR,0.3607136802403239,late_stance,4.952187479757497,19.139352172917746,1.7423739154142888,-2.0990557409830775,-0.47505904586914666,-0.1856347113627912
12.0,RL,0.3607136802403239,late_stance,5.3477515121982915,7.135662017508792,1.6353846072337437,-1.2209027179845844,-0.06105561460281346,-0.09851248629806486
12.0,RR,0.8607136802403239,swing,-8.473423770059611,16.997961237749635,-1.9179939233089165,-0.39346364359900166,1.187790891347205,-0.008825123416845895
12.02,FL,0.8648803469069906,swing,0.0,0.0,0.20348418119173528,0.07384592138102636,-0.21849319685706986,0.006402598350015729
12.02,FR,0.36488034690699056,late_stance,5.762093303888103,18.836457019074235,1.9665613177842753,-2.1820938844781126,-0.496947537020692,-0.13396534276403027
12.02,RL,0.36488034690699056,late_stance,5.9727838948596075,6.69837192931672,1.7894038810532513,-1.2686850448435907,-0.08867761562981463,-0.10140141439549967
12.02,RR,0.8648803469069906,swing,-9.557625823778514,17.7655914625104,-2.142345732483996,-0.39179596963835017,1.4870710188795346,0.048335047347479475
12.040000000000001,FL,0.8690470135736572,swing,0.0,0.0,0.2083392893022017,0.038133394490979466,-0.2399578912150885,-0.0049191610887409296
12.040000000000001,FR,0.3690470135736572,late_stance,6.552476748592952,18.695234239183105,2.1810962686611908,-2.295304453140417,-0.5142752568902413,-0.05759979245770649
12.040000000000001,RL,0.3690470135736572,late_stance,6.461035876446939,6.543079347550133,1.8936305396334971,-1.3214200121729027,-0.027879587504251017,-0.16420755855007022
12.040000000000001,RR,0.8690470135736572,swing,-10.290164662719974,17.884067669058677,-2.268129581082202,-0.35088462451025404,1.7111534053668136,0.08977496568325584
12.06,FL,0.8732136802403239,swing,0.0,0.0,0.20256794207529816,0.03918027025727777,-0.23592631915131382,-0.008938207202789757
12.06,FR,0.37321368024032386,late_stance,7.262347427748386,18.292757040921074,2.3681638161600436,-2.3504756052267033,-0.479508886182439,-0.04243544513971818
12.06,RL,0.37321368024032386,late_stance,6.918271019432051,6.919480052005166,2.0370545213600892,-1.418161219645991,0.030092950739611452,-0.19499159873452343
12.06,RR,0.8732136802403239,swing,-11.013603199721315,17.91330850235043,-2.402568958471128,-0.2975557172209442,1.9797167647169074,0.12443402795182895
12.08,FL,0.8773803469069905,swing,0.0,0.0,0.18611296076790773,0.03997433757715935,-0.22464150430687518,-0.012520383586292571
12.08,FR,0.3773803469069905,late_stance,8.031943701986059,17.878892624257222,2.562188379808172,-2.4076084385004908,-0.3835123720814062,-0.14195371314006314
12.08,RL,0.3773803469069905,late_stance,7.185955019464228,7.186988650492216,2.113044686451659,-1.4844581565251975,0.0842736157871218,-0.17236784465143176
12.08,RR,0.8773803469069905,swing,-11.653082803265956,17.60377114551407,-2.527054338875381,-0.2148169081721384,2.283721233396246,0.12841070086501247
12.1,FL,0.8815470135736572,swing,0.0,0.0,0.19023429626954946,0.03720983118282861,-0.23453988897528344,-0.016295776277388756
12.1,FR,0.38154701357365717,late_stance,8.50890159708142,17.845561796740718,2.684824330922067,-2.482707155160505,-0.30961257492264016,-0.10089358735304473
12.1,RL,0.38154701357365717,late_stance,7.321497700155509,7.322200483596571,2.1428659612426175,-1.5180337099235908,0.19910356881306818,-0.1270513062954418
12.1,RR,0.8815470135736572,swing,-12.367929625739373,16.97541165449662,-2.6790842955888676,-0.08083710555851142,2.5557804895176233,0.06088561469018575
12.120000000000001,FL,0.8857136802403238,swing,0.0,0.0,0.1868013275926762,0.03329132329152995,-0.23026709259295017,-0.01901995486551731
12.120000000000001,FR,0.3857136802403238,late_stance,8.852282855640832,17.497416748190634,2.805942295704293,-2.4913460442855837,-0.13383659448597243,-0.2300542132936959
12.120000000000001,RL,0.3857136802403238,late_stance,7.4608176273788676,7.462472851064294,2.1511054442524524,-1.5452194208981869,0.2758991978259358,-0.10379853803211435
12.120000000000001,RR,0.8857136802403238,swing,-13.034645182656234,15.98310682834022,-2.8326159591768576,0.09272837862486782,2.73794553466044,-0.07786159761938767
12.14,FL,0.8898803469069905,swing,0.0,0.0,0.15995623906457002,0.03641659764390215,-0.2019660708413777,-0.022254315058697346
12.14,FR,0.38988034690699047,late_stance,9.102740858676354,17.130786422504485,2.8498379120702557,-2.4870158865852265,0.11975302609894069,-0.5728501910311194
12.14,RL,0.38988034690699047,late_stance,7.946416951207611,7.950422808996725,2.2608801059807613,-1.6413392198804495,0.2374405793875169,-0.13055273605658613
12.14,RR,0.8898803469069905,swing,-13.442020669174463,15.58215913029024,-2.94312332142807,0.18969913307791741,2.992782368833353,-0.1819670372999667
12.16,FL,0.8940470135736571,swing,0.0,0.0,0.1786559784037095,0.027652247498781146,-0.22339197569092947,-0.021116976680293147
12.16,FR,0.3940470135736571,late_stance,9.123406538463334,17.011880285262215,2.838378855918104,-2.482146160050903,0.36416774082318076,-0.839745497051411
12.16,RL,0.3940470135736571,late_stance,8.19316531690081,8.719096511788557,2.3309538934806566,-1.7354812424261954,0.19636857781931732,-0.22184560324908978
12.16,RR,0.8940470135736571,swing,-13.867157293702508,14.318281173286822,-3.0622635477340596,0.37480613493048587,3.109347988956101,-0.38115351344282405
12.18,FL,0.8982136802403238,swing,0.0,0.0,0.15225797821191567,0.03245458454178396,-0.19255509752773542,-0.026306831234210893
12.18,FR,0.3982136802403238,late_stance,8.858640353229447,17.32288876974303,2.7589764406963626,-2.4786897167378386,0.4672491496954306,-1.0149993511417825
12.18,RL,0.3982136802403238,late_stance,8.338112449512204,10.03584611196124,2.425681600569169,-1.8629432867431486,0.149950621001995,-0.33545930865607976
12.18,RR,0.8982136802403238,swing,-14.151375843036295,14.225497359624423,-3.1787076159759455,0.4711830089697109,3.42230743962894,-0.516315890242397
12.200000000000001,FL,0.9023803469069904,swing,0.0,0.0,0.15803000922334998,0.027502510409797676,-0.2032846806188137,-0.02503180795235022
12.200000000000001,FR,0.4023803469069904,late_stance,8.976771267286946,17.09370121156912,2.766516665794717,-2.474845151209043,0.583818704533505,-1.1714807363384976
12.200000000000001,RL,0.4023803469069904,late_stance,8.80702947176975,11.394386536928891,2.555184037380762,-2.036185153158183,0.1696227937868929,-0.3852519097873
12.200000000000001,RR,0.9023803469069904,swing,-14.156539231974294,14.208179819587864,-3.2203777420965523,0.5070443049091291,3.575910103231818,-0.4954251170882208
12.22,FL,0.9065470135736571,swing,0.0,0.0,0.16464673529168905,0.024899211994855563,-0.20494346217115245,-0.023339119717479585
12.22,FR,0.4065470135736571,late_stance,8.604331254446143,17.60776551804741,2.637303885172946,-2.4757718946973317,0.6351394949563149,-1.2833386882672455
12.22,RL,0.4065470135736571,late_stance,8.990004739332054,12.209695198342155,2.586260705215518,-2.116928771097066,0.1434378306344908,-0.3303166630472451
12.22,RR,0.9065470135736571,swing,-13.865824710943986,13.910080576479347,-3.2078489172236044,0.5403499358772372,3.9082720296130584,-0.517062760167816
12.24,FL,0.9107136802403237,swing,0.0,0.0,0.14405217285936478,0.030608393516379007,-0.17326076761313006,-0.03201534694131261
12.24,FR,0.41071368024032373,late_stance,8.550605069301106,17.61785628436901,2.580412830130554,-2.4783950725981443,0.6383903903448955,-1.1102770468934768
12.24,RL,0.41071368024032373,late_stance,9.195230110443593,13.254152662506554,2.6385876581098615,-2.2374329851216426,0.24080297670299497,-0.31696480185101755
12.24,RR,0.9107136802403237,swing,-12.740644000070127,12.781190203087661,-2.9993200260324455,0.52325277788116,3.964862727724845,-0.49535439289703
12.26,FL,0.9148803469069904,swing,0.0,0.0,0.06261615143298749,0.10094085933898822,-0.06675141702388089,-0.11515079088908961
12.26,FR,0.4148803469069904,late_stance,7.993158542585556,18.341856576517433,2.3431185962824808,-2.518080889256943,1.0268774812227883,-0.41435688269657556
12.26,RL,0.4148803469069904,late_stance,7.690991764539098,19.50366292361871,2.268958782799376,-2.518080889256943,1.12044310960013,-1.0885637576956828
12.26,RR,0.9148803469069904,swing,0.0,0.0,-0.8726829711310939,0.20572832588728296,2.8499730039946196,-0.12392161379218873
12.280000000000001,FL,0.919047013573657,swing,0.0,0.0,-0.017979852694658516,0.10931291559195122,0.019835192420509296,-0.12521971442356022
12.280000000000001,FR,0.41904701357365703,late_stance,6.019264442780092,18.32222203852975,1.8119244056595911,-2.2818712865325645,1.4093611657849594,1.0458628195363664
12.280000000000001,RL,0.41904701357365703,late_stance,4.188638616773657,26.754386717070975,1.3006178612595005,-2.5607392170633325,1.4284154586237838,-1.9624773191718707
12.280000000000001,RR,0.919047013573657,swing,0.0,0.0,0.24782294749609202,-0.04740656043014635,-0.6535285887281354,0.032580956669075144
12.3,FL,0.9232136802403237,swing,0.0,0.0,0.18943716601767424,-0.0046997301238356215,-0.22657636037779433,0.004938526969663576
12.3,FR,0.4232136802403237,late_stance,4.399073491506926,19.094326353521634,1.3998061326278184,-2.130371045270244,1.00154227505427,1.4540146849203008
12.3,RL,0.4232136802403237,late_stance,3.676400369942462,27.07352656300844,1.0590003245888473,-2.542267670868851,0.6306677248331298,0.1298605820355925
12.3,RR,0.9232136802403237,swing,-8.601931597480078,8.619933885082517,-0.9466365158944119,0.10335982705694213,0.5077839557078307,-0.09821424535189636
12.32,FL,0.9273803469069903,swing,0.0,0.0,0.18972176035645594,-0.01595853983612705,-0.20518997923878163,0.019104739702504543
12.32,FR,0.42738034690699034,late_stance,4.608551581345684,19.376392081561864,1.3656944870150305,-2.1217463954402733,0.572788238846995,1.4306174261393156
12.32,RL,0.42738034690699034,late_stance,5.0833753180147445,19.832084622830802,1.3969493703249516,-2.1631218705881077,0.14723002549217945,1.319057462477386
12.32,RR,0.9273803469069903,swing,-8.226436433425851,8.430856654430691,-1.6965909695254002,0.2753210330074032,0.4865582954141069,-0.3002094949139721
12.34,FL,0.931547013573657,swing,0.0,0.0,0.08035902596631128,0.02689868435661913,-0.07360293848725244,-0.032213592171233985
12.34,FR,0.431547013573657,late_stance,5.018541145209891,19.28440753678071,1.3671685914829281,-2.1086214618536427,0.3803244907406454,1.4758303079161543
12.34,RL,0.431547013573657,late_stance,5.554749613385408,17.93532343318994,1.4813196962667337,-2.0564170307331135,0.17259907311215075,1.348945635449217
12.34,RR,0.931547013573657,swing,0.0,0.0,-1.4513714464485519,0.3565847962162362,1.373395886390081,-0.3942485376868058
12.36,FL,0.9357136802403236,swing,0.0,0.0,-0.03329411702495366,0.059573367559730084,0.02891907758665178,-0.06942359998944068
12.36,FR,0.43571368024032364,late_stance,3.9361547964166435,17.094046377881018,1.0034889839546635,-1.7317774003627369,0.5015287884235464,1.385112780043191
12.36,RL,0.43571368024032364,late_stance,3.9580088157897135,22.382833745694985,0.9034037221645196,-2.0792417519613395,0.5148743320777961,0.6644228981007938
12.36,RR,0.9357136802403236,swing,0.0,0.0,0.04446330954729594,0.009541311860356116,-0.08265075019421905,-0.006521585583546408
12.38,FL,0.9398803469069903,swing,0.0,0.0,0.03322601188990426,0.031219361463771356,-0.029311781641296754,-0.033379002491451426
12.38,FR,0.4398803469069903,late_stance,2.2945576809716,17.60801715257753,0.5018462251590932,-1.4748703597680821,0.3863446526743917,0.7188621079536955
12.38,RL,0.4398803469069903,late_stance,2.8563281307338637,22.707143677186476,0.5055400090689979,-1.8669790104291981,0.31182672011699364,0.7444005567070414
12.38,RR,0.9398803469069903,swing,0.0,0.0,0.20816292627575628,-0.016617590205365795,-0.2823235621480447,0.01269474123350298
12.4,FL,0.944047013573657,swing,-11.96453878584426,24.292639033812495,-1.425607064347161,-1.0001744527090994,-0.691022045799757,0.2635262394972937
12.4,FR,0.44404701357365695,late_stance,0.6506967614432174,9.507774728847004,0.24017048456867507,-0.6752031225002801,0.14224124934838714,0.6291631122447922
12.4,RL,0.44404701357365695,late_stance,1.3994791482571889,19.551410766742446,0.12414583429937842,-1.3889311235533257,0.07787139135187213,0.9212467413444245
12.4,RR,0.944047013573657,swing,0.0,0.0,0.203359011412226,-0.0025734749571700855,-0.1766414329925491,0.0020260726809006938
12.42,FL,0.9482136802403236,swing,-13.579243506847593,24.403574359287973,-2.0751287949601376,-0.7677287647377928,-0.4840311984456086,0.8073876093222847
12.42,FR,0.4482136802403236,late_stance,-0.5195994804350084,5.072536490276779,0.03828984221875953,-0.2102965813668305,0.019979045493494912,0.14978527530274988
12.42,RL,0.4482136802403236,late_stance,0.21446052324068154,14.799974118011594,-0.08996018940805028,-0.8989146738527085,-0.05277867005436367,0.6180704145725331
12.42,RR,0.9482136802403236,swing,0.0,0.0,0.25543813059510745,-0.00899955874702485,-0.18164419647212662,0.006271256659541716
12.44,FL,0.9523803469069902,swing,-13.480747889423132,21.270028909442658,-2.3227578647225577,-0.4019730547563367,0.19239770347125057,0.5384839571855834
12.44,FR,0.45238034690699025,late_stance,-1.011075594386842,4.332931514644251,-0.12849902107886058,-0.09018684510398678,-0.049769408885511145,0.03517506513660279
12.44,RL,0.45238034690699025,late_stance,-0.5690918502658963,12.030550378350332,-0.26942865098841595,-0.5841825112860323,-0.11482488384782202,0.36470445499004495
12.44,RR,0.9523803469069902,swing,0.0,0.0,0.2731478237683237,-0.016688124846187757,-0.15664404192625925,0.011081813080678755
12.46,FL,0.9565470135736569,swing,-13.347849626797538,19.68495372053318,-2.4260925882940745,-0.198115289610586,0.8024264772726539,0.2534527342895831
12.46,FR,0.4565470135736569,late_stance,-0.6462603027687125,3.7017756795655674,-0.041851572289413136,-0.09993068639759718,-0.009294965908722553,0.013973306109414938
12.46,RL,0.4565470135736569,late_stance,-0.8682145372166916,10.522189135083936,-0.3285605902824781,-0.42431338881311165,-0.08936754289247321,0.17241967275739886
12.46,RR,0.9565470135736569,swing,0.0,0.0,0.2483217162065312,-0.01664004422033838,-0.08765247810699238,0.009724654334074434
12.48,FL,0.9607136802403236,swing,-12.59706802062049,18.206402442572955,-2.32236253452341,-0.11961771528683018,1.2030733610457072,0.12827642358529168
12.48,FR,0.46071368024032355,late_stance,-0.12916140358491998,5.658917574463301,0.045540046261173125,-0.23150334456641608,0.005239825280224251,-0.017266138492742927
12.48,RL,0.46071368024032355,late_stance,-0.4843491980291267,11.119329477196812,-0.2727696870290467,-0.49194142395550067,-0.029529487316877868,0.09115970891763545
12.48,RR,0.9607136802403236,swing,0.0,0.0,0.18444270547625252,0.00028402165439117555,-0.04422090629494331,-0.00014964318152877978
12.5,FL,0.9648803469069902,swing,-10.629436312413288,14.494531283492142,-1.9977987783594204,0.00308077660996553,1.3713311280503917,-0.003184958415622184
12.5,FR,0.4648803469069902,late_stance,0.2856216240362756,11.31826845780899,-0.025834721833724233,-0.585075360261077,-0.004112456841297136,-0.22317693872565206
12.5,RL,0.4648803469069902,late_stance,0.30716319868068015,12.967269941936035,-0.16907676297164084,-0.660274123887726,-0.001664470139197498,0.004203974295948393
12.5,RR,0.9648803469069902,swing,0.0,0.0,0.11003655082561886,0.023689756610624557,-0.01555321699649698,-0.012222356109549441
12.52,FL,0.9690470135736569,swing,-8.224152773045734,9.858903976285056,-1.5971872185154476,0.14234310434602393,1.251064069253363,-0.11827859491078972
12.52,FR,0.46904701357365686,late_stance,1.209051301318953,15.13626911142516,0.0538817102270102,-0.9489696454146838,0.0010488636403533512,-0.39573035713130233
12.52,RL,0.46904701357365686,late_stance,1.2771004753897228,10.665445417045783,0.1613902917922101,-0.7252834644812585,-0.0346827703253876,0.007964230387880076
12.52,RR,0.9690470135736569,swing,-1.9197568040667428,9.948921752132234,0.04458969723094179,-0.5511050994984746,-0.004485271989787878,-0.09442922622120661
12.540000000000001,FL,0.9732136802403235,swing,-5.506368727891404,5.539496864733771,-1.1464075639258118,0.22325667352157597,0.9187110793959993,-0.14008309906643868
12.540000000000001,FR,0.4732136802403235,late_stance,2.6359241756754477,16.224578888209525,0.39012768530988645,-1.2387390537186387,-0.049011865929072376,-0.5167315790778663
12.540000000000001,RL,0.4732136802403235,late_stance,2.6081831128089483,8.152440970972771,0.5913144601808005,-0.7670149723027944,-0.19605720488405792,-0.00985135228928967
12.540000000000001,RR,0.9732136802403235,swing,-1.416659118092664,13.277798349475681,0.36833518296084233,-0.9909037965541093,-0.1256387644882662,-0.1635914265446255
12.56,FL,0.9773803469069902,swing,-3.5091128672417553,3.705442413450893,-0.7553787891836533,0.1552288128258817,0.5147791728512532,-0.058287312009688105
12.56,FR,0.47738034690699016,late_stance,3.453772083278272,16.197508994067217,0.6113781486666878,-1.3826965390466495,-0.11789188142775053,-0.32057763878408974
12.56,RL,0.47738034690699016,late_stance,3.5629762057381336,8.31909441520956,0.8290927954343739,-0.9229770025287523,-0.19113943335731243,-0.09445272398288021
12.56,RR,0.9773803469069902,swing,-1.190204120064916,15.468038348205138,0.5667339402438478,-1.2691229918479434,-0.22027366281285343,-0.03637184208873208
12.58,FL,0.9815470135736568,swing,-2.0356856432315684,2.421434071164077,-0.44657143443393765,0.08642093430188513,0.23434764316526202,-0.017077420556904043
12.58,FR,0.4815470135736568,late_stance,3.9491364026487052,15.240511922102938,0.7833221743527722,-1.428261318363898,-0.13780863167161878,-0.11571912242858043
12.58,RL,0.4815470135736568,late_stance,3.926822348379832,9.459184005904063,0.8940242273702532,-1.0445490641400412,-0.08438320649839023,-0.1576282429166916
12.58,RR,0.9815470135736568,swing,-0.942863053198692,16.200846981576728,0.7020644164784527,-1.4046471683116093,-0.21713128268587717,0.00830034994777982
12.6,FL,0.9857136802403235,swing,0.0,0.0,-0.11635149659665939,0.05408088780899667,0.0586379940843309,-0.0065356848513652074
12.6,FR,0.48571368024032346,late_stance,4.379295207937673,14.38798227957568,0.903980724300944,-1.4653708861948802,-0.1135495890001508,0.046826791802829004
12.6,RL,0.48571368024032346,late_stance,4.171315568764519,11.526651198062778,0.9449370365932763,-1.2028365836574997,0.02169776752543721,-0.1961106060821555
12.6,RR,0.9857136802403235,swing,-0.3728083040201326,15.766282090512702,0.8378468882371838,-1.4608212405386822,-0.1969672936349018,0.1350376150442077
12.620000000000001,FL,0.9898803469069901,swing,-0.9665679323391597,2.693827696352911,-0.0065857914493913094,-0.04383731921348648,0.0010592170201383017,0.005348938836760666
12.620000000000001,FR,0.4898803469069901,late_stance,4.400612761230706,13.726113944277202,0.9494478175098774,-1.433726684744462,-0.034717245358249285,0.11430518127252817
12.620000000000001,RL,0.4898803469069901,late_stance,4.265982088283088,14.211425529764906,0.8895640055658561,-1.3701952488377473,0.16794633377968515,-0.2629064031632315
12.620000000000001,RR,0.9898803469069901,swing,0.499238927454259,14.115538903444833,0.9796752237657844,-1.4121725974282286,-0.1571600634212235,0.29151101788480016
12.64,FL,0.9940470135736568,swing,-1.870597062146002,4.770214260467744,-0.16160000025881616,-0.1045328344073384,-0.024001672300331418,-0.01099108894753579
12.64,FR,0.49404701357365677,late_stance,4.180701929457828,12.621987999874333,0.9427895014454256,-1.3382793855292416,0.04120483657877227,0.2666795127725043
12.64,RL,0.49404701357365677,late_stance,3.87127951832869,14.325988716812853,0.7930232332930077,-1.3582546085467204,0.1901673972665346,-0.06784530337848865
12.64,RR,0.9940470135736568,swing,0.5450453418458548,13.467720186261502,1.0010262905440028,-1.3536407135061064,0.018137571436813958,0.22425818564807806
12.66,FL,0.9982136802403234,swing,-2.8221271888460744,6.905994253580533,-0.30048706576361495,-0.1801978935015912,-0.10531462845964532,-0.06371334357824962
12.66,FR,0.4982136802403234,late_stance,3.7011511942322657,11.480295414159873,0.8638124036846343,-1.21012191092196,0.11914820764497855,0.26591018129323263
12.66,RL,0.4982136802403234,late_stance,3.523008717493985,13.793530459515388,0.7105657705186429,-1.2729527703680423,0.1787234105479791,0.07986875042013236
12.66,RR,0.9982136802403234,swing,0.3278984817361376,12.772058916137759,0.9017281586746504,-1.252280196993802,0.12436202973957088,0.18617205761496144
12.68,FL,0.002380346906990072,early_stance,-3.8459954668603116,9.388055278166888,-0.43274429041770174,-0.2919439088088732,-0.16174240071124518,-0.08617856024623058
12.68,FR,0.5023803469069901,late_stance,3.356309601914861,9.760707296548562,0.8192805571975115,-1.050861574742076,0.1573236137283593,0.2712687322692824
12.68,RL,0.5023803469069901,late_stance,3.3025038121253454,13.801293377283407,0.6310780373716458,-1.2334246153856052,0.15670688969904137,0.21228458605565984
12.68,RR,0.002380346906990072,early_stance,0.2476196827525823,11.584644355981622,0.8070780375497241,-1.1159066220220857,0.18809857949237552,0.1331721579167589
12.700000000000001,FL,0.006547013573656738,early_stance,-4.758448755352406,10.965008396064977,-0.5795916126634018,-0.3275016006227395,-0.20556260290922707,-0.07252163190571857
12.700000000000001,FR,0.5065470135736567,late_stance,2.851388553678779,9.021917187318557,0.6982474752156711,-0.9234923768674803,0.158535503822474,0.23107675392650354
12.700000000000001,RL,0.5065470135736567,late_stance,2.725867805496392,12.551748354786119,0.5067317038515611,-1.065195952096499,0.12243043866609288,0.2395069393150953
12.700000000000001,RR,0.006547013573656738,early_stance,-0.03460488065427578,11.232930918845648,0.7037497470695098,-1.0376223739896835,0.19040814022939084,0.11673124855115288
12.72,FL,0.010713680240323407,early_stance,-4.995080838758125,11.394206066935443,-0.6189425520302656,-0.332794498011944,-0.2223167805559082,-0.07567993927059548
12.72,FR,0.5107136802403234,late_stance,2.4913107911266166,9.224166737294064,0.5824387191635471,-0.8699885371449453,0.13797057249993205,0.2067486022654866
12.72,RL,0.5107136802403234,late_stance,2.4466763881228784,11.755085898709545,0.4401501398870309,-0.9663614418601089,0.10756171567777119,0.21697763968775502
12.72,RR,0.010713680240323407,early_stance,-0.18130489514445366,10.901636837462434,0.6362531790613482,-0.9714035396963823,0.19653116742487162,0.04528641277749737
12.74,FL,0.014880346906990072,early_stance,-5.373276220609917,12.181301343822252,-0.6739369419440984,-0.37049405899663196,-0.21590267429010637,-0.05919232785176896
12.74,FR,0.51488034690699,late_stance,2.0705073030026604,9.21745810815416,0.46574715379111775,-0.7930503648875873,0.11182079202328615,0.15971672692365688
12.74,RL,0.51488034690699,late_stance,2.1381177149439816,10.866230526417041,0.3792389151826374,-0.8645120531904562,0.08969919447417962,0.19592074754879246
12.74,RR,0.014880346906990072,early_stance,-0.595700658992476,10.889846466088507,0.5131706466870729,-0.8938283751964461,0.1617905116946093,-0.003072691779782145
12.76,FL,0.019047013573656738,early_stance,-5.333359473466653,12.250113658932987,-0.6685289701047481,-0.37761403371244007,-0.17222453405226984,-0.04254972025351888
12.76,FR,0.5190470135736568,late_stance,1.8946002877044532,9.631982464648077,0.39296509694913134,-0.7756725935182263,0.09776647490236856,0.0732364096635373
12.76,RL,0.5190470135736568,late_stance,1.8437405404830314,10.059122442956635,0.3332418716310437,-0.7844437450214335,0.05785167711913534,0.20253643495652607
12.76,RR,0.019047013573656738,early_stance,-0.8617781190765197,11.1963854419434,0.44438022309030434,-0.8744329710620076,0.12073053291942158,-0.021914787853684458
12.780000000000001,FL,0.023213680240323404,early_stance,-5.150863450232625,12.010198950746567,-0.6427964586426531,-0.3737340473715639,-0.1410185555190161,-0.03391427288389828
12.780000000000001,FR,0.5232136802403234,late_stance,1.7261498320219724,10.287477117885796,0.3102300065035314,-0.7744632365312565,0.06550906396081808,0.07163777345896183
12.780000000000001,RL,0.5232136802403234,late_stance,1.586778826091263,9.578613088495178,0.27344224301676656,-0.7114331406996255,0.04666559533739215,0.14446359487535446
12.780000000000001,RR,0.023213680240323404,early_stance,-1.037867351314206,11.210902930078877,0.38555163917458557,-0.830567929300098,0.09608402685397324,-0.05138593754069113
12.8,FL,0.027380346906990073,early_stance,-5.014427690798211,11.782011771042358,-0.6287941413806726,-0.3659057976890095,-0.10496183595943885,-0.02855534312903876
12.8,FR,0.5273803469069901,late_stance,1.8692213940486937,10.350017202397286,0.3368519449818953,-0.7796256574286095,0.06693557046061403,0.02580959193611062
12.8,RL,0.5273803469069901,late_stance,1.555709524575256,9.407670600990288,0.2585563599335619,-0.6889008018370016,0.03210657317453247,0.13421685189859092
12.8,RR,0.027380346906990073,early_stance,-1.0111183664844525,11.52135415405588,0.40463828888102915,-0.8654279658932833,0.08679836288991731,-0.07653861455796672
12.82,FL,0.03154701357365674,early_stance,-4.402361647094812,11.120471906093334,-0.5102445619683991,-0.3770018277056438,-0.07945763768807343,-0.03560418641385129
12.82,FR,0.5315470135736567,late_stance,1.727373672303466,10.89612435745854,0.27589242785741974,-0.8057556589287919,0.04737822541841356,0.03883957106697534
12.82,RL,0.5315470135736567,late_stance,1.816163305942047,9.27149516017883,0.3312858418604198,-0.7156885407761021,0.045390959347310175,0.09394097711256198
12.82,RR,0.03154701357365674,early_stance,-0.9970588541009923,12.011920438894618,0.4197775087078479,-0.9076459153793806,0.08715070769757903,-0.0991585429316084
12.84,FL,0.035713680240323405,early_stance,-4.345010703055053,10.977811420860801,-0.5112383479113795,-0.36783566871970863,-0.07850451324903546,-0.046421628875530946
12.84,FR,0.5357136802403234,late_stance,1.8111603434664145,11.01215379864501,0.28315617588556136,-0.8186572034963054,0.04341042691332014,0.04445548983752542
12.84,RL,0.5357136802403234,late_stance,1.7801574085102565,9.855337920109392,0.2793551569672126,-0.7288179000696982,0.039398719500053365,0.06476418627852439
12.84,RR,0.035713680240323405,early_stance,-1.0031138246331646,11.437393757789893,0.38593450732487883,-0.8477680297218686,0.07817508009536438,-0.11051465418338391
12.86,FL,0.03988034690699007,early_stance,-4.051345860543008,11.221238231809865,-0.4312868987812124,-0.42672587468098866,-0.05451548603447651,-0.05824184331780016
12.86,FR,0.53988034690699,late_stance,1.7049915412479622,10.757614847840756,0.2558045636568239,-0.7858477543031456,0.03292436382585214,0.04185038542666175
12.86,RL,0.53988034690699,late_stance,1.8852253527601455,10.376591518524302,0.27784843731769077,-0.7692328995047516,0.027599160064618773,0.07791822996418463
12.86,RR,0.03988034690699007,early_stance,-0.6989015880269013,11.445525709956687,0.45515320158165196,-0.8897004160803998,0.07202411124238603,-0.074361128743273
12.88,FL,0.044047013573656736,early_stance,-3.7228292522811017,10.904936448685657,-0.36314248880461786,-0.4375827829945867,-0.04784507386343614,-0.07019339281922102
12.88,FR,0.5440470135736567,late_stance,1.6886914643743778,10.821522829593032,0.23908053047476172,-0.7822844143835612,0.026773007992185297,0.05354883331053782
12.88,RL,0.5440470135736567,late_stance,1.8874655992175173,10.552267992241607,0.2638187417970518,-0.7705139896291857,0.025864242285386724,0.06458169742036562
12.88,RR,0.044047013573656736,early_stance,-0.6309554809078957,11.318233508464097,0.45811936532634195,-0.8877027234819446,0.06803338418843036,-0.06411854942895119
12.9,FL,0.0482136802403234,early_stance,-3.4504998526215602,10.998040029448575,-0.29375431782804573,-0.4825623765051978,-0.03748333877697237,-0.067261354487157
12.9,FR,0.5482136802403234,late_stance,1.652398655925733,10.683529245394197,0.2275799238657118,-0.7649693242969875,0.02274417263061416,0.06889496959642791
12.9,RL,0.5482136802403234,late_stance,2.003312543375383,10.79305577699481,0.2808330066355439,-0.799245015351203,0.03273540748779191,0.04567611983459182
12.9,RR,0.0482136802403234,early_stance,-0.6015710241646697,11.297214368628275,0.45776610626069497,-0.8884492194987281,0.0685764954864964,-0.0633019723763531
12.92,FL,0.05238034690699007,early_stance,-3.349980835367658,10.98577754008226,-0.27034411194773467,-0.495378392940234,-0.03286823944941199,-0.05503406990190595
12.92,FR,0.5523803469069901,late_stance,1.9619930289096357,10.378167014597752,0.3210114564628504,-0.7962441321538607,0.0317642118819284,0.0803717398284197
12.92,RL,0.5523803469069901,late_stance,1.9808764528327272,11.087167084720082,0.2507006539709463,-0.8042356882819593,0.028799299599557866,0.05611959367542946
12.92,RR,0.05238034690699007,early_stance,-0.5627307492959908,11.201444065546628,0.45723640255627074,-0.880481897895075,0.06915639719953097,-0.05748662167699494
12.94,FL,0.05654701357365673,early_stance,-2.9242971417128136,10.263356507068243,-0.18821019404127562,-0.4781018824389712,-0.0320534113914276,-0.08761018864035743
12.94,FR,0.5565470135736568,late_stance,1.9126318397638606,10.62689394938159,0.28017790945899995,-0.7937177804577545,0.03399297793438923,0.06802447534373891
12.94,RL,0.5565470135736568,late_stance,2.1468354803397514,11.417645185626956,0.2759451877961394,-0.8474372082305476,0.031398883280125425,0.07421263016283725
12.94,RR,0.05654701357365673,early_stance,-0.3982387427980274,11.132845787760003,0.48866316961159895,-0.8900442966931486,0.08294902423572602,-0.06821897398400835
12.96,FL,0.060713680240323406,early_stance,-3.0665851632540195,10.954876333341511,-0.2079631085940357,-0.5263790260131418,-0.03490736005309055,-0.07567958291597646
12.96,FR,0.5607136802403234,late_stance,1.7655239998210541,10.490170585636003,0.2470309411251118,-0.7631331308324661,0.0297972730040389,0.08326364571197407
12.96,RL,0.5607136802403234,late_stance,2.07981529352856,11.388261620157099,0.26137637511057277,-0.8380556564296787,0.02697858774309012,0.11339595360253135
12.96,RR,0.060713680240323406,early_stance,-0.4510053574784863,11.019092962037359,0.46452677787898655,-0.8768437854377094,0.08219645539675151,-0.05278105744486755
12.98,FL,0.06488034690699007,early_stance,-2.93838926158013,11.043765222647506,-0.17144154339383375,-0.5506468832220818,-0.02983331206884496,-0.06724862899039638
12.98,FR,0.5648803469069901,late_stance,1.6485865380734004,10.374031894801213,0.21245852418764571,-0.733205723527421,0.026338906067237905,0.0854146902821792
12.98,RL,0.5648803469069901,late_stance,2.006886214066527,11.016704716348658,0.2689920326055333,-0.8194262149842431,0.035220373211738536,0.0910290902071656
12.98,RR,0.06488034690699007,early_stance,-0.5202284299583504,11.25157538705623,0.4503956061318749,-0.8943689638946744,0.07904278739099434,-0.0349853897195303
13.0,FL,0.06904701357365674,early_stance,-2.8482562935557687,11.168722345422491,-0.14586690309159026,-0.5722862336243597,-0.026810373348775115,-0.06379319473528915
13.0,FR,0.5690470135736567,late_stance,1.4985770466147301,10.337774609206038,0.16983842636691493,-0.7062540978439733,0.022310704288340182,0.08211986620573268
13.0,RL,0.5690470135736567,late_stance,1.8475972482324052,11.045441834315016,0.21745369565605,-0.7946032666775662,0.029876870710726245,0.0942634006734802
13.0,RR,0.06904701357365674,early_stance,-0.41258477926666126,11.138471891043036,0.46776100433114887,-0.8859479875035853,0.09010874399992067,-0.04716962022875057
13.02,FL,0.0732136802403234,early_stance,-2.77404483851421,11.401333422851378,-0.12204170386865376,-0.600945102604093,-0.02311138875558055,-0.06842178858085812
13.02,FR,0.5732136802403234,late_stance,1.645083359999649,9.941214566342772,0.22312533605076063,-0.7023202121643649,0.03297026950179327,0.06343572484761192
13.02,RL,0.5732136802403234,late_stance,1.7754997474985053,10.99558346256015,0.19584457189369892,-0.7809523732473619,0.022562852921020997,0.12271043209473188
13.02,RR,0.0732136802403234,early_stance,-0.5007559012064693,11.15718619239383,0.43561299778043144,-0.8721353924866225,0.08395206922725854,-0.0439631188736365
13.040000000000001,FL,0.07738034690699007,early_stance,-2.8519674025998087,11.5223773378459,-0.1424415623741451,-0.6000331645201638,-0.02606361069592892,-0.05236799319433502
13.040000000000001,FR,0.57738034690699,late_stance,1.5109822998837115,10.259988272660477,0.16252192063282556,-0.6950271281189268,0.024851363945550993,0.06547819678099788
13.040000000000001,RL,0.57738034690699,late_stance,1.648336525403789,10.842570130000814,0.1733722331916812,-0.7582898826073331,0.019476579199717167,0.13039615447083863
13.040000000000001,RR,0.07738034690699007,early_stance,-0.6245426997747076,10.979696147973884,0.3880502750952488,-0.8267108485935539,0.08147141667455891,-0.06131763115476341
13.06,FL,0.08154701357365673,early_stance,-2.467610388989531,11.089447235820401,-0.06497581622479309,-0.6055048535431171,-0.012549530970000788,-0.05138122733060514
13.06,FR,0.5815470135736567,late_stance,1.5706192955078806,10.962186008430079,0.13501199767605862,-0.7382677083279428,0.016860713900313552,0.11164098014555772
13.06,RL,0.5815470135736567,late_stance,1.575887564289228,10.513238820213962,0.1720131207491562,-0.7332388072509238,0.024544368000084096,0.09674880534652489
13.06,RR,0.08154701357365673,early_stance,-0.8075284491937618,11.28701116458759,0.34150079384108434,-0.8334506922634919,0.07273204263192191,-0.061235675597465344
13.08,FL,0.0857136802403234,early_stance,-2.606887546511664,10.716720689608476,-0.11869075291030531,-0.5478733589239688,-0.025629260876834505,-0.07327865553623458
13.08,FR,0.5857136802403234,late_stance,1.3121639843099138,10.746583720865543,0.09666756826779212,-0.6997211632252927,0.013080220246989363,0.08569036597110279
13.08,RL,0.5857136802403234,late_stance,1.640345145073115,10.453470156751298,0.18382299845992434,-0.7393345605986188,0.023599098457968426,0.11146673747380348
13.08,RR,0.0857136802403234,early_stance,-0.6540702234916698,11.20853925189653,0.3734400696516944,-0.8498226260991262,0.07192391700959534,-0.035885933761052285
13.1,FL,0.08988034690699007,early_stance,-2.5996773107559052,11.308334645544559,-0.10810933155813732,-0.6012353797365894,-0.022556658696783815,-0.07924986832051298
13.1,FR,0.5898803469069901,late_stance,1.1890682908382055,10.8537736389849,0.05346276028417235,-0.6823926537546585,0.007218174129012639,0.07676677950245511
13.1,RL,0.5898803469069901,late_stance,1.4446689005774398,10.168240813301834,0.14926542484339905,-0.6974331172861696,0.018926358320353467,0.09879701830674638
13.1,RR,0.08988034690699007,early_stance,-0.7414955341650572,11.239102739822483,0.34286048165315974,-0.8358389143862981,0.06578369684196238,-0.03870839216484129
13.120000000000001,FL,0.09404701357365673,early_stance,-2.472968287062703,11.411085741147371,-0.07691860368361755,-0.6247483945112384,-0.01475238009194103,-0.07155975830880983
13.120000000000001,FR,0.5940470135736567,late_stance,1.0914651079809032,10.912689383862684,0.019657830842914004,-0.667592073420904,0.0025045286366629964,0.07028655394212702
13.120000000000001,RL,0.5940470135736567,late_stance,1.3724510950551192,10.339171195874524,0.12816169437982883,-0.7055544579041788,0.014096923099388432,0.10499811899170926
13.120000000000001,RR,0.09404701357365673,early_stance,-0.735983132107975,11.019068181553783,0.3274173407884634,-0.8136690682973005,0.058733107141721516,-0.03393126604663885
13.14,FL,0.0982136802403234,early_stance,-2.3110543454011614,11.379514559103907,-0.04284957760823366,-0.6401727619599443,-0.007950757552863244,-0.06606190040918958
13.14,FR,0.5982136802403234,late_stance,0.9616210238309564,10.823307917998157,-0.008991926819041013,-0.6473085867797845,-0.0010960695154668748,0.06898977177861833
13.14,RL,0.5982136802403234,late_stance,1.3339105927784232,10.303329909964221,0.11756592675831395,-0.6967502732533638,0.012065444456248839,0.10777426435252901
13.14,RR,0.0982136802403234,early_stance,-0.5498980083827152,11.035232261202976,0.3692089282744055,-0.835039789977914,0.06498350895333412,-0.030454727560082825
13.16,FL,0.10238034690699006,early_stance,-2.381398223382444,11.6247958520204,-0.058597545233680826,-0.6511352239379493,-0.010365363668356862,-0.06120361338440193
13.16,FR,0.60238034690699,late_stance,0.9918638192200865,10.608312500422453,0.00836883865034141,-0.6407007872054705,0.0010595411039811856,0.05871615567769517
13.16,RL,0.60238034690699,late_stance,1.212972521677117,10.205592700153778,0.08795209052060023,-0.6704449405698295,0.009792128504610769,0.08733407579911605
13.16,RR,0.10238034690699006,early_stance,-0.5947711678600428,11.013235738347904,0.34749161975537546,-0.8206091800346293,0.061728807522613637,-0.036741523970789315
13.18,FL,0.10654701357365673,early_stance,-1.9862725832943926,11.37894437652935,0.03173042883075647,-0.6762060491848065,0.005703953800184883,-0.07333380366712751
13.18,FR,0.6065470135736567,late_stance,1.0783150415091058,10.759403801530597,0.01439436181635817,-0.6592945867848832,0.0019487775293708647,0.046109459145259754
13.18,RL,0.6065470135736567,late_stance,1.260103820001604,10.38713329591916,0.07749822028091444,-0.6799497393045143,0.007358743552369646,0.09783953183155888
13.18,RR,0.10654701357365673,early_stance,-0.6260953328548129,11.04864482518471,0.33060884085860553,-0.8126617219055445,0.05784016096263363,-0.04250268422996781
13.200000000000001,FL,0.1107136802403234,early_stance,-1.9802713459341672,11.22517223848865,0.014875415374133477,-0.6667467019086292,0.002599006181077018,-0.04757486403613895
13.200000000000001,FR,0.6107136802403234,late_stance,1.1533463359361191,11.366367131553622,0.0006859845120777142,-0.7083482370733472,7.20431068368903e-05,0.09836709903253742
13.200000000000001,RL,0.6107136802403234,late_stance,1.348498879574075,10.29423754035274,0.10626557055580864,-0.6876019306940664,0.011816739159225768,0.09402309273663066
13.200000000000001,RR,0.1107136802403234,early_stance,-0.7151360655957081,11.129732102732504,0.30113787402769665,-0.8048468191292729,0.0565559168191243,-0.04678013303904607
13.22,FL,0.11488034690699006,early_stance,-1.7134271871646285,10.925363062071057,0.07165032839134389,-0.6637533584469139,0.015017558787854041,-0.08564522713038632
13.22,FR,0.6148803469069901,late_stance,0.9854194416287058,11.014464805320875,-0.021831139996401128,-0.6629259441568082,-0.0024906909271141977,0.08371469315511282
13.22,RL,0.6148803469069901,late_stance,1.2221347997538008,10.223345159111872,0.06882043035487165,-0.6607523954314833,0.008269415853322328,0.08234319649144756
13.22,RR,0.11488034690699006,early_stance,-0.5688105306476723,11.175594141834805,0.33525167754368407,-0.8270755507967346,0.06147170685151913,-0.03578916480216383
13.24,FL,0.11904701357365673,early_stance,-1.805129373695473,11.467605168677206,0.056434832499255544,-0.7003425624226162,0.010356985947161028,-0.05442571849104476
13.24,FR,0.6190470135736568,late_stance,0.8256274586111314,10.847680455517091,-0.05200512995853657,-0.6335756367585583,-0.006107120312748032,0.07489114593238319
13.24,RL,0.6190470135736568,late_stance,1.3539669440188635,10.81184894917649,0.05658321154585205,-0.7036442910014684,0.005310138117791395,0.11674269770894888
13.24,RR,0.11904701357365673,early_stance,-0.603187904276612,10.659103354733265,0.3009029223882961,-0.7679459899647071,0.05734945881729527,-0.0423174024881312
13.26,FL,0.1232136802403234,early_stance,-1.676664380176605,11.434590640455916,0.08398522743453776,-0.7101289415381365,0.015835482240918648,-0.06159346019291524
13.26,FR,0.6232136802403234,late_stance,0.7353876227584872,10.964919978702135,-0.08676341268336413,-0.6223969827826968,-0.01053690003808313,0.06493426727207895
13.26,RL,0.6232136802403234,late_stance,1.1717327774759103,10.228152762610716,0.04358669578727237,-0.6438721924842362,0.004306826692085801,0.10045722643177898
13.26,RR,0.1232136802403234,early_stance,-0.7052003370930666,10.83505554635836,0.2707068384640503,-0.7676532723795612,0.05129451945609832,-0.04611527667690004
13.280000000000001,FL,0.12738034690699007,early_stance,-1.5213562429701528,11.325705162480443,0.11230756894220939,-0.7170382902065063,0.021028013490433425,-0.05842875007567442
13.280000000000001,FR,0.6273803469069901,late_stance,0.6800390677281891,11.222881575683529,-0.10294748401931159,-0.6410627209116739,-0.010919549950222427,0.07889667684383819
13.280000000000001,RL,0.6273803469069901,late_stance,1.182796693558221,10.250495010782972,0.03315212172505673,-0.6394642317108616,0.0030910853374496536,0.10340631201458593
13.280000000000001,RR,0.12738034690699007,early_stance,-0.6927027166779421,10.837925306667561,0.26712068307798187,-0.7758545009504129,0.04571203260367436,-0.02333920111534285
13.3,FL,0.13154701357365675,early_stance,-1.5832583352704837,11.320419807305313,0.08731040120867656,-0.7056135223935919,0.01639967339440734,-0.04877045731601491
13.3,FR,0.6315470135736567,late_stance,0.7990913118921275,11.04064071753835,-0.06905105136481485,-0.6438353800759884,-0.007591501128827362,0.08487914511335126
13.3,RL,0.6315470135736567,late_stance,1.1619557953176785,10.288036452724766,0.016066758610116916,-0.6299160292865579,0.0015730061772228408,0.10359922015351199
13.3,RR,0.13154701357365675,early_stance,-0.5856764037547358,10.75170019328197,0.2852114677543591,-0.7668924935212961,0.05467026621694131,-0.039428496169722126
13.32,FL,0.13571368024032343,early_stance,-1.4882740614466488,11.381125886267206,0.10847794354474447,-0.7193144879076232,0.021157141872292527,-0.061866748080885034
13.32,FR,0.6357136802403234,late_stance,0.6966013414712298,11.104112612576998,-0.10540126768438357,-0.6285813694454997,-0.012601824847853422,0.07049844043256158
13.32,RL,0.6357136802403234,late_stance,1.0212287447754804,9.951094613907808,-0.007125771236557929,-0.587850775746801,-0.0007518347742349655,0.08582439626393491
13.32,RR,0.13571368024032343,early_stance,-0.6423295792895262,10.963927223813156,0.2679695728101471,-0.7847833748636538,0.04828784643675261,-0.025269263217943823
13.34,FL,0.1398803469069901,early_stance,-1.53748999558053,11.400745426878176,0.0868702511091771,-0.7116905048597626,0.01609127150599666,-0.04901498553127584
13.34,FR,0.6398803469069901,late_stance,0.7019999307225974,11.3515737418485,-0.12247202925488682,-0.6405536226684043,-0.012877577861844028,0.08476219799406325
13.34,RL,0.6398803469069901,late_stance,1.314772041730118,10.416727473781174,0.02634557807122216,-0.6482612911654997,0.002584451576774649,0.10199773692987107
13.34,RR,0.1398803469069901,early_stance,-0.6540165478678669,10.711847026256697,0.2485266605388534,-0.7588792685454118,0.04439656573138303,-0.02487054660380574
13.36,FL,0.1440470135736568,early_stance,-1.4224168784430982,11.438366139210949,0.11195112391809253,-0.7256293705612664,0.021469669666975187,-0.06347066985916297
13.36,FR,0.6440470135736568,late_stance,0.6243123104698979,11.190196687425642,-0.14199908518435422,-0.6120415255685288,-0.015234483011885477,0.07219309254038331
13.36,RL,0.6440470135736568,late_stance,1.170612116855608,9.915474496215012,0.03275859671879999,-0.6131863740493273,0.002818675996426439,0.10631267092448997
13.36,RR,0.1440470135736568,early_stance,-0.8165520389742426,10.815214823388816,0.20168962989676947,-0.7496985942754686,0.031626525274241125,-0.004108911611454377
13.38,FL,0.14821368024032347,early_stance,-1.2784423587696103,11.593272661144969,0.14584795666732014,-0.7590150872042624,0.027096796750653625,-0.04557568075392122
13.38,FR,0.6482136802403234,late_stance,0.531656142163443,11.059254788496311,-0.1656744596842819,-0.588609497346905,-0.018185668994371556,0.06827589859485125
13.38,RL,0.6482136802403234,late_stance,1.1814225003979655,10.079073419572026,0.014324888712985373,-0.6135903076864596,0.0014354714318047226,0.09679214989333687
13.38,RR,0.14821368024032347,early_stance,-0.6369944255619102,10.573023838646222,0.24076166936808252,-0.724090452502778,0.04176611164992063,-0.023902736852286423
13.4,FL,0.15238034690699015,early_stance,-1.359314182417056,11.27998377574512,0.10872783299004701,-0.7117653275976978,0.021463817301039283,-0.054758572484457924
13.4,FR,0.6523803469069902,late_stance,0.6833531330792707,11.717739108429305,-0.1763535684647899,-0.6373877098670231,-0.016405252161100906,0.09680092941351995
13.4,RL,0.6523803469069902,late_stance,1.0502594741301583,9.879850342338285,-0.016480586062305458,-0.5756958039609718,-0.0018375241647108844,0.0813172565517719
13.4,RR,0.15238034690699015,early_stance,-0.6919171847200994,10.772981146477893,0.21662794700471474,-0.7484082446515278,0.03819678349520723,-0.01919909475388543
13.42,FL,0.15654701357365683,early_stance,-1.0992341747651413,11.390195441462206,0.17247583611432038,-0.7519015919565624,0.03572849463332814,-0.08274768416197895
13.42,FR,0.6565470135736569,late_stance,0.5523182539036541,11.392745311233814,-0.19196458013762316,-0.59679679401877,-0.019409969669001995,0.0781867576662627
13.42,RL,0.6565470135736569,late_stance,1.2136460286019286,10.439124471762405,-0.021731819701589286,-0.6222894692466253,-0.0018726633570278549,0.10453684660575484
13.42,RR,0.15654701357365683,early_stance,-0.678378695071847,10.415556156634526,0.20287021839033725,-0.7147221577193708,0.03473430495615772,-0.017489166680250363
13.44,FL,0.1607136802403235,early_stance,-1.2204245127501,11.567608157224962,0.1340205924682245,-0.7484995604097602,0.027628957578999254,-0.06181361289228486
13.44,FR,0.6607136802403235,late_stance,0.6728527631570537,11.28255022867769,-0.1639792003445552,-0.6033871725201141,-0.017833698838431514,0.08522746034408564
13.44,RL,0.6607136802403235,late_stance,1.1313334887313224,10.190532946145451,-0.029749435340360217,-0.5908229768457378,-0.0028010333704165647,0.10429859582501504
13.44,RR,0.1607136802403235,early_stance,-0.6124467373379091,10.443925239256856,0.21386726499397507,-0.7085674582347015,0.042558121418976254,-0.036338281621551276
13.46,FL,0.1648803469069902,early_stance,-1.290547213312492,11.825873099671117,0.11716311309400618,-0.7641569257601517,0.0220615385073509,-0.036528543422917635
13.46,FR,0.6648803469069902,late_stance,0.4183244178676483,11.175953303824487,-0.23470057223715723,-0.5497898317218916,-0.02472511605298093,0.07862376046341371
13.46,RL,0.6648803469069902,late_stance,1.0711187654502285,9.900500460427354,-0.035798207163317844,-0.562042327186004,-0.003191029413603156,0.1038674581105272
13.46,RR,0.1648803469069902,early_stance,-0.6568738782490892,10.465103870470315,0.1953302949191773,-0.7136583569093135,0.0360117473556506,-0.01616472798771823
13.48,FL,0.16904701357365687,early_stance,-0.9643085393729693,11.657194918287079,0.1929189211848638,-0.7818964449435587,0.03820291887560599,-0.06602234162871877
13.48,FR,0.6690470135736568,late_stance,0.3765102449327805,11.292084820696672,-0.26185825636873156,-0.5421854760003065,-0.029202806536488712,0.06020650714287759
13.48,RL,0.6690470135736568,late_stance,1.0537072183377614,10.012773401951899,-0.06066207475167586,-0.5570967600058951,-0.0034425100134079997,0.12145935757970631
13.48,RR,0.16904701357365687,early_stance,-0.5980502017088752,10.309217118515608,0.1991608143496303,-0.7070221661599083,0.032594738480793264,-0.0028865233278221936
13.5,FL,0.17321368024032355,early_stance,-1.098046166742526,11.806207493026672,0.1482900500985218,-0.7743313126699293,0.030551350278884032,-0.050662855673219195
13.5,FR,0.6732136802403236,late_stance,0.36910301840407833,11.466120538750355,-0.2828514323284547,-0.541947712452809,-0.030144253395854057,0.07707416046883575
13.5,RL,0.6732136802403236,late_stance,1.1344677389391784,9.871188321231617,-0.03744988573597237,-0.5544156440534218,-0.003765231808855867,0.0967489479978611
13.5,RR,0.17321368024032355,early_stance,-0.7501093032329731,10.241895832484433,0.14934950842984138,-0.656534714323867,0.030218141061490466,-0.034763658659197
13.52,FL,0.17738034690699023,early_stance,-1.1514400666623767,11.795068530602403,0.12650901247941632,-0.7746367530264944,0.024367454531111037,-0.020898617200028773
13.52,FR,0.6773803469069902,late_stance,0.3369424587048536,11.473619227537501,-0.2795826297870088,-0.549218389731802,-0.024588307158363867,0.10137050059038233
13.52,RL,0.6773803469069902,late_stance,1.079024804137466,9.8428764644526,-0.06143204591470103,-0.5361844218944971,-0.006402098814846418,0.09656917768620868
13.52,RR,0.17738034690699023,early_stance,-0.6539860186241507,10.297582169758577,0.16914737388834444,-0.6780939501968749,0.03410451408233851,-0.02634934854031518
13.540000000000001,FL,0.1815470135736569,early_stance,-1.063311177577488,11.835642540434344,0.14268099314838226,-0.7716717195998772,0.028868056374945772,-0.0444198083505865
13.540000000000001,FR,0.6815470135736569,late_stance,0.26043398640101323,11.451829503147087,-0.3107195984892275,-0.5249677147061768,-0.0339330218499633,0.07148968864912171
13.540000000000001,RL,0.6815470135736569,late_stance,1.0355591868853633,9.697356432506938,-0.0722458698504241,-0.5160268251622367,-0.007006463253079059,0.09286826919010774
13.540000000000001,RR,0.1815470135736569,early_stance,-0.7335145105121963,10.244248241624014,0.13825083166840121,-0.6574066358365778,0.02712489956886339,-0.02721032829536386
13.56,FL,0.1857136802403236,early_stance,-0.9206272019093183,11.857479783354647,0.16993757668067191,-0.796370082686336,0.033073014782203466,-0.03263864376245652
13.56,FR,0.6857136802403236,late_stance,0.29733452974029245,11.598615519776322,-0.3227374412602616,-0.5288846990097288,-0.03158597755807603,0.07848006332421378
13.56,RL,0.6857136802403236,late_stance,1.103124346576414,9.762085155241214,-0.06779888109974574,-0.5248220767052731,-0.0054111365434725755,0.10800007512126453
13.56,RR,0.1857136802403236,early_stance,-0.7465470392872992,10.259558768620128,0.12669048838037666,-0.6617700473979072,0.022872030421996856,-0.012496157161800572
13.58,FL,0.18988034690699027,early_stance,-1.0187592128391003,12.031726019086776,0.13896284123984293,-0.786499212790964,0.027068517115699284,-0.04207667264138197
13.58,FR,0.6898803469069903,late_stance,0.2012682132431995,11.538425832333914,-0.3482827224191708,-0.5051764746165897,-0.03790546413700478,0.060997143203842724
13.58,RL,0.6898803469069903,late_stance,0.9135742153927411,9.545356353171135,-0.1101312388952127,-0.4784710443684674,-0.007777409776483897,0.09953560569250818
13.58,RR,0.18988034690699027,early_stance,-0.7847496440933797,10.090510841583763,0.10717155700232767,-0.6321389911029286,0.01930046753857517,-0.01813707419388595
13.6,FL,0.19404701357365695,early_stance,-0.8383139858399575,11.843934262199765,0.17321173239698048,-0.8019143224513023,0.0326725483294053,-0.026375415399650905
13.6,FR,0.694047013573657,late_stance,0.5156462141159794,11.931602923445164,-0.3080487158505592,-0.5645115065204603,-0.030129919964490087,0.08264159712356657
13.6,RL,0.694047013573657,late_stance,0.8521033855928478,9.578067296662702,-0.1260718911078209,-0.47412136209753686,-0.011591243378729386,0.08364120492651385
13.6,RR,0.19404701357365695,early_stance,-0.7062908595945775,10.311855307711571,0.1342118923308769,-0.6650595833299552,0.025509789920317924,-0.02671876697505567
13.620000000000001,FL,0.19821368024032363,early_stance,-0.966383479375699,11.788623718363242,0.13040399560211388,-0.7601895548025325,0.02664322934572783,-0.05796549366979033
13.620000000000001,FR,0.6982136802403236,late_stance,0.2594771352402537,11.780864333912639,-0.3692940230734677,-0.508015163277175,-0.035517125576893516,0.07090195227581318
13.620000000000001,RL,0.6982136802403236,late_stance,0.8120329985801739,9.334778201231039,-0.12708205901572475,-0.4521922699882447,-0.010335663555865422,0.0816744103821058
13.620000000000001,RR,0.19821368024032363,early_stance,-0.7152320881929359,10.26478121812272,0.12419203959538896,-0.6670963683099069,0.0213617191162889,-0.01021703824828778
13.64,FL,0.2023803469069903,early_stance,-0.7897948999295078,11.951326622578012,0.17032981432093489,-0.7946419382819784,0.03166217747696498,-0.04663344905374491
13.64,FR,0.7023803469069902,swing,0.3271958700200483,11.910315558652016,-0.37048018836072183,-0.5155286060015632,-0.03147968881146607,0.07394186091036196
13.64,RL,0.7023803469069902,swing,0.8160840763238845,9.527703532944107,-0.1502171741722576,-0.4532572905561264,-0.007796122905530567,0.09573367153028964
13.64,RR,0.2023803469069903,early_stance,-0.8595736219726942,9.967950045570868,0.0733901071664338,-0.6176084021971087,0.011632571020814482,-0.00592010785523338
13.66,FL,0.20654701357365698,early_stance,-0.6832079960808065,11.889029360387514,0.18660748238308655,-0.7982365952898546,0.037075414511088284,-0.056870190441165466
13.66,FR,0.706547013573657,swing,0.3587996028056571,11.90975926009646,-0.37208941359670833,-0.5120177813576948,-0.03101375470633731,0.07719138917945949
13.66,RL,0.706547013573657,swing,0.8070356824666693,9.394957884131347,-0.15165600414608546,-0.4383564774917862,-0.011052131128462019,0.08022624989403163
13.66,RR,0.20654701357365698,early_stance,-0.8445242302618051,10.047629989750616,0.07205228230700034,-0.6212393687010475,0.011484367480143602,-0.006041529195806005
13.68,FL,0.21071368024032366,early_stance,-0.7626414819863482,12.180983640901147,0.16171552997334493,-0.8156374957574367,0.03107264369218977,-0.034616080868590665
13.68,FR,0.7107136802403237,swing,0.24116588165163036,11.55617025438682,-0.3902955960762552,-0.4705311302431126,-0.037740099201599125,0.06519305232995057
13.68,RL,0.7107136802403237,swing,0.9196981234960326,9.294208824032971,-0.12304595479368016,-0.4450808672198677,-0.012069557307431464,0.07019370101165752
13.68,RR,0.21071368024032366,early_stance,-0.7166549211744807,10.235516324148682,0.10065509936393532,-0.6463252581549752,0.01777635304998347,-0.015785815249162373
13.700000000000001,FL,0.21488034690699034,early_stance,-0.8558597608204412,12.227012623127854,0.13121228527135986,-0.7978017735510828,0.025393383451829666,-0.037645919330071255
13.700000000000001,FR,0.7148803469069903,swing,0.30001359028739744,11.81642249975955,-0.4050244470730159,-0.4819874874746486,-0.03772675850787017,0.06910207936523138
13.700000000000001,RL,0.7148803469069903,swing,0.8043406034908338,9.203310914936207,-0.15620550369338132,-0.41525227196633385,-0.017280129514488065,0.05693131002210251
13.700000000000001,RR,0.21488034690699034,early_stance,-0.7854555022015238,10.19556503632512,0.07416413922069873,-0.6271080621022824,0.01347941028613733,-0.02186099057068982
13.72,FL,0.21904701357365702,early_stance,-0.5300914550593256,12.418776799745903,0.2125655488919842,-0.8491721679768064,0.04121372104824351,-0.05536680614649878
13.72,FR,0.7190470135736571,swing,0.14797546168476333,11.478494654684447,-0.431776103511369,-0.4346754645333032,-0.04631497728294109,0.04165753225826152
13.72,RL,0.7190470135736571,swing,0.8449623305114101,9.230847641591817,-0.159030802581814,-0.41678024802501723,-0.014317152409758673,0.06283899699220079
13.72,RR,0.21904701357365702,early_stance,-0.7469896739474018,10.246523963300213,0.07808103888711057,-0.636124715453388,0.012549535372332854,-0.013088815785286976
13.74,FL,0.2232136802403237,early_stance,-0.6810278408562533,12.859100641261378,0.16602435860333511,-0.8594144009651987,0.034396238290790956,-0.06516228008652085
13.74,FR,0.7232136802403237,swing,0.23122748256798675,10.884148787153805,-0.3742770951864438,-0.414498644886771,-0.05022313159106538,0.02226245347123773
13.74,RL,0.7232136802403237,swing,0.6850745217801213,8.604206889845601,-0.15563698988292274,-0.36331302951881284,-0.02047822841823502,0.03399136235677626
13.74,RR,0.2232136802403237,early_stance,-0.6243993717962077,10.7608227437169,0.11082249112381959,-0.6765298861190393,0.019562865593027327,-0.030505764373994555
13.76,FL,0.22738034690699038,early_stance,-0.8503391791210891,13.731816669766562,0.13044920611614463,-0.9040313157800796,0.026228825484367183,-0.0632891673393141
13.76,FR,0.7273803469069904,swing,-0.06611645540733664,10.206599024730359,-0.40725089282892674,-0.30038933147804625,-0.07036326419294887,-0.008149225766597611
13.76,RL,0.7273803469069904,swing,0.2457886440647712,7.936244751911903,-0.2315365391688926,-0.23671362015393804,-0.046050498075967596,-0.006076499922904625
13.76,RR,0.22738034690699038,early_stance,-0.7487932032838395,11.314668551925495,0.07817464692908271,-0.6987608727435367,0.013968783529732527,-0.0502257990912667
13.780000000000001,FL,0.23154701357365706,early_stance,-0.9411266590299036,14.490205653003652,0.12440935262377648,-0.9670955254090927,0.02164219347624771,-0.07127539933925696
13.780000000000001,FR,0.731547013573657,swing,-0.017301708572014143,9.985541901273143,-0.3959076412903766,-0.2927893983096177,-0.07451937262013347,-0.03683799911563167
13.780000000000001,RL,0.731547013573657,swing,0.28638658861234917,7.421690056313231,-0.18973717118841624,-0.20742445327593562,-0.04273869427836608,-0.024218174700277834
13.780000000000001,RR,0.23154701357365706,early_stance,-0.8146791688993902,11.980312566278316,0.06276862488470289,-0.7412622301554734,0.00809109022700488,-0.04533824849578317
13.8,FL,0.23571368024032374,early_stance,-0.8477382830027297,15.260515765773102,0.15430994708500426,-1.0347370251385688,0.02775616396730693,-0.13983053211201277
13.8,FR,0.7357136802403237,swing,-0.1835178445478305,8.889493567468284,-0.3652390460536415,-0.22013463909916073,-0.08598361333731111,-0.060102102179592054
13.8,RL,0.7357136802403237,swing,0.003593265398386697,6.868614891678465,-0.23041465325011143,-0.13892689051987483,-0.05847924949493905,-0.029078793063990648
13.8,RR,0.23571368024032374,early_stance,-0.6542907830210337,12.777796960406935,0.10963883945174224,-0.8162471622588153,0.010910792387182776,-0.07024529210855028
13.82,FL,0.23988034690699042,early_stance,-0.8637819204382894,16.36281136392831,0.1603596669882742,-1.123463090370129,0.024427888603000287,-0.13688657855467412
13.82,FR,0.7398803469069904,swing,-0.32623582706043625,8.052338276414218,-0.35303631309243094,-0.16484601328187481,-0.09156405530397503,-0.06163075622008453
13.82,RL,0.7398803469069904,swing,-0.19273381335467496,6.029546656918021,-0.21769794408996596,-0.07812329531495932,-0.06871898728317632,-0.027209102755796657
13.82,RR,0.23988034690699042,early_stance,-0.5214610754517082,14.071499399560805,0.15220612668874275,-0.9346614416375533,0.01316468749251357,-0.11562084682296839
13.84,FL,0.2440470135736571,early_stance,-0.6158078911015913,17.199025619839684,0.2354372194896038,-1.2249579708283367,0.030795794877794106,-0.16295631146236228
13.84,FR,0.7440470135736571,swing,-0.3883936065693349,6.922394025666172,-0.29466050921082265,-0.1140878718545898,-0.08190501788380822,-0.05332853101207067
13.84,RL,0.7440470135736571,swing,-0.5908199629453748,5.429053675268314,-0.2829249493058384,0.008998208538114172,-0.10015461237703535,0.004179652027990057
13.84,RR,0.2440470135736571,early_stance,-0.17957706023299227,15.298804082413977,0.25847232225462324,-1.0814600273381079,0.019527053533377393,-0.1802075968639771
13.86,FL,0.24821368024032378,early_stance,-0.3776130941024034,17.968030477597395,0.3035718411793197,-1.3199367710316483,0.037818839440414274,-0.227598197899733
13.86,FR,0.7482136802403238,swing,-0.47883159429964395,5.877555273256027,-0.24805127949178743,-0.0625558650166152,-0.07250808583230965,-0.034259381660809565
13.86,RL,0.7482136802403238,swing,-0.7714299522268858,4.606172768189878,-0.2675457877524626,0.06486974099706178,-0.10488938030161692,0.03778014080813631
13.86,RR,0.24821368024032378,early_stance,-0.03494268660339211,16.750308127379242,0.30555448648681216,-1.2193603255540184,0.021173994729490535,-0.2608691968278705
13.88,FL,0.25238034690699046,early_stance,-0.2390193637305164,19.140076211819277,0.3548546492945124,-1.4393064982039614,0.03209501201579459,-0.23678191404361196
13.88,FR,0.7523803469069905,swing,-0.6118769094470164,4.121008816002403,-0.15990333168789966,0.02387260577796002,-0.049991874706002984,0.015493692654678119
13.88,RL,0.7523803469069905,swing,-0.982548432289635,3.6942501174390916,-0.25688090106158273,0.12713411890945303,-0.10449855630313726,0.08452999641870808
13.88,RR,0.25238034690699046,early_stance,0.30016737234539626,18.373910318319318,0.38725637734850915,-1.4027275304733764,0.015432385362621715,-0.3227607499920201
13.9,FL,0.2565470135736571,early_stance,0.10985052819974116,20.13252514714826,0.43326817209226975,-1.5513720162917286,0.02415197401962633,-0.24555882042714025
13.9,FR,0.7565470135736572,swing,-0.7566792369985703,2.3132234650000276,-0.08610527702693527,0.11497177469699937,-0.027966800424472707,0.08759877582168514
13.9,RL,0.7565470135736572,swing,-1.3777684658448952,2.2856682949030747,-0.25980257148275687,0.23350582951583598,-0.10946087277732601,0.18458270242250258
13.9,RR,0.2565470135736571,early_stance,0.43968026632727664,20.075750936641082,0.455151993706805,-1.5705375352602702,-0.0021426734202696124,-0.35399752832011183
13.92,FL,0.26071368024032376,early_stance,0.550243925431823,20.28017381631591,0.5406051487829793,-1.6303546520442747,0.011129211292211248,-0.20543169086611723
13.92,FR,0.7607136802403238,swing,-0.7761225645165015,0.928855798148823,-0.011598599244155766,0.16592501741420973,-0.0030667207989288625,0.12315379195131682
13.92,RL,0.7607136802403238,swing,-1.3235119906719777,1.5154953582458444,-0.20443719502935565,0.24337619188621062,-0.0837354564294404,0.2243441291772734
13.92,RR,0.26071368024032376,early_stance,0.9660635204690384,21.19126148249096,0.6285559176307234,-1.747020149877271,-0.006522707391041625,-0.4195640177110992
13.94,FL,0.2648803469069904,early_stance,1.0316631623905186,19.498807867058893,0.6801634202230769,-1.6491044814709215,0.0209348454551579,-0.10118587360792197
13.94,FR,0.7648803469069905,swing,0.0,0.0,0.19647370728451855,0.0979296291477928,0.03885787338803865,0.09440815361286031
13.94,RL,0.7648803469069905,swing,0.0,0.0,0.14886124892737485,0.0908766246438858,0.012977829179585074,0.10335450811933844
13.94,RR,0.2648803469069904,early_stance,0.8342416535819415,23.854630836500927,0.6754200846144143,-1.9627799529999634,0.03066742896987458,-0.5319683939278469
13.96,FL,0.26904701357365707,early_stance,0.9735404146000101,19.29890725201051,0.664477198964167,-1.6273490772226726,0.07502339200186485,-0.07953540432792583
13.96,FR,0.7690470135736571,swing,0.0,0.0,0.30121512184882326,0.07562264344950254,0.08736753142327638,0.07851419950640556
13.96,RL,0.7690470135736571,swing,0.0,0.0,0.3015597943234072,0.06325322734862016,0.0619065207826086,0.07273469643795881
13.96,RR,0.26904701357365707,early_stance,0.7296180197853168,25.416079853220424,0.6566635819952238,-2.063180354754323,0.07580644606609573,-0.556322137264931
13.98,FL,0.2732136802403237,early_stance,0.8968319717983533,19.388417385566022,0.6495472142361806,-1.6372658015683177,0.09353689660952519,-0.03953696901423993
13.98,FR,0.7732136802403238,swing,0.0,0.0,0.299480595797511,0.07639726000298896,0.12020987589632844,0.07947847900874476
13.98,RL,0.7732136802403238,swing,0.0,0.0,0.2994002639760755,0.07144654318540167,0.10742064474066572,0.0832696124417064
13.98,RR,0.2732136802403237,early_stance,0.6502851345813554,25.873337715817303,0.659708415584787,-2.1103268205954366,0.051913229379567494,-0.27912897746651977
14.0,FL,0.27738034690699037,early_stance,1.0359812945295703,19.13396350646323,0.6832913990563301,-1.6407183092125441,0.11268955129714361,-0.014962715790672822
14.0,FR,0.7773803469069904,swing,0.0,0.0,0.2525589548671428,0.09063065102987833,0.1085990509403346,0.09722537623975298
14.0,RL,0.7773803469069904,swing,0.0,0.0,0.2565562035986807,0.08209777454689737,0.09152280023153381,0.09557725847485353
14.0,RR,0.27738034690699037,early_stance,0.9909609460196006,25.334733790507155,0.761498720871679,-2.1263791294880283,0.06420396627082332,-0.13910598288898607
14.02,FL,0.281547013573657,early_stance,0.8789350570151582,19.095672777166325,0.6373242477066694,-1.6243528533803377,0.1221377941573893,0.024208244093779575
14.02,FR,0.7815470135736571,swing,0.0,0.0,0.23940563249799512,0.09450998748320294,0.08747020122235115,0.10303656208928463
14.02,RL,0.7815470135736571,swing,0.0,0.0,0.2704409780075409,0.07941718581374846,0.0976797371239395,0.0924996317571747
14.02,RR,0.281547013573657,early_stance,0.9417448525648394,25.206381268351354,0.7456214392026413,-2.1461879966018884,0.09504711165291961,-0.05339245670615168
14.040000000000001,FL,0.2857136802403237,early_stance,0.6913368551645535,19.187988646536244,0.5855011572226615,-1.6056129379861133,0.1224623386408868,0.040746373243815394
14.040000000000001,FR,0.7857136802403237,swing,0.0,0.0,0.269041159239968,0.08578975126839006,0.09741082274823763,0.09429113714540786
14.040000000000001,RL,0.7857136802403237,swing,0.0,0.0,0.2706301263308949,0.0814310704927661,0.10089472441628719,0.09804287221134103
14.040000000000001,RR,0.2857136802403237,early_stance,0.7203198960698454,24.876605626793218,0.6833800650746599,-2.1003537645225085,0.09854967145261932,0.08288342480387385
14.06,FL,0.2898803469069903,early_stance,0.6639519377636963,19.26295238005409,0.5739608848316251,-1.6004393966680612,0.13199498319312458,0.028403228994706604
14.06,FR,0.7898803469069904,swing,0.0,0.0,0.2670975021892267,0.08815249596076846,0.10215404278446247,0.0960143678350873
14.06,RL,0.7898803469069904,swing,0.0,0.0,0.2477416503271307,0.08499858791803039,0.07460612788659411,0.10352077583036591
14.06,RR,0.2898803469069903,early_stance,0.6128473426609833,24.239151096668774,0.6556748406150387,-2.038127830272684,0.11299101898001199,0.15111869540335277
14.08,FL,0.294047013573657,early_stance,0.5555368801901968,19.335231014747915,0.5345642975556268,-1.5886721159292772,0.13902496092986555,0.036287213381670534
14.08,FR,0.794047013573657,swing,0.0,0.0,0.23867072328454395,0.09618516813994937,0.06315792496839528,0.10440170026946476
14.08,RL,0.794047013573657,swing,0.0,0.0,0.26630635478515463,0.08008463278383482,0.07790506037830756,0.0978987256573248
14.08,RR,0.294047013573657,early_stance,0.5398408085677333,23.957793880034068,0.6231528681848646,-2.0000604742413586,0.142121160111011,0.14937203681235386
14.1,FL,0.29821368024032363,early_stance,0.16248974289463636,19.683189244158292,0.45140976194591953,-1.581262264471697,0.11805200650773606,0.032609482692549846
14.1,FR,0.7982136802403237,swing,0.0,0.0,0.2864942288376767,0.08384822019274474,0.07579094953048172,0.09528431882004702
14.1,RL,0.7982136802403237,swing,0.0,0.0,0.2640585636523026,0.08273442375549656,0.042624905347162706,0.10130365568138544
14.1,RR,0.29821368024032363,early_stance,0.14933698758224076,23.56092889677098,0.5065495067425267,-1.9080893297352388,0.11634873132471168,0.2291878834712363
14.120000000000001,FL,0.3023803469069903,early_stance,-0.10395096542027676,19.909875996445596,0.3787864211883305,-1.562193712879573,0.09739156527173756,0.04424984101593623
14.120000000000001,FR,0.8023803469069903,swing,0.0,0.0,0.26580840467515576,0.09102171951559579,0.04521767783028825,0.1001738835698394
14.120000000000001,RL,0.8023803469069903,swing,0.0,0.0,0.289068146514038,0.07218917393471802,0.029320490622775423,0.08224877360400001
14.120000000000001,RR,0.3023803469069903,early_stance,-0.07422839873617582,22.996891752077556,0.4328173116525247,-1.823109587729512,0.1065508580563253,0.22923015473727598
14.14,FL,0.30654701357365693,early_stance,-0.5215667830059014,20.174137244123997,0.2692177698385461,-1.5228088676683313,0.06424801693324335,0.07363073235161421
14.14,FR,0.806547013573657,swing,0.0,0.0,0.2906590170062102,0.0832747350696651,0.030386224790953285,0.08737641906210489
14.14,RL,0.806547013573657,swing,0.0,0.0,0.26971353654642655,0.07274590279735682,0.018188272456015054,0.07993652107540804
14.14,RR,0.30654701357365693,early_stance,-0.39289205292392454,22.73919820583601,0.34375296779147324,-1.7594856739074591,0.08943778550884926,0.20086381006443613
14.16,FL,0.3107136802403236,early_stance,-0.5274582017041801,20.21661906076446,0.26769414971135463,-1.512109127769438,0.0640586636904056,0.0422946205298312
14.16,FR,0.8107136802403236,swing,0.0,0.0,0.276883930362518,0.08359108151140249,0.019192916976117216,0.08552223409378772
14.16,RL,0.8107136802403236,swing,0.0,0.0,0.2535917494583589,0.06685579747987958,0.006004385339748892,0.0699662737960387
14.16,RR,0.3107136802403236,early_stance,-0.42212760275481254,22.14955385820806,0.32169201174856343,-1.6990542637082915,0.08481580816521742,0.1729373525640702
14.18,FL,0.31488034690699024,early_stance,-0.7637390793036811,20.652199516349068,0.2041743022577768,-1.516995304511926,0.04878285357774053,0.01818336283038043
14.18,FR,0.8148803469069903,swing,0.0,0.0,0.2686940803440731,0.0824644829931952,0.0028972750412733944,0.08394974999452331
14.18,RL,0.8148803469069903,swing,0.0,0.0,0.23252866461158042,0.0746794318967281,-0.021752175218254066,0.07634100854079248
14.18,RR,0.31488034690699024,early_stance,-0.6431837716331702,21.79113354486431,0.2511720666089038,-1.6344802947028596,0.06343389037012874,0.17646244909230988
14.200000000000001,FL,0.3190470135736569,early_stance,-0.9407149331990458,20.927461244421394,0.16519871473346576,-1.5286550367929326,0.0368473367563477,0.06409684568051377
14.200000000000001,FR,0.819047013573657,swing,0.0,0.0,0.26999404728642573,0.08342915559963282,-0.017006592605856876,0.08108740636461853
14.200000000000001,RL,0.819047013573657,swing,0.0,0.0,0.2528154326963893,0.06470650183916948,-0.03935557131274106,0.05807666787895186
14.200000000000001,RR,0.3190470135736569,early_stance,-0.9879904786267548,21.397485332291765,0.1666401565182516,-1.561261398469607,0.04410834494613037,0.10351753624101864
14.22,FL,0.32321368024032354,early_stance,-0.9565054271470025,21.05928003478813,0.1712403233787767,-1.5271175791551026,0.03824325329864409,0.02485984219536033
14.22,FR,0.8232136802403236,swing,0.0,0.0,0.2354943476736082,0.09176913703191691,-0.03886941037964975,0.08304594728717841
14.22,RL,0.8232136802403236,swing,0.0,0.0,0.16475030696246543,0.08731766082553916,-0.0426022924775347,0.07175063320852366
14.22,RR,0.32321368024032354,early_stance,-1.1079618154733872,20.814832882036796,0.13069319881540692,-1.4980208244763928,0.02937109069216757,0.13607534617835318
14.24,FL,0.3273803469069902,early_stance,-1.092046229019627,21.992985513936937,0.16647719713703818,-1.580458873631604,0.02015237204197145,0.008633446360566321
14.24,FR,0.8273803469069902,swing,0.0,0.0,0.2806262617328496,0.06519853737775239,-0.08349423339091981,0.054055897119515986
14.24,RL,0.8273803469069902,swing,-3.0133440895800505,7.282996326271249,-0.44844594332432064,-0.004044085178815715,-0.11057206269263022,-0.003350028610899676
14.24,RR,0.3273803469069902,early_stance,-0.2501884135327188,17.187957962433345,0.28296507871955945,-1.3051220420748066,0.022017208562872082,0.29281314773147377
14.26,FL,0.33154701357365685,early_stance,-0.15910747549519666,22.25555302608783,0.36742582529777223,-1.687378513890882,-0.013383047409601863,-0.14938189692415607
14.26,FR,0.8315470135736569,swing,0.0,0.0,0.2585363892514749,0.06832738027170282,-0.09092371955274603,0.05610931791342022
14.26,RL,0.8315470135736569,swing,-4.32825573606353,8.659381951569511,-1.0102414599019631,0.10481825816678125,-0.20264905808431496,0.0703954460025683
14.26,RR,0.33154701357365685,early_stance,0.5941794590602723,13.479709155339648,0.4516571901837782,-1.1185085631558433,-0.008527657813841525,0.27487801935020917
14.280000000000001,FL,0.3357136802403235,early_stance,0.760347010846196,22.242428585354375,0.6292483244638523,-1.8202886915940306,-0.09570888561151573,-0.2541913563030348
14.280000000000001,FR,0.8357136802403236,swing,0.0,0.0,0.2297871818988183,0.07731272136247846,-0.10636616936363151,0.05348629545889893
14.280000000000001,RL,0.8357136802403236,swing,-5.331300887597478,9.270996478640066,-1.3298407146683693,0.17545131903737676,0.035932717103937604,0.09869344375702824
14.280000000000001,RR,0.3357136802403235,early_stance,0.9540348927118212,11.502954292082931,0.5180034452506174,-1.003637659591879,-0.010268568789613873,0.15380686691102052
14.3,FL,0.33988034690699015,early_stance,2.09923938525805,21.85750842910748,0.9988435092219778,-1.9760846154414546,-0.2403940930979408,-0.2743904381042158
14.3,FR,0.8398803469069902,swing,0.0,0.0,0.24537148583719437,0.0733796588842488,-0.14072790994340437,0.04208641431192322
14.3,RL,0.8398803469069902,swing,-6.5355443217556095,10.344374581224427,-1.6368108649239863,0.22863774796127334,0.3564862896161346,0.11131779920544338
14.3,RR,0.33988034690699015,early_stance,1.4999923199646403,10.385514421620321,0.6473394104573212,-0.9809467962022236,-0.016717540743101333,0.07819541643904428
14.32,FL,0.3440470135736568,early_stance,3.117244441926071,21.582772128397853,1.294329059834216,-2.1027644607715215,-0.3969683927827542,-0.23661862048462876
14.32,FR,0.8440470135736569,swing,0.0,0.0,0.2651179999935305,0.06962808965821665,-0.16328976482098034,0.036845325662602756
14.32,RL,0.8440470135736569,swing,-7.706073211824893,11.422522984073582,-1.9146803590152692,0.2659971151562026,0.6953851314609252,0.11342635493877674
14.32,RR,0.3440470135736568,early_stance,2.2353215689155572,9.712966021525027,0.8304753116972673,-1.006703616172539,-0.026341452848914107,0.012968644581962464
14.34,FL,0.34821368024032345,early_stance,4.413188914685107,20.81091161521785,1.6468032547053708,-2.211950399189153,-0.544842577288235,-0.30548612582750595
14.34,FR,0.8482136802403235,swing,0.0,0.0,0.23452247856818276,0.07561511296681617,-0.1620251843866291,0.03250944971427173
14.34,RL,0.8482136802403235,swing,-8.577384163232013,12.814001763052547,-2.1311476825029154,0.23872592390535902,1.093380168817532,0.07823940308918671
14.34,RR,0.34821368024032345,early_stance,2.970480439901209,8.855497517757701,1.0121656014628153,-1.0267483927050047,-0.0771856586660776,-0.01324027089755769
14.36,FL,0.3523803469069901,late_stance,5.724044372504254,20.260361378360923,2.0004116089737436,-2.3398505979995727,-0.6849454745017945,-0.2671230029739463
14.36,FR,0.8523803469069902,swing,0.0,0.0,0.20773227766001667,0.08220961058901766,-0.16848975249445655,0.023277708117877664
14.36,RL,0.8523803469069902,swing,-9.493627561616082,14.271117102348912,-2.335713197570967,0.19181598180961767,1.4556988349799036,0.04221075967014307
14.36,RR,0.3523803469069901,late_stance,3.7580477133269756,8.055377404103147,1.2089795569083515,-1.0700150050010468,-0.1235366800794665,-0.051308079467531464
14.38,FL,0.35654701357365676,late_stance,6.794852294709126,19.762914042057183,2.291932078142479,-2.437895396071022,-0.7735156682974836,-0.20357645946757658
14.38,FR,0.8565470135736568,swing,0.0,0.0,0.22762609357506935,0.07653307140649021,-0.20025096812828494,0.015265374189165523
14.38,RL,0.8565470135736568,swing,-10.515659745000821,15.56421887064907,-2.549800731664323,0.16624684572802678,1.791141938347525,0.019493059211350586
14.38,RR,0.35654701357365676,late_stance,4.483651961002205,7.409781804704043,1.3883999222837617,-1.1148515029469857,-0.13226700564705768,-0.12525277722582673
14.4,FL,0.3607136802403234,late_stance,8.10927001424944,18.51844324163975,2.639873232383115,-2.5030289329661004,-0.7532652577955334,-0.345133427050705
14.4,FR,0.8607136802403235,swing,0.0,0.0,0.19408823573418577,0.08163336905128626,-0.1872042765053804,0.010322319316349747
14.4,RL,0.8607136802403235,swing,-11.569766308642732,16.732913581155376,-2.7730763489616965,0.15776150524119503,2.1380674347191087,0.0025041443933059913
14.4,RR,0.3607136802403234,late_stance,5.464912572852751,6.975254381552965,1.638466187196058,-1.2135579062036572,-0.17161811740301836,-0.17195558448411094
14.42,FL,0.36488034690699006,late_stance,8.780279840481354,17.54991641087643,2.7980240058693635,-2.494709675247141,-0.4368626635175506,-0.8899935733082261
14.42,FR,0.8648803469069901,swing,0.0,0.0,0.2223397653919037,0.04432201705191639,-0.2189217266654753,0.002121845950069474
14.42,RL,0.8648803469069901,swing,-12.482126827343874,17.408730141347736,-2.942582747317986,0.12309528042203448,2.5034657620593923,-0.012422567368228134
14.42,RR,0.36488034690699006,late_stance,6.295517069153676,6.859881460708311,1.849219514477548,-1.3189031832573714,-0.23030456845603173,-0.20514369798296855
14.44,FL,0.3690470135736567,late_stance,9.078558426606062,17.27701779537413,2.8689984655678455,-2.4871842342694106,-0.21042110926821753,-1.3776434338489512
14.44,FR,0.8690470135736568,swing,0.0,0.0,0.1913100492467833,0.04363651485384601,-0.19989902817215768,-0.004076296120268013
14.44,RL,0.8690470135736568,swing,-13.24300997006738,17.211268610951667,-3.069762481828951,0.1870907796087144,3.084937194009957,-0.05869711066029017
14.44,RR,0.3690470135736567,late_stance,7.090017934010658,7.0957060731031145,2.0468678582965,-1.4500432344481238,-0.24540995278526417,-0.2658268664143238
14.46,FL,0.37321368024032336,late_stance,9.280746984441429,16.98879143027605,2.938229014184244,-2.480003672343965,0.03190402955988488,-1.843253025778173
14.46,FR,0.8732136802403234,swing,0.0,0.0,0.20272898970905195,0.032021433422133344,-0.22090045050862198,-0.007188401553921933
14.46,RL,0.8732136802403234,swing,-13.668097152339353,16.694928043534844,-3.1326961496591914,0.24595948124344413,3.5046733887949135,-0.1197701405890758
14.46,RR,0.37321368024032336,late_stance,7.814830390901069,7.817291565299807,2.247905371521155,-1.616876364208334,-0.15989701117495098,-0.36209798242896934
14.48,FL,0.37738034690699,late_stance,9.140732387256072,17.09076709942834,2.899290833170584,-2.477189925272099,0.25243205658658485,-2.1912833418224
14.48,FR,0.8773803469069901,swing,0.0,0.0,0.19519276921638007,0.03315170901568942,-0.2129479906890329,-0.008879761800238629
14.48,RL,0.8773803469069901,swing,-13.974691817754692,15.882569157905468,-3.1779241949396293,0.33025535168561604,3.745964242878831,-0.20527098882137954
14.48,RR,0.37738034690699,late_stance,7.9634797885033,7.9684406132109515,2.3380673186315795,-1.6651942360132201,-0.020275016982438922,-0.28610637430155
14.5,FL,0.38154701357365667,late_stance,9.262952978414953,16.80903477623,2.9240056405284536,-2.47461737752869,0.4747518184199843,-2.4539360354441406
14.5,FR,0.8815470135736567,swing,0.0,0.0,0.20106183235020325,0.02831361160487056,-0.2206849735671564,-0.012145464681819422
14.5,RL,0.8815470135736567,swing,-14.280616637497365,15.404416309315955,-3.239015012411194,0.39649650625547106,3.853428606308857,-0.2802114932821024
14.5,RR,0.38154701357365667,late_stance,8.21240354866142,8.219778827060978,2.3771523869101787,-1.7114801485084468,0.1442518304777827,-0.20369501577529237
14.52,FL,0.3857136802403233,late_stance,8.718275657564401,17.40406156793876,2.78413411555646,-2.4746520277247046,0.6390664290257978,-2.685021115482091
14.52,FR,0.8857136802403234,swing,0.0,0.0,0.20926615173608965,0.02530775536034441,-0.21955620189264263,-0.014518733031166587
14.52,RL,0.8857136802403234,swing,-14.538043525321001,15.063656969950204,-3.3030082842010384,0.45982763131400506,3.9553650632042316,-0.3638245984011409
14.52,RR,0.3857136802403233,late_stance,8.44813009759083,8.451680539632108,2.4064796565457782,-1.751556470196825,0.11429523607006929,-0.16270861906915504
14.540000000000001,FL,0.38988034690698997,late_stance,8.404971243538538,17.597511084441,2.6985080778254353,-2.4723622244606247,0.7075250897664213,-2.7346252015652266
14.540000000000001,FR,0.88988034690699,swing,0.0,0.0,0.15931865467127249,0.03897682159060978,-0.17309263599863206,-0.024139076637248826
14.540000000000001,RL,0.88988034690699,swing,-14.757974257541251,14.856010025422828,-3.3703905138636374,0.5217042955108773,4.037890198443629,-0.45028018689281923
14.540000000000001,RR,0.38988034690698997,late_stance,9.104377769826243,9.10918798172661,2.5621558377076825,-1.8830686604802953,0.08240106153576214,-0.3145092882176607
14.56,FL,0.3940470135736566,late_stance,8.069953005920503,17.84686106088711,2.5945993199694284,-2.4710971694627224,0.7459569682289263,-2.6724773476090142
14.56,FR,0.8940470135736567,swing,0.0,0.0,0.17516387582801807,0.035421247867456485,-0.19122421418483956,-0.02364728007276699
14.56,RL,0.8940470135736567,swing,-14.651907586018831,14.732553598089664,-3.366262805864034,0.5430921989003881,4.043820925289524,-0.5123967826790405
14.56,RR,0.3940470135736566,late_stance,9.804066073149095,9.81269580594788,2.6634649521608775,-2.0296951276505255,-0.08362108451088832,-0.38862432444236655
14.58,FL,0.3982136802403233,late_stance,7.759562272856389,17.96628043485125,2.4975460629524564,-2.468355081251737,0.7334900726739492,-2.441280367785896
14.58,FR,0.8982136802403233,swing,0.0,0.0,0.17073463695025448,0.035565144802077286,-0.18423875524307398,-0.027657200969578934
14.58,RL,0.8982136802403233,swing,-14.531654225196641,14.600498554944561,-3.371597186017111,0.5729117097907392,4.005564175864049,-0.5448745275002029
14.58,RR,0.3982136802403233,late_stance,10.149583857287178,11.63770198552715,2.8318432636390516,-2.229776411996037,-0.12638082597172298,-0.486727924010712
14.6,FL,0.4023803469069899,late_stance,7.499530767393958,18.08666038683132,2.409023107287786,-2.4681922644910403,0.6968540635480303,-2.217149860572246
14.6,FR,0.90238034690699,swing,0.0,0.0,0.17627943228822895,0.0331975626179688,-0.18165129850487152,-0.02675823437953969
14.6,RL,0.90238034690699,swing,-14.206225553427034,14.271280857698054,-3.340555694982998,0.5990911836367252,4.140283545996461,-0.6082641151351831
14.6,RR,0.4023803469069899,late_stance,10.37442623847917,12.969596821640554,2.892883601490242,-2.3600625556006416,-0.0596328277274071,-0.4738219393964499
14.620000000000001,FL,0.4065470135736566,late_stance,7.330589965530073,18.07377611325783,2.3332818594964393,-2.4687652368170334,0.6444580147976374,-1.929890073899258
14.620000000000001,FR,0.9065470135736566,swing,0.0,0.0,0.1645768906466769,0.0331742105574766,-0.16393642212609405,-0.03016945871069231
14.620000000000001,RL,0.9065470135736566,swing,-13.798458363427963,13.847759258647992,-3.290502766651437,0.6171921786956465,4.352028259539837,-0.6005698174486871
14.620000000000001,RR,0.4065470135736566,late_stance,10.629185115323919,13.620583753145507,2.9821612107276305,-2.4562771112988826,0.053160800012574574,-0.4264272841474332
14.64,FL,0.41071368024032323,late_stance,7.06967346769747,18.207511234918314,2.2333398712977015,-2.472518492868763,0.5502628620418553,-1.4447337838825318
14.64,FR,0.9107136802403233,swing,0.0,0.0,0.13928679631291596,0.040490613670926545,-0.13538067179935692,-0.038257182827998774
14.64,RL,0.9107136802403233,swing,-12.414227507343266,12.453765032584315,-3.175924661484623,0.622184360831321,4.849183635687791,-0.6431927622957135
14.64,RR,0.41071368024032323,late_stance,10.72144501633517,13.786476575238249,2.9839651358303074,-2.472518492868763,0.34174425112105594,-0.5077203501395791
14.66,FL,0.4148803469069899,late_stance,6.027155007284602,19.45784361522163,1.9196043388470496,-2.539888802665544,1.0694471142885944,-0.11796376180762667
14.66,FR,0.9148803469069899,swing,0.0,0.0,0.001166523562985633,0.13218210930444874,-0.0010519372730281326,-0.14775239042530275
14.66,RL,0.9148803469069899,swing,0.0,0.0,-0.2681800763044775,0.030113847024568263,0.9712104767251639,-0.013970577041040044
14.66,RR,0.4148803469069899,late_stance,7.358052821724796,20.998147415280197,2.1040395884070837,-2.539888802665544,1.9906249836570566,-2.45087878000163
14.68,FL,0.41904701357365653,late_stance,3.4995488105438772,19.603200129850627,1.2921361319232747,-2.262727535546793,1.0933997965527684,1.1120142611356745
14.68,FR,0.9190470135736566,swing,0.0,0.0,0.07660124042658589,0.08565977708017969,-0.07065975669580304,-0.0868370242129459
14.68,RL,0.9190470135736566,swing,0.0,0.0,0.34940366008309875,-0.04732683498093693,-0.8847749288211011,0.034850814276887764
14.68,RR,0.41904701357365653,late_stance,3.7300075117310616,28.065238838591455,1.0618673217937626,-2.5637480409992985,1.3497854496261115,-2.5333778905077664
14.700000000000001,FL,0.4232136802403232,late_stance,2.954118534504595,18.501596698958505,1.121734981073303,-2.083128322465705,0.5931288283785913,1.5827618639391066
14.700000000000001,FR,0.9232136802403232,swing,-5.953730174355989,11.659613657942218,-0.335092769552379,-0.4489045034795214,0.1414385873677328,0.21453779295734918
14.700000000000001,RL,0.9232136802403232,swing,-7.978570430825651,8.012186956125372,-1.2044132238066834,0.19693258972303052,0.49432770333179693,-0.20915472185548598
14.700000000000001,RR,0.4232136802403232,late_stance,4.466906528550204,24.731068425999247,1.190169501356613,-2.451210499807838,0.5474960733468771,0.41558467708596014
14.72,FL,0.42738034690698984,late_stance,5.330251126370272,10.09423091354474,1.5592113550138715,-1.6175280979625248,-0.08257981553528766,2.3667640179293885
14.72,FR,0.9273803469069899,swing,-8.125461158304633,18.029006690952045,-1.249336277501501,-0.8104644157737876,0.10960561393401667,0.6226978240966385
14.72,RL,0.9273803469069899,swing,-7.162411561507734,7.19986760395602,-1.5574230419717843,0.2905898613044693,0.7797478010092861,-0.3181096480432736
14.72,RR,0.42738034690698984,late_stance,5.058605049181326,18.36390410569017,1.329458240501048,-2.0462275322415944,0.18198794630216036,1.590515597026272
14.74,FL,0.4315470135736565,late_stance,6.565086324763086,6.94596776723963,1.8399404225592493,-1.4997249834496929,-0.12431772229916747,2.5221959309265922
14.74,FR,0.9315470135736565,swing,-8.670511189519164,14.602473862612468,-1.5902208354587728,-0.3712197822110712,0.3416842013458039,0.5351571876566954
14.74,RL,0.9315470135736565,swing,0.0,0.0,-0.2674955847162628,0.08862796438419807,0.4973582546529937,-0.06955739919737514
14.74,RR,0.4315470135736565,late_stance,4.757986482728976,19.54018170869681,1.1639852583756305,-2.0579678994475494,0.3427183686822024,1.612183113959374
14.76,FL,0.43571368024032314,late_stance,6.372301230409953,6.803141344463814,1.7435191789075608,-1.4629343738354637,0.24402741035260153,2.551747882281552
14.76,FR,0.9357136802403232,swing,-9.899557373404962,11.423741812979813,-2.0392615010980233,0.1272000659523771,0.47415485725438455,-0.22015679579539063
14.76,RL,0.9357136802403232,swing,0.0,0.0,0.21165379898966363,-0.026610060881896103,-0.343373556026807,0.020871730134380394
14.76,RR,0.43571368024032314,late_stance,3.6005552298777297,19.64393081995071,0.8605555296180496,-1.8744528468938326,0.3303348006583147,1.5668658516308116
14.780000000000001,FL,0.4398803469069898,late_stance,6.298481696659582,6.746550289959935,1.7227388135172264,-1.4574364382685707,0.2798032946990313,2.5492888609405266
14.780000000000001,FR,0.9398803469069898,swing,-11.253058069349006,12.126403269987263,-2.4496130156767744,0.32860383922805547,0.563948625518149,-0.4948331615046637
14.780000000000001,RL,0.9398803469069898,swing,0.0,0.0,0.22348617421061567,-0.02373172675699331,-0.2470151672833932,0.020572673580057405
14.780000000000001,RR,0.4398803469069898,late_stance,2.540207400927335,18.128724766452933,0.5745302205223282,-1.5670592325188122,0.25384478821632805,1.0679099576694717
14.8,FL,0.44404701357365645,late_stance,6.495665485900917,7.178930763064182,1.7551062740240595,-1.4929125006279438,0.2258966640543964,2.517355618764986
14.8,FR,0.9440470135736565,swing,-12.038679457261425,12.876256787506962,-2.6929811595697033,0.4264470868080046,0.8615339957859496,-0.5578820721246842
14.8,RL,0.9440470135736565,swing,0.0,0.0,0.1590733817471544,-0.011659102579676839,-0.11940567559970225,0.009588190280802022
14.8,RR,0.44404701357365645,late_stance,1.8265143427598858,16.252953933159223,0.39414008135612333,-1.3005111651154277,0.17107618128454807,0.685465700728281
14.82,FL,0.4482136802403231,late_stance,6.5540388309060855,10.320064653156361,1.7952916730784514,-1.6875891179952298,0.30315022334492453,2.309706812996328
14.82,FR,0.9482136802403232,swing,-12.182794994703453,13.027869458449658,-2.7754892908159507,0.4839072993024003,1.2308855673894612,-0.5446011368648943
14.82,RL,0.9482136802403232,swing,0.0,0.0,0.10142861529950753,0.007490224536434886,-0.062132226846118924,-0.00640305027034538
14.82,RR,0.4482136802403231,late_stance,1.0423810814303636,16.11915837821839,0.1681482472142644,-1.151429319868842,0.07088814892400007,0.42670430781851126
14.84,FL,0.45238034690698975,late_stance,5.688531226746152,10.132206577308693,1.6402611002524223,-1.5228916468430462,0.46676821442076316,1.1214063371536918
14.84,FR,0.9523803469069898,swing,-10.664885788551066,11.319495446444927,-2.592155985799276,0.47436579452973526,1.9930866191844876,-0.4078217371971109
14.84,RL,0.9523803469069898,swing,-5.660447623230631,9.843657766858925,-0.2992479029885825,-0.2772580631874497,0.05163569535834164,0.12499895462690727
14.84,RR,0.45238034690698975,late_stance,1.1650932164910284,12.68622931577493,0.21093635524015902,-0.9377282152289114,0.027250491791113583,0.4749336172958548
14.86,FL,0.4565470135736564,late_stance,6.1039480323121165,16.141976765741845,1.5801192607701482,-1.8960946023904712,0.4224023269250313,0.046171286515334545
14.86,FR,0.9565470135736565,swing,0.0,0.0,0.10921364105000952,-0.0033897311401774877,-0.2927082312627491,0.0013318068042439857
14.86,RL,0.9565470135736565,swing,-6.464154074705841,15.755320111378767,-0.6103284706184485,-0.7664695518188223,0.08019791145872948,0.24043556237361355
14.86,RR,0.4565470135736564,late_stance,1.719106323247753,8.189466860782384,0.45580893727018107,-0.7259364102048855,-0.009186874020693715,0.2549290571565776
14.88,FL,0.46071368024032305,late_stance,6.408124251840945,17.69179318190871,1.6033319984471368,-2.0188668432674346,0.3700192538719409,-0.16024005387524543
14.88,FR,0.9607136802403231,swing,0.0,0.0,0.3752721819069711,-0.078531378610948,-0.5703624036346832,0.03606500584794124
14.88,RL,0.9607136802403231,swing,-6.244234654283668,15.894236956753222,-0.6081277274612513,-0.7986386053282657,0.18196882242849238,0.44923386035487467
14.88,RR,0.46071368024032305,late_stance,1.3829703913348865,8.527177686164446,0.33679685824456934,-0.6866154316531132,0.05504812836068389,0.1372040072738093
14.9,FL,0.4648803469069897,late_stance,6.524764210852923,18.696291979419446,1.5809303285566996,-2.088835404010996,0.3265121645095073,-0.16568572747821084
14.9,FR,0.9648803469069898,swing,0.0,0.0,0.1933259142277141,-0.01827238294091388,-0.11948575446799714,0.009946812921633524
14.9,RL,0.9648803469069898,swing,-5.650740632587942,14.010540758496635,-0.5889088658711299,-0.6718414893205414,0.2230631197448266,0.4709738346947727
14.9,RR,0.4648803469069897,late_stance,0.8642520150704444,9.254929763428407,0.1766227629377679,-0.641365393700818,0.04723158899315719,0.08913093760163271
14.92,FL,0.46904701357365636,late_stance,6.469907603467106,19.10332072561527,1.5199089398578183,-2.1285512416863437,0.2880600257784888,-0.027781926644725535
14.92,FR,0.9690470135736564,swing,-2.4144693915643987,3.535246904538098,0.054528321990597706,0.029632181149774173,-0.016776283199022954,-0.013475797151467996
14.92,RL,0.9690470135736564,swing,-4.846927819224921,11.979823025525798,-0.5089756456664819,-0.5572570810521768,0.18581413560886648,0.4123302924256265
14.92,RR,0.46904701357365636,late_stance,0.7115200701991885,10.219949817055001,0.1087521802564832,-0.6521078536220565,0.035307073766921056,0.04436020156200216
14.94,FL,0.473213680240323,late_stance,6.453787742821651,12.97809033276325,1.6301026397601062,-1.7381501172045193,0.13176495654946216,0.6394630014200897
14.94,FR,0.9732136802403231,swing,-4.822185100836898,11.344591321270595,-0.5464652093140866,-0.4150662879234477,-0.10738334816295733,0.06616545092814562
14.94,RL,0.9732136802403231,swing,-4.395872704798657,10.368096248737924,-0.49794984966597533,-0.4380876755260167,0.11532736070462962,0.30447895512826834
14.94,RR,0.473213680240323,late_stance,-0.00545459580519566,10.868278167108175,-0.10557853033212772,-0.5843197578218072,-0.037672941198158824,0.045817480934774724
14.96,FL,0.47738034690698966,late_stance,6.259427884110731,9.013548883251971,1.64832244137754,-1.4610428319491608,0.12554442881168815,0.5892971540870274
14.96,FR,0.9773803469069897,swing,-5.727906336171486,13.033041581902406,-0.7578185586314297,-0.45079010621784277,-0.09243104348161864,0.08987488445384907
14.96,RL,0.9773803469069897,swing,-4.346709181190235,9.348619426089043,-0.5481974646275788,-0.32905067823581047,0.09133886514565634,0.19785338307407388
14.96,RR,0.47738034690698966,late_stance,-0.08500345939750026,10.514858211805329,-0.12631340443601957,-0.5368093897007071,-0.032115997992211875,0.05806305155529806
14.98,FL,0.4815470135736563,late_stance,6.203172227148401,6.907630956796846,1.6756498414335228,-1.31910011431574,0.17902270126138542,0.40952697436622737
14.98,FR,0.9815470135736564,swing,-5.946855836072629,14.204706184508346,-0.780207408255649,-0.5226716728381617,-0.022377924630165167,0.09465702113362098
14.98,RL,0.9815470135736564,swing,-4.191461452202703,9.15244215705977,-0.5310619824794339,-0.30784579925198335,0.04040295759364099,0.11695801253806312
14.98,RR,0.4815470135736563,late_stance,-0.1651426347604984,10.50250220569413,-0.1641311204755075,-0.5121398196877285,-0.029034505920980527,0.03250542949264268
15.0,FL,0.48571368024032296,late_stance,6.1993310187435755,6.19966953386215,1.680803825556352,-1.2689286128252923,0.22118765691344797,0.2707542947285252
15.0,FR,0.985713680240323,swing,-5.4970316715651375,14.657276883367224,-0.6986761451212812,-0.6095079146270782,0.005805143427094739,0.05200925472054232
15.0,RL,0.985713680240323,swing,-4.1413215396609,9.60168742947446,-0.5006832307691019,-0.34233510165131276,0.024112066868025476,0.08407701587481901
15.0,RR,0.48571368024032296,late_stance,0.10850392538888534,10.734049786240305,-0.1151002569283681,-0.5333215120045731,-0.014427933739120378,0.0013595944731855463
15.02,FL,0.4898803469069896,late_stance,6.176096707457093,6.35161629085074,1.661746934282093,-1.2699658312109836,0.1836646901366961,0.2314945306118899
15.02,FR,0.9898803469069897,swing,-4.888709250701505,14.268964125855899,-0.5677238956550998,-0.628707809829462,0.013206150903460641,0.012831708984258349
15.02,RL,0.9898803469069897,swing,-4.034416942836643,10.11038850100297,-0.4074892182871104,-0.3978142966186944,0.0019683626891793984,0.036955332026765146
15.02,RR,0.4898803469069896,late_stance,0.47178148001880277,11.214225584536981,-0.04987538894659198,-0.6092213022799026,-0.004276111418235253,-0.009131544540750753
15.040000000000001,FL,0.49404701357365627,late_stance,6.194107058575326,6.748852438466121,1.669665661498031,-1.2995797937227982,0.22445666659011218,0.11143506476970941
15.040000000000001,FR,0.9940470135736563,swing,-4.221680617712641,13.558916501912913,-0.4327509672001418,-0.6439927030583456,0.014225791443074367,-0.002141720045313411
15.040000000000001,RL,0.9940470135736563,swing,-3.8836898020533033,10.608297059830614,-0.33236810218396107,-0.4204837241827274,-0.008914929715183801,-0.00966171944548489
15.040000000000001,RR,0.49404701357365627,late_stance,0.7450822664162914,11.561767034504827,0.0015986628901775192,-0.6844435279037232,5.492578224845193e-05,0.01786822839404655
15.06,FL,0.498213680240323,late_stance,6.088120428919961,7.576553878621915,1.6143313487468567,-1.3284158492227334,0.22919398489756862,0.08127612433525454
15.06,FR,0.998213680240323,swing,-3.6260932882024277,12.783347521675589,-0.31421710050902757,-0.6490167803725571,0.007116312352967989,-0.0039345182381873
15.06,RL,0.998213680240323,swing,-3.8503152586543523,11.239873316252682,-0.3126602300709633,-0.4688631491665811,-0.02275687480627245,-0.059961642980809464
15.06,RR,0.498213680240323,late_stance,0.8944064953508761,11.757696136811557,0.02999811305371282,-0.7173566711844105,0.0010647240133728776,0.019772538909920572
15.08,FL,0.5023803469069896,late_stance,6.241604896913052,8.05353578352102,1.6394052630108644,-1.3479995352420404,0.28859325200329605,0.006765253232357095
15.08,FR,0.0023803469069896277,early_stance,-2.8707716284703007,11.738013901509017,-0.1232599282039516,-0.6307702309847699,-0.0018947146670613769,-0.023846385071137226
15.08,RL,0.0023803469069896277,early_stance,-3.7501634877020873,11.886635388106907,-0.2511668084055598,-0.5427450507527132,-0.027873874484257002,-0.10767145649134063
15.08,RR,0.5023803469069896,late_stance,0.9347483721945897,11.731527744701067,0.03516040277395546,-0.7150100189660094,0.0019471517241188086,0.01086695059752418
15.1,FL,0.5065470135736563,late_stance,6.054288668958671,8.838527210157611,1.5550710589048529,-1.3840883144375862,0.28569729612037176,0.03312718143522712
15.1,FR,0.0065470135736562796,early_stance,-2.5561111902880382,11.119289388889813,-0.07714589359042562,-0.6199279860623241,-0.004220226963902711,-0.02813201335846478
15.1,RL,0.0065470135736562796,early_stance,-3.4252594457424252,12.314404394877773,-0.14011766340385817,-0.6274022176591906,-0.017860457320147603,-0.11696724820417803
15.1,RR,0.5065470135736563,late_stance,0.9586751937697,11.835276292048261,0.032763268484491424,-0.7323384346219182,0.002192662854831852,0.03132941038624663
15.120000000000001,FL,0.5107136802403229,late_stance,5.998917607529604,9.330667453600222,1.5192346247707011,-1.4046492411580245,0.2984048878721503,0.053143217343662695
15.120000000000001,FR,0.010713680240322931,early_stance,-2.1580211406454497,10.514630688707417,-0.0017431740504235266,-0.60733730618918,-0.00016854231790289307,-0.03362457096628452
15.120000000000001,RL,0.010713680240322931,early_stance,-3.4904313142651833,12.53965596926016,-0.14563344347526747,-0.6425744205615149,-0.021098957165090988,-0.11248914702943884
15.120000000000001,RR,0.5107136802403229,late_stance,0.9133609122441526,11.643735377554894,0.02726194881113883,-0.7170288882422837,0.0021100184148714657,0.0551494718935534
15.14,FL,0.5148803469069896,late_stance,5.7442044806618044,9.806705116821194,1.4262018197158748,-1.389873013931992,0.28852793454209824,0.10826231211742723
15.14,FR,0.014880346906989583,early_stance,-1.7569063501292004,10.117471303821404,0.08174594175144323,-0.618331621404333,0.0123004939825881,-0.04636899705059852
15.14,RL,0.014880346906989583,early_stance,-3.24924090602544,12.592268831845507,-0.081126123399133,-0.6792079384123844,-0.014893695484004545,-0.12561334039017116
15.14,RR,0.5148803469069896,late_stance,0.8275227726999193,11.718964529369432,-0.0070366273409044056,-0.7032506543793918,-0.0007224696264988091,0.06725694191553076
15.16,FL,0.5190470135736562,late_stance,5.582303912352893,9.933159014290446,1.3738402673358447,-1.36763254831463,0.3005111513902595,0.12356851715119185
15.16,FR,0.019047013573656235,early_stance,-1.9280798778262274,10.049223179794762,0.030571177789324278,-0.586632190510345,0.005964123276761934,-0.05816986107866583
15.16,RL,0.019047013573656235,early_stance,-3.2760460682968486,12.767341146554422,-0.08198762106772595,-0.6934355913787105,-0.01661369778404403,-0.11456520525749994
15.16,RR,0.5190470135736562,late_stance,0.6269244635066881,11.121093592482355,-0.019120510841449057,-0.653871206413317,-0.002670039353943641,0.054486547209838726
15.18,FL,0.5232136802403229,late_stance,5.5349426411789615,10.244927884557844,1.336228608788268,-1.3727453610026157,0.2737002764504269,0.18447535809085724
15.18,FR,0.023213680240322887,early_stance,-2.0845770649382525,10.299899455187411,-0.00496887973482979,-0.5878799946598238,-0.0009675666312084839,-0.0452528607889891
15.18,RL,0.023213680240322887,early_stance,-3.310759530367415,12.703738245332918,-0.09844714463240023,-0.687515102299513,-0.017788309323196645,-0.06583220919199993
15.18,RR,0.5232136802403229,late_stance,0.49051993644700165,10.910461168021774,-0.058579423896172836,-0.617357562680731,-0.007603758883300032,0.07353168476555681
15.200000000000001,FL,0.5273803469069895,late_stance,5.272118260947184,10.159480755515522,1.2588097292196847,-1.32207441850703,0.250700360528492,0.24062627775637171
15.200000000000001,FR,0.02738034690698954,early_stance,-1.8908277328383991,10.236845678402876,0.04234843066052882,-0.6029363883870384,0.009542651083672506,-0.057296092755425736
15.200000000000001,RL,0.02738034690698954,early_stance,-3.019789356809973,12.218392003468708,-0.052226593964410234,-0.6705824507502475,-0.011623202765012499,-0.08352729947869048
15.200000000000001,RR,0.5273803469069895,late_stance,0.3175992768305767,11.059944259210885,-0.11947930847489843,-0.5944662398117714,-0.017912261861876753,0.0682854048217187
15.22,FL,0.5315470135736562,late_stance,5.104866580424521,9.990383290728417,1.2113933968112207,-1.2783473572074167,0.2588678230813171,0.1879600519792042
15.22,FR,0.03154701357365619,early_stance,-2.226554070083333,10.79087804584879,-0.03218076942231393,-0.6055523989921191,-0.00776409661970084,-0.07991871519293724
15.22,RL,0.03154701357365619,early_stance,-3.1173817712790783,12.243801051940608,-0.08618738615018179,-0.6654689629479057,-0.017164863935802264,-0.0523115178565675
15.22,RR,0.5315470135736562,late_stance,0.05187200769320538,10.475127791138263,-0.1707849096931332,-0.5161974129574465,-0.024512651761680146,0.06071783328635036
15.24,FL,0.5357136802403228,late_stance,4.8277511862192855,10.098205575955102,1.1205453105148764,-1.2361316884246447,0.23012057532665847,0.18171788858915902
15.24,FR,0.03571368024032284,early_stance,-2.234386741661036,11.13884630482884,-0.02707901891098996,-0.6334708969898775,-0.006137043342568417,-0.07326293496110967
15.24,RL,0.03571368024032284,early_stance,-2.9680544731964247,11.921968564461544,-0.05898049977800404,-0.6621573465759227,-0.011327327231288832,-0.04630907867949272
15.24,RR,0.5357136802403228,late_stance,0.032639665556467,10.60749719857752,-0.194214689036249,-0.5139069035167827,-0.023000370399760144,0.0769747445515025
15.26,FL,0.5398803469069895,late_stance,4.498124397880098,9.851752824272618,1.03232300560001,-1.1656619292241313,0.21240163129885173,0.1898625486769605
15.26,FR,0.039880346906989494,early_stance,-2.217965441070178,11.430965478481337,-0.017117531663983443,-0.6603800164892478,-0.003776028781325251,-0.0452572327186672
15.26,RL,0.039880346906989494,early_stance,-2.7921668889833255,11.529000257329475,-0.03985863050526209,-0.6333069801132588,-0.00987961537221465,-0.09306758050069229
15.26,RR,0.5398803469069895,late_stance,-0.008541552801151988,10.639456666333734,-0.21113981395571524,-0.5031552328057349,-0.033263045551200625,0.05560102167011347
15.280000000000001,FL,0.5440470135736561,late_stance,4.198150043164765,10.001132599935513,0.9519403261098508,-1.1355084349320952,0.18324060306718096,0.15747192214244388
15.280000000000001,FR,0.044047013573656146,early_stance,-2.3609376439234353,11.712579229760713,-0.050313228067208476,-0.6631087004704123,-0.010254445881079629,-0.04920047819581665
15.280000000000001,RL,0.044047013573656146,early_stance,-2.8666047994956116,11.6736524696838,-0.06383962275132848,-0.640138519536034,-0.012713550034120316,-0.05980286838731565
15.280000000000001,RR,0.5440470135736561,late_stance,-0.22863157595854888,10.184598950232546,-0.25619342012083685,-0.4390647100229973,-0.03586845999394819,0.046226285424413274
15.3,FL,0.5482136802403228,late_stance,4.285576117388045,9.746505135093836,0.9811967130656776,-1.1298927823374012,0.1901470374352775,0.1134763379050862
15.3,FR,0.0482136802403228,early_stance,-2.4409772056594465,11.691011206233215,-0.08005607390573619,-0.6450430691471623,-0.016099775091668125,-0.07166873104831352
15.3,RL,0.0482136802403228,early_stance,-2.6905152743885226,11.676632479602919,-0.025253115908998675,-0.6568005267990281,-0.004638853444487463,-0.06304684984191002
15.3,RR,0.5482136802403228,late_stance,-0.15098168145383759,10.125989621928326,-0.23850718942324012,-0.44541446070598767,-0.031734051217673295,0.0367775453505887
15.32,FL,0.5523803469069895,late_stance,4.329620883134464,10.595748509162808,0.929496748398027,-1.1741615869213724,0.14578408178583072,0.1875006602502109
15.32,FR,0.05238034690698945,early_stance,-2.4219352489815895,11.615108736061476,-0.08888811453061757,-0.6416634320589684,-0.01554179202922154,-0.04921849309703345
15.32,RL,0.05238034690698945,early_stance,-2.516794304143724,11.60062826290556,0.007830890130016671,-0.6706117051984328,0.001407131161043475,-0.05915620856495969
15.32,RR,0.5523803469069895,late_stance,-0.1955531988872543,10.326348957199043,-0.2694585809222575,-0.44179790197106555,-0.03285441667368621,0.03903390319254606
15.34,FL,0.5565470135736561,late_stance,4.066297499348874,10.177573056454765,0.880609192588564,-1.1084515671253428,0.13737186578175167,0.16923438453932624
15.34,FR,0.0565470135736561,early_stance,-2.2486252885459264,11.557508103007212,-0.05000246416223611,-0.6529484082446493,-0.008781075223120055,-0.05953881891236496
15.34,RL,0.0565470135736561,early_stance,-2.3797982816117735,11.351565404848031,0.024401337969975234,-0.6582298683864729,0.004694864452697826,-0.07544807178684662
15.34,RR,0.5565470135736561,late_stance,-0.25600658916848573,10.430904782799535,-0.29306788018406704,-0.4364974114505871,-0.03279025439953906,0.038651247970381664
15.36,FL,0.5607136802403228,late_stance,4.057364696507399,10.044021083349925,0.8742288304942483,-1.09164325803152,0.14017126634524446,0.1282326548936725
15.36,FR,0.060713680240322754,early_stance,-2.1008241515547765,11.73549806951745,-0.01387986463280802,-0.6849838108330942,-0.002421718412951717,-0.07396099411442703
15.36,RL,0.060713680240322754,early_stance,-2.398280740192145,11.48767535455093,0.018682788019699664,-0.6692672837658441,0.003096249853224949,-0.06012141135104176
15.36,RR,0.5607136802403228,late_stance,-0.3624091700850143,10.278805648083054,-0.3215089271704894,-0.40607215149386283,-0.03557178324047454,0.02689876529512535
15.38,FL,0.5648803469069894,late_stance,3.8849036671794863,10.01181318474915,0.8211112324711072,-1.061213877668247,0.12689344063936805,0.12963433003985605
15.38,FR,0.0648803469069894,early_stance,-2.213306060851264,11.892968596249657,-0.043117713207753774,-0.6912138795625655,-0.006036254408192802,-0.03221262346123405
15.38,RL,0.0648803469069894,early_stance,-2.0348111156302613,11.084117290779012,0.09307385967859011,-0.671961606105216,0.01781248682874975,-0.09194167896968108
15.38,RR,0.5648803469069894,late_stance,-0.3809789203745129,10.604020312272247,-0.3445387028073978,-0.41931000707990457,-0.03761916574505699,0.026537259345621032
15.4,FL,0.5690470135736561,late_stance,3.977011243197052,10.16675203552958,0.8336067612665369,-1.081752418932618,0.11879912188955453,0.1332879782953073
15.4,FR,0.06904701357365606,early_stance,-1.8962520173763977,11.487789773937243,0.024794190409157896,-0.6856956022674713,0.003454191640365482,-0.04555771251970749
15.4,RL,0.06904701357365606,early_stance,-2.060166735529692,11.33099632349214,0.08568178649715663,-0.6917612390675885,0.01429694725006782,-0.07264427542051115
15.4,RR,0.5690470135736561,late_stance,-0.3696415620478649,10.529023700982332,-0.3441050961642772,-0.412879880430274,-0.030361223232398128,0.032150505124427374
15.42,FL,0.5732136802403227,late_stance,3.8940022502890046,10.229641693402096,0.7976722131813093,-1.0655341483676848,0.10693967326139625,0.16350732953874186
15.42,FR,0.07321368024032271,early_stance,-1.8732119805897585,11.462279585213587,0.01712487823145764,-0.6839138543405379,0.002572286309579294,-0.04496192325360375
15.42,RL,0.07321368024032271,early_stance,-1.7496906848718174,11.294971888260713,0.1619050370343228,-0.7256943628019703,0.029836391231168873,-0.0831808303145733
15.42,RR,0.5732136802403227,late_stance,-0.40799460917265734,10.712620109403963,-0.3642018789866402,-0.4169123153449816,-0.03442419353211065,0.03301691631701114
15.44,FL,0.5773803469069894,late_stance,3.683367069719094,10.077846764430971,0.7455547307230267,-1.0238776805978365,0.10859383883599397,0.14154375320160684
15.44,FR,0.07738034690698936,early_stance,-1.8318004372262784,11.532117326355662,0.024455089449546594,-0.7004865577082674,0.003550481175743863,-0.02882284382632639
15.44,RL,0.07738034690698936,early_stance,-1.6731100864475703,11.182003949813343,0.16958551269961816,-0.7218531621353073,0.034035429585791595,-0.09342515704484822
15.44,RR,0.5773803469069894,late_stance,-0.23845562161025546,10.8155949234036,-0.32266023306522884,-0.45106398329551256,-0.029248489943165278,0.04500073945862409
15.46,FL,0.581547013573656,late_stance,3.7563838539610392,10.29980538059619,0.7489521174829563,-1.0450557558928981,0.1079661004304093,0.1395246335207986
15.46,FR,0.08154701357365601,early_stance,-1.8042970385095782,11.427733234934994,0.02261238476834665,-0.6872408105205344,0.00339547266629371,-0.034729404545730064
15.46,RL,0.08154701357365601,early_stance,-1.7429849911731956,11.380729177255107,0.1528328759788063,-0.7317360060151612,0.027461077618817033,-0.06963277168481842
15.46,RR,0.581547013573656,late_stance,-0.335262872840503,10.571657209762739,-0.3316156291187894,-0.43086910672729806,-0.028930670424774596,0.04525256573319828
15.48,FL,0.5857136802403227,late_stance,3.5798091258024813,10.464330832050313,0.6892675086048345,-1.023348440366533,0.10781304099252087,0.11779799995761081
15.48,FR,0.08571368024032266,early_stance,-1.6583370721362283,11.129401886454653,0.04558142754447764,-0.6716137553710073,0.008261402859172646,-0.06987946030687882
15.48,RL,0.08571368024032266,early_stance,-1.4274428077209056,11.29258081684982,0.22896921221064334,-0.7604943818254825,0.04411863054161853,-0.08435913710082911
15.48,RR,0.5857136802403227,late_stance,-0.3740512171566085,10.61501925657924,-0.3487729164609379,-0.426146076604625,-0.0328433302115934,0.04038911983387767
15.5,FL,0.5898803469069893,late_stance,3.393878025105036,10.646206596170318,0.6460259650039417,-1.0203399640584718,0.09185267542620708,0.14788884214829515
15.5,FR,0.08988034690698932,early_stance,-1.6768539286539421,11.38584108038129,0.04118651437152951,-0.6953127606004067,0.0067861218881453715,-0.03982076228026381
15.5,RL,0.08988034690698932,early_stance,-1.5436360607701791,11.23983737155702,0.18664265315194548,-0.737346669108734,0.03737958280425458,-0.0810613466997218
15.5,RR,0.5898803469069893,late_stance,-0.45634263871677133,10.523212919495334,-0.36592516072410886,-0.4090149616240218,-0.03497790841099954,0.04160005242331233
15.52,FL,0.594047013573656,late_stance,3.3029004692681796,10.71252607442735,0.6163370639908917,-1.0075704283017026,0.08007109068393818,0.15547312846361291
15.52,FR,0.09404701357365597,early_stance,-1.669984117982275,11.319810645525635,0.035284438288023384,-0.6830091980930291,0.0057275701258749775,-0.041585741372630006
15.52,RL,0.09404701357365597,early_stance,-1.5715049044702951,11.198792276760207,0.1717981482109728,-0.7334124568530541,0.03056775207681904,-0.056773015349234214
15.52,RR,0.594047013573656,late_stance,-0.5211705377900454,10.319107805074946,-0.3732822040045002,-0.38953509800775893,-0.03237397350926999,0.04162606484135244
15.540000000000001,FL,0.5982136802403226,late_stance,3.31339423117112,10.478546885653314,0.6322890157657229,-1.001931394387167,0.0847685010608363,0.15483346214160443
15.540000000000001,FR,0.09821368024032262,early_stance,-1.6413466308514577,11.38311846697337,0.03811029244841205,-0.6970143263819908,0.005923110034858756,-0.025786108511677515
15.540000000000001,RL,0.09821368024032262,early_stance,-1.2729475429514792,11.130203281907573,0.24315574484998534,-0.757775016835992,0.04803258654713137,-0.07690879635369686
15.540000000000001,RR,0.5982136802403226,late_stance,-0.5649559790015113,10.465059460639665,-0.396400105043495,-0.38879868584977373,-0.03943124270172795,0.035818775478904274
15.56,FL,0.6023803469069893,late_stance,3.152466570664182,10.580675524249058,0.5771393243768734,-0.9786508457689498,0.08349451802792097,0.12341171193798141
15.56,FR,0.10238034690698927,early_stance,-1.4990342657298346,11.419121050221689,0.07126421130701296,-0.7071260665892404,0.01220326687140699,-0.05103677840074111
15.56,RL,0.10238034690698927,early_stance,-1.3619644841385559,11.312153957529754,0.21744687160635504,-0.764540203532557,0.04003604109357709,-0.062292575755421714
15.56,RR,0.6023803469069893,late_stance,-0.7228677655015987,10.173682671420899,-0.42299998426957747,-0.3497751221509605,-0.04411760787926736,0.02585662998834352
15.58,FL,0.6065470135736559,late_stance,3.0654729041428155,10.754080524332691,0.5460474047249306,-0.978590384828306,0.06957595335612166,0.14562402567352312
15.58,FR,0.10654701357365592,early_stance,-1.6866100602403673,11.488540603376784,0.015724413966181433,-0.6883390022856813,0.0025095239105171383,-0.03729275081485697
15.58,RL,0.10654701357365592,early_stance,-1.2206468033477822,11.270106306865172,0.2462798553135784,-0.7747905040118542,0.04574416250752488,-0.06504541758235884
15.58,RR,0.6065470135736559,late_stance,-0.6182879979552305,10.175277942616765,-0.3960715926998691,-0.36661406350137293,-0.04353985057874978,0.02325964137482681
15.6,FL,0.6107136802403226,late_stance,2.8605041517874206,10.47889601205958,0.511923896607024,-0.9395178509696644,0.06604010627491329,0.12190799120274612
15.6,FR,0.11071368024032258,early_stance,-1.6174246289804612,11.57889849949446,0.0314059575207004,-0.7047643519023842,0.0044691041009397485,-0.027950648717731837
15.6,RL,0.11071368024032258,early_stance,-0.9980738718697221,10.921933082853174,0.28334289668284707,-0.7720750896347424,0.04941153284107786,-0.05383865934284219
15.6,RR,0.6107136802403226,late_stance,-0.423625314692832,10.73154084782499,-0.3798789725166127,-0.42668806165176915,-0.024428303268767968,0.054531843449736724
15.620000000000001,FL,0.6148803469069892,late_stance,2.9311338387817165,11.187053719339902,0.48361106006104837,-0.986529100102868,0.05585655481411248,0.16056341285429832
15.620000000000001,FR,0.11488034690698923,early_stance,-1.5697631876437421,11.247172643243372,0.02542752592992474,-0.6842298561804481,0.0038877504136704713,-0.02763299992109155
15.620000000000001,RL,0.11488034690698923,early_stance,-0.9151358767397089,11.029445392088096,0.30060749088228433,-0.7873447694540461,0.057349426675425176,-0.06384459937001112
15.620000000000001,RR,0.6148803469069892,late_stance,-0.5163147514475904,10.459399645337164,-0.38559495241052755,-0.3981545363539455,-0.031141933680890434,0.04614214737527465
15.64,FL,0.6190470135736559,late_stance,2.6979912520561733,10.637723246273843,0.45622598298962336,-0.9224558481099582,0.05512436921664221,0.14082519522505896
15.64,FR,0.11904701357365588,early_stance,-1.3855009636462148,11.395356200016225,0.07363193263057646,-0.7106047947649144,0.011665896669209563,-0.030516094519578554
15.64,RL,0.11904701357365588,early_stance,-0.9805074236059151,11.01567039677858,0.27688196463997494,-0.7781662689271486,0.05074199074544728,-0.05095435296534319
15.64,RR,0.6190470135736559,late_stance,-0.5789115133744716,10.330406069868763,-0.3980741298184472,-0.38143722923238954,-0.03405759064161093,0.0417136328972476
15.66,FL,0.6232136802403225,late_stance,2.8800255681167224,10.397052876154401,0.516414763454909,-0.9384739022532813,0.07142140895562916,0.12876183922659112
15.66,FR,0.12321368024032253,early_stance,-1.4362586138603297,11.448642958972279,0.05297693577081419,-0.70152244590224,0.009133904093302002,-0.03745656404932415
15.66,RL,0.12321368024032253,early_stance,-0.7399450270043934,10.750451668823649,0.3255132605532346,-0.7730020628352975,0.07214989103288962,-0.09391223245250423
15.66,RR,0.6232136802403225,late_stance,-0.6676142878805855,10.657823408555577,-0.43095589777745424,-0.3928781870993907,-0.04634942686165888,0.032526234881573
15.68,FL,0.6273803469069892,late_stance,2.727418634371408,10.497706543069823,0.462384797495733,-0.9167656877760675,0.06642657878571341,0.10939080664569059
15.68,FR,0.12738034690698918,early_stance,-1.6232341165107693,11.796020314329901,0.0066084409030717495,-0.7136371277516098,0.0010018194546832554,-0.02254049264486311
15.68,RL,0.12738034690698918,early_stance,-0.8546350105059599,10.950853761764105,0.2924815634016069,-0.7784825542249294,0.057783654692741264,-0.06573597379603849
15.68,RR,0.6273803469069892,late_stance,-0.7575736686021926,10.29913397983409,-0.4317584740937381,-0.3640394282720268,-0.03683526329420856,0.03872133343696506
15.700000000000001,FL,0.6315470135736558,late_stance,2.7177599141769404,10.807599007919585,0.43636135873544785,-0.9288090982917295,0.05353421001090619,0.12602262073716167
15.700000000000001,FR,0.13154701357365584,early_stance,-1.557168670474081,11.601268260801831,0.014984470257168397,-0.6926994693914279,0.0022082308771465375,-0.029400767393665494
15.700000000000001,RL,0.13154701357365584,early_stance,-0.8315719358563595,11.01327606582311,0.29506815706860956,-0.7945167979150606,0.049699036203420956,-0.036467712875988746
15.700000000000001,RR,0.6315470135736558,late_stance,-0.7834146210194489,10.0899484748447,-0.43041091693829153,-0.3507790942121656,-0.03413882146418177,0.03521490661811537
15.72,FL,0.6357136802403225,late_stance,2.5886291370331667,10.895976642490606,0.38861679848973235,-0.9068612919965913,0.036191920901960946,0.18883560498719038
15.72,FR,0.1357136802403225,early_stance,-1.3151198786891345,11.31687355185579,0.06155550923915809,-0.7056734554350924,0.009735623077764276,-0.01936103723595151
15.72,RL,0.1357136802403225,early_stance,-0.5449593068863432,10.866727188297375,0.3588577026365799,-0.8017111859432241,0.0718428353804872,-0.0587166935429315
15.72,RR,0.6357136802403225,late_stance,-0.5595357733992229,10.477313957648377,-0.40175665594285664,-0.3986792314981976,-0.03938353198225852,0.03830389363799568
15.74,FL,0.6398803469069891,late_stance,2.5017751582619994,10.94435481596803,0.3595202181958337,-0.8908498199077892,0.03979942942706963,0.15893912940254226
15.74,FR,0.13988034690698914,early_stance,-1.4184211886570857,11.22748216581788,0.025749213671123705,-0.6690179056682007,0.004773759387859103,-0.0526608520021031
15.74,RL,0.13988034690698914,early_stance,-0.6392005219398449,10.817002170472469,0.3219493955390125,-0.7916475437766138,0.06267672508090477,-0.04558821462693492
15.74,RR,0.6398803469069891,late_stance,-0.6627739043573385,10.251074476659493,-0.4145351283425819,-0.3719463062622099,-0.03791919445574917,0.040263565795106294
15.76,FL,0.6440470135736558,late_stance,2.3725486813670407,10.756963132746233,0.32466617454414126,-0.8517264076453633,0.03924075880976516,0.12568455469646447
15.76,FR,0.1440470135736558,early_stance,-1.4574077412714483,11.760300864183353,0.019021050760553493,-0.7063602743501667,0.0032385957536224443,-0.04373757074668858
15.76,RL,0.1440470135736558,early_stance,-0.6779644838742866,10.706080185116411,0.3014777228924176,-0.7739130686138067,0.05558886501374604,-0.039142563126408125
15.76,RR,0.6440470135736558,late_stance,-0.6857341653713946,10.154807774477884,-0.42366171221992766,-0.3578575730464141,-0.03713223502806225,0.03745124662572305
15.780000000000001,FL,0.6482136802403224,late_stance,2.3506832491480307,10.958789723189037,0.29854064344303843,-0.8538525733982187,0.03407901753580341,0.1335211702699605
15.780000000000001,FR,0.14821368024032244,early_stance,-1.6406188038253138,11.782333239944169,-0.03494597950973388,-0.683673559847841,-0.005575694233767462,-0.033254294358826486
15.780000000000001,RL,0.14821368024032244,early_stance,-0.3683167861041056,10.545259466644307,0.37188671273199736,-0.7854980171737773,0.07461683584192104,-0.06143958977722346
15.780000000000001,RR,0.6482136802403224,late_stance,-0.7136692028173363,10.25495346986489,-0.43945803140528633,-0.35714148018361747,-0.04155669965465069,0.03211745663181135
15.8,FL,0.6523803469069891,late_stance,2.392785921033883,10.9393756947104,0.30168398910348515,-0.8528937294751727,0.027451264877451326,0.16728495097767412
15.8,FR,0.1523803469069891,early_stance,-1.3673664239486614,11.533909048785148,0.02976242739433589,-0.6929434603882334,0.004449138293185968,-0.023050661764421266
15.8,RL,0.1523803469069891,early_stance,-0.4007860434376315,10.610390831906779,0.35392893083649457,-0.8002603528699427,0.06461685636058828,-0.029975322710157497
15.8,RR,0.6523803469069891,late_stance,-0.6329561013112048,10.327306682939012,-0.4303539442781617,-0.36894235846820833,-0.03099545958750019,0.045658478531108465
15.82,FL,0.6565470135736557,late_stance,2.458839627446987,10.672236478163747,0.3261828588529295,-0.8421430652405951,0.03645520628509982,0.1431183281588357
15.82,FR,0.15654701357365575,early_stance,-1.4463774965184941,11.807432625384454,0.0005352983709201731,-0.7002694974268848,9.288650730618795e-05,-0.044653262638555895
15.82,RL,0.15654701357365575,early_stance,-0.4917942726695081,10.61432914601602,0.3230557956541983,-0.7808489861522583,0.06086330694679407,-0.03289618626611892
15.82,RR,0.6565470135736557,late_stance,-0.7106485077673097,10.154569450251833,-0.4419803935500426,-0.3466451714728813,-0.03695290041593746,0.03936509805583604
15.84,FL,0.6607136802403224,late_stance,2.250340103387855,10.622225725139737,0.27597245696302963,-0.8129938522519816,0.037025919467472086,0.11219561403251059
15.84,FR,0.1607136802403224,early_stance,-1.4625214466156162,12.035893063208638,-0.006327603043265018,-0.7210320090972518,-0.0010534447367211213,-0.030078335427822914
15.84,RL,0.1607136802403224,early_stance,-0.24611767469603946,10.209821414000505,0.371162668221399,-0.7595495947599422,0.08228083563926039,-0.0725894603892844
15.84,RR,0.6607136802403224,late_stance,-0.6219549546859006,10.566255179886822,-0.4518523518962614,-0.3738175237286973,-0.03789107364237019,0.04540174583938102
15.860000000000001,FL,0.664880346906989,late_stance,2.2114864920689943,10.795552660004065,0.2491557115812449,-0.8118237856065583,0.029643413319910942,0.12433356538067357
15.860000000000001,FR,0.16488034690698905,early_stance,-1.6142474233529491,12.17644453533064,-0.0498241585439254,-0.7190751536885971,-0.007403918335978599,-0.010120806188964023
15.860000000000001,RL,0.16488034690698905,early_stance,-0.34469190455653026,10.57134262755102,0.34414020954918656,-0.7883058645670873,0.06825378746488188,-0.04348047604033268
15.860000000000001,RR,0.664880346906989,late_stance,-0.7091114172302801,10.02026877458406,-0.4477722538847153,-0.3290283882690596,-0.03486214432904562,0.04231757921727249
15.88,FL,0.6690470135736557,late_stance,2.271741620041998,10.982640066651552,0.24420689221479036,-0.822019302255593,0.024486879000451107,0.15320390373751894
15.88,FR,0.1690470135736557,early_stance,-1.3765866054257123,11.666640457706512,0.001095072435701061,-0.6865825286810547,0.00017301124309364313,-0.02084973697939897
15.88,RL,0.1690470135736557,early_stance,-0.4210923569102526,10.540738591412461,0.31479031903841787,-0.7689022215069476,0.06139046404779564,-0.03792789645661679
15.88,RR,0.6690470135736557,late_stance,-0.511834967946026,10.060247726385025,-0.40449367592556795,-0.3601955037626067,-0.033983656552805816,0.04363921679380368
15.9,FL,0.6732136802403224,late_stance,2.1938600012554876,10.861751371578109,0.22124335515432614,-0.7949862461579846,0.024190469981825523,0.14591355081428697
15.9,FR,0.17321368024032235,early_stance,-1.4092314613328303,11.936103684178553,-0.017464168609230002,-0.7103238830000723,-0.002935859190556064,-0.020411824386617886
15.9,RL,0.17321368024032235,early_stance,-0.18121131958199302,10.415366568641764,0.3694788984183264,-0.7761732133520216,0.08022554409213463,-0.05797470286445144
15.9,RR,0.6732136802403224,late_stance,-0.7153132786929037,10.108350939497981,-0.4689377514357886,-0.3229056852298787,-0.04182957681646553,0.040185648973094935
15.92,FL,0.677380346906989,late_stance,2.016443607080975,10.980324416079968,0.15627840354969547,-0.7625321146107809,0.0155234691486804,0.14463132765055975
15.92,FR,0.177380346906989,early_stance,-1.4038910763246455,12.039365720836544,-0.021077263338606766,-0.7176188592038494,-0.0033969869416245507,-0.013512478394126533
15.92,RL,0.177380346906989,early_stance,-0.25879150780022053,10.554690649298845,0.342817564966033,-0.7924147765247844,0.06704098819729308,-0.02936533589155054
15.92,RR,0.677380346906989,late_stance,-0.7928811163610338,9.762999766035161,-0.47531433009751023,-0.2894857884388639,-0.040047027477539805,0.03665185162918388
15.94,FL,0.6815470135736557,late_stance,2.1138187132757165,11.252535696245085,0.15321264866268294,-0.7802412760395829,0.013396853391931684,0.1557854373058359
15.94,FR,0.18154701357365566,early_stance,-1.57111400929137,11.979956510701305,-0.07406213811514817,-0.6821480238154738,-0.011455266272433467,-0.015873281040064698
15.94,RL,0.18154701357365566,early_stance,-0.28518317562437956,10.29727295137598,0.321310049236875,-0.7612328567942944,0.059911823535422924,-0.023855440774130092
15.94,RR,0.6815470135736557,late_stance,-0.7189646484351181,9.828769834414489,-0.4684496280748417,-0.29892168789773726,-0.032284270143640215,0.04224622203069049
15.96,FL,0.6857136802403223,late_stance,2.0379916238694498,11.053933277508445,0.1379546015855952,-0.753576690556016,0.013683577701731285,0.14177209308610314
15.96,FR,0.1857136802403223,early_stance,-1.335739038814736,11.842286731850905,-0.01811409790594093,-0.6915695345989998,-0.0028377731473933467,-0.015325022844182327
15.96,RL,0.1857136802403223,early_stance,-0.03005126098145324,10.224860320926515,0.3796133454954177,-0.7685279504824738,0.08081093155567606,-0.053308915399267166
15.96,RR,0.6857136802403223,late_stance,-0.665008949490654,9.952640122122487,-0.46670916026118364,-0.3091829774812138,-0.03564398038618591,0.041778290739384515
15.98,FL,0.689880346906989,late_stance,2.103766277902732,10.8125700214773,0.16184342567412074,-0.7455430603452118,0.018245580540604715,0.12558828039727715
15.98,FR,0.18988034690698896,early_stance,-1.4344197062611133,12.211447524061482,-0.03783187499976762,-0.7213940113434855,-0.0063473368325187565,-0.02333945543346628
15.98,RL,0.18988034690698896,early_stance,-0.15117630079850342,10.543733209000298,0.3449884177771224,-0.7915307249021114,0.069177222087173,-0.0322717606503604
15.98,RR,0.689880346906989,late_stance,-0.81750018583421,9.686838855995514,-0.48026269811201894,-0.28257294980255054,-0.04123409050783202,0.03476876412033607
16.0,FL,0.6940470135736556,late_stance,2.1067727672217735,11.0168566900933,0.1342089821012184,-0.7438759212294433,0.0151825076177043,0.11982268029048553
16.0,FR,0.1940470135736556,early_stance,-1.4640405237411285,12.2456190784134,-0.053156896027323514,-0.7089531953734175,-0.00907509066629474,-0.03419168785291938
16.0,RL,0.1940470135736556,early_stance,-0.20382799676374416,10.33975337772555,0.3189823436200586,-0.7626657382691258,0.06098045264957482,-0.025792243979627705
16.0,RR,0.6940470135736556,late_stance,-0.7413762179636136,9.799792745808954,-0.4763662184616897,-0.2945008690557154,-0.033649384177231775,0.04114696391921186
16.02,FL,0.6982136802403223,late_stance,2.0407901613010826,11.223330593227896,0.09346369483891293,-0.7337519236216921,0.007464440155083684,0.15511558455735813
16.02,FR,0.19821368024032227,early_stance,-1.6097558323947705,12.332477137140096,-0.0977581963004926,-0.7058636152667088,-0.01485412099623112,-0.011354507726745898
16.02,RL,0.19821368024032227,early_stance,-0.23297880120699924,10.379724979666346,0.3048076073148531,-0.7663098100586218,0.054834692271965184,-0.011946600180275152
16.02,RR,0.6982136802403223,late_stance,-0.8123196179981873,9.441833980026948,-0.479171155835231,-0.2611478277221314,-0.03762321231770609,0.033138522803239534
16.04,FL,0.7023803469069889,swing,2.0024165911117997,11.021992379692227,0.08491661644361084,-0.7095330888906631,0.007687087807313414,0.13446697756979606
16.04,FR,0.20238034690698892,early_stance,-1.3495309183131017,12.190329088738384,-0.03470531286797296,-0.7145623339891847,-0.005158139175412061,-0.013791957702299483
16.04,RL,0.20238034690698892,early_stance,0.09099214509152702,10.05507237782322,0.3770558718271819,-0.7566007745882691,0.07441934425322055,-0.03633595637001412
16.04,RR,0.7023803469069889,swing,-0.8314736665833844,9.828285700983345,-0.5191651469511644,-0.26864488221887256,-0.03268705194861304,0.0380287134729649
16.06,FL,0.7065470135736556,swing,1.9646797125562607,11.017412341158552,0.06366940336891119,-0.6935585316519416,0.006382757764111981,0.12520067079757943
16.06,FR,0.20654701357365557,early_stance,-1.401071474454206,12.307930143993065,-0.06149251041323442,-0.7093515593038194,-0.010559634882075656,-0.03246929736640562
16.06,RL,0.20654701357365557,early_stance,-0.018578341799012667,10.389791947578463,0.34255020890295407,-0.7802659035552116,0.06725298312916082,-0.026661367585330147
16.06,RR,0.7065470135736556,swing,-0.7002929353097819,9.498749566609408,-0.4629094594353155,-0.2729735058826385,-0.03376422545304571,0.03781331709811556
16.080000000000002,FL,0.7107136802403222,swing,1.7328818099445387,11.186846202408107,-0.002985022673393539,-0.6684590856899842,-0.00029278849592606995,0.12138918886939797
16.080000000000002,FR,0.21071368024032222,early_stance,-1.4214166788920604,12.46973311532567,-0.0714995174832267,-0.7222805641903113,-0.011992635157331785,-0.02152453398964008
16.080000000000002,RL,0.21071368024032222,early_stance,-0.14334299971000894,10.07722308115925,0.29824150923234233,-0.7200223979693312,0.06175824610696808,-0.03943203757355106
16.080000000000002,RR,0.7107136802403222,swing,-0.7474113315768515,9.521689010290324,-0.4864352007496129,-0.2589136721613303,-0.04430939367443066,0.030318305105603932
16.1,FL,0.7148803469069889,swing,1.7231004709313302,11.117310075068495,-0.01126407379329418,-0.6550421048116878,-0.0010580032329039599,0.11372789926393026
16.1,FR,0.21488034690698887,early_stance,-1.5612515300707066,12.671485626717882,-0.11448760861411833,-0.7224344183255822,-0.017099595506213094,-0.008533201497794725
16.1,RL,0.21488034690698887,early_stance,-0.00718750360091076,10.178631320649272,0.32877404053522064,-0.7487690723094853,0.06407930797509555,-0.03460961212594484
16.1,RR,0.7148803469069889,swing,-0.7874161468071548,9.34112681657694,-0.4927392657402004,-0.23928143622923942,-0.042820247227124776,0.02654230314664933
16.12,FL,0.7190470135736555,swing,1.7459285875018231,10.80323320066839,0.007017110341379182,-0.6380280909179488,0.0008187867125979307,0.0785859303136123
16.12,FR,0.21904701357365552,early_stance,-1.5197077523714033,12.892327457511625,-0.10701240305303356,-0.7341859866268475,-0.01572452438355182,-0.013825484577220257
16.12,RL,0.21904701357365552,early_stance,-0.12282658438002152,10.495066529198388,0.2941308804359172,-0.7520399978229485,0.05731663776284548,-0.046733925793758894
16.12,RR,0.7190470135736555,swing,-0.779111259324145,9.002638989069032,-0.47598926053951246,-0.21991255543591218,-0.05287628652524168,0.013631885097182052
16.14,FL,0.7232136802403222,swing,1.5340032871711426,10.731492867676225,-0.055408093901610084,-0.5910416344118015,-0.007916794715864902,0.027985673844170764
16.14,FR,0.22321368024032218,early_stance,-1.3702047684546153,13.160781015917063,-0.07470006917167224,-0.7600048207699709,-0.01247743727579092,-0.05568077402146358
16.14,RL,0.22321368024032218,early_stance,0.04989670775424163,10.761779555163054,0.33975605756064864,-0.7934360985407194,0.0597462733759676,-0.046627897641630986
16.14,RR,0.7232136802403222,swing,-0.9605504119745807,8.745885271323212,-0.5153776025184442,-0.16998625544639998,-0.06238800239899325,0.004217833618778497
16.16,FL,0.7273803469069888,swing,1.4868441075411887,9.755507592488163,0.004282017206836769,-0.5089479470466088,0.0007033525462880499,-0.004800201969991616
16.16,FR,0.22738034690698883,early_stance,-1.5344591399219067,13.83112625575007,-0.12097901117014467,-0.7897634774111212,-0.018486293617550248,-0.042529982696162344
16.16,RL,0.22738034690698883,early_stance,0.09116602291938021,11.513790829364249,0.3717198020747325,-0.8639589970968616,0.06752759544655171,-0.07411797170662118
16.16,RR,0.7273803469069888,swing,-1.0425487640755453,7.737633680544943,-0.46510284113543565,-0.07594846403620019,-0.07903531774123716,-0.004777742459355896
16.18,FL,0.7315470135736555,swing,1.4269137686882498,9.61649019404346,-0.022660738892389287,-0.4843005824258459,-0.004543586903937205,-0.05394497906259438
16.18,FR,0.23154701357365548,early_stance,-1.5250413430265037,14.46735764921576,-0.11618246183301495,-0.8361641609544866,-0.01677938697067726,-0.0515050795666075
16.18,RL,0.23154701357365548,early_stance,0.07372754885676125,11.979593652590664,0.3659819128407703,-0.8970730421448458,0.05713279280365789,-0.08220893719190653
16.18,RR,0.7315470135736555,swing,-1.0656746659675693,7.918868464146478,-0.5040256122105984,-0.07267760732248581,-0.10123808558644848,-0.00959167533373297
16.2,FL,0.7357136802403221,swing,1.2540634092805565,8.137231622186533,0.044118406219062545,-0.4026167414596059,0.011386113529356959,-0.10647244836630346
16.2,FR,0.23571368024032213,early_stance,-1.523028111970846,15.577250006283572,-0.11420890096058359,-0.918351265268076,-0.016630242778899948,-0.08780136568597234
16.2,RL,0.23571368024032213,early_stance,0.10068224744645397,13.084868033227067,0.387393349186645,-0.9884630637707755,0.05013313038918889,-0.1077876061263584
16.2,RR,0.7357136802403221,swing,-1.4673055056266033,6.785895704051508,-0.533651891122543,0.0409755113131714,-0.12920327691821926,0.009580542603252317
16.22,FL,0.7398803469069888,swing,1.1255326203753233,7.929786875771219,0.005455776200781637,-0.3718077698780523,0.001421752185564926,-0.12434010060308118
16.22,FR,0.23988034690698878,early_stance,-1.415953495320883,16.233213122116496,-0.08585181843647285,-0.9840752785702599,-0.010360561340260008,-0.08468129071721069
16.22,RL,0.23988034690698878,early_stance,0.24979983152473897,13.987268164969235,0.4377076134221366,-1.0818653771753655,0.04128213834685624,-0.12176674052087666
16.22,RR,0.7398803469069888,swing,-1.3033212771830172,6.499624430564524,-0.4810186513519996,0.028102840042800337,-0.13010082528550648,0.008888965686526565
16.240000000000002,FL,0.7440470135736554,swing,0.7878482378559235,5.969342442680779,0.07178440415521575,-0.2507596076439486,0.023643803875253232,-0.1270753738483313
16.240000000000002,FR,0.24404701357365544,early_stance,-1.3693092493543049,17.46254453968719,-0.06781507556434131,-1.0836517624085855,-0.008288519406335751,-0.1330896318917429
16.240000000000002,RL,0.24404701357365544,early_stance,0.45713550660060803,15.197306820376486,0.512380948113715,-1.2085182543285335,0.05309217848286261,-0.23231584763157195
16.240000000000002,RR,0.7440470135736554,swing,-1.7515687850118027,5.412741166352853,-0.5241666327173025,0.14691162000242708,-0.1692195270703413,0.06415116914193336
16.26,FL,0.7482136802403221,swing,0.6086812493289732,5.7189663917644635,0.02432405558266887,-0.21149490669414117,0.008314096353876161,-0.1289418439372522
16.26,FR,0.2482136802403221,early_stance,-1.312693266566069,18.105905760366113,-0.04951751937132334,-1.1391717751875272,-0.005944093236005781,-0.20971583605122418
16.26,RL,0.2482136802403221,early_stance,0.7585654781746971,16.744679284780208,0.5863831559556341,-1.3620898314749992,0.035241762433842055,-0.2643560646923224
16.26,RR,0.7482136802403221,swing,-1.8606900364018688,4.452600865254664,-0.4921529615167152,0.20385994733144108,-0.1806214207329249,0.11668163626216721
16.28,FL,0.7523803469069887,swing,0.5667171105282308,3.961289494254796,0.14407970830225347,-0.14771728894342473,0.05058188785775741,-0.1017149336193125
16.28,FR,0.25238034690698874,early_stance,-1.3041435558964447,19.419832345045418,-0.035834229426537065,-1.2524596797480483,-0.002698656931509538,-0.20427204087746553
16.28,RL,0.25238034690698874,early_stance,1.1228572884313504,18.33847748365038,0.7155146909152259,-1.5505877107609383,0.03241089945321785,-0.3556728463611814
16.28,RR,0.7523803469069887,swing,-1.9450648412957465,3.5392039351334392,-0.4642936555481612,0.2531851481931221,-0.17696979923300948,0.16887400191797744
16.3,FL,0.7565470135736554,swing,0.19575066400456184,2.090766027800797,0.1650830516292877,-0.021602988868606787,0.06360075970081633,-0.017206025905266927
16.3,FR,0.2565470135736554,early_stance,-0.8426546939916052,20.079910327725507,0.1021240852725673,-1.3745764650521877,0.005050597354350729,-0.2388755803767242
16.3,RL,0.2565470135736554,early_stance,1.4192304157412197,19.86888494842433,0.8345790697934522,-1.7256616457529457,0.035978296072718574,-0.47090762845016315
16.3,RR,0.7565470135736554,swing,-1.9729836293331529,2.407632134917693,-0.40869992244839076,0.2984693617385319,-0.14406111459774298,0.2175176886698524
16.32,FL,0.760713680240322,swing,0.13617486823562833,0.6817518675334492,0.22448933893154155,0.03753755377291679,0.08699537329489623,0.031796827807504875
16.32,FR,0.26071368024032204,early_stance,-0.3436409342254683,20.461875979970163,0.1989280361445142,-1.4819313747742446,0.004360265229650474,-0.22818714150803793
16.32,RL,0.26071368024032204,early_stance,1.7838598836451534,21.263534929687772,0.9319557323034365,-1.9039597600186036,0.01680602241779952,-0.47301830946996687
16.32,RR,0.760713680240322,swing,-1.9535436346130073,1.9696195327526766,-0.3818853368332835,0.31287828300120235,-0.11875705924700962,0.26591230010016387
16.34,FL,0.7648803469069887,swing,0.0,0.0,0.22085270412445135,0.09270325356759934,0.0744862188084273,0.08312201037479902
16.34,FR,0.2648803469069887,early_stance,-0.0967064987500127,19.856125399883503,0.2959122370795601,-1.4892856711858322,0.006335704467380283,-0.08985966451954867
16.34,RL,0.2648803469069887,early_stance,1.5572384371232528,23.847923365070667,0.9694861248412304,-2.105048043414233,0.0672667606930214,-0.5609113818660086
16.34,RR,0.7648803469069887,swing,0.0,0.0,0.16613861827030174,0.08417471414021693,-0.01498322428377488,0.08972160288595384
16.36,FL,0.7690470135736553,swing,0.0,0.0,0.28716857415468283,0.08311380138252356,0.10700158037059765,0.09119764373616167
16.36,FR,0.26904701357365535,early_stance,-0.20504229083699688,19.634715524069804,0.2715480063679896,-1.4758908110770037,0.019382704967521036,-0.016900946372015398
16.36,RL,0.26904701357365535,early_stance,1.4297260122197777,25.56455393239455,0.9791506633827444,-2.2478417930711125,0.0979317171471964,-0.4720503413298678
16.36,RR,0.7690470135736553,swing,0.0,0.0,0.3282850428963031,0.05924412526476608,0.04323577092092036,0.06412097605887931
16.38,FL,0.773213680240322,swing,0.0,0.0,0.2943327304525317,0.07737411901295455,0.12608052475814896,0.08566690764525439
16.38,FR,0.273213680240322,early_stance,-0.13789862987718096,19.270294747486968,0.292967737154193,-1.46035594937006,0.029253735254201774,0.012495105664596863
16.38,RL,0.273213680240322,early_stance,1.6624617826505077,25.797980528296392,1.0600863345315563,-2.3133524585922487,0.10935625890971165,-0.30024787527440805
16.38,RR,0.773213680240322,swing,0.0,0.0,0.2759950500433829,0.07788674356712577,0.07563360121404353,0.08156415898617443
16.4,FL,0.7773803469069887,swing,0.0,0.0,0.25740506818960385,0.08770148446992931,0.11026723002083737,0.10025110458783221
16.4,FR,0.27738034690698865,early_stance,0.042436923539570404,18.971165478145938,0.3371680904297263,-1.4611439138557265,0.0458967790517536,0.00922962351893817
16.4,RL,0.27738034690698865,early_stance,1.6956067795726584,25.675532561464742,1.0736211833651368,-2.338570528736787,0.1210136817451598,-0.1378699509577571
16.4,RR,0.7773803469069887,swing,0.0,0.0,0.2674636213364599,0.08248918254223125,0.0936389448093172,0.08932334550871594
16.42,FL,0.7815470135736553,swing,0.0,0.0,0.24300151822304678,0.09242168607807111,0.08842735925276327,0.11135201775749265
16.42,FR,0.2815470135736553,early_stance,-0.014225561233855606,18.907874432667903,0.3192364723610867,-1.4515631637825512,0.05003526093591064,0.02281925277932645
16.42,RL,0.2815470135736553,early_stance,1.6679996563653992,25.145357895130076,1.0597976893820775,-2.3009806448489742,0.15259491103614728,-0.06615316467673305
16.42,RR,0.7815470135736553,swing,0.0,0.0,0.2465442377233305,0.08800191704099691,0.08360199181049703,0.09610152612159782
16.44,FL,0.785713680240322,swing,0.0,0.0,0.27822743949695594,0.08328587411355115,0.09896447684653624,0.09838330168899403
16.44,FR,0.28571368024032195,early_stance,-0.293346704640355,19.03123045745206,0.24349714667620828,-1.426291924058389,0.04146120495598985,0.046947733394549614
16.44,RL,0.28571368024032195,early_stance,1.741186606670208,24.80937441166978,1.0700936884272845,-2.294052818798036,0.19844672907899316,0.0012869823691267234
16.44,RR,0.785713680240322,swing,0.0,0.0,0.24798757067318533,0.08622853337324476,0.0800665583886518,0.09447366881253424
16.46,FL,0.7898803469069886,swing,0.0,0.0,0.2606883413587681,0.0915568618417244,0.08772405431891675,0.11475073895832696
16.46,FR,0.2898803469069886,early_stance,-0.4185544120294717,19.155351782040725,0.21016209646210465,-1.4122477652200276,0.03927339191859318,0.03783177059024704
16.46,RL,0.2898803469069886,early_stance,1.6211525448921895,24.366761656316314,1.0225624077070254,-2.2404897602825917,0.20485997136786635,0.12809037548604935
16.46,RR,0.7898803469069886,swing,0.0,0.0,0.2442037957605957,0.08591322337357288,0.06635969965272764,0.09397600377250581
16.48,FL,0.7940470135736553,swing,0.0,0.0,0.27096049990121074,0.08730022697065198,0.07197699282937271,0.10416462641868175
16.48,FR,0.29404701357365526,early_stance,-0.4341593947926925,19.27585210374735,0.197737648436109,-1.4111681853134446,0.043561835128358255,0.023547326108623923
16.48,RL,0.29404701357365526,early_stance,1.404848617789968,24.010337768590446,0.9500399990318604,-2.17665231994879,0.2172921375437656,0.1916817627311367
16.48,RR,0.7940470135736553,swing,0.0,0.0,0.24731682695837354,0.08538708390240746,0.06147419652026809,0.09302171268781684
16.5,FL,0.7982136802403219,swing,0.0,0.0,0.2811521876739659,0.08544664960131054,0.0670115141701301,0.10346015819347482
16.5,FR,0.2982136802403219,early_stance,-0.8360875248906902,19.66164942757327,0.09005306096517582,-1.3898923483338268,0.019861935724258283,0.04254951471386279
16.5,RL,0.2982136802403219,early_stance,1.1263081292646149,23.61780482929966,0.866783335105187,-2.104541782526395,0.214821616356958,0.2291232867879319
16.5,RR,0.7982136802403219,swing,0.0,0.0,0.25500458875031706,0.0854191063047749,0.047890031163969816,0.09302769047250932
16.52,FL,0.8023803469069886,swing,0.0,0.0,0.2782881201343686,0.08713155810378903,0.04062004194490813,0.10195626347473238
16.52,FR,0.30238034690698856,early_stance,-1.0008415192535371,19.71620419037762,0.04586307325475936,-1.364151710071446,0.010000899687422963,0.04779201562100115
16.52,RL,0.30238034690698856,early_stance,1.0275097058533849,23.21212475584468,0.8199958590719759,-2.047597761203821,0.22557018413731336,0.20307092420371006
16.52,RR,0.8023803469069886,swing,0.0,0.0,0.2667891544016461,0.07942428549080804,0.03302523739302824,0.07973984849777078
16.54,FL,0.8065470135736552,swing,0.0,0.0,0.2651854186570678,0.08168260171302033,0.021441399925209288,0.09845624383644629
16.54,FR,0.3065470135736552,early_stance,-1.3507456775172242,20.151889217122157,-0.049961117099937724,-1.3473832812832345,-0.010635714812794997,0.04140260393485333
16.54,RL,0.3065470135736552,early_stance,0.7757855445056687,22.797608455398596,0.7332141798416111,-1.970521292695714,0.19734646900389632,0.23594216600461868
16.54,RR,0.8065470135736552,swing,0.0,0.0,0.2547967470693473,0.07968096663426483,0.018630986042775556,0.08060723683924957
16.56,FL,0.8107136802403219,swing,0.0,0.0,0.2788262036768567,0.07832202079444284,-1.4634030569443453e-05,0.08842886510416571
16.56,FR,0.31071368024032187,early_stance,-1.3291558501491976,20.213461597586512,-0.04092388828384011,-1.3402948834436934,-0.009021145689913,0.021545997930453396
16.56,RL,0.31071368024032187,early_stance,0.5006392592538187,22.227537312732057,0.6519628790003876,-1.8857492884404936,0.1765303308773889,0.23586355152412714
16.56,RR,0.8107136802403219,swing,0.0,0.0,0.23807538138715656,0.07391323369955527,0.0068141725051929485,0.06572803774170474
16.580000000000002,FL,0.8148803469069885,swing,0.0,0.0,0.27800435192834205,0.08112427398267652,-0.018822304300721515,0.08525972710074002
16.580000000000002,FR,0.3148803469069885,early_stance,-1.6282882772856362,20.83930395143697,-0.11939189149567292,-1.3681854504135356,-0.023615155355175898,0.11917047549406685
16.580000000000002,RL,0.3148803469069885,early_stance,0.4466495123528528,21.781853607879093,0.6222296362102343,-1.831694047520511,0.2001213138124448,0.09677299019296431
16.580000000000002,RR,0.8148803469069885,swing,0.0,0.0,0.2159710898544649,0.0759416866092475,-0.007076118358842157,0.0670999473133063
16.6,FL,0.8190470135736552,swing,0.0,0.0,0.2900405241276814,0.07850558461574453,-0.03012300302513432,0.08039654151948447
16.6,FR,0.31904701357365517,early_stance,-1.8294895411610477,20.864276374854544,-0.16747061794426232,-1.3414884151919766,-0.03601671223220542,0.07479164775401553
16.6,RL,0.31904701357365517,early_stance,0.15054963574056304,21.538896739622462,0.530608901331749,-1.769017623271455,0.1563865982567924,0.15197987528289614
16.6,RR,0.8190470135736552,swing,0.0,0.0,0.22944025870862628,0.0715813810590975,-0.017811530630528916,0.05448040791753913
16.62,FL,0.8232136802403218,swing,0.0,0.0,0.22186458845446586,0.08952282028345881,-0.03824694045371983,0.07817558214859169
16.62,FR,0.3232136802403218,early_stance,-2.226865289233157,21.248758791256975,-0.2557000083622,-1.3180250808085316,-0.052562049372121035,0.05652175684632241
16.62,RL,0.3232136802403218,early_stance,-0.08650281182491938,20.892201486506426,0.4711670496577369,-1.691133561244392,0.12018320824933791,0.18821141253439724
16.62,RR,0.8232136802403218,swing,0.0,0.0,0.16038150398275514,0.08897298350972782,-0.025542395032188813,0.06540138463655563
16.64,FL,0.8273803469069885,swing,0.0,0.0,0.2799960294682647,0.0709793258115744,-0.09592469939468383,0.06361621752211902
16.64,FR,0.3273803469069885,early_stance,-2.451869307803189,21.6615635532718,-0.2987078133969722,-1.3244383218994262,-0.0477342885370382,0.07866767698532011
16.64,RL,0.3273803469069885,early_stance,0.03400254202627746,19.53280554074571,0.4618405047422355,-1.5857162093197306,0.08714560665929216,0.24718402053401758
16.64,RR,0.8273803469069885,swing,-2.480614244166427,5.649882478264282,-0.027024431112538955,-0.046087785991746344,-0.000913952408093281,-0.03779317729831057
16.66,FL,0.8315470135736551,swing,0.0,0.0,0.2707033672366309,0.06292391933568431,-0.11344870097450906,0.050895233848670195
16.66,FR,0.3315470135736551,early_stance,-1.5966205132935798,21.88753349210483,-0.0773441208100232,-1.429402368207753,-0.0006049300844914811,-0.1036961853680995
16.66,RL,0.3315470135736551,early_stance,1.4567987555230664,14.055054715977661,0.7208513717243026,-1.3060479570968277,0.0023788283417714704,0.37335580506698296
16.66,RR,0.8315470135736551,swing,-3.652664128612849,9.176754116795923,-0.7566842062353452,-0.09329233877328513,-0.20322991581377406,-0.06539823560190665
16.68,FL,0.8357136802403218,swing,0.0,0.0,0.23055687034938116,0.0793958195110207,-0.12195652242542475,0.057277506250245046
16.68,FR,0.3357136802403218,early_stance,-0.8088591824401102,22.042644239089533,0.1380740851470274,-1.5541456228686858,-0.019353679713569508,-0.11829172708545113
16.68,RL,0.3357136802403218,early_stance,1.8344140712935997,12.048989594600478,0.826077579985879,-1.1948588411976617,0.003778424992685101,0.2524812880901124
16.68,RR,0.8357136802403218,swing,-4.145724814629202,9.461308234040727,-0.9798173792263885,-0.06148413305052486,-0.0589807280275748,-0.034995856577802666
16.7,FL,0.8398803469069884,swing,0.0,0.0,0.2622601042333502,0.06968974180163268,-0.1596163360886369,0.04379410359550047
16.7,FR,0.33988034690698843,early_stance,0.08482138795653157,21.700603172826447,0.3784413615050115,-1.637975046590322,-0.08241958247516569,-0.1629003661590745
16.7,RL,0.33988034690698843,early_stance,2.240075910637076,10.737593611727329,0.9106535995994315,-1.1381708243707225,0.018029690094997136,0.15401453320712957
16.7,RR,0.8398803469069884,swing,-4.991436268175442,10.408440539324507,-1.200619314710438,-0.054030947227707626,0.14347695640960653,-0.026076987975377112
16.72,FL,0.8440470135736551,swing,0.0,0.0,0.23150112585231342,0.07472710781862796,-0.16007812554066234,0.03782913899367546
16.72,FR,0.3440470135736551,early_stance,1.184934164522397,21.046054542149747,0.6889260433984654,-1.73959199665875,-0.17970445559745638,-0.21928603551521703
16.72,RL,0.3440470135736551,early_stance,2.7667989643563025,9.375676767756167,1.0284932721805462,-1.0623822261159728,0.04755023015412009,0.025055108513328747
16.72,RR,0.8440470135736551,swing,-5.905021520880628,11.857069701557128,-1.4253133434202276,-0.08769231374872732,0.3942748121896729,-0.03468565947672355
16.740000000000002,FL,0.8482136802403217,swing,0.0,0.0,0.25615316236961183,0.07009723096900877,-0.19292283181036682,0.030061584556447436
16.740000000000002,FR,0.34821368024032173,early_stance,2.193725270102045,20.78141244503782,0.973117402586598,-1.8584253581658308,-0.29454460810985744,-0.18543825712150877
16.740000000000002,RL,0.34821368024032173,early_stance,3.226495873118586,8.871395380001774,1.1347477138049444,-1.084287916818412,0.020385568860059107,-0.00663455765477222
16.740000000000002,RR,0.8482136802403217,swing,-6.529010153893156,13.010359104508861,-1.5586521368797515,-0.14415073220829033,0.6355633188710228,-0.04299215848265291
16.76,FL,0.8523803469069884,swing,0.0,0.0,0.2261527112495999,0.07737324004577834,-0.18911971938042207,0.027464704812647133
16.76,FR,0.3523803469069884,late_stance,3.177533953764942,20.271737043590235,1.2613256636672068,-1.9594463088906322,-0.40346402183057234,-0.15887839403103562
16.76,RL,0.3523803469069884,late_stance,3.931794545723988,8.088972270502197,1.2738227651853593,-1.1072810717573778,-0.02376801126807071,-0.026694608417248963
16.76,RR,0.8523803469069884,swing,-7.398697766108369,14.345349532476808,-1.745211354548567,-0.18908388127732742,0.8866656482720021,-0.03852541331573839
16.78,FL,0.856547013573655,swing,0.0,0.0,0.22032865071473895,0.077746636655354,-0.2031739619651822,0.01757037462146094
16.78,FR,0.35654701357365504,late_stance,4.159755426764281,19.781605350861348,1.534372185746041,-2.0510966232705137,-0.47896589326013306,-0.13190093053332286
16.78,RL,0.35654701357365504,late_stance,4.503062144071423,7.369024591351802,1.412172680936727,-1.1237848122939285,-0.039859278695678284,-0.08667625997115865
16.78,RR,0.856547013573655,swing,-8.158870383661235,15.536234268135683,-1.899764926803751,-0.23287660234264407,1.0771626267124506,-0.02983708604632099
16.8,FL,0.8607136802403217,swing,0.0,0.0,0.2081882312889416,0.07819404701776678,-0.20610712805991666,0.008549855134247322
16.8,FR,0.3607136802403217,late_stance,5.222067555029581,19.11396911084716,1.8213326351543255,-2.1347007003533776,-0.49990718672346035,-0.21168800022838719
16.8,RL,0.3607136802403217,late_stance,5.4922173732724895,6.744033805246804,1.6738169253089425,-1.2037877105962234,-0.06810614435494465,-0.1355858991232969
16.8,RR,0.8607136802403217,swing,-9.1575685355467,17.08881796635218,-2.105759420466461,-0.29517284467699584,1.359794559545676,-0.0037940518508565568
16.82,FL,0.8648803469069883,swing,0.0,0.0,0.19979992254641765,0.08310380077943658,-0.21354704356962326,0.004412484505554845
16.82,FR,0.36488034690698834,late_stance,6.036069379352899,18.92378046431184,2.0430468977328635,-2.228685633696465,-0.5139237361505428,-0.15585710954449825
16.82,RL,0.36488034690698834,late_stance,6.0528796763010675,6.874905095024796,1.813995583947503,-1.293737431100087,-0.07185401968185644,-0.16383293734455281
16.82,RR,0.8648803469069883,swing,-9.87005372189643,17.468709978763616,-2.221215183342232,-0.3144072654051131,1.5512127996166014,0.032553456613469256
16.84,FL,0.869047013573655,swing,0.0,0.0,0.2069009551841965,0.033546950789134514,-0.2393332685636984,-0.0026350558599123187
16.84,FR,0.369047013573655,late_stance,7.0121203253802005,18.423843811108288,2.299601437673923,-2.3165253667167223,-0.5118826851548223,-0.14001675582760142
16.84,RL,0.369047013573655,late_stance,6.7385464413702225,6.743200130062315,1.949726659216627,-1.375787240429643,-0.06751948969904076,-0.1730368842560707
16.84,RR,0.869047013573655,swing,-10.622472771355289,18.04799269455774,-2.376325711987797,-0.299847757036684,1.8622956373639294,0.0836464418291935
16.86,FL,0.8732136802403216,swing,0.0,0.0,0.20425833705463092,0.04066350109496081,-0.23896599977536506,-0.008880585643856156
16.86,FR,0.37321368024032164,late_stance,7.675007545166715,18.4600897757721,2.4786935822815828,-2.4325607604472577,-0.48341375759194316,-0.06304533436170048
16.86,RL,0.37321368024032164,late_stance,7.0949076943493035,7.096113673179659,2.0767230025494676,-1.455636210308254,0.04574637389264307,-0.24828874626413017
16.86,RR,0.8732136802403216,swing,-11.530592968673469,17.58729615821243,-2.549551277002586,-0.17550029603826012,2.144704793627461,0.07589132087225568
16.88,FL,0.8773803469069883,swing,0.0,0.0,0.18991334581909247,0.03906022561275413,-0.23003528795396566,-0.014119156223212944
16.88,FR,0.3773803469069883,late_stance,8.259298406208096,17.889538263414014,2.624046880729162,-2.455208752388852,-0.39571863887995073,-0.08079167791446175
16.88,RL,0.3773803469069883,late_stance,7.394037973430997,7.395406166869646,2.159774705697386,-1.5275504222090153,0.07874514630424038,-0.20589427811462457
16.88,RR,0.8773803469069883,swing,-12.00987233598068,17.31260957357011,-2.637834673943183,-0.11563920469587563,2.3608193967847524,0.0676053162363603
16.9,FL,0.881547013573655,swing,0.0,0.0,0.18139086202832833,0.037888234870658344,-0.22215446676855718,-0.01699490623459475
16.9,FR,0.38154701357365495,late_stance,8.913478662842145,17.383858167540875,2.8218650595718024,-2.490584996022412,-0.22737879390865415,-0.19930981286987423
16.9,RL,0.38154701357365495,late_stance,7.62967411549233,7.633490947879081,2.2127829358438773,-1.5823197402732039,0.1559692235434295,-0.1758631383511609
16.9,RR,0.881547013573655,swing,-12.800323789378202,16.54242162857954,-2.808734114704231,0.04178112407950174,2.614716632564416,-0.029914949260460393
16.92,FL,0.8857136802403216,swing,0.0,0.0,0.16667629144341578,0.03750584944116786,-0.2121648152327503,-0.019550115537123033
16.92,FR,0.3857136802403216,late_stance,9.011635463883252,17.183280465436738,2.8371164796081976,-2.486783665939667,0.0055911336328965215,-0.5013422818413398
16.92,RL,0.3857136802403216,late_stance,7.988088848164491,7.99404289432398,2.298420800108274,-1.6557782163639796,0.12808962968164056,-0.1254498460432402
16.92,RR,0.8857136802403216,swing,-13.272469405384625,16.084963227031665,-2.9234916671961377,0.14296779967936024,2.927746573738493,-0.12440643844680213
16.94,FL,0.8898803469069883,swing,0.0,0.0,0.18220428351848017,0.03002696439779895,-0.2287812560465006,-0.01911304850687979
16.94,FR,0.38988034690698825,late_stance,9.18037775570998,16.900322909816488,2.8634780698822593,-2.480623497133919,0.23419086208491394,-0.7728474444631382
16.94,RL,0.38988034690698825,late_stance,8.455753307380707,8.470395632282429,2.39821751180375,-1.7558359641390693,0.20535823779975818,-0.2270828190202495
16.94,RR,0.8898803469069883,swing,-13.841713991353704,15.003673954105482,-3.068348845282946,0.32002679879428564,3.1898306846247833,-0.314396223584373
16.96,FL,0.8940470135736549,swing,0.0,0.0,0.16429297204881843,0.030503651235611162,-0.20946374974742352,-0.02357651280190109
16.96,FR,0.3940470135736549,late_stance,9.078031992423574,16.979555565274826,2.824980851568476,-2.476723972590563,0.46511260410491934,-1.0759588904738144
16.96,RL,0.3940470135736549,late_stance,8.503200648130143,9.32591975181724,2.445968886649574,-1.831670747428709,0.12712709680550566,-0.24994631505115722
16.96,RR,0.8940470135736549,swing,-14.308648665092111,14.393194748300928,-3.217307744721657,0.4788461117747681,3.377105579424825,-0.4722089888083212
16.98,FL,0.8982136802403216,swing,0.0,0.0,0.17096960958943574,0.02837047909450663,-0.21305523926768097,-0.022914907133649895
16.98,FR,0.39821368024032155,late_stance,8.724648326097926,17.420442338625964,2.7216129962304443,-2.4744096814071503,0.5535172360172758,-1.2247112656928203
16.98,RL,0.39821368024032155,late_stance,8.76656192802355,10.657505925078011,2.55433748038125,-1.9763562053930483,0.09432855362181429,-0.2976917150637607
16.98,RR,0.8982136802403216,swing,-14.41147929137227,14.472144416744397,-3.2736215394646773,0.5106864988868772,3.5833898661228076,-0.5131373153487141
17.0,FL,0.9023803469069882,swing,0.0,0.0,0.14417581986733918,0.030942653031402978,-0.18887922034036855,-0.028127326502429335
17.0,FR,0.4023803469069882,late_stance,8.81350317505033,17.24038318114063,2.7202355920054497,-2.472347012474491,0.6281373217229316,-1.3159465646346242
17.0,RL,0.4023803469069882,late_stance,9.08472167135481,11.602023395337476,2.628365796620905,-2.086594943642571,0.1323449227477142,-0.3401225255210175
17.0,RR,0.9023803469069882,swing,-14.36334226142265,14.416893504039315,-3.3161662253194297,0.5529813562016761,3.871024705869347,-0.5471765383587364
17.02,FL,0.9065470135736549,swing,0.0,0.0,0.17160970366593575,0.023478583021382615,-0.2174510831020049,-0.02308052809916451
17.02,FR,0.40654701357365486,late_stance,8.58515245877263,17.513173862386793,2.6193338851560877,-2.472448078564372,0.7112105331740541,-1.3903693997024489
17.02,RL,0.40654701357365486,late_stance,9.490217797452727,12.7829104987588,2.718759187574955,-2.234663583210701,0.11634283211753293,-0.2347915957523615
17.02,RR,0.9065470135736549,swing,-13.804343286810937,13.847739380021657,-3.229689649474987,0.5672933815433887,4.061706853807203,-0.5130997432901611
17.04,FL,0.9107136802403215,swing,0.0,0.0,0.1351312301338593,0.03841406330566266,-0.16224365939698052,-0.03912121277271431
17.04,FR,0.4107136802403215,late_stance,8.285950104832777,17.949332283247664,2.4951307067871804,-2.4779384665270334,0.6707523754903684,-1.0695534372935358
17.04,RL,0.4107136802403215,late_stance,9.555941881615295,13.939833320651138,2.737976939123144,-2.3442657547177324,0.3230252777801943,-0.2737553082339721
17.04,RR,0.9107136802403215,swing,-11.554788824851103,11.598112230931994,-2.9109663839749613,0.5352158401190868,4.41373336871792,-0.4871830537689554
17.06,FL,0.9148803469069882,swing,0.0,0.0,0.0005814642140085091,0.12482092026079161,-0.000603236491740101,-0.14004807482702605
17.06,FR,0.41488034690698816,late_stance,6.926661142226113,18.666124714620025,2.069175660116668,-2.434996334996398,1.2374310740616172,0.4827400437858996
17.06,RL,0.41488034690698816,late_stance,6.02462419582822,23.027320905001027,1.835179314753217,-2.547900043682443,1.70434907998594,-1.944046009389651
17.06,RR,0.9148803469069882,swing,0.0,0.0,-0.10001392625820715,-0.0023292977002922766,0.33920224740663324,0.0012816393877916558
17.080000000000002,FL,0.9190470135736548,swing,0.0,0.0,0.060205534386892356,0.07750912262766929,-0.06581454111900571,-0.08552333383983655
17.080000000000002,FR,0.4190470135736548,late_stance,4.825914271308513,18.77780733431901,1.5037339178352584,-2.17277263811188,1.2873744170084127,1.3817869224976003
17.080000000000002,RL,0.4190470135736548,late_stance,3.1020179829560006,28.666866356164164,1.0097677345946277,-2.56361884856621,1.1558846276423334,-1.7430116686876649
17.080000000000002,RR,0.9190470135736548,swing,0.0,0.0,0.3067860734425669,-0.03051259679667684,-0.7021670358658456,0.0232047895514092
17.1,FL,0.9232136802403215,swing,0.0,0.0,0.20864606015229437,-0.01556680239442454,-0.2529502303323091,0.016602533736045238
17.1,FR,0.42321368024032147,late_stance,4.353645984918187,19.234087377240588,1.3682779949861412,-2.1259932839063693,0.7434005690775174,1.4415650930357038
17.1,RL,0.42321368024032147,late_stance,4.479525719120241,22.26014257183862,1.3006927149494738,-2.289204546784792,0.3548279589654011,0.9716091131843423
17.1,RR,0.9232136802403215,swing,-8.604058308084836,8.703876380888714,-1.4349202828783603,0.19943909952544203,0.4299824678442167,-0.23569441747837838
17.12,FL,0.9273803469069881,swing,0.0,0.0,0.15323913852534354,-0.0025955057207943666,-0.1613908134748467,0.003162985023438319
17.12,FR,0.4273803469069881,late_stance,4.69697737575313,19.273518116190306,1.3583103353851422,-2.1164365565071703,0.4452505477529648,1.4424619456944159
17.12,RL,0.4273803469069881,late_stance,5.71966041090239,18.270109636378013,1.5496232925020488,-2.129357442961428,0.11675066144596219,1.4019015969727697
17.12,RR,0.9273803469069881,swing,-7.990094545591114,8.223540639389245,-1.7315388566902112,0.28496679132709857,0.7413191000459419,-0.3120191101853459
17.14,FL,0.9315470135736548,swing,0.0,0.0,0.023642070634463552,0.052490168253594094,-0.02082883383770452,-0.06363510446498927
17.14,FR,0.43154701357365477,late_stance,4.995526348105949,19.039920408079873,1.3044671271059287,-2.076220008058153,0.39105515795512885,1.6205930747672233
17.14,RL,0.43154701357365477,late_stance,5.14788283560519,19.880462174158815,1.3124632627150554,-2.11268830197201,0.47206732471408797,0.884854297922097
17.14,RR,0.9315470135736548,swing,0.0,0.0,-0.7271337523453283,0.21893073556720444,1.319825512182393,-0.18330724490231254
17.16,FL,0.9357136802403214,swing,0.0,0.0,-0.005186171447030263,0.05262412005342687,0.004260746298288394,-0.06071279597304262
17.16,FR,0.4357136802403214,late_stance,3.7402393909518334,16.900058250016194,0.9599330417968528,-1.7015574778910691,0.5610613367039362,1.3276922917011242
17.16,RL,0.4357136802403214,late_stance,3.591447257499873,23.13213939198557,0.771715636444057,-2.0571878973332853,0.4915502055010186,0.679401154673955
17.16,RR,0.9357136802403214,swing,0.0,0.0,0.16995933693054344,-0.021639916165605344,-0.30598288711045124,0.015686465319849865
17.18,FL,0.9398803469069881,swing,0.0,0.0,0.024454033372310224,0.03294192832247944,-0.021707320923462996,-0.035203398912933954
17.18,FR,0.4398803469069881,late_stance,2.043130179113974,18.109607159907615,0.39715249966561983,-1.4610892028561342,0.31895174977739943,0.7654009847452026
17.18,RL,0.4398803469069881,late_stance,2.4984378071194078,22.561120933331075,0.39216821645543976,-1.7832101129026414,0.24958650062885035,0.7871156136742158
17.18,RR,0.9398803469069881,swing,0.0,0.0,0.20858543544678254,-0.0129167382791735,-0.2494269744181082,0.010379483835131532
17.2,FL,0.9440470135736547,swing,-12.52182091553212,24.73359487279088,-1.6126017545863818,-0.9791870949605204,-0.7485351625416801,0.44152030816855903
17.2,FR,0.4440470135736547,late_stance,0.3756774013541145,7.802467790013469,0.21292515431035614,-0.528669780279284,0.11916373882477435,0.531549631198381
17.2,RL,0.4440470135736547,late_stance,1.0356557294001134,18.481377019497735,0.038849151455683684,-1.2509129584065592,0.02536499013265168,0.8361052113352869
17.2,RR,0.9440470135736547,swing,0.0,0.0,0.20050847947776118,0.0033571687681031026,-0.1720584303680499,-0.0025362984862910857
17.22,FL,0.9482136802403214,swing,-13.748963897349704,23.72289870810429,-2.1736522185210627,-0.6681668032014291,-0.34328503981584696,0.7562454818629282
17.22,FR,0.4482136802403214,late_stance,-0.7403412817819438,4.912775459738863,-0.033758053970331214,-0.16816420619051542,-0.016549305695023178,0.1127467059871482
17.22,RL,0.4482136802403214,late_stance,-0.2152868487538693,14.066451583399193,-0.20410909844400182,-0.7805432541043252,-0.10412403948079357,0.5829187809928658
17.22,RR,0.9482136802403214,swing,0.0,0.0,0.28465504972013184,-0.01885036279118002,-0.2058410047194177,0.014236680809759419
17.240000000000002,FL,0.952380346906988,swing,-13.68570616682779,21.240910030022466,-2.398906281285281,-0.3607971787041073,0.3092983601491995,0.47839245823252713
17.240000000000002,FR,0.45238034690698803,late_stance,-0.873584716612144,4.24447913248004,-0.08567130951905588,-0.10338102731078508,-0.03249534365451801,0.03281463383781592
17.240000000000002,RL,0.45238034690698803,late_stance,-0.8385421577658148,11.275544214203125,-0.32460043489577445,-0.4895173956181884,-0.1329636554424146,0.2735054292863611
17.240000000000002,RR,0.952380346906988,swing,0.0,0.0,0.27189808070168975,-0.01912467348429947,-0.12597008351049802,0.012549731517766973
17.26,FL,0.9565470135736547,swing,-13.315238137182815,19.683374907856685,-2.4079922335303356,-0.21364428790651568,0.9282015397061635,0.27181231670501643
17.26,FR,0.4565470135736547,late_stance,-0.587761434544012,3.7758903293535857,-0.04128640976997541,-0.1121544775070735,-0.008136762924265645,0.01406045561283299
17.26,RL,0.4565470135736547,late_stance,-0.9254807385748353,10.54598211440439,-0.35540115051634646,-0.4083460663243206,-0.08204068333603057,0.15284894114684072
17.26,RR,0.9565470135736547,swing,0.0,0.0,0.2183956132949979,-0.00754992026378154,-0.08357748521519812,0.004395370400460904
17.28,FL,0.9607136802403213,swing,-12.110976106869298,17.34738139916305,-2.2442677121492296,-0.09495088964297049,1.220311879716453,0.10096107959834759
17.28,FR,0.46071368024032133,late_stance,-0.20429539592220455,7.403040580011997,-0.025689998581209073,-0.3081534981256092,-0.0033400902274453525,-0.044474601076128564
17.28,RL,0.46071368024032133,late_stance,-0.5686950464893168,11.33955330620479,-0.289510050505142,-0.49066616414879144,-0.027124658128341292,0.0723923687210396
17.28,RR,0.9607136802403213,swing,0.0,0.0,0.1812106125264361,0.0015256314689269246,-0.03984219613737139,-0.0008608528517893474
17.3,FL,0.964880346906988,swing,-10.273557125853129,13.344325334277313,-1.9648565367192439,0.06706755866670877,1.3822985955449003,-0.06787342892439319
17.3,FR,0.464880346906988,late_stance,0.4962453386818095,12.405603192438548,-0.02045567648649914,-0.6775700264512567,-0.002914819686896648,-0.25263203316912164
17.3,RL,0.464880346906988,late_stance,0.37070614119478373,13.069911970304625,-0.14686292317597752,-0.6678356803876173,-0.002177777857157403,-0.041093986828802005
17.3,RR,0.964880346906988,swing,0.0,0.0,0.07600711311146932,0.03132696250107764,-0.01590800383516473,-0.015297671245461717
17.32,FL,0.9690470135736546,swing,-7.959860286591367,9.037496686501385,-1.5762724185581414,0.18589218480027758,1.3045994783170447,-0.15063658253510603
17.32,FR,0.46904701357365464,late_stance,1.5990483539112712,15.48467612865918,0.13488012279256906,-1.025522188939517,-0.0006901225365699916,-0.4607737798081226
17.32,RL,0.46904701357365464,late_stance,1.3333710851458347,9.771230330267333,0.20914113313642124,-0.6835231570428185,-0.05879282124488966,0.018727035152502392
17.32,RR,0.9690470135736546,swing,-2.055217755613017,10.961303315774764,0.09252616222213084,-0.6538529045843878,-0.018595462998259375,-0.09580286334958162
17.34,FL,0.9732136802403213,swing,-5.091801377700769,5.151827092153407,-1.0712974271615345,0.21159596165085548,0.876277855969571,-0.12973165396162717
17.34,FR,0.4732136802403213,late_stance,2.9271581424610593,16.513584033686495,0.44494606030496814,-1.300693568175639,-0.07213247500427102,-0.4718971388465675
17.34,RL,0.4732136802403213,late_stance,2.8011178445907303,7.760828467553136,0.6587973647483634,-0.7732496483022545,-0.2114179544192443,-0.042748416858794845
17.34,RR,0.9732136802403213,swing,-1.6387419210711038,13.848402048587646,0.3714175784416147,-1.0336901840732957,-0.14253130849958145,-0.12109628282576668
17.36,FL,0.9773803469069879,swing,-3.1938756683186056,3.4316533219206855,-0.6862435316945186,0.13874008096878832,0.46861344178835396,-0.05039168714795039
17.36,FR,0.47738034690698794,late_stance,3.6419158616839127,16.02960434101721,0.6597611049826497,-1.4012507141016364,-0.13219341078657448,-0.31097323621624434
17.36,RL,0.47738034690698794,late_stance,3.5818786648052248,8.604913982168208,0.8270244768804759,-0.9434763002874923,-0.17857152067208115,-0.12191793723065997
17.36,RR,0.9773803469069879,swing,-1.2942510862775096,15.382955219503952,0.5701820473319128,-1.2598932368373423,-0.23002935511640613,-0.02122577157652674
17.38,FL,0.9815470135736546,swing,-1.9715954771581832,2.3586261514069315,-0.4416438332298609,0.08633019408905793,0.23010420681706395,-0.014742283307885032
17.38,FR,0.4815470135736546,late_stance,4.163554549026702,14.79700323397187,0.8453424811860162,-1.4312233060631712,-0.15622804835638013,-0.10228516345859855
17.38,RL,0.4815470135736546,late_stance,4.1272802019839725,10.015695487290802,0.931545314444233,-1.10403673137062,-0.07286360284216711,-0.2092625077151495
17.38,RR,0.9815470135736546,swing,-0.8605378419392734,15.988993364685284,0.7470477215297258,-1.4236733340383105,-0.2569591934952518,0.0944400144300574
17.400000000000002,FL,0.9857136802403212,swing,0.0,0.0,-0.08440310569176734,0.053651523709969826,0.04016273654111075,-0.004150481929371876
17.400000000000002,FR,0.48571368024032124,late_stance,4.649822739305804,14.14398289294648,0.9707349994508885,-1.4926108900705126,-0.13138556417044397,0.09788044904281071
17.400000000000002,RL,0.48571368024032124,late_stance,4.449235054032173,13.238646964834365,0.9605560880942078,-1.3415571000375657,0.03966654508624241,-0.25271892220605185
17.400000000000002,RR,0.9857136802403212,swing,-0.04401253655671,14.598983068134867,0.8837461346986331,-1.3949893594041844,-0.22027698061033585,0.2004615119192583
17.42,FL,0.9898803469069879,swing,-0.9672174865328028,2.292336764477807,-0.033552109590160764,0.0022819760278821235,0.0037494157122697205,4.3747819481056154e-05
17.42,FR,0.4898803469069879,late_stance,4.537470293655417,14.447776104839607,0.9813574072754513,-1.494513068840039,-0.005198842442217531,0.08107713817877354
17.42,RL,0.4898803469069879,late_stance,4.193789912666484,14.299572354159805,0.8751636353722856,-1.3859617827318749,0.11149518972713042,-0.12880244607781643
17.42,RR,0.9898803469069879,swing,0.24087332990625954,13.821612417395505,0.9266159151945553,-1.3585046233168017,-0.11359316393367946,0.21397979737576614
17.44,FL,0.9940470135736545,swing,-1.8690345655868523,4.789864759832258,-0.17964883823474678,-0.11070627409334287,-0.028512630415168615,-0.014884234064068413
17.44,FR,0.49404701357365455,late_stance,4.431477880562518,12.826301245605688,0.9993603750521258,-1.3820942853357692,0.08192790084958383,0.22368765587946382
17.44,RL,0.49404701357365455,late_stance,4.017075895929134,14.11445381808135,0.8462382628042862,-1.3573100621994802,0.18626655730505814,-0.021526164941277688
17.44,RR,0.9940470135736545,swing,0.42274549408758016,13.5006978497726,1.0037883688025973,-1.3480395541208077,0.037393053622901816,0.19802103191984546
17.46,FL,0.9982136802403212,swing,-2.9514557104757304,7.17166303020217,-0.3148300289035352,-0.20013795077254276,-0.09730030074863247,-0.04274366506846564
17.46,FR,0.4982136802403212,late_stance,3.9541605277257097,11.422105633736184,0.9259964747645513,-1.243957162355251,0.13047070470887945,0.33667486976146155
17.46,RL,0.4982136802403212,late_stance,3.5752307265497363,13.911164148217088,0.7174863063629744,-1.2854915957341004,0.19759393906286118,0.09576851721478875
17.46,RR,0.9982136802403212,swing,0.13406574818178135,12.861029344774588,0.8805984610050206,-1.2421473569492993,0.14182112284020118,0.1898682725830582
17.48,FL,0.0023803469069878513,early_stance,-3.97267703479158,9.432441161926278,-0.4565873591550256,-0.2874832686424437,-0.16896681483594972,-0.06669107739076073
17.48,FR,0.5023803469069879,late_stance,3.4183170291265994,9.590049762438737,0.8354247901891272,-1.0496722996410905,0.1562763124058899,0.3188592983057235
17.48,RL,0.5023803469069879,late_stance,3.202907169172698,13.474450664228074,0.6150449567422992,-1.1964723594675637,0.17195262484355692,0.19879181753707234
17.48,RR,0.0023803469069878513,early_stance,0.07674552795408728,11.771360224871405,0.7963817399646467,-1.119218096246125,0.1833831521258365,0.1770858291316346
17.5,FL,0.006547013573654518,early_stance,-4.558814719265698,10.63814385437297,-0.5391839747582168,-0.32367540288041075,-0.2143216876582226,-0.08265159200628215
17.5,FR,0.5065470135736545,late_stance,2.906622480538585,9.176960935415,0.699672254004445,-0.9377869509958286,0.16806765812499994,0.23815215114075358
17.5,RL,0.5065470135736545,late_stance,2.6911525833831353,12.755876771760777,0.48602610151215453,-1.0677170489167527,0.12628880222057862,0.24890872659495247
17.5,RR,0.006547013573654518,early_stance,-0.17594424336492515,10.841343164764247,0.6638987998890035,-0.9833686714337473,0.19865315084846308,0.07718009163281354
17.52,FL,0.010713680240321186,early_stance,-5.048776033901017,11.723876746473314,-0.6178451559330911,-0.36306090587978634,-0.22063252419025484,-0.060236964613960615
17.52,FR,0.5107136802403212,late_stance,2.653991238951095,9.004230732437193,0.6311458134523141,-0.8787813550772411,0.1551880890373254,0.21566802146649033
17.52,RL,0.5107136802403212,late_stance,2.45836830577746,11.424879716704922,0.46455983139181434,-0.9520757659130994,0.1223996362162187,0.22358087494334863
17.52,RR,0.010713680240321186,early_stance,-0.6656302097691444,11.05150898105875,0.534646266721575,-0.9301960224001762,0.17121746436324092,0.03094214296066431
17.54,FL,0.014880346906987852,early_stance,-5.51033965170103,12.183122267466535,-0.7065161218539902,-0.3564869646883058,-0.21687818739268216,-0.038095624012010755
17.54,FR,0.5148803469069878,late_stance,2.2429273613643947,9.166122744352142,0.5055217601406251,-0.8138630578682619,0.12644044926642348,0.16160010460103758
17.54,RL,0.5148803469069878,late_stance,1.9395536593229308,10.518410860350949,0.3586839705470218,-0.8297301280775286,0.08478488893400285,0.20543234141416003
17.54,RR,0.014880346906987852,early_stance,-0.6764136621009769,11.104117688529854,0.5254577122331221,-0.9019246244291439,0.1679136548134103,-0.009458598866288796
17.56,FL,0.019047013573654518,early_stance,-5.377144270131953,12.2177749974314,-0.675975141557644,-0.3678833651026644,-0.19266435701596868,-0.057837766683687494
17.56,FR,0.5190470135736546,late_stance,2.1786407578819484,9.250524147689992,0.47822673673696603,-0.7942321673352546,0.12576990367805577,0.07144883385927386
17.56,RL,0.5190470135736546,late_stance,1.6415224323415671,9.898829776442238,0.28599400332814817,-0.7430308437743429,0.0572728589954855,0.16316703710942917
17.56,RR,0.019047013573654518,early_stance,-0.9671107033800812,11.222703833089462,0.4366497650458491,-0.85304661057946,0.12711294645065388,-0.04374343564183677
17.580000000000002,FL,0.023213680240321184,early_stance,-5.392896441999624,12.254444077503734,-0.6957165536617161,-0.36613901952319744,-0.14984112597066562,-0.034586925271189596
17.580000000000002,FR,0.5232136802403212,late_stance,2.0183263903073687,10.096203820322964,0.3842683579718468,-0.8035297321780223,0.08626932418546557,0.06617802026996733
17.580000000000002,RL,0.5232136802403212,late_stance,1.547482802363232,9.130449970885541,0.2823491684915973,-0.6783348364264321,0.04959776465363348,0.12722579223723152
17.580000000000002,RR,0.023213680240321184,early_stance,-1.2300951048146638,11.721882353838225,0.3777612830199364,-0.8657827637918027,0.09501020080426481,-0.05790489420111731
17.6,FL,0.027380346906987853,early_stance,-5.066704998465942,11.686972616298169,-0.6466123516331013,-0.34888538892842524,-0.11976102188892461,-0.04433023384161991
17.6,FR,0.5273803469069879,late_stance,1.9455986715710882,10.482603267385597,0.3540911933107348,-0.8137676980201685,0.0726892247289852,0.02119769828110717
17.6,RL,0.5273803469069879,late_stance,1.6471011423563127,9.612107114749833,0.26669497965214706,-0.7137997753048242,0.032349174162486415,0.13730857546729466
17.6,RR,0.027380346906987853,early_stance,-1.0681216825848796,11.604638354386363,0.41315330010090134,-0.8754514518877959,0.08435309307675104,-0.06482528815144599
17.62,FL,0.03154701357365452,early_stance,-4.751765011882426,11.605098888894107,-0.5804109446658428,-0.3793106453984779,-0.08840534249232529,-0.04436718393736127
17.62,FR,0.5315470135736545,late_stance,1.871841341069282,10.777006188160083,0.31084772023252805,-0.8168247765085972,0.05003829290667193,0.04900599702796573
17.62,RL,0.5315470135736545,late_stance,1.5526040012712181,9.454401919853549,0.24564368342766563,-0.680227828641331,0.029076651485198862,0.09608591404901083
17.62,RR,0.03154701357365452,early_stance,-1.1399664022827856,11.645754690249438,0.3839691053218083,-0.8589882105173086,0.07456867942704284,-0.08614231724403308
17.64,FL,0.035713680240321184,early_stance,-4.295350897106072,11.085260310514562,-0.49303299433910774,-0.3875553919339989,-0.06175130129312394,-0.03956471214150808
17.64,FR,0.5357136802403212,late_stance,1.8302385297771884,11.058565650215282,0.2783975569123822,-0.8213391920680688,0.037707888235938854,0.05794317181512671
17.64,RL,0.5357136802403212,late_stance,1.7537651483947572,9.780378294568898,0.2796088719114668,-0.7237520190547813,0.0310069560522116,0.08025057620599453
17.64,RR,0.035713680240321184,early_stance,-1.0322964118803257,11.69935211800562,0.4037012456197856,-0.8746869693226701,0.07789279380053145,-0.11707825800822094
17.66,FL,0.03988034690698785,early_stance,-4.15647582929548,11.184501992872418,-0.45972774888983414,-0.4138979345687293,-0.05114145449014902,-0.04497594441291859
17.66,FR,0.5398803469069878,late_stance,2.067779257356609,10.483905673649076,0.3591698414334348,-0.8227224100715369,0.0448676140692951,0.05641592259857546
17.66,RL,0.5398803469069878,late_stance,1.7689251715631675,10.185457178176057,0.25418443486601144,-0.7372444486633655,0.02758380762559742,0.060341797478596734
17.66,RR,0.03988034690698785,early_stance,-0.8276939849093772,11.662635504821008,0.448115241999931,-0.8967346916906687,0.07684200685413119,-0.09827834339418814
17.68,FL,0.044047013573654516,early_stance,-3.602177646551552,10.921355218821406,-0.3288620848592817,-0.4584337569998698,-0.03930955644333592,-0.05978222119763147
17.68,FR,0.5440470135736545,late_stance,2.0471684364091054,10.528927595665838,0.3344488257690958,-0.8166935589816886,0.03828679832482039,0.06722049788784791
17.68,RL,0.5440470135736545,late_stance,1.9032002778329644,10.504810672796056,0.2728178422225894,-0.7721017017384756,0.03285217558318101,0.038197552458407245
17.68,RR,0.044047013573654516,early_stance,-0.8048159867554807,11.67721400204853,0.44731258652870975,-0.9010916128804858,0.07085935815452486,-0.07988045913241419
17.7,FL,0.04821368024032118,early_stance,-3.5158894480491316,10.828481636051391,-0.31765828944280744,-0.45972506309749916,-0.040429725376839934,-0.06564486130773282
17.7,FR,0.5482136802403211,late_stance,2.2436770416672234,10.671166811320669,0.37391450530430204,-0.8530040185747529,0.03808095964533022,0.08277472950888819
17.7,RL,0.5482136802403211,late_stance,1.9011329882141121,10.813275077647765,0.24882546987467669,-0.7814217678486446,0.027522694524680605,0.0489397556312322
17.7,RR,0.04821368024032118,early_stance,-0.8719179747380308,11.44039753306681,0.4128802830851218,-0.8769151948132511,0.05621036577786451,-0.049910064088232654
17.72,FL,0.05238034690698785,early_stance,-3.2661108279807305,10.764137705891285,-0.26283747373271427,-0.484907146400009,-0.03643202135695313,-0.07846766418352354
17.72,FR,0.5523803469069879,late_stance,2.2096216056088234,10.619335269674442,0.35538282436828705,-0.8380258084988033,0.0369007354268614,0.08199080517713399
17.72,RL,0.5523803469069879,late_stance,2.098023190572509,11.677792801285255,0.2517166755233783,-0.8566769429279311,0.020780910629037367,0.09410984638180502
17.72,RR,0.05238034690698785,early_stance,-0.4491802123399886,10.830505520895121,0.49625251550270333,-0.862499788753016,0.07038015767375816,-0.053093461153817585
17.740000000000002,FL,0.05654701357365451,early_stance,-2.9203990190509863,10.823594160449435,-0.17005905446859948,-0.5355142044481866,-0.027023031556278054,-0.08054076681506103
17.740000000000002,FR,0.5565470135736545,late_stance,2.067651867018664,10.405233034249113,0.3268355030540147,-0.8048591227503974,0.03640877934650112,0.09112756458677594
17.740000000000002,RL,0.5565470135736545,late_stance,1.9763757193051263,11.2988947176519,0.23558092275710396,-0.8126045205110387,0.02280144337051713,0.0986242877741126
17.740000000000002,RR,0.05654701357365451,early_stance,-0.5932924164175185,11.266220139133212,0.4632354157241865,-0.8968851589943851,0.07177974031806059,-0.040170928756471436
17.76,FL,0.060713680240321186,early_stance,-3.004124015907165,11.044893029085816,-0.1852223894909123,-0.5458982664571225,-0.030937242258634357,-0.06081981433048298
17.76,FR,0.5607136802403212,late_stance,1.9248393233615784,10.234710939732798,0.2885630313990929,-0.7687759906910667,0.03561268889983694,0.09471287784247062
17.76,RL,0.5607136802403212,late_stance,2.0833012315666055,11.049634773665392,0.27940070335520245,-0.8173070051869603,0.04011376171720694,0.06979540898904825
17.76,RR,0.060713680240321186,early_stance,-0.7228278772103958,11.219734847228342,0.4220417548592626,-0.8574037713144915,0.0807195329198483,-0.06816263158365798
17.78,FL,0.06488034690698785,early_stance,-2.7552120191439906,10.964712279294181,-0.12307598647652976,-0.5665606491208439,-0.02465090794953242,-0.09232140173462088
17.78,FR,0.5648803469069879,late_stance,2.072036977358194,10.034746648515007,0.3364335607674891,-0.7786366919565842,0.050199137268847824,0.06243079907676791
17.78,RL,0.5648803469069879,late_stance,1.9024081741477064,11.16398539940714,0.22730201290555938,-0.8058390511328175,0.03186524134556493,0.07984276811139777
17.78,RR,0.06488034690698785,early_stance,-0.7919125575779234,11.271313844142135,0.39781524666722917,-0.8541533933077011,0.07315945621138324,-0.0574625254659823
17.8,FL,0.06904701357365452,early_stance,-2.8877137516062215,11.337730147737194,-0.15101729008403203,-0.5842336965335355,-0.02862417806873847,-0.06662622090775634
17.8,FR,0.5690470135736545,late_stance,1.9349452693575622,10.154368052504207,0.2792202749055619,-0.7566649437724667,0.04205179196596025,0.07871019021926799
17.8,RL,0.5690470135736545,late_stance,1.7959585684791597,11.310153483120887,0.19361827592733777,-0.8025924944650975,0.024473259144100683,0.114256636994238
17.8,RR,0.06904701357365452,early_stance,-0.5294153115137255,11.130670857485564,0.4558242776645145,-0.8669117213407986,0.09523378844534104,-0.07229788337192192
17.82,FL,0.07321368024032118,early_stance,-2.779878273596082,11.35614351154168,-0.125291470260212,-0.5975886820433194,-0.02403632618867575,-0.06210819962077438
17.82,FR,0.5732136802403212,late_stance,1.7575781326285378,10.219318880095978,0.22610744915120445,-0.7310590158171044,0.033921035944316016,0.08069723515398021
17.82,RL,0.5732136802403212,late_stance,1.6807522880060366,10.94959144796976,0.17871269219616814,-0.766640647325151,0.019776243906970418,0.13531019488104043
17.82,RR,0.07321368024032118,early_stance,-0.6641426762521858,11.200854178448989,0.41269281933837487,-0.8598351329057119,0.08543116319717059,-0.05681635695805124
17.84,FL,0.07738034690698785,early_stance,-2.64415166431396,11.207431367535557,-0.10369921152774006,-0.5985411580974195,-0.020075010388364924,-0.04918725108543604
17.84,FR,0.5773803469069878,late_stance,1.7922001678193813,10.823555253927976,0.19737447267631475,-0.7656058227970813,0.024679857789771144,0.12523717218795438
17.84,RL,0.5773803469069878,late_stance,1.4534123031485922,10.655848944380898,0.13333903507342237,-0.7199949345661188,0.017257245937491082,0.11273838820262597
17.84,RR,0.07738034690698785,early_stance,-0.80117632452166,11.264224721140101,0.37116468217437826,-0.8473187184938513,0.07748851238259391,-0.049020483961426206
17.86,FL,0.08154701357365451,early_stance,-2.588319410941354,11.084665342100086,-0.10050170100910288,-0.5891550176960192,-0.021528670682890605,-0.0719754634300407
17.86,FR,0.5815470135736545,late_stance,1.5238796652352857,10.581340299465625,0.1559534386471425,-0.7235094785683598,0.02126213185473005,0.09863299847816524
17.86,RL,0.5815470135736545,late_stance,1.6381732820338046,10.289853603046867,0.19895502980068097,-0.7298819230394163,0.026566715584985523,0.1066298591648412
17.86,RR,0.08154701357365451,early_stance,-0.9077791716750605,11.315114432797102,0.3387497664787542,-0.8299520569209595,0.06823219092443572,-0.0442086778189729
17.88,FL,0.08571368024032118,early_stance,-2.7601334898851073,11.55020369096369,-0.13436947153343737,-0.6081592004292875,-0.027109551619103504,-0.06316843970296802
17.88,FR,0.5857136802403212,late_stance,1.632347573655766,10.093008885611352,0.2085992616165515,-0.7136183990392511,0.03137843223710129,0.0745148950341444
17.88,RL,0.5857136802403212,late_stance,1.4501029683378786,10.180356713742801,0.14939462210030519,-0.696896914511647,0.020657426167570964,0.09477856672534853
17.88,RR,0.08571368024032118,early_stance,-0.8022499150175807,11.500623018673295,0.36634626002662907,-0.8585693730620001,0.07151541228364225,-0.039834547882044685
17.900000000000002,FL,0.08988034690698785,early_stance,-2.4370717654591254,11.414541644335428,-0.058136260052677746,-0.6331615861224353,-0.011685905687424855,-0.0714354621331861
17.900000000000002,FR,0.5898803469069879,late_stance,1.5093765468714568,10.460964906389465,0.14925622581172482,-0.7143035745362335,0.022685609641513126,0.06627259415159942
17.900000000000002,RL,0.5898803469069879,late_stance,1.3539265570353742,10.290014196094424,0.12330848003427365,-0.6965823991062227,0.014573728941570722,0.10737915565750741
17.900000000000002,RR,0.08988034690698785,early_stance,-0.8561725185340902,11.429869562327632,0.3383416835803337,-0.8437875567693456,0.06398059349427547,-0.0380165755410288
17.92,FL,0.09404701357365451,early_stance,-2.5197784812788764,11.659788569160394,-0.08124325339441779,-0.6424554040250775,-0.015271748863373165,-0.059762847733573696
17.92,FR,0.5940470135736545,late_stance,1.3705931986029836,10.45446032733092,0.11075035315934091,-0.6912771421861628,0.015388099794386396,0.07134454566573571
17.92,RL,0.5940470135736545,late_stance,1.2816001669287673,10.139326510961705,0.11167603634039709,-0.6776882493521929,0.011668676054934029,0.11309761965809538
17.92,RR,0.09404701357365451,early_stance,-0.8863136016172165,11.308140829551567,0.31741598405546845,-0.8239110929209169,0.05837879721266262,-0.03706325939095557
17.94,FL,0.09821368024032118,early_stance,-2.33250957908896,11.427550591338925,-0.047429369417531786,-0.6422692830261219,-0.008756190649318974,-0.052003838526719595
17.94,FR,0.5982136802403212,late_stance,1.3163516596760272,10.777456386077391,0.08072209023259196,-0.7038206065997656,0.010132383564537556,0.09058430119232341
17.94,RL,0.5982136802403212,late_stance,1.2516850437130678,10.393589149707775,0.08511709821082536,-0.6831441504122208,0.009463740556142798,0.10601341242915019
17.94,RR,0.09821368024032118,early_stance,-0.7879963341375016,11.034992475308306,0.32321537477170637,-0.794532352989106,0.06793672497317074,-0.07021191861277354
17.96,FL,0.10238034690698784,early_stance,-2.1862480694209725,11.363572913663393,-0.019798986719789857,-0.6521871847602628,-0.0036814146476894906,-0.05639304002814484
17.96,FR,0.6023803469069878,late_stance,1.256823208554311,10.85345229097236,0.06111865956109247,-0.6970560560719818,0.006980451547907378,0.09963219037398521
17.96,RL,0.6023803469069878,late_stance,1.097705937390923,10.133298061924238,0.05672577547260611,-0.6441819641383352,0.006390419578847081,0.09132433948290075
17.96,RR,0.10238034690698784,early_stance,-0.9035559143886913,11.162143710798588,0.2876785677573911,-0.7951291922869363,0.056987481382722735,-0.05623598467408272
17.98,FL,0.10654701357365451,early_stance,-2.0249490942854615,11.397530667519572,0.015433369508117023,-0.6724761268785745,0.0027839313442116873,-0.06483371011671302
17.98,FR,0.6065470135736545,late_stance,1.147102058260889,10.838581058386739,0.03370925510644357,-0.6819701937681857,0.003906984460782338,0.07737022819049354
17.98,RL,0.6065470135736545,late_stance,1.1097252955089372,10.20085661325473,0.04957831676581774,-0.6483668124388478,0.004564633209136208,0.09886746244405982
17.98,RR,0.10654701357365451,early_stance,-0.8519930463911354,11.102586047639114,0.29288808324718735,-0.8028795185706233,0.048461893636420866,-0.027011243269507736
18.0,FL,0.11071368024032117,early_stance,-2.050564499505374,11.1730699210009,-0.005507179574782306,-0.6449168873470988,-0.0010009706674654567,-0.06927090155368558
18.0,FR,0.6107136802403211,late_stance,1.1743404114544473,11.236681414479854,0.014602603696585156,-0.7044821912086424,0.0015409789100275509,0.0873097893911409
18.0,RL,0.6107136802403211,late_stance,1.0306193319080916,10.040604878181092,0.0297139055969039,-0.6200366572730857,0.0030098306570887252,0.07953125938127871
18.0,RR,0.11071368024032117,early_stance,-0.8583375449733383,11.032206218787012,0.28023624192992674,-0.7875853357818002,0.04700383835085284,-0.03463800468799824
18.02,FL,0.11488034690698784,early_stance,-1.9170192541496687,11.360435008640371,0.02701248253622987,-0.6770248055866727,0.004904542456259551,-0.07670943464018348
18.02,FR,0.6148803469069879,late_stance,1.3226014948502174,10.609812235896111,0.08838084890829606,-0.6949397043464333,0.01089390302254628,0.06506280394262276
18.02,RL,0.6148803469069879,late_stance,1.3462798776223344,10.68585111561215,0.06592360257170926,-0.6983180272604896,0.0062420060186048265,0.09411938254632471
18.02,RR,0.11488034690698784,early_stance,-0.695275754457781,10.952473146881955,0.3103475768078855,-0.7908450352756659,0.05529793547041024,-0.050616088791011156
18.04,FL,0.1190470135736545,early_stance,-1.8062715818400588,11.419856537811715,0.05171748464547549,-0.694196219034193,0.00970804725783365,-0.07215406881223466
18.04,FR,0.6190470135736545,late_stance,1.16380466667643,10.757217536035315,0.04249397259503335,-0.6888437353401835,0.00552503437732016,0.06461265442452836
18.04,RL,0.6190470135736545,late_stance,1.1894011514396923,10.193444921219104,0.04949080372418131,-0.643289949052418,0.004933438783963954,0.09148670053683747
18.04,RR,0.1190470135736545,early_stance,-0.7695746239076223,11.250031579476735,0.2943924513803167,-0.8146272624681603,0.050874735582245374,-0.03296563347475635
18.06,FL,0.12321368024032119,early_stance,-1.8090473705824188,11.249451459919374,0.03758433632733929,-0.6804180406243315,0.006626993951413549,-0.04710804375379934
18.06,FR,0.6232136802403212,late_stance,1.266155329181081,11.35223667808239,0.030388407054532066,-0.7361629180847002,0.0031021631840381677,0.10900443847634086
18.06,RL,0.6232136802403212,late_stance,1.170866831135084,10.303314585651169,0.03346998727531328,-0.6430268903089396,0.0032962536487738583,0.09788821075563063
18.06,RR,0.12321368024032119,early_stance,-0.7859852111821424,11.053979269469897,0.2759359965589981,-0.78919135360051,0.04890727469376685,-0.0305241050429527
18.080000000000002,FL,0.12738034690698785,early_stance,-1.501803942759968,11.126381499859036,0.11081413079149222,-0.7016882080769462,0.021649233194553686,-0.06918047813468765
18.080000000000002,FR,0.6273803469069879,late_stance,1.098941697063835,11.001698477998001,0.00731979237081426,-0.6907134977397129,0.0008214941624862627,0.09169216812274582
18.080000000000002,RL,0.6273803469069879,late_stance,1.1605159351381213,10.252921201572818,0.023788261052069104,-0.6317353860328739,0.0022541087965667777,0.10122621735019605
18.080000000000002,RR,0.12738034690698785,early_stance,-0.8273239723747733,10.959170896423808,0.25354364561830534,-0.7683743439298529,0.045784135987274883,-0.03289103722763919
18.1,FL,0.13154701357365453,early_stance,-1.6158157962485722,11.32494411211596,0.07697622337865992,-0.7018438256097336,0.015036344917135134,-0.05534975079422451
18.1,FR,0.6315470135736545,late_stance,1.0520501200421433,11.056234891550085,-0.011962335316042128,-0.6849059135637643,-0.0012624601206036082,0.10568441161809468
18.1,RL,0.6315470135736545,late_stance,1.0332352691780569,10.096115904924378,-0.010555965701743886,-0.5959571816365415,-0.0012017507437824416,0.0835218981695585
18.1,RR,0.13154701357365453,early_stance,-0.7021165824147327,11.043469927397673,0.2826381130720219,-0.792180738396143,0.052554573483563245,-0.029375932236726573
18.12,FL,0.1357136802403212,early_stance,-1.703779976841839,11.548770614534261,0.053851552188487195,-0.7067672328290655,0.010061911476877222,-0.05763739221088925
18.12,FR,0.6357136802403212,late_stance,0.9606865778748019,10.968588526783133,-0.04132036230857797,-0.6570101207210322,-0.004720229201891672,0.0826123013933072
18.12,RL,0.6357136802403212,late_stance,1.161928800086787,10.511030292235057,-0.012569540212218039,-0.6324402771952554,-0.0010321905827550815,0.1121424960729072
18.12,RR,0.1357136802403212,early_stance,-0.6901618380733133,10.675465731914676,0.26460689564116857,-0.7624639176247611,0.046555347208572885,-0.022445309211004506
18.14,FL,0.1398803469069879,early_stance,-1.328439643057092,11.332478248686545,0.14323728977770603,-0.7337244613178309,0.02684362359374275,-0.04378569180375418
18.14,FR,0.6398803469069879,late_stance,0.94023127679931,11.167414227454131,-0.06492524985101836,-0.6611923298954063,-0.007191460126826928,0.09533016414349914
18.14,RL,0.6398803469069879,late_stance,1.1021055033982332,10.292363337413649,-0.019432937016171686,-0.6049474686876426,-0.0018236784030605105,0.10577050469668328
18.14,RR,0.1398803469069879,early_stance,-0.8190867036477614,10.626629108050727,0.21973241526579484,-0.7182989981507338,0.044700226202465,-0.048785994732887784
18.16,FL,0.14404701357365457,early_stance,-1.495492209949179,11.305505187789235,0.08637084476402893,-0.7037317488634215,0.018647668563218006,-0.06534902003053504
18.16,FR,0.6440470135736546,late_stance,1.0191483190734165,10.963454635393353,-0.039402241582547196,-0.6559321998456532,-0.004731183034120995,0.09532549586523409
18.16,RL,0.6440470135736546,late_stance,1.0239101505594737,10.090899133339594,-0.02049043544833716,-0.5906270997251737,-0.002705464848261425,0.07411748938797022
18.16,RR,0.14404701357365457,early_stance,-0.5953845334258947,10.892229651852261,0.280678734033298,-0.7669524032520565,0.060396315313183783,-0.05478912446959971
18.18,FL,0.14821368024032125,early_stance,-1.4636224387918042,11.523126836926004,0.09184624112307402,-0.7236541644409631,0.0197184571426353,-0.06789487809720658
18.18,FR,0.6482136802403212,late_stance,0.9758483424616511,11.165979880302364,-0.06994866900004214,-0.6543687522680839,-0.00817699579294035,0.10012054655770833
18.18,RL,0.6482136802403212,late_stance,1.0029357596860864,10.222471697399483,-0.045410039248259496,-0.5866839613621463,-0.0050326827042933234,0.0925738111771754
18.18,RR,0.14821368024032125,early_stance,-0.6970219717809205,10.749191143452803,0.24016904499608385,-0.7475724309086837,0.04938523442754407,-0.036698043040348065
18.2,FL,0.15238034690698793,early_stance,-1.4075066197942327,11.673162665271953,0.10211690976951626,-0.7400395688694126,0.021892584905468273,-0.07154090254001322
18.2,FR,0.652380346906988,late_stance,0.8644496204322215,11.088003878341672,-0.10574209397913525,-0.6232396842698663,-0.013200944315861291,0.08151465705286151
18.2,RL,0.652380346906988,late_stance,1.0372366041907346,10.155768448732317,-0.03609155844513748,-0.5866430551495339,-0.0030135525163122894,0.11687631601005688
18.2,RR,0.15238034690698793,early_stance,-0.7508277279734693,10.55252743723657,0.2125634623416942,-0.7189437146768602,0.04179108967633837,-0.028560609761310172
18.22,FL,0.1565470135736546,early_stance,-1.4717842267876204,11.816401875374481,0.0816179623019525,-0.7508839916583812,0.01589651690826981,-0.033531412732767066
18.22,FR,0.6565470135736546,late_stance,0.8405215416177985,11.129518388932851,-0.1272111196882807,-0.613939247367405,-0.014227345373246034,0.09771620169483984
18.22,RL,0.6565470135736546,late_stance,0.9798933402159039,9.964639046638649,-0.051059115958169754,-0.5604584587335192,-0.004907104139308784,0.10630093326457853
18.22,RR,0.1565470135736546,early_stance,-0.644581342732632,10.63490508676722,0.23534134038775592,-0.738204667863362,0.04697866343242756,-0.024937775964247084
18.240000000000002,FL,0.1607136802403213,early_stance,-1.3841410451287506,11.758157956061414,0.09606311108277985,-0.7430737755730904,0.019687196660080914,-0.04573163277212321
18.240000000000002,FR,0.6607136802403213,late_stance,0.7778544974539455,11.11820210395753,-0.1475818536540975,-0.5984916496765728,-0.01641186286692134,0.09665654076659806
18.240000000000002,RL,0.6607136802403213,late_stance,0.9259388439752838,9.828076823335351,-0.06716321896574043,-0.5378750489074535,-0.006543658898384084,0.1005338831148819
18.240000000000002,RR,0.1607136802403213,early_stance,-0.7475386130805034,10.573681757889418,0.1967563217702406,-0.7138987270349709,0.03969873913993331,-0.02576809211086709
18.26,FL,0.16488034690698797,early_stance,-1.3326686437193958,11.857644415842392,0.10203024198449095,-0.7532715789150964,0.021740686221368183,-0.05787174725226491
18.26,FR,0.6648803469069879,late_stance,0.768173696532946,11.216062215011858,-0.16691582312937447,-0.5920671449389248,-0.01783247824646385,0.09582422973147288
18.26,RL,0.6648803469069879,late_stance,0.7787545103001529,9.536382363472814,-0.09835452965502489,-0.49336287019929576,-0.01098235518873014,0.07805324158793116
18.26,RR,0.16488034690698797,early_stance,-0.8060994916982621,10.724212309605033,0.17684869488812166,-0.7222619068558331,0.033332057158713166,-0.014404873370385271
18.28,FL,0.16904701357365465,early_stance,-1.3628528585224957,12.069712411776656,0.09110731315845016,-0.770875169601084,0.016739754894402627,-0.0346147793084861
18.28,FR,0.6690470135736546,late_stance,0.6979306005153222,11.254135344785707,-0.178839619210026,-0.5919374002485627,-0.017826909616416788,0.09045081645208972
18.28,RL,0.6690470135736546,late_stance,0.8014494535617865,10.039078835891646,-0.1409216081681452,-0.5105731536555572,-0.009993516584665943,0.10224155608433784
18.28,RR,0.16904701357365465,early_stance,-0.7814097173998907,10.255723748491896,0.16400158954281588,-0.6821786129261573,0.028737823238824328,-0.011421793993046487
18.3,FL,0.17321368024032133,early_stance,-1.2202591585449827,11.915253396114226,0.11525298251235147,-0.7643496952603895,0.022426323840215298,-0.04699536368394413
18.3,FR,0.6732136802403214,late_stance,0.833082423894428,11.113428356520876,-0.1464074214860474,-0.5983919784977111,-0.01577416774806717,0.08662983033278793
18.3,RL,0.6732136802403214,late_stance,0.7327515122859279,9.641697197615015,-0.13580262292018097,-0.475853982288141,-0.010753663088315204,0.09018831436015122
18.3,RR,0.17321368024032133,early_stance,-0.6612123521019649,10.523249786402374,0.19332689433482586,-0.7070430114961312,0.03596336288097628,-0.021537618170080798
18.32,FL,0.177380346906988,early_stance,-1.1471764647666973,11.85621012869628,0.1227703943498814,-0.7642350330745717,0.025567259084176352,-0.052758189689904186
18.32,FR,0.677380346906988,late_stance,0.683280137554337,11.3655321973118,-0.21262526383579844,-0.5768795244858186,-0.0211973784383101,0.09630338857086182
18.32,RL,0.677380346906988,late_stance,0.8309274175396804,9.539329352879726,-0.11136324821344082,-0.4790808870411368,-0.011589010677502223,0.07799912475130855
18.32,RR,0.177380346906988,early_stance,-0.7745446120416268,10.547059874282926,0.15447723452711398,-0.6889084239511537,0.03040362524277907,-0.02715991617782423
18.34,FL,0.1815470135736547,early_stance,-1.2138924844267913,12.095626997719396,0.10241783826953854,-0.7794334179744222,0.01957091778474352,-0.03145963183533374
18.34,FR,0.6815470135736547,late_stance,0.6480645608245795,11.23856075783142,-0.21985624358712078,-0.5611320957281021,-0.020530377723259226,0.09456112724391726
18.34,RL,0.6815470135736547,late_stance,0.7986689464779199,9.463071275678386,-0.12500176234521346,-0.4639505519759136,-0.01199563674257353,0.08034292008133725
18.34,RR,0.1815470135736547,early_stance,-0.7932384451121274,10.537273933402144,0.14256626854032808,-0.6902364411028258,0.025551381175087654,-0.010685892508352621
18.36,FL,0.18571368024032137,early_stance,-1.2913291993015668,11.877938223233906,0.06970634508917367,-0.7367550730516451,0.013854657517333498,-0.0575130708668705
18.36,FR,0.6857136802403214,late_stance,0.697402029361968,11.47891327187395,-0.2344655118563394,-0.5690197426744885,-0.022781541054066462,0.08509014219783262
18.36,RL,0.6857136802403214,late_stance,0.8980105141195603,9.57347945550762,-0.11302203690845,-0.4800587979031975,-0.008121415988972739,0.09414187396840687
18.36,RR,0.18571368024032137,early_stance,-0.7920964134100419,10.241702476655613,0.1287796188715294,-0.6555004022651049,0.022456715492036695,-0.014199662413904784
18.38,FL,0.18988034690698805,early_stance,-1.1548265175194479,12.055600075390824,0.09905305223642136,-0.7668530757151673,0.01923052011645286,-0.04400218136251133
18.38,FR,0.6898803469069881,late_stance,0.6735651174248034,11.339928810113575,-0.24180419567950873,-0.5511929158217009,-0.022640691032541085,0.09070983558146195
18.38,RL,0.6898803469069881,late_stance,0.873258084081072,9.489936826002436,-0.12375922313807702,-0.46423083487756733,-0.010859973212431942,0.08330249315827139
18.38,RR,0.18988034690698805,early_stance,-0.6669085853826792,10.391970927755944,0.15654420968686658,-0.6787477000921102,0.029039870351901517,-0.01989551317453216
18.400000000000002,FL,0.19404701357365473,early_stance,-1.0776368021962455,12.077945581141439,0.1105964285637166,-0.7740013710045297,0.022610860097234647,-0.057557598226719325
18.400000000000002,FR,0.6940470135736547,late_stance,0.6847176587556695,11.51960127171171,-0.2608460483882096,-0.5508029106002889,-0.026179810265312065,0.08595617585836732
18.400000000000002,RL,0.6940470135736547,late_stance,0.6766969270219811,9.650805882943336,-0.18112364172258133,-0.444071517686043,-0.015088755917151067,0.08044612139173431
18.400000000000002,RR,0.19404701357365473,early_stance,-0.7627607639830697,10.028487745279875,0.11679596313009871,-0.618967165117185,0.02332406443198134,-0.033209790604214424
18.42,FL,0.1982136802403214,early_stance,-1.1261615072729747,12.010944604766868,0.08633180236863075,-0.7586572245325984,0.016642405206233873,-0.04475445102711814
18.42,FR,0.6982136802403214,late_stance,0.8060805105037746,11.769446709416254,-0.25633927055483186,-0.5718569013150625,-0.020793408177889414,0.10593396576225622
18.42,RL,0.6982136802403214,late_stance,0.7710907131424715,9.669950907278244,-0.16604949918155595,-0.4537224539024472,-0.010887202005977478,0.09282248358813616
18.42,RR,0.1982136802403214,early_stance,-0.824115077520507,10.013230842131739,0.102654056447996,-0.6309095567213572,0.018801253805027375,-0.018530814153969073
18.44,FL,0.20238034690698808,early_stance,-1.1700127439235906,12.16290384201065,0.0695091001955433,-0.7691592571256908,0.012818186380453924,-0.026343166270768655
18.44,FR,0.702380346906988,swing,0.7494895667792838,11.474156511808722,-0.26102307322296375,-0.5420844898424743,-0.0226088994666012,0.09989686528264619
18.44,RL,0.702380346906988,swing,0.7275645093579686,9.476747170275642,-0.17288522809568685,-0.43147817088720286,-0.01396063645819359,0.0812648232770882
18.44,RR,0.20238034690698808,early_stance,-0.702913683767854,10.102151620370208,0.13019049994888984,-0.6490316524673768,0.024557708377682147,-0.018727115828725584
18.46,FL,0.20654701357365476,early_stance,-0.8751461978572832,12.041667226229583,0.13917557364551747,-0.784414142916573,0.027970937353676784,-0.0613138338359457
18.46,FR,0.7065470135736548,swing,0.5735925939802171,11.699317458038905,-0.33626579755606945,-0.5104300524445113,-0.033643667799500114,0.07330838920150372
18.46,RL,0.7065470135736548,swing,0.598185186370482,9.452102694992917,-0.21489745650393308,-0.402064488907782,-0.014815044867642277,0.07659603057440048
18.46,RR,0.20654701357365476,early_stance,-0.7346221530435881,9.91628455826472,0.11014526162615959,-0.622281751959413,0.02013696869630445,-0.020861635627339885
18.48,FL,0.21071368024032144,early_stance,-0.9333723968915772,12.403336197755756,0.1166559677636047,-0.8100183228191914,0.02201280682613307,-0.038257702881898635
18.48,FR,0.7107136802403214,swing,0.7168834147887921,11.551527292879177,-0.29818262839538845,-0.5200539720735619,-0.029341179035925487,0.07538548018148429
18.48,RL,0.7107136802403214,swing,0.5854778613334203,9.316932785270062,-0.21755630845897614,-0.3878162631226565,-0.016763753826961648,0.0696748668258861
18.48,RR,0.21071368024032144,early_stance,-0.7654973411814826,10.118625517057847,0.09705498899276535,-0.6361418431444738,0.017129746697220536,-0.015391565166700065
18.5,FL,0.21488034690698812,early_stance,-0.9672778082481684,12.458043603153921,0.09998702422111455,-0.8124891169122127,0.018163430400206466,-0.017562974584898503
18.5,FR,0.7148803469069881,swing,0.689234064670402,11.437288407992904,-0.30855746019496105,-0.503225821695406,-0.029470877138120414,0.08092076382187822
18.5,RL,0.7148803469069881,swing,0.8025084972604695,9.335645859751114,-0.17017921859735707,-0.41703918721681477,-0.013800629477312896,0.0779454760352835
18.5,RR,0.21488034690698812,early_stance,-0.8472552392930565,10.089331056508264,0.06793210985038683,-0.6126305365932829,0.012647721385091449,-0.02097397073193334
18.52,FL,0.2190470135736548,early_stance,-0.9024756548473397,12.613088812717958,0.1117855229699879,-0.8137038573461651,0.022525953258773143,-0.04838374707048988
18.52,FR,0.7190470135736549,swing,0.6254761717268864,11.135489685464686,-0.29296662826061404,-0.4913194207173329,-0.03530669531178658,0.05553355245579051
18.52,RL,0.7190470135736549,swing,0.5674053156600544,8.985850248933655,-0.21732015330234217,-0.35806975920516027,-0.024872393294834278,0.046461649137027945
18.52,RR,0.2190470135736548,early_stance,-0.7378323765934421,10.426454940526442,0.09554046603063779,-0.6478793741484772,0.01791922532976658,-0.027828654406167795
18.54,FL,0.22321368024032148,early_stance,-0.8217325967569067,13.118810931647932,0.12984340629737745,-0.863224014041609,0.02601698133725277,-0.05309764807263736
18.54,FR,0.7232136802403215,swing,0.39491972704586326,10.949208349012343,-0.35445445689668287,-0.4365993813711743,-0.05056447503291311,0.022134838298603896
18.54,RL,0.7232136802403215,swing,0.4679407177444402,8.527591703632725,-0.21570149615291678,-0.3207927326663949,-0.029444008477776965,0.02684772287931209
18.54,RR,0.22321368024032148,early_stance,-0.7720726685954804,10.844020745762352,0.0846581313478765,-0.6776484723333792,0.014598800978822655,-0.0257810781631501
18.56,FL,0.22738034690698816,early_stance,-1.0500520927763397,13.728701878670794,0.0879691790002316,-0.8892092477658563,0.018170921891073447,-0.08597602754215167
18.56,FR,0.7273803469069882,swing,0.25321502231483484,10.080554359664498,-0.3263824467920418,-0.3357702963393469,-0.05797149768381291,-0.015705137460585522
18.56,RL,0.7273803469069882,swing,0.10583356831499723,7.7307355374973685,-0.2519299273755383,-0.19698811082794146,-0.04432475659694468,-0.00025922155926191506
18.56,RR,0.22738034690698816,early_stance,-0.8096095496393754,11.265631700357291,0.07533291532524125,-0.6871019506645549,0.01242980719617116,-0.04669846108128377
18.580000000000002,FL,0.23154701357365484,early_stance,-0.924945853097342,14.418914389181506,0.12082887528361153,-0.9579422847566093,0.022885058121661004,-0.0850453740205743
18.580000000000002,FR,0.7315470135736548,swing,0.28523554789875244,9.970361134339083,-0.3340611690334232,-0.3291636735918113,-0.06788605482843142,-0.04244636380616372
18.580000000000002,RL,0.7315470135736548,swing,0.1836228216589603,7.571529873338496,-0.23475604131821484,-0.18995426028947776,-0.054780277015467886,-0.0226630204698444
18.580000000000002,RR,0.23154701357365484,early_stance,-0.6132627595515775,12.098574279958024,0.12841902761725812,-0.7756871644500485,0.02007046024050592,-0.07436175638967493
18.6,FL,0.23571368024032152,early_stance,-0.9992487483194749,15.439454221482947,0.10834455781358426,-1.0281554749246409,0.018727216468962596,-0.09605858882429484
18.6,FR,0.7357136802403215,swing,0.14607083035084206,8.910035908575173,-0.2947684357462695,-0.2660030941562447,-0.06795444813300221,-0.06198020978762016
18.6,RL,0.7357136802403215,swing,-0.3248327223624179,6.551607081785966,-0.29114275893783814,-0.07196201955987613,-0.07948047117716812,-0.015824150004640537
18.6,RR,0.23571368024032152,early_stance,-0.7133545057495184,13.077133973043843,0.11068575591481669,-0.8410724697860678,0.012680984130308716,-0.07244683323271699
18.62,FL,0.2398803469069882,early_stance,-1.0248589842328861,16.287415663441752,0.1074758018613344,-1.089634033510644,0.016894207702686705,-0.14310463879973565
18.62,FR,0.7398803469069882,swing,-0.0035381970676835505,8.074747801715958,-0.2819845666216154,-0.20863604821441467,-0.07353366627988842,-0.07557194996945342
18.62,RL,0.7398803469069882,swing,-0.454786102570861,5.8798571236526485,-0.279654326199688,-0.027398689507964702,-0.08971793981257893,-0.009880928679592412
18.62,RR,0.2398803469069882,early_stance,-0.5315219984296923,14.130558065578905,0.16796760174060416,-0.9449683779217546,0.014162446451525689,-0.11155019021972187
18.64,FL,0.24404701357365488,early_stance,-0.9563777204996079,17.374287973848947,0.139858523578336,-1.1903415219956095,0.01686762302263964,-0.16093785836404803
18.64,FR,0.7440470135736549,swing,-0.07222375274608676,6.993147887420793,-0.22554334872148527,-0.15960797377287617,-0.06311385576925334,-0.07455903226903657
18.64,RL,0.7440470135736549,swing,-0.8460812419995652,5.247126800364793,-0.3361403364422189,0.05834416469248027,-0.11614732278259059,0.02734975272559862
18.64,RR,0.24404701357365488,early_stance,-0.39291436697464766,15.205528457227757,0.21875641038484028,-1.0517845425080166,0.015369387962014439,-0.17876040916496447
18.66,FL,0.24821368024032156,early_stance,-0.598274542719136,18.233593101882203,0.24306512472236524,-1.3103170636804609,0.022909958803252695,-0.20053887916047602
18.66,FR,0.7482136802403215,swing,-0.27163907970804324,5.596440428367375,-0.18055561795394248,-0.0781273506330844,-0.05391742235316735,-0.044822098110203504
18.66,RL,0.7482136802403215,swing,-0.9729208921802356,4.416378682946889,-0.3077389681266418,0.1053474981426934,-0.11679104890321028,0.06249491509205244
18.66,RR,0.24821368024032156,early_stance,-0.058068224255817466,16.71581647182359,0.2958697369756516,-1.2230600835382273,0.013643531582805363,-0.24951302865098246
18.68,FL,0.25238034690698824,early_stance,-0.23140271900041726,19.132537608962167,0.34998215510933417,-1.4375321198123263,0.027053387361250014,-0.23230768541985747
18.68,FR,0.7523803469069883,swing,-0.32948556216612723,4.1051042284692265,-0.0998055472660262,-0.009858869114295676,-0.03187104742661478,-0.0065877761303847595
18.68,RL,0.7523803469069883,swing,-1.1097190261319947,3.770108587971784,-0.3003689759944636,0.14822837190777038,-0.12160412187765268,0.1013622072932858
18.68,RR,0.25238034690698824,early_stance,0.3717141712373536,18.378595947595148,0.4299308469683003,-1.422495315238696,0.015048741746537423,-0.3443873859692646
18.7,FL,0.2565470135736549,early_stance,0.05408903133736454,20.01628664255801,0.41267175077242835,-1.531947428407278,0.025361169974016953,-0.282282247631562
18.7,FR,0.756547013573655,swing,-0.5202688599541757,2.3705557903769896,-0.03551902937874579,0.08109339261190862,-0.011898560795005574,0.06241082878739914
18.7,RL,0.756547013573655,swing,-1.4927704881448938,2.465651799275389,-0.3039050163123038,0.2488773565910356,-0.1278452564522193,0.19993159651129497
18.7,RR,0.2565470135736549,early_stance,0.6435603008840357,20.137948421389638,0.5343828550003494,-1.6140991314059931,0.003237512086469489,-0.3993549247420111
18.72,FL,0.26071368024032154,early_stance,0.5867616425743064,20.25687828848785,0.5640235755067328,-1.6323274946153712,0.017961465380140842,-0.2555479062830886
18.72,FR,0.7607136802403216,swing,-0.4194422636126442,0.6972662433219557,0.09541004997144653,0.12018042755173497,0.029889315499204205,0.09688980735060794
18.72,RL,0.7607136802403216,swing,-1.4597411552577675,1.599062187775721,-0.24524204110133346,0.26507108305679994,-0.09948028826731775,0.24441432512106503
18.72,RR,0.26071368024032154,early_stance,0.9527092535557363,21.586434977570633,0.6509550710448485,-1.7895880568581166,-0.005068334698663705,-0.4336425059401771
18.740000000000002,FL,0.2648803469069882,early_stance,0.9473854043869717,19.624467222855735,0.6525036088368178,-1.6499635510203736,0.0192786413692411,-0.11071864916657817
18.740000000000002,FR,0.7648803469069883,swing,0.0,0.0,0.20849144384927262,0.09516313244791763,0.05239273032716176,0.08996087968940451
18.740000000000002,RL,0.7648803469069883,swing,0.0,0.0,0.1148519210367647,0.10118170828898576,0.007221361703192143,0.11660880428032071
18.740000000000002,RR,0.2648803469069882,early_stance,1.0388909748336985,23.857305661271145,0.7350095983223262,-1.9765515727092586,0.04823520373370702,-0.5911327624150368
18.76,FL,0.26904701357365485,early_stance,0.9782675174076815,19.368636848931594,0.6615156700987065,-1.6467726674574514,0.06171634952993534,-0.03855662707486601
18.76,FR,0.7690470135736549,swing,0.0,0.0,0.3115543571165102,0.07286435798047652,0.09712812774397034,0.07133947596642914
18.76,RL,0.7690470135736549,swing,0.0,0.0,0.3109573019560329,0.06101702841932066,0.05135177453132278,0.07109443744647816
18.76,RR,0.26904701357365485,early_stance,0.7823423897098455,25.703244564658952,0.7059563980796277,-2.111669510542983,0.05899259406121645,-0.452344413805484
18.78,FL,0.2732136802403215,early_stance,0.9121134063118184,19.233759745999233,0.6461683110820422,-1.6383033207687605,0.08902329728760784,0.002938456778102592
18.78,FR,0.7732136802403216,swing,0.0,0.0,0.28680266053804915,0.08121362494961648,0.12244133434252885,0.08614644311043601
18.78,RL,0.7732136802403216,swing,0.0,0.0,0.30316458882049974,0.06749874396657984,0.10586762199616358,0.07581092381406902
18.78,RR,0.2732136802403215,early_stance,0.8647574099866281,25.939195776721352,0.7518584608815688,-2.1601458486276166,0.060668773868609735,-0.2539268949932538
18.8,FL,0.27738034690698815,early_stance,0.9494525868386618,18.770940534456162,0.6531441736245731,-1.5750872303615853,0.12126231374485366,-0.06438627333462611
18.8,FR,0.7773803469069882,swing,0.0,0.0,0.2456600062089923,0.08976509816464151,0.0946755119121555,0.09747401787480293
18.8,RL,0.7773803469069882,swing,0.0,0.0,0.2575593243822302,0.08285435484750148,0.09022262872717807,0.09492130474771836
18.8,RR,0.27738034690698815,early_stance,0.9969002301887268,25.475987169161115,0.7912703310628455,-2.1716786986353154,0.06569515209053654,-0.09964039078081469
18.82,FL,0.2815470135736548,early_stance,0.7412117376098233,18.961091063656834,0.5930975660392057,-1.5839031772690635,0.12603656354821144,-0.022356020310768512
18.82,FR,0.7815470135736549,swing,0.0,0.0,0.2771080068813918,0.08289508681738467,0.11593070275358802,0.09096146373961389
18.82,RL,0.7815470135736549,swing,0.0,0.0,0.2758574228104939,0.07889075991235683,0.11252770302361659,0.0950915876304663
18.82,RR,0.2815470135736548,early_stance,1.1186575184691465,25.350314375664443,0.8250281966211703,-2.1900174881417818,0.1166298035386483,-0.060016059017491984
18.84,FL,0.28571368024032145,early_stance,0.5264356968167562,19.123719976322068,0.5360672546889476,-1.5724723970174677,0.11860246383068451,0.011443986626424029
18.84,FR,0.7857136802403215,swing,0.0,0.0,0.2527833235911601,0.09139993041611949,0.10495588724251677,0.10375024077577463
18.84,RL,0.7857136802403215,swing,0.0,0.0,0.25229986955932787,0.08657884845292552,0.09010928391516222,0.10557931907349274
18.84,RR,0.28571368024032145,early_stance,1.0364692680879377,24.905002620647874,0.7951138959776417,-2.155349207837091,0.13218716913999776,0.06646608511924129
18.86,FL,0.2898803469069881,early_stance,0.3085293715635517,19.288131855363943,0.4748929992367328,-1.5590425692229724,0.10892622512672161,0.029052331324901075
18.86,FR,0.7898803469069882,swing,0.0,0.0,0.2411135048367839,0.09731451298171656,0.07453355983795228,0.11653655971795153
18.86,RL,0.7898803469069882,swing,0.0,0.0,0.2540359966659904,0.0829895958511857,0.07023579234172841,0.10204222313637701
18.86,RR,0.2898803469069881,early_stance,0.902287811835888,24.24471404671784,0.7563239582885515,-2.0872597727629913,0.1413108051671475,0.1665384081525795
18.88,FL,0.29404701357365476,early_stance,0.22560433679723227,19.40707581551281,0.4454597042982929,-1.5473084435218887,0.11280347390825372,0.030841481648160012
18.88,FR,0.7940470135736548,swing,0.0,0.0,0.2861309892823922,0.08293278251819336,0.08066400593711298,0.09413298057522582
18.88,RL,0.7940470135736548,swing,0.0,0.0,0.28189971493482957,0.07575158835495,0.07854314163100783,0.08960493796600404
18.88,RR,0.29404701357365476,early_stance,0.5066944990814524,24.03113775153552,0.6380305561619327,-2.0116569149545307,0.13655352721358127,0.2223900056416398
18.900000000000002,FL,0.2982136802403214,early_stance,-0.1474698320864376,19.67937673750088,0.3668314790859672,-1.5405582091870802,0.09360306027630022,0.031529790031958486
18.900000000000002,FR,0.7982136802403215,swing,0.0,0.0,0.2653889441710978,0.08898383403240628,0.05847962452441174,0.10164583863577352
18.900000000000002,RL,0.7982136802403215,swing,0.0,0.0,0.2668875763842265,0.07966027738391146,0.056862196609265066,0.092333478215463
18.900000000000002,RR,0.2982136802403214,early_stance,0.31970091486485025,23.347463868976426,0.5739740132604751,-1.9213957982808172,0.13267209106616593,0.24149734234732315
18.92,FL,0.30238034690698806,early_stance,-0.39008490172974164,19.868592978073853,0.30064504811706355,-1.519087400575696,0.0747267084053666,0.04469352243338516
18.92,FR,0.8023803469069881,swing,0.0,0.0,0.2929111648855934,0.08387041008036067,0.06263129942473557,0.09628663079835922
18.92,RL,0.8023803469069881,swing,0.0,0.0,0.2568693173844421,0.0768102259004263,0.026140176299484036,0.08885297212303991
18.92,RR,0.30238034690698806,early_stance,0.18987359837142354,23.12005854000373,0.5211142985411387,-1.8753251401230189,0.14048557234882555,0.1913887556847627
18.94,FL,0.3065470135736547,early_stance,-0.4558257309160831,20.034351426927707,0.2804965479045096,-1.512206714049412,0.07179866978410017,0.025803382420994496
18.94,FR,0.8065470135736548,swing,0.0,0.0,0.2738308633456846,0.08651904183810255,0.0293623384639453,0.09554740373970563
18.94,RL,0.8065470135736548,swing,0.0,0.0,0.25944833373150744,0.07037686553857692,0.015245601118836745,0.08139380986973208
18.94,RR,0.3065470135736547,early_stance,-0.2039088647707118,22.653090617768488,0.4121151896384091,-1.7835421805503202,0.11872565488623252,0.15018118358268207
18.96,FL,0.31071368024032137,early_stance,-0.643169819458513,20.722259645460092,0.23033982680179402,-1.5549370682464345,0.05381886755334293,0.11650051803158722
18.96,FR,0.8107136802403214,swing,0.0,0.0,0.280744184700655,0.08197600917679182,0.016162954903094284,0.08571197318137122
18.96,RL,0.8107136802403214,swing,0.0,0.0,0.2548254745641631,0.06798482564172814,0.002678249415856722,0.06967549831216449
18.96,RR,0.31071368024032137,early_stance,-0.4969448430292015,22.351137913878862,0.3220115567062699,-1.7134533270783185,0.09112842818335057,0.1774466859102828
18.98,FL,0.314880346906988,early_stance,-0.8702975997009958,20.621314523379127,0.17660399085817235,-1.5144699577420107,0.04118900255514276,0.09680150789310021
18.98,FR,0.8148803469069881,swing,0.0,0.0,0.27694122892138107,0.07970940958714179,0.0013656665593073823,0.08155128795505251
18.98,RL,0.8148803469069881,swing,0.0,0.0,0.2287102597090797,0.07326444028131118,-0.020933029012022025,0.07109197482849584
18.98,RR,0.314880346906988,early_stance,-0.5584529186979186,21.769366558147865,0.29299699481116925,-1.6516888848090543,0.08112170657501498,0.16220407650558238
19.0,FL,0.31904701357365467,early_stance,-1.0891828830465848,20.766454398284914,0.12140259260419484,-1.495429462541559,0.028258929996846028,0.06569044702515427
19.0,FR,0.8190470135736547,swing,0.0,0.0,0.25702486675263264,0.08638941043542747,-0.02642173144225673,0.0872872040257977
19.0,RL,0.8190470135736547,swing,0.0,0.0,0.2527581046334751,0.06606503279147691,-0.04122490345301163,0.0634342784092821
19.0,RR,0.31904701357365467,early_stance,-0.8244276060507039,21.405755001567368,0.22750670719669155,-1.593598889447957,0.0581608001716559,0.15603402097085745
19.02,FL,0.3232136802403213,early_stance,-1.280635093891339,21.09366929761984,0.08393076986931458,-1.5018033445476524,0.018207150056431736,0.08715168141748017
19.02,FR,0.8232136802403214,swing,0.0,0.0,0.25840623469514623,0.08340358841417927,-0.0648472638568907,0.07431093981435084
19.02,RL,0.8232136802403214,swing,-2.6683402351000898,4.034070346025068,0.1638284863316742,0.08668658413655261,-0.03301898214166166,0.07544158718776699
19.02,RR,0.3232136802403213,early_stance,-1.0655022651877002,20.462055669417282,0.14719709121782007,-1.477859141519648,0.038230279957336015,0.07993297360990363
19.04,FL,0.327380346906988,early_stance,-0.7727563891842902,22.261676003559835,0.19312828164672152,-1.6016587870093615,0.013329370382228412,-0.09825357296174815
19.04,FR,0.827380346906988,swing,0.0,0.0,0.3030568153696058,0.05596054106281345,-0.08566145647668795,0.05031205542524755
19.04,RL,0.827380346906988,swing,-3.6525023834301775,8.069938225323193,-0.7803901842286021,0.07809968060926786,-0.2795988337436823,0.06323102433415068
19.04,RR,0.327380346906988,early_stance,0.09855075508871299,15.416305138111724,0.3473386731223505,-1.2088301659951157,0.00800062558997691,0.3026441788272057
19.06,FL,0.3315470135736546,early_stance,0.07201519517296162,22.51541350832057,0.4357255226436646,-1.7444793013662898,-0.041185920281817556,-0.15782328501508938
19.06,FR,0.8315470135736547,swing,0.0,0.0,0.21802513225258863,0.08003256438932294,-0.07774262219787309,0.06296045462841428
19.06,RL,0.8315470135736547,swing,-4.88303929718799,8.677825108036565,-1.187446324276021,0.19643417150798925,-0.1682121279065922,0.12967847766448012
19.06,RR,0.3315470135736546,early_stance,0.9123739149740678,12.612156873487951,0.5328757320410809,-1.0942893669214677,-0.00457234423610182,0.21446342478332156
19.080000000000002,FL,0.3357136802403213,early_stance,1.1048512948393652,22.180685810868038,0.7193647027345696,-1.862747133961864,-0.13906135318400298,-0.23928229384472807
19.080000000000002,FR,0.8357136802403213,swing,0.0,0.0,0.22906812478885785,0.07796088621726549,-0.12314407218015444,0.053437717759324856
19.080000000000002,RL,0.8357136802403213,swing,-5.851893573297369,9.446223573036896,-1.4793774089073162,0.24755293842630288,0.10827630165206673,0.14157200303993708
19.080000000000002,RR,0.3357136802403213,early_stance,1.388090157392113,11.286584411759844,0.6440253767983906,-1.0495927021274696,-0.006205458252979053,0.12751412823248795
19.1,FL,0.33988034690698793,early_stance,2.4076806503462604,21.618477877121656,1.0759259295089165,-1.9973694567160536,-0.26483663827598564,-0.3223428288622175
19.1,FR,0.839880346906988,swing,0.0,0.0,0.2685832570004181,0.06803386002933232,-0.1662131167818699,0.04445406689719711
19.1,RL,0.839880346906988,swing,-6.854900626544695,10.520209800854992,-1.7334286974828048,0.27212378878053195,0.4056844891683289,0.1402731379272874
19.1,RR,0.33988034690698793,early_stance,1.9325703796069682,10.468394459457537,0.7655284355209608,-1.0472258181412937,-0.013030152703434711,0.055212066690002705
19.12,FL,0.3440470135736546,early_stance,3.4118124191089305,21.393530938250617,1.3711842345192464,-2.126796957328268,-0.4256304850134373,-0.2613469904951477
19.12,FR,0.8440470135736546,swing,0.0,0.0,0.26489314286991184,0.06843005940461488,-0.1758551406417028,0.035552160218645025
19.12,RL,0.8440470135736546,swing,-8.182024088131673,11.862604153262858,-2.0559442466800633,0.3101610418768494,0.787976943662628,0.13383403951503528
19.12,RR,0.3440470135736546,early_stance,2.7307221035489273,9.568090744633636,0.9655167841383848,-1.0643906527975517,-0.04071604962912203,0.008246895201790254
19.14,FL,0.34821368024032123,early_stance,4.736804936286223,20.645473940731158,1.7311053668241587,-2.241947103235792,-0.58290051749215,-0.22796884240681892
19.14,FR,0.8482136802403213,swing,0.0,0.0,0.2265735242705712,0.07839352844338787,-0.17025377707487177,0.03317426079653505
19.14,RL,0.8482136802403213,swing,-8.928026881369531,13.303641771168293,-2.239993236943854,0.26235966888903245,1.1151472257849628,0.09224297684807303
19.14,RR,0.34821368024032123,early_stance,3.522439412664049,8.682103417336256,1.1603624826257875,-1.0886297661893822,-0.04926121304726143,-0.07301608796902276
19.16,FL,0.3523803469069879,late_stance,5.8093067283515945,20.076733998041686,2.022302950700431,-2.3341527061818486,-0.685844951294154,-0.2715741261976123
19.16,FR,0.8523803469069879,swing,0.0,0.0,0.20996344995845118,0.0804412630966474,-0.18710329271674547,0.025618987736338285
19.16,RL,0.8523803469069879,swing,-9.99447674784114,14.73018541913544,-2.479024947444772,0.2366467004231461,1.584059883318504,0.04908243799390138
19.16,RR,0.3523803469069879,late_stance,4.337782169397356,7.809240176569343,1.3615446647100806,-1.130004155672734,-0.1290909072371132,-0.07518531715156913
19.18,FL,0.35654701357365454,late_stance,7.0504095050635645,19.53960706306068,2.354523374552419,-2.449912058566782,-0.7557889821116994,-0.24466958225877913
19.18,FR,0.8565470135736546,swing,0.0,0.0,0.24390261645281397,0.07311647690520676,-0.22313779262342695,0.015720973424930416
19.18,RL,0.8565470135736546,swing,-10.809379857419312,15.695363487625904,-2.6382705284636545,0.2105744574309727,1.8517546725736966,0.0249779539269666
19.18,RR,0.35654701357365454,late_stance,5.066094787054417,7.5988715774622335,1.5459801990544848,-1.2144427828936009,-0.14355548999483045,-0.1336524894998231
19.2,FL,0.3607136802403212,late_stance,8.21023068646179,18.350906810122527,2.6581177670931417,-2.497803633679563,-0.6429280446503228,-0.4502669666019968
19.2,FR,0.8607136802403212,swing,0.0,0.0,0.20116982030539798,0.0786595926611979,-0.19519583492285678,0.010502185145246421
19.2,RL,0.8607136802403212,swing,-11.926836375900939,16.99752254954851,-2.880857969528365,0.20129036164621622,2.1857999564507677,0.002710779649976021
19.2,RR,0.3607136802403212,late_stance,5.9532655723862105,6.994797349860757,1.7688966606337047,-1.2824498722942441,-0.14646484684738692,-0.20414878644612522
19.22,FL,0.36488034690698784,late_stance,8.735212085415027,17.757549953490447,2.7736899381788778,-2.4895104942200117,-0.41294898726696844,-0.9171753375440131
19.22,FR,0.8648803469069879,swing,0.0,0.0,0.20173545070331012,0.06483696648205792,-0.21581570262517785,0.00506665427868474
19.22,RL,0.8648803469069879,swing,-12.9355941002373,17.298742416470418,-3.069288598017396,0.2122175166336877,2.694551661753558,-0.030167778018863223
19.22,RR,0.36488034690698784,late_stance,6.816472284979876,6.833274127696997,1.9724489681205832,-1.3883900532903264,-0.2209545217087348,-0.22212938462197868
19.240000000000002,FL,0.3690470135736545,late_stance,9.052739344651053,17.27095432601231,2.8877092581731247,-2.4824504905395117,-0.16529498007848345,-1.4295787057729594
19.240000000000002,FR,0.8690470135736545,swing,0.0,0.0,0.20494278281158773,0.03267562789855381,-0.23536530338980086,-0.003865517271604297
19.240000000000002,RL,0.8690470135736545,swing,-13.470212537089077,16.784542661192436,-3.143665651902216,0.27724959033346747,3.1738947915931455,-0.09059924607696566
19.240000000000002,RR,0.3690470135736545,late_stance,7.442134180784216,7.443545617116291,2.1447198337587863,-1.5309072991649777,-0.19901954488136972,-0.29615620210726507
19.26,FL,0.37321368024032114,late_stance,9.076709701076878,17.225482444252115,2.886590280113463,-2.4762431388964705,0.07988012664452376,-1.862454407958713
19.26,FR,0.8732136802403212,swing,0.0,0.0,0.22723790056698123,0.026779489754359564,-0.24601854533829995,-0.006012033357347829
19.26,RL,0.8732136802403212,swing,-13.941224118341967,16.360398732997634,-3.22268296249741,0.336841463024977,3.5781034594435024,-0.16731896165140586
19.26,RR,0.37321368024032114,late_stance,8.048011197012004,8.052943904606728,2.327254819438354,-1.6749432374493467,-0.10212214334651451,-0.34500736641861174
19.28,FL,0.3773803469069878,late_stance,9.334709911370098,16.757314062956194,2.945525214914524,-2.4730270262625105,0.31955874863179623,-2.2025128132362304
19.28,FR,0.8773803469069879,swing,0.0,0.0,0.18381940545163922,0.033381016918528184,-0.20425030723065773,-0.010530608159969816
19.28,RL,0.8773803469069879,swing,-14.318770544942462,15.775506882663715,-3.2912937483272806,0.4118043220783678,3.8139590455082124,-0.2558188304173503
19.28,RR,0.3773803469069878,late_stance,8.17210245334546,8.178757762522284,2.4060933847763826,-1.7127515784004266,0.03139070008531067,-0.19966842756904316
19.3,FL,0.38154701357365445,late_stance,8.874639662273077,17.277662613368623,2.8283801736425342,-2.4724231245151316,0.5309671917664955,-2.4951135550818133
19.3,FR,0.8815470135736545,swing,0.0,0.0,0.19151709637039505,0.030676564734584466,-0.2212240385578604,-0.013360516995026446
19.3,RL,0.8815470135736545,swing,-14.698349783766718,15.531875180318073,-3.3748594625621022,0.46806783344853853,3.956568939182056,-0.3321641916080506
19.3,RR,0.38154701357365445,late_stance,8.427057629177913,8.431136502307762,2.438982079558774,-1.7549857710267147,0.1685372292333917,-0.15569619732771803
19.32,FL,0.3857136802403211,late_stance,8.589827044072788,17.50195872452191,2.7518261577546093,-2.4726728173224415,0.6542989197683633,-2.628201558715187
19.32,FR,0.8857136802403212,swing,0.0,0.0,0.1971192153258553,0.028408537608093365,-0.22963338558517613,-0.016155563649456296
19.32,RL,0.8857136802403212,swing,-14.752630047352186,15.067980187503675,-3.3901642914053305,0.5183344951116771,3.9618756860540674,-0.4053461916342528
19.32,RR,0.3857136802403211,late_stance,8.678614511300898,8.682403032559918,2.464048916897584,-1.7996341525054431,0.12836171182982384,-0.14624396925221173
19.34,FL,0.38988034690698775,late_stance,8.238952422463385,17.800889121231144,2.6498327437081057,-2.4708291057305813,0.7368467584646334,-2.6673563687790356
19.34,FR,0.8898803469069878,swing,0.0,0.0,0.18022429022436137,0.034608437283120685,-0.2069259276989851,-0.02115027155627759
19.34,RL,0.8898803469069878,swing,-14.708920632858518,14.80395941949812,-3.3932616514547487,0.5605316986524532,3.926798096612503,-0.46873208440137004
19.34,RR,0.38988034690698775,late_stance,9.364729953014566,9.370701849209695,2.6219883120004357,-1.9375032758117345,0.08502548024919326,-0.32459340536692144
19.36,FL,0.3940470135736544,late_stance,7.737625230208834,18.203196349937905,2.5102750758615624,-2.469623380975202,0.6950982968292094,-2.468012555246256
19.36,FR,0.8940470135736545,swing,0.0,0.0,0.17685190119443817,0.03572827746485141,-0.20332163417368462,-0.025536297814574865
19.36,RL,0.8940470135736545,swing,-14.593856719489018,14.672930666236574,-3.3861369954528486,0.5778265032352458,3.948077969744288,-0.5335820225136796
19.36,RR,0.3940470135736544,late_stance,10.103691419423663,10.18696413634221,2.75279105791819,-2.1011025374833174,-0.02783706811425874,-0.42771933988516725
19.38,FL,0.39821368024032106,late_stance,7.7581554138325775,17.92066652089339,2.493524841762769,-2.4678321898525444,0.6761616758854035,-2.2090997068862888
19.38,FR,0.8982136802403211,swing,0.0,0.0,0.1705750926565036,0.0348061900240777,-0.19574894719048497,-0.02747262141945531
19.38,RL,0.8982136802403211,swing,-14.40112460585577,14.47187846873851,-3.3741849792511527,0.6009751551648272,3.9900905351815155,-0.5892782532283672
19.38,RR,0.39821368024032106,late_stance,10.074561667743701,11.853082227794816,2.842766405790291,-2.236259160897993,-0.06438471516318756,-0.4608771386813586
19.400000000000002,FL,0.4023803469069877,late_stance,7.457804677663889,18.120652329967466,2.3878779171144133,-2.4674724174395406,0.6959317939099215,-2.072021984079783
19.400000000000002,FR,0.9023803469069878,swing,0.0,0.0,0.17376423413543618,0.03298961400615252,-0.19127840197687315,-0.02665605457926994
19.400000000000002,RL,0.9023803469069878,swing,-14.119828471187708,14.183675163068333,-3.3532191555071384,0.629527579564367,4.082429297801956,-0.6137090654729686
19.400000000000002,RR,0.4023803469069877,late_stance,10.427659061326333,13.022847421409578,2.931561001910101,-2.369528032136875,0.03930503634637981,-0.4783865240763517
19.42,FL,0.40654701357365436,late_stance,7.146946209884601,18.30155306362997,2.280032114673447,-2.469213578851393,0.5843189554505822,-1.7197176494941655
19.42,FR,0.9065470135736544,swing,0.0,0.0,0.16261185681553292,0.03285374038893396,-0.18226511322921965,-0.031400243626932944
19.42,RL,0.9065470135736544,swing,-13.627087545693755,13.677599363092584,-3.2831562949596496,0.6426261458658211,4.384870217631356,-0.6422598051546039
19.42,RR,0.40654701357365436,late_stance,10.623923873013462,13.79627596489359,2.975040890597272,-2.469213578851393,0.05873979256887403,-0.31233465947981714
19.44,FL,0.410713680240321,late_stance,7.146349500624994,18.13144110568592,2.237781745410898,-2.472749932253912,0.5420924220218701,-1.2312486000266416
19.44,FR,0.9107136802403211,swing,0.0,0.0,0.1481747502403593,0.038332522713422135,-0.1508806633408538,-0.036816570007902935
19.44,RL,0.9107136802403211,swing,-12.04362960289821,12.08152676640946,-3.127385772086486,0.6319549252961968,5.017336760292091,-0.6175102962940747
19.44,RR,0.410713680240321,late_stance,10.819594657854001,13.702627801522421,3.010978973304962,-2.472749932253912,0.4427924707366105,-0.47866931959209486
19.46,FL,0.41488034690698766,late_stance,5.597678548841507,19.50225705076333,1.8032493295802574,-2.4912820703173155,1.1522502622715545,0.28569262076554025
19.46,FR,0.9148803469069877,swing,0.0,0.0,0.0014765293058401907,0.1311412290460121,-0.0012899180107035111,-0.14605608668536965
19.46,RL,0.9148803469069877,swing,0.0,0.0,-0.025777792074522576,-0.016624101450992468,0.09721826079044428,0.0074066928465264
19.46,RR,0.41488034690698766,late_stance,6.563871669646978,22.733201768247046,1.87360903848645,-2.551061666739965,2.1090724073546774,-2.745306724909658
19.48,FL,0.4190470135736543,late_stance,3.1009228317144037,19.68302757417955,1.1763111404887332,-2.2083764713414897,1.0297323767207527,1.2783054516087056
19.48,FR,0.9190470135736544,swing,0.0,0.0,0.0637643661475088,0.0818409690881321,-0.06664818828377152,-0.08634063355158823
19.48,RL,0.9190470135736544,swing,0.0,0.0,0.41828493437281655,-0.05191175832921002,-1.0116704908014045,0.03952929895029568
19.48,RR,0.4190470135736543,late_stance,3.3158504265692557,28.912588062737118,0.9317987990099919,-2.5643310258200214,1.1755526184564247,-2.2883802373714466
19.5,FL,0.42321368024032097,late_stance,2.679766713976493,19.890594609656393,1.0462682712549116,-2.1560155526554987,0.5691550900064477,1.3749405868258067
19.5,FR,0.923213680240321,swing,0.0,0.0,0.24344016658507128,-0.01696981640554085,-0.2736955470789923,0.017028453987105875
19.5,RL,0.923213680240321,swing,-7.363480828334714,7.437253702040351,-1.2187570787657533,0.19115960327394088,0.45595786961577617,-0.22335267176562779
19.5,RR,0.42321368024032097,late_stance,4.535892363315624,23.69650650711741,1.1976803423256517,-2.3727983497409193,0.40462930227786126,0.7091114696463112
19.52,FL,0.4273803469069876,late_stance,4.559520422348326,12.463904037828677,1.3677682269117422,-1.7071470462960927,0.026790417880746382,2.269923626501341
19.52,FR,0.9273803469069877,swing,-7.707557443237798,18.513282731197044,-0.9279842947207344,-0.9580872448891258,0.05172537745045236,0.5387471008958115
19.52,RL,0.9273803469069877,swing,-7.245056249665175,7.30415983146182,-1.6121285170835806,0.303669218489404,0.7820433096575964,-0.3233218171449657
19.52,RR,0.4273803469069876,late_stance,5.055834434054011,18.496489893361133,1.3044402158671617,-2.0418658880900957,0.15651717695254966,1.606825659739143
19.54,FL,0.43154701357365427,late_stance,6.243213738379723,6.912733335241184,1.7158092946547496,-1.448779973825773,-0.16983469822075709,2.5614730503749135
19.54,FR,0.9315470135736543,swing,-8.84649201700026,15.813855274446098,-1.4822933690867575,-0.5192188868783703,0.18408728950672829,0.7057220760758588
19.54,RL,0.9315470135736543,swing,0.0,0.0,-0.21331063763799474,0.07586076175966416,0.40790288712130074,-0.05713912865566071
19.54,RR,0.43154701357365427,late_stance,4.6091584338983775,19.94288569683409,1.0911277469963157,-2.045364907485849,0.34985582769777757,1.6535209479408604
19.56,FL,0.4357136802403209,late_stance,5.988226905509879,6.701030996978365,1.650258773881342,-1.4065040206951758,0.17373292464902876,2.5890092758028795
19.56,FR,0.935713680240321,swing,-10.038969166508135,12.378548224084494,-1.9792024779789468,0.0090392847780425,0.3050003767496854,-0.015546835500206269
19.56,RL,0.935713680240321,swing,0.0,0.0,0.23579576472735986,-0.03202339989852032,-0.3709957553413589,0.024945988619213485
19.56,RR,0.4357136802403209,late_stance,3.47408740289675,19.631578892088193,0.7971854593459297,-1.8311507264168179,0.3454944562191899,1.5552197535321246
19.580000000000002,FL,0.4398803469069876,late_stance,6.0645647894908805,6.704213800167598,1.6442761749965753,-1.4118626682385789,0.22410800817319268,2.577154129319406
19.580000000000002,FR,0.9398803469069876,swing,-11.313733180977955,12.05337923550953,-2.4093190265567195,0.3015176622334097,0.42909262224444655,-0.493735536979015
19.580000000000002,RL,0.9398803469069876,swing,0.0,0.0,0.21713138020059153,-0.022256852071058986,-0.23078062496169507,0.01935873201338833
19.580000000000002,RR,0.4398803469069876,late_stance,2.5102911715025953,17.62808544459239,0.5507278976177186,-1.5028393280842005,0.2920962387178956,0.966143727338521
19.6,FL,0.4440470135736542,late_stance,6.4713015756671055,7.046899815398934,1.741154982757423,-1.4788106415099354,0.1951202104572516,2.531234581966546
19.6,FR,0.9440470135736543,swing,-12.607537552311252,13.330008068830937,-2.7703786121254503,0.41552305198118655,0.8288509061538285,-0.5747971925369707
19.6,RL,0.9440470135736543,swing,0.0,0.0,0.1624938963873872,-0.008180177155608037,-0.12844005604990266,0.006723012965895012
19.6,RR,0.4440470135736542,late_stance,1.7685479989640094,16.425036385905273,0.3343233893256474,-1.2808937100458995,0.14482726510625002,0.7587348442101914
19.62,FL,0.4482136802403209,late_stance,5.93478603638582,7.241040093576478,1.7082469880148963,-1.3788533807506973,0.3424550218770324,1.7577337949463923
19.62,FR,0.9482136802403209,swing,-12.948118606873827,13.771402633296493,-2.875595120313494,0.46002458971792315,1.1864058013612946,-0.5046860610879159
19.62,RL,0.9482136802403209,swing,0.0,0.0,0.1328786523405051,-0.0011900039371273152,-0.08684423216113973,0.001005576560496739
19.62,RR,0.4482136802403209,late_stance,1.0556448809763261,15.181477341089233,0.15775457294062117,-1.0701024215838364,0.060297996017648806,0.4682979111549015
19.64,FL,0.45238034690698753,late_stance,5.001292513470616,9.277030926351058,1.4254511721640184,-1.3404530557125547,0.5830711363838352,0.7423517897946265
19.64,FR,0.9523803469069876,swing,-12.90784411141756,13.718460256169527,-2.8925766534316324,0.4938393122941592,1.676254402767582,-0.5024891753253902
19.64,RL,0.9523803469069876,swing,0.0,0.0,0.13816191113778065,0.0031722270528147245,-0.08005301614044055,-0.002574432097390054
19.64,RR,0.45238034690698753,late_stance,0.6689943181981174,14.78865304306388,0.0542827525854829,-0.9700549554105337,0.01618625533147448,0.27773234567020383
19.66,FL,0.4565470135736542,late_stance,5.296856207175568,12.417245368685673,1.4446978062965377,-1.523831957087145,0.31873596109760693,0.10249683428700147
19.66,FR,0.9565470135736542,swing,-9.99373389795809,10.325781609393685,-2.356501955401058,0.45534112741373833,2.3732529877754094,-0.36272970547920164
19.66,RL,0.9565470135736542,swing,-5.357990650117829,13.336876656932985,-0.36579653064181805,-0.656970419219382,0.05645664850549526,0.16875019839106556
19.66,RR,0.4565470135736542,late_stance,1.4921538075857774,6.75197728279043,0.43350466916596,-0.606573483729618,-0.0632033846240251,0.2954514672829005
19.68,FL,0.46071368024032083,late_stance,6.209301944604541,16.68619127167979,1.5371550097444453,-1.905011356688793,0.25244137341386685,-0.5106376166470479
19.68,FR,0.9607136802403209,swing,0.0,0.0,-0.0027110318483414275,0.04542132112906394,0.007044000928442181,-0.015177737163680137
19.68,RL,0.9607136802403209,swing,-5.375227682398838,15.733889775623787,-0.36097634607128604,-0.8904847202983637,0.12219814928346921,0.27712123047846826
19.68,RR,0.46071368024032083,late_stance,2.0700018729854452,7.491842294181957,0.5328791063411048,-0.6805088259834386,-0.01888779309058481,0.09083901524314622
19.7,FL,0.4648803469069875,late_stance,6.455593060249009,18.139253923015435,1.5547395825121348,-2.0420444901197046,0.15256010739773945,-0.22849231643337678
19.7,FR,0.9648803469069875,swing,0.0,0.0,0.34621507032952015,-0.06326634687765159,-0.521417047933529,0.023798447410456332
19.7,RL,0.9648803469069875,swing,-5.11482953837183,16.08032228804456,-0.292800005162434,-0.9578610318467236,0.11551674492168072,0.47398697859516575
19.7,RR,0.4648803469069875,late_stance,1.8588085110762822,9.315839898613465,0.41668583110375645,-0.751581103690303,0.08046665774471293,0.022669169846757948
19.72,FL,0.46904701357365414,late_stance,6.692421824667826,17.874195928914663,1.6068032971158552,-2.0659897056890353,0.16167249840028497,-0.058799652655747166
19.72,FR,0.9690470135736542,swing,0.0,0.0,0.1758021710875372,-0.01032119522710917,-0.11036535572676012,0.004422976927234308
19.72,RL,0.9690470135736542,swing,-4.262393968495376,14.556762486455082,-0.1721040064587388,-0.9064415403369996,0.07116196075310961,0.5949633501618877
19.72,RR,0.46904701357365414,late_stance,1.4842129982264005,10.626834302244003,0.29511285911349744,-0.8048680659043361,0.08192792982073523,0.04257402183131268
19.740000000000002,FL,0.4732136802403208,late_stance,6.5756942742109326,17.549006620514323,1.5526227370029386,-2.0429515651698043,0.215815168962253,0.1148347708512924
19.740000000000002,FR,0.9732136802403208,swing,0.0,0.0,0.05564864924170987,0.021943893160439543,-0.012810612733501576,-0.009633002736061252
19.740000000000002,RL,0.9732136802403208,swing,-3.3513189897698026,11.768267596760543,-0.1282996693799257,-0.7260934348418959,0.04042507540735639,0.4771665833751383
19.740000000000002,RR,0.4732136802403208,late_stance,1.1290518723297884,12.343495461626965,0.14125002057472896,-0.8142842666553749,0.04813371909059324,0.002496873450811434
19.76,FL,0.47738034690698744,late_stance,6.5922552440510165,13.081573457418095,1.6501662116346762,-1.7591761866778612,0.19396031570846015,0.5469953639508571
19.76,FR,0.9773803469069875,swing,-4.480003879866398,10.351630821838137,-0.4843173084274206,-0.3395177580638628,-0.10547282359740426,0.020000767887023107
19.76,RL,0.9773803469069875,swing,-3.479357033834063,11.20902990574915,-0.18210000696359874,-0.6441207249530757,0.026828476469052922,0.36765537752199023
19.76,RR,0.47738034690698744,late_stance,0.5902797691128984,11.763501629149829,0.012969193658157602,-0.713755722132724,0.0037784740888563914,0.09811635082654863
19.78,FL,0.4815470135736541,late_stance,6.228935537136155,8.962606705549007,1.6321287118849315,-1.4495004617476794,0.1908422855717368,0.6021530421827946
19.78,FR,0.9815470135736541,swing,-5.333750244111061,12.290317380609034,-0.654068129645316,-0.4375687471130741,-0.12152968412825584,0.04857119603759922
19.78,RL,0.9815470135736541,swing,-3.611337378436758,10.626362290314693,-0.2239032982628001,-0.553231062383102,0.012683053624410552,0.2798765774900587
19.78,RR,0.4815470135736541,late_stance,0.4649951136214961,10.867724023250465,-0.002024373465227741,-0.6325181154074114,-0.0005521171513511384,0.06995312838899112
19.8,FL,0.48571368024032074,late_stance,5.882324928187933,7.169363603085175,1.5762413388040084,-1.2853539563623684,0.227497406846627,0.43502702009348976
19.8,FR,0.9857136802403208,swing,-5.843094033908431,13.513587289781814,-0.7311208133497883,-0.4823893758933471,-0.09992048061572889,0.023701818086716855
19.8,RL,0.9857136802403208,swing,-3.5564614355249793,9.903647266832657,-0.25641286876595987,-0.4703327623999403,-0.0018997992146586623,0.16540004217835305
19.8,RR,0.48571368024032074,late_stance,0.5011321259761955,10.931477733563504,-0.018172439939675544,-0.6301214144141185,-0.003715398459233415,0.06437501250861505
19.82,FL,0.4898803469069874,late_stance,5.721369660531389,6.594421189903555,1.5543468427320446,-1.2284919883571883,0.263493020690483,0.2758740294690332
19.82,FR,0.9898803469069875,swing,-5.4196456570711105,13.936912745385646,-0.6048616487620414,-0.543666479066228,-0.0535436146170791,0.002379227099436927
19.82,RL,0.9898803469069875,swing,-3.624749578432837,10.029177639405525,-0.28027945724912773,-0.4556813567579817,-0.018058711499808738,0.0722083046207972
19.82,RR,0.4898803469069874,late_stance,0.4283671131512506,10.904468887523507,-0.05353283684022114,-0.6075446062464941,-0.008342084491315039,0.03743555122697865
19.84,FL,0.49404701357365405,late_stance,5.605910504155024,7.0249033999592125,1.5008204162188554,-1.2309717917307488,0.2321189728783122,0.23364851463360803
19.84,FR,0.9940470135736541,swing,-5.056445275117114,13.849926832007045,-0.5320653744180093,-0.582644199492652,-0.032662875377033884,-0.013445078798884581
19.84,RL,0.9940470135736541,swing,-3.327747720099366,10.251776293233785,-0.19458485736643172,-0.48401061487842606,-0.017869142068094628,0.018909083398992797
19.84,RR,0.49404701357365405,late_stance,0.5064001746979392,11.244662618098866,-0.05873418724264094,-0.6302256701984406,-0.006640248847868536,0.03317069878559146
19.86,FL,0.49821368024032076,late_stance,5.576908331875259,7.535835372640096,1.4751107810171078,-1.2480992576101695,0.26470670495362536,0.12153994897951641
19.86,FR,0.9982136802403208,swing,-4.5669163587445505,13.104425289311097,-0.44799557888156544,-0.5645931107564471,-0.01913927732851203,-0.022179659044009786
19.86,RL,0.9982136802403208,swing,-3.29760849180605,11.2100693239535,-0.14566868699090746,-0.5486919502449943,-0.01836241497448587,-0.042880723744341494
19.86,RR,0.49821368024032076,late_stance,0.504311549391578,10.923086315043552,-0.03506698583207865,-0.6271045564318367,-0.0023495678733323646,0.046090109809069656
19.88,FL,0.5023803469069874,late_stance,5.663160067015239,8.054626126062287,1.4769565976687962,-1.275460375825026,0.3022875043752689,0.028811830761025878
19.88,FR,0.0023803469069874073,early_stance,-3.9679671431302856,12.478529737013847,-0.3275807862443346,-0.576870305979357,-0.01826593937485805,-0.04440491915016923
19.88,RL,0.0023803469069874073,early_stance,-3.349615989661735,11.345504462483131,-0.15401457975445648,-0.5479172306905645,-0.022767339644792602,-0.09006877725716572
19.88,RR,0.5023803469069874,late_stance,0.6261592525886066,11.171736676013117,-0.023452702609830067,-0.6512666473437938,-0.0015703510453558037,0.03269818922191689
19.900000000000002,FL,0.5065470135736541,late_stance,5.494061606758733,8.796190830495307,1.3991328413166926,-1.2972452737012703,0.26585894523594694,0.057956888099270604
19.900000000000002,FR,0.006547013573654059,early_stance,-3.241931295455614,11.69543241578417,-0.18430505849641865,-0.593797630371661,-0.0157828115625192,-0.054836087582066054
19.900000000000002,RL,0.006547013573654059,early_stance,-3.1332664511056194,11.86057323031457,-0.07540893403358531,-0.6242476902915478,-0.012725963880353418,-0.12884837040148223
19.900000000000002,RR,0.5065470135736541,late_stance,0.827593386568438,11.462714495225663,0.01088890014037705,-0.6912124661828207,0.0009955827056499368,0.021549270399140258
19.92,FL,0.5107136802403207,late_stance,5.482099496987996,9.168107047740563,1.3766726350409617,-1.3120938577011871,0.2576820786291942,0.06308522929955315
19.92,FR,0.010713680240320711,early_stance,-2.8725997718076126,11.091769701930463,-0.12348472223240009,-0.5818516221470068,-0.014623261498586263,-0.07024540056229221
19.92,RL,0.010713680240320711,early_stance,-2.931309986421344,12.029131058701383,-0.018280248548491654,-0.6687536750285652,-0.002682143268786424,-0.10123870846595923
19.92,RR,0.5107136802403207,late_stance,0.920246962169637,11.791252082520506,0.01400093002006006,-0.7234950253963779,0.0009895285609048971,0.0641882821162346
19.94,FL,0.5148803469069874,late_stance,5.288953252509825,9.685293567429921,1.2985998411672335,-1.3079264108316278,0.24073209180822738,0.09571856837333828
19.94,FR,0.014880346906987363,early_stance,-2.647783180233962,10.777589970890872,-0.08498659942930173,-0.5800429118147918,-0.012582652058523006,-0.07498966275088503
19.94,RL,0.014880346906987363,early_stance,-2.9433569206926915,11.94638801820177,-0.028598022224240655,-0.6595379179779419,-0.004544268586266878,-0.09467474787272212
19.94,RR,0.5148803469069874,late_stance,0.8494943419617367,11.645440295381954,0.0004615763200765538,-0.7035363893452278,4.016766059181134e-05,0.06841034918470504
19.96,FL,0.519047013573654,late_stance,5.064931176458118,9.85033546455343,1.2250962646010137,-1.2783743154503109,0.22372248935349645,0.13040805518769683
19.96,FR,0.019047013573654015,early_stance,-2.4622863331332416,10.644729492880126,-0.04564404151092186,-0.5912114626463634,-0.007343442569617124,-0.060088490101402776
19.96,RL,0.019047013573654015,early_stance,-2.6604009724289868,12.099208553640358,0.05159267469590559,-0.7099428600777827,0.009122295139635254,-0.09980397588109606
19.96,RR,0.519047013573654,late_stance,0.6839973218515096,11.481407143704905,-0.046514525483720454,-0.662963890805757,-0.005494664843883687,0.052371931938478986
19.98,FL,0.5232136802403207,late_stance,5.093978908861047,9.634611783582784,1.2337274509916067,-1.2646161356712204,0.25602042674198716,0.11843152128008827
19.98,FR,0.023213680240320667,early_stance,-2.3677550227015396,10.663845352734125,-0.023687735638577734,-0.6033168456067967,-0.00434542655615578,-0.05852808366257941
19.98,RL,0.023213680240320667,early_stance,-2.6044798196640424,11.715582594395627,0.044607624740025664,-0.676889638618377,0.009679184492672039,-0.11557450725241626
19.98,RR,0.5232136802403207,late_stance,0.5687913542779147,11.532530569621866,-0.08768385467816407,-0.6423955513282449,-0.01118632218683798,0.06245129952738356
20.0,FL,0.5273803469069873,late_stance,4.916135421570409,10.260155119740247,1.146384445490738,-1.2662234903732268,0.22528610285980835,0.17406585397946678
20.0,FR,0.02738034690698732,early_stance,-2.3005202568199583,10.398000021630825,-0.02295832194055039,-0.5827582938446537,-0.004824676894403687,-0.06640283548799367
20.0,RL,0.02738034690698732,early_stance,-2.6435452181719366,12.206576904906516,0.0459725427962977,-0.7191093176212564,0.009769184892074501,-0.09427252782978615
20.0,RR,0.5273803469069873,late_stance,0.5591119041384228,11.154322062772346,-0.08148985822488886,-0.6150395571136347,-0.011065303141803958,0.06799944296193194
20.02,FL,0.531547013573654,late_stance,4.7417981757063625,10.008635602066517,1.1059807686854326,-1.2212730080968652,0.22932298528461592,0.16214720638658983
20.02,FR,0.03154701357365397,early_stance,-2.358475097090358,10.804543168525505,-0.026540885046495488,-0.6114867961838315,-0.005843427858134161,-0.06741901427355299
20.02,RL,0.03154701357365397,early_stance,-2.5951693035374848,12.002172157449213,0.04253377040688333,-0.7030661497492694,0.009412276104402565,-0.08794453219981499
20.02,RR,0.531547013573654,late_stance,0.3825636167082815,11.050509430701306,-0.13083183201635,-0.5802626694525901,-0.017755338323138577,0.07449675977090361
20.04,FL,0.5357136802403206,late_stance,4.498381601922919,10.178974321468562,1.0199790057254705,-1.185289322484465,0.20343606749849857,0.15625327255121466
20.04,FR,0.03571368024032062,early_stance,-2.551851058687775,10.8881265061716,-0.0773195027303396,-0.5902048390575503,-0.017276235011429615,-0.07165358311149933
20.04,RL,0.03571368024032062,early_stance,-2.64403052164231,11.922629284178447,0.019494921060708686,-0.6940789313629595,0.0037747501305522933,-0.05495735781617072
20.04,RR,0.5357136802403206,late_stance,0.3698174984518554,10.585327059734828,-0.12054391400434211,-0.5479422218254187,-0.01649675100160599,0.06800562487712253
20.06,FL,0.5398803469069873,late_stance,4.267158828181703,10.405567689058419,0.953449604656327,-1.1717985173046852,0.17265446825842437,0.18901507378535648
20.06,FR,0.039880346906987274,early_stance,-2.3224215846106984,10.89888467032053,-0.020677274381474403,-0.6178162225811621,-0.004635319683882756,-0.07065659297089955
20.06,RL,0.039880346906987274,early_stance,-2.40545441488854,11.843257023964101,0.08366487792856447,-0.7190945579819475,0.017415319758433554,-0.07117679717621973
20.06,RR,0.5398803469069873,late_stance,0.14178912757361486,10.62023389796078,-0.19282430999913977,-0.509927454767663,-0.030644683042988112,0.045280677352976494
20.080000000000002,FL,0.5440470135736539,late_stance,4.150561676742949,9.98529292706252,0.9314095088989333,-1.1233614431016556,0.17273447434620484,0.16149270384742742
20.080000000000002,FR,0.044047013573653926,early_stance,-2.5198142695889985,11.378564469792456,-0.06240375381192956,-0.6344314747324322,-0.013285881151442726,-0.06587798173950518
20.080000000000002,RL,0.044047013573653926,early_stance,-2.305563854078649,11.798001702068612,0.09819544190079135,-0.7276401779891469,0.01975366661454675,-0.061078147431944556
20.080000000000002,RR,0.5440470135736539,late_stance,-0.021530656224085273,10.441358399038737,-0.22764717765358722,-0.4754215498353864,-0.030727978522318018,0.05433815811623295
20.1,FL,0.5482136802403206,late_stance,4.072669676948068,9.992520603223745,0.8983382171971213,-1.1063683836758946,0.17314373136324224,0.1345815422066387
20.1,FR,0.04821368024032058,early_stance,-2.45504949433761,11.561245188020074,-0.043348975501187936,-0.656119396686321,-0.008924057718710233,-0.06803393138471552
20.1,RL,0.04821368024032058,early_stance,-2.347442484235425,11.200241447021252,0.05421835699256755,-0.6563914179974197,0.011549958734903349,-0.07641323408792722
20.1,RR,0.5482136802403206,late_stance,-0.10111764874206167,10.57313356169161,-0.2655735631484714,-0.4618893559578353,-0.035062245307890316,0.04821143429133529
20.12,FL,0.5523803469069872,late_stance,3.8706303153902994,10.022200168185686,0.8306442030157551,-1.0690335805724547,0.14845528181384396,0.1392157570639198
20.12,FR,0.05238034690698723,early_stance,-2.3316620452024472,11.604660718802867,-0.018332750144790078,-0.6725333174882624,-0.0036173348510691486,-0.06592322489812523
20.12,RL,0.05238034690698723,early_stance,-2.0986783573531076,11.40435185691879,0.11567170537031271,-0.7049786204984605,0.024535057326800537,-0.08742961717328102
20.12,RR,0.5523803469069872,late_stance,0.04566037703908502,10.728219310907459,-0.2384882515551901,-0.49119976865880405,-0.028453648605994426,0.05586390935536658
20.14,FL,0.5565470135736539,late_stance,3.7563664544739828,10.226637525700657,0.7844446071780062,-1.0595185002235,0.119865720510221,0.1660333521768155
20.14,FR,0.05654701357365388,early_stance,-2.369909027624751,11.625856272840915,-0.03450676160774915,-0.6672610776130182,-0.006243978627546507,-0.051323933953215266
20.14,RL,0.05654701357365388,early_stance,-2.140032590962366,11.405646481194873,0.09582635192602135,-0.7026321679770837,0.01786469012845148,-0.05868209256977204
20.14,RR,0.5565470135736539,late_stance,-0.0818331979878123,10.49426104535784,-0.26099843574368486,-0.45982379054437583,-0.02889694858960927,0.05453087968990022
20.16,FL,0.5607136802403205,late_stance,3.620820827645161,10.14178529691668,0.7489687637631949,-1.0315894142195574,0.10551656601424758,0.17760713986684665
20.16,FR,0.06071368024032053,early_stance,-2.1936629490605184,11.450301034047586,-0.0012524015636115882,-0.6705560030843198,-0.00023029326416912618,-0.05581797007550279
20.16,RL,0.06071368024032053,early_stance,-2.0268472348388276,11.470964514634705,0.1214173690339242,-0.7162855662668607,0.023003660431741672,-0.06393945021873985
20.16,RR,0.5607136802403205,late_stance,-0.0889647557579253,10.408496887419112,-0.24839450071490554,-0.46566099684194845,-0.031223458992400966,0.04115112770829434
20.18,FL,0.5648803469069872,late_stance,3.7303557782250603,9.890681659864224,0.7815120057568543,-1.0263986601236137,0.13366469908110468,0.11281842760740823
20.18,FR,0.06488034690698719,early_stance,-2.1242736486020153,11.451033586897871,0.008804557259301293,-0.6745864211609089,0.00178705571620655,-0.08999808272125358
20.18,RL,0.06488034690698719,early_stance,-1.9209133892868826,11.298037295729316,0.13337573217278853,-0.7083012531073262,0.026854799779253355,-0.08468831546214206
20.18,RR,0.5648803469069872,late_stance,-0.1465648167538369,10.60619431286193,-0.27916924119909986,-0.46499169915966887,-0.03254473140735457,0.04119415206554892
20.2,FL,0.5690470135736538,late_stance,3.563666637454761,10.211120829470145,0.7110791317503625,-1.0133543880244198,0.11947859922352688,0.11040769845198205
20.2,FR,0.06904701357365384,early_stance,-2.190429322839742,11.724738376217894,-0.006889013593930765,-0.6897034436760673,-0.0012432085789179869,-0.07090037278689755
20.2,RL,0.06904701357365384,early_stance,-1.8540727080865997,11.268695868692687,0.14067721191323265,-0.711265717099133,0.028660415070480408,-0.09144695626560703
20.2,RR,0.5690470135736538,late_stance,-0.21649938026268606,10.603280035255839,-0.29799970823660715,-0.45372645420536317,-0.031032196512200797,0.04400245334497637
20.22,FL,0.5732136802403205,late_stance,3.500586991732556,10.511869223469082,0.6741644090514545,-1.017625779793051,0.09546829603727693,0.1386698550518805
20.22,FR,0.07321368024032049,early_stance,-1.9588266158671512,11.487166047252668,0.040148559178311366,-0.6954661445748938,0.006845019688606699,-0.06477163293874807
20.22,RL,0.07321368024032049,early_stance,-1.8672661726610158,11.28277325979088,0.13144249192848587,-0.7122294326456341,0.023126725724449702,-0.06360448071351986
20.22,RR,0.5732136802403205,late_stance,-0.26475690208229496,10.507341399645378,-0.30911962827649897,-0.44142581886491944,-0.02945383538395518,0.04325943909402175
20.240000000000002,FL,0.5773803469069871,late_stance,3.3859922911693747,10.479099852529336,0.6430122946780822,-0.9976967917449022,0.08531343232885888,0.1582123933369326
20.240000000000002,FR,0.07738034690698714,early_stance,-1.7758714870594652,11.32807499350576,0.07340647068803968,-0.7023572445222164,0.012978658121419556,-0.06139341072047785
20.240000000000002,RL,0.07738034690698714,early_stance,-1.5552055965430736,11.20057405501125,0.20512615422281544,-0.7393687119278786,0.03962346394678138,-0.07891695105819221
20.240000000000002,RR,0.5773803469069871,late_stance,-0.31646198683743865,10.67275720802205,-0.3351131422334072,-0.44059633656215624,-0.035017435820459096,0.039402808377618816
20.26,FL,0.5815470135736538,late_stance,3.2187110869829,10.44602594036099,0.5966378384850755,-0.9684604223909952,0.08251049172245707,0.12670380308114415
20.26,FR,0.08154701357365379,early_stance,-1.798331553456955,11.44028641673669,0.06395029573190389,-0.7070961276109365,0.010719452833221819,-0.05922433545749904
20.26,RL,0.08154701357365379,early_stance,-1.550338965282863,11.106343228473776,0.19383014462726045,-0.7331862429157179,0.033239370485319844,-0.054637951272864374
20.26,RR,0.5815470135736538,late_stance,-0.2818453315144406,10.644924134045572,-0.32458491121951755,-0.44665695156536417,-0.02372334626259824,0.057522076193068816
20.28,FL,0.5857136802403204,late_stance,3.219714855256545,10.348009173331233,0.6073682509429777,-0.9747545288816748,0.08348326674154376,0.13994681179693183
20.28,FR,0.08571368024032044,early_stance,-1.758532480068768,11.450605452568414,0.06973886619738219,-0.7189303060130716,0.010815015685295594,-0.03089522829817746
20.28,RL,0.08571368024032044,early_stance,-1.2954625758392038,11.218002463074717,0.2584856989284329,-0.7688307137541825,0.051367963131945554,-0.0813657909823908
20.28,RR,0.5857136802403204,late_stance,-0.34324537100426805,10.654405408451321,-0.3444576270555086,-0.43579550412438717,-0.032467159342783866,0.04588420298529205
20.3,FL,0.5898803469069871,late_stance,3.015292165291254,10.330019222408826,0.5539772526763255,-0.9446825660184848,0.08129733935273693,0.11838159491971208
20.3,FR,0.0898803469069871,early_stance,-1.4148465896806341,11.260883326131989,0.1489353782276653,-0.7345680501903005,0.026914306820640273,-0.06018977619857393
20.3,RL,0.0898803469069871,early_stance,-1.4072079226217693,11.442073569377108,0.23055491947236428,-0.775332550368582,0.04357539676926308,-0.06662672138574344
20.3,RR,0.5898803469069871,late_stance,-0.2786698421479598,10.443801536676094,-0.318104591346855,-0.43514687287177584,-0.03379943516664425,0.038907016287288904
20.32,FL,0.5940470135736537,late_stance,3.0724414095949255,10.375948823494042,0.5621258474020728,-0.9548949724361734,0.07973832497351672,0.13100548397431494
20.32,FR,0.09404701357365375,early_stance,-1.5047524989487675,11.435963058616677,0.12014247612220061,-0.7354926939633732,0.022105621008444536,-0.05344190046129672
20.32,RL,0.09404701357365375,early_stance,-1.292905523734071,11.41610169279983,0.2533861096332013,-0.7836905992744163,0.048730490059443944,-0.06575945926454295
20.32,RR,0.5940470135736537,late_stance,-0.3597325541970438,10.515783326585046,-0.3468063783000591,-0.42555896082148736,-0.037476810253165994,0.04112551653348354
20.34,FL,0.5982136802403204,late_stance,2.9562121823464835,10.63920466851734,0.5210401650200674,-0.9535225153997751,0.07241044018875804,0.13508901634445672
20.34,FR,0.0982136802403204,early_stance,-1.58959000578761,11.235239422620902,0.08746193043360298,-0.7019452234632553,0.01700096789431196,-0.0697342146621007
20.34,RL,0.0982136802403204,early_stance,-1.3558207090597467,11.14588622692651,0.21788276209408364,-0.7451774900027381,0.04243892813912341,-0.06621275626503292
20.34,RR,0.5982136802403204,late_stance,-0.44448210464228055,10.422990677217502,-0.36476567032608237,-0.40778263668816234,-0.0366138085314802,0.04198149730577299
20.36,FL,0.602380346906987,late_stance,2.8334024414514527,10.754774038361358,0.48603304105219364,-0.9438837960765502,0.06399593914198749,0.14828465365188348
20.36,FR,0.10238034690698705,early_stance,-1.6479805476851581,11.38775782162334,0.06812364232989698,-0.7058895474603165,0.012475523994620125,-0.05831231763872808
20.36,RL,0.10238034690698705,early_stance,-1.1194440343580028,10.93160096193934,0.26457900416909597,-0.7521825052562707,0.058233040752168806,-0.0967052180113187
20.36,RR,0.602380346906987,late_stance,-0.4949106596210299,10.566897247831852,-0.3884430020007702,-0.40539234303226573,-0.04035012347501349,0.037933826685619426
20.38,FL,0.6065470135736537,late_stance,2.681372012367347,10.576046293764911,0.4483905271710562,-0.9081893586715579,0.05928940777489379,0.12237706254296113
20.38,FR,0.1065470135736537,early_stance,-1.2728131488957077,11.416491728175517,0.16392703782480958,-0.7546392423838538,0.029208870576743054,-0.06072717494088055
20.38,RL,0.1065470135736537,early_stance,-1.1426716027203296,11.137813743805124,0.2587445386932362,-0.7755534543956804,0.04670250092126628,-0.05128355107261346
20.38,RR,0.6065470135736537,late_stance,-0.6064438127990659,10.38220503843204,-0.3967906398581017,-0.3920836407656091,-0.037105687824147804,0.03764503269007017
20.400000000000002,FL,0.6107136802403204,late_stance,2.5792550618020953,10.782731290976676,0.41433755375725567,-0.911973108996055,0.051754438087451546,0.13662871085477574
20.400000000000002,FR,0.11071368024032036,early_stance,-1.304985163492007,11.38756480711063,0.14281763346440976,-0.7461852617523927,0.025331003776401833,-0.04777018804321401
20.400000000000002,RL,0.11071368024032036,early_stance,-0.8131644401965594,10.92110327643816,0.33008577541116313,-0.7869061659910729,0.06474839279833078,-0.06405839101783221
20.400000000000002,RR,0.6107136802403204,late_stance,-0.5612121916906125,10.743751481520386,-0.4058712773210731,-0.41817539866213893,-0.03526625702568271,0.048389118512613086
20.42,FL,0.614880346906987,late_stance,2.3967543687278674,10.614877470100028,0.3751613598076004,-0.8741884350071404,0.04904119185603756,0.11535071817378756
20.42,FR,0.11488034690698701,early_stance,-1.3749275628513449,11.541860539460052,0.12248494127194198,-0.7458038567212597,0.021828695884523183,-0.05307032903224655
20.42,RL,0.11488034690698701,early_stance,-0.8860632637060507,10.922112270308098,0.3024441400079458,-0.7815159716732475,0.0566874484585966,-0.052111566382193525
20.42,RR,0.614880346906987,late_stance,-0.6228768998899806,10.409853968534307,-0.4092673437557784,-0.38606786025493023,-0.03404516983675375,0.04533605609210712
20.44,FL,0.6190470135736537,late_stance,2.4752972238423787,11.170422226401943,0.35513701164193123,-0.9139596715643068,0.0390872381247387,0.1541692233031287
20.44,FR,0.11904701357365366,early_stance,-1.1449246349163322,11.305036842686926,0.16978391433919734,-0.7621522037218101,0.028951976726344406,-0.03179300458729789
20.44,RL,0.11904701357365366,early_stance,-0.9696118995260059,11.033588092253522,0.27600945006126165,-0.778059706601171,0.05213143427114207,-0.05130929793784262
20.44,RR,0.6190470135736537,late_stance,-0.5386599124538104,10.366674357734937,-0.38798046475483955,-0.3961648901218258,-0.042042153936536764,0.033798420631027004
20.46,FL,0.6232136802403203,late_stance,2.3813732289589624,10.462216816421678,0.37186779799076924,-0.8624663703879141,0.047901300019127166,0.12420245096039359
20.46,FR,0.12321368024032031,early_stance,-1.2451442229802836,11.542471957087958,0.1415748708432385,-0.7564388344255207,0.025802832388546866,-0.043744851543191535
20.46,RL,0.12321368024032031,early_stance,-0.694197445397674,10.927751625566843,0.3407984937512587,-0.792573496488395,0.06997756108219612,-0.0696044836691666
20.46,RR,0.6232136802403203,late_stance,-0.6058516311485783,10.485192405470753,-0.4157444993005214,-0.3904665105703108,-0.04523789614418294,0.03482322851905251
20.48,FL,0.627380346906987,late_stance,2.3366683492432845,10.727499636818338,0.3388837943918081,-0.8660824883798144,0.041203605779820636,0.13041532468942355
20.48,FR,0.12738034690698696,early_stance,-1.278624904194981,11.544236459343459,0.12579508381047166,-0.7476465009303944,0.022156430809421573,-0.04483265533378646
20.48,RL,0.12738034690698696,early_stance,-0.7492907218407652,10.840575012546964,0.31216849625305015,-0.7825831659384446,0.05984815131717723,-0.049397745911031875
20.48,RR,0.627380346906987,late_stance,-0.546509171419865,10.529187000606026,-0.4094126361865335,-0.3978151558220607,-0.03203227401667283,0.051396692878761426
20.5,FL,0.6315470135736536,late_stance,2.2539295921869082,10.6701260022028,0.3115665373620904,-0.84284415259916,0.037706571340880145,0.1404594671187464
20.5,FR,0.13154701357365362,early_stance,-1.1204783209030023,11.544155085040913,0.1618220791234809,-0.7676365067913236,0.02901137288108007,-0.03382646099070645
20.5,RL,0.13154701357365362,early_stance,-0.7357683179008846,10.74354821618047,0.3038429899903299,-0.762570284206313,0.06716311767659847,-0.07588323200824337
20.5,RR,0.6315470135736536,late_stance,-0.6342612333811928,10.486551149708047,-0.4329110552843722,-0.37915369537034893,-0.04229992336264418,0.04269100291023775
20.52,FL,0.6357136802403203,late_stance,2.1275641244276633,10.734849718917237,0.26822933826648626,-0.8207765817182842,0.03507012255213695,0.10606321770354306
20.52,FR,0.13571368024032027,early_stance,-1.1741160147030112,11.725751354150688,0.1419490083073366,-0.7694593317300829,0.025136225636332395,-0.04849792120552148
20.52,RL,0.13571368024032027,early_stance,-0.5968285320964676,10.541265597847056,0.3264023053211118,-0.7632089840581509,0.06537981784206619,-0.05859336087048629
20.52,RR,0.6357136802403203,late_stance,-0.7039093167792129,10.550992021215146,-0.46232614655670695,-0.3668510563030294,-0.026471026757506386,0.057224312683641
20.54,FL,0.6398803469069869,late_stance,2.245253659183828,11.335031830157488,0.24874684099490202,-0.8603207534574173,0.027155377721620605,0.14376348196218827
20.54,FR,0.13988034690698692,early_stance,-1.1391391246929874,11.605597264282867,0.1405960864201044,-0.7768972703912074,0.023019257177180275,-0.02276526943988983
20.54,RL,0.13988034690698692,early_stance,-0.703134640856096,10.645922456685206,0.29302805809817895,-0.759925980469471,0.05805264313279171,-0.05208658544228918
20.54,RR,0.6398803469069869,late_stance,-0.758467947129312,10.25973400170163,-0.46756812468173914,-0.3370341591529058,-0.03546121573159688,0.044165526939893986
20.56,FL,0.6440470135736536,late_stance,2.140778099049584,11.052338008490903,0.23941517781141491,-0.8268293210068017,0.025215893559847397,0.14162171629653394
20.56,FR,0.14404701357365357,early_stance,-1.1967536277840352,11.384615602274184,0.11450906434682673,-0.7282118502144818,0.02087134560587209,-0.05189074975513192
20.56,RL,0.14404701357365357,early_stance,-0.5548179789335342,10.672782589213742,0.32828163075062267,-0.7817923746309666,0.06106538865548947,-0.03674736383510365
20.56,RR,0.6440470135736536,late_stance,-0.8099233056504155,10.079195293051104,-0.4760608271907375,-0.31794216430542865,-0.03808747841544559,0.037314886845248
20.580000000000002,FL,0.6482136802403202,late_stance,2.0451675370683033,11.042173141642637,0.20317943597413318,-0.8006902138959556,0.024258338593516542,0.10798395054234845
20.580000000000002,FR,0.14821368024032022,early_stance,-1.1004930757142344,11.66184485184315,0.136580190120463,-0.7607385706297475,0.02586698183253642,-0.07404674806768899
20.580000000000002,RL,0.14821368024032022,early_stance,-0.6048339527878269,10.662061773533317,0.30566115209374134,-0.7703679210983364,0.05569685673929941,-0.039045248749225554
20.580000000000002,RR,0.6482136802403202,late_stance,-0.8155645319342106,10.004838349364288,-0.48131458157990054,-0.307168769683015,-0.03895392022761009,0.032072292309952205
20.6,FL,0.6523803469069869,late_stance,2.1697890332121657,10.944304242282776,0.22846351398663903,-0.8085485889874118,0.026632817476814258,0.11598273696331737
20.6,FR,0.15238034690698687,early_stance,-1.1055772405624353,11.854858985695879,0.13157033966681533,-0.7803040097521621,0.02238253278592028,-0.04083542216218646
20.6,RL,0.15238034690698687,early_stance,-0.48037081252950153,10.572332339701852,0.32755010642764837,-0.7695423741254517,0.06267431497608733,-0.04799539759249557
20.6,RR,0.6523803469069869,late_stance,-0.716385664116225,10.310344995017612,-0.4821964693550361,-0.33117841352150484,-0.03557787147246849,0.04055560717603376
20.62,FL,0.6565470135736535,late_stance,2.088293981356426,10.958003346617097,0.2166353998500289,-0.8070157916599683,0.02237852634213967,0.1564662863002412
20.62,FR,0.15654701357365353,early_stance,-1.1532268903926972,11.668046878269669,0.10871406454040225,-0.7498764305740846,0.019627350574748733,-0.03258976437449458
20.62,RL,0.15654701357365353,early_stance,-0.4852386442466536,10.750558667639053,0.32221601542793243,-0.7815702176526522,0.06921656166678605,-0.05872908235247452
20.62,RR,0.6565470135736535,late_stance,-0.6675272105204558,10.063256130907703,-0.4586470004813792,-0.32070971308978646,-0.04740888142792005,0.03213402138091072
20.64,FL,0.6607136802403202,late_stance,2.0225693669175517,10.819417076428971,0.19995958187494062,-0.7858722092436792,0.020727264257715046,0.14206596189455756
20.64,FR,0.16071368024032018,early_stance,-1.187566894692773,11.901645880032378,0.09726629744549484,-0.7674856656893345,0.01677346992295104,-0.025941833767357557
20.64,RL,0.16071368024032018,early_stance,-0.5224446797063208,10.765130533411854,0.30717598982640215,-0.7879975792533672,0.05737104290304078,-0.025308978312479108
20.64,RR,0.6607136802403202,late_stance,-0.7424446451793227,9.90504310095479,-0.47445139485211946,-0.29976977698516616,-0.04505941859467163,0.03288268362434043
20.66,FL,0.6648803469069868,late_stance,2.0251803604733953,10.955989983574316,0.17840176629128773,-0.782345876769843,0.01907233163727907,0.1302878354419461
20.66,FR,0.16488034690698683,early_stance,-1.0284485290955814,11.802330567222853,0.12878637357862957,-0.7675538929181513,0.023351896136138642,-0.047199846857438096
20.66,RL,0.16488034690698683,early_stance,-0.34847211570341874,10.435350423317848,0.3360195458638374,-0.7680982439286844,0.06355359317011851,-0.03272096056842924
20.66,RR,0.6648803469069868,late_stance,-0.7886182631046388,10.170892862841015,-0.5120387636445929,-0.2990329652128037,-0.03448065683684389,0.04233371941374299
20.68,FL,0.6690470135736535,late_stance,1.8630681190569254,10.747211740672297,0.13927176273878666,-0.7381765617955994,0.017290879145226184,0.1072175632406253
20.68,FR,0.16904701357365348,early_stance,-1.0872038149136347,12.133058706005881,0.11123435988316091,-0.7896751398528289,0.01978105490018659,-0.03371917434846549
20.68,RL,0.16904701357365348,early_stance,-0.33088220553445896,10.296736706127644,0.3261949917149455,-0.7439892414764062,0.07152793589636194,-0.06391787031275098
20.68,RR,0.6690470135736535,late_stance,-0.8284332396225599,10.189119631650112,-0.5111559171952444,-0.3035156080445229,-0.03696064218152333,0.04334274910063028
20.7,FL,0.6732136802403201,late_stance,2.034503191898674,11.459346874188705,0.12079392925200695,-0.7870214987126876,0.012625700303584732,0.132010256346267
20.7,FR,0.17321368024032013,early_stance,-1.0981146961308301,11.95625723769048,0.09595024852126605,-0.7721078103719046,0.016830282553725782,-0.03455127922945667
20.7,RL,0.17321368024032013,early_stance,-0.38745154479137073,10.48381654742563,0.30814818413760614,-0.764587676062549,0.05964413153681666,-0.03648715856105003
20.7,RR,0.6732136802403201,late_stance,-0.8765159455472199,9.893163149916388,-0.5141314542619124,-0.27600444473396546,-0.04081339659793173,0.03448007425754429
20.72,FL,0.6773803469069868,late_stance,1.7735764455179268,11.091487255567575,0.07430826636595071,-0.7222976621020979,0.0066436578160856815,0.14340072743570076
20.72,FR,0.17738034690698679,early_stance,-0.931240871414194,11.958032009279052,0.13397673664063456,-0.7863398398967175,0.02373014453765363,-0.027540807666601726
20.72,RL,0.17738034690698679,early_stance,-0.30266284086973694,10.356354406162424,0.32126147841620156,-0.7539430256096475,0.06520774826360203,-0.04231666094021313
20.72,RR,0.6773803469069868,late_stance,-0.9156929499449509,9.898474294156399,-0.5344938628263097,-0.2629067232106341,-0.04904855207255128,0.029134640882877868
20.740000000000002,FL,0.6815470135736534,late_stance,1.7182226104655338,11.002499401128079,0.05737745369372543,-0.7037264973346234,0.00559204935149234,0.1284717395703653
20.740000000000002,FR,0.18154701357365344,early_stance,-0.9545953927253816,12.12809003375892,0.12028188352253169,-0.7999354087021984,0.02069801366180054,-0.020053191194284486
20.740000000000002,RL,0.18154701357365344,early_stance,-0.22310822424335444,10.243499237239593,0.33036964685600384,-0.751216889963549,0.06805106472313974,-0.044436340023861216
20.740000000000002,RR,0.6815470135736534,late_stance,-0.8575405557494018,10.029942332478715,-0.5342307649052371,-0.27276286934904587,-0.0404114657287994,0.03719978373830627
20.76,FL,0.6857136802403201,late_stance,1.9572475087460384,11.137491925592384,0.09936355918076895,-0.7386468726939404,0.009415405686864579,0.1353911483245745
20.76,FR,0.1857136802403201,early_stance,-0.9629888922126467,12.023351519593607,0.10764344909769291,-0.77787577918504,0.018556260094688207,-0.029189162600917095
20.76,RL,0.1857136802403201,early_stance,-0.24867044068201358,10.282773165933897,0.31568004179431086,-0.7580957336529928,0.05894539564174397,-0.021634046851353117
20.76,RR,0.6857136802403201,late_stance,-0.9646088820204836,9.874894796823947,-0.5559854738958815,-0.24709787540055153,-0.02886599742359114,0.04057650125378415
20.78,FL,0.6898803469069867,late_stance,1.8877489417320525,11.006249527550684,0.07865364671476079,-0.7127107525915372,0.0081613076429792,0.13016057861699795
20.78,FR,0.18988034690698674,early_stance,-0.9827364788209974,12.159967428733927,0.09563744088189122,-0.788375552881875,0.01637470245781509,-0.01932990296850515
20.78,RL,0.18988034690698674,early_stance,-0.19204471554229058,10.259543941390442,0.3234345337334257,-0.7495298371533614,0.06648502049364313,-0.037223538558808514
20.78,RR,0.6898803469069867,late_stance,-0.9192575007558293,9.831390368576468,-0.5495758432768567,-0.2457456380736578,-0.033293264701704885,0.03925455490034416
20.8,FL,0.6940470135736534,late_stance,1.8091833774841464,10.935846251100527,0.05147066022571667,-0.6881517489073515,0.005766339037129875,0.125837284511299
20.8,FR,0.1940470135736534,early_stance,-0.8545228726720941,12.198733137096713,0.12249978252505875,-0.8020136289564402,0.022654560312746437,-0.019200900785423435
20.8,RL,0.1940470135736534,early_stance,-0.22159594326699206,10.532681349399018,0.31144641001301626,-0.7618869523599892,0.07046584161406302,-0.05352530496252089
20.8,RR,0.6940470135736534,late_stance,-0.8666529389781726,9.611178409864921,-0.52996246914083,-0.23667273648339232,-0.05286093865700368,0.027730757869168537
20.82,FL,0.69821368024032,late_stance,1.6567100089091686,11.13299162101227,-0.013156057464536408,-0.661092323060543,-0.0013191468086624545,0.121877850945612
20.82,FR,0.19821368024032004,early_stance,-0.9453775438476856,12.310382535062407,0.09062791218939467,-0.7867768651703895,0.017266276681338226,-0.033393714727178114
20.82,RL,0.19821368024032004,early_stance,-0.26967916897585537,10.510051377430107,0.2924687026101556,-0.7646173659026319,0.05685129753595897,-0.020341066534601375
20.82,RR,0.69821368024032,late_stance,-0.9468488725805796,9.372024979846753,-0.5438739825406724,-0.20848165682629938,-0.04996493468641271,0.02556885096489269
20.84,FL,0.7023803469069867,swing,1.739851270850156,11.175493612720134,-0.007257882736496066,-0.6673488348041334,-0.000589004967936712,0.13894098153612044
20.84,FR,0.2023803469069867,early_stance,-0.948568166199702,12.406431220882938,0.08126930501220098,-0.7981098169943293,0.01431158237227673,-0.020304794076343412
20.84,RL,0.2023803469069867,early_stance,-0.07774387089544435,10.272215455894322,0.3304746160501996,-0.766832932004392,0.061128128097004034,-0.01029582261994604
20.84,RR,0.7023803469069867,swing,-1.0089296156989034,9.557380416548044,-0.5820856878352813,-0.20068292838230561,-0.0391053623471507,0.030595429979050376
20.86,FL,0.7065470135736533,swing,1.6084235690402409,10.993089484149,-0.023001487597013454,-0.6449071192271209,-0.002203756331242954,0.11967685250582699
20.86,FR,0.20654701357365335,early_stance,-0.8536863663006385,12.474137797155935,0.11347373925371973,-0.8196449945482204,0.02067708655251551,-0.026323971404338127
20.86,RL,0.20654701357365335,early_stance,-0.17645679677944917,10.251958075664984,0.2937900098296983,-0.7422972403942967,0.05708788096401816,-0.020688533450974964
20.86,RR,0.7065470135736533,swing,-0.986823253506291,9.447182896573437,-0.5740528651767516,-0.1936286727768193,-0.03857835997423189,0.030194955876952357
20.88,FL,0.71071368024032,swing,1.4866785087761345,11.198497121820713,-0.08130852402105394,-0.6226651929908349,-0.007196046417374615,0.11401923370116328
20.88,FR,0.21071368024032,early_stance,-0.9220258042467914,12.54106590295266,0.08622920452061975,-0.8059221416097344,0.01608026100073722,-0.03751765517074601
20.88,RL,0.21071368024032,early_stance,-0.19982926433438078,10.290149405805968,0.2808874101768603,-0.7458557786386034,0.050230068312279226,-0.00927747977458046
20.88,RR,0.71071368024032,swing,-1.0511331036755442,9.18690339324679,-0.5810694170018067,-0.16612695291352808,-0.04530153665555665,0.021848055674999926
20.900000000000002,FL,0.7148803469069867,swing,1.4605495685638388,11.06324170348784,-0.08897774779640298,-0.604528010662893,-0.00802428780648692,0.10778776940701057
20.900000000000002,FR,0.21488034690698665,early_stance,-1.1092130411566496,12.78803000994174,0.03069389669819525,-0.8088946596140631,0.005141063517147466,-0.016277036744442384
20.900000000000002,RL,0.21488034690698665,early_stance,0.0792852597374186,10.14002354495714,0.3469867960145173,-0.7446928789079748,0.07008834538547548,-0.03988877990237813
20.900000000000002,RR,0.7148803469069867,swing,-1.0621575944707637,9.26805631639447,-0.598219122981671,-0.16022906466640224,-0.054166246255142,0.01700287354669223
20.92,FL,0.7190470135736533,swing,1.3958830550138055,10.614842711519353,-0.08128864575853129,-0.5711315908598882,-0.009886445158520364,0.05528078156823843
20.92,FR,0.2190470135736533,early_stance,-1.0892502211489412,13.204979470862972,0.035556103815292034,-0.831967656746242,0.005527201493604923,-0.02582854889984207
20.92,RL,0.2190470135736533,early_stance,0.02954724345951632,10.553031264545114,0.33007582287580584,-0.7779889351873083,0.05978513098765124,-0.033546964176188215
20.92,RR,0.7190470135736533,swing,-1.1984984292874894,8.840377771708251,-0.6087240245944407,-0.1185979363963607,-0.054060927769102776,0.009431052218788632
20.94,FL,0.72321368024032,swing,1.4356078085747872,10.68502037567814,-0.08868416598007474,-0.5688874613440683,-0.012841256404772138,0.024832728642495857
20.94,FR,0.22321368024031996,early_stance,-1.1561552009034042,13.224346616092637,0.00889349315496521,-0.8114463812109486,0.0015788682062124046,-0.07188260833385891
20.94,RL,0.22321368024031996,early_stance,-0.15384724481502188,10.76256608277715,0.2911805543646746,-0.7641168821151967,0.057437625666772796,-0.07461698306514401
20.94,RR,0.72321368024032,swing,-1.0726118806629126,8.46524645865198,-0.5510890514111412,-0.0938337619659352,-0.06974008839563248,0.0003649199370676623
20.96,FL,0.7273803469069866,swing,1.4129703740312267,10.05575985036908,-0.0526083672153623,-0.5023167949124672,-0.008800480469545085,-0.012208499549623424
20.96,FR,0.2273803469069866,early_stance,-1.0019700959072027,13.858614092582604,0.04769368284878997,-0.8805477445750303,0.008364379933761953,-0.08422777243902349
20.96,RL,0.2273803469069866,early_stance,-0.19019368848213494,11.553757519509055,0.2877765699521569,-0.8233226500247586,0.048667732265143135,-0.06956953740145372
20.96,RR,0.7273803469069866,swing,-1.286295008393782,7.9681107284652555,-0.5824533678502748,-0.018920942250279384,-0.09711811497769098,-0.0013496582114282992
20.98,FL,0.7315470135736533,swing,1.227383672161037,9.693847062781781,-0.08939648238795178,-0.450256152513179,-0.01638703977808644,-0.04252375457351242
20.98,FR,0.23154701357365326,early_stance,-0.9978884059416618,14.506175032718938,0.0477852996504137,-0.9315949728637172,0.007474801380579804,-0.07027479151519367
20.98,RL,0.23154701357365326,early_stance,0.03233695129774,12.052386351208174,0.35066632089117483,-0.8932383711282254,0.05140877350524623,-0.07678147546861144
20.98,RR,0.7315470135736533,swing,-1.297779745477816,7.847673814742783,-0.5877017556130245,-0.00803089115671117,-0.11574548282396205,-0.0011220051958936625
21.0,FL,0.7357136802403199,swing,0.9942817827748418,7.966754393274938,-0.01149202571833946,-0.3527573317037488,-0.0028120243647676143,-0.08851664671993009
21.0,FR,0.2357136802403199,early_stance,-1.1915707980623234,15.62864371997047,0.0037270992342743337,-0.9912142537143583,0.0005396306440234955,-0.08493281682714549
21.0,RL,0.2357136802403199,early_stance,-0.0014880637779472751,13.028909089291988,0.3525192412398585,-0.9628247113723865,0.049247849331210514,-0.12755737371364423
21.0,RR,0.7357136802403199,swing,-1.5709761994120472,6.739928215115284,-0.5792902162702709,0.08084801950295603,-0.14685136393692666,0.02091308661333917
21.02,FL,0.7398803469069866,swing,0.8180110656435902,7.763667342571606,-0.06783913251824294,-0.3119228845722852,-0.018384598923165678,-0.11536636150821712
21.02,FR,0.23988034690698656,early_stance,-1.099558935358456,16.431405081714612,0.0330220476243132,-1.0648132321144541,0.003991340468709558,-0.09979343438166978
21.02,RL,0.23988034690698656,early_stance,0.3147016332426578,13.981642734890425,0.4492549712640763,-1.0833323527321337,0.04671112277898678,-0.15759784450489459
21.02,RR,0.7398803469069866,swing,-1.7212925752277493,6.37024921264855,-0.6035746166969082,0.12261302805721247,-0.17643156997166623,0.04553044166751657
21.04,FL,0.7440470135736532,swing,0.8448027468330831,6.598376611227311,0.02321626665339377,-0.27800010775616074,0.007020899866935143,-0.13417908075774576
21.04,FR,0.24404701357365322,early_stance,-0.8572588221310847,17.113763106945807,0.09556772820609458,-1.1498198783864244,0.012186581312269946,-0.173146553172342
21.04,RL,0.24404701357365322,early_stance,0.6275747271240132,15.265109590054948,0.5483174349433011,-1.232123255503677,0.0468230691760251,-0.21156544317765213
21.04,RR,0.7440470135736532,swing,-1.707191020882028,5.909957728242621,-0.5709666848453427,0.13752610570461377,-0.17451055297108664,0.060396219436588496
21.06,FL,0.7482136802403199,swing,0.560032852717328,5.369166225403049,0.03967168352261241,-0.19252469284727908,0.013041299203651201,-0.11068537881827221
21.06,FR,0.24821368024031987,early_stance,-0.7675099709610652,18.27622722181916,0.12866033537611257,-1.2574794712996742,0.013776543116051095,-0.18485545896726632
21.06,RL,0.24821368024031987,early_stance,0.6669228577823578,16.734542890189154,0.5882482942652328,-1.3638471813844832,0.046317894355812336,-0.28903104480675573
21.06,RR,0.7482136802403199,swing,-2.3081028766389697,4.617430820974185,-0.6312310821860578,0.28406545833757973,-0.22044084781816464,0.1565001214786862
21.080000000000002,FL,0.7523803469069865,swing,0.45119117430951056,3.9843063145616275,0.10762793512168062,-0.12892874180966363,0.03670426894178601,-0.08636586638439551
21.080000000000002,FR,0.2523803469069865,early_stance,-0.5451737511493706,19.24557989203193,0.19530662856454073,-1.3684093939279305,0.014162639880926689,-0.20067674566395863
21.080000000000002,RL,0.2523803469069865,early_stance,1.054165638775811,18.237709862406536,0.6794217725874682,-1.527386663317213,0.026822106030040392,-0.32868687889969755
21.080000000000002,RR,0.7523803469069865,swing,-2.3490079627620264,3.6527732355979516,-0.5880424711254602,0.32379534480164984,-0.21258977614565613,0.21467688120650552
21.1,FL,0.7565470135736532,swing,0.08905737880279291,2.0273530930437005,0.1435269281231758,-0.001845580245764089,0.05327316995386323,-0.0014574662594161933
21.1,FR,0.25654701357365317,early_stance,-0.37273479099499907,20.1641949155714,0.2353639966640775,-1.4747843426595624,0.008541351071176326,-0.21631902398669473
21.1,RL,0.25654701357365317,early_stance,1.3938226587691007,19.669704637544125,0.7862541665261966,-1.7005136919869943,0.008718169195058837,-0.3861130646012787
21.1,RR,0.7565470135736532,swing,-2.3557873418493247,2.3595011293012673,-0.5206292492675684,0.3673749212778782,-0.1726955631335503,0.2820816672487487
21.12,FL,0.7607136802403198,swing,-0.024190822883570995,0.628187603065177,0.1897283379706261,0.06694717558864816,0.07564706933421812,0.059096556813579365
21.12,FR,0.2607136802403198,early_stance,0.1936886845929106,20.076486030479323,0.40689513127625815,-1.5514025165792589,0.003331634550919333,-0.19148367069303932
21.12,RL,0.2607136802403198,early_stance,1.657925556553275,21.317337744659557,0.9371054425813709,-1.884897133273106,0.016431900051102278,-0.47064115017733515
21.12,RR,0.7607136802403198,swing,0.0,0.0,-0.2638633497843177,0.2093024252433413,-0.007269916455538287,0.20758722447322178
21.14,FL,0.7648803469069865,swing,0.0,0.0,0.22119236961545735,0.09619464468539551,0.07850156459188952,0.09451953297618516
21.14,FR,0.2648803469069865,early_stance,0.28484540307140493,19.4450340820909,0.4229125878284219,-1.5391082784495025,0.03337670869588194,-0.05457400155752107
21.14,RL,0.2648803469069865,early_stance,1.259224976788359,24.553127749721252,0.8807552829549241,-2.1106111582221367,0.1144921710319712,-0.6561790459250811
21.14,RR,0.7648803469069865,swing,-1.3249687687718634,2.0525965108483026,0.2596986628642774,0.05959719964461663,-0.012948088601783429,0.06773050191458986
21.16,FL,0.7690470135736531,swing,0.0,0.0,0.28894107197703506,0.07742176243014653,0.09493796059567644,0.07986955548194857
21.16,FR,0.2690470135736531,early_stance,0.3437598054307564,19.427701965372254,0.44579425154712393,-1.55086046749651,0.04396772200325061,-0.03199562318934443
21.16,RL,0.2690470135736531,early_stance,1.316533486697213,25.29151682488494,0.9364553512347153,-2.1995122772133504,0.08729780841540338,-0.42876102549788186
21.16,RR,0.7690470135736531,swing,0.0,0.0,0.1904260480117844,0.09365965842411739,0.03415041142627222,0.09912688538412176
21.18,FL,0.7732136802403198,swing,0.0,0.0,0.2912295173407912,0.07919786168968934,0.12086115227497611,0.08919286113347313
21.18,FR,0.2732136802403198,early_stance,0.2797796468271753,19.107839828960334,0.42583274002456983,-1.5137932689216451,0.062136516289464136,-0.030203072083995433
21.18,RL,0.2732136802403198,early_stance,1.4911844851047342,25.826708989345995,1.001956810377224,-2.281679128062519,0.11381991675691337,-0.3112833942197354
21.18,RR,0.7732136802403198,swing,0.0,0.0,0.27480864795992255,0.0770887763594652,0.06758417595894686,0.0853893491944998
21.2,FL,0.7773803469069864,swing,0.0,0.0,0.2633778514840185,0.08686605290839844,0.10986135159494367,0.09996385338382334
21.2,FR,0.27738034690698643,early_stance,0.36639009373008546,18.939332801900328,0.44622442977231747,-1.5155987937377757,0.07832414043975332,-0.011056231819058604
21.2,RL,0.27738034690698643,early_stance,1.5018060855016753,25.704104087988956,1.0092748779464777,-2.302929004097621,0.12348059588731619,-0.13491393657083048
21.2,RR,0.7773803469069864,swing,0.0,0.0,0.26207851813599486,0.08267188758708077,0.07628006539468792,0.09134908049627509
21.22,FL,0.7815470135736531,swing,0.0,0.0,0.264968490170287,0.08655294586878681,0.1054751779196095,0.1003741620846035
21.22,FR,0.2815470135736531,early_stance,0.04268935281810196,19.042863185632513,0.3573485873875972,-1.4914880962362167,0.06693633810511808,0.03468649914567622
21.22,RL,0.2815470135736531,early_stance,1.4727330177198592,25.342190270245307,0.9967791359529645,-2.2915251609458394,0.1470289827726143,-0.012357213688245624
21.22,RR,0.7815470135736531,swing,0.0,0.0,0.2739759990162965,0.08014207709450905,0.09390141908608804,0.08825115535986394
21.240000000000002,FL,0.7857136802403197,swing,0.0,0.0,0.2596891625144723,0.08794522874351252,0.09012054960482936,0.1019001256401921
21.240000000000002,FR,0.28571368024031973,early_stance,-0.08859254486087195,19.076274604735342,0.32074256248062927,-1.4704493394727565,0.06294620428716478,0.04231724881312938
21.240000000000002,RL,0.28571368024031973,early_stance,1.4376287804765722,24.830090667164615,0.9740219765363275,-2.2442995402220514,0.1619728316787079,0.10489163363240746
21.240000000000002,RR,0.7857136802403197,swing,0.0,0.0,0.25138277287209315,0.08710846040836162,0.08482180893167048,0.099077760923236
21.26,FL,0.7898803469069864,swing,0.0,0.0,0.2619478457233216,0.09156991164749995,0.08411362897833896,0.11416900408290255
21.26,FR,0.2898803469069864,early_stance,-0.2666471197969876,19.26995366837141,0.26667262885761517,-1.4601277308029699,0.05684403289458459,0.038762818269668056
21.26,RL,0.2898803469069864,early_stance,1.483562548167521,24.241294459379066,0.9687260593567696,-2.1964263046823014,0.20012550490944991,0.14785019719047768
21.26,RR,0.7898803469069864,swing,0.0,0.0,0.23784108032953757,0.08660717929629014,0.056683970663457456,0.09612549952660787
21.28,FL,0.794047013573653,swing,0.0,0.0,0.27125924562309744,0.08827060279605115,0.07030535867656332,0.10910723527021754
21.28,FR,0.29404701357365304,early_stance,-0.3075881209851005,19.329423624764605,0.24826754560553926,-1.4483987306128827,0.05882291942417857,0.03308458248033142
21.28,RL,0.29404701357365304,early_stance,1.1983765613292303,23.947216388579882,0.8841662589430992,-2.1337387171879527,0.21188145845053913,0.19772607023458127
21.28,RR,0.794047013573653,swing,0.0,0.0,0.24882897612666077,0.08474408682214807,0.04526179273233368,0.09699797961865193
21.3,FL,0.7982136802403197,swing,0.0,0.0,0.2782439597094234,0.086341285211878,0.05354616700569875,0.10217458169057647
21.3,FR,0.2982136802403197,early_stance,-0.7621226861407955,19.656730147178664,0.12401419660484023,-1.4128587091177438,0.030051375912461764,0.06606492812947078
21.3,RL,0.2982136802403197,early_stance,1.0369295545026764,23.63679531924774,0.823955369275855,-2.076796966498131,0.2320861226527592,0.19734893702073764
21.3,RR,0.7982136802403197,swing,0.0,0.0,0.28116940445584315,0.07724793246365602,0.05590285292755145,0.08588952844793493
21.32,FL,0.8023803469069863,swing,0.0,0.0,0.2839313773387653,0.08599804837785174,0.03444347869956951,0.10371656689612296
21.32,FR,0.30238034690698634,early_stance,-0.9879888535392363,19.845732878771713,0.06281268431997183,-1.392661994035917,0.015090517954682393,0.05233578736837858
21.32,RL,0.30238034690698634,early_stance,0.9011398687435876,23.111738492742838,0.7650815188954262,-2.004926020528013,0.2267181942551299,0.21969752960352773
21.32,RR,0.8023803469069863,swing,0.0,0.0,0.26186763851526923,0.0813910801836153,0.026804830031141688,0.08549654787669282
21.34,FL,0.806547013573653,swing,0.0,0.0,0.30355224505078693,0.07980496321385877,0.0270793837067172,0.09347744351942514
21.34,FR,0.306547013573653,early_stance,-1.1788709825290549,20.177754036358092,0.009969966336764557,-1.3899861175729895,0.0022899724272399356,0.09524292785559854
21.34,RL,0.306547013573653,early_stance,0.4630058133797307,22.813311080108328,0.6277618225117025,-1.9108103295018204,0.2013001146685595,0.1721935117574559
21.34,RR,0.806547013573653,swing,0.0,0.0,0.2565784900376213,0.07823844835546123,0.01598405500582809,0.07708453293452722
21.36,FL,0.8107136802403196,swing,0.0,0.0,0.2755662891086647,0.07638742254160114,0.009137863270236544,0.08499651461769643
21.36,FR,0.31071368024031965,early_stance,-1.3751943192326255,20.383175159123265,-0.04493095479465867,-1.3736735539555867,-0.010391330061234908,0.06044238528532113
21.36,RL,0.31071368024031965,early_stance,0.18022071460668804,22.2755890397901,0.5446498296020423,-1.8281938313790893,0.15797455877970892,0.20900514835338832
21.36,RR,0.8107136802403196,swing,0.0,0.0,0.243835299636799,0.07214782167025025,0.004920560218035824,0.0665398041780737
21.38,FL,0.8148803469069863,swing,0.0,0.0,0.2764855580654746,0.07981294339872336,-0.016026815048165798,0.0868321106986951
21.38,FR,0.3148803469069863,early_stance,-1.566587081375389,20.76924699051197,-0.09286318714358024,-1.369621999766473,-0.021125585184039716,0.030944464304599104
21.38,RL,0.3148803469069863,early_stance,-0.013818975573425388,21.666260700148655,0.47558289929435543,-1.744584853062479,0.12744283825180858,0.21553311494857105
21.38,RR,0.8148803469069863,swing,0.0,0.0,0.23591058290915382,0.07321324447968092,-0.01081903647724916,0.0656330283889486
21.400000000000002,FL,0.819047013573653,swing,0.0,0.0,0.2896096884573835,0.07709890629970428,-0.028474241523085666,0.07668849820906135
21.400000000000002,FR,0.31904701357365295,early_stance,-1.9113532343395867,21.05591234581106,-0.17923047753825389,-1.3472154855825984,-0.03801641904283603,0.0393773913488909
21.400000000000002,RL,0.31904701357365295,early_stance,-0.05736964332196537,21.205839038618713,0.4502929906909668,-1.6942105584914784,0.12003593356497841,0.1687473399639484
21.400000000000002,RR,0.819047013573653,swing,0.0,0.0,0.2219163579766082,0.07443422564452717,-0.025522908991480908,0.059782387764457316
21.42,FL,0.8232136802403196,swing,0.0,0.0,0.21957519036920467,0.09332945765652334,-0.037606163274044056,0.08381298885002288
21.42,FR,0.3232136802403196,early_stance,-2.2210876475010966,21.52755501949292,-0.24492626645207227,-1.3556017534521263,-0.04617182055019383,0.06830755111847972
21.42,RL,0.3232136802403196,early_stance,-0.36089426472792546,20.586425177031465,0.3731587346494373,-1.6085230795776837,0.09701842895519883,0.12587552272534575
21.42,RR,0.8232136802403196,swing,0.0,0.0,0.21845152125234246,0.07189697153531804,-0.042859201061646625,0.052551082765330444
21.44,FL,0.8273803469069863,swing,0.0,0.0,0.29083380368282896,0.0655449149050309,-0.102362732262576,0.05979421870799441
21.44,FR,0.32738034690698625,early_stance,-2.1522019821880174,22.108820764224117,-0.20203531754061393,-1.412783817500006,-0.023370916387013302,0.08894836019999088
21.44,RL,0.32738034690698625,early_stance,0.03830323692465096,18.016306027361033,0.42241694994882684,-1.4388299701123028,0.05477064818280649,0.2953069845698081
21.44,RR,0.8273803469069863,swing,-2.6111013146155444,6.652878395600513,-0.23763453015191113,-0.06765220017388374,-0.047112808762552076,-0.054774045434148044
21.46,FL,0.8315470135736529,swing,0.0,0.0,0.24920643664991415,0.07036084303192447,-0.11272863023746552,0.05679705264076786
21.46,FR,0.3315470135736529,early_stance,-1.3752532123766856,22.214140465764462,-0.012274273231412676,-1.4965941639930325,0.00037928619904395113,-0.06511351783094216
21.46,RL,0.3315470135736529,early_stance,1.2283380666833386,13.594044928912734,0.6434967522560343,-1.2247676415317956,0.007006767391823274,0.3094827926384575
21.46,RR,0.8315470135736529,swing,-3.710632586712428,8.959043010885408,-0.797955345511268,-0.0605152173266158,-0.21092586549434725,-0.042593914974572565
21.48,FL,0.8357136802403196,swing,0.0,0.0,0.2673735327731571,0.06704324972247744,-0.14016300734905024,0.04652615488699308
21.48,FR,0.33571368024031956,early_stance,-0.3445510205915834,22.0683969689586,0.24793545378916151,-1.6047671656953146,-0.03626549879443507,-0.16515651112701352
21.48,RL,0.33571368024031956,early_stance,1.6522171771522316,11.750627855525591,0.7518226972283262,-1.1348922076885957,0.0019029594538526767,0.20703983074442955
21.48,RR,0.8357136802403196,swing,-4.529196260510076,9.666081760091377,-1.091621622589187,-0.01916130132317595,-0.023144650862788625,-0.010611429505575932
21.5,FL,0.8398803469069862,swing,0.0,0.0,0.2574486003646318,0.07247766810725675,-0.14925011030911464,0.04400387220502902
21.5,FR,0.3398803469069862,early_stance,0.5455046928685208,21.758542780764447,0.5090138286936674,-1.7161474180144758,-0.12085791023222381,-0.1433295739723378
21.5,RL,0.3398803469069862,early_stance,2.02787432192879,10.621818240213782,0.8447218778245108,-1.0919437548039437,0.012754617590003545,0.11930207519000656
21.5,RR,0.8398803469069862,swing,-5.069172334680899,10.507322256256838,-1.2289623735488227,-0.046224161712529466,0.18484320140009555,-0.02169922923125202
21.52,FL,0.8440470135736529,swing,0.0,0.0,0.2331150923327513,0.07611995452111014,-0.16028606273253382,0.04088508213706815
21.52,FR,0.34404701357365286,early_stance,1.483957806302243,21.10769588183823,0.7762700379333288,-1.7962140024451894,-0.21667545456272921,-0.17850366710750723
21.52,RL,0.34404701357365286,early_stance,2.459989042873344,9.570248036032499,0.9425529034168755,-1.0472373200661744,0.011405586303533827,0.0391225942661217
21.52,RR,0.8440470135736529,swing,-5.790762998697503,11.773391794705878,-1.4043227602379438,-0.08939640559223527,0.3998995275737476,-0.03565255192397104
21.54,FL,0.8482136802403195,swing,0.0,0.0,0.2554411253746498,0.06947453760678601,-0.19120348094646214,0.030750847429778717
21.54,FR,0.3482136802403195,early_stance,2.50067471156989,20.635559409927357,1.0648374933001663,-1.898950555928732,-0.3337095017836142,-0.1510709332131883
21.54,RL,0.3482136802403195,early_stance,3.349001064264846,8.77933802770686,1.1634031501847901,-1.0807835755211985,0.0012757066791471228,-0.015972130807309803
21.54,RR,0.8482136802403195,swing,-6.8785038729584675,13.269736408171536,-1.6573868508843486,-0.11094196149226457,0.6802565589062407,-0.033851252097680355
21.56,FL,0.8523803469069862,swing,0.0,0.0,0.20143813031951974,0.08314762016758659,-0.17448027231043778,0.02659575426546489
21.56,FR,0.35238034690698616,late_stance,3.682208504464929,19.959636770230315,1.3985689107440757,-2.0104434870322243,-0.4397558772106781,-0.16750517896916825
21.56,RL,0.35238034690698616,late_stance,4.006930561667359,8.219393924574614,1.2954779211989123,-1.1248120469824199,-0.02605293105518778,-0.04995783490545476
21.56,RR,0.8523803469069862,swing,-7.544741736084093,14.352069277111726,-1.786705172188064,-0.16215853639111993,0.9020697940491785,-0.03552336577885207
21.580000000000002,FL,0.8565470135736528,swing,0.0,0.0,0.24050607212736774,0.0721667154042332,-0.21910350222944946,0.015755501942759938
21.580000000000002,FR,0.3565470135736528,late_stance,4.7356389205249565,19.447139736812005,1.683335171226117,-2.1070454423855067,-0.4642921144977103,-0.2355500860766003
21.580000000000002,RL,0.3565470135736528,late_stance,4.6599385788958685,7.74698247873531,1.4480846153917089,-1.1755133067366974,-0.05830627780909874,-0.08039698546274374
21.580000000000002,RR,0.8565470135736528,swing,-8.31496091232602,15.59353191992487,-1.94648488290387,-0.20869959787460202,1.0940923765816142,-0.028082770885359855
21.6,FL,0.8607136802403195,swing,0.0,0.0,0.1819672286072469,0.08576289103683317,-0.18359499036603516,0.008288698359393908
21.6,FR,0.36071368024031947,late_stance,5.568989624599179,19.171829465314882,1.9180943443727643,-2.196113249835068,-0.5069334892131341,-0.16104611394159588
21.6,RL,0.36071368024031947,late_stance,5.2737872509609325,6.845612316394815,1.6309209872886783,-1.178223702475341,-0.04225397474806029,-0.1586232571437017
21.6,RR,0.8607136802403195,swing,-9.200924565275091,17.10519319914093,-2.1242550882829025,-0.277706959588017,1.3213819759386025,-0.0061055825443722105
21.62,FL,0.8648803469069861,swing,0.0,0.0,0.2069484915639842,0.0807866221754997,-0.2270199647444917,0.0044421226176753125
21.62,FR,0.3648803469069861,late_stance,6.374505985787074,18.88679698034562,2.138262637158367,-2.279490735441244,-0.5213674140163329,-0.1286135924799175
21.62,RL,0.3648803469069861,late_stance,5.891827204277299,6.885213467852206,1.7766859680176186,-1.26896499770113,-0.06778668115022987,-0.1731149679648156
21.62,RR,0.8648803469069861,swing,-10.108061556163651,17.53008506063867,-2.288808973506366,-0.2811219713225409,1.5944718738560055,0.03279899658513039
21.64,FL,0.8690470135736528,swing,0.0,0.0,0.21236296961963785,0.032490685893720214,-0.24755542764967273,-0.002552269143105129
21.64,FR,0.36904701357365277,late_stance,7.146312629557999,18.544875153706208,2.342249904209978,-2.3579081521000917,-0.5220037061578181,-0.10089433964004936
21.64,RL,0.36904701357365277,late_stance,6.568487641273168,6.786300387784011,1.9175586197815249,-1.3534623168900553,-0.07139582934280875,-0.18036266155241265
21.64,RR,0.8690470135736528,swing,-10.829822544520173,17.996168424716107,-2.4365097053317197,-0.2561142395366779,1.921978506421799,0.07505159564846654
21.66,FL,0.8732136802403194,swing,0.0,0.0,0.20663920534214741,0.03772001444972636,-0.2416122921993834,-0.008195325060895582
21.66,FR,0.3732136802403194,late_stance,7.967794536655917,18.15507133529433,2.5530890829340676,-2.4285767653891868,-0.43683432800008587,-0.19748279524970272
21.66,RL,0.3732136802403194,late_stance,7.031759198754133,7.0334752798297595,2.0379518844614406,-1.4406631636222953,-0.04167513233523473,-0.1925825507089563
21.66,RR,0.8732136802403194,swing,-11.597642900836542,17.610188026876003,-2.5802194453145635,-0.15735403255465075,2.243845592953321,0.07302314427428996
21.68,FL,0.8773803469069861,swing,0.0,0.0,0.18269350620799385,0.04252792779647774,-0.22015738305195057,-0.013331802017782762
21.68,FR,0.3773803469069861,late_stance,8.515874903328779,17.937070317971198,2.6919961726366624,-2.493499299537992,-0.3717697658733176,-0.13883501363988932
21.68,RL,0.3773803469069861,late_stance,7.468020954599921,7.468938170551945,2.1733469183772205,-1.5397932012581634,0.0458503272110786,-0.22273429441168388
21.68,RR,0.8773803469069861,swing,-12.224874998743221,17.227341763294454,-2.7034907315157692,-0.06681682531530708,2.493178638060397,0.0415793436896943
21.7,FL,0.8815470135736527,swing,0.0,0.0,0.18486412054521828,0.037754385655915434,-0.22751726728764915,-0.016500795316721703
21.7,FR,0.3815470135736527,late_stance,8.879449771133705,17.37407978791296,2.81423667894169,-2.4892370177500074,-0.16067479253537975,-0.29526883224751543
21.7,RL,0.3815470135736527,late_stance,7.767102450806972,7.77081224230851,2.240387852941109,-1.6093708752939457,0.11019721752843997,-0.1998311699573063
21.7,RR,0.8815470135736527,swing,-12.811392301712747,16.27401966251248,-2.8268578558519137,0.08349088030644591,2.6391204130336816,-0.060282219777713066
21.72,FL,0.8857136802403194,swing,0.0,0.0,0.18397236907098102,0.03214069471662717,-0.22721472469510332,-0.018335169183421898
21.72,FR,0.3857136802403194,late_stance,9.115488356583231,17.021119847245135,2.857669936212736,-2.4844049803922506,0.10881456543401286,-0.6027115964404003
21.72,RL,0.3857136802403194,late_stance,8.1001609611857,8.107658375608732,2.3169429727677273,-1.6768662882801966,0.12630819675551072,-0.20220484363261157
21.72,RR,0.8857136802403194,swing,-13.408036240667922,15.769239683501258,-2.973433081092405,0.20732285544838502,2.8929887264564798,-0.17461141006156483
21.740000000000002,FL,0.889880346906986,swing,0.0,0.0,0.1610974014212776,0.035139712713040394,-0.20414845308404805,-0.023222403127118183
21.740000000000002,FR,0.38988034690698603,late_stance,9.145032347071288,16.89765520166246,2.8525040749726407,-2.478608119151629,0.34089564277973033,-0.9193758997119437
21.740000000000002,RL,0.38988034690698603,late_stance,8.51986141398303,8.772567100735689,2.441291807667342,-1.787724095039642,0.16382983667223266,-0.2881384789635972
21.740000000000002,RR,0.889880346906986,swing,-14.0034526083295,14.837385767308332,-3.124691987417979,0.3727302720171731,3.208988852485125,-0.3601353498396052
21.76,FL,0.8940470135736527,swing,0.0,0.0,0.1735241436398527,0.030051670087973048,-0.21714151667086357,-0.020329850490306455
21.76,FR,0.3940470135736527,late_stance,8.845991711375051,17.248972980390377,2.7677910809182027,-2.4739496829462695,0.4705680592570972,-1.133436703466048
21.76,RL,0.3940470135736527,late_stance,8.725574202203902,9.707785463574737,2.5305697254045505,-1.8929885545026366,0.1370406354199287,-0.3217596299584616
21.76,RR,0.8940470135736527,swing,-14.601760781172887,14.684717957282187,-3.2990235267253905,0.49951478870152144,3.553939032594968,-0.4997308053749366
21.78,FL,0.8982136802403193,swing,0.0,0.0,0.1769965435209675,0.025087231013263045,-0.22798156148602977,-0.021939563048318084
21.78,FR,0.39821368024031933,late_stance,8.92947714454727,17.032294610205533,2.7712210929593577,-2.4716386875803558,0.5902059093979745,-1.2914346618592591
21.78,RL,0.39821368024031933,late_stance,8.919172233700811,11.253113463851056,2.597469698718511,-2.0481808785621753,0.04080941021787461,-0.2320504460859802
21.78,RR,0.8982136802403193,swing,-14.380000472459942,14.447621805021594,-3.2934072831822703,0.5323975267287936,3.660597617619302,-0.5054369983337778
21.8,FL,0.902380346906986,swing,0.0,0.0,0.17086456952994322,0.025544381852672826,-0.21211844744025254,-0.023901063966084286
21.8,FR,0.402380346906986,late_stance,8.496363345162376,17.647201905195512,2.631639073407916,-2.4712525004646984,0.65719195206489,-1.3852386815280513
21.8,RL,0.402380346906986,late_stance,9.271799293726763,11.846856637562107,2.6764876762042737,-2.1313564073961544,0.10674017627119542,-0.271741973926985
21.8,RR,0.902380346906986,swing,-14.446429449182123,14.498708058636598,-3.3646296864677296,0.5723724807117275,4.032965491004019,-0.5582761474430116
21.82,FL,0.9065470135736526,swing,0.0,0.0,0.145323906479771,0.0329843509823472,-0.17519003973952527,-0.03142527811999413
21.82,FR,0.40654701357365264,late_stance,8.385229111325586,17.721196791465584,2.564002222835467,-2.472320556844154,0.6596008328616794,-1.2348213929510894
21.82,RL,0.40654701357365264,late_stance,9.696992194454186,12.781150893057523,2.7721729756118605,-2.259869632306497,0.23351445842043203,-0.2848129564128773
21.82,RR,0.9065470135736526,swing,-13.647062942059817,13.691186281893929,-3.2089411129854746,0.5737634817034115,4.1055072330528475,-0.5106173054399717
21.84,FL,0.9107136802403193,swing,0.0,0.0,0.11547353893753198,0.07996901224093711,-0.13525676370792025,-0.08783026349378521
21.84,FR,0.4107136802403193,late_stance,8.15947788343293,18.226639595116243,2.42967728489851,-2.4938949625985063,0.8311543345611082,-0.8296253936716794
21.84,RL,0.4107136802403193,late_stance,8.86415123792698,16.736372424240486,2.6031308099273325,-2.4830964756163993,0.7639415264850143,-0.6575523202196054
21.84,RR,0.9107136802403193,swing,0.0,0.0,-1.7671740728073808,0.44288186009046404,4.96522087036473,-0.36133675815534566
21.86,FL,0.9148803469069859,swing,0.0,0.0,-0.0268043032277957,0.12591539439035881,0.030717435925350246,-0.14026170032571628
21.86,FR,0.41488034690698594,late_stance,6.347515324038652,18.394799313235893,1.9227480044125769,-2.34977739137409,1.3878444270212957,0.8071921762223833
21.86,RL,0.41488034690698594,late_stance,5.0260853073620915,24.969404683392607,1.5694637894596566,-2.5554663696121263,1.7195960814391325,-2.162432220162688
21.86,RR,0.9148803469069859,swing,0.0,0.0,0.12432425469039288,-0.03514366787796863,-0.3886391228704103,0.02022172167171031
21.88,FL,0.9190470135736526,swing,0.0,0.0,0.16827083691431155,0.009820442861691259,-0.21112167240032048,-0.010186180507421795
21.88,FR,0.4190470135736526,late_stance,4.499067167466082,19.010882388146847,1.4413255713283544,-2.1510560882756202,1.0802316682474145,1.4160745237160994
21.88,RL,0.4190470135736526,late_stance,3.5952355879924127,27.247382451984116,1.0858182396012004,-2.560687937574332,0.8614271408876556,-0.5670618943724316
21.88,RR,0.9190470135736526,swing,-9.266680473511482,9.303514241175614,-0.8124128724095429,0.040046592804049874,0.6983723257521021,-0.03586003519014675
21.900000000000002,FL,0.9232136802403192,swing,0.0,0.0,0.21694686243808503,-0.01806558499636357,-0.2464654053055497,0.020546412619511994
21.900000000000002,FR,0.42321368024031925,late_stance,4.538557432167859,19.29168467001095,1.399145897778971,-2.147171893797814,0.619185957188679,1.3624075379842684
21.900000000000002,RL,0.42321368024031925,late_stance,5.196439596779168,20.05153503153554,1.4741017083477117,-2.2144651981967525,0.22876034888797098,1.173022261720119
21.900000000000002,RR,0.9232136802403192,swing,-8.699912343842106,8.838245678405807,-1.7372398633166313,0.2694514148009639,0.5133745055112838,-0.30315188028649337
21.92,FL,0.9273803469069859,swing,0.0,0.0,0.11755162760053228,0.01145926664140029,-0.11722565679232486,-0.013819054117843711
21.92,FR,0.4273803469069859,late_stance,5.00098624419051,19.21425664884464,1.4163611390578505,-2.146058397856637,0.37516593601712916,1.3616947888057949
21.92,RL,0.4273803469069859,late_stance,5.948566413319306,17.592906449046566,1.590521428182627,-2.104092463475049,0.0616018155610176,1.4673160899626971
21.92,RR,0.9273803469069859,swing,-7.3300903354158,7.481427540860299,-1.7669124997388503,0.3195573331267342,1.2207227264345053,-0.35027725581733765
21.94,FL,0.9315470135736525,swing,0.0,0.0,-0.031721129773033985,0.07393789295609876,0.028734898245404015,-0.08879998170986488
21.94,FR,0.43154701357365255,late_stance,4.934329608301202,18.673627271581548,1.2685172815677468,-2.03765771873903,0.5084887822780975,1.7459000791073274
21.94,RL,0.43154701357365255,late_stance,4.704041909498296,22.2320789762773,1.1385571881284537,-2.1910999498050248,0.6023333894688536,0.6647083128160607
21.94,RR,0.9315470135736525,swing,0.0,0.0,-0.13632189833162212,0.05101287211652772,0.2935403716566574,-0.03554835535930089
21.96,FL,0.9357136802403192,swing,0.0,0.0,0.020210279426248645,0.04447951492462987,-0.017958595800870412,-0.05014164745375279
21.96,FR,0.4357136802403192,late_stance,3.25988653502398,17.218881296779717,0.816253266027738,-1.6499326508723668,0.5397749067352928,1.3615018112996538
21.96,RL,0.4357136802403192,late_stance,3.1742918922895154,23.73589865900764,0.6389792283584798,-2.0189105480756253,0.4337762220790844,0.7343749998991909
21.96,RR,0.9357136802403192,swing,0.0,0.0,0.22609733201599824,-0.02802209140919132,-0.3538602176474331,0.021848920032529365
21.98,FL,0.9398803469069859,swing,0.0,0.0,0.04874222240743187,0.022949810224104916,-0.04441393419229152,-0.02427193336921013
21.98,FR,0.43988034690698585,late_stance,1.5145842235471894,18.399150034318094,0.2505417209397568,-1.398052174083641,0.21019050916555643,0.7663579243299736
21.98,RL,0.43988034690698585,late_stance,2.2027515011488275,22.30460551230594,0.3018855318442788,-1.704398536445876,0.20143210735974076,0.7466112859518718
21.98,RR,0.9398803469069859,swing,0.0,0.0,0.18793509446027656,-0.0014027924346213805,-0.19690812686919776,0.0011770862055421447
22.0,FL,0.9440470135736525,swing,-12.502417096279752,24.71228955396505,-1.5839477742849506,-0.9897267875402376,-0.735939521220271,0.4242524542480473
22.0,FR,0.4440470135736525,late_stance,-0.25215303218596025,8.635134421930314,0.023256810303139974,-0.4814423532821507,0.013026081999121407,0.48638235735691515
22.0,RL,0.4440470135736525,late_stance,0.48624957968018057,18.092872370441484,-0.08048781571256336,-1.1574020834568282,-0.05141306341140461,0.7957721376303849
22.0,RR,0.9440470135736525,swing,0.0,0.0,0.20226721312777673,0.0055767908595577564,-0.16405249756390894,-0.004735923895116285
22.02,FL,0.9482136802403192,swing,-13.710509489525064,23.8854674296584,-2.1454316695802484,-0.6975913597054588,-0.34057305278803823,0.772604006016271
22.02,FR,0.44821368024031916,late_stance,-1.004916542224049,5.112229154560086,-0.09498841610410552,-0.1414772018880912,-0.04588908316845614,0.09055384954937096
22.02,RL,0.44821368024031916,late_stance,-0.5883222325980935,13.500512134202289,-0.2976631736346528,-0.6810841600774395,-0.14549172395198776,0.5129857607861557
22.02,RR,0.9482136802403192,swing,0.0,0.0,0.284066002966739,-0.018253537946104292,-0.1869860472423532,0.012962497067219515
22.04,FL,0.9523803469069858,swing,-13.581163400061875,21.335799069791427,-2.3565856180810982,-0.39228370336215135,0.33508856729005954,0.5152471211870778
22.04,FR,0.4523803469069858,late_stance,-1.171763334629593,4.571902441936574,-0.1812011813740716,-0.0736923526863591,-0.06312429097702439,0.023815381759285107
22.04,RL,0.4523803469069858,late_stance,-1.2297499827192016,10.953804711653348,-0.42832739244585943,-0.4052321320927489,-0.15369347190477825,0.24292511729413915
22.04,RR,0.9523803469069858,swing,0.0,0.0,0.26893928280853546,-0.016465219039747736,-0.12974299263852782,0.010475315533002842
22.06,FL,0.9565470135736525,swing,-13.127064138959012,19.562043990296534,-2.3825569265869575,-0.21290918209084542,0.8886063410962984,0.25689494879601704
22.06,FR,0.45654701357365246,late_stance,-0.9706757323537627,4.757002331625259,-0.1567676157239107,-0.08301990113459783,-0.026042951718434168,0.009762942528965065
22.06,RL,0.45654701357365246,late_stance,-1.0669001603806976,9.872920497879075,-0.3482728561901307,-0.3601214527589697,-0.07914259479613547,0.12089893034613496
22.06,RR,0.9565470135736525,swing,0.0,0.0,0.22741867256910037,-0.013984156783562407,-0.08888049305653738,0.008518618425794832
22.080000000000002,FL,0.9607136802403191,swing,-11.847761834994627,17.01506821751126,-2.180074237907164,-0.10983993039021123,1.2497459605418229,0.12228298873058714
22.080000000000002,FR,0.4607136802403191,late_stance,-0.43404905570727714,8.292206357599195,-0.12284828493693929,-0.3135331982674715,-0.017742870142113763,-0.06853335830533251
22.080000000000002,RL,0.4607136802403191,late_stance,-0.6541572392294983,11.302090167013114,-0.3209785840857755,-0.45039498166878944,-0.03639689786907699,0.04266868495973467
22.080000000000002,RR,0.9607136802403191,swing,0.0,0.0,0.17380325963240165,0.003906460783211774,-0.045108686103197355,-0.0021037991896081364
22.1,FL,0.9648803469069858,swing,-10.009898301318932,12.812174912409937,-1.9112698211083914,0.07476326894105245,1.3510389782942729,-0.07503722053987688
22.1,FR,0.46488034690698576,late_stance,0.4613260025249933,12.738226825894372,-0.057760824265083735,-0.6851141638138636,-0.008151807303697885,-0.27540627951792174
22.1,RL,0.46488034690698576,late_stance,0.1021278614979782,13.038625391833522,-0.2260534731498811,-0.637856760248037,-0.0032827343606390805,-0.056397559408682345
22.1,RR,0.9648803469069858,swing,0.0,0.0,0.09974664523850009,0.023751063924914884,-0.015006159990035808,-0.01226002500027674
22.12,FL,0.9690470135736524,swing,-7.382837567990119,8.568304807789197,-1.442469607658889,0.15012730101516303,1.2234290261580258,-0.12345098303917036
22.12,FR,0.4690470135736524,late_stance,1.600940362722471,15.722569963883872,0.11135470280560314,-1.0355181915079434,-0.006518509099564804,-0.42990408190214585
22.12,RL,0.4690470135736524,late_stance,1.1966263037462206,9.588699144093228,0.17180535232032224,-0.6341710647319557,-0.051693731658676495,0.010833582143910713
22.12,RR,0.9690470135736524,swing,-1.9019667481926499,10.868797533891366,0.11076505666942452,-0.6658604453233337,-0.025487537762233028,-0.09409893623226205
22.14,FL,0.9732136802403191,swing,-4.80546616377833,4.923986281618269,-1.003273247402593,0.19313180951705805,0.8217675094012336,-0.11335469464944849
22.14,FR,0.47321368024031907,late_stance,2.7044735602253733,16.632484022194973,0.36976002583462764,-1.2700075939413407,-0.06906396646718525,-0.4589066757101325
22.14,RL,0.47321368024031907,late_stance,2.5090150475116686,7.99987924223227,0.5667313444040045,-0.7407482624464193,-0.19055269151352963,-0.047994105683543065
22.14,RR,0.9732136802403191,swing,-1.212340616663482,13.596359888490824,0.4639503904194279,-1.062724592304972,-0.19254075942996626,-0.08746076866005292
22.16,FL,0.9773803469069857,swing,-2.9506000475870433,3.282727284942997,-0.62575442986984,0.11856103008049412,0.42292175206849963,-0.041638521567484044
22.16,FR,0.4773803469069857,late_stance,3.6183764639223526,15.945368393384612,0.6483507062188876,-1.3906001619239747,-0.13988796685981614,-0.2757977156057449
22.16,RL,0.4773803469069857,late_stance,3.677303789067745,9.073882969493733,0.831749878252159,-0.9798286918945436,-0.17821439502179257,-0.13930977228165164
22.16,RR,0.9773803469069857,swing,-1.1642204698736722,15.149721319044719,0.5827725385615368,-1.2581386695998602,-0.23214595694453025,-0.02039942899845094
22.18,FL,0.9815470135736524,swing,-1.6557531876988238,2.2245445061779088,-0.3543468517075645,0.0561502842042958,0.1741620992617698,-0.010917012762629469
22.18,FR,0.48154701357365237,late_stance,4.115958798130402,14.778739786232967,0.8252767538781539,-1.4245474897957264,-0.15293062545916725,-0.09131027161060622
22.18,RL,0.48154701357365237,late_stance,4.0407967164111005,10.5469630817715,0.8902181842799578,-1.120861825334609,-0.0776029851239103,-0.1962729459665206
22.18,RR,0.9815470135736524,swing,-0.7040181337261646,15.596498738444483,0.7622912580980286,-1.4043294965111424,-0.26213116734782943,0.11357047423527326
22.2,FL,0.985713680240319,swing,0.0,0.0,-0.09788160898872028,0.04258278397514556,0.037121588210010964,-0.004633720221791639
22.2,FR,0.485713680240319,late_stance,4.5174724327640785,13.69873150972555,0.9449811910296021,-1.4430285887986225,-0.12132952197692565,0.08133166807784935
22.2,RL,0.485713680240319,late_stance,4.296731395019483,13.065429915606092,0.9247689668885408,-1.3028460741888632,0.035590904708905566,-0.24863791599176646
22.2,RR,0.985713680240319,swing,0.07071056314676306,14.553832481392519,0.908458220410166,-1.403794187292454,-0.2316384450202027,0.23507071059891005
22.22,FL,0.9898803469069857,swing,-1.1096366740036443,2.945846916634959,-0.10097042387712678,-0.08091904079000828,0.009076874143100207,0.00601436012836234
22.22,FR,0.4898803469069857,late_stance,4.609246705006053,13.458267636248696,1.019245005337469,-1.4463340757845093,-0.014351780307566776,0.1524173839015843
22.22,RL,0.4898803469069857,late_stance,4.204211657188463,13.82051078212947,0.8890515686053516,-1.3489574668572313,0.11465071635909319,-0.12624219849373605
22.22,RR,0.9898803469069857,swing,0.3015369885716446,14.464765267953272,0.9810805130748467,-1.4290285164100747,-0.10140098321790285,0.23215865250816417
22.240000000000002,FL,0.9940470135736523,swing,-1.7517818195820678,4.448331115342137,-0.14320681826057086,-0.09014478914172169,-0.023446316337440272,-0.014063578778080298
22.240000000000002,FR,0.4940470135736523,late_stance,4.230261352281425,12.073921050891322,0.9832483566889911,-1.3266753724393732,0.07921548808212808,0.23131741359765762
22.240000000000002,RL,0.4940470135736523,late_stance,4.066638118811786,13.799094772314298,0.8564982724711135,-1.3449030249515057,0.18498431050586353,-0.040008527708837
22.240000000000002,RR,0.9940470135736523,swing,0.18440230429498247,13.836430700441152,0.9552616906267539,-1.349846158858178,0.03067388703666358,0.22704106546409616
22.26,FL,0.998213680240319,swing,-2.9944492986182207,7.3692869283468605,-0.32599118445797737,-0.20899443099797388,-0.10421160400432779,-0.06014618168964304
22.26,FR,0.498213680240319,late_stance,3.898717066297124,11.154840381882916,0.913725083213274,-1.2182254915617028,0.12436958622880177,0.3179888878480593
22.26,RL,0.498213680240319,late_stance,3.6306067599791993,13.869338764237057,0.7272794941532212,-1.28838206989829,0.170997537763455,0.12545292869140545
22.26,RR,0.998213680240319,swing,0.22893449614296163,12.814582523943466,0.904313847216372,-1.2466339114463671,0.13978468049825604,0.18332487433206288
22.28,FL,0.002380346906985631,early_stance,-4.019043486849072,9.678363405885746,-0.4586071216156945,-0.30330366223461264,-0.16789660279812038,-0.08053822780133663
22.28,FR,0.5023803469069856,late_stance,3.3532793166148114,9.419197887079404,0.8207555517499715,-1.0276332768204177,0.15275449537925312,0.30542389901429917
22.28,RL,0.5023803469069856,late_stance,3.1960768924649465,13.31959259461973,0.6159320584594313,-1.1819718049921581,0.16816965077365179,0.16748811035311217
22.28,RR,0.002380346906985631,early_stance,0.05543885907235788,11.854677153783085,0.7935824638754478,-1.12102563804902,0.19526617086540876,0.13254127332849017
22.3,FL,0.0065470135736522975,early_stance,-4.542169113280438,11.001670444355286,-0.5189860594193167,-0.36171257803289275,-0.19423951832274533,-0.08460900295279782
22.3,FR,0.5065470135736523,late_stance,2.871033332026882,8.803481426839863,0.6998803141359555,-0.9091353921549021,0.1584623722342697,0.2354177004030273
22.3,RL,0.5065470135736523,late_stance,2.8491320475603015,12.518727501294096,0.532742138921824,-1.0748214966839766,0.14036928533403273,0.22336822483857185
22.3,RR,0.0065470135736522975,early_stance,-0.17243151535952703,11.427235274658287,0.697595033704019,-1.041331317338391,0.19064574430768466,0.11430685899997316
22.32,FL,0.010713680240318966,early_stance,-5.225421392398171,11.959938608084025,-0.6503589884691025,-0.3639270588671089,-0.22586341454814454,-0.06495824913971947
22.32,FR,0.5107136802403189,late_stance,2.5636970627528926,8.733752580476102,0.6145151279890844,-0.8483129970128722,0.15827826636041195,0.16641976949167206
22.32,RL,0.5107136802403189,late_stance,2.3449889992122523,11.652897182615089,0.4189311342843518,-0.9451021824868064,0.10257003973351442,0.23003782989121677
22.32,RR,0.010713680240318966,early_stance,-0.45634235729952605,10.648349967059525,0.5735793002761808,-0.8908308747489081,0.17820594799333322,0.02188478397156947
22.34,FL,0.014880346906985632,early_stance,-5.468625494687353,12.431341615108499,-0.6815526571827253,-0.3863720951873296,-0.20494757800781754,-0.05121117005543642
22.34,FR,0.5148803469069856,late_stance,2.1257070830795888,9.015316497943143,0.47663352114954294,-0.7844822050644813,0.12466989234380947,0.10980905986266222
22.34,RL,0.5148803469069856,late_stance,2.009194572660084,10.47656330717969,0.3783516789417852,-0.8361985307404393,0.08574735270594852,0.19373789820233334
22.34,RR,0.014880346906985632,early_stance,-0.7354114695283371,11.180582416583917,0.5100213484238831,-0.8986268386914968,0.15845829532554664,-0.02970274729288508
22.36,FL,0.019047013573652297,early_stance,-5.349180087655294,12.150627885486625,-0.6772713004022409,-0.3697287201817978,-0.17117775522130718,-0.031114236057603745
22.36,FR,0.5190470135736523,late_stance,2.098214442532744,9.686556011447138,0.4310819407477645,-0.8058987137134264,0.09991829696998361,0.10832634966916932
22.36,RL,0.5190470135736523,late_stance,1.9157600309104523,9.998100517865952,0.35317052244046776,-0.7896038252332961,0.06967725906534564,0.1845033512079423
22.36,RR,0.019047013573652297,early_stance,-0.883913270550302,11.539072540667334,0.4735139079481515,-0.901877028220128,0.13603299221184975,-0.047651508211931336
22.38,FL,0.023213680240318963,early_stance,-5.249288012740998,11.97846897588395,-0.671638975529833,-0.35896109243656493,-0.1580504529258525,-0.04411082453762737
22.38,FR,0.523213680240319,late_stance,1.9794989480870275,10.001658405835743,0.37458444652137546,-0.7914068473636091,0.08549855141662495,0.05685360495843259
22.38,RL,0.523213680240319,late_stance,1.7594443257531407,9.564237257678991,0.31514675344415266,-0.7326104380314831,0.05059752560872026,0.1653103058233334
22.38,RR,0.023213680240318963,early_stance,-1.0576451785491174,11.518854744924836,0.4138042459033342,-0.8586537093623154,0.1052824863000211,-0.061638335611563594
22.400000000000002,FL,0.027380346906985632,early_stance,-5.11516721894155,11.675418222264243,-0.6616315539169288,-0.3448257127550303,-0.11538417538860553,-0.027130477210238972
22.400000000000002,FR,0.5273803469069857,late_stance,1.7825289078419495,10.6980334125897,0.3033805339376554,-0.8090249661784786,0.058438773427710304,0.05417105842289017
22.400000000000002,RL,0.5273803469069857,late_stance,1.5694951720146064,9.001204319956733,0.28340889467349106,-0.6689152434314095,0.039738143310723714,0.12328542176457402
22.400000000000002,RR,0.027380346906985632,early_stance,-1.117777863213047,11.951456782214414,0.41834219289253205,-0.8992234660852769,0.0958370956112247,-0.08792296487284464
22.42,FL,0.0315470135736523,early_stance,-4.545377488160623,11.28537860642344,-0.5390394537753822,-0.37615543714550986,-0.08261679246717309,-0.04307669972421373
22.42,FR,0.5315470135736523,late_stance,1.8877095419631187,10.774651326895127,0.31608186877339217,-0.821091146313319,0.049667566823973004,0.05252661213249729
22.42,RL,0.5315470135736523,late_stance,1.6384215584295083,9.375753286550978,0.2675660020453922,-0.68860023402876,0.030320447370380088,0.10441408140375515
22.42,RR,0.0315470135736523,early_stance,-1.0808773336137707,11.901446268902156,0.4150515840766009,-0.897471075910603,0.07526083357939554,-0.06680475471016223
22.44,FL,0.035713680240318964,early_stance,-4.45778697340348,11.521686699711335,-0.5158248389862494,-0.4079045638459008,-0.0666166581510768,-0.04608286787507138
22.44,FR,0.535713680240319,late_stance,1.752657660141595,10.581059257306226,0.2752826749095327,-0.7839548076379053,0.0388055388624715,0.04807515693178974
22.44,RL,0.535713680240319,late_stance,1.6036271140940324,9.76751985616893,0.23764634981420313,-0.697020394472927,0.028027635109638238,0.0673228606900391
22.44,RR,0.035713680240318964,early_stance,-0.873531628084221,11.592102714836335,0.4448269301765252,-0.8847778509306881,0.08219129098766287,-0.0976841285637443
22.46,FL,0.03988034690698563,early_stance,-4.11512329250157,11.240928565490158,-0.4440771258363353,-0.42240671789516104,-0.05821362591421801,-0.06587918873648672
22.46,FR,0.5398803469069856,late_stance,2.015165332329868,10.236194232919615,0.3519970291779439,-0.796171845075766,0.046468582680685544,0.043232568156431415
22.46,RL,0.5398803469069856,late_stance,1.7811895879121684,10.130198134227658,0.25905221160070313,-0.7334864112841176,0.030808107009063647,0.04155197967463041
22.46,RR,0.03988034690698563,early_stance,-0.7143369659692118,11.747658617598837,0.48293082410497024,-0.9184250271059115,0.08396850802429379,-0.10090848844440653
22.48,FL,0.044047013573652295,early_stance,-3.784858427475629,11.25226087853902,-0.36632602358382715,-0.46660472854327506,-0.04317459651035434,-0.06355135032725744
22.48,FR,0.5440470135736523,late_stance,1.9749152551352136,10.34871629280543,0.3230130958588601,-0.7987268247381869,0.03837586069978282,0.05626438914270268
22.48,RL,0.5440470135736523,late_stance,2.1235273222233597,10.95458234204549,0.30284219061323997,-0.8277720512090979,0.027654688880747815,0.08011086956191747
22.48,RR,0.044047013573652295,early_stance,-0.6354255466389646,11.54624059362858,0.4857373854947748,-0.9137692747208876,0.07424885728161315,-0.0697402391514093
22.5,FL,0.04821368024031896,early_stance,-3.4989285735552293,10.914839790735561,-0.3085401912886404,-0.4706137272171882,-0.04239031773276555,-0.07282218133433073
22.5,FR,0.5482136802403189,late_stance,1.9306030685509656,10.416253439704773,0.29937593045755373,-0.7904513040208578,0.034008316103409965,0.0635136217442545
22.5,RL,0.5482136802403189,late_stance,2.0620755296802042,10.875306034638001,0.2874073607426636,-0.8077952445802914,0.027819267312087653,0.07954331987206953
22.5,RR,0.04821368024031896,early_stance,-0.6008766401568959,11.466457849469224,0.4849538876617176,-0.9083756410834446,0.07316021164721657,-0.06143578041202697
22.52,FL,0.05238034690698563,early_stance,-3.0575042009992406,10.799220287962962,-0.20456922842186723,-0.516614174319673,-0.03013480360435202,-0.07064460647151154
22.52,FR,0.5523803469069857,late_stance,2.210799714761989,10.748713637100062,0.34589670710907905,-0.8463214478476818,0.032555861657528176,0.11269302725569753
22.52,RL,0.5523803469069857,late_stance,1.9859052248918634,11.064864171676529,0.2549923594804998,-0.8051989332742878,0.029050900739092247,0.07172083299013436
22.52,RR,0.05238034690698563,early_stance,-0.7702584698862683,11.46465807770411,0.43201990354380326,-0.888844200496417,0.06590531557240353,-0.048261099406856266
22.54,FL,0.05654701357365229,early_stance,-3.103449133553337,10.750278374051721,-0.2220297429623257,-0.5052473851178018,-0.03696258322919504,-0.0706265596056165
22.54,FR,0.5565470135736523,late_stance,2.055965264769131,10.38964211833013,0.31992785515616984,-0.801695551308139,0.03506856753224624,0.10444910179451326
22.54,RL,0.5565470135736523,late_stance,1.9980259172150114,11.070406959331676,0.25867270005252707,-0.8083303270489713,0.03516017679366444,0.06199967790881595
22.54,RR,0.05654701357365229,early_stance,-0.5278375647247021,11.189546121299434,0.48686052697030957,-0.8818210061452474,0.08349550854928302,-0.05972044895071344
22.56,FL,0.060713680240318965,early_stance,-3.039935824486172,11.076944242310425,-0.1947028144986356,-0.5438175109716875,-0.034506730650657055,-0.07083791763202885
22.56,FR,0.560713680240319,late_stance,2.042332257493324,10.056685916567039,0.32502359133492914,-0.7764206750071048,0.042861132740796906,0.08994408574068899
22.56,RL,0.560713680240319,late_stance,2.08324765714594,11.275412155596902,0.2665410697130593,-0.8333543013221958,0.03482109342819609,0.09462526224598854
22.56,RR,0.060713680240318965,early_stance,-0.5505307837075761,11.39789591057016,0.4730885670021292,-0.8985982621358715,0.09124168685609284,-0.06602859052745429
22.580000000000002,FL,0.06488034690698563,early_stance,-2.961637364814515,11.224386317194758,-0.1694092123806227,-0.5663327707189609,-0.031361242978595855,-0.06568436735544288
22.580000000000002,FR,0.5648803469069856,late_stance,1.8749772016354043,10.166452538695154,0.269863007572303,-0.7539504308536266,0.038537033712995716,0.0862846831667653
22.580000000000002,RL,0.5648803469069856,late_stance,1.846176644605132,11.088189603904809,0.2207740067530622,-0.7967736138704894,0.029832262355531377,0.09879086326164918
22.580000000000002,RR,0.06488034690698563,early_stance,-0.6953404932122121,11.276549336367,0.42233854468173,-0.8607394048806981,0.08824844924937125,-0.07312239657626174
22.6,FL,0.0690470135736523,early_stance,-2.855848191173929,11.427793360402339,-0.13936738465730927,-0.5962986315119967,-0.02571488158863728,-0.06854363613740548
22.6,FR,0.5690470135736523,late_stance,1.871525929336454,9.99662723659897,0.2745828312943704,-0.7428662032775514,0.040272009378123905,0.07335811420416496
22.6,RL,0.5690470135736523,late_stance,1.7889281841229363,10.937205503560094,0.20640213226038084,-0.7809643862923445,0.022485882772669954,0.12585390275630243
22.6,RR,0.0690470135736523,early_stance,-0.7240003623879674,11.35781693773426,0.4119773645069149,-0.8748100498304543,0.07554831082608507,-0.038551371976142924
22.62,FL,0.07321368024031896,early_stance,-2.9354424624229485,11.556150228308685,-0.15895056835861568,-0.596279632440213,-0.028706258306324627,-0.05336507068670696
22.62,FR,0.5732136802403189,late_stance,1.6998356111479571,10.049392783849108,0.22266050873730808,-0.7181268401786506,0.0326979445215321,0.0786583026886118
22.62,RL,0.5732136802403189,late_stance,1.5687750176742319,10.583546801614407,0.16868009861161593,-0.7331259415647429,0.020634331332411472,0.10965719521066578
22.62,RR,0.07321368024031896,early_stance,-0.6647873199969025,11.408150856447078,0.4229425010780624,-0.875681958037374,0.08497512099744628,-0.05490554558390074
22.64,FL,0.07738034690698563,early_stance,-2.61441842462708,11.201722692754117,-0.09359496747203663,-0.5991335483650778,-0.019152049828254393,-0.08289994459890283
22.64,FR,0.5773803469069856,late_stance,1.6080945416310646,10.3404338696805,0.1720690768764531,-0.7095772807649969,0.025483871129755052,0.06817926763142368
22.64,RL,0.5773803469069856,late_stance,1.6614930679886544,10.481874151086407,0.19180891126861965,-0.7413011581098049,0.022833137328990918,0.11028095003420023
22.64,RR,0.07738034690698563,early_stance,-0.7444815590658185,11.45399059899712,0.3932848451220574,-0.8669732011225021,0.07625683751738987,-0.05032690336481971
22.66,FL,0.0815470135736523,early_stance,-2.7881118613994045,11.497585434547208,-0.13836904724101867,-0.6019215002914508,-0.028274762385468062,-0.08312758658195969
22.66,FR,0.5815470135736522,late_stance,1.4701204922810227,10.518593980669968,0.1266625157370723,-0.6958994550079626,0.017955557241718982,0.06865595266082768
22.66,RL,0.5815470135736522,late_stance,1.4638927757040079,10.195225631895179,0.15646099293943969,-0.6998264727421335,0.019005617141770324,0.0994554645945414
22.66,RR,0.0815470135736523,early_stance,-0.8079615560505999,11.425962636745341,0.3683729792723257,-0.853737524729838,0.0693867049728909,-0.046761666714144626
22.68,FL,0.08571368024031896,early_stance,-2.5990980501617424,11.295989124234909,-0.10455084711808163,-0.6058980494239078,-0.019796862067774517,-0.058623256432156524
22.68,FR,0.585713680240319,late_stance,1.5969365330385912,10.865232065993009,0.1533144653063047,-0.7512275013367031,0.018707849757891262,0.10669398786132207
22.68,RL,0.585713680240319,late_stance,1.572523652851768,10.38932115649445,0.16830233149268603,-0.7238203322210242,0.02192506570447473,0.09640892212358758
22.68,RR,0.08571368024031896,early_stance,-0.72959469647639,11.497063831150411,0.38127583218150807,-0.8605712829346526,0.07778593693484968,-0.061752673767912866
22.7,FL,0.08988034690698563,early_stance,-2.523407709168912,11.414836144991996,-0.08575430029004333,-0.6241453849638682,-0.016776168769676615,-0.0630859010064532
22.7,FR,0.5898803469069857,late_stance,1.5385326445541971,10.415657164231266,0.15960589233352146,-0.7176492414363655,0.021906608562242445,0.08867810883585633
22.7,RL,0.5898803469069857,late_stance,1.4338860238477062,10.311869845486417,0.14429179469449874,-0.707790681078197,0.016758093833886125,0.1125871976540478
22.7,RR,0.08988034690698563,early_stance,-0.82601087578792,11.452839843532526,0.3458236858722007,-0.8451427799591033,0.06873522515339711,-0.04792433955900249
22.72,FL,0.09404701357365229,early_stance,-2.405498776800039,11.495277090855392,-0.05870643298637904,-0.6434551071559709,-0.011247130563854176,-0.06415203835276964
22.72,FR,0.5940470135736523,late_stance,1.4129319669939255,10.420007174434748,0.11998637214685205,-0.6959958038213803,0.01601907398007971,0.08077906025596275
22.72,RL,0.5940470135736523,late_stance,1.3425506359347468,10.153028772678217,0.13201873109387915,-0.6921304618197336,0.013681946748405375,0.11658606667596738
22.72,RR,0.09404701357365229,early_stance,-0.8270128985244234,11.468658233591066,0.33863334439704096,-0.8517082872459523,0.0601236997804513,-0.023746014515404975
22.740000000000002,FL,0.09821368024031896,early_stance,-2.4458830033551306,11.524286829995821,-0.07423304047891757,-0.638331316185896,-0.013332520197894309,-0.049702953521937265
22.740000000000002,FR,0.598213680240319,late_stance,1.356070423771829,10.648526826134225,0.09521412616340305,-0.7036427903708201,0.011189288198882976,0.09672779111915106
22.740000000000002,RL,0.598213680240319,late_stance,1.1974804862229955,9.979441793840062,0.09845317778658191,-0.6580921267915117,0.011434240028772233,0.09351407576002509
22.740000000000002,RR,0.09821368024031896,early_stance,-0.8662715115775177,11.391480911154769,0.3167976002358357,-0.8311415096263052,0.057200159032629774,-0.031170240515648682
22.76,FL,0.10238034690698562,early_stance,-2.1313560844601303,11.207018154994703,-0.007430899572970884,-0.6444419600783802,-0.00151040404043129,-0.08870348919364147
22.76,FR,0.6023803469069856,late_stance,1.248686050925513,10.722249563595561,0.059315905705475,-0.6871736835859891,0.007524107426120332,0.07472933829796338
22.76,RL,0.6023803469069856,late_stance,1.1299134270424511,10.036428617045758,0.06555296594343123,-0.6418823520974103,0.007792451789561635,0.07640995821007354
22.76,RR,0.10238034690698562,early_stance,-0.7188878472033977,11.319541232312103,0.3437951061172282,-0.8302347638068233,0.06402309027841781,-0.049075414342313356
22.78,FL,0.10654701357365229,early_stance,-2.2014004670545915,11.486523938093324,-0.027715038858997426,-0.6597947404449405,-0.0050750065613118425,-0.06667847935177294
22.78,FR,0.6065470135736523,late_stance,1.2042835998095527,10.9571551546274,0.03885641479034073,-0.6972248756578366,0.004288368432235944,0.09307262648518297
22.78,RL,0.6065470135736523,late_stance,1.1285150130509871,10.338390609691986,0.04637760514818985,-0.6552253062045507,0.004885538777544084,0.08876934894739778
22.78,RR,0.10654701357365229,early_stance,-0.7645813033647335,10.973124626205351,0.3100704383374599,-0.7833618881421214,0.060005867990763365,-0.0570658976821646
22.8,FL,0.11071368024031895,early_stance,-2.0094492081624225,11.43146439145585,0.01372867915292722,-0.6768848197810484,0.0024249810036313154,-0.06890315702052564
22.8,FR,0.6107136802403189,late_stance,1.1076093346220226,10.802650971403764,0.017742695487426463,-0.671879586726753,0.001966180891471982,0.07827766261153012
22.8,RL,0.6107136802403189,late_stance,1.2410673815570963,10.351100193094075,0.06803119741147098,-0.6681569056615643,0.004860630061258064,0.11960716626420263
22.8,RR,0.11071368024031895,early_stance,-0.723617838932575,10.941743192080681,0.3112399246803295,-0.7956531899809248,0.052361376180070425,-0.03122523986731163
22.82,FL,0.11488034690698562,early_stance,-1.8729591827159235,11.376881508584166,0.040208934927664586,-0.6871266724831425,0.007430978578523856,-0.06294532737700312
22.82,FR,0.6148803469069857,late_stance,1.2237436672796576,10.838528577175143,0.04142518339415252,-0.6907957668995832,0.004758944341113451,0.08773166360644565
22.82,RL,0.6148803469069857,late_stance,1.1268612938107432,10.335174672699507,0.03255424326594378,-0.6442992469391028,0.0034490105709538144,0.08863250462732189
22.82,RR,0.11488034690698562,early_stance,-0.6502582150690382,11.060810134938018,0.3256094076333764,-0.8034413141513332,0.06297450159690388,-0.0537224626048461
22.84,FL,0.11904701357365229,early_stance,-1.762711069134725,11.38673506146872,0.0608503904084606,-0.6990875944622067,0.011747282161108819,-0.06347283962064999
22.84,FR,0.6190470135736523,late_stance,1.0279476088750117,10.764607908296567,0.002772502017034814,-0.6674047101096463,0.00034489220281817064,0.07730192350966213
22.84,RL,0.6190470135736523,late_stance,1.3705548127334184,10.095120051477526,0.10585930923869269,-0.6653419385974427,0.012518972470371474,0.085864975727269
22.84,RR,0.11904701357365229,early_stance,-0.7718423930686592,11.226697744250817,0.2921228999006943,-0.7971837313216515,0.05681161714794288,-0.05000269392098304
22.86,FL,0.12321368024031897,early_stance,-1.8122527401616293,11.469015986170524,0.046338367369956085,-0.7080306335711922,0.00830485208193016,-0.029902593975149994
22.86,FR,0.623213680240319,late_stance,0.9739009022445869,10.869717888294597,-0.02012561809120561,-0.6652417881820892,-0.0022669597565231426,0.09591216939153945
22.86,RL,0.623213680240319,late_stance,1.231114060416531,10.207900798478004,0.0518425544865323,-0.6438691862936693,0.006962173171736127,0.07820205409671489
22.86,RR,0.12321368024031897,early_stance,-0.6946941224361703,11.16230124531202,0.3025791638127372,-0.7990774249424802,0.06203537146788179,-0.05568140851735643
22.88,FL,0.12738034690698563,early_stance,-1.6707121152774345,11.413932415386787,0.07426525093148822,-0.70747206046279,0.013862182089294621,-0.047148293767186884
22.88,FR,0.6273803469069856,late_stance,1.068196585635893,10.690934789144206,0.01280895243069824,-0.6698124745943768,0.001447754619427759,0.09151624907444712
22.88,RL,0.6273803469069856,late_stance,1.2156692980195587,10.187405919944561,0.03769528461052965,-0.6349509774629445,0.003995852231362692,0.09894169775421033
22.88,RR,0.12738034690698563,early_stance,-0.715522673397828,11.202162222792067,0.28964047735875387,-0.8089641772857897,0.05255076453367563,-0.026245532427467543
22.900000000000002,FL,0.1315470135736523,early_stance,-1.5854544760625906,11.479798709339896,0.08860412622986025,-0.7198537154951877,0.0176444323417323,-0.05724582463161671
22.900000000000002,FR,0.6315470135736523,late_stance,0.9364124725368118,10.683359343759037,-0.028236462593346917,-0.6454636194198735,-0.0035597590788661914,0.07916355554262405
22.900000000000002,RL,0.6315470135736523,late_stance,1.2747102897498004,10.278820618372448,0.03961518227532086,-0.641994525429766,0.0035014228980797864,0.12396513528224351
22.900000000000002,RR,0.1315470135736523,early_stance,-0.5935554561843122,11.017987079714,0.30853513957706846,-0.794628498890017,0.06043407812492086,-0.03794353668903999
22.92,FL,0.135713680240319,early_stance,-1.7068451774225837,11.363251330128618,0.04798176439790061,-0.6885526366785361,0.009879748416774583,-0.06844246457421607
22.92,FR,0.6357136802403189,late_stance,0.9536580428494101,11.167208400891548,-0.06007216276812756,-0.6640140916041012,-0.0072206022723100005,0.08608275070258127
22.92,RL,0.6357136802403189,late_stance,0.970339225830954,9.932979763675297,-0.025130127927003476,-0.5732170556349172,-0.0022848943964538797,0.10266697183747456
22.92,RR,0.135713680240319,early_stance,-0.6744627780032416,10.949381178713923,0.27522755943442645,-0.7785786881395389,0.053557573454071375,-0.03575348611125485
22.94,FL,0.13988034690698567,early_stance,-1.4360427134107234,11.416966599050726,0.11271264496088917,-0.7251039263859778,0.023844304583513515,-0.08416821741480346
22.94,FR,0.6398803469069857,late_stance,1.0473151404473862,11.004003735835337,-0.027920468664696996,-0.6679818926043988,-0.0032680746323375354,0.08904547488409091
22.94,RL,0.6398803469069857,late_stance,0.9123559186313789,9.94619081406428,-0.037587368940941265,-0.5728365900485097,-0.003427796434061744,0.09629088969628363
22.94,RR,0.13988034690698567,early_stance,-0.7005334406420185,11.044288502228136,0.2627242130667202,-0.7854752296646974,0.04738084156369478,-0.018641621457264067
22.96,FL,0.14404701357365235,early_stance,-1.5804624418565907,11.728738799413458,0.07341189768778308,-0.7309745715805529,0.01519761044977386,-0.06811951581043056
22.96,FR,0.6440470135736523,late_stance,0.9250350970440645,10.913827224634314,-0.06753126021883785,-0.6356186013510516,-0.008510452664186801,0.08078949922622752
22.96,RL,0.6440470135736523,late_stance,0.8805972799399864,9.928929748501568,-0.05298797138477128,-0.5591662616628733,-0.005078085598136887,0.0950324457526076
22.96,RR,0.14404701357365235,early_stance,-0.6018941434545535,10.898135411854835,0.277474892624458,-0.7717523762895088,0.054781936036231875,-0.033869824518765225
22.98,FL,0.14821368024031903,early_stance,-1.607185963225929,11.824960121812266,0.06194066066790341,-0.7424478779132838,0.011416563586635354,-0.03336657168931938
22.98,FR,0.648213680240319,late_stance,0.8927255330043258,10.93408782889381,-0.08533773777895139,-0.6289843223476503,-0.009304653833690077,0.09698370089840345
22.98,RL,0.648213680240319,late_stance,1.0830997993051326,9.854282345144979,-0.003985644146530187,-0.581806938094809,-0.00035556379883055437,0.10899065157445609
22.98,RR,0.14821368024031903,early_stance,-0.6488791093285036,10.988178469760255,0.2568915641219096,-0.7800922237971791,0.04812922058483765,-0.016963430681413656
23.0,FL,0.1523803469069857,early_stance,-1.3351195645389167,11.596777141932252,0.12387952410470743,-0.744278063767849,0.025808199696435066,-0.05481945048410872
23.0,FR,0.6523803469069858,late_stance,0.8460928917552747,10.954994349625863,-0.10751862503763311,-0.6142759315889434,-0.012101150897523621,0.09703726330568314
23.0,RL,0.6523803469069858,late_stance,0.9314180604492176,9.792007910069092,-0.049196272217368275,-0.5478568726159057,-0.005862241555294174,0.08190348251045494
23.0,RR,0.1523803469069857,early_stance,-0.7859723313094923,10.815879133148014,0.20806066736851447,-0.7241914562955452,0.04342815777462767,-0.03992104363552537
23.02,FL,0.1565470135736524,early_stance,-1.4576552737344182,11.8804991263767,0.08545411667524952,-0.7484956037105495,0.017328370132216477,-0.05482235570369046
23.02,FR,0.6565470135736524,late_stance,0.8412694170410987,11.093674732998487,-0.12628555652938173,-0.6108185536009147,-0.013380007935279862,0.09608728325430667
23.02,RL,0.6565470135736524,late_stance,0.9091563667176281,9.80975829384748,-0.06438899413620414,-0.5384895809765655,-0.006472661906865916,0.09012363346111081
23.02,RR,0.1565470135736524,early_stance,-0.8563695540377039,10.693210001419166,0.1771354819011566,-0.709129794780922,0.034672959235499484,-0.03275526837077292
23.04,FL,0.16071368024031907,early_stance,-1.472363033732675,11.934826995597842,0.07594656952213433,-0.7563148346347928,0.013804567366391242,-0.02785286534810276
23.04,FR,0.6607136802403191,late_stance,0.6668554200524848,11.085719354699695,-0.1776111384549282,-0.5785481377421394,-0.0156868677455374,0.10375855553056376
23.04,RL,0.6607136802403191,late_stance,0.8758718527428953,9.678720269526192,-0.07345840461501629,-0.5204462183323909,-0.007050541692116877,0.08912839702362851
23.04,RR,0.16071368024031907,early_stance,-0.6971521617386558,10.634751760877352,0.21144675101632368,-0.7236932669756878,0.039789270885164076,-0.023522077659906448
23.06,FL,0.16488034690698575,early_stance,-1.1475113106464272,11.771696371918805,0.15056095180152096,-0.7710116461473544,0.02951360260332281,-0.06080746038011687
23.06,FR,0.6648803469069857,late_stance,0.6131290072764807,11.097635977297372,-0.2056897144944484,-0.5595484930059254,-0.022036501866252983,0.07286262858290933
23.06,RL,0.6648803469069857,late_stance,0.9996168075868749,9.870141355527737,-0.06437950195779815,-0.5411579228744268,-0.0047892264421631175,0.10414242700104163
23.06,RR,0.16488034690698575,early_stance,-0.714363327816535,10.466002262030615,0.19215989256221133,-0.6995895723258433,0.034888290304822926,-0.025106935380357236
23.080000000000002,FL,0.16904701357365243,early_stance,-1.2296989823196267,11.815398439850183,0.11608846896298608,-0.766611447418602,0.022632722514325104,-0.04875300880785408
23.080000000000002,FR,0.6690470135736524,late_stance,0.7067748098697468,11.73238970661682,-0.21647888556010608,-0.61366525529297,-0.019644672701644297,0.09716939869553122
23.080000000000002,RL,0.6690470135736524,late_stance,0.861725486762414,9.59599954838007,-0.09076507066909027,-0.49895737149370867,-0.009166566358527996,0.07774233487461796
23.080000000000002,RR,0.16904701357365243,early_stance,-0.7572363274734908,10.664229424180585,0.17726647155094455,-0.7151898726705843,0.031407922119581544,-0.01805305555931351
23.1,FL,0.1732136802403191,early_stance,-1.2804119100355762,12.000622013967083,0.10069859392796593,-0.7743133533002228,0.018443452646698673,-0.02767512704710967
23.1,FR,0.6732136802403191,late_stance,0.7370099931434972,11.010403972075675,-0.16450891244525123,-0.5796630891493201,-0.015324867604064533,0.0964660894362776
23.1,RL,0.6732136802403191,late_stance,0.8652536660106724,9.766579329770009,-0.11239985736992852,-0.49863510059785154,-0.011134703317047662,0.08068489679551033
23.1,RR,0.1732136802403191,early_stance,-0.6528251363292944,10.506144705800555,0.19515874964195712,-0.699265243717908,0.037566633137400406,-0.030075748648280158
23.12,FL,0.1773803469069858,early_stance,-1.1859120183023308,11.814346705184551,0.11513936570804684,-0.7556918236232577,0.02332397225338455,-0.07454691657068621
23.12,FR,0.6773803469069858,late_stance,0.7160652626356379,11.253942135335823,-0.2007916983037377,-0.5755008094180146,-0.022847784245001744,0.06607032504244643
23.12,RL,0.6773803469069858,late_stance,0.710322843166394,9.547417160648514,-0.14507446526283826,-0.4592728298186567,-0.010137575932807667,0.08500344453618774
23.12,RR,0.1773803469069858,early_stance,-0.6415227719019301,10.520253164984663,0.1889186738381408,-0.70840247363294,0.03246610949067262,-0.01615482845188379
23.14,FL,0.18154701357365247,early_stance,-1.1002009813031348,11.95313453892812,0.12693306897744558,-0.7752543982287575,0.025978132177345854,-0.06950333257215388
23.14,FR,0.6815470135736524,late_stance,0.7289425170116516,11.46125856667572,-0.21746515240584052,-0.5825213542344402,-0.022270241126294964,0.08222967701655118
23.14,RL,0.6815470135736524,late_stance,0.9600537205844065,9.699310525386364,-0.09710175165997846,-0.5000271573789721,-0.007776228059327217,0.0898308870540154
23.14,RR,0.18154701357365247,early_stance,-0.6976159010135945,10.475730229357191,0.16434709038634743,-0.6867391153092735,0.030108754946123632,-0.02442452111007398
23.16,FL,0.18571368024031915,early_stance,-1.1585234209009496,12.002966636223487,0.10597010329339274,-0.7776282891451758,0.020272787129512446,-0.03055773431434158
23.16,FR,0.6857136802403192,late_stance,0.7594697619485753,11.35003989373489,-0.20932825131153704,-0.5768160990044484,-0.017162429961783673,0.1122673159096084
23.16,RL,0.6857136802403192,late_stance,0.890932522870247,9.525884041972287,-0.11240815491018778,-0.4747064687525375,-0.010178769462167454,0.0874312697495419
23.16,RR,0.18571368024031915,early_stance,-0.7628258578050181,10.555884870206043,0.14113955530059266,-0.6906604529664611,0.02586228290425932,-0.010866986269085215
23.18,FL,0.18988034690698583,early_stance,-1.2552707189495314,12.061598469963783,0.073758170055222,-0.7586278107838542,0.014495016208212901,-0.03591729959267225
23.18,FR,0.6898803469069859,late_stance,0.7238156111743476,11.253601973686273,-0.2232847436902039,-0.5572977094761413,-0.02101943531752185,0.10040975465139207
23.18,RL,0.6898803469069859,late_stance,0.7874099700002082,9.473789429739224,-0.1296525803025339,-0.46198163626904243,-0.012607210689098522,0.08104452159160784
23.18,RR,0.18988034690698583,early_stance,-0.6699553094264338,10.38717561118836,0.1564935202143809,-0.6717001529946226,0.031104344848406525,-0.025269940345216763
23.2,FL,0.1940470135736525,early_stance,-0.9406847809305567,12.195340876347192,0.152906491461814,-0.8051334317726152,0.03020462945993504,-0.0504940439607842
23.2,FR,0.6940470135736525,late_stance,0.6440052849588508,11.156713592192544,-0.2510317476536116,-0.5296756564014149,-0.027277072412684972,0.07353854209288124
23.2,RL,0.6940470135736525,late_stance,0.6466713677338117,9.406674556278581,-0.1735921623841598,-0.4297815716009832,-0.013441935466823695,0.08090407244221835
23.2,RR,0.1940470135736525,early_stance,-0.6816720589974087,10.429282764759332,0.14404036551978058,-0.6788177833989126,0.02599986248007445,-0.013159894851523385
23.22,FL,0.19821368024031918,early_stance,-1.0164169905589342,12.236922329619814,0.12089229999984097,-0.7960056812056849,0.023522825253312507,-0.045392012759213514
23.22,FR,0.6982136802403192,late_stance,0.5617146008962212,11.55876020201031,-0.311196740595043,-0.5238444020551554,-0.028387783231897473,0.08345617523620881
23.22,RL,0.6982136802403192,late_stance,0.7519304699632412,9.532070399763548,-0.16340512876596258,-0.44454144994183586,-0.01083666761664828,0.09079493777727285
23.22,RR,0.19821368024031918,early_stance,-0.7527840561026485,10.141312662811453,0.12459418309239534,-0.6486187614470611,0.022454221899969314,-0.01701137636750169
23.240000000000002,FL,0.20238034690698586,early_stance,-1.045694350668358,12.259660645028871,0.10510613515873571,-0.7992017223904916,0.01929113337250795,-0.021002077534482022
23.240000000000002,FR,0.7023803469069858,swing,0.6182634710245685,11.46965768386614,-0.29650391658545305,-0.5225229471366575,-0.021514233070571886,0.1036217873546553
23.240000000000002,RL,0.7023803469069858,swing,0.6971137728014741,9.290430423508381,-0.16881386067419116,-0.4191460560082434,-0.013432655513383704,0.08008101560003697
23.240000000000002,RR,0.20238034690698586,early_stance,-0.7957191256018417,10.26818714744183,0.10697924092593258,-0.655652056677615,0.01907193885367706,-0.010080634906794568
23.26,FL,0.20654701357365254,early_stance,-0.9566448822245003,12.226633003520437,0.11919369499018784,-0.7911932136722742,0.024082842451757337,-0.042503020811130915
23.26,FR,0.7065470135736526,swing,0.7298958384728351,11.310041851534542,-0.2672338545607623,-0.5238683599399332,-0.027146277758460277,0.08480411280152352
23.26,RL,0.7065470135736526,swing,0.7154735747211146,9.49977019029932,-0.1909829658745782,-0.419833793445882,-0.018592613392907492,0.07038973223096984
23.26,RR,0.20654701357365254,early_stance,-0.7526792218826562,10.062802225247845,0.10734579636576375,-0.6164489650799966,0.022802394116819814,-0.04322804929403924
23.28,FL,0.21071368024031922,early_stance,-0.9953860983852221,12.443744986727758,0.1016644478596429,-0.8089019724321395,0.018865046812304272,-0.02794879292665342
23.28,FR,0.7107136802403192,swing,0.7482038391675768,11.41069592433512,-0.2823763119167867,-0.5209801335650521,-0.027677138123926096,0.08325768011481748
23.28,RL,0.7107136802403192,swing,0.6401601437686834,9.434537093863895,-0.2122397754040083,-0.40060717359179976,-0.01171825585082847,0.08943773674203441
23.28,RR,0.21071368024031922,early_stance,-0.7799162519671824,10.07220794940842,0.09189059858000298,-0.6262998081600545,0.01715456639625924,-0.020064515789546745
23.3,FL,0.2148803469069859,early_stance,-0.8935459271233682,12.480882587861304,0.1202428723610825,-0.8099657175328954,0.023831221734800068,-0.051113490850298544
23.3,FR,0.7148803469069859,swing,0.6720864568248006,11.365615442055372,-0.31056506827934466,-0.4965819873679215,-0.03453530819424197,0.06343082099864107
23.3,RL,0.7148803469069859,swing,0.5984897929569591,9.086859481267142,-0.206749550965794,-0.37450180272392397,-0.013954704489182857,0.07397531481310878
23.3,RR,0.2148803469069859,early_stance,-0.8019969648682341,10.258754995809884,0.08151243659624044,-0.6366942852508691,0.014331372594430687,-0.0142185323488227
23.32,FL,0.21904701357365258,early_stance,-0.830645448459545,12.850966450799044,0.1324386064726644,-0.8479572828708997,0.027227126289370032,-0.04590879061560632
23.32,FR,0.7190470135736526,swing,0.3622926055991517,11.05510702779511,-0.3584221685010662,-0.4452374463281964,-0.046895253670348316,0.04275084263829192
23.32,RL,0.7190470135736526,swing,0.6229274470014619,8.642069327666903,-0.17513301608497384,-0.35426148439413474,-0.024451984512049083,0.033823072666920674
23.32,RR,0.21904701357365258,early_stance,-0.7806427564341996,10.70118877107398,0.08658215588309978,-0.6546147735866829,0.017623557106798093,-0.045235708201951136
23.34,FL,0.22321368024031926,early_stance,-0.9076351833301055,13.27076284102722,0.11040014279492871,-0.8706793785411271,0.020982355439630274,-0.035539053637018994
23.34,FR,0.7232136802403193,swing,0.3728916871713379,10.8481728409709,-0.3516875325959529,-0.4282782003887182,-0.04841276494948701,0.022068261268152117
23.34,RL,0.7232136802403193,swing,0.42360735496264773,8.46618053131993,-0.22569764023943817,-0.3098154477567783,-0.0309922786992165,0.026025436993747965
23.34,RR,0.22321368024031926,early_stance,-0.7799160648404054,10.897433071841386,0.08297597771166976,-0.6776572152643344,0.01422779779780962,-0.028709258457636385
23.36,FL,0.22738034690698594,early_stance,-1.0023314760534672,13.71178834572842,0.0818520078012629,-0.8798941702392828,0.015689078571307333,-0.060611483907942174
23.36,FR,0.7273803469069859,swing,0.2463883889687972,10.420452681013199,-0.36320843216494836,-0.3574877833245476,-0.05698579050213833,-0.0044563200151859555
23.36,RL,0.7273803469069859,swing,0.2986651243300301,7.675294244119061,-0.1996770933197381,-0.23322063532617535,-0.03494348613966177,0.00012979347513307786
23.36,RR,0.22738034690698594,early_stance,-0.7706976937813818,11.48637705040018,0.08741753572996389,-0.7162980866735116,0.013609527553536595,-0.03550549513788708
23.38,FL,0.23154701357365262,early_stance,-0.9593410741291178,14.425071623422536,0.1128848350077779,-0.9552647132132293,0.020940714691681947,-0.08781231476634331
23.38,FR,0.7315470135736526,swing,0.33130210961732887,9.800937080243164,-0.3040313944326021,-0.3325848201993959,-0.05928392110075787,-0.04092047430035917
23.38,RL,0.7315470135736526,swing,-0.014968315042974526,7.41415066570675,-0.2765153604095224,-0.15176707766051023,-0.06030273335111089,-0.01573431845316533
23.38,RR,0.23154701357365262,early_stance,-0.7604706685953244,12.056085943025938,0.08876815882454749,-0.7511466868910895,0.01302156648801125,-0.06634101169884755
23.400000000000002,FL,0.2357136802403193,early_stance,-0.8408964796326351,15.249170170353601,0.14612988111444924,-1.0347180292582476,0.02636270816468392,-0.10255329520582616
23.400000000000002,FR,0.7357136802403192,swing,0.077623771079864,8.970882274206005,-0.31935224962465775,-0.257666449574684,-0.07188949342487057,-0.05450473806589368
23.400000000000002,RL,0.7357136802403192,swing,-0.20670312774540683,6.50148333465056,-0.2567367714637031,-0.08730992421919642,-0.07733508784006504,-0.023007943393354064
23.400000000000002,RR,0.2357136802403193,early_stance,-0.5896852072131048,13.265013831258944,0.14336030196409077,-0.8667965414040242,0.02093870556231239,-0.11182445225937074
23.42,FL,0.23988034690698598,early_stance,-0.9095251777264706,16.271632109200986,0.13841260772211786,-1.1075735075519082,0.022580137255968025,-0.16151148640578994
23.42,FR,0.739880346906986,swing,0.034837685299471816,7.923795483743716,-0.26093139724254066,-0.209622256112671,-0.06971134124115533,-0.07719788694885248
23.42,RL,0.739880346906986,swing,-0.4841658114846961,6.176797046652032,-0.31299527921483006,-0.031559494363119944,-0.0893828287649991,-0.009780479727239094
23.42,RR,0.23988034690698598,early_stance,-0.3918335863855922,14.040552201540828,0.2024697339421898,-0.9553138537694469,0.017864690826141578,-0.10973688008753439
23.44,FL,0.24404701357365266,early_stance,-0.8460399644441406,17.296913009540017,0.1648321304108159,-1.199932800984353,0.02144943804858696,-0.15644893259737594
23.44,FR,0.7440470135736527,swing,-0.1990027303846518,6.903277498894624,-0.2535601936222346,-0.13672234559296503,-0.07001695238528241,-0.06051346555749674
23.44,RL,0.7440470135736527,swing,-0.7076524533346286,5.009915302403567,-0.2784471772700765,0.04301348974723285,-0.10004021513619511,0.0203508871500161
23.44,RR,0.24404701357365266,early_stance,-0.2743337490826546,15.574877079570415,0.25150617488636057,-1.096356368533267,0.01958713549155234,-0.17140654192991622
23.46,FL,0.24821368024031934,early_stance,-0.5792326467130937,18.317778159122245,0.24728092648326053,-1.3205373879841475,0.02857693748523557,-0.20437137019528076
23.46,FR,0.7482136802403193,swing,-0.310956263755309,5.347274341201942,-0.1708022979119747,-0.06332657585091866,-0.05338163146503171,-0.03642818880663799
23.46,RL,0.7482136802403193,swing,-0.9618063882291509,4.246301021756869,-0.2927757459605593,0.11113531560914336,-0.12231534800632989,0.06898180597528838
23.46,RR,0.24821368024031934,early_stance,-0.09222063513946185,16.97322238068096,0.3050933969545258,-1.235077177270331,0.020258564882442456,-0.2648239861162773
23.48,FL,0.252380346906986,early_stance,-0.5030955163827994,19.056867065536885,0.2767478272465117,-1.392163176103325,0.029469652648273118,-0.29410856208143943
23.48,FR,0.7523803469069861,swing,-0.30599143904931925,4.202606924190132,-0.10290469784302875,-0.016016657850689064,-0.034395942278971005,-0.010980351590622472
23.48,RL,0.7523803469069861,swing,-1.0935358198394496,3.630068805118037,-0.28604989305283546,0.15078631747073412,-0.11918965232656979,0.10457822361783825
23.48,RR,0.252380346906986,early_stance,0.42767740972946916,18.4249410381391,0.44251930296416264,-1.4302121650576816,0.01728408414193164,-0.34535535238287224
23.5,FL,0.25654701357365267,early_stance,-0.0912851904339844,20.207376754441835,0.3612053906733586,-1.5283199635831883,0.020004436530388508,-0.29764114614017884
23.5,FR,0.7565470135736527,swing,-0.6282730901315913,2.5113700686390428,-0.07156956268513809,0.09404671759718741,-0.02318146982390815,0.07173672562369753
23.5,RL,0.7565470135736527,swing,-1.574661965230099,2.288134406311938,-0.3133845617781276,0.26634043401435636,-0.12464729574603255,0.21043504072685432
23.5,RR,0.25654701357365267,early_stance,0.6029790748073064,19.98778202806233,0.5189993446639802,-1.5930794454665458,-0.007336107539024427,-0.35588362085267483
23.52,FL,0.2607136802403193,early_stance,0.5139032476934459,20.323768374088804,0.5250358718768683,-1.6288427549561635,0.010761356583646084,-0.2638738766034816
23.52,FR,0.7607136802403194,swing,-0.5017039121476226,0.8068152840383773,0.06845895313859843,0.12960050846396654,0.020744814852414008,0.10474419410584772
23.52,RL,0.7607136802403194,swing,-1.4453641301904525,1.578064803503801,-0.24045852973628334,0.2626619164222904,-0.09280150275411829,0.2447161851155597
23.52,RR,0.2607136802403193,early_stance,0.9586108088042405,21.347362024403548,0.6448957471491386,-1.7664560019435938,-0.01407069451143758,-0.4112838794504411
23.54,FL,0.264880346906986,early_stance,0.8105788616661863,19.668697346891225,0.6144657053078062,-1.6374299680610533,0.015609384492621888,-0.10311631658959192
23.54,FR,0.764880346906986,swing,0.0,0.0,0.2121835465638067,0.09469420518786864,0.05700946535664744,0.0904840054653679
23.54,RL,0.764880346906986,swing,0.0,0.0,0.18078003554755895,0.08100724773022805,0.014641621895694653,0.08969217103123574
23.54,RR,0.264880346906986,early_stance,0.9036585632956511,24.108235443994467,0.6947699680059736,-1.9745461794093597,0.027410664602519993,-0.5169813443020296
23.56,FL,0.2690470135736526,early_stance,1.0154893417439557,19.25074966378842,0.6694149221813436,-1.6388562410406171,0.06684435962722911,-0.045182492014341456
23.56,FR,0.7690470135736527,swing,0.0,0.0,0.2985861657096375,0.07608254272600257,0.09836098951675688,0.0745929868346998
23.56,RL,0.7690470135736527,swing,0.0,0.0,0.28667301048780713,0.06894931989160002,0.0675862856641056,0.08125191026436272
23.56,RR,0.2690470135736526,early_stance,0.9139167791518646,25.59734260107052,0.7352061385482547,-2.112771006688925,0.0805344856859074,-0.5335809879922161
23.580000000000002,FL,0.2732136802403193,early_stance,1.0800406139630567,19.086259129647303,0.6847852333604297,-1.6309256597722963,0.10816972945476028,-0.0738090398301952
23.580000000000002,FR,0.7732136802403193,swing,0.0,0.0,0.2704984473946557,0.08534645023045617,0.10419728020977251,0.09068214725864834
23.580000000000002,RL,0.7732136802403193,swing,0.0,0.0,0.27378692749428485,0.07570521152154785,0.07721683824273327,0.08579651486870869
23.580000000000002,RR,0.2732136802403193,early_stance,0.9854700812920602,25.89955627295602,0.7764909973085173,-2.166274703569242,0.06933479193332194,-0.28346772710159895
23.6,FL,0.27738034690698593,early_stance,0.9313627188279983,19.0464727679459,0.644633609262303,-1.6243788686332679,0.11913328495041829,-0.01152252228162603
23.6,FR,0.777380346906986,swing,0.0,0.0,0.2647495986675277,0.08685428844039256,0.10400147010774688,0.09471573878795068
23.6,RL,0.777380346906986,swing,0.0,0.0,0.2913551784422136,0.07336811656743891,0.11081148975472774,0.08498044810552101
23.6,RR,0.27738034690698593,early_stance,1.001524030107615,25.79536771508655,0.7901902517930633,-2.1921105332131505,0.08624253714601071,-0.13576926413531623
23.62,FL,0.2815470135736526,early_stance,0.7715266626423478,19.08084059579601,0.6022687513510345,-1.6088446571790842,0.11917056252323671,0.021725252204715755
23.62,FR,0.7815470135736526,swing,0.0,0.0,0.26617009487600757,0.08523732658723493,0.10395172016227668,0.09350452765632013
23.62,RL,0.7815470135736526,swing,0.0,0.0,0.2643787411128698,0.0840628104987613,0.10511214398736342,0.10110652051762911
23.62,RR,0.2815470135736526,early_stance,0.8649419068656922,25.31344489986254,0.752404092017392,-2.160320454075713,0.08745901213817468,0.02478709822621301
23.64,FL,0.28571368024031923,early_stance,0.5901257599963858,19.121239345413567,0.5493364552822741,-1.5893927351861175,0.1175243496211508,0.04414810906910661
23.64,FR,0.7857136802403193,swing,0.0,0.0,0.25807229413236693,0.09040794980788114,0.10258860570265475,0.1027533792935577
23.64,RL,0.7857136802403193,swing,0.0,0.0,0.26466259173334067,0.07965986258484992,0.10355498301231575,0.09371719432819448
23.64,RR,0.28571368024031923,early_stance,1.0102040944647863,24.639294526504866,0.7869818640207984,-2.1247487519333204,0.12421894713361999,0.07577848557690693
23.66,FL,0.2898803469069859,early_stance,0.5204977783338474,19.219729652924546,0.5277764516608751,-1.5810064691469548,0.1259603644925756,0.031555119584672435
23.66,FR,0.7898803469069859,swing,0.0,0.0,0.2606515712805574,0.09175375376031614,0.10111374765614063,0.10992025633051156
23.66,RL,0.7898803469069859,swing,0.0,0.0,0.23665483814589366,0.08917318536298602,0.0725837178715957,0.11175017262973691
23.66,RR,0.2898803469069859,early_stance,0.8157981611767604,24.311720821616927,0.7283348248333825,-2.0755907426433162,0.14203656865725772,0.14899552473160824
23.68,FL,0.29404701357365254,early_stance,0.254209408775557,19.42480148406026,0.4486519683009561,-1.5582948860766084,0.11221475052965699,0.05169900080194282
23.68,FR,0.7940470135736526,swing,0.0,0.0,0.2491291272996922,0.09442658746235999,0.06305620859660296,0.11084537787960326
23.68,RL,0.7940470135736526,swing,0.0,0.0,0.2693744908745641,0.07890122853961179,0.06356050824195013,0.09444698481188325
23.68,RR,0.29404701357365254,early_stance,0.5967415159840929,23.90829688559119,0.6572277575933692,-2.0075001144222018,0.14732288147325395,0.19885412882843875
23.7,FL,0.2982136802403192,early_stance,-0.11973512070723333,19.643080407550382,0.37028793601151644,-1.5422518660314006,0.09480341761814937,0.04500245460439908
23.7,FR,0.7982136802403192,swing,0.0,0.0,0.28849377316090563,0.08332366533065483,0.06248121197200107,0.09346789778912218
23.7,RL,0.7982136802403192,swing,0.0,0.0,0.27739958166447265,0.07737595255091179,0.04998144396348236,0.09044995565549861
23.7,RR,0.2982136802403192,early_stance,0.32697588286281176,23.551746207962836,0.5708104527259368,-1.9340966232157097,0.14222031888296185,0.22188487618483987
23.72,FL,0.30238034690698584,early_stance,-0.3689241401757829,19.792638639038568,0.3020618357741318,-1.5171493103556855,0.0753529994962601,0.0564577996654795
23.72,FR,0.8023803469069859,swing,0.0,0.0,0.280914230344142,0.08729283151403189,0.0523533248215168,0.09919498070416362
23.72,RL,0.8023803469069859,swing,0.0,0.0,0.28358981061600164,0.07702389837714163,0.032907606626037644,0.0891472980325858
23.72,RR,0.30238034690698584,early_stance,0.20170769324476434,23.176162565860125,0.5208159451031806,-1.8777077876786168,0.1440532215039222,0.19109011781590807
23.740000000000002,FL,0.3065470135736525,early_stance,-0.45817019708817536,20.13813978969558,0.2762052581794018,-1.5218883872321078,0.07185854625577033,0.02011626435882497
23.740000000000002,FR,0.8065470135736525,swing,0.0,0.0,0.2897601684968677,0.08502220147320871,0.035136437024079384,0.09368254912400116
23.740000000000002,RL,0.8065470135736525,swing,0.0,0.0,0.2522578794641575,0.06949120346311899,0.011958270541879326,0.07739402971619837
23.740000000000002,RR,0.3065470135736525,early_stance,-0.23700612085322165,22.583107554813246,0.3986716241297016,-1.7701690725251749,0.10330051576740211,0.24712972797297725
23.76,FL,0.31071368024031915,early_stance,-0.7232108811745597,20.41937373105217,0.20670643523525098,-1.5089249585184816,0.05243790351083922,0.032000668605110034
23.76,FR,0.8107136802403192,swing,0.0,0.0,0.27601877584959467,0.08285544761022534,0.020458453308842852,0.09015807567030315
23.76,RL,0.8107136802403192,swing,0.0,0.0,0.2599829430384661,0.06790332071289695,-0.0020450145948063643,0.07138204078934741
23.76,RR,0.31071368024031915,early_stance,-0.5534844945057115,22.103617208712564,0.29875777598154846,-1.6786021802227002,0.08407724861508681,0.15453048600542102
23.78,FL,0.3148803469069858,early_stance,-1.088470188566826,20.94012819393258,0.11707023848865372,-1.5115842045031012,0.026311155562406357,0.08343107271790881
23.78,FR,0.8148803469069859,swing,0.0,0.0,0.2739101954337614,0.08098239870868518,-0.010082328579084105,0.08449963836248087
23.78,RL,0.8148803469069859,swing,0.0,0.0,0.25447416906024356,0.0664192389228333,-0.015624732626659803,0.06545730773274695
23.78,RR,0.3148803469069858,early_stance,-0.7573877306163678,21.586109834139826,0.23398690470704975,-1.6040786359972121,0.06036450629269977,0.17603850690650985
23.8,FL,0.31904701357365245,early_stance,-1.242964678372718,20.91666864936518,0.08400282281405339,-1.4831705615351545,0.017924080582931302,0.06402578648729747
23.8,FR,0.8190470135736525,swing,0.0,0.0,0.2855305242335465,0.07717373869890243,-0.024985479056379538,0.07579541272038072
23.8,RL,0.8190470135736525,swing,0.0,0.0,0.20791434938095738,0.07865384694406419,-0.0319737922321855,0.07467827716223992
23.8,RR,0.31904701357365245,early_stance,-0.8173192921265827,21.132366565053353,0.22284282966743493,-1.5654187869964693,0.055985838455410275,0.12780129407657784
23.82,FL,0.3232136802403191,early_stance,-1.2747103981824537,21.27564726149739,0.08938806758818729,-1.498312504630581,0.01925467648167262,0.008984296690013775
23.82,FR,0.8232136802403192,swing,0.0,0.0,0.2133437749526133,0.0885892834690668,-0.03527081563134605,0.08398244144214391
23.82,RL,0.8232136802403192,swing,-2.4821260463139723,4.999909457679769,0.05276078969199542,0.013521909632649987,-0.004308176172877086,0.012266396466824139
23.82,RR,0.3232136802403191,early_stance,-0.8116198653851531,20.208403085118633,0.19561136150584235,-1.4855485294006656,0.039549847640141106,0.18280433770582916
23.84,FL,0.32738034690698575,early_stance,-0.6346637215738696,22.45941424925667,0.22470485790418615,-1.6514048387074283,0.010485394689414146,-0.042950995385380254
23.84,FR,0.8273803469069858,swing,0.0,0.0,0.2831169149187891,0.06273247656010217,-0.09598801388665193,0.052922855274468404
23.84,RL,0.8273803469069858,swing,-3.562841712991719,8.090677099995277,-0.7812595084614237,0.06934126170130706,-0.3018220383699061,0.05780624694138958
23.84,RR,0.32738034690698575,early_stance,0.2551559729949987,15.330877430107433,0.38435879288541164,-1.2199372726185471,0.006498050069457189,0.3269235642213642
23.86,FL,0.3315470135736524,early_stance,0.15975331093220826,22.301696181688136,0.454882062868432,-1.7429045498822382,-0.04114350614067644,-0.14930069359086723
23.86,FR,0.8315470135736525,swing,0.0,0.0,0.2520518796776158,0.06996758519852819,-0.103163873022005,0.057571712695487366
23.86,RL,0.8315470135736525,swing,-4.869052958286716,8.994384941909658,-1.199910778761966,0.17589222924066583,-0.19398941424988217,0.11918487753356793
23.86,RR,0.3315470135736524,early_stance,1.0200731804998346,12.413280151102837,0.596352636914368,-1.087148499569201,0.007600605133644744,0.18606315270755028
23.88,FL,0.33571368024031906,early_stance,1.0528565374096566,22.226559389570287,0.706639561120997,-1.863565599572803,-0.14965372716333133,-0.15700635422958967
23.88,FR,0.8357136802403191,swing,0.0,0.0,0.2597684060496659,0.07001119877968354,-0.1314933743038491,0.04904696817589746
23.88,RL,0.8357136802403191,swing,-6.0201351340523255,9.725369587854503,-1.5328863621288829,0.2536714566953614,0.12385265562836821,0.14009928148008155
23.88,RR,0.33571368024031906,early_stance,1.5130120351860246,11.178750077958975,0.6881429786664227,-1.0530715932515962,0.006520170796454888,0.11518578568686817
23.900000000000002,FL,0.3398803469069857,early_stance,2.3819588250612447,21.368386911519437,1.0802318236836188,-1.9815426017907978,-0.2853320634413066,-0.2696649010549743
23.900000000000002,FR,0.8398803469069858,swing,0.0,0.0,0.25739451364040916,0.06976345685608654,-0.14899212642958418,0.042793508165373466
23.900000000000002,RL,0.8398803469069858,swing,-6.990364253794833,10.554293010544223,-1.7695193455308547,0.29060341680281043,0.4400939091941135,0.1456910907320954
23.900000000000002,RR,0.3398803469069857,early_stance,2.0786962867449517,10.302542587856424,0.8067631992788734,-1.0500154215240893,-0.005441947913909038,0.04977993264719452
23.92,FL,0.34404701357365236,early_stance,3.58784179429489,21.230462370992687,1.4129491289419032,-2.1361478522675488,-0.4329326690112012,-0.2739531983225922
23.92,FR,0.8440470135736524,swing,0.0,0.0,0.2363299549978588,0.07501311383051912,-0.16265775868185686,0.03748815374976069
23.92,RL,0.8440470135736524,swing,-8.307947387815927,11.953110018251085,-2.0928126100999918,0.3236631713128746,0.8123768426474514,0.13907411897996452
23.92,RR,0.34404701357365236,early_stance,2.891015635659301,9.444623393286253,1.0049856982304093,-1.0705091186410753,-0.03620001657094363,0.0025031741632376755
23.94,FL,0.348213680240319,early_stance,4.823036119641513,20.631385289864323,1.7477512484301647,-2.2502463242446464,-0.5540207889341777,-0.32140466101779436
23.94,FR,0.8482136802403191,swing,0.0,0.0,0.25501855287353536,0.07128255173328124,-0.19098643304832918,0.032999448553573875
23.94,RL,0.8482136802403191,swing,-9.024215548850151,13.254031865917131,-2.266428090376823,0.283311259629487,1.152107449285885,0.09753288993871902
23.94,RR,0.348213680240319,early_stance,3.5935483811455127,8.800518967063688,1.1779400921449417,-1.1088209627964987,-0.07983442675408674,-0.037518831341433065
23.96,FL,0.35238034690698566,late_stance,5.902963554472158,20.192389537222013,2.04785464424773,-2.356514949190221,-0.6910146302954674,-0.23704603546481984
23.96,FR,0.8523803469069857,swing,0.0,0.0,0.2015446361098152,0.08266642711582994,-0.17409003746555113,0.024303669851313853
23.96,RL,0.8523803469069857,swing,-10.139913099399141,14.924289400295494,-2.5233603567408656,0.24649848812036287,1.5819250506542746,0.05305683420385246
23.96,RR,0.35238034690698566,late_stance,4.2942863622526755,7.482481725819562,1.3462288823583886,-1.0918993524276779,-0.0972521606492294,-0.11198176521090723
23.98,FL,0.3565470135736523,late_stance,7.355701408044994,19.439945894163106,2.4335285766269683,-2.47997062461935,-0.7751542086768007,-0.25950279527760894
23.98,FR,0.8565470135736524,swing,0.0,0.0,0.2258504066363215,0.07667768498543828,-0.2143472010267906,0.015685533738442534
23.98,RL,0.8565470135736524,swing,-11.100553365460843,15.91607786900324,-2.7172497343292807,0.23710748204143123,1.9438966808931508,0.025267994392358724
23.98,RR,0.3565470135736523,late_stance,5.054570513109329,7.258481767230493,1.5373752158051295,-1.1811870749243465,-0.1400567442244929,-0.15028406636553676
