roll_deg,pitch_deg,contact_center_speed_m_s,j1_correction_deg,adaptive_scale,time_s,leg,phase,swing,middle_swing,clearance_mm,forward_from_j1_mm,front_edge_from_j1_mm,touchdown,force_n,j1_target,j1_actual,j2_target,j3_target,tilt_deg,safety,moving
-1.4079019952458591,0.11574331832375692,0.0,0.061988519228104444,1.0,5.0,FL,0.6094366408646346,True,True,-1.0550327345976822,-45.24646208750652,-25.74335358946201,True,5.034050996963066,6.240234375,6.705412688523222,56.07421875,96.591796875,1.4079019952458591,ok,True
-1.4079019952458591,0.11574331832375692,0.0,-1.9606661646433559,1.0,5.0,FR,0.10943664086463456,False,False,-3.055008696663846,-46.11852293978577,-26.65039313174336,True,20.81171831226563,0.9667968750000001,2.3962434549721356,50.9765625,90.615234375,1.4079019952458591,ok,True
-1.4079019952458591,0.11574331832375692,0.0,-0.6697952863332977,1.0,5.0,RL,0.10943664086463456,False,False,-2.8210288481751307,-15.318175364676312,4.453740086621794,True,17.97820537793753,2.197265625,3.762620099042151,49.39453125000001,89.912109375,1.4079019952458591,ok,True
-1.4079019952458591,0.11574331832375692,0.0,-0.06162816574864394,1.0,5.0,RR,0.6094366408646346,True,True,8.864305652826115,-12.733691367756746,7.062704871653503,False,0.0,5.9765625,6.477825229475848,50.888671875,97.55859375,1.4079019952458591,ok,True
-1.5911175761329466,0.5158579665562225,0.006798312447727152,0.0636886659951923,1.0,5.0200000000000005,FL,0.6261033075313013,True,True,-0.7104552748859877,-44.65326746508111,-25.104759926217188,False,3.052698934213649,5.712890625000001,6.719804604165388,56.689453125,98.26171875,1.5911175761329466,ok,True
-1.5911175761329466,0.5158579665562225,0.01405083522437663,-2.1283308864441324,1.0,5.0200000000000005,FR,0.1261033075313014,False,False,-3.2967147218985677,-44.43543077520572,-24.915699643624794,False,26.10547758764452,0.52734375,2.506241186748336,50.80078125,90.52734375,1.5911175761329466,ok,True
-1.5911175761329466,0.5158579665562225,0.023876481994520835,-1.0281382486793107,1.0,5.0200000000000005,RL,0.1261033075313014,False,False,-2.9756523949561604,-15.032512278657927,4.7439417714558285,False,19.176166318916955,1.494140625,3.459476973438426,49.482421875,89.736328125,1.5911175761329466,ok,True
-1.5911175761329466,0.5158579665562225,0.17250365325571534,-0.06334136823140657,1.0,5.0200000000000005,RR,0.6261033075313013,True,True,11.774722686455034,-14.175609944522934,5.627870862709225,False,0.0,5.537109375,6.506179232182525,52.03125,99.228515625,1.5911175761329466,ok,True
-1.858218748144015,0.9126931518157521,0.07316713118922143,0.07903530711583429,1.0,5.04,FL,0.642769974197968,True,True,0.06307376307591872,-42.55343257860539,-22.924697895614003,False,0.0,5.009765625000001,6.48383267431124,57.12890625,99.66796875,1.858218748144015,ok,True
-1.858218748144015,0.9126931518157521,0.01371189445971457,-2.2772220577970903,1.0,5.04,FR,0.142769974197968,False,False,-3.6735486293208788,-42.29914685810752,-22.73462510771833,False,21.48360008437016,0.0,2.5693938912956784,50.625,90.263671875,1.858218748144015,ok,True
-1.858218748144015,0.9126931518157521,0.02729131744467581,-1.3552169892449872,1.0,5.04,RL,0.142769974197968,False,False,-3.13901687351878,-14.368172974224455,5.417911237588315,False,20.27210542295681,0.87890625,3.183071422535977,49.5703125,89.384765625,1.858218748144015,ok,True
-1.858218748144015,0.9126931518157521,0.2745337800194739,-0.07877843676268714,1.0,5.04,RR,0.642769974197968,True,True,14.414501141132195,-16.710696696652438,3.0943408916980673,False,0.0,4.833984375,6.086651582880304,53.0859375,100.37109375,1.858218748144015,ok,True
-2.151391464394648,1.3429578416146957,0.09802379708083835,0.10770124628051736,1.0,5.0600000000000005,FL,0.6594366408646347,True,True,-0.21711883740932122,-40.55383759338655,-20.868149998908574,True,4.2695951606533304,4.306640625,6.181411967612989,57.30468749999999,100.8984375,2.151391464394648,ok,True
-2.151391464394648,1.3429578416146957,0.011871901450185981,-2.261197511034647,1.0,5.0600000000000005,FR,0.1594366408646346,False,False,-3.7775991748330853,-39.6524140261773,-20.02147436178695,False,22.294435668377783,-0.263671875,2.5060890956564204,50.36132812500001,90.0,2.151391464394648,ok,True
-2.151391464394648,1.3429578416146957,0.031490735992935344,-1.574339091082854,1.0,5.0600000000000005,RL,0.1594366408646346,False,False,-3.2904928569512,-13.79451932533026,5.998917247674832,False,19.43262031734205,0.263671875,2.7609598270276146,49.658203125,89.12109375,2.151391464394648,ok,True
-2.151391464394648,1.3429578416146957,0.3561607067031221,-0.10761478313067396,1.0,5.0600000000000005,RR,0.6594366408646347,True,True,16.632830813463205,-19.49333612650368,0.3109770641435219,False,0.0,4.04296875,5.343181160211763,54.140625,101.42578125,2.151391464394648,ok,True
-2.2912992674552153,1.6884816162835083,0.055933288839472683,0.13661433813943624,1.0,5.08,FL,0.6761033075313014,True,True,-0.275993840956789,-39.31355514268274,-19.595435751546255,False,4.144517879605686,3.427734375,5.996663680419,57.30468749999999,101.865234375,2.2912992674552153,ok,True
-2.2912992674552153,1.6884816162835083,0.010101784828366385,-2.2729855180991443,1.0,5.08,FR,0.17610330753130143,False,False,-3.8125066868146367,-36.525089356102406,-16.837031338613485,False,22.16760121644866,-0.703125,2.4671296162113245,50.185546875,89.82421875,2.2912992674552153,ok,True
-2.2912992674552153,1.6884816162835083,0.035494208924793845,-1.5419058926299818,1.0,5.08,RL,0.17610330753130143,False,False,-3.346887002916528,-13.358692267872833,6.441168085597674,False,19.390205757680352,0.0,2.0281339476404616,49.658203125,88.76953125,2.2912992674552153,ok,True
-2.2912992674552153,1.6884816162835083,0.4151013625537111,-0.13680663375978286,1.0,5.08,RR,0.6761033075313014,True,True,18.12128622588015,-22.338648073305052,-2.537109321766227,False,0.0,3.076171875,4.603272817984767,54.931640625,102.12890625,2.2912992674552153,ok,True
-2.396238672026449,1.9068092921324702,0.06985829746422113,0.16427728751080872,1.0,5.1000000000000005,FL,0.6927699741979682,True,True,-0.18043906211663574,-37.99043195512552,-18.249582070041797,False,5.14555849105404,2.4609375,5.747831991449346,57.216796875,102.568359375,2.396238672026449,ok,True
-2.396238672026449,1.9068092921324702,0.008940163078012741,-2.251000163023092,1.0,5.1000000000000005,FR,0.19276997419796826,False,False,-3.7930345289881457,-33.00385037795193,-13.273627707210306,False,21.081594941958404,-0.9667968750000001,2.3703668745316198,50.009765625,89.736328125,2.396238672026449,ok,True
-2.396238672026449,1.9068092921324702,0.03844796054932386,-1.533111776084109,1.0,5.1000000000000005,RL,0.19276997419796826,False,False,-3.3583518838012396,-12.816727675769013,6.989154590333321,False,19.76422437786772,-0.263671875,1.1909467517087922,49.833984375,88.50585937500001,2.396238672026449,ok,True
-2.396238672026449,1.9068092921324702,0.44934426839923813,-0.16476540469473244,1.0,5.1000000000000005,RR,0.6927699741979682,True,True,18.839273352431256,-24.82656150931016,-5.02872479415144,False,0.0,2.109375,3.737142579676066,55.72265625,102.568359375,2.396238672026449,ok,True
-2.525438866940635,1.969143611063918,0.1141760954378389,0.19088782480710775,1.0,5.12,FL,0.7094366408646349,True,True,-0.04007550669708412,-36.41171146391901,-16.654605452073902,False,5.838281007643392,1.494140625,5.270827805332366,57.12890625,103.359375,2.525438866940635,ok,True
-2.525438866940635,1.969143611063918,0.00857261457323661,-2.2273265519682894,1.0,5.12,FR,0.20943664086463487,False,False,-3.691146341508269,-29.30591575603614,-9.549352520726007,False,19.616809624936746,-1.318359375,2.1908874146327464,49.921875,89.47265625000001,2.525438866940635,ok,True
-2.525438866940635,1.969143611063918,0.04093191426597115,-1.5391674001413453,1.0,5.12,RL,0.20943664086463487,False,False,-3.3780603954051065,-12.021956096178517,7.789139653292754,False,20.159870109750504,-0.615234375,0.40391338554441963,49.921875,88.2421875,2.525438866940635,ok,True
-2.525438866940635,1.969143611063918,0.4517898786313834,-0.19196606849483344,1.0,5.12,RR,0.7094366408646349,True,True,18.810686248380726,-26.816026302719873,-7.022249486810601,False,0.0,1.142578125,2.7508685261803434,56.42578125,103.0078125,2.525438866940635,ok,True
-2.748210217839923,1.8709135988350178,0.19210367012943602,0.21541385030495988,1.0,5.14,FL,0.7261033075313016,True,True,-0.012726764215709174,-34.40481604813515,-14.636058385291498,False,5.925475862435954,0.52734375,4.423618119637742,56.865234375,104.0625,2.748210217839923,ok,True
-2.748210217839923,1.8709135988350178,0.008775138890909537,-2.2137070407606756,1.0,5.14,FR,0.22610330753130148,False,False,-3.5231764230914084,-25.63818794138215,-5.868115912901935,False,18.499825611337304,-1.669921875,1.8967443690525183,49.658203125,89.384765625,2.748210217839923,ok,True
-2.748210217839923,1.8709135988350178,0.042746919520489556,-1.4370148803313247,1.0,5.14,RL,0.22610330753130148,False,False,-3.4385999295415934,-10.976131166839604,8.838505371069566,False,21.22339536659369,-0.87890625,-0.2098482634307271,50.009765625,87.802734375,2.748210217839923,ok,True
-2.748210217839923,1.8709135988350178,0.41612506868092264,-0.21698597314703627,1.0,5.14,RR,0.7261033075313016,True,True,18.324431457097454,-28.195684778029623,-8.404649260346407,False,0.0,0.0,1.7218064412166865,57.12890625,103.359375,2.748210217839923,ok,True
-3.096383414495912,1.6534790450115948,0.2517607372045401,0.2382106114512752,1.0,5.16,FL,0.7427699741979683,True,True,-0.006290806465858445,-32.004121876075054,-12.223755501433207,False,5.804243518397727,-0.615234375,3.326009164509974,56.689453125,104.677734375,3.096383414495912,ok,True
-3.096383414495912,1.6534790450115948,0.009064902352770342,-2.292493572938312,1.0,5.16,FR,0.2427699741979683,False,False,-3.3599179713934557,-22.17878529969299,-2.3985550892315146,False,18.839321759032202,-2.109375,1.488600464867632,49.5703125,89.208984375,3.096383414495912,ok,True
-3.096383414495912,1.6534790450115948,0.040611861864086204,-1.2747513566752298,1.0,5.16,RL,0.2427699741979683,False,False,-3.5525782036975144,-9.682884864505239,10.13207058045459,False,22.276534057178626,-1.142578125,-0.5904658342835978,50.185546875,87.626953125,3.096383414495912,ok,True
-3.096383414495912,1.6534790450115948,0.3651306248300578,-0.24064117614169422,1.0,5.16,RR,0.7427699741979683,True,True,17.627247329234123,-29.065774179109248,-9.275902451212954,False,0.0,-0.9667968750000001,0.6599141194017152,57.83203125,103.7109375,3.096383414495912,ok,True
-3.566849702650113,1.3321509085373608,0.3063132093442901,0.2609742957636658,1.0,5.18,FL,0.759436640864635,True,True,7.051269424948603e-05,-28.936421281245835,-9.136097753643412,False,0.0,-1.58203125,1.978945842313386,56.6015625,105.29296875,3.566849702650113,ok,True
-3.566849702650113,1.3321509085373608,0.009264409687775867,-2.3293659356556473,1.0,5.18,FR,0.25943664086463514,False,False,-3.2808175019802683,-19.02253688821331,0.7682129880166606,False,18.85467412848077,-2.4609375,1.0114171395022271,49.39453125000001,89.12109375,3.566849702650113,ok,True
-3.566849702650113,1.3321509085373608,0.03594821587729215,-1.1450986871029587,1.0,5.18,RL,0.25943664086463514,False,False,-3.704736366181634,-8.171876884946416,11.638911336526634,False,23.27189364043197,-1.318359375,-0.7416566182051177,50.2734375,87.5390625,3.566849702650113,ok,True
-3.566849702650113,1.3321509085373608,0.31406089845230706,-0.26143034896012396,1.0,5.18,RR,0.759436640864635,True,True,16.870708634454708,-29.586697633262776,-9.796753675207821,False,0.0,-2.021484375,-0.4328232968774798,58.35937500000001,103.974609375,3.566849702650113,ok,True
-4.22608615564975,0.9298338475496762,0.3842183429465914,0.28243934234747314,1.0,5.2,FL,0.7761033075313017,True,True,0.0007178747533156948,-25.427759089333176,-5.615174348787615,False,0.0,-2.4609375,0.339778283819876,56.337890625,105.46875,4.22608615564975,ok,True
-4.22608615564975,0.9298338475496762,0.010695181340870805,-2.365436555183058,1.0,5.2,FR,0.27610330753130174,False,False,-3.2315453929994304,-16.27857658764185,3.5160297279436605,False,17.142442938250465,-2.900390625,0.3966645026252139,49.21875,89.033203125,4.22608615564975,ok,True
-4.22608615564975,0.9298338475496762,0.029145866320198607,-0.9731603654844467,1.0,5.2,RL,0.27610330753130174,False,False,-3.8877068571418656,-6.630095953769136,13.171116193436319,False,24.571745810959435,-1.40625,-0.6528655409765142,50.537109375,87.36328125,4.22608615564975,ok,True
-4.22608615564975,0.9298338475496762,0.24336033980170285,-0.2828917138936613,1.0,5.2,RR,0.7761033075313017,True,True,16.23235583440668,-29.706981113420568,-9.915517398735204,False,0.0,-2.98828125,-1.4652124646125355,58.798828125,104.0625,4.22608615564975,ok,True
-4.912266900591286,0.5645464977632179,0.3508499886759779,0.3046179679569998,1.0,5.22,FL,0.7927699741979685,True,True,0.0006358685958329779,-22.43005105621753,-2.6146687517310667,False,0.0,-3.33984375,-1.0906471694844733,55.810546875,105.29296875,4.912266900591286,ok,True
-4.912266900591286,0.5645464977632179,0.01361878950292936,-2.3615590651293425,1.0,5.22,FR,0.29276997419796835,False,False,-3.1342879632278997,-14.032121272384932,5.764154203954467,False,16.8117773273851,-3.1640625,-0.20770969754158458,49.306640625,88.857421875,4.912266900591286,ok,True
-4.912266900591286,0.5645464977632179,0.020359396776432365,-0.8466532759999867,1.0,5.22,RL,0.29276997419796835,False,False,-4.081398845676005,-5.202415419406747,14.585169393492144,False,24.663025291424066,-1.669921875,-0.50120251658965,50.80078125,87.1875,4.912266900591286,ok,True
-4.912266900591286,0.5645464977632179,0.20550322440974098,-0.304866142559995,1.0,5.22,RR,0.7927699741979685,True,True,15.597363336822518,-29.757795962203357,-9.965282623314693,False,0.0,-3.8671875000000004,-2.4437917118767745,58.97460937500001,103.798828125,4.912266900591286,ok,True
-5.5384730560846265,0.25525794981680205,0.32019501680116164,0.32856984899510167,1.0,5.24,FL,0.8094366408646352,True,True,0.16970631762828342,-19.221201519158612,0.5898666676963167,False,0.0,-4.04296875,-2.394110543390136,55.1953125,104.677734375,5.5384730560846265,ok,True
-5.5384730560846265,0.25525794981680205,0.017208181144822116,-2.315274927926903,1.0,5.24,FR,0.3094366408646352,False,False,-3.039944755243856,-12.31949794087032,7.477324294781926,False,16.61401069488845,-3.515625,-0.7309875134698461,49.39453125000001,88.76953125,5.5384730560846265,ok,True
-5.5384730560846265,0.25525794981680205,0.015465479203459304,-0.8110086789623927,1.0,5.24,RL,0.3094366408646352,False,False,-4.199089728989177,-4.032632968728536,15.738812032721388,False,25.018003304420503,-2.021484375,-0.36802344557026184,50.9765625,87.099609375,5.5384730560846265,ok,True
-5.5384730560846265,0.25525794981680205,0.1794786366233708,-0.3285271594038095,1.0,5.24,RR,0.8094366408646352,True,True,14.786603947633422,-29.731359425570147,-9.938153616569593,False,0.0,-4.5703125,-3.368644121924458,58.88671875,103.095703125,5.5384730560846265,ok,True
-6.043846302716635,0.010792633585765475,0.2848621186948513,0.38006312548194465,1.0,5.26,FL,0.8261033075313019,True,True,0.6465664566601623,-15.386079768243386,4.409078076057165,False,0.0,-4.5703125,-3.486422606739458,54.404296875,103.7109375,6.043846302716635,ok,True
-6.043846302716635,0.010792633585765475,0.021072445743553405,-2.1948276419563832,1.0,5.26,FR,0.326103307531302,False,False,-2.9857365105350753,-11.182857167706468,8.613983767791845,False,16.890319284777284,-3.69140625,-1.1214571043738588,49.482421875,88.76953125,6.043846302716635,ok,True
-6.043846302716635,0.010792633585765475,0.009830435874956165,-0.851122754238099,1.0,5.26,RL,0.326103307531302,False,False,-4.282531242972752,-3.2244865184303815,16.53040292720726,False,25.57678942102981,-2.373046875,-0.3558550503930481,51.32812500000001,87.01171875,6.043846302716635,ok,True
-6.043846302716635,0.010792633585765475,0.16637272291372618,-0.3791496858475094,1.0,5.26,RR,0.8261033075313019,True,True,13.512660307721521,-29.926496619358044,-10.135336852053413,False,0.0,-5.185546875,-4.174002936359904,58.62304687499999,102.041015625,6.043846302716635,ok,True
-6.382414430261798,-0.15429298631899138,0.2154571878318022,0.44748577097243025,1.0,5.28,FL,0.8427699741979686,True,True,0.768036204926572,-12.05524233418294,7.718233973088138,False,0.0,-5.009765625000001,-4.250654478187399,53.61328125,102.48046875,6.382414430261798,ok,True
-6.382414430261798,-0.15429298631899138,0.02331334552004794,-2.0975187768692463,1.0,5.28,FR,0.3427699741979686,False,False,-2.966722172178075,-10.567978639333509,9.2288404428869,False,17.12550158422966,-4.04296875,-1.3571905450894775,49.482421875,88.681640625,6.382414430261798,ok,True
-6.382414430261798,-0.15429298631899138,0.003874748651105421,-0.9190980000494335,1.0,5.28,RL,0.3427699741979686,False,False,-4.3481770114705,-2.7740506860945304,16.970425826589743,False,25.32375551148692,-2.8125,-0.5061980219497229,51.591796875,86.8359375,6.382414430261798,ok,True
-6.382414430261798,-0.15429298631899138,0.17805527024801793,-0.4448819246040152,1.0,5.28,RR,0.8427699741979686,True,True,11.441257046880752,-30.900061597841596,-11.119288679310799,False,0.0,-5.712890625000001,-4.866275307395523,58.00781250000001,100.72265625000001,6.382414430261798,ok,True
-6.63013136648713,-0.2517381117975372,0.17304300216521823,0.515591584361454,1.0,5.3,FL,0.8594366408646353,True,True,0.11550776141416169,-9.375651729124067,10.37923982929536,False,0.0,-5.185546875,-4.78001261859636,52.734375,100.986328125,6.63013136648713,ok,True
-6.63013136648713,-0.2517381117975372,0.02320855722409694,-1.9503888310913164,1.0,5.3,FR,0.3594366408646352,False,False,-2.994117837536399,-10.34990107787817,9.446682801170459,False,18.064908351236742,-4.21875,-1.5171995085551326,49.5703125,88.681640625,6.63013136648713,ok,True
-6.63013136648713,-0.2517381117975372,0.0019050093949652873,-1.0051366704308267,1.0,5.3,RL,0.3594366408646352,False,False,-4.36873754935977,-2.7050799835017965,17.034661116655798,False,25.4473471683898,-3.1640625,-0.7659301054827554,51.767578125,86.66015625,6.63013136648713,ok,True
-6.63013136648713,-0.2517381117975372,0.17137150431630455,-0.5114854514968163,1.0,5.3,RR,0.8594366408646353,True,True,8.546474645965526,-31.95158275715018,-12.180666322706795,False,0.0,-6.064453125,-5.47006419266051,57.39257812500001,99.31640625,6.63013136648713,ok,True
-6.755467567599958,-0.313663877572535,0.08365974413885036,0.5843411030534726,1.0,5.32,FL,0.8761033075313021,True,True,-0.7687559400887667,-8.27939870348215,11.471691887277382,True,7.7747290600310475,-5.185546875,-5.006115851721723,51.943359375,99.4921875,6.755467567599958,ok,True
-6.755467567599958,-0.313663877572535,0.022591387785611435,-1.8374527387770523,1.0,5.32,FR,0.37610330753130206,False,False,-3.0389876563183504,-10.32314204653889,9.472763526199099,False,16.393469503147514,-4.482421875,-1.590701937106801,49.482421875,88.76953125,6.755467567599958,ok,True
-6.755467567599958,-0.313663877572535,0.003679684014139191,-1.0438547530717535,1.0,5.32,RL,0.37610330753130206,False,False,-4.3765874891539065,-2.8747128465453846,16.862472641804747,False,25.47649063165103,-3.6035156249999996,-1.1834938825989956,51.943359375,86.572265625,6.755467567599958,ok,True
-6.755467567599958,-0.313663877572535,0.1549739821893708,-0.578918557761698,1.0,5.32,RR,0.8761033075313021,True,True,5.399867832554244,-31.9948886731677,-12.229568626154553,False,0.0,-6.328125,-5.933410281307023,56.6015625,97.82226562500001,6.755467567599958,ok,True
-6.638245577079003,-0.44544783393844045,0.02891982067485587,0.6403175483215389,1.0,5.34,FL,0.8927699741979688,True,True,-1.2493619844477222,-7.932644510327278,11.82606055060576,False,11.40757922336928,-5.09765625,-5.095654828958447,51.240234375,98.0859375,6.638245577079003,ok,True
-6.638245577079003,-0.44544783393844045,0.024258111281864867,-1.821047874956165,1.0,5.34,FR,0.3927699741979689,False,False,-2.9064648568578324,-10.245533745456868,9.548290080537374,False,12.451323655935678,-4.833984375,-1.5530050786141778,49.482421875,89.033203125,6.638245577079003,ok,True
-6.638245577079003,-0.44544783393844045,0.005524793057166772,-0.9978027218029526,1.0,5.34,RL,0.3927699741979689,False,False,-4.371562304356334,-3.0201005179872342,16.71697373769594,False,25.052061242221072,-3.8671875000000004,-1.7688802883799142,52.03125,86.396484375,6.638245577079003,ok,True
-6.638245577079003,-0.44544783393844045,0.17406629283473976,-0.633835234489605,1.0,5.34,RR,0.8927699741979688,True,True,2.1586483171398068,-31.656713064785695,-11.898049948016805,False,0.0,-6.328125,-6.311701341738187,55.8984375,96.50390625,6.638245577079003,ok,True
-6.341055725002473,-0.6578477898277768,0.027019432145030307,0.7198489875407308,1.0,5.36,FL,0.9094366408646355,True,False,-1.6636084421491824,-7.598277563673771,12.174247598676889,False,14.722492711657392,-4.921875,-5.061925944975864,50.537109375,96.767578125,6.341055725002473,ok,True
-6.341055725002473,-0.6578477898277768,0.02784970737236539,-1.8551171249086136,1.0,5.36,FR,0.4094366408646355,False,False,-2.524170385393258,-9.938308754853235,9.853425579072947,False,8.303891163890524,-5.185546875,-1.5915375124918834,49.39453125000001,89.208984375,6.341055725002473,ok,True
-6.341055725002473,-0.6578477898277768,0.006998424450467659,-0.8883908331129269,1.0,5.36,RL,0.4094366408646355,False,False,-4.34023052721905,-3.1394005240043215,16.599564517592817,False,24.387051389925027,-4.21875,-2.4347896634841524,52.119140625,86.30859375,6.341055725002473,ok,True
-6.341055725002473,-0.6578477898277768,0.15537530174656633,-0.6406751420443246,1.0,5.36,RR,0.9094366408646355,True,False,-0.7996991675939604,-31.00129628244392,-11.249325260249535,True,3.6495179581672925,-6.240234375,-6.449701142628835,55.1953125,95.27343750000001,6.341055725002473,ok,True
-6.121082443370921,-0.8459950975046886,0.030113577399457112,0.8669597031592096,1.0,5.38,FL,0.9261033075313022,True,False,-2.136687051451803,-7.2753797530068285,12.512887681427813,False,16.20701170515268,-4.482421875,-4.676909864126675,50.009765625,95.712890625,6.121082443370921,ok,True
-6.121082443370921,-0.8459950975046886,0.04842497394260454,-1.9260436193584463,1.0,5.38,FR,0.4261033075313021,False,False,-1.6135287487459156,-9.665856296393288,10.124713167694415,False,7.098488621926205,-5.625,-2.0427398728031605,49.306640625,89.296875,6.121082443370921,ok,True
-6.121082443370921,-0.8459950975046886,0.008172100669018394,-0.7442367640753362,1.0,5.38,RL,0.4261033075313021,False,False,-4.195920629488856,-3.2763538460261024,16.4672084716989,False,20.311375346635838,-4.39453125,-2.9047712090017725,52.20703125,86.30859375,6.121082443370921,ok,True
-6.121082443370921,-0.8459950975046886,0.04037814364760533,-0.5295410798802189,1.0,5.38,RR,0.9261033075313022,True,False,-1.5043226486086205,-30.084038742566428,-10.334525714993898,False,5.6353408526784925,-5.80078125,-6.114352260442947,54.4921875,94.21875,6.121082443370921,ok,True
-5.857004914896684,-1.0196379677140976,0.031904423660693675,1.0585201603883823,1.0,5.4,FL,0.9427699741979689,True,False,-2.445382382153274,-7.128830073294757,12.674543931961733,False,12.503129578858292,-4.04296875,-4.193728944731371,49.658203125,95.09765625,5.857004914896684,ok,True
-5.857004914896684,-1.0196379677140976,0.07940060426388074,-2.0285021074202723,1.0,5.4,FR,0.44276997419796893,False,False,-0.2741946864109751,-9.871061142963311,9.916333403888137,False,5.67069538102725,-6.064453125,-2.72180195187733,49.39453125000001,89.736328125,5.857004914896684,ok,True
-5.857004914896684,-1.0196379677140976,0.007472248040178514,-0.5580207791109935,1.0,5.4,RL,0.44276997419796893,False,False,-3.8555996352913833,-3.5917983868202428,16.16248116606915,False,18.171509121619778,-4.5703125,-3.299168722737853,52.3828125,86.484375,5.857004914896684,ok,True
-5.857004914896684,-1.0196379677140976,0.009882348348321534,-0.4460416707507493,1.0,5.4,RR,0.9427699741979689,True,False,-1.481755168428054,-29.2073282165494,-9.4611895115826,False,5.551671076270281,-5.537109375,-5.677894499194432,54.140625,93.603515625,5.857004914896684,ok,True
-5.4309921449110625,-1.1392454712996043,0.028375055250142896,1.2173068490640788,1.0,5.42,FL,0.9594366408646356,True,False,-2.385383862519016,-7.401658814295685,12.411002609132996,False,9.209816590234626,-3.515625,-3.8004240817190116,49.482421875,94.5703125,5.4309921449110625,ok,True
-5.4309921449110625,-1.1392454712996043,0.1872105541085788,-2.149368101619716,1.0,5.42,FR,0.45943664086463576,False,False,0.0018882688249191593,-12.008744676746689,7.764458413082243,False,0.0,-6.591796875,-3.726150539446874,49.482421875,90.087890625,5.4309921449110625,ok,True
-5.4309921449110625,-1.1392454712996043,0.006008324886117069,-0.40522453153859317,1.0,5.42,RL,0.45943664086463576,False,False,-3.4873423767896314,-4.251561326942457,15.520962261706249,False,16.667668715810564,-4.833984375,-3.7268435029451292,52.55859375,86.8359375,5.4309921449110625,ok,True
-5.4309921449110625,-1.1392454712996043,0.0066924944346436034,-0.5072240433616928,1.0,5.42,RR,0.9594366408646356,True,False,-1.3424343965520447,-28.61846786201936,-8.877202330834411,False,4.58415484126586,-5.185546875,-5.1774313764700866,53.7890625,93.076171875,5.4309921449110625,ok,True
-4.943739675789505,-1.1277095688812475,0.02356687003744047,1.331627224532678,1.0,5.44,FL,0.9761033075313024,True,False,-2.15909524106302,-8.149829525089475,11.665757059188822,False,9.941451788206642,-3.076171875,-3.4403406260747893,49.306640625,94.21875,4.943739675789505,ok,True
-4.943739675789505,-1.1277095688812475,0.14741027288998282,-2.2085452822852627,1.0,5.44,FR,0.47610330753130237,False,False,-0.05081858702757694,-13.963553379530778,5.805801367645346,True,3.7140507372361227,-7.03125,-4.600960322982105,49.5703125,90.615234375,4.943739675789505,ok,True
-4.943739675789505,-1.1277095688812475,0.004660919527121693,-0.20517238377274705,1.0,5.44,RL,0.47610330753130237,False,False,-3.184114855238687,-5.338175493477936,14.450963940665414,False,16.258007560827178,-4.921875,-4.086058924142254,52.998046875,87.275390625,4.943739675789505,ok,True
-4.943739675789505,-1.1277095688812475,0.00582599184695322,-0.6525027902108187,1.0,5.44,RR,0.9761033075313024,True,False,-1.1950460291615117,-28.450759315185174,-8.71519342318587,False,4.989018454878173,-5.009765625000001,-4.748876414611028,53.7890625,93.1640625,4.943739675789505,ok,True
-4.47747385522201,-1.014812986641844,0.02296306657689813,1.4539828772760979,1.0,5.46,FL,0.9927699741979691,True,False,-2.0416584562583036,-9.351553932493,10.463498898040422,False,11.502551364440558,-2.63671875,-2.986912117584339,49.130859375,93.69140625,4.47747385522201,ok,True
-4.47747385522201,-1.014812986641844,0.054757795938986165,-1.98351095446308,1.0,5.46,FR,0.492769974197969,False,False,-0.32611045011861695,-15.01511573353961,4.752870486588858,False,4.739260311062945,-7.119140625000001,-5.280272561973823,49.833984375,91.7578125,4.47747385522201,ok,True
-4.47747385522201,-1.014812986641844,0.00700769447822445,0.15920040521181456,1.0,5.46,RL,0.492769974197969,False,False,-2.9889583727866627,-6.891901713675607,12.910623815518104,False,15.223662065602783,-4.921875,-4.338587927222651,53.4375,88.50585937500001,4.47747385522201,ok,True
-4.47747385522201,-1.014812986641844,0.0039032613268982744,-0.8153450872110044,1.0,5.46,RR,0.9927699741979691,True,False,-1.1478265966531966,-28.691325960767077,-8.96283991573521,False,8.423278500076439,-4.833984375,-4.429585308619755,53.876953125,93.33984375000001,4.47747385522201,ok,True
-3.985956926881634,-0.8476912400487784,0.026543684940619303,1.339706974165169,1.0,5.48,FL,0.009436640864635804,False,False,-2.0898281383691444,-11.005302108553343,8.806209899291316,False,12.819781323488122,-2.28515625,-2.500494190969772,49.306640625,93.076171875,3.985956926881634,ok,True
-3.985956926881634,-0.8476912400487784,0.011864757696508854,-1.3056348694682622,1.0,5.48,FR,0.5094366408646358,True,False,-0.6918641456395737,-16.077250956552565,3.6901085645391802,False,4.324133906872766,-6.767578125,-5.845094131087594,50.185546875,94.04296875,3.985956926881634,ok,True
-3.985956926881634,-0.8476912400487784,0.009980056209873425,0.6022179568654922,1.0,5.48,RL,0.5094366408646358,True,False,-2.813143444379957,-9.019723783843608,10.792433658236261,False,14.54342710176571,-4.658203125,-4.541219877604091,53.7890625,90.87890625,3.985956926881634,ok,True
-3.985956926881634,-0.8476912400487784,0.0016780234276082531,-1.243602477085703,1.0,5.48,RR,0.009436640864635804,False,False,-1.2919183268826628,-29.467333254333628,-9.750191496613077,False,9.474611537287503,-4.833984375,-4.153395338147238,53.701171875,93.1640625,3.985956926881634,ok,True
-3.4051217205924127,-0.6489659328067728,0.029062925923986446,1.2276272998605817,1.0,5.5,FL,0.02610330753130247,False,False,-2.2274121040451975,-13.06620872842006,6.737681910061996,False,14.187623970500656,-2.109375,-2.0584355572542785,49.482421875,92.724609375,3.4051217205924127,ok,True
-3.4051217205924127,-0.6489659328067728,0.007296957310383829,-0.7951361146245075,1.0,5.5,FR,0.5261033075313025,True,False,-0.7789878399732177,-17.553686325357233,2.213591081494801,False,3.431813678908951,-6.50390625,-6.313219836444943,50.36132812500001,95.9765625,3.4051217205924127,ok,True
-3.4051217205924127,-0.6489659328067728,0.011607940222950204,0.7028032620365332,1.0,5.5,RL,0.5261033075313025,True,False,-2.6462537429906527,-11.664910826766373,8.150740547688436,False,13.589826771459116,-4.921875,-4.702714001071844,54.4921875,93.076171875,3.4051217205924127,ok,True
-3.4051217205924127,-0.6489659328067728,0.0013073488499701833,-1.6516867903587258,1.0,5.5,RR,0.02610330753130247,False,False,-1.4676229993543997,-30.840997105836042,-11.139633070672907,False,9.639143517598944,-4.921875,-3.915864815838312,53.525390625,93.076171875,3.4051217205924127,ok,True
-2.699531751415595,-0.39229107589592943,0.028251180151949926,1.0998319162425583,1.0,5.5200000000000005,FL,0.042769974197969136,False,False,-2.388762954928958,-15.434721133898584,4.357499269185745,False,15.530672585976664,-1.7578125,-1.7193254668326865,49.658203125,92.37304687500001,2.699531751415595,ok,True
-2.699531751415595,-0.39229107589592943,0.017432588373995108,-0.656707812711474,1.0,5.5200000000000005,FR,0.5427699741979691,True,False,-0.6679949333918065,-19.369879992331246,0.398185686850443,False,3.9472291014672463,-6.416015625000001,-6.666792211787207,50.888671875,97.3828125,2.699531751415595,ok,True
-2.699531751415595,-0.39229107589592943,0.013218260112769496,0.6575722048776491,1.0,5.5200000000000005,RL,0.5427699741979691,True,False,-2.454890691189957,-14.665089807663014,5.144982057959014,False,11.125686703748077,-5.009765625000001,-4.8040358200979005,55.37109375,94.658203125,2.699531751415595,ok,True
-2.699531751415595,-0.39229107589592943,0.004177180393535741,-2.0376328390538374,1.0,5.5200000000000005,RR,0.042769974197969136,False,False,-1.5880537247966973,-32.682532128309894,-13.000264136633213,False,9.888635404775227,-4.921875,-3.7370591800842297,53.173828125,92.98828125,2.699531751415595,ok,True
-1.8692468524307038,-0.13202853175121917,0.026791561105485237,0.9479556521697812,1.0,5.54,FL,0.059436640864635806,False,False,-2.582220020632759,-17.87160511742557,1.9055578664862942,False,16.673462160473807,-1.58203125,-1.4722818795468295,49.833984375,92.109375,1.8692468524307038,ok,True
-1.8692468524307038,-0.13202853175121917,0.07176432212197344,-0.613579407847169,1.0,5.54,FR,0.5594366408646358,True,False,0.021269674461490973,-20.389149112083572,-0.6166950115460992,False,0.0,-6.416015625000001,-6.845981232104931,51.6796875,98.701171875,1.8692468524307038,ok,True
-1.8692468524307038,-0.13202853175121917,0.03229510816656383,0.6219407795828147,1.0,5.54,RL,0.5594366408646358,True,False,-1.870269988572322,-18.12851610834861,1.6663129901934681,False,6.250541928267774,-5.009765625000001,-4.8900146442256665,56.42578125,96.328125,1.8692468524307038,ok,True
-1.8692468524307038,-0.13202853175121917,0.00995558451189401,-2.4126647864058133,1.0,5.54,RR,0.059436640864635806,False,False,-1.6903221470171426,-34.674944291267614,-15.010247177083361,False,10.918578234878503,-4.921875,-3.5989631009579313,53.173828125,92.8125,1.8692468524307038,ok,True
-1.0269637485079162,0.08298964994473568,0.025847749364075696,0.8060254565323361,1.0,5.5600000000000005,FL,0.07610330753130247,False,False,-2.821316856750147,-20.1898899626674,-0.419466016601195,False,20.508338967541615,-1.40625,-1.149726992611115,49.833984375,91.7578125,1.0269637485079162,ok,True
-1.0269637485079162,0.08298964994473568,0.2604104739052139,-0.5639714694451312,1.0,5.5600000000000005,FR,0.5761033075313025,True,False,0.36858004581151116,-17.68491213531043,2.1135058947416354,False,0.0,-6.240234375,-6.781229625622323,52.55859375,100.283203125,1.0269637485079162,ok,True
-1.0269637485079162,0.08298964994473568,0.09989554091930256,0.5708660021474694,1.0,5.5600000000000005,RL,0.5761033075313025,True,False,0.04596581610597991,-22.819941452627525,-3.045712824918006,False,0.0,-5.009765625000001,-5.004579684161236,57.48046875,97.998046875,1.0269637485079162,ok,True
-1.0269637485079162,0.08298964994473568,0.015657127790053932,-2.777046744076793,1.0,5.5600000000000005,RR,0.07610330753130247,False,False,-1.861728089608477,-36.37897763890162,-16.722653223537414,False,14.963745276913192,-4.921875,-3.4971392491282836,53.0859375,92.724609375,1.0269637485079162,ok,True
-0.17955541855998025,0.33882446005111255,0.025454765496414015,0.6342363370336581,1.0,5.58,FL,0.09276997419796913,False,False,-3.259773753344207,-22.23535598723395,-2.4698615374555715,False,24.90933845040429,-1.23046875,-0.7396479777032839,49.921875,91.318359375,0.33882446005111255,ok,True
-0.17955541855998025,0.33882446005111255,0.20308297284135898,-0.5017370226668199,1.0,5.58,FR,0.5927699741979692,True,False,-0.06746103117449831,-16.234287247644296,3.5770474773708436,True,2.8220321364059076,-5.888671875,-6.708888518443776,53.525390625,101.68945312500001,0.33882446005111255,ok,True
-0.17955541855998025,0.33882446005111255,0.28967839294107234,0.5070895664923105,1.0,5.58,RL,0.5927699741979692,True,False,1.5122576794659586,-31.004276749264385,-11.255078185555664,False,0.0,-4.658203125,-5.149733111633529,58.35937500000001,99.66796875,0.33882446005111255,ok,True
-0.17955541855998025,0.33882446005111255,0.019741480709054477,-3.042647319759774,1.0,5.58,RR,0.09276997419796913,False,False,-2.216394172888103,-37.68490536637948,-18.03032240368085,False,16.60649531005853,-4.921875,-3.446783497780982,52.91015625,92.63671875,0.33882446005111255,ok,True
0.8664193496422191,0.6616752610960751,0.021205277735198036,0.41522085530209707,1.0,5.6000000000000005,FL,0.1094366408646358,False,False,-3.746457526757053,-23.47236009066726,-3.710629725937551,False,23.91736561261828,-1.142578125,-0.47904252950032916,49.921875,90.791015625,0.8664193496422191,ok,True
0.8664193496422191,0.6616752610960751,0.07960526762121839,-0.42811489376968925,1.0,5.6000000000000005,FR,0.6094366408646358,True,True,-0.6220134747294062,-16.708971912695013,3.1059020105885295,False,7.0452901787611975,-5.2734375,-6.779839754683352,54.404296875,103.095703125,0.8664193496422191,ok,True
0.8664193496422191,0.6616752610960751,0.17880682369654335,0.43139747313342536,1.0,5.6000000000000005,RL,0.6094366408646358,True,True,4.867998718976852,-36.12957820171782,-16.401558221393216,False,0.0,-4.39453125,-5.189624269394264,59.23828124999999,101.337890625,0.8664193496422191,ok,True
0.8664193496422191,0.6616752610960751,0.02037796356998364,-3.0173024058969076,1.0,5.6000000000000005,RR,0.1094366408646358,False,False,-2.5995028446916777,-38.27913895993461,-18.618569752028336,False,18.714900612446733,-4.482421875,-3.347860801930314,52.55859375,92.37304687500001,0.8664193496422191,ok,True
2.0644679037649305,0.9865286780507473,0.0135289564668481,0.328147174640538,1.0,5.62,FL,0.12610330753130247,False,False,-4.000846018299691,-23.955251402888685,-4.196509825863792,False,21.675131131324274,-0.791015625,-0.3854463030702627,49.658203125,90.087890625,2.0644679037649305,ok,True
2.0644679037649305,0.9865286780507473,0.04558659787280952,-0.34067752298707354,1.0,5.62,FR,0.6261033075313025,True,True,-0.8370595892836508,-17.23969225540602,2.5753618314245905,False,7.0687550557662355,-4.5703125,-6.835871269261229,55.107421875,104.0625,2.0644679037649305,ok,True
2.0644679037649305,0.9865286780507473,0.09238500101328648,0.34200759945656456,1.0,5.62,RL,0.6261033075313025,True,True,9.716024500349235,-38.38437294830693,-18.65747874465582,False,0.0,-3.8671875000000004,-4.9776275315929,59.501953125,102.48046875,2.0644679037649305,ok,True
2.0644679037649305,0.9865286780507473,0.01947755900592336,-2.936160750231465,1.0,5.62,RR,0.12610330753130247,False,False,-2.994920764904253,-38.314926216896296,-18.645777158433038,False,21.38782643130274,-4.130859375,-3.2517084127237483,52.20703125,92.28515625,2.0644679037649305,ok,True
3.4179212592695483,1.340110475818048,0.005120220484279766,0.22749460252619103,1.0,5.64,FL,0.14276997419796914,False,False,-3.985340162334712,-24.048057446265258,-4.292645710179023,False,19.315716235624148,-0.615234375,-0.48124498961514245,49.5703125,89.384765625,3.4179212592695483,ok,True
3.4179212592695483,1.340110475818048,0.048050253631587915,-0.2510286818580152,1.0,5.64,FR,0.6427699741979691,True,True,-0.848127327180044,-17.630636851614955,2.181806162300532,False,6.976218004617067,-3.779296875,-6.684125362876148,55.72265625,104.677734375,3.4179212592695483,ok,True
3.4179212592695483,1.340110475818048,0.07930316785348532,0.25135273285469095,1.0,5.64,RL,0.6427699741979691,True,True,15.555384426790827,-39.41889380347186,-19.685623233474605,False,0.0,-3.1640625,-4.666005276577132,59.501953125,103.359375,3.4179212592695483,ok,True
3.4179212592695483,1.340110475818048,0.01941171905837577,-2.9036350114326637,1.0,5.64,RR,0.14276997419796914,False,False,-3.4191248166282397,-38.08424570812936,-18.40957874401911,False,23.100241536478965,-3.69140625,-3.073009178653129,51.6796875,91.58203125,3.4179212592695483,ok,True
4.752639375646507,1.7130146832500495,0.0026175673807262477,0.16324862281170233,1.0,5.66,FL,0.1594366408646358,False,False,-3.765356113689264,-24.11388509240785,-4.363943389590794,False,15.480586689974224,-0.263671875,-0.5934670423984265,49.482421875,88.681640625,4.752639375646507,ok,True
4.752639375646507,1.7130146832500495,0.05972308110799319,-0.1477925917734737,1.0,5.66,FR,0.6594366408646358,True,True,-0.7447865012984063,-18.167457808720872,1.641466494599225,False,7.163394536142551,-2.8125,-6.423108778300635,56.162109375,105.029296875,4.752639375646507,ok,True
4.752639375646507,1.7130146832500495,0.08171843820006475,0.14703491001186952,1.0,5.66,RL,0.6594366408646358,True,True,21.88943008432197,-39.61165807738514,-19.869665394733467,False,0.0,-2.373046875,-4.156492133489318,59.23828124999999,103.88671875,4.752639375646507,ok,True
4.752639375646507,1.7130146832500495,0.018805931225780018,-2.888637524042056,1.0,5.66,RR,0.1594366408646358,False,False,-3.7990517252422045,-37.923461883120616,-18.250580323774564,False,24.019259309994005,-3.33984375,-2.9140001723918387,51.32812500000001,90.966796875,4.752639375646507,ok,True
6.002273130968152,2.0804375611828596,0.008449738306634922,0.1370046337143371,1.0,5.68,FL,0.17610330753130246,False,False,-3.3605478194781506,-24.552600838878355,-4.812278078976483,False,11.97327115577741,0.0,-0.7105742168439437,49.5703125,87.978515625,6.002273130968152,ok,True
6.002273130968152,2.0804375611828596,0.07572639598755816,-0.028945150823146637,1.0,5.68,FR,0.6761033075313024,True,True,-0.6053566290235811,-19.212723276952005,0.5945881359321241,False,8.132825763775218,-1.669921875,-6.032365224873353,56.513671875,104.94140625,6.002273130968152,ok,True
6.002273130968152,2.0804375611828596,0.08766348828155669,0.02770618153073756,1.0,5.68,RL,0.6761033075313024,True,True,28.405154574619278,-40.03501339988898,-20.288843061506167,False,0.0,-1.58203125,-3.4918964920096736,58.62304687499999,103.974609375,6.002273130968152,ok,True
6.002273130968152,2.0804375611828596,0.018361574652772664,-2.890529020667887,1.0,5.68,RR,0.17610330753130246,False,False,-4.085335562417785,-38.193381845119944,-18.5317415038806,False,22.812141794847363,-2.98828125,-2.784836140913143,50.9765625,90.263671875,6.002273130968152,ok,True
7.177010161724013,2.4342617651179728,0.01386814066585272,0.1379924017782545,1.0,5.7,FL,0.19276997419796912,False,False,-2.8588422376800047,-25.541631589002787,-5.81617997997315,False,10.262512115851568,0.439453125,-0.8543274696769542,49.658203125,87.71484375,7.177010161724013,ok,True
7.177010161724013,2.4342617651179728,0.10363437604774932,0.09251504185919812,1.0,5.7,FR,0.6927699741979692,True,True,-0.30634284048596666,-20.8976989349062,-1.0898247571657755,False,7.8201007334577355,-0.615234375,-5.417882706510419,56.689453125,104.501953125,7.177010161724013,ok,True
7.177010161724013,2.4342617651179728,0.09475885439793326,-0.0935742773294499,1.0,5.7,RL,0.6927699741979692,True,True,34.4868672396695,-40.98983701102784,-21.246042603619337,False,0.0,-0.703125,-2.730517080366753,57.83203125,103.88671875,7.177010161724013,ok,True
7.177010161724013,2.4342617651179728,0.018092722935910716,-2.9066331408139594,1.0,5.7,RR,0.19276997419796912,False,False,-4.179545733560511,-39.04692626745726,-19.40456077376666,False,21.828132456548953,-2.63671875,-2.662690574423942,50.80078125,89.560546875,7.177010161724013,ok,True
8.226741744508619,2.8340495128405094,0.018691429385419754,0.1692135106869732,1.0,5.72,FL,0.2094366408646358,False,False,-2.417402800987737,-27.11005390202219,-7.403842946451363,False,9.754658823908736,0.791015625,-0.9367754719675354,50.009765625,87.36328125,8.226741744508619,ok,True
8.226741744508619,2.8340495128405094,0.1554029322296851,0.23021462619046656,1.0,5.72,FR,0.7094366408646358,True,True,-0.04703578331296046,-23.039276053599384,-3.2299882819365635,False,7.967469587377098,0.615234375,-4.532539489893426,56.865234375,103.974609375,8.226741744508619,ok,True
8.226741744508619,2.8340495128405094,0.12804027117853642,-0.23029227217638004,1.0,5.72,RL,0.7094366408646358,True,True,40.73589744816615,-40.64221801711367,-20.892224502270206,False,0.0,0.17578125,-1.9236210008366437,57.041015625,103.271484375,8.226741744508619,ok,True
8.226741744508619,2.8340495128405094,0.017820777027763773,-2.9366216907200937,1.0,5.72,RR,0.2094366408646358,False,False,-4.123995729627746,-40.41804536711003,-20.803519448400056,False,20.267257415627633,-2.28515625,-2.5599202406812465,50.80078125,89.560546875,8.226741744508619,ok,True
9.193665876867804,3.24268964179941,0.02133487226017118,0.2056646882937052,1.0,5.74,FL,0.22610330753130245,False,False,-2.088379389341699,-29.20341324709533,-9.521878310350182,False,8.649762106608845,1.142578125,-0.9490611232926303,50.2734375,87.36328125,9.193665876867804,ok,True
9.193665876867804,3.24268964179941,0.15971821444541112,0.38483353731894154,1.0,5.74,FR,0.7261033075313025,True,True,-0.3345151603267593,-25.236246506103925,-5.4255148743835235,False,9.872878595498909,1.7578125,-3.652695728929943,57.216796875,103.62304687500001,9.193665876867804,ok,True
9.193665876867804,3.24268964179941,0.2527361602393843,-0.38301416033480895,1.0,5.74,RL,0.7261033075313025,True,True,46.90766125595459,-37.96635776819297,-18.200255957792603,False,0.0,0.9667968750000001,-1.064140087347746,56.07421875,102.65625000000001,9.193665876867804,ok,True
9.193665876867804,3.24268964179941,0.01686252018271528,-2.9669171970524157,1.0,5.74,RR,0.22610330753130245,False,False,-3.915865930807689,-42.21646475086763,-22.634042254696457,False,19.446968274172036,-2.021484375,-2.427050539501694,50.712890625,89.736328125,9.193665876867804,ok,True
10.149926032887512,3.6209478108438806,0.03824989994306748,0.25531865758369343,1.0,5.76,FL,0.2427699741979691,False,False,-1.5217435176524094,-31.923296281341067,-12.273745402600351,False,8.427359904115741,1.494140625,-0.9004387919243133,50.625,87.36328125,10.149926032887512,ok,True
10.149926032887512,3.6209478108438806,0.09467033493867501,0.5428697266938394,1.0,5.76,FR,0.7427699741979691,True,True,-1.2226259763411345,-27.384079825070042,-7.5724706719720345,False,15.641943277876875,2.98828125,-3.0834347653895016,57.39257812500001,103.095703125,10.149926032887512,ok,True
10.149926032887512,3.6209478108438806,0.35808041569045396,-0.5380380165754168,1.0,5.76,RL,0.7427699741979691,True,True,52.23759000343605,-33.585815721014676,-13.799985564965752,False,0.0,1.9335937500000002,-0.21081430285335745,55.107421875,102.041015625,10.149926032887512,ok,True
10.149926032887512,3.6209478108438806,0.016736674891142264,-3.007405046089124,1.0,5.76,RR,0.2427699741979691,False,False,-3.7374817907438187,-44.33856466844199,-24.78922977334938,False,20.422073763329283,-1.669921875,-2.2089978463183737,50.712890625,89.82421875,10.149926032887512,ok,True
10.957402178802774,3.893939080967387,0.07202392691781392,0.2929340095686441,1.0,5.78,FL,0.2594366408646358,False,False,-0.44001230838213584,-35.284337875234925,-15.67953515079341,False,6.534405994361418,1.9335937500000002,-0.646243270590899,50.80078125,87.5390625,10.957402178802774,ok,True
10.957402178802774,3.893939080967387,0.06018300089996918,0.7040520569087794,1.0,5.78,FR,0.7594366408646358,True,True,-2.000629663530609,-29.67475798304376,-9.863266293603797,False,19.96505849605472,4.130859375,-2.72037453849968,57.48046875,102.48046875,10.957402178802774,ok,True
10.957402178802774,3.893939080967387,0.3633363730021203,-0.6951746146563837,1.0,5.78,RL,0.7594366408646358,True,True,56.44530838559385,-29.355083817663836,-9.549349764294753,False,0.0,2.724609375,0.6295406671913711,54.228515625,101.337890625,10.957402178802774,ok,True
10.957402178802774,3.893939080967387,0.017764236779320042,-3.0349562712581646,1.0,5.78,RR,0.2594366408646358,False,False,-3.642500462670055,-46.66435049980042,-27.141960911687743,False,19.39895460473099,-1.40625,-2.02327345102532,50.537109375,89.82421875,10.957402178802774,ok,True
11.630162623612202,4.07404330039894,0.2462291758257399,0.3001862095891388,1.0,5.8,FL,0.27610330753130247,False,False,0.8502107131317972,-41.07870293760459,-21.557046439418162,False,0.0,2.28515625,0.10379986098650995,50.888671875,87.5390625,11.630162623612202,ok,True
11.630162623612202,4.07404330039894,0.05297408873550424,0.8545532115771941,1.0,5.8,FR,0.7761033075313024,True,True,-2.7871802297986905,-31.98290314806348,-12.17393362549917,False,27.83303635938267,5.09765625,-2.228944872005526,57.568359375,101.77734375,11.630162623612202,ok,True
11.630162623612202,4.07404330039894,0.30719046201040495,-0.8411725240189618,1.0,5.8,RL,0.7761033075313024,True,True,59.55204435505636,-26.261100202086656,-6.4491629478210335,False,0.0,3.427734375,1.4959088311689515,53.0859375,100.283203125,11.630162623612202,ok,True
11.630162623612202,4.07404330039894,0.020978924830818903,-3.0489270116311804,1.0,5.8,RR,0.27610330753130247,False,False,-3.4778591034600876,-48.96144377158668,-29.467446110224042,False,16.856023851008114,-1.142578125,-1.865735933937002,50.2734375,89.560546875,11.630162623612202,ok,True
12.261017511264026,4.21418825027825,0.33944503352522026,0.2893376717123215,1.0,5.82,FL,0.29276997419796913,False,False,3.104048468563117,-46.16732465002746,-26.71636672010572,False,0.0,2.63671875,0.9514956461091119,50.888671875,87.1875,12.261017511264026,ok,True
12.261017511264026,4.21418825027825,0.04178788964191807,1.0074180277795453,1.0,5.82,FR,0.7927699741979691,True,True,-3.714521112144948,-34.05411684424289,-14.250794499955788,False,28.994057435079867,5.9765625,-1.2473677573245623,57.39257812500001,100.810546875,12.261017511264026,ok,True
12.261017511264026,4.21418825027825,0.21395798936779115,-0.9878973608265986,1.0,5.82,RL,0.7927699741979691,True,True,61.560858777421,-24.33450176854455,-4.522050920671504,False,0.0,4.04296875,2.294803133840529,51.943359375,99.140625,12.261017511264026,ok,True
12.261017511264026,4.21418825027825,0.0244145379050384,-3.08833691415005,1.0,5.82,RR,0.29276997419796913,False,False,-3.2231214960463035,-50.87985625327601,-31.410735901327712,False,15.372039623165161,-0.791015625,-1.7276394037045537,49.921875,89.296875,12.261017511264026,ok,True
12.80749061195479,4.285676941257353,0.3212941636962243,0.2514430344479863,1.0,5.84,FL,0.3094366408646358,False,False,5.476471508103615,-48.224173270155944,-28.808105982178507,False,0.0,2.900390625,1.5441274572803512,50.80078125,86.923828125,12.80749061195479,ok,True
12.80749061195479,4.285676941257353,0.0304061071855561,1.159038654604939,1.0,5.84,FR,0.8094366408646358,True,True,-4.344990157911289,-35.67946237679309,-15.88401860160113,False,28.7535372873494,6.767578125,0.12656969432495743,57.041015625,99.4921875,12.80749061195479,ok,True
12.80749061195479,4.285676941257353,0.15155039009297316,-1.1332389405765309,1.0,5.84,RL,0.8094366408646358,True,True,62.310763718845514,-23.135333717317906,-3.3247529680353303,False,0.0,4.482421875,2.9881622491633055,50.712890625,97.55859375,12.80749061195479,ok,True
12.80749061195479,4.285676941257353,0.02738518137538881,-3.117605772350852,1.0,5.84,RR,0.3094366408646358,False,False,-2.992244484208529,-52.15728472917229,-32.70697099044997,False,15.313895325115135,-0.52734375,-1.6170873222194273,49.482421875,88.857421875,12.80749061195479,ok,True
13.200180101660335,4.340756900831628,0.346373045924478,0.18469125452225654,1.0,5.86,FL,0.32610330753130246,False,False,7.314528090214542,-49.37626914779679,-29.985400253623553,False,0.0,3.1640625,1.9724875142355216,50.537109375,86.484375,13.200180101660335,ok,True
13.200180101660335,4.340756900831628,0.022701319471008813,1.296661910418269,1.0,5.86,FR,0.8261033075313025,True,True,-4.651983335500324,-36.79391553512479,-17.006866474345,False,28.10444964578678,7.3828125,1.7521792532171176,56.513671875,97.998046875,13.200180101660335,ok,True
13.200180101660335,4.340756900831628,0.14609021980062242,-1.2642566985813914,1.0,5.86,RL,0.8261033075313025,True,True,61.74661756815436,-22.85695956152314,-3.053500217930207,False,0.0,4.833984375,3.545020868242445,49.39453125000001,95.80078125,13.200180101660335,ok,True
13.200180101660335,4.340756900831628,0.028146260244347375,-3.1349655969775854,1.0,5.86,RR,0.32610330753130246,False,False,-2.8573372186365824,-52.791476310483276,-33.3556765274872,False,15.587967599357821,-0.17578125,-1.5160907641493016,49.04296875,88.41796875,13.200180101660335,ok,True
13.371659162992703,4.422015050958342,0.37814943541675833,0.022532102409858812,1.0,5.88,FL,0.3427699741979691,False,False,8.525273109009058,-50.28098383198729,-30.91252871545686,False,0.0,3.33984375,2.31236294588779,50.2734375,86.1328125,13.371659162992703,tilt,False
13.371659162992703,4.422015050958342,0.01687732970745226,1.4169070941158726,1.0,5.88,FR,0.8427699741979691,True,True,-4.724667147514176,-37.43958887052251,-17.66074066032401,False,26.66022852621595,7.91015625,3.5357014897821752,55.72265625,96.328125,13.371659162992703,tilt,False
13.371659162992703,4.422015050958342,0.1990807037614011,-1.3791286150991322,1.0,5.88,RL,0.8427699741979691,True,True,59.85010820849334,-23.5510955545922,-3.767821338469272,False,0.0,5.009765625000001,3.9832287500226027,48.076171875,93.8671875,13.371659162992703,tilt,False
13.371659162992703,4.422015050958342,0.02611594307899157,-3.1259368987450227,1.0,5.88,RR,0.3427699741979691,False,False,-2.811435455399757,-52.882439948519114,-33.45983417696313,False,15.254341124756568,0.087890625,-1.4452167972529595,48.427734375,87.978515625,13.371659162992703,tilt,False
13.167513655873146,4.524459583896599,0.38618699410083307,1.1999998778834429,1.0,5.9,FL,0.3594366408646358,False,False,8.729710968039626,-50.90882840629888,-31.559738372093193,False,0.0,4.482421875,2.6629368726481064,51.240234375,90.791015625,13.167513655873146,tilt,False
13.167513655873146,4.524459583896599,0.011368817487842506,-1.1999998102386797,1.0,5.9,FR,0.8594366408646358,True,True,-4.63823336696979,-37.65951106941837,-17.888083489109302,False,25.273046243774818,5.2734375,5.213538213798093,54.580078125,93.33984375000001,13.167513655873146,tilt,False
13.167513655873146,4.524459583896599,0.2537051093082489,1.2000001000204614,1.0,5.9,RL,0.8594366408646358,True,True,56.54480419428392,-25.149798812710635,-5.388761471243587,False,0.0,7.55859375,4.318685180055113,49.921875,96.943359375,13.167513655873146,tilt,False
13.167513655873146,4.524459583896599,0.0219138710560145,-1.200000062976775,1.0,5.9,RR,0.3594366408646358,False,False,-2.7495358436005617,-52.53989877041582,-33.12913853222173,False,12.90918444191036,2.109375,-1.4728962016484624,48.427734375,90.087890625,13.167513655873146,tilt,False
12.52780143403766,4.583188315466486,0.34914735546663506,0.8999998085550596,1.0,5.92,FL,0.3594366408646358,False,False,7.6653375263454055,-51.300055801904485,-31.964447555575124,False,0.0,4.21875,2.9395300469723344,50.9765625,90.52734375,12.52780143403766,tilt,False
12.52780143403766,4.583188315466486,0.013156505763508639,-0.8999999108161649,1.0,5.92,FR,0.8594366408646358,True,True,-4.481227256038077,-37.36118521700259,-17.59111840847644,False,24.700286926984,5.625,6.634639533693944,54.931640625,93.603515625,12.52780143403766,tilt,False
12.52780143403766,4.583188315466486,0.23115625472698045,0.8999999513193266,1.0,5.92,RL,0.8594366408646358,True,True,52.22337963633524,-25.978791928467558,-6.239209230952209,False,0.0,7.294921875000001,4.62941742174413,49.5703125,96.591796875,12.52780143403766,tilt,False
12.52780143403766,4.583188315466486,0.017901938009213858,-0.9000001709729357,1.0,5.92,RR,0.3594366408646358,False,False,-2.590238153831227,-51.72016991262597,-32.31170044658934,False,13.662966457987972,2.373046875,-1.5980791357128914,48.603515625,90.43945312500001,12.52780143403766,tilt,False
11.571300172317056,4.586786608332643,0.35125822154328434,0.5999996831865118,1.0,5.94,FL,0.3594366408646358,False,False,6.107788562426865,-51.742113710091814,-32.41606895191751,False,0.0,3.8671875000000004,3.343546047458112,50.9765625,90.263671875,11.571300172317056,tilt,False
11.571300172317056,4.586786608332643,0.015888836624204438,-0.6000001208128332,1.0,5.94,FR,0.8594366408646358,True,True,-4.331141365270092,-36.48462278088469,-16.71578722762207,False,24.16716399758881,5.888671875,7.8880561696763865,55.1953125,93.8671875,11.571300172317056,tilt,False
11.571300172317056,4.586786608332643,0.27072974128393645,0.5999999121140549,1.0,5.94,RL,0.8594366408646358,True,True,46.719123617755365,-26.224174958393718,-6.515395517765423,False,0.0,7.03125,5.232890303070411,49.39453125000001,96.328125,11.571300172317056,tilt,False
11.571300172317056,4.586786608332643,0.014754292573064171,-0.5999998741185633,1.0,5.94,RR,0.3594366408646358,False,False,-2.4969095805930097,-50.49692256332845,-31.081321125275743,False,14.265882080428643,2.724609375,-1.6079791554360074,48.603515625,90.703125,11.571300172317056,tilt,False
10.361617027397234,4.490897519537618,0.32258160242579875,0.2999997503233778,1.0,5.96,FL,0.3594366408646358,False,False,4.393175653545436,-52.457835202442475,-33.13546256312202,False,0.0,3.6035156249999996,3.7633830746894685,50.9765625,90.263671875,10.361617027397234,tilt,False
10.361617027397234,4.490897519537618,0.01810631777625693,-0.30000036701439825,1.0,5.96,FR,0.8594366408646358,True,True,-4.170666518420921,-34.982910097734006,-15.214584909474283,False,21.939099846425844,6.240234375,8.933529354377658,55.1953125,94.21875,10.361617027397234,tilt,False
10.361617027397234,4.490897519537618,0.3821966816628197,0.29999996143236984,1.0,5.96,RL,0.8594366408646358,True,True,40.986225600334336,-26.514447739017,-6.843192383120403,False,0.0,6.6796875,6.2798683249307015,49.306640625,95.888671875,10.361617027397234,tilt,False
10.361617027397234,4.490897519537618,0.015889631760551845,-0.2999999228436985,1.0,5.96,RR,0.3594366408646358,False,False,-2.476705730581199,-48.88046626010678,-29.44600799403215,False,13.93419500909498,2.98828125,-1.2975712204379313,48.603515625,90.703125,10.361617027397234,tilt,False
8.741381161409201,4.288184273018296,0.20116890994925515,-8.599884893101262e-08,1.0,5.98,FL,0.3594366408646358,False,False,1.8392787731691154,-51.48936543735813,-32.13143219226623,False,0.0,3.33984375,4.149969712958843,50.9765625,90.263671875,8.741381161409201,tilt,False
8.741381161409201,4.288184273018296,0.01986162340132754,-1.3082805505604256e-07,1.0,5.98,FR,0.8594366408646358,True,True,-3.9251853974922106,-32.87006850500666,-13.101115950439613,False,18.541995304142553,6.416015625000001,9.519966198049126,55.107421875,94.39453125,8.741381161409201,tilt,False
8.741381161409201,4.288184273018296,0.44788220186044775,1.1607075478536899e-07,1.0,5.98,RL,0.8594366408646358,True,True,34.21846280974981,-27.356536094616477,-7.728617119041971,False,0.0,6.416015625000001,7.484512771231779,49.306640625,95.625,8.741381161409201,tilt,False
8.741381161409201,4.288184273018296,0.011870847945183055,1.759022305591884e-08,1.0,5.98,RR,0.3594366408646358,False,False,-2.427225420693787,-46.79688370000547,-27.33265618577544,False,12.862961995588782,3.1640625,-0.7918391071971455,48.603515625,90.703125,8.741381161409201,tilt,False
6.66516031032097,3.9544931054489156,0.07810950907088868,-1.0542380213252045e-07,1.0,6.0,FL,0.3594366408646358,False,False,-1.5083461556414797,-48.99918542358384,-29.56918341214536,True,16.750342710543975,3.33984375,4.307021506959226,50.9765625,90.263671875,6.66516031032097,tilt,False
6.66516031032097,3.9544931054489156,0.027039645708036766,8.003356821717489e-08,1.0,6.0,FR,0.8594366408646358,True,True,-3.5688738480932383,-30.27695038603918,-10.506278096454633,False,13.773862269747259,6.416015625000001,9.559457949266877,55.107421875,94.482421875,6.66516031032097,tilt,False
6.66516031032097,3.9544931054489156,0.4123460030851937,1.1806573407824317e-07,1.0,6.0,RL,0.8594366408646358,True,True,25.07747620557594,-28.85866776746218,-9.27799168671941,False,0.0,6.328125,8.350973177724738,49.306640625,95.537109375,6.66516031032097,tilt,False
6.66516031032097,3.9544931054489156,0.003703651306785333,1.0638903136239719e-07,1.0,6.0,RR,0.3594366408646358,False,False,-2.3349764641627524,-44.18868275670474,-24.685105302699963,False,12.949261171701766,3.1640625,-0.15462475264814257,48.603515625,90.703125,6.66516031032097,tilt,False
4.617325928740923,3.2691126276449727,0.03846503037677329,-1.0545335582534676e-07,1.0,6.0200000000000005,FL,0.3594366408646358,False,False,-2.78971663894469,-47.831140341973445,-28.350428264099474,False,24.48370325648937,3.1640625,4.6055395996084485,50.888671875,90.263671875,4.617325928740923,tilt,False
4.617325928740923,3.2691126276449727,0.049931487853314103,7.91604319871908e-08,1.0,6.0200000000000005,FR,0.8594366408646358,True,True,-2.8141130823969016,-27.159120123304053,-7.386708666379224,False,8.991741366438596,6.416015625000001,9.251433202856626,55.01953125000001,94.482421875,4.617325928740923,tilt,False
4.617325928740923,3.2691126276449727,0.34627639873948624,-6.301514865469926e-08,1.0,6.0200000000000005,RL,0.8594366408646358,True,True,14.240066286875036,-29.863725788444185,-10.313623378863962,False,0.0,6.328125,8.605653753026685,49.306640625,95.361328125,4.617325928740923,tilt,False
4.617325928740923,3.2691126276449727,0.01102942474840345,-9.556165148083551e-08,1.0,6.0200000000000005,RR,0.3594366408646358,False,False,-2.3028268614677385,-40.6686947119719,-21.115901444391667,False,16.50932787881285,3.1640625,0.901248791571004,48.515625,90.703125,4.617325928740923,tilt,False
2.6772754460882706,2.255309870653958,0.03708634251118517,-9.154151792145626e-08,1.0,6.04,FL,0.3594366408646358,False,False,-3.570232476681038,-46.58064105922983,-27.07250559333024,False,24.719134469187267,3.1640625,4.975745866715339,50.888671875,90.263671875,2.6772754460882706,tilt,False
2.6772754460882706,2.255309870653958,0.14589629929643666,-2.3544884264481425e-08,1.0,6.04,FR,0.8594366408646358,True,True,-0.44611475790491684,-24.95852806080602,-5.1858474321309345,False,8.253404961169093,6.328125,8.569704335996407,54.931640625,94.482421875,2.6772754460882706,tilt,False
2.6772754460882706,2.255309870653958,0.26135489641143367,2.3745320909540624e-07,1.0,6.04,RL,0.8594366408646358,True,True,3.212444847361325,-29.933303619511104,-10.38923664746422,False,0.0,6.240234375,8.351783778974195,49.21875,95.361328125,2.6772754460882706,tilt,False
2.6772754460882706,2.255309870653958,0.024162417120218962,3.0149085894493055e-08,1.0,6.04,RR,0.3594366408646358,False,False,-2.5200760108543516,-36.08230131583091,-16.457066054258057,False,18.74633981435165,3.1640625,2.200228540618726,48.515625,90.703125,2.6772754460882706,tilt,False
1.1085513541593435,1.2906236149209729,0.03606680463250415,6.360747573097569e-08,1.0,6.0600000000000005,FL,0.3594366408646358,False,False,-4.006750875791526,-44.39920452412043,-24.864491903179903,False,24.31845025068875,3.1640625,4.9830813704877475,50.80078125,90.263671875,1.2906236149209729,tilt,False
1.1085513541593435,1.2906236149209729,0.5461057215043259,2.0762580721367385e-07,1.0,6.0600000000000005,FR,0.8594366408646358,True,True,-0.0010992868563833302,-30.151712099340557,-10.416437767651622,False,7.177125628778214,6.240234375,7.747830584706324,54.84375,94.39453125,1.2906236149209729,tilt,False
1.1085513541593435,1.2906236149209729,0.13685328250575368,-5.8117629819776084e-08,1.0,6.0600000000000005,RL,0.8594366408646358,True,True,-4.138675535760784,-29.30082343718702,-9.727791404411612,True,25.574118808812273,6.064453125,7.431594710328912,49.21875,95.27343750000001,1.2906236149209729,tilt,False
1.1085513541593435,1.2906236149209729,0.03626260308626119,-6.674272512441348e-08,1.0,6.0600000000000005,RR,0.3594366408646358,False,False,-2.6601288007821084,-30.8454814782955,-11.164332172399387,False,7.027034840956018,3.076171875,3.6655028206014424,48.427734375,90.703125,1.2906236149209729,tilt,False
0.15449961912573784,0.8075339851707359,0.03258720812329303,8.532285455942201e-08,1.0,6.08,FL,0.3594366408646358,False,False,-4.063198590530139,-40.83152331573206,-21.25472747427476,False,20.530277358670137,3.076171875,4.476763266594507,50.712890625,90.17578125,0.8075339851707359,tilt,False
0.15449961912573784,0.8075339851707359,0.6840983209281345,1.9827134067895713e-07,1.0,6.08,FR,0.8594366408646358,True,True,-0.006021776998443168,-38.560465459542975,-18.940414575779858,False,6.118842489859025,6.064453125,7.3317472465956754,54.580078125,94.30664062500001,0.8075339851707359,tilt,False
0.15449961912573784,0.8075339851707359,0.06953410541088481,-3.557683125876565e-08,1.0,6.08,RL,0.8594366408646358,True,True,-5.060044083710094,-26.694901484148158,-7.049340912984633,False,20.50344434919849,6.064453125,6.612283519791868,49.130859375,95.185546875,0.8075339851707359,tilt,False
0.15449961912573784,0.8075339851707359,0.0766084037930436,-1.0335810873840501e-07,1.0,6.08,RR,0.3594366408646358,False,False,-1.407001146306059,-25.94855616988125,-6.231001006020438,False,5.0736091253669375,3.076171875,4.528043794775132,48.427734375,90.703125,0.8075339851707359,tilt,False
-0.6113298877126774,0.43853511839884735,0.030433204104510295,3.754736699335126e-08,1.0,6.1000000000000005,FL,0.3594366408646358,False,False,-3.7738075028965827,-36.76404559561715,-17.136930097083912,False,16.81006372697631,3.076171875,3.9230465371577306,50.625,90.17578125,0.6113298877126774,tilt,False
-0.6113298877126774,0.43853511839884735,0.6778726060310668,5.2467723499205476e-08,1.0,6.1000000000000005,FR,0.8594366408646358,True,True,0.05791980283578052,-47.652557388758645,-28.18615516010338,False,0.0,5.9765625,6.846886775189309,54.4921875,94.30664062500001,0.6113298877126774,tilt,False
-0.6113298877126774,0.43853511839884735,0.05504024971849439,-4.608712167453177e-08,1.0,6.1000000000000005,RL,0.8594366408646358,True,True,-4.402589974044837,-23.47909023394856,-3.7781037460172193,False,12.97975288582554,5.888671875,6.265770526509825,49.04296875,95.09765625,0.6113298877126774,tilt,False
-0.6113298877126774,0.43853511839884735,0.11267292795557586,2.0958793367498174e-08,1.0,6.1000000000000005,RR,0.3594366408646358,False,False,0.07775287743738007,-22.05803453241481,-2.3167072358838467,False,0.0,2.98828125,4.570602514901745,48.33984375,90.615234375,0.6113298877126774,tilt,False
-0.9297182360182108,0.014091414611738956,0.030698077002288996,2.345794314351224e-08,1.0,6.12,FL,0.3594366408646358,False,False,-3.3670721286866434,-32.86291119805614,-13.195342909979047,False,16.87959576648156,2.98828125,3.235445683317946,50.537109375,90.17578125,0.9297182360182108,tilt,False
-0.9297182360182108,0.014091414611738956,0.4914371211213254,1.6447272344066732e-07,1.0,6.12,FR,0.8594366408646358,True,True,1.0229332199041403,-51.997535675216426,-32.60880943690147,False,0.0,5.888671875,6.111141971863742,54.31640625,94.21875,0.9297182360182108,tilt,False
-0.9297182360182108,0.014091414611738956,0.05571444295844758,1.144959931309586e-07,1.0,6.12,RL,0.8594366408646358,True,True,-3.440862099870649,-20.532163199932917,-0.7900958765831554,False,12.012149547672497,5.80078125,5.842148194843349,49.04296875,95.009765625,0.9297182360182108,tilt,False
-0.9297182360182108,0.014091414611738956,0.167168081215252,7.764475729032938e-08,1.0,6.12,RR,0.3594366408646358,False,False,-0.5159380145318311,-19.079169983775962,0.6760175665083317,True,5.405290799117141,2.98828125,4.382399757062745,48.33984375,90.615234375,0.9297182360182108,tilt,False
-1.3534065494294678,-0.4434031291753055,0.02977190040883439,-9.347699370110263e-08,1.0,6.140000000000001,FL,0.3594366408646358,False,False,-3.1450776536009575,-29.163733658457538,-9.461806851703855,False,18.15562362966081,2.900390625,2.9567962397247327,50.36132812500001,90.17578125,1.3534065494294678,tilt,False
-1.3534065494294678,-0.4434031291753055,0.19100708137202813,-9.14810742713712e-08,1.0,6.140000000000001,FR,0.8594366408646358,True,True,3.362180723222353,-47.18157293840648,-27.710155581638617,False,0.0,5.80078125,5.661238764896286,54.140625,94.130859375,1.3534065494294678,tilt,False
-1.3534065494294678,-0.4434031291753055,0.05501450601347168,1.9099028580882305e-07,1.0,6.140000000000001,RL,0.8594366408646358,True,True,-2.7112919533914677,-17.797692940124787,1.9702527122246387,False,9.285619603670652,5.712890625000001,5.735878074876136,48.8671875,94.921875,1.3534065494294678,tilt,False
-1.3534065494294678,-0.4434031291753055,0.051019218115966214,9.467132411344892e-08,1.0,6.140000000000001,RR,0.3594366408646358,False,False,-0.9695402746443329,-15.927381335552143,3.840323830685568,False,10.223282435834516,2.900390625,4.458691155244193,48.1640625,90.615234375,1.3534065494294678,tilt,False
-1.8215628286184342,-0.8658060404320563,0.024929870374547695,-1.8659880307581034e-08,1.0,6.16,FL,0.3594366408646358,False,False,-3.1388989819092528,-25.6929525545781,-5.963538715685079,False,19.725016445087828,2.900390625,2.9470433313881785,50.185546875,90.17578125,1.8215628286184342,tilt,False
-1.8215628286184342,-0.8658060404320563,0.3241141987775482,1.524356143534078e-07,1.0,6.16,FR,0.8594366408646358,True,True,6.8975219686974665,-37.38320878788709,-17.765719736808492,False,0.0,5.625,5.470749278428253,53.7890625,94.04296875,1.8215628286184342,tilt,False
-1.8215628286184342,-0.8658060404320563,0.04724303473291503,-9.4971341013661e-08,1.0,6.16,RL,0.8594366408646358,True,True,-2.133880356954939,-15.187236552167988,4.605167491779408,False,10.929215101810131,5.537109375,5.757064330533761,48.779296875,94.833984375,1.8215628286184342,tilt,False
-1.8215628286184342,-0.8658060404320563,0.025647449970754854,-9.804866252238753e-09,1.0,6.16,RR,0.3594366408646358,False,False,-1.4143883593258701,-12.751091653524792,7.028529542501261,False,13.413621206041975,2.8125,4.509983461120221,48.076171875,90.615234375,1.8215628286184342,tilt,False
-2.2069749128175458,-1.1841565929242963,0.02070047993723524,-1.0684751483580612e-07,1.0,6.18,FL,0.3594366408646358,False,False,-3.2676663039906266,-22.408873363250613,-2.658809773204453,False,20.95553605425871,2.8125,3.034075456856754,50.09765625,90.17578125,2.2069749128175458,tilt,False
-2.2069749128175458,-1.1841565929242963,0.262520626692813,-1.2944011995585925e-07,1.0,6.18,FR,0.8594366408646358,True,True,10.735620568592125,-28.725541244284518,-8.995540161431926,False,0.0,5.361328125,5.345766020445819,53.61328125,93.8671875,2.2069749128175458,tilt,False
-2.2069749128175458,-1.1841565929242963,0.036878131489965535,1.5707586431545906e-07,1.0,6.18,RL,0.8594366408646358,True,True,-1.7445773480681062,-12.572538697882456,7.238672002905359,False,5.288687072549512,5.361328125,5.779934968640043,48.69140625,94.5703125,2.2069749128175458,tilt,False
-2.2069749128175458,-1.1841565929242963,0.020388015794706074,7.300755111572244e-08,1.0,6.18,RR,0.3594366408646358,False,False,-1.8567702197099454,-9.603222437900273,10.195084125217301,False,15.595824433571972,2.724609375,4.549303330353193,47.98828125,90.615234375,2.2069749128175458,tilt,False
-2.5475304483885655,-1.4529441407574746,0.017100450072060142,-6.655897566432145e-08,1.0,6.2,FL,0.3594366408646358,False,False,-3.441121524048199,-19.17765344358542,0.5870896209029794,False,21.9565621976318,2.724609375,3.2032997151334044,49.921875,90.17578125,2.5475304483885655,tilt,False
-2.5475304483885655,-1.4529441407574746,0.1972204099839554,-9.833864123010017e-08,1.0,6.2,FR,0.8594366408646358,True,True,14.904754185343348,-21.209929532998295,-1.4336216007181726,False,0.0,5.2734375,5.171337539030809,53.26171875,93.69140625,2.5475304483885655,tilt,False
-2.5475304483885655,-1.4529441407574746,0.024841417256050373,-6.492383697320747e-08,1.0,6.2,RL,0.8594366408646358,True,True,-1.3118613921758309,-9.765210344729027,10.049350476072167,False,3.484820113074193,5.185546875,5.778936629316723,48.515625,94.482421875,2.5475304483885655,tilt,False
-2.5475304483885655,-1.4529441407574746,0.020910853952615983,1.0716506659846914e-07,1.0,6.2,RR,0.3594366408646358,False,False,-2.261846683034273,-6.349569027601961,13.460789995812096,False,17.193409195620614,2.63671875,4.589997264813217,47.900390625,90.615234375,2.5475304483885655,tilt,False
-2.790814923153265,-1.6499931022213785,0.017115221380685986,1.154683531012779e-07,1.0,6.22,FL,0.3594366408646358,False,False,-3.6073557658831654,-15.732813441283584,4.040916846273307,False,22.42506202719825,2.63671875,3.313318019601919,49.658203125,90.17578125,2.790814923153265,tilt,False
-2.790814923153265,-1.6499931022213785,0.11969653804499976,-1.3997437697810255e-07,1.0,6.22,FR,0.8594366408646358,True,True,18.613204025505947,-15.080403936306961,4.73253700605439,False,0.0,5.09765625,5.034849239526833,52.998046875,93.603515625,2.790814923153265,tilt,False
-2.790814923153265,-1.6499931022213785,0.015102684249549265,1.896935515333098e-07,1.0,6.22,RL,0.8594366408646358,True,True,-0.40452535698513176,-5.858946056630746,13.938390097105234,False,5.3486181421103405,5.009765625000001,5.7206416986369355,48.427734375,94.30664062500001,2.790814923153265,tilt,False
-2.790814923153265,-1.6499931022213785,0.024060171703768403,-3.601751563664379e-08,1.0,6.22,RR,0.3594366408646358,False,False,-2.588708763041514,-2.9327766176242136,16.88207639326764,False,17.188571585491758,2.63671875,4.644097310476502,47.8125,90.52734375,2.790814923153265,tilt,False
-2.9880472131858555,-1.8286336187277403,0.020381399328922706,3.968164463685753e-08,1.0,6.24,FL,0.3594366408646358,False,False,-3.719664402059338,-12.041896731952079,7.753177203847031,False,21.42490315329771,2.4609375,3.392727409221875,49.482421875,90.17578125,2.9880472131858555,tilt,False
-2.9880472131858555,-1.8286336187277403,0.0708963376103384,1.1837151703275595e-08,1.0,6.24,FR,0.8594366408646358,True,True,21.71807433553443,-10.141471186502018,9.66652138939339,False,0.0,4.921875,4.850955770989656,52.734375,93.515625,2.9880472131858555,tilt,False
-2.9880472131858555,-1.8286336187277403,0.1995419521638703,-1.6835162330863795e-07,1.0,6.24,RL,0.8594366408646358,True,True,0.9872483063965709,1.9616805895386578,21.69646140420623,False,0.0,4.833984375,5.450149618796275,48.33984375,94.21875,2.9880472131858555,tilt,False
-2.9880472131858555,-1.8286336187277403,0.028767187683429177,-1.127944257994784e-07,1.0,6.24,RR,0.3594366408646358,False,False,-2.8134802357501556,0.48534534558951004,20.296718932507257,False,20.75501322114105,2.4609375,4.625467123603727,47.724609375,90.52734375,2.9880472131858555,tilt,False
-3.46648012546825,-2.222656760028916,0.01633681065321537,8.193847467197202e-08,1.0,6.26,FL,0.3594366408646358,False,False,-3.7139597473013555,-8.684758769285201,11.122191976356321,False,20.14737737581396,2.373046875,3.7402342399635873,49.306640625,90.17578125,3.46648012546825,tilt,False
-3.46648012546825,-2.222656760028916,0.029489393147926833,1.182265485510925e-08,1.0,6.26,FR,0.8594366408646358,True,True,25.18172955935338,-5.6755203604065585,14.103326805306189,False,0.0,4.658203125,4.596598387208486,52.29492187500001,93.33984375000001,3.46648012546825,tilt,False
-3.46648012546825,-2.222656760028916,0.24218807017938576,-8.270367501950204e-09,1.0,6.26,RL,0.8594366408646358,True,True,0.6759853097800459,9.69354321441394,29.348465583418644,False,0.0,4.5703125,4.963551371968338,48.076171875,94.04296875,3.46648012546825,tilt,False
-3.46648012546825,-2.222656760028916,0.028846601748971683,-8.521838390507241e-08,1.0,6.26,RR,0.3594366408646358,False,False,-3.19465903923348,3.734800604547818,23.53406550230068,False,23.332750970826503,2.28515625,4.472153240135193,47.63671875000001,90.52734375,3.46648012546825,tilt,False
-4.04795523938023,-2.7235467232008777,0.013383667625489667,-7.141848001879225e-09,1.0,6.28,FL,0.3594366408646358,False,False,-3.6249453268449168,-5.566328566742291,14.246816337771312,False,19.098065134905948,2.28515625,4.069304334790232,49.130859375,90.17578125,4.04795523938023,tilt,False
-4.04795523938023,-2.7235467232008777,0.026521930746612684,1.5748261894543703e-07,1.0,6.28,FR,0.8594366408646358,True,True,28.643028442845065,-1.7201247992586906,18.022342876989914,False,0.0,4.39453125,4.510336363361952,52.03125,93.1640625,4.04795523938023,tilt,False
-4.04795523938023,-2.7235467232008777,0.12107738940201453,-1.2546996508433494e-07,1.0,6.28,RL,0.8594366408646358,True,True,-0.7055746830179412,14.716077490228615,34.285438836761415,True,6.0810138403630996,4.39453125,4.689796750400062,47.98828125,93.779296875,4.04795523938023,tilt,False
-4.04795523938023,-2.7235467232008777,0.024951107556956845,7.091414921944761e-08,1.0,6.28,RR,0.3594366408646358,False,False,-3.6000710300739884,6.820144462790289,26.59908451918253,False,23.27670465732118,2.197265625,4.3546918069579235,47.4609375,90.52734375,4.04795523938023,tilt,False
-4.445620973335483,-3.096955937177361,0.01491024529788874,7.793735745664776e-08,1.0,6.3,FL,0.3594366408646358,False,False,-3.474343232510363,-2.484070356520953,17.3313847284978,False,17.688180311024443,2.109375,4.087188109826858,48.8671875,90.17578125,4.445620973335483,tilt,False
-4.445620973335483,-3.096955937177361,0.04233840414603547,1.1819088818754153e-07,1.0,6.3,FR,0.8594366408646358,True,True,30.703937142606406,1.1866354877856609,20.911929827168407,False,0.0,4.21875,4.367740585054795,51.591796875,92.98828125,4.445620973335483,tilt,False
-4.445620973335483,-3.096955937177361,0.009106014815416568,6.294936838457943e-08,1.0,6.3,RL,0.8594366408646358,True,True,-1.1246483463692656,18.04413571109818,37.536290061386254,False,8.041757867106305,4.21875,4.629710008134844,47.8125,93.603515625,4.445620973335483,tilt,False
-4.445620973335483,-3.096955937177361,0.021807750565504817,2.0944337819628345e-08,1.0,6.3,RR,0.3594366408646358,False,False,-3.799235433224246,9.706959954223889,29.463110168543487,False,21.647882316379935,2.109375,4.3840158972128584,47.28515625,90.52734375,4.445620973335483,tilt,False
-4.709299881617179,-3.3321993151413682,0.017857066188077954,-8.826659625427169e-08,1.0,6.32,FL,0.3594366408646358,False,False,-3.2713649417541633,0.35406282754730023,20.16824788342294,False,16.298037309089484,2.021484375,3.8673278572165284,48.69140625,90.17578125,4.709299881617179,tilt,False
-4.709299881617179,-3.3321993151413682,0.11526598899051145,-7.857110384534849e-08,1.0,6.32,FR,0.8594366408646358,True,True,31.1744344160831,2.498876134712252,22.219388007091013,False,0.0,4.04296875,4.132490425336343,51.32812500000001,92.8125,4.709299881617179,tilt,False
-4.709299881617179,-3.3321993151413682,0.012130890882951492,-2.4209727556012695e-09,1.0,6.32,RL,0.8594366408646358,True,True,-1.2971541012425924,20.93645625414885,40.363330879027444,False,10.037555699310294,3.8671875000000004,4.573310285256402,47.724609375,93.427734375,4.709299881617179,tilt,False
-4.709299881617179,-3.3321993151413682,0.020975274884622343,8.6767510065755e-08,1.0,6.32,RR,0.3594366408646358,False,False,-3.78110973348127,12.058418475937197,31.799980286063665,False,20.067088370910678,2.021484375,4.4377443755544554,47.197265625,90.43945312500001,4.709299881617179,tilt,False
-4.8907727828108465,-3.4840329905510345,0.019343727301306037,3.227973244257498e-08,1.0,6.34,FL,0.3594366408646358,False,False,-3.042796574839458,2.7316046735662325,22.54237952831084,False,14.683291661799915,1.9335937500000002,3.4830715206651757,48.515625,90.17578125,4.8907727828108465,tilt,False
-4.8907727828108465,-3.4840329905510345,0.13988235730827778,-1.4654425672944171e-08,1.0,6.34,FR,0.8594366408646358,True,True,30.428861527984054,2.700310137984184,22.428910931770666,False,0.0,3.69140625,3.9166584459419282,50.888671875,92.724609375,4.8907727828108465,tilt,False
-4.8907727828108465,-3.4840329905510345,0.013997511364171147,-1.396044080337333e-08,1.0,6.34,RL,0.8594366408646358,True,True,-1.5255658480264542,23.396802935438,42.784160011594125,False,13.245128255684394,3.69140625,4.533304607683747,47.4609375,93.1640625,4.8907727828108465,tilt,False
-4.8907727828108465,-3.4840329905510345,0.019853118034195587,-2.726806336283971e-09,1.0,6.34,RR,0.3594366408646358,False,False,-3.64795957167513,13.612908424647921,33.34887879532551,False,18.900418280043706,1.9335937500000002,4.455747894006696,47.109375,90.43945312500001,4.8907727828108465,tilt,False
-4.989440728765009,-3.545049143701662,0.020124470837296956,2.987023517420084e-08,1.0,6.36,FL,0.3594366408646358,False,False,-2.794783426356938,4.351031117537183,24.15863731729766,False,13.310021203930877,1.7578125,3.005382880538924,48.33984375,90.087890625,4.989440728765009,tilt,False
-4.989440728765009,-3.545049143701662,0.1613696270549478,9.381925769602617e-08,1.0,6.36,FR,0.8594366408646358,True,True,28.420878771999913,1.5409868651090342,21.287371951347072,False,0.0,3.515625,3.6858283653812216,50.537109375,92.4609375,4.989440728765009,tilt,False
-4.989440728765009,-3.545049143701662,0.011381019118303968,-2.0634359110260903e-08,1.0,6.36,RL,0.8594366408646358,True,True,-1.9011886731119982,25.180374117436838,44.55515978133584,False,15.518571543283398,3.515625,4.497825296589655,47.28515625,92.98828125,4.989440728765009,tilt,False
-4.989440728765009,-3.545049143701662,0.017065807113631672,-2.0954283197482937e-08,1.0,6.36,RR,0.3594366408646358,False,False,-3.4668092682880873,14.232511277132442,33.968347006638126,False,17.357243147255613,1.7578125,4.438972917817742,46.93359375,90.43945312500001,4.989440728765009,tilt,False
-5.046484964815416,-3.5226265178069216,0.019115290009638373,7.43352956966703e-09,1.0,6.38,FL,0.3594366408646358,False,False,-2.576206369454926,5.040476669207762,24.847112570216936,False,13.019974944520612,1.669921875,2.537507707873703,47.98828125,90.087890625,5.046484964815416,tilt,False
-5.046484964815416,-3.5226265178069216,0.16606992238048307,-6.456650769592898e-08,1.0,6.38,FR,0.8594366408646358,True,True,25.196227503982424,-0.6580013236912805,19.127936571029625,False,0.0,3.33984375,3.3739011738376066,50.09765625,92.28515625,5.046484964815416,tilt,False
-5.046484964815416,-3.5226265178069216,0.007559482396322367,-4.4305838553526655e-08,1.0,6.38,RL,0.8594366408646358,True,True,-2.2521423829650193,26.088383860834387,45.472662466087016,False,14.978597185118065,3.1640625,4.4971196798177795,47.197265625,92.8125,5.046484964815416,tilt,False
-5.046484964815416,-3.5226265178069216,0.013626349950085458,-5.255361257283653e-09,1.0,6.38,RR,0.3594366408646358,False,False,-3.255296787002794,13.881845645085187,33.622951929762706,False,16.11847102995795,1.58203125,4.360993161838627,46.7578125,90.263671875,5.046484964815416,tilt,False
-5.061867661142588,-3.443264068567862,0.016156229986581568,-1.5003176034866783e-08,1.0,6.4,FL,0.3594366408646358,False,False,-2.4373900179992734,4.820806393036918,24.628917710536413,False,13.653574126466001,1.494140625,2.118415403690079,47.8125,90.087890625,5.061867661142588,tilt,False
-5.061867661142588,-3.443264068567862,0.1563164450283541,1.5466306013678377e-08,1.0,6.4,FR,0.8594366408646358,True,True,20.93690513468868,-4.106520558160069,15.70560123382696,False,0.0,2.98828125,3.1402874709097515,49.658203125,92.109375,5.061867661142588,tilt,False
-5.061867661142588,-3.443264068567862,0.0049013731042324244,-6.797731799679241e-08,1.0,6.4,RL,0.8594366408646358,True,True,-2.440757854819769,26.052961010268326,45.46081393189817,False,14.817120530996467,2.98828125,4.501235787777628,47.021484375,92.63671875,5.061867661142588,tilt,False
-5.061867661142588,-3.443264068567862,0.009728437006064416,1.0443560682915631e-08,1.0,6.4,RR,0.3594366408646358,False,False,-3.0416336033167664,12.70926796187449,32.46276175666851,False,14.979890421888665,1.494140625,4.252835126800592,46.66992187500001,90.263671875,5.061867661142588,tilt,False
-4.968491121682338,-3.286757678900856,0.013496302167066258,-5.860822249736941e-08,1.0,6.42,FL,0.3594366408646358,False,False,-2.4115224568715155,3.8681518268239636,23.67908319625146,False,14.459544758619085,1.40625,1.7468569783536643,47.63671875000001,90.087890625,4.968491121682338,tilt,False
-4.968491121682338,-3.286757678900856,0.11868542057598583,3.460755193529508e-08,1.0,6.42,FR,0.8594366408646358,True,True,17.250538156962598,-7.1967306915748,12.613228845561025,False,0.0,2.8125,2.9152829239145666,49.306640625,92.021484375,4.968491121682338,tilt,False
-4.968491121682338,-3.286757678900856,0.004825689265062099,6.986761924565599e-08,1.0,6.42,RL,0.8594366408646358,True,True,-2.515875087751203,25.208550028952153,44.66199568954947,False,14.718791157460629,2.724609375,4.433280089087247,46.93359375,92.37304687500001,4.968491121682338,tilt,False
-4.968491121682338,-3.286757678900856,0.009581695798056575,-5.122142532343332e-08,1.0,6.42,RR,0.3594366408646358,False,False,-2.8139681807038617,10.97904291806591,30.751002569091817,False,13.19457874141113,1.40625,4.189504235289978,46.494140625,90.263671875,4.968491121682338,tilt,False
-4.749341462696642,-3.060509805447861,0.012981230575056991,-3.6673408754239745e-08,1.0,6.44,FL,0.3594366408646358,False,False,-2.4689111603545326,2.3591332464823616,22.172844540648704,False,15.494092564646644,1.318359375,1.4293818287566926,47.373046875,90.087890625,4.749341462696642,tilt,False
-4.749341462696642,-3.060509805447861,0.1267972383960938,-9.52281307142755e-08,1.0,6.44,FR,0.8594366408646358,True,True,14.933952104066408,-8.254787554163023,11.548500777315574,False,0.0,2.4609375,2.630169222118762,49.04296875,91.7578125,4.749341462696642,tilt,False
-4.749341462696642,-3.060509805447861,0.0065862420469253,1.0527801297399719e-07,1.0,6.44,RL,0.8594366408646358,True,True,-2.5381531999780527,23.762797459616188,43.270898208574465,False,14.265827089292719,2.4609375,4.321892955383893,46.66992187500001,92.197265625,4.749341462696642,tilt,False
-4.749341462696642,-3.060509805447861,0.011406665012111248,2.1230261992855048e-10,1.0,6.44,RR,0.3594366408646358,False,False,-2.569683360889155,8.855965957225816,28.644244488554936,False,12.448823268021565,1.318359375,4.1583547262669835,46.40625,90.263671875,4.749341462696642,tilt,False
-4.412200327103134,-2.776873550726121,0.014950559172972132,-2.187474912318521e-08,1.0,6.46,FL,0.3594366408646358,False,False,-2.5871443960272695,0.4393804760415964,20.254838965398534,False,16.640353300831247,1.23046875,1.192886482231815,47.109375,90.087890625,4.412200327103134,tilt,False
-4.412200327103134,-2.776873550726121,0.14025955381603103,8.042711296951666e-08,1.0,6.46,FR,0.8594366408646358,True,True,12.832087256640053,-8.749874199774917,11.048691244245608,False,0.0,2.28515625,2.3737726125368037,48.603515625,91.58203125,4.412200327103134,tilt,False
-4.412200327103134,-2.776873550726121,0.00985844398237032,-5.766132193940621e-08,1.0,6.46,RL,0.8594366408646358,True,True,-2.517142193416783,21.83122748229823,41.397071709880635,False,14.074248917279053,2.28515625,4.183620678859336,46.494140625,92.021484375,4.412200327103134,tilt,False
-4.412200327103134,-2.776873550726121,0.013474066470057203,1.1982448366865128e-08,1.0,6.46,RR,0.3594366408646358,False,False,-2.3706474120855257,6.513103711092264,26.314150068382713,False,11.575294723877171,1.23046875,4.143121264115784,46.318359375,90.17578125,4.412200327103134,tilt,False
-3.937283279722574,-2.4317373626844345,0.01817267492545658,-1.9186642052915204e-08,1.0,6.48,FL,0.3594366408646358,False,False,-2.747264642929792,-1.688626781369806,18.12672908216911,False,17.54672290690864,1.142578125,1.027469194518006,46.93359375,90.087890625,3.937283279722574,tilt,False
-3.937283279722574,-2.4317373626844345,0.13883523172388915,1.0088908641847638e-07,1.0,6.48,FR,0.8594366408646358,True,True,10.47133970508566,-9.283018110503576,10.51125277502652,False,0.0,2.109375,2.0931988475803567,48.1640625,91.494140625,3.937283279722574,tilt,False
-3.937283279722574,-2.4317373626844345,0.013266333967520354,-5.70414355749449e-08,1.0,6.48,RL,0.8594366408646358,True,True,-2.4638731783948806,19.62250712345783,39.24513852816101,False,12.93243140849094,2.021484375,4.024891207741635,46.40625,91.7578125,3.937283279722574,tilt,False
-3.937283279722574,-2.4317373626844345,0.015207323785122339,-5.6530913283836526e-09,1.0,6.48,RR,0.3594366408646358,False,False,-2.2036731841549897,4.091640284307498,23.90125698784718,False,11.288264095300956,0.9667968750000001,4.137897234023792,46.142578125,90.17578125,3.937283279722574,tilt,False
-3.34174676448897,-2.0444001425363147,0.02095769707006615,-2.8064545354311576e-08,1.0,6.5,FL,0.3594366408646358,False,False,-2.9079915900851705,-3.9325152097702265,15.880473731195643,False,18.135647942291772,0.87890625,0.952563698906556,46.66992187500001,90.087890625,3.34174676448897,tilt,False
-3.34174676448897,-2.0444001425363147,0.13955406946947954,5.279668968682927e-08,1.0,6.5,FR,0.8594366408646358,True,True,7.955935854236658,-9.44914347933551,10.343075942544042,False,0.0,1.7578125,1.8768694097965,47.900390625,91.318359375,3.34174676448897,tilt,False
-3.34174676448897,-2.0444001425363147,0.015478787517447853,-8.081881830435123e-09,1.0,6.5,RL,0.8594366408646358,True,True,-2.3559042508147705,17.174516782469027,36.847749718633736,False,11.93904507969194,1.7578125,3.864989584479207,46.23046875,91.58203125,3.34174676448897,tilt,False
-3.34174676448897,-2.0444001425363147,0.01596630022781672,-6.615737735415905e-09,1.0,6.5,RR,0.3594366408646358,False,False,-2.0931847278586044,1.686752951936498,21.500735395687144,False,11.54512101123081,0.87890625,4.129147744685344,45.966796875,90.17578125,3.34174676448897,tilt,False
-2.6290389066378923,-1.6233044482149845,0.02307349905098125,-2.4814585497523467e-08,1.0,6.5200000000000005,FL,0.3594366408646358,False,False,-3.0515344923574066,-6.274005631692566,13.534077918557584,False,18.732919346906453,0.791015625,0.9623349148978304,46.494140625,90.087890625,2.6290389066378923,tilt,False
-2.6290389066378923,-1.6233044482149845,0.12321967628675226,-2.1760877544352297e-08,1.0,6.5200000000000005,FR,0.8594366408646358,True,True,5.070248635550768,-9.746407221232378,10.043300332963454,False,0.0,1.58203125,1.6875532053292035,47.63671875000001,91.23046875,2.6290389066378923,tilt,False
-2.6290389066378923,-1.6233044482149845,0.018623065994216845,-3.9469343349196606e-08,1.0,6.5200000000000005,RL,0.8594366408646358,True,True,-2.2147825766484495,14.492142862636955,34.206702886018725,False,10.818947201980233,1.58203125,3.6904918113873513,46.142578125,91.40625000000001,2.6290389066378923,tilt,False
-2.6290389066378923,-1.6233044482149845,0.017845745402240095,-1.6925586265870152e-08,1.0,6.5200000000000005,RR,0.3594366408646358,False,False,-2.060848914926694,-0.6374844056988328,19.17733660399631,False,12.072755386645104,0.791015625,4.119309764518154,45.87890625,90.17578125,2.6290389066378923,tilt,False
-1.7699641679786708,-1.170145852609855,0.026172517553176376,-1.989779452316043e-09,1.0,6.54,FL,0.3594366408646358,False,False,-3.167645245397192,-8.650390232980564,11.150053245134542,False,19.054275770733582,0.703125,1.0087617051305044,46.318359375,90.087890625,1.7699641679786708,tilt,False
-1.7699641679786708,-1.170145852609855,0.09892264912088736,-3.382485758152143e-08,1.0,6.54,FR,0.8594366408646358,True,True,1.6822313774185402,-10.517107621839292,9.267880532384888,False,0.0,1.40625,1.4201524575575224,47.197265625,90.966796875,1.7699641679786708,tilt,False
-1.7699641679786708,-1.170145852609855,0.02149913014671451,3.237277823586737e-08,1.0,6.54,RL,0.8594366408646358,True,True,-2.03005954234093,11.634185424064393,31.378017132890747,False,7.388089716689494,1.40625,3.4719939016184496,45.966796875,91.23046875,1.7699641679786708,tilt,False
-1.7699641679786708,-1.170145852609855,0.01880873246603624,3.788038771546098e-09,1.0,6.54,RR,0.3594366408646358,False,False,-2.0963272050056116,-2.8703555417255515,16.942638684843192,False,13.46511392489423,0.703125,4.141702214290742,45.791015625,90.17578125,1.7699641679786708,tilt,False
-0.9171511309009976,-0.7387919063634356,0.029488249098782043,1.152250250768816e-08,1.0,6.5600000000000005,FL,0.3594366408646358,False,False,-3.250671332618766,-11.042406217696643,8.747395409440132,False,17.371854194235112,0.615234375,1.2141652853878233,46.23046875,90.0,0.9171511309009976,tilt,False
-0.9171511309009976,-0.7387919063634356,0.06761737083492877,-5.31274837456408e-08,1.0,6.5600000000000005,FR,0.8594366408646358,True,True,-1.3383797400417612,-11.631472869387201,8.148964014844376,True,13.35827226474597,1.23046875,1.1680278807772972,46.93359375,90.87890625,0.9171511309009976,tilt,False
-0.9171511309009976,-0.7387919063634356,0.029717555927773486,-4.716277146599168e-08,1.0,6.5600000000000005,RL,0.8594366408646358,True,True,-1.5891531222170623,8.483793555578725,28.262239128699033,False,6.098933932663309,1.23046875,3.2921383660571233,45.791015625,91.142578125,0.9171511309009976,tilt,False
-0.9171511309009976,-0.7387919063634356,0.01833330515941123,-9.325876515475784e-09,1.0,6.5600000000000005,RR,0.3594366408646358,False,False,-2.234596257760346,-4.9560798371508685,14.85342574131718,False,14.365067811169263,0.615234375,4.10950687043554,45.70312500000001,90.087890625,0.9171511309009976,tilt,False
-0.28765502108549046,-0.46850204700112635,0.03205033241112215,1.280417150084645e-08,1.0,6.58,FL,0.3594366408646358,False,False,-3.08828971641633,-12.814331748734794,6.961630817889343,False,11.835670573725263,0.52734375,1.527143539703865,45.966796875,90.0,0.46850204700112635,tilt,False
-0.28765502108549046,-0.46850204700112635,0.03636451827402345,2.2640214147884308e-08,1.0,6.58,FR,0.8594366408646358,True,True,-2.254093804693661,-13.030523646905799,6.747036731507226,False,15.56976181360893,1.142578125,0.9237610666350833,46.66992187500001,90.791015625,0.46850204700112635,tilt,False
-0.28765502108549046,-0.46850204700112635,0.05331934633746823,1.6205969011195975e-08,1.0,6.58,RL,0.8594366408646358,True,True,-0.7431867633346002,5.5797380052338,25.3795695600989,False,5.3395250313090585,0.9667968750000001,3.2053268665451387,45.70312500000001,90.87890625,0.46850204700112635,tilt,False
-0.28765502108549046,-0.46850204700112635,0.018752272026530906,-1.3054251457589316e-08,1.0,6.58,RR,0.3594366408646358,False,False,-2.346794779631525,-6.530460255886394,13.27468184377279,False,13.438224795371513,0.52734375,3.8929763318143262,45.615234375,90.087890625,0.46850204700112635,tilt,False
0.1834607586624095,-0.2946189628658734,0.028457848214033972,-6.574270017267736e-09,1.0,6.6000000000000005,FL,0.3594366408646358,False,False,-2.613411229254351,-13.720770817543213,6.050698625917887,False,9.640304740654349,0.52734375,1.7251828031227996,45.791015625,90.0,0.2946189628658734,tilt,False
0.1834607586624095,-0.2946189628658734,0.03450760653171232,-5.878515452195643e-09,1.0,6.6000000000000005,FR,0.8594366408646358,True,True,-2.555794928491194,-13.901991378779346,5.872496542618062,False,15.461700290195175,0.87890625,0.7819664931741362,46.40625,90.615234375,0.2946189628658734,tilt,False
0.1834607586624095,-0.2946189628658734,0.1188502349425397,-1.711526742553815e-08,1.0,6.6000000000000005,RL,0.8594366408646358,True,True,-0.0521511811529575,2.753096478845564,22.564547908900664,False,4.456530872413008,0.87890625,2.934000040821158,45.615234375,90.791015625,0.2946189628658734,tilt,False
0.1834607586624095,-0.2946189628658734,0.018215692472677528,-1.1565233215549142e-08,1.0,6.6000000000000005,RR,0.3594366408646358,False,False,-2.330026178985419,-7.532404078429925,12.26858903370161,False,12.146862773425674,0.52734375,3.5869457707249213,45.52734375,90.087890625,0.2946189628658734,tilt,False
0.445282933369156,-0.1648178469688651,0.022284320207353252,3.4887550626194752e-09,1.0,6.62,FL,0.3594366408646358,False,False,-2.164900208140266,-13.629008328535715,6.141626755953762,False,8.833018923177216,0.439453125,1.8295004958242866,45.70312500000001,90.0,0.445282933369156,tilt,False
0.445282933369156,-0.1648178469688651,0.029958246158943855,-1.1546959832742232e-08,1.0,6.62,FR,0.8594366408646358,True,True,-2.662336764760999,-14.185501246316015,5.588165138199727,False,15.41369160788516,0.703125,0.7153352655815944,46.23046875,90.52734375,0.445282933369156,tilt,False
0.445282933369156,-0.1648178469688651,0.19933935268266434,-1.6791135593052786e-08,1.0,6.62,RL,0.8594366408646358,True,True,-0.006973349939841389,-0.07845639021065304,19.736981978731272,False,3.9625185506902927,0.703125,2.529730358428778,45.52734375,90.615234375,0.445282933369156,tilt,False
0.445282933369156,-0.1648178469688651,0.015304179538742102,-2.261823173199673e-09,1.0,6.62,RR,0.3594366408646358,False,False,-2.235239213332966,-8.006933190923347,11.791658361520957,False,12.059059774010473,0.439453125,3.1280552294387234,45.439453125,90.087890625,0.445282933369156,tilt,False
0.5356256253073928,-0.0818059103265468,0.014182562167170365,-3.44144046593442e-09,1.0,6.640000000000001,FL,0.3594366408646358,False,False,-1.8619693770787413,-12.62526887656152,7.147046006965155,False,8.677823647411474,0.263671875,1.8452436657527291,45.615234375,90.0,0.5356256253073928,tilt,False
0.5356256253073928,-0.0818059103265468,0.02318631722269068,1.5584039836369357e-08,1.0,6.640000000000001,FR,0.8594366408646358,True,True,-2.692148140557616,-13.851092089045107,5.92326269979548,False,14.657693637536292,0.615234375,0.7166637435937151,45.966796875,90.43945312500001,0.5356256253073928,tilt,False
0.5356256253073928,-0.0818059103265468,0.1898145519040411,-1.25562698016779e-08,1.0,6.640000000000001,RL,0.8594366408646358,True,True,-0.018173710899592466,-1.6786254718011742,18.135939443263627,False,4.130491835231577,0.615234375,2.256392331892099,45.439453125,90.52734375,0.5356256253073928,tilt,False
0.5356256253073928,-0.0818059103265468,0.009943665346782921,6.681176056844151e-09,1.0,6.640000000000001,RR,0.3594366408646358,False,False,-2.1697990927336472,-7.90588333393143,11.893031863509151,False,12.500359628564249,0.263671875,2.5995697108616893,45.263671875,90.087890625,0.5356256253073928,tilt,False
0.5594049003606623,-0.05320130455271724,0.0073740197085126885,-7.231976795196715e-09,1.0,6.66,FL,0.3594366408646358,False,False,-1.6821364930914364,-11.04617439700618,8.731598803178013,False,8.577541626917627,0.17578125,1.757017578171524,45.52734375,90.0,0.5594049003606623,tilt,False
0.5594049003606623,-0.05320130455271724,0.01641594048490032,9.105374232376562e-10,1.0,6.66,FR,0.8594366408646358,True,True,-2.6465950363859063,-12.949821262428065,6.828970814073871,False,14.002680859334612,0.52734375,0.8036842060927718,45.791015625,90.263671875,0.5594049003606623,tilt,False
0.5594049003606623,-0.05320130455271724,0.13730284507735682,-7.312158878391983e-09,1.0,6.66,RL,0.8594366408646358,True,True,-0.03627458976961789,-1.886862726592862,17.9272538583119,False,4.429043633822115,0.52734375,2.1124883891334783,45.263671875,90.43945312500001,0.5594049003606623,tilt,False
0.5594049003606623,-0.05320130455271724,0.005513323945768153,-2.792885922531241e-10,1.0,6.66,RR,0.3594366408646358,False,False,-2.175464425798898,-7.2307383057203625,12.57117505885305,False,13.364019876313089,0.17578125,2.1717393606791955,45.263671875,90.087890625,0.5594049003606623,tilt,False
0.5128469951257407,-0.08782785820509671,0.0054635116576236915,3.5028406841774995e-09,1.0,6.68,FL,0.3594366408646358,False,False,-1.5881203097382093,-9.18738593305607,10.601178039173451,False,8.703143287763554,0.17578125,1.631965668633351,45.439453125,90.0,0.5128469951257407,tilt,False
0.5128469951257407,-0.08782785820509671,0.011764378010580607,-3.2761517942958562e-09,1.0,6.68,FR,0.8594366408646358,True,True,-2.5551149980814065,-11.555275836089558,8.229854226559452,False,12.902979524642515,0.439453125,0.9106028158308667,45.615234375,90.263671875,0.5128469951257407,tilt,False
0.5128469951257407,-0.08782785820509671,0.07930387200511517,1.159725648847143e-09,1.0,6.68,RL,0.8594366408646358,True,True,-0.2513485923397625,-1.01504231445192,18.799852158688726,False,4.821303477324265,0.439453125,2.0713006259271975,45.263671875,90.263671875,0.5128469951257407,tilt,False
0.5128469951257407,-0.08782785820509671,0.0035272027445433806,2.0525141586347218e-09,1.0,6.68,RR,0.3594366408646358,False,False,-2.247278608585722,-6.051499681300674,13.754951789986249,False,14.281232273406069,0.17578125,1.8805480724770833,45.17578125,90.0,0.5128469951257407,tilt,False
0.39002499425608195,-0.1768298058594502,0.006402583077531048,1.6596803931179238e-09,1.0,6.7,FL,0.3594366408646358,False,False,-1.5525620026137117,-7.331439781418113,12.466234586442521,False,9.131374245993689,0.087890625,1.5364217434191465,45.263671875,90.0,0.39002499425608195,tilt,False
0.39002499425608195,-0.1768298058594502,0.007251497664044308,5.930619551008931e-09,1.0,6.7,FR,0.8594366408646358,True,True,-2.404781835558964,-9.822310513496804,9.969908945859002,False,11.37632997384475,0.263671875,0.976187009854224,45.439453125,90.17578125,0.39002499425608195,tilt,False
0.39002499425608195,-0.1768298058594502,0.044387941881364426,-1.3346507898859272e-08,1.0,6.7,RL,0.8594366408646358,True,True,-0.8013060814524714,0.27955244082661024,20.09500780547198,False,7.968569964460451,0.263671875,2.023550855757501,45.17578125,90.17578125,0.39002499425608195,tilt,False
0.39002499425608195,-0.1768298058594502,0.004661525791673351,3.4449509911382847e-09,1.0,6.7,RR,0.3594366408646358,False,False,-2.3649641282204383,-4.505062004490804,15.305821311058398,False,14.518278962439332,0.087890625,1.7490162159062468,45.17578125,90.0,0.39002499425608195,tilt,False
0.23644379195304155,-0.2613326518009795,0.007125020601449165,6.200662205912977e-10,1.0,6.72,FL,0.3594366408646358,False,False,-1.5665329770389522,-5.616499410051046,14.18802112199901,False,9.541407430198783,0.087890625,1.4548859565622476,45.17578125,90.0,0.2613326518009795,tilt,False
0.23644379195304155,-0.2613326518009795,0.003970709763544574,5.314033657555228e-10,1.0,6.72,FR,0.8594366408646358,True,True,-2.207919446171675,-7.988225282442463,11.810677919673328,False,10.142860413108961,0.17578125,1.0183490229182222,45.263671875,90.087890625,0.2613326518009795,tilt,False
0.23644379195304155,-0.2613326518009795,0.025755795498545866,6.712075339976309e-09,1.0,6.72,RL,0.8594366408646358,True,True,-1.1961075096662277,1.6493697976854398,21.46420857148311,False,10.478025984852405,0.17578125,1.9336413381620345,45.087890625,90.17578125,0.2613326518009795,tilt,False
0.23644379195304155,-0.2613326518009795,0.008863841118186933,-3.3459404136237936e-09,1.0,6.72,RR,0.3594366408646358,False,False,-2.425912338419774,-2.8302292160975773,16.98357878881631,False,13.498342465629582,0.087890625,1.7376864497590263,45.087890625,90.0,0.2613326518009795,tilt,False
0.0704357800694072,-0.3355660454351992,0.006944820005866823,-9.164264902494779e-10,1.0,6.74,FL,0.3594366408646358,False,False,-1.6070730545371392,-4.101650425454055,15.707503378595641,False,9.71975577111043,0.087890625,1.385057126929812,45.087890625,90.0,0.3355660454351992,tilt,False
0.0704357800694072,-0.3355660454351992,0.004938079643846912,-1.5631265171123232e-09,1.0,6.74,FR,0.8594366408646358,True,True,-2.0018679778284474,-6.2722823677266275,13.531735085695693,False,9.110725628771455,0.087890625,1.0361812676147069,45.17578125,90.087890625,0.3355660454351992,tilt,False
0.0704357800694072,-0.3355660454351992,0.020381935297052355,3.747135046694439e-09,1.0,6.74,RL,0.8594366408646358,True,True,-1.5180733407697025,2.8832639865439686,22.696169366553107,False,12.041053252147297,0.087890625,1.815120169592125,45.087890625,90.087890625,0.3355660454351992,tilt,False
0.0704357800694072,-0.3355660454351992,0.012985665326167017,1.767602952895686e-09,1.0,6.74,RR,0.3594366408646358,False,False,-2.390854742500517,-1.2725662707673557,18.54262099914476,False,12.782866635055374,0.087890625,1.768216423638556,45.087890625,90.0,0.3355660454351992,tilt,False
-0.0867987419762771,-0.3958950853769942,0.0066341461384161965,-1.766735202579639e-09,1.0,6.76,FL,0.3594366408646358,False,False,-1.6505047050501993,-2.875207375214954,16.936811787553218,False,10.06447538229143,0.0,1.321608718948284,45.087890625,90.0,0.3958950853769942,tilt,False
-0.0867987419762771,-0.3958950853769942,0.006645280587339557,-5.316946882771845e-10,1.0,6.76,FR,0.8594366408646358,True,True,-1.799061831474158,-4.839481429168221,14.968063376100151,False,8.149095934624347,0.087890625,1.0419693689030607,45.087890625,90.087890625,0.3958950853769942,tilt,False
-0.0867987419762771,-0.3958950853769942,0.01779930593887367,8.156559871963509e-10,1.0,6.76,RL,0.8594366408646358,True,True,-1.811835396795275,3.866735311490007,23.677088368652488,False,13.38372498091734,0.087890625,1.6935947966125886,45.087890625,90.087890625,0.3958950853769942,tilt,False
-0.0867987419762771,-0.3958950853769942,0.01496098745248077,-1.0992611265692176e-09,1.0,6.76,RR,0.3594366408646358,False,False,-2.3105469490685047,0.008570101067424674,19.824010626364444,False,12.257250391102737,0.0,1.8068417320860006,45.087890625,90.0,0.3958950853769942,tilt,False
-0.21590039006305384,-0.4399147141349833,0.005809813840733811,9.267506762000721e-10,1.0,6.78,FL,0.3594366408646358,False,False,-1.6980493431453525,-1.9951868164678441,17.818394567871543,False,10.331294489101332,0.0,1.2583528412329696,45.087890625,90.0,0.4399147141349833,tilt,False
-0.21590039006305384,-0.4399147141349833,0.007851325722838124,-6.344311742623177e-10,1.0,6.78,FR,0.8594366408646358,True,True,-1.6170893577628112,-3.8119684685219424,15.99771581876604,False,7.700938386936425,0.087890625,1.0444693403449057,45.087890625,90.0,0.4399147141349833,tilt,False
-0.21590039006305384,-0.4399147141349833,0.015681803264773055,1.675718230842449e-09,1.0,6.78,RL,0.8594366408646358,True,True,-2.063666261584593,4.526904711576414,24.33498651481164,False,13.961363400759375,0.087890625,1.5929101645494732,45.0,90.0,0.4399147141349833,tilt,False
-0.21590039006305384,-0.4399147141349833,0.015539378487073232,5.174429773546763e-10,1.0,6.78,RR,0.3594366408646358,False,False,-2.2288811239062274,0.8912590520465287,20.706419273590438,False,12.082604104170406,0.0,1.8278195509925979,45.0,90.0,0.4399147141349833,tilt,False
-0.30965029377040654,-0.46293386785192203,0.004969494196720247,-2.2673107835657902e-10,1.0,6.8,FL,0.3594366408646358,False,False,-1.7444226637509732,-1.466162109821291,18.348164546177077,False,10.456522948930361,0.0,1.1909627369580202,45.0,90.0,0.46293386785192203,tilt,False
-0.30965029377040654,-0.46293386785192203,0.008166070262290936,3.67939456680233e-10,1.0,6.8,FR,0.8594366408646358,True,True,-1.489515169242346,-3.2129683259368087,16.597743993072935,False,7.726680369512413,0.0,1.0502730634960675,45.0,90.0,0.46293386785192203,tilt,False
-0.30965029377040654,-0.46293386785192203,0.01317689110462289,-4.688889276849295e-10,1.0,6.8,RL,0.8594366408646358,True,True,-2.2520840673050033,4.865862433972235,24.67264641112673,False,14.212916164151146,0.0,1.5252489274155556,45.0,90.0,0.46293386785192203,tilt,False
-0.30965029377040654,-0.46293386785192203,0.01436903147958397,2.9331204132176936e-10,1.0,6.8,RR,0.3594366408646358,False,False,-2.166483565339529,1.3581257518515792,21.1730044940966,False,11.816145802867789,0.0,1.8195955710870484,45.0,90.0,0.46293386785192203,tilt,False
-0.3651218023977247,-0.4646716495626321,0.0037863975737052703,2.2892665541007773e-10,1.0,6.82,FL,0.3594366408646358,False,False,-1.7837399833266419,-1.2559223747595634,18.558667489020007,False,10.639879043878455,0.0,1.1292635819711423,45.0,90.0,0.4646716495626321,tilt,False
-0.3651218023977247,-0.4646716495626321,0.007877922892679346,-2.9626612274569197e-10,1.0,6.82,FR,0.8594366408646358,True,True,-1.422698323932027,-2.9870737701598316,16.82390250343265,False,7.983188045846993,0.0,1.053434006925989,45.0,90.0,0.4646716495626321,tilt,False
-0.3651218023977247,-0.4646716495626321,0.010735575801213685,1.3372769558372966e-10,1.0,6.82,RL,0.8594366408646358,True,True,-2.3621200205074486,4.907127572009801,24.713815248366544,False,13.839972565044896,0.0,1.4806049988987369,45.0,90.0,0.4646716495626321,tilt,False
-0.3651218023977247,-0.4646716495626321,0.012452705120052253,-8.431033649003439e-12,1.0,6.82,RR,0.3594366408646358,False,False,-2.113330360753306,1.4684358470219359,21.28327545717376,False,11.565771477639831,0.0,1.789487959321743,45.0,90.0,0.4646716495626321,tilt,False
-0.38417819064064057,-0.44904264296309454,0.003459147555787914,-1.1188205917278538e-10,1.0,6.84,FL,0.3594366408646358,False,False,-1.8164487734424992,-1.291737326719892,18.522831492695005,False,10.645939417543042,0.0,1.0840545486679363,45.0,90.0,0.44904264296309454,tilt,False
-0.38417819064064057,-0.44904264296309454,0.007272400904202162,3.581135388230905e-12,1.0,6.84,FR,0.8594366408646358,True,True,-1.4075227545987459,-3.01334606636711,16.797479682716844,False,8.38037506206332,0.0,1.0447454840749646,45.0,90.0,0.44904264296309454,tilt,False
-0.38417819064064057,-0.44904264296309454,0.009280239222378542,-1.5702106281878514e-11,1.0,6.84,RL,0.8594366408646358,True,True,-2.3902386115434613,4.698117607705835,24.505643307413827,False,13.357950243290723,0.0,1.4427489381678626,45.0,90.0,0.44904264296309454,tilt,False
-0.38417819064064057,-0.44904264296309454,0.010833273003929798,-5.582601048104152e-11,1.0,6.84,RR,0.3594366408646358,False,False,-2.066600543719051,1.330007559048295,21.145005942298578,False,11.352118141817744,0.0,1.7510061170496263,45.0,90.0,0.44904264296309454,tilt,False
-0.3765216877165934,-0.42333251631266794,0.004457301669825296,-8.253842054273264e-12,1.0,6.86,FL,0.3594366408646358,False,False,-1.8337957366001585,-1.5122545320007188,18.302083098519773,False,10.566889437448543,0.0,1.0579353246757288,45.0,90.0,0.42333251631266794,tilt,False
-0.3765216877165934,-0.42333251631266794,0.00669903751840376,-5.132783087447024e-12,1.0,6.86,FR,0.8594366408646358,True,True,-1.4318999199696911,-3.2079250066147926,16.602479389878923,False,8.81281941936729,0.0,1.0222026886163966,45.0,90.0,0.42333251631266794,tilt,False
-0.3765216877165934,-0.42333251631266794,0.008493951690891224,-1.000355354108251e-11,1.0,6.86,RL,0.8594366408646358,True,True,-2.364077674712299,4.298990020047948,24.107912914773323,False,12.896631337719677,0.0,1.4127245812492517,45.0,90.0,0.42333251631266794,tilt,False
-0.3765216877165934,-0.42333251631266794,0.009538777349757999,-3.5158542743829457e-12,1.0,6.86,RR,0.3594366408646358,False,False,-2.026343871197392,1.0205117633212863,20.83573276350827,False,11.261774927321616,0.0,1.7056441140245393,45.0,90.0,0.42333251631266794,tilt,False
-0.34723428127195627,-0.3922379114454658,0.005568901439463764,0.0,1.0,6.88,FL,0.3594366408646358,False,False,-1.8364771277829401,-1.8564739794178393,17.95743884608959,False,10.473264582346372,0.0,1.0450722994933643,45.0,90.0,0.3922379114454658,tilt,False
-0.34723428127195627,-0.3922379114454658,0.006485052521180767,0.0,1.0,6.88,FR,0.8594366408646358,True,True,-1.4825626210756282,-3.508660581358288,16.301148072797464,False,9.310201677841652,0.0,0.9911760381667395,45.0,90.0,0.3922379114454658,tilt,False
-0.34723428127195627,-0.3922379114454658,0.007973768100955769,0.0,1.0,6.88,RL,0.8594366408646358,True,True,-2.308539320975911,3.7757030935984677,23.586228154520683,False,12.391428281574633,0.0,1.3863776786179265,45.0,90.0,0.3922379114454658,tilt,False
-0.34723428127195627,-0.3922379114454658,0.008503993288860007,0.0,1.0,6.88,RR,0.3594366408646358,False,False,-1.9966051030555523,0.6035213467928575,20.418916740787374,False,11.214951945903806,0.0,1.658210346570066,45.0,90.0,0.3922379114454658,tilt,False
-0.30295234106541,-0.3587891902559137,0.006500928119545096,0.0,1.0,6.9,FL,0.3594366408646358,False,False,-1.8296277820400373,-2.254313162803549,17.55901453842213,False,10.37462610683453,0.0,1.03910795035051,45.0,90.0,0.3587891902559137,tilt,False
-0.30295234106541,-0.3587891902559137,0.00664716116591183,0.0,1.0,6.9,FR,0.8594366408646358,True,True,-1.5502094871513403,-3.848093013995857,15.961046641936921,False,9.780150760117827,0.0,0.9573323320530072,45.0,90.0,0.3587891902559137,tilt,False
-0.30295234106541,-0.3587891902559137,0.007727424703052492,0.0,1.0,6.9,RL,0.8594366408646358,True,True,-2.236417316725123,3.198340118243624,23.010368791539566,False,11.895949527767282,0.0,1.3604082982859238,45.0,90.0,0.3587891902559137,tilt,False
-0.30295234106541,-0.3587891902559137,0.0077394655166236025,0.0,1.0,6.9,RR,0.3594366408646358,False,False,-1.9771352250339373,0.14589402471025179,19.961349320764857,False,11.200232363079524,0.0,1.6119150156346926,45.0,90.0,0.3587891902559137,tilt,False
-0.25213695444051937,-0.32597586495274916,0.007101172644879362,0.0,1.0,6.92,FL,0.3594366408646358,False,False,-1.8177200830132578,-2.6433916631876038,17.169265352425114,False,10.28760363494371,0.0,1.0359210469376985,45.0,90.0,0.32597586495274916,tilt,False
-0.25213695444051937,-0.32597586495274916,0.006969656834648777,0.0,1.0,6.92,FR,0.8594366408646358,True,True,-1.6243332585445143,-4.1688366758729885,15.639665905805558,False,10.168285737102003,0.0,0.923919320360575,45.0,90.0,0.32597586495274916,tilt,False
-0.25213695444051937,-0.32597586495274916,0.007655352848079851,0.0,1.0,6.92,RL,0.8594366408646358,True,True,-2.157716285848141,2.629259109774122,22.442501301021853,False,11.47606911379335,0.0,1.3345379254493754,45.0,90.0,0.32597586495274916,tilt,False
-0.25213695444051937,-0.32597586495274916,0.00720813264171411,0.0,1.0,6.92,RR,0.3594366408646358,False,False,-1.9659511393773885,-0.2955890124686361,19.51980307350497,False,11.206753477514898,0.0,1.5670979478201421,45.0,90.0,0.32597586495274916,tilt,False
-0.20269446448262524,-0.296362075338107,0.007299158806448489,0.0,1.0,6.94,FL,0.3594366408646358,False,False,-1.8042270468220516,-2.9767928071410923,16.835209778261927,False,10.216278453831256,0.0,1.0337958895499568,45.0,90.0,0.296362075338107,tilt,False
-0.20269446448262524,-0.296362075338107,0.007182320360802526,0.0,1.0,6.94,FR,0.8594366408646358,True,True,-1.6951611663195074,-4.427877597949183,15.380118663560427,False,10.45170871388519,0.0,0.892214991461484,45.0,90.0,0.296362075338107,tilt,False
-0.20269446448262524,-0.296362075338107,0.007640933538252156,0.0,1.0,6.94,RL,0.8594366408646358,True,True,-2.082118778820273,2.1161507559635493,21.930257457037563,False,11.16748623489862,0.0,1.3091660087313512,45.0,90.0,0.296362075338107,tilt,False
-0.20269446448262524,-0.296362075338107,0.006811748268678699,0.0,1.0,6.94,RR,0.3594366408646358,False,False,-1.9610519014619625,-0.6775257082613679,19.137719340776645,False,11.23150983956435,0.0,1.5236399134726877,45.0,90.0,0.296362075338107,tilt,False
-0.15989492777348335,-0.27176794825230915,0.007136754967168362,0.0,1.0,6.96,FL,0.3594366408646358,False,False,-1.7913277518791064,-3.2250236194408357,16.586440291213524,False,10.161990720707939,0.0,1.0313635537801928,45.0,90.0,0.27176794825230915,tilt,False
-0.15989492777348335,-0.27176794825230915,0.0071548668534760634,0.0,1.0,6.96,FR,0.8594366408646358,True,True,-1.7554859360093371,-4.598758154707148,15.208935453467525,False,10.624076887454628,0.0,0.8632447525388359,45.0,90.0,0.27176794825230915,tilt,False
-0.15989492777348335,-0.27176794825230915,0.007608780522492438,0.0,1.0,6.96,RL,0.8594366408646358,True,True,-2.0175269892536116,1.6899170090661912,21.504576245294118,False,10.982713917459714,0.0,1.2841034772078623,45.0,90.0,0.27176794825230915,tilt,False
-0.15989492777348335,-0.27176794825230915,0.006487954008709244,0.0,1.0,6.96,RR,0.3594366408646358,False,False,-1.9609379308963142,-0.972371322270061,18.84270377526316,False,11.270468989411158,0.0,1.4821295411935087,45.0,90.0,0.27176794825230915,tilt,False
-0.1264621668756271,-0.25303268904852405,0.006672412136019822,0.0,1.0,6.98,FL,0.3594366408646358,False,False,-1.7796484533345556,-3.3778332450423028,16.43327574668646,False,10.09177896340011,0.0,1.027455967465886,45.0,90.0,0.25303268904852405,tilt,False
-0.1264621668756271,-0.25303268904852405,0.006821722351188206,0.0,1.0,6.98,FR,0.8594366408646358,True,True,-1.8003231273596223,-4.674357617367023,15.13326687809203,False,10.648603167124689,0.0,0.8378101077715735,45.0,90.0,0.25303268904852405,tilt,False
-0.1264621668756271,-0.25303268904852405,0.007520787399936352,0.0,1.0,6.98,RL,0.8594366408646358,True,True,-1.9698589999891312,1.3634925476114466,21.178473792218757,False,10.968454146513373,0.0,1.2591550094820434,45.0,90.0,0.25303268904852405,tilt,False
-0.1264621668756271,-0.25303268904852405,0.006212471993166786,0.0,1.0,6.98,RR,0.3594366408646358,False,False,-1.9645618512611798,-1.1703820739416317,18.644554029668907,False,11.334126173343165,0.0,1.4432385868802928,45.0,90.0,0.25303268904852405,tilt,False
-0.10193800725666671,-0.23993232599111833,0.005975433512565414,0.0,1.0,7.0,FL,0.3594366408646358,False,False,-1.768512464921622,-3.4498336724123577,16.361111286051354,False,10.05092980191276,0.0,1.0198290478277459,45.0,90.0,0.23993232599111833,tilt,False
-0.10193800725666671,-0.23993232599111833,0.006099887839659203,0.0,1.0,7.0,FR,0.8594366408646358,True,True,-1.8265972832780044,-4.674795864661095,15.132956568105278,False,10.635687684549888,0.0,0.8175879612005519,45.0,90.0,0.23993232599111833,tilt,False
-0.10193800725666671,-0.23993232599111833,0.007332482078016806,0.0,1.0,7.0,RL,0.8594366408646358,True,True,-1.9432373222482355,1.1276420754441838,20.94280163757321,False,11.027718583061006,0.0,1.2338525357194363,45.0,90.0,0.23993232599111833,tilt,False
-0.10193800725666671,-0.23993232599111833,0.0059726625663147756,0.0,1.0,7.0,RR,0.3594366408646358,False,False,-1.9721631337984886,-1.2849321505854112,18.529919941911082,False,11.41004812987422,0.0,1.4080167382379754,45.0,90.0,0.23993232599111833,tilt,False
-0.08570503710299776,-0.23191168296069983,0.005279635006675617,0.0,1.0,7.0200000000000005,FL,0.3594366408646358,False,False,-1.759281924426627,-3.4571458691179635,16.35379449462096,False,10.042877710712771,0.0,1.007181055046191,45.0,90.0,0.23191168296069983,tilt,False
-0.08570503710299776,-0.23191168296069983,0.005474065553862802,0.0,1.0,7.0200000000000005,FR,0.8594366408646358,True,True,-1.8388319395336583,-4.617907517972308,15.190096836736444,False,10.589359435779738,0.0,0.8033235186371519,45.0,90.0,0.23191168296069983,tilt,False
-0.08570503710299776,-0.23191168296069983,0.007089641714657298,0.0,1.0,7.0200000000000005,RL,0.8594366408646358,True,True,-1.9347086972452965,0.9672946304871178,20.782548855815385,False,11.127898473637332,0.0,1.2089122404588732,45.0,90.0,0.23191168296069983,tilt,False
-0.08570503710299776,-0.23191168296069983,0.005782100972354068,0.0,1.0,7.0200000000000005,RR,0.3594366408646358,False,False,-1.981811130536866,-1.3362454321247212,18.47857576235909,False,11.448732018890533,0.0,1.3758617776568984,45.0,90.0,0.23191168296069983,tilt,False
-0.0769401753045333,-0.22797475047566051,0.004660981274862878,0.0,1.0,7.04,FL,0.3594366408646358,False,False,-1.7537567182065172,-3.4115020344102978,16.399554635659563,False,10.055258470582855,0.0,0.9900243153118383,45.0,90.0,0.22797475047566051,tilt,False
-0.0769401753045333,-0.22797475047566051,0.005047271003244562,0.0,1.0,7.04,FR,0.8594366408646358,True,True,-1.8403729878461277,-4.516924070545228,15.2914035630062,False,10.489985113101781,0.0,0.7943372934462095,45.0,90.0,0.22797475047566051,tilt,False
-0.0769401753045333,-0.22797475047566051,0.006847864119712055,0.0,1.0,7.04,RL,0.8594366408646358,True,True,-1.9388244827045868,0.8680667436265465,20.683367814176695,False,11.238773993510982,0.0,1.1853122082440697,45.0,90.0,0.22797475047566051,tilt,False
-0.0769401753045333,-0.22797475047566051,0.005632831163412948,0.0,1.0,7.04,RR,0.3594366408646358,False,False,-1.9904450847548634,-1.3423839312547843,18.47244698699573,False,11.476464684774328,0.0,1.345625765410795,45.0,90.0,0.22797475047566051,tilt,False
-0.07474334213001245,-0.22670674722290213,0.004120903596501229,0.0,1.0,7.0600000000000005,FL,0.3594366408646358,False,False,-1.7518342153968678,-3.3289311365506147,16.48232232527047,False,10.072603815354936,0.0,0.9705056538889957,45.0,90.0,0.22670674722290213,tilt,False
-0.07474334213001245,-0.22670674722290213,0.004660266682202044,0.0,1.0,7.0600000000000005,FR,0.8594366408646358,True,True,-1.8329139891616295,-4.388172528438053,15.420513776504533,False,10.37641973261795,0.0,0.788278723033021,45.0,90.0,0.22670674722290213,tilt,False
-0.07474334213001245,-0.22670674722290213,0.006623688838770816,0.0,1.0,7.0600000000000005,RL,0.8594366408646358,True,True,-1.950694814228212,0.8123939454310891,20.627715250172013,False,11.35731259975431,0.0,1.1638555469727165,45.0,90.0,0.22670674722290213,tilt,False
-0.07474334213001245,-0.22670674722290213,0.0054875717772224115,0.0,1.0,7.0600000000000005,RR,0.3594366408646358,False,False,-1.9972490561340484,-1.3187533806509264,18.49611179046031,False,11.494427980511881,0.0,1.3163433868091836,45.0,90.0,0.22670674722290213,tilt,False
-0.07710828070560298,-0.22684420945559047,0.003677670483351017,0.0,1.0,7.08,FL,0.3594366408646358,False,False,-1.752327268238131,-3.2281693776678133,16.583317552266255,False,10.091950319122294,0.0,0.9502327057112709,45.0,90.0,0.22684420945559047,tilt,False
-0.07710828070560298,-0.22684420945559047,0.004313033742702085,0.0,1.0,7.08,FR,0.8594366408646358,True,True,-1.8195668181175266,-4.247205467354038,15.561845344098842,False,10.269730076923185,0.0,0.783435368586697,45.0,90.0,0.22684420945559047,tilt,False
-0.07710828070560298,-0.22684420945559047,0.006387280431854723,0.0,1.0,7.08,RL,0.8594366408646358,True,True,-1.9668646340566949,0.7814842603574845,20.59681245485606,False,11.466556474116047,0.0,1.1438517930996481,45.0,90.0,0.22684420945559047,tilt,False
-0.07710828070560298,-0.22684420945559047,0.0053299098224877575,0.0,1.0,7.08,RR,0.3594366408646358,False,False,-2.0022652631176245,-1.2793037857448537,18.535605540165786,False,11.506351082935181,0.0,1.2885491356642111,45.0,90.0,0.22684420945559047,tilt,False
-0.08171265458553569,-0.22734080723040015,0.003330281173152322,0.0,1.0,7.1000000000000005,FL,0.3594366408646358,False,False,-1.7542644888572656,-3.125215029277536,16.686505728913197,False,10.112528981562853,0.0,0.9300647361763309,45.0,90.0,0.22734080723040015,tilt,False
-0.08171265458553569,-0.22734080723040015,0.004010071454979035,0.0,1.0,7.1000000000000005,FR,0.8594366408646358,True,True,-1.8036719514968012,-4.107343667885364,15.702053066554488,False,10.179917019096296,0.0,0.7791177103538276,45.0,90.0,0.22734080723040015,tilt,False
-0.08171265458553569,-0.22734080723040015,0.006121222003387757,0.0,1.0,7.1000000000000005,RL,0.8594366408646358,True,True,-1.9844174191111854,0.759250449864593,20.574581040940338,False,11.556577930052802,0.0,1.1244492678528768,45.0,90.0,0.22734080723040015,tilt,False
-0.08171265458553569,-0.22734080723040015,0.005158723769937778,0.0,1.0,7.1000000000000005,RR,0.3594366408646358,False,False,-2.0057943289097864,-1.2361508650159496,18.578801296985805,False,11.512280375706403,0.0,1.262896718383852,45.0,90.0,0.22734080723040015,tilt,False
-0.08685411348462538,-0.22742440837576164,0.0030670375473516357,0.0,1.0,7.12,FL,0.3594366408646358,False,False,-1.757024211120898,-3.03183688823919,16.780093370769837,False,10.132952125884797,0.0,0.9107247186503492,45.0,90.0,0.22742440837576164,tilt,False
-0.08685411348462538,-0.22742440837576164,0.0037507633148846126,0.0,1.0,7.12,FR,0.8594366408646358,True,True,-1.78789685424419,-3.9787561170484995,15.83095038317729,False,10.112025309350987,0.0,0.7748195605583428,45.0,90.0,0.22742440837576164,tilt,False
-0.08685411348462538,-0.22742440837576164,0.005829582970619717,0.0,1.0,7.12,RL,0.8594366408646358,True,True,-2.0010329215127824,0.7336289192890095,20.548963549131177,False,11.621922326031815,0.0,1.1054013223940213,45.0,90.0,0.22742440837576164,tilt,False
-0.08685411348462538,-0.22742440837576164,0.004968575957861429,0.0,1.0,7.12,RR,0.3594366408646358,False,False,-2.008063449800722,-1.1987706341938484,18.61621575468774,False,11.512700053072738,0.0,1.2394049213940699,45.0,90.0,0.22742440837576164,tilt,False
-0.09139088139788464,-0.22661383682118905,0.002873827544662219,0.0,1.0,7.140000000000001,FL,0.3594366408646358,False,False,-1.7601780000414542,-2.955385859793484,16.856715854848105,False,10.151790671717757,0.0,0.8927273057536256,45.0,90.0,0.22661383682118905,tilt,False
-0.09139088139788464,-0.22661383682118905,0.0035314998341061193,0.0,1.0,7.140000000000001,FR,0.8594366408646358,True,True,-1.7740563231280724,-3.8680050774042227,15.941965226900866,False,10.06720827701017,0.0,0.7702001418231699,45.0,90.0,0.22661383682118905,tilt,False
-0.09139088139788464,-0.22661383682118905,0.005524496196113011,0.0,1.0,7.140000000000001,RL,0.8594366408646358,True,True,-2.0150724556647,0.696815469095221,20.512159569734568,False,11.661416444491499,0.0,1.0867970438359762,45.0,90.0,0.22661383682118905,tilt,False
-0.09139088139788464,-0.22661383682118905,0.004758411451121796,0.0,1.0,7.140000000000001,RR,0.3594366408646358,False,False,-2.009238417490379,-1.1734997657003068,18.641508494565585,False,11.508563706028161,0.0,1.2177485974222304,45.0,90.0,0.22661383682118905,tilt,False
-0.09463366353980518,-0.22469611772862289,0.002736384243342117,0.0,1.0,7.16,FL,0.3594366408646358,False,False,-1.7633940595961142,-2.899218950918419,16.913011176966407,False,10.16789365071381,0.0,0.8763608637615283,45.0,90.0,0.22469611772862289,tilt,False
-0.09463366353980518,-0.22469611772862289,0.0033481623923371532,0.0,1.0,7.16,FR,0.8594366408646358,True,True,-1.7631767416364796,-3.7781365657761636,16.032048828500088,False,10.043842519078188,0.0,0.7650813317960455,45.0,90.0,0.22469611772862289,tilt,False
-0.09463366353980518,-0.22469611772862289,0.005219403890849176,0.0,1.0,7.16,RL,0.8594366408646358,True,True,-2.025600560320039,0.644917854023118,20.460278177328018,False,11.677265679409176,0.0,1.0688350228748424,45.0,90.0,0.22469611772862289,tilt,False
-0.09463366353980518,-0.22469611772862289,0.004533642599680456,0.0,1.0,7.16,RR,0.3594366408646358,False,False,-2.0094804987039994,-1.1635407862697031,18.651475846467264,False,11.501149168035228,0.0,1.1975042412601427,45.0,90.0,0.22469611772862289,tilt,False
-0.096217317016255,-0.2216803952442704,0.002644640561458064,0.0,1.0,7.18,FL,0.3594366408646358,False,False,-1.7665893949167997,-2.862927283160545,16.94938958560827,False,10.189530893775911,0.0,0.8616946760634668,45.0,90.0,0.2216803952442704,tilt,False
-0.096217317016255,-0.2216803952442704,0.003197165302776224,0.0,1.0,7.18,FR,0.8594366408646358,True,True,-1.7556112674850868,-3.709013397945028,16.101341339931206,False,10.036499125208628,0.0,0.7594414855653592,45.0,90.0,0.2216803952442704,tilt,False
-0.096217317016255,-0.2216803952442704,0.00492724896680805,0.0,1.0,7.18,RL,0.8594366408646358,True,True,-2.0322727930623325,0.5775200218021449,20.392902285412212,False,11.670334528106245,0.0,1.0517007766824833,45.0,90.0,0.2216803952442704,tilt,False
-0.096217317016255,-0.2216803952442704,0.004303794298770704,0.0,1.0,7.18,RR,0.3594366408646358,False,False,-2.0089407909757404,-1.1692207771124528,18.645791365925657,False,11.490083119941449,0.0,1.1782789849702804,45.0,90.0,0.2216803952442704,tilt,False
-0.09612067183093163,-0.21775242934052033,0.002594668859222765,0.0,1.0,7.2,FL,0.3594366408646358,False,False,-1.7698371335789775,-2.842572891129838,16.96979580297488,False,10.202518277677838,0.0,0.8487690732346423,45.0,90.0,0.21775242934052033,tilt,False
-0.09612067183093163,-0.21775242934052033,0.003072967554157832,0.0,1.0,7.2,FR,0.8594366408646358,True,True,-1.7511355495562348,-3.6577051519913093,16.15278088550333,False,10.041962854276617,0.0,0.753206212543575,45.0,90.0,0.21775242934052033,tilt,False
-0.09612067183093163,-0.21775242934052033,0.004664312745843788,0.0,1.0,7.2,RL,0.8594366408646358,True,True,-2.035150769204009,0.4972516390558852,20.31265869553361,False,11.6502198303736,0.0,1.0356842399285724,45.0,90.0,0.21775242934052033,tilt,False
-0.09612067183093163,-0.21775242934052033,0.004076996103583695,0.0,1.0,7.2,RR,0.3594366408646358,False,False,-2.0077535876338626,-1.1882956766983386,18.62670119146262,False,11.479032406307294,0.0,1.1595971505466482,45.0,90.0,0.21775242934052033,tilt,False
-0.09449661699604894,-0.21319423346962701,0.002566973582523239,0.0,1.0,7.22,FL,0.3594366408646358,False,False,-1.7725874963910384,-2.834305966817156,16.978088121737244,False,10.20735244425554,0.0,0.8375033695710012,45.0,90.0,0.21319423346962701,tilt,False
-0.09449661699604894,-0.21319423346962701,0.0029663447386800742,0.0,1.0,7.22,FR,0.8594366408646358,True,True,-1.7493649308037915,-3.6201763774617453,16.19041266614998,False,10.058050543025283,0.0,0.7463526599926283,45.0,90.0,0.21319423346962701,tilt,False
-0.09449661699604894,-0.21319423346962701,0.004433490649445218,0.0,1.0,7.22,RL,0.8594366408646358,True,True,-2.0349062447325843,0.40759997349217036,20.223031329438562,False,11.622727921105598,0.0,1.0208236668214639,45.0,90.0,0.21319423346962701,tilt,False
-0.09449661699604894,-0.21319423346962701,0.0038552835664841917,0.0,1.0,7.22,RR,0.3594366408646358,False,False,-2.0062634299508053,-1.2173805282446013,18.597593000205503,False,11.471683796005424,0.0,1.1412958849815125,45.0,90.0,0.21319423346962701,tilt,False
-0.09148712311028731,-0.20829914146174242,0.0025413953466999974,0.0,1.0,7.24,FL,0.3594366408646358,False,False,-1.7744366678759913,-2.8343744140915708,16.97802681463927,False,10.205462123919267,0.0,0.8275515635415625,45.0,90.0,0.20829914146174242,tilt,False
-0.09148712311028731,-0.20829914146174242,0.002870400602157944,0.0,1.0,7.24,FR,0.8594366408646358,True,True,-1.7498555540006733,-3.592223895411591,16.218448984278474,False,10.083010148576756,0.0,0.7391657127781527,45.0,90.0,0.20829914146174242,tilt,False
-0.09148712311028731,-0.20829914146174242,0.004228850387976896,0.0,1.0,7.24,RL,0.8594366408646358,True,True,-2.0324390321752768,0.3123514994251113,20.12780379841882,False,11.593050307594586,0.0,1.006927647272282,45.0,90.0,0.20829914146174242,tilt,False
-0.09148712311028731,-0.20829914146174242,0.0036448338886363118,0.0,1.0,7.24,RR,0.3594366408646358,False,False,-2.00487110304692,-1.2528919194590773,18.562053003349803,False,11.466897010275696,0.0,1.1234802366208658,45.0,90.0,0.20829914146174242,tilt,False
-0.08744712472479026,-0.20333539496865072,0.002505311522263017,0.0,1.0,7.26,FL,0.3594366408646358,False,False,-1.775239420424568,-2.839108331307041,16.973289430230853,False,10.19887971327885,0.0,0.818616737959249,45.0,90.0,0.20333539496865072,tilt,False
-0.08744712472479026,-0.20333539496865072,0.002793605303088755,0.0,1.0,7.26,FR,0.8594366408646358,True,True,-1.752185441368393,-3.5694574372841585,16.24128810726542,False,10.108969698007506,0.0,0.73188907958247,45.0,90.0,0.20333539496865072,tilt,False
-0.08744712472479026,-0.20333539496865072,0.004046405988584838,0.0,1.0,7.26,RL,0.8594366408646358,True,True,-2.028646997928811,0.21532799485328782,20.03079593120384,False,11.565068253041217,0.0,0.9938651807603383,45.0,90.0,0.20333539496865072,tilt,False
-0.08744712472479026,-0.20333539496865072,0.003450559788500858,0.0,1.0,7.26,RR,0.3594366408646358,False,False,-2.003745600346208,-1.291333372305692,18.523580394759477,False,11.46473728488643,0.0,1.1062114653437785,45.0,90.0,0.20333539496865072,tilt,False
-0.08274131716822725,-0.19851131787402534,0.0024525062884782137,0.0,1.0,7.28,FL,0.3594366408646358,False,False,-1.7751206312980674,-2.84543563805368,16.966954517085203,False,10.190754465079653,0.0,0.810377576951152,45.0,90.0,0.19851131787402534,tilt,False
-0.08274131716822725,-0.19851131787402534,0.0027192430533606,0.0,1.0,7.28,FR,0.8594366408646358,True,True,-1.7555732639141923,-3.5486155619772233,16.262198084247306,False,10.131638498202461,0.0,0.7247764631778608,45.0,90.0,0.19851131787402534,tilt,False
-0.08274131716822725,-0.19851131787402534,0.0038814143571019553,0.0,1.0,7.28,RL,0.8594366408646358,True,True,-2.0243311678793536,0.11974376145828733,19.935221199511385,False,11.54163709441028,0.0,0.9815035838525933,45.0,90.0,0.19851131787402534,tilt,False
-0.08274131716822725,-0.19851131787402534,0.00327271411696333,0.0,1.0,7.28,RR,0.3594366408646358,False,False,-2.003006521445694,-1.3298669816451878,18.485015461048217,False,11.466127858077291,0.0,1.0895744791308268,45.0,90.0,0.19851131787402534,tilt,False
-0.07773792506447601,-0.19396560245513708,0.0023823654778187633,0.0,1.0,7.3,FL,0.3594366408646358,False,False,-1.774376068338683,-2.851166217894198,16.961216909855374,False,10.182676572364068,0.0,0.8025725401554648,45.0,90.0,0.19396560245513708,tilt,False
-0.07773792506447601,-0.19396560245513708,0.002635821854707614,0.0,1.0,7.3,FR,0.8594366408646358,True,True,-1.759254266686168,-3.527794550796569,16.283086573475327,False,10.150028773874617,0.0,0.718021362591828,45.0,90.0,0.19396560245513708,tilt,False
-0.07773792506447601,-0.19396560245513708,0.003728822131078282,0.0,1.0,7.3,RL,0.8594366408646358,True,True,-2.02012535300692,0.027877806504334607,19.843358744007038,False,11.523617061791544,0.0,0.969789933772219,45.0,90.0,0.19396560245513708,tilt,False
-0.07773792506447601,-0.19396560245513708,0.003108900511104092,0.0,1.0,7.3,RR,0.3594366408646358,False,False,-2.0027446946032748,-1.3666150312761152,18.448237594138178,False,11.470033503873017,0.0,1.0735876423687483,45.0,90.0,0.19396560245513708,tilt,False
-0.07277262304705077,-0.18977207794081252,0.0022976059141445932,0.0,1.0,7.32,FL,0.3594366408646358,False,False,-1.7733110893882778,-2.854938247386418,16.957441433047208,False,10.176005642034603,0.0,0.7950288462190851,45.0,90.0,0.18977207794081252,tilt,False
-0.07277262304705077,-0.18977207794081252,0.0025447850538610974,0.0,1.0,7.32,FR,0.8594366408646358,True,True,-1.7627084921969447,-3.5059385279036097,16.305011225998477,False,10.163362096241707,0.0,0.7117323602133452,45.0,90.0,0.18977207794081252,tilt,False
-0.07277262304705077,-0.18977207794081252,0.0035851225983099333,0.0,1.0,7.32,RL,0.8594366408646358,True,True,-2.016440386681816,-0.05887103899053503,19.75660813193106,False,11.511406330379192,0.0,0.958709806153223,45.0,90.0,0.18977207794081252,tilt,False
-0.07277262304705077,-0.18977207794081252,0.0029573838410435964,0.0,1.0,7.32,RR,0.3594366408646358,False,False,-2.002933428634602,-1.4004981163056145,18.41432717779439,False,11.474709201130759,0.0,1.0582314612409613,45.0,90.0,0.18977207794081252,tilt,False
-0.06819525529568495,-0.18595674593443318,0.0022049676312232286,0.0,1.0,7.34,FL,0.3594366408646358,False,False,-1.7721901098936323,-2.8561468824687615,16.956234329327337,False,10.170684285873559,0.0,0.787782428673043,45.0,90.0,0.18595674593443318,tilt,False
-0.06819525529568495,-0.18595674593443318,0.002449762511541404,0.0,1.0,7.34,FR,0.8594366408646358,True,True,-1.765617963790149,-3.482550871654437,16.32846914982785,False,10.172357219152143,0.0,0.7057838133595798,45.0,90.0,0.18595674593443318,tilt,False
-0.06819525529568495,-0.18595674593443318,0.0034477904311730543,0.0,1.0,7.34,RL,0.8594366408646358,True,True,-2.0135240976589808,-0.13992431595007473,19.675548814321402,False,11.504634464611875,0.0,0.9483157762600686,45.0,90.0,0.18595674593443318,tilt,False
-0.06819525529568495,-0.18595674593443318,0.0028163868086048443,0.0,1.0,7.34,RR,0.3594366408646358,False,False,-2.003417200353536,-1.431013000865556,18.383787849926197,False,11.478899338537072,0.0,1.043416564480215,45.0,90.0,0.18595674593443318,tilt,False
-0.06412891521771139,-0.18250612693793467,0.002110622800487275,0.0,1.0,7.36,FL,0.3594366408646358,False,False,-1.771157436804123,-2.8547510790724213,16.957636742744434,False,10.166622802974693,0.0,0.7807970093278467,45.0,90.0,0.18250612693793467,tilt,False
-0.06412891521771139,-0.18250612693793467,0.002353016084160251,0.0,1.0,7.36,FR,0.8594366408646358,True,True,-1.767873049695317,-3.45753102784117,16.35356077803015,False,10.177828563531545,0.0,0.700131324257773,45.0,90.0,0.18250612693793467,tilt,False
-0.06412891521771139,-0.18250612693793467,0.003314147099050164,0.0,1.0,7.36,RL,0.8594366408646358,True,True,-2.0114513672837147,-0.21529344380255208,19.600170355094036,False,11.501799712248019,0.0,0.9385013119845708,45.0,90.0,0.18250612693793467,tilt,False
-0.06412891521771139,-0.18250612693793467,0.0026852086131838805,0.0,1.0,7.36,RR,0.3594366408646358,False,False,-2.004025154574946,-1.4580798223201157,18.356699499266213,False,11.482366513209806,0.0,1.0292082715921658,45.0,90.0,0.18250612693793467,tilt,False
-0.060583560449517355,-0.17938095709814383,0.0020165863774081237,0.0,1.0,7.38,FL,0.3594366408646358,False,False,-1.7702832671227555,-2.8510106693364485,16.96138832519796,False,10.163873454687062,0.0,0.7740124369329134,45.0,90.0,0.17938095709814383,tilt,False
-0.060583560449517355,-0.17938095709814383,0.002256704199535586,0.0,1.0,7.38,FR,0.8594366408646358,True,True,-1.7694875111466009,-3.431103687771279,16.380060735658322,False,10.180501126827837,0.0,0.69478842636214,45.0,90.0,0.17938095709814383,tilt,False
-0.060583560449517355,-0.17938095709814383,0.003183004076451037,0.0,1.0,7.38,RL,0.8594366408646358,True,True,-2.0101517569763203,-0.28531624409811396,19.53013576498393,False,11.501750691392866,0.0,0.9291591946061224,45.0,90.0,0.17938095709814383,tilt,False
-0.060583560449517355,-0.17938095709814383,0.002563650953632876,0.0,1.0,7.38,RR,0.3594366408646358,False,False,-2.0046321570628134,-1.481959407665219,18.33280101561073,False,11.484835597960702,0.0,1.0156682983651526,45.0,90.0,0.17938095709814383,tilt,False
-0.05753343135516342,-0.17653099888022797,0.0019245063849375296,0.0,1.0,7.4,FL,0.3594366408646358,False,False,-1.7696021257618613,-2.8453427521913723,16.96707114726746,False,10.162306072846993,0.0,0.7673987399223341,45.0,90.0,0.17653099888022797,tilt,False
-0.05753343135516342,-0.17653099888022797,0.002163127681812244,0.0,1.0,7.4,FR,0.8594366408646358,True,True,-1.7705359942009196,-3.4036729139225104,16.407564035458478,False,10.181169458640666,0.0,0.6897543530089068,45.0,90.0,0.17653099888022797,tilt,False
-0.05753343135516342,-0.17653099888022797,0.003054522157486843,0.0,1.0,7.4,RL,0.8594366408646358,True,True,-2.0094866141681,-0.35051077709935885,19.464927622302625,False,11.503448869850764,0.0,0.9202312491276206,45.0,90.0,0.17653099888022797,tilt,False
-0.05753343135516342,-0.17653099888022797,0.00245037553283189,0.0,1.0,7.4,RR,0.3594366408646358,False,False,-2.005153313210127,-1.5031038609283238,18.311639836202094,False,11.486268610984371,0.0,1.0028064482491066,45.0,90.0,0.17653099888022797,tilt,False
-0.054925286739933396,-0.17390507589915566,0.0018357582929442351,0.0,1.0,7.42,FL,0.3594366408646358,False,False,-1.769120014372766,-2.8382238239307056,16.97420775283632,False,10.161685141425604,0.0,0.7609479894482521,45.0,90.0,0.17390507589915566,tilt,False
-0.054925286739933396,-0.17390507589915566,0.002073800058790694,0.0,1.0,7.42,FR,0.8594366408646358,True,True,-1.7711252744815436,-3.375699697040376,16.43560878431982,False,10.18057726978887,0.0,0.6850153965231819,45.0,90.0,0.17390507589915566,tilt,False
-0.054925286739933396,-0.17390507589915566,0.0029292387242150016,0.0,1.0,7.42,RL,0.8594366408646358,True,True,-2.0092950450092095,-0.4114693442793492,19.40395407856807,False,11.506045848144735,0.0,0.9116870061945211,45.0,90.0,0.17390507589915566,tilt,False
-0.054925286739933396,-0.17390507589915566,0.0023438657602127527,0.0,1.0,7.42,RR,0.3594366408646358,False,False,-2.005542247075269,-1.5220305525924376,18.29269808500325,False,11.486784163085508,0.0,0.9906034499857431,45.0,90.0,0.17390507589915566,tilt,False
-0.05268768724893688,-0.1714571678984594,0.0017513211675374096,0.0,1.0,7.44,FL,0.3594366408646358,False,False,-1.7688201084931285,-2.830120973054139,16.982330102302775,False,10.161729419277421,0.0,0.7546665382753326,45.0,90.0,0.1714571678984594,tilt,False
-0.05268768724893688,-0.1714571678984594,0.0019894076734625872,0.0,1.0,7.44,FR,0.8594366408646358,True,True,-1.7713734371754344,-3.347620763042441,16.46375751750154,False,10.179354689109232,0.0,0.6805494610047382,45.0,90.0,0.1714571678984594,tilt,False
-0.05268768724893688,-0.1714571678984594,0.0028077023629698187,0.0,1.0,7.44,RL,0.8594366408646358,True,True,-2.00942179544316,-0.4687820631606825,19.34662531701167,False,11.508902797134928,0.0,0.903509050998894,45.0,90.0,0.1714571678984594,tilt,False
-0.05268768724893688,-0.1714571678984594,0.0022428376976207347,0.0,1.0,7.44,RR,0.3594366408646358,False,False,-2.005785357488063,-1.5392373052839636,18.275477472117892,False,11.48658781895879,0.0,0.979026928581708,45.0,90.0,0.1714571678984594,tilt,False
-0.050734334964221924,-0.16914940650023672,0.0016722026051779761,0.0,1.0,7.46,FL,0.3594366408646358,False,False,-1.768669145595321,-2.8214457122773573,16.9910258354684,False,10.162107661473984,0.0,0.748555702060591,45.0,90.0,0.16914940650023672,tilt,False
-0.050734334964221924,-0.16914940650023672,0.0019101968984265106,0.0,1.0,7.46,FR,0.8594366408646358,True,True,-1.7713962554186495,-3.3198041941669523,16.491641632433147,False,10.178106412422082,0.0,0.6763375497460782,45.0,90.0,0.16914940650023672,tilt,False
-0.050734334964221924,-0.16914940650023672,0.0026903489328660617,0.0,1.0,7.46,RL,0.8594366408646358,True,True,-2.009730830314572,-0.5229836403945164,19.29240682037646,False,11.511406145644688,0.0,0.8956782238676233,45.0,90.0,0.16914940650023672,tilt,False
-0.050734334964221924,-0.16914940650023672,0.002146335969295717,0.0,1.0,7.46,RR,0.3594366408646358,False,False,-2.005895107701931,-1.5551549301273948,18.25954680417529,False,11.48608009581446,0.0,0.9680472061591634,45.0,90.0,0.16914940650023672,tilt,False
-0.048962643786203464,-0.16695349552575217,0.0016003216058000497,0.0,1.0,7.48,FL,0.3594366408646358,False,False,-1.7686258461016118,-2.812512963312804,16.999979379578452,False,10.16272123187286,0.0,0.7425746260840062,45.0,90.0,0.16695349552575217,tilt,False
-0.048962643786203464,-0.16695349552575217,0.0018367185941925686,0.0,1.0,7.48,FR,0.8594366408646358,True,True,-1.7712977079130423,-3.2925408410721597,16.518969941819673,False,10.176954646046187,0.0,0.6723831449004934,45.0,90.0,0.16695349552575217,tilt,False
-0.048962643786203464,-0.16695349552575217,0.0025775432814251677,0.0,1.0,7.48,RL,0.8594366408646358,True,True,-2.0101033390377623,-0.574507265988209,19.240865518934868,False,11.513288197072203,0.0,0.8881660719020218,45.0,90.0,0.16695349552575217,tilt,False
-0.048962643786203464,-0.16695349552575217,0.0020538256602002035,0.0,1.0,7.48,RR,0.3594366408646358,False,False,-2.005908507799074,-1.5701347484243269,18.2445544740423,False,11.485465783680354,0.0,0.9576454532573615,45.0,90.0,0.16695349552575217,tilt,False
-0.047311839541444994,-0.164850011303636,0.0015339565955927708,0.0,1.0,7.5,FL,0.3594366408646358,False,False,-1.7686563245372933,-2.8035512068887782,17.00896179290705,False,10.163409718547248,0.0,0.7367230294151311,45.0,90.0,0.164850011303636,tilt,False
-0.047311839541444994,-0.164850011303636,0.001768150056138384,0.0,1.0,7.5,FR,0.8594366408646358,True,True,-1.7711480747166706,-3.2660382986280205,16.545534653676178,False,10.176060427277282,0.0,0.6686653682820121,45.0,90.0,0.164850011303636,tilt,False
-0.047311839541444994,-0.164850011303636,0.002469706311018695,0.0,1.0,7.5,RL,0.8594366408646358,True,True,-2.0104565586389205,-0.6236968599530567,19.19165758124058,False,11.514518983079416,0.0,0.880978171805416,45.0,90.0,0.164850011303636,tilt,False
-0.047311839541444994,-0.164850011303636,0.001964744655505326,0.0,1.0,7.5,RR,0.3594366408646358,False,False,-2.0058625485631087,-1.5844403817912474,18.23023665754958,False,11.484860618503332,0.0,0.9477710238146468,45.0,90.0,0.164850011303636,tilt,False
-0.04573747228534615,-0.16282635918244345,0.0014720663452992945,0.0,1.0,7.5200000000000005,FL,0.3594366408646358,False,False,-1.7687304508979194,-2.7947246871472333,17.017808496622493,False,10.164043713777005,0.0,0.731014781597257,45.0,90.0,0.16282635918244345,tilt,False
-0.04573747228534615,-0.16282635918244345,0.0017035899774345744,0.0,1.0,7.5200000000000005,FR,0.8594366408646358,True,True,-1.7709956506936908,-3.240417836419523,16.571214467569163,False,10.17552589029772,0.0,0.6651575490524253,45.0,90.0,0.16282635918244345,tilt,False
-0.04573747228534615,-0.16282635918244345,0.0023669078310247105,0.0,1.0,7.5200000000000005,RL,0.8594366408646358,True,True,-2.010742981886488,-0.6708252919651498,19.144510208269338,False,11.515046110918352,0.0,0.8741163263062343,45.0,90.0,0.16282635918244345,tilt,False
-0.04573747228534615,-0.16282635918244345,0.0018787131082933413,0.0,1.0,7.5200000000000005,RR,0.3594366408646358,False,False,-2.0057878121047743,-1.5982463551817914,18.216418713553704,False,11.484416829931906,0.0,0.9383795435928033,45.0,90.0,0.16282635918244345,tilt,False
-0.044205289372325214,-0.1608829907981511,0.0014147496162050946,0.0,1.0,7.54,FL,0.3594366408646358,False,False,-1.768821874805506,-2.786159240230356,17.02639336574441,False,10.164513307243679,0.0,0.7254655276055658,45.0,90.0,0.1608829907981511,tilt,False
-0.044205289372325214,-0.1608829907981511,0.0016424792605734047,0.0,1.0,7.54,FR,0.8594366408646358,True,True,-1.770870443545635,-3.2157302770387703,16.595958613780486,False,10.175238645127287,0.0,0.6618322114551458,45.0,90.0,0.1608829907981511,tilt,False
-0.044205289372325214,-0.1608829907981511,0.0022705109235460386,0.0,1.0,7.54,RL,0.8594366408646358,True,True,-2.0109247795540783,-0.7161648513524937,19.09915117849721,False,11.51456221483304,0.0,0.867563613280804,45.0,90.0,0.1608829907981511,tilt,False
-0.044205289372325214,-0.1608829907981511,0.0017955033653060915,0.0,1.0,7.54,RR,0.3594366408646358,False,False,-2.005724012272815,-1.6116497028253325,18.203003570477996,False,11.484775183263876,0.0,0.9294485451079941,45.0,90.0,0.1608829907981511,tilt,False
-0.042690920270057955,-0.15902770950514733,0.0013624337533684216,0.0,1.0,7.5600000000000005,FL,0.3594366408646358,False,False,-1.7689078495598844,-2.777974464089471,17.0345965205492,False,10.164658688743742,0.0,0.7200900340500447,45.0,90.0,0.15902770950514733,tilt,False
-0.042690920270057955,-0.15902770950514733,0.001584487658338015,0.0,1.0,7.5600000000000005,FR,0.8594366408646358,True,True,-1.770784344853258,-3.191986552416523,16.61975624848958,False,10.175412941181905,0.0,0.6586628166645397,45.0,90.0,0.15902770950514733,tilt,False
-0.042690920270057955,-0.15902770950514733,0.002181503094757818,0.0,1.0,7.5600000000000005,RL,0.8594366408646358,True,True,-2.0109928407467392,-0.7600248251052113,19.055271247906283,False,11.514116145362792,0.0,0.8612813873313899,45.0,90.0,0.15902770950514733,tilt,False
-0.042690920270057955,-0.15902770950514733,0.0017154314564852308,0.0,1.0,7.5600000000000005,RR,0.3594366408646358,False,False,-2.0057092492564466,-1.624701583645173,18.189940062959003,False,11.48506066066727,0.0,0.9209791572584669,45.0,90.0,0.15902770950514733,tilt,False
-0.04114686305883761,-0.15725035945836027,0.001313797202094635,0.0,1.0,7.58,FL,0.3594366408646358,False,False,-1.7689625428254745,-2.7702686224381905,17.042319508403153,False,10.16445048778767,0.0,0.714882974042082,45.0,90.0,0.15725035945836027,tilt,False
-0.04114686305883761,-0.15725035945836027,0.0015288456929900146,0.0,1.0,7.58,FR,0.8594366408646358,True,True,-1.7707593164705133,-3.1691486034033414,16.642645711447997,False,10.176131539152088,0.0,0.6556434835147066,45.0,90.0,0.15725035945836027,tilt,False
-0.04114686305883761,-0.15725035945836027,0.002097224714324534,0.0,1.0,7.58,RL,0.8594366408646358,True,True,-2.0109878352457256,-0.8025924846864589,19.012683155252656,False,11.513602008065572,0.0,0.8551780481776212,45.0,90.0,0.15725035945836027,tilt,False
-0.04114686305883761,-0.15725035945836027,0.0016399949347396098,0.0,1.0,7.58,RR,0.3594366408646358,False,False,-2.005723457469761,-1.6374170795786027,18.177213114441454,False,11.485155927876203,0.0,0.9130098006463677,45.0,90.0,0.15725035945836027,tilt,False
-0.039561254227585996,-0.15554045810549832,0.00126837603314663,0.0,1.0,7.6000000000000005,FL,0.3594366408646358,False,False,-1.7689755925077364,-2.763078415669605,17.049525604627927,False,10.164113287768156,0.0,0.7098486296135297,45.0,90.0,0.15554045810549832,tilt,False
-0.039561254227585996,-0.15554045810549832,0.0014750917458977858,0.0,1.0,7.6000000000000005,FR,0.8594366408646358,True,True,-1.7708059963067944,-3.147176846596388,16.664666791876225,False,10.177133897018038,0.0,0.6527589539529285,45.0,90.0,0.15554045810549832,tilt,False
-0.039561254227585996,-0.15554045810549832,0.0020164445584142277,0.0,1.0,7.6000000000000005,RL,0.8594366408646358,True,True,-2.0109376664939687,-0.8439682024204593,18.97128656046836,False,11.512935056167937,0.0,0.8492152697918338,45.0,90.0,0.15554045810549832,tilt,False
-0.039561254227585996,-0.15554045810549832,0.001569778589419089,0.0,1.0,7.6000000000000005,RR,0.3594366408646358,False,False,-2.0057414884094884,-1.6498088095793366,18.16481010688475,False,11.485178830786888,0.0,0.9055304098201457,45.0,90.0,0.15554045810549832,tilt,False
-0.03795268378473508,-0.15389125495224543,0.0012252447458790997,0.0,1.0,7.62,FL,0.3594366408646358,False,False,-1.7689542475604787,-2.7563759626267927,17.056242808332115,False,10.163707656014907,0.0,0.7049912258633818,45.0,90.0,0.15389125495224543,tilt,False
-0.03795268378473508,-0.15389125495224543,0.0014234095547924796,0.0,1.0,7.62,FR,0.8594366408646358,True,True,-1.7709151105133811,-3.1260501187488283,16.68584074838103,False,10.178310289437373,0.0,0.6499941560598489,45.0,90.0,0.15389125495224543,tilt,False
-0.03795268378473508,-0.15389125495224543,0.0019390340636680967,0.0,1.0,7.62,RL,0.8594366408646358,True,True,-2.0108539727831873,-0.8841855290649264,18.93104797481838,False,11.51215584457846,0.0,0.8434075252822635,45.0,90.0,0.15389125495224543,tilt,False
-0.03795268378473508,-0.15389125495224543,0.001503825510275751,0.0,1.0,7.62,RR,0.3594366408646358,False,False,-2.005754094424682,-1.6619008915558544,18.15270691015974,False,11.485167159726263,0.0,0.8984883454244473,45.0,90.0,0.15389125495224543,tilt,False
-0.03634187264468042,-0.1522988520934785,0.001183689929138942,0.0,1.0,7.640000000000001,FL,0.3594366408646358,False,False,-1.7689089719140696,-2.7501091702301292,17.062523364504063,False,10.16327689152436,0.0,0.7003090645278316,45.0,90.0,0.1522988520934785,tilt,False
-0.03634187264468042,-0.1522988520934785,0.0013738315548429583,0.0,1.0,7.640000000000001,FR,0.8594366408646358,True,True,-1.7710713116354873,-3.10574271801977,16.706193363454794,False,10.179570129518861,0.0,0.6473401049993295,45.0,90.0,0.1522988520934785,tilt,False
-0.03634187264468042,-0.1522988520934785,0.001865130976565981,0.0,1.0,7.640000000000001,RL,0.8594366408646358,True,True,-2.0107446067816994,-0.9232510236022347,18.891960915712634,False,11.511320225076686,0.0,0.8377728458239087,45.0,90.0,0.1522988520934785,tilt,False
-0.03634187264468042,-0.1522988520934785,0.0014414138778651975,0.0,1.0,7.640000000000001,RR,0.3594366408646358,False,False,-2.0057601177642415,-1.6737085531745473,18.140888292651727,False,11.485136170161681,0.0,0.8918315345005542,45.0,90.0,0.1522988520934785,tilt,False
-0.03474869761434089,-0.150761039779848,0.0011433765933620149,0.0,1.0,7.66,FL,0.3594366408646358,False,False,-1.7688498202906509,-2.744218022182686,17.06842744531856,False,10.162965293735112,0.0,0.6957983076217502,45.0,90.0,0.150761039779848,tilt,False
-0.03474869761434089,-0.150761039779848,0.0013262334140364692,0.0,1.0,7.66,FR,0.8594366408646358,True,True,-1.7712580935429594,-3.086222852462142,16.725756508561513,False,10.180726211516308,0.0,0.6447901556949797,45.0,90.0,0.150761039779848,tilt,False
-0.03474869761434089,-0.150761039779848,0.001794711610407394,0.0,1.0,7.66,RL,0.8594366408646358,True,True,-2.010617360028992,-0.9611605902631465,18.85402956167728,False,11.510424874036547,0.0,0.8323270671082816,45.0,90.0,0.150761039779848,tilt,False
-0.03474869761434089,-0.150761039779848,0.0013823356031228394,0.0,1.0,7.66,RR,0.3594366408646358,False,False,-2.0057612245279186,-1.685237558350105,18.129348495516023,False,11.485181896587463,0.0,0.8855114735379347,45.0,90.0,0.150761039779848,tilt,False
-0.03321656507076004,-0.14927472842591072,0.00110406067531654,0.0,1.0,7.68,FL,0.3594366408646358,False,False,-1.7687957853970218,-2.738617298076982,17.074040500050266,False,10.162895259528117,0.0,0.6914625374350096,45.0,90.0,0.14927472842591072,tilt,False
-0.03321656507076004,-0.14927472842591072,0.0012806285425342795,0.0,1.0,7.68,FR,0.8594366408646358,True,True,-1.7714495178303182,-3.067486582487112,16.744534107147622,False,10.181623881263514,0.0,0.6423304341491629,45.0,90.0,0.14927472842591072,tilt,False
-0.03321656507076004,-0.14927472842591072,0.0017292060539992385,0.0,1.0,7.68,RL,0.8594366408646358,True,True,-2.010474385172087,-0.9978861887173021,18.817282050437637,False,11.5094075056458,0.0,0.827115566237543,45.0,90.0,0.14927472842591072,tilt,False
-0.03321656507076004,-0.14927472842591072,0.001329536453402246,0.0,1.0,7.68,RR,0.3594366408646358,False,False,-2.0057677440725246,-1.6965140531679141,18.11806136027093,False,11.485393375531043,0.0,0.8794229549090251,45.0,90.0,0.14927472842591072,tilt,False
-0.03176763392795118,-0.14783763148092752,0.0010653204322607795,0.0,1.0,7.7,FL,0.3594366408646358,False,False,-1.7687604366422236,-2.7332381794716794,17.079431508010195,False,10.162920062834722,0.0,0.6872941493714306,45.0,90.0,0.14783763148092752,tilt,False
-0.03176763392795118,-0.14783763148092752,0.0012370730837968323,0.0,1.0,7.7,FR,0.8594366408646358,True,True,-1.7716257882268056,-3.0495222833817475,16.76253780768173,False,10.182394723205077,0.0,0.6399585317709735,45.0,90.0,0.14783763148092752,tilt,False
-0.03176763392795118,-0.14783763148092752,0.0016681885416923537,0.0,1.0,7.7,RL,0.8594366408646358,True,True,-2.0103154489585426,-1.0334142835837883,18.781732002440293,False,11.508362368990861,0.0,0.8221586894420695,45.0,90.0,0.14783763148092752,tilt,False
-0.03176763392795118,-0.14783763148092752,0.001280888782625457,0.0,1.0,7.7,RR,0.3594366408646358,False,False,-2.0057878205929565,-1.7075548970133734,18.107010023623044,False,11.485651860335372,0.0,0.8735022351869656,45.0,90.0,0.14783763148092752,tilt,False
-0.03039888261407654,-0.14644878909459633,0.001027445739563679,0.0,1.0,7.72,FL,0.3594366408646358,False,False,-1.7687442512837845,-2.728047334861341,17.084633860451316,False,10.163017528050547,0.0,0.6832822686398508,45.0,90.0,0.14644878909459633,tilt,False
-0.03039888261407654,-0.14644878909459633,0.0011951908736353893,0.0,1.0,7.72,FR,0.8594366408646358,True,True,-1.7717819426957584,-3.032288873260635,16.77980880365979,False,10.183056282676931,0.0,0.6376756852146571,45.0,90.0,0.14644878909459633,tilt,False
-0.03039888261407654,-0.14644878909459633,0.0016100128905776978,0.0,1.0,7.72,RL,0.8594366408646358,True,True,-2.0101453901081765,-1.067761725474653,18.74736263030027,False,11.507326596412932,0.0,0.8174449187146666,45.0,90.0,0.14644878909459633,tilt,False
-0.03039888261407654,-0.14644878909459633,0.0012339720182871295,0.0,1.0,7.72,RR,0.3594366408646358,False,False,-2.0058201119642662,-1.7183500163098289,18.09620457921803,False,11.485937180973254,0.0,0.8677415577251759,45.0,90.0,0.14644878909459633,tilt,False
-0.029103931136811687,-0.1451072998154859,0.0009907394531284799,0.0,1.0,7.74,FL,0.3594366408646358,False,False,-1.7687443634439928,-2.7230249669739255,17.089667384958375,False,10.163168003130048,0.0,0.6794192999874175,45.0,90.0,0.1451072998154859,tilt,False
-0.029103931136811687,-0.1451072998154859,0.0011547036971729047,0.0,1.0,7.74,FR,0.8594366408646358,True,True,-1.771918105948199,-3.015739708711867,16.79639386325128,False,10.183626967456682,0.0,0.6354802119449169,45.0,90.0,0.1451072998154859,tilt,False
-0.029103931136811687,-0.1451072998154859,0.0015540990340317676,0.0,1.0,7.74,RL,0.8594366408646358,True,True,-2.0099700932791413,-1.100955880109781,18.714146621243618,False,11.506314083391214,0.0,0.8129578422857258,45.0,90.0,0.1451072998154859,tilt,False
-0.029103931136811687,-0.1451072998154859,0.0011887090401799282,0.0,1.0,7.74,RR,0.3594366408646358,False,False,-2.0058613269196766,-1.7288838561480384,18.085660606096244,False,11.486243266648122,0.0,0.8621419502140503,45.0,90.0,0.1451072998154859,tilt,False
-0.027876097672040107,-0.14381210887342544,0.0009553093773033661,0.0,1.0,7.76,FL,0.3594366408646358,False,False,-1.7687573375438914,-2.7181574817836776,17.09454569406614,False,10.163353450152178,0.0,0.675699331386649,45.0,90.0,0.14381210887342544,tilt,False
-0.027876097672040107,-0.14381210887342544,0.001115486134646345,0.0,1.0,7.76,FR,0.8594366408646358,True,True,-1.7720362188687055,-2.9998305898837065,16.812337304470283,False,10.184125193781869,0.0,0.6333690930298623,45.0,90.0,0.14381210887342544,tilt,False
-0.027876097672040107,-0.14381210887342544,0.0015002189637861236,0.0,1.0,7.76,RL,0.8594366408646358,True,True,-2.009794038981938,-1.1330281123372379,18.68205265634008,False,11.505328270902409,0.0,0.8086813662637147,45.0,90.0,0.14381210887342544,tilt,False
-0.027876097672040107,-0.14381210887342544,0.0011451265371734535,0.0,1.0,7.76,RR,0.3594366408646358,False,False,-2.005908897728871,-1.739142792493431,18.075391749280566,False,11.48656837206933,0.0,0.8567050942137951,45.0,90.0,0.14381210887342544,tilt,False
-0.026708975126140858,-0.1425619994268302,0.0009211677327066205,0.0,1.0,7.78,FL,0.3594366408646358,False,False,-1.7687798396129815,-2.713434979408142,17.099278700015425,False,10.163558887751952,0.0,0.6721171529351219,45.0,90.0,0.1425619994268302,tilt,False
-0.026708975126140858,-0.1425619994268302,0.0010774842251568234,0.0,1.0,7.78,FR,0.8594366408646358,True,True,-1.7721389139299555,-2.9845219812486037,16.827678769219848,False,10.184567509144898,0.0,0.6313389457238925,45.0,90.0,0.1425619994268302,tilt,False
-0.026708975126140858,-0.1425619994268302,0.0014482547383570272,0.0,1.0,7.78,RL,0.8594366408646358,True,True,-2.0096199138355737,-1.1640116476379394,18.651047550070054,False,11.504367918727615,0.0,0.8046008046742426,45.0,90.0,0.1425619994268302,tilt,False
-0.026708975126140858,-0.1425619994268302,0.0011031866896976355,0.0,1.0,7.78,RR,0.3594366408646358,False,False,-2.0059612685341124,-1.7491171863781227,18.065407663691886,False,11.486911585631509,0.0,0.8514318548818505,45.0,90.0,0.1425619994268302,tilt,False
-0.02559667229087898,-0.1413556238442995,0.0008882897576110785,0.0,1.0,7.8,FL,0.3594366408646358,False,False,-1.7688088900860086,-2.7088501619264225,17.103873709376657,False,10.163772828024106,0.0,0.6686678787549737,45.0,90.0,0.1413556238442995,tilt,False
-0.02559667229087898,-0.1413556238442995,0.0010406710821694567,0.0,1.0,7.8,FR,0.8594366408646358,True,True,-1.7722289683370362,-2.9697792471749183,16.842452987179087,False,10.184967817346172,0.0,0.6293863934148227,45.0,90.0,0.1413556238442995,tilt,False
-0.02559667229087898,-0.1413556238442995,0.0013981244834348858,0.0,1.0,7.8,RL,0.8594366408646358,True,True,-2.0094489997424176,-1.193940693978053,18.621097129042738,False,11.50343013474611,0.0,0.8007030232198136,45.0,90.0,0.1413556238442995,tilt,False
-0.02559667229087898,-0.1413556238442995,0.001062823794623041,0.0,1.0,7.8,RR,0.3594366408646358,False,False,-2.0060175632564023,-1.758801554293369,18.055713843755772,False,11.487271531872738,0.0,0.8463220647626216,45.0,90.0,0.1413556238442995,tilt,False
-0.024533949055902126,-0.14019154535053796,0.0008566369199183216,0.0,1.0,7.82,FL,0.3594366408646358,False,False,-1.768841992408586,-2.704397653970809,17.108336103896608,False,10.163987150537988,0.0,0.6653468115207032,45.0,90.0,0.14019154535053796,tilt,False
-0.024533949055902126,-0.14019154535053796,0.0010050281598129927,0.0,1.0,7.82,FR,0.8594366408646358,True,True,-1.772308994389564,-2.95557218399305,16.856690244805044,False,10.185337148174977,0.0,0.6275081917241457,45.0,90.0,0.14019154535053796,tilt,False
-0.024533949055902126,-0.14019154535053796,0.001349758305475866,0.0,1.0,7.82,RL,0.8594366408646358,True,True,-2.009281693416895,-1.2228499004635975,18.59216677387612,False,11.502512026613832,0.0,0.7969763214281702,45.0,90.0,0.14019154535053796,tilt,False
-0.024533949055902126,-0.14019154535053796,0.0010239676378819603,0.0,1.0,7.82,RR,0.3594366408646358,False,False,-2.0060772343110274,-1.7681940700816043,18.04631212214953,False,11.48764601408155,0.0,0.8413746112393731,45.0,90.0,0.14019154535053796,tilt,False
-0.02351627676336403,-0.13906828033529497,0.0008261652898012465,0.0,1.0,7.84,FL,0.3594366408646358,False,False,-1.7688771832063828,-2.7000734558702035,17.11266988840365,False,10.164196670342916,0.0,0.6621493922119424,45.0,90.0,0.13906828033529497,tilt,False
-0.02351627676336403,-0.13906828033529497,0.0009705377791360538,0.0,1.0,7.84,FR,0.8594366408646358,True,True,-1.7723812694321848,-2.9418743386590562,16.870417068207825,False,10.185683744629262,0.0,0.6257012679529812,45.0,90.0,0.13906828033529497,tilt,False
-0.02351627676336403,-0.13906828033529497,0.0013030906404601175,0.0,1.0,7.84,RL,0.8594366408646358,True,True,-2.009117936050235,-1.2507739054289646,18.564221871689856,False,11.501611509926688,0.0,0.793410253100467,45.0,90.0,0.13906828033529497,tilt,False
-0.02351627676336403,-0.13906828033529497,0.0009865520065166868,0.0,1.0,7.84,RR,0.3594366408646358,False,False,-2.006139831188452,-1.7772958679757416,18.03720136757408,False,11.48803208205995,0.0,0.8365875946682,45.0,90.0,0.13906828033529497,tilt,False
-0.022539836954640714,-0.13798433613007405,0.0007968287216743596,0.0,1.0,7.86,FL,0.3594366408646358,False,False,-1.7689130209638595,-2.6958744754736648,17.116878159780583,False,10.16439855948907,0.0,0.6590711795278758,45.0,90.0,0.13798433613007405,tilt,False
-0.022539836954640714,-0.13798433613007405,0.0009371802860331417,0.0,1.0,7.86,FR,0.8594366408646358,True,True,-1.7724476593608331,-2.92866231538649,16.883656918083503,False,10.18601335893954,0.0,0.6239627297411009,45.0,90.0,0.13798433613007405,tilt,False
-0.022539836954640714,-0.13798433613007405,0.001258058196034424,0.0,1.0,7.86,RL,0.8594366408646358,True,True,-2.0089575081759374,-1.2777469374841457,18.537228215652217,False,11.500727577669801,0.0,0.7899954484298316,45.0,90.0,0.13798433613007405,tilt,False
-0.022539836954640714,-0.13798433613007405,0.000950516681319887,0.0,1.0,7.86,RR,0.3594366408646358,False,False,-2.0062048837467783,-1.7861103407327341,18.02837818742043,False,11.488426276279421,0.0,0.8319584886133262,45.0,90.0,0.13798433613007405,tilt,False
-0.0216014728056953,-0.136938241364198,0.0007685804134762996,0.0,1.0,7.88,FL,0.3594366408646358,False,False,-1.7689485311086877,-2.691798143579418,17.120963492099133,False,10.16459173514478,0.0,0.6561078410488604,45.0,90.0,0.136938241364198,tilt,False
-0.0216014728056953,-0.136938241364198,0.0009049331759810367,0.0,1.0,7.88,FR,0.8594366408646358,True,True,-1.772509606359343,-2.9159151543711737,16.89643081240865,False,10.186329674653766,0.0,0.6222898613461774,45.0,90.0,0.136938241364198,tilt,False
-0.0216014728056953,-0.136938241364198,0.001214599709147505,0.0,1.0,7.88,RL,0.8594366408646358,True,True,-2.008800203981302,-1.3038024848696963,18.511152336180118,False,11.499860242159441,0.0,0.7867234562087267,45.0,90.0,0.136938241364198,tilt,False
-0.0216014728056953,-0.136938241364198,0.0009158070512797201,0.0,1.0,7.88,RR,0.3594366408646358,False,False,-2.0062718640386086,-1.7946425146512963,18.019837553466598,False,11.488824920001717,0.0,0.8274842821484627,45.0,90.0,0.136938241364198,tilt,False
-0.02069860873130352,-0.1359285678209486,0.000741373972525203,0.0,1.0,7.9,FL,0.3594366408646358,False,False,-1.7689831258458146,-2.687842122016889,17.124928228882162,False,10.164776289593531,0.0,0.6532551505597846,45.0,90.0,0.1359285678209486,tilt,False
-0.02069860873130352,-0.1359285678209486,0.0008737711064230044,0.0,1.0,7.9,FR,0.8594366408646358,True,True,-1.7725681594530154,-2.9036138136004226,16.90875784584702,False,10.186634782279677,0.0,0.6206801136368096,45.0,90.0,0.1359285678209486,tilt,False
-0.02069860873130352,-0.1359285678209486,0.0011726561781941,0.0,1.0,7.9,RL,0.8594366408646358,True,True,-2.0086459145848004,-1.3289730487007525,18.485961748174883,False,11.499010302643763,0.0,0.7835866094192643,45.0,90.0,0.1359285678209486,tilt,False
-0.02069860873130352,-0.1359285678209486,0.0008823730326031892,0.0,1.0,7.9,RR,0.3594366408646358,False,False,-2.006340193173854,-1.8028985320530273,18.01157331999713,False,11.489224392272606,0.0,0.8231616000163731,45.0,90.0,0.1359285678209486,tilt,False
-0.019829152992433877,-0.1349539441045733,0.0007151642638704781,0.0,1.0,7.92,FL,0.3594366408646358,False,False,-1.7690165146137389,-2.684004103589467,17.12877468331528,False,10.164953005583763,0.0,0.6505089894442678,45.0,90.0,0.1349539441045733,tilt,False
-0.019829152992433877,-0.1349539441045733,0.0008436663196818483,0.0,1.0,7.92,FR,0.8594366408646358,True,True,-1.7726240310657406,-2.8917407582530403,16.920655601353555,False,10.186929648480456,0.0,0.6191310903125069,45.0,90.0,0.1349539441045733,tilt,False
-0.019829152992433877,-0.1349539441045733,0.0011321711130571131,0.0,1.0,7.92,RL,0.8594366408646358,True,True,-2.008494649783893,-1.3532899833787333,18.461625110998774,False,11.498179046930478,0.0,0.7805779126762988,45.0,90.0,0.1349539441045733,tilt,False
-0.019829152992433877,-0.1349539441045733,0.0008501679410207778,0.0,1.0,7.92,RR,0.3594366408646358,False,False,-2.006409269301894,-1.8108852457802693,18.003578629786215,False,11.489621348728562,0.0,0.8189868015912066,45.0,90.0,0.1349539441045733,tilt,False
-0.01899139601841672,-0.13401306233268306,0.0006899080653185908,0.0,1.0,7.94,FL,0.3594366408646358,False,False,-1.7690486170398763,-2.68028169330475,17.132505257025198,False,10.165122976073237,0.0,0.6478653508089884,45.0,90.0,0.13401306233268306,tilt,False
-0.01899139601841672,-0.13401306233268306,0.0008145892361580121,0.0,1.0,7.94,FR,0.8594366408646358,True,True,-1.7726776660634929,-2.880279648619841,16.93214046306059,False,10.187214534940345,0.0,0.6176405319833699,45.0,90.0,0.13401306233268306,tilt,False
-0.01899139601841672,-0.13401306233268306,0.001093090670835635,0.0,1.0,7.94,RL,0.8594366408646358,True,True,-2.008346522944394,-1.3767834159891488,18.43811230937593,False,11.497367958773781,0.0,0.7776909487043961,45.0,90.0,0.13401306233268306,tilt,False
-0.01899139601841672,-0.13401306233268306,0.0008191475508952949,0.0,1.0,7.94,RR,0.3594366408646358,False,False,-2.0064785015097355,-1.818609916550789,17.99584621711174,False,11.490012877278673,0.0,0.8149560611139102,45.0,90.0,0.13401306233268306,tilt,False
-0.018183914211235597,-0.13310467950167307,0.0006655645097303684,0.0,1.0,7.96,FL,0.3594366408646358,False,False,-1.76907948611945,-2.676672354458745,17.136122493904924,False,10.165287330276259,0.0,0.6453203450921458,45.0,90.0,0.13310467950167307,tilt,False
-0.018183914211235597,-0.13310467950167307,0.0007865090817341539,0.0,1.0,7.96,FR,0.8594366408646358,True,True,-1.7727293127782033,-2.8692151111620774,16.943227845852856,False,10.187489340373208,0.0,0.6162062995147662,45.0,90.0,0.13310467950167307,tilt,False
-0.018183914211235597,-0.13310467950167307,0.001055363663624951,0.0,1.0,7.96,RL,0.8594366408646358,True,True,-2.0082017177920943,-1.3994822295234668,18.415394470391064,False,11.496578473225673,0.0,0.7749198009086743,45.0,90.0,0.13310467950167307,tilt,False
-0.018183914211235597,-0.13310467950167307,0.0007892694047368544,0.0,1.0,7.96,RR,0.3594366408646358,False,False,-2.0065473408687993,-1.8260799973969337,17.9883686235857,False,11.490396588133278,0.0,0.8110654319674223,45.0,90.0,0.13310467950167307,tilt,False
-0.017405485818522626,-0.13222761523000373,0.0006420953122633124,0.0,1.0,7.98,FL,0.3594366408646358,False,False,-1.7691092457068485,-2.6731734013182815,17.1396290872867,False,10.165447056858769,0.0,0.642870205983767,45.0,90.0,0.13222761523000373,tilt,False
-0.017405485818522626,-0.13222761523000373,0.0007593944717957607,0.0,1.0,7.98,FR,0.8594366408646358,True,True,-1.7727790884369647,-2.85853257545161,16.953932358916,False,10.187753854968253,0.0,0.6148263578584103,45.0,90.0,0.13222761523000373,tilt,False
-0.017405485818522626,-0.13222761523000373,0.0010189414629219284,0.0,1.0,7.98,RL,0.8594366408646358,True,True,-2.0080604502399484,-1.4214140921992475,18.393443934330474,False,11.49581179945997,0.0,0.7722589893353782,45.0,90.0,0.13222761523000373,tilt,False
-0.017405485818522626,-0.13222761523000373,0.0007604923638377642,0.0,1.0,7.98,RR,0.3594366408646358,False,False,-2.006615304209029,-1.833302987292975,17.981138344715582,False,11.490770645145089,0.0,0.8073108976429423,45.0,90.0,0.13222761523000373,tilt,False
-0.016655022478266803,-0.1313807473929659,0.000619464805533128,0.0,1.0,8.0,FL,0.3594366408646358,False,False,-1.7691380436113298,-2.669782021307417,17.143027857592056,False,10.1656029088438,0.0,0.6405112956700953,45.0,90.0,0.1313807473929659,tilt,False
-0.016655022478266803,-0.1313807473929659,0.0007332139088215044,0.0,1.0,8.0,FR,0.8594366408646358,True,True,-1.7728270342495938,-2.8482181605426,16.964267919735985,False,10.188007929183684,0.0,0.6134987613288064,45.0,90.0,0.1313807473929659,tilt,False
-0.016655022478266803,-0.1313807473929659,0.000983777834776195,0.0,1.0,8.0,RL,0.8594366408646358,True,True,-2.007922933571264,-1.4426055158849385,18.37223419637666,False,11.495068814313756,0.0,0.7697034176450619,45.0,90.0,0.1313807473929659,tilt,False
-0.016655022478266803,-0.1313807473929659,0.000732776360844158,0.0,1.0,8.0,RR,0.3594366408646358,False,False,-2.0066819890492344,-1.840286336739317,17.974147924444452,False,11.49113374959134,0.0,0.803688411795765,45.0,90.0,0.1313807473929659,tilt,False
-0.015931517526665738,-0.13056300684437974,0.000597639823728888,0.0,1.0,8.02,FL,0.3594366408646358,False,False,-1.769166019630352,-2.666495312483988,17.14632171469906,False,10.165755372059653,0.0,0.6382401086858202,45.0,90.0,0.13056300684437974,tilt,False
-0.015931517526665738,-0.13056300684437974,0.0007079361767594662,0.0,1.0,8.02,FR,0.8594366408646358,True,True,-1.7728731579073898,-2.838258596563819,16.974247832785466,False,10.188251567447816,0.0,0.6122216409665564,45.0,90.0,0.13056300684437974,tilt,False
-0.015931517526665738,-0.13056300684437974,0.0009498287368398976,0.0,1.0,8.02,RL,0.8594366408646358,True,True,-2.007789351463056,-1.463081929287735,18.351739833514348,False,11.49435001923907,0.0,0.7672483290569871,45.0,90.0,0.13056300684437974,tilt,False
-0.015931517526665738,-0.13056300684437974,0.0007060823045550352,0.0,1.0,8.02,RR,0.3594366408646358,False,False,-2.0067470798885054,-1.8470373902943344,17.967390012695738,False,11.491485089232192,0.0,0.8001939294917165,45.0,90.0,0.13056300684437974,tilt,False
-0.015234010256469433,-0.1297733720698921,0.0005765894839178231,0.0,1.0,8.040000000000001,FL,0.3594366408646358,False,False,-1.7691932866070978,-2.6633103256820214,17.149513615666475,False,10.16590467875007,0.0,0.6360532739593834,45.0,90.0,0.1297733720698921,tilt,False
-0.015234010256469433,-0.1297733720698921,0.0006835306320985827,0.0,1.0,8.040000000000001,FR,0.8594366408646358,True,True,-1.7729174632468667,-2.828641170149037,16.983884844301226,False,10.188484962135108,0.0,0.6109931943087524,45.0,90.0,0.1297733720698921,tilt,False
-0.015234010256469433,-0.1297733720698921,0.0009170521034024082,0.0,1.0,8.040000000000001,RL,0.8594366408646358,True,True,-2.0076598404762462,-1.4828677550641767,18.331936427500747,False,11.493655547553182,0.0,0.764889269543084,45.0,90.0,0.1297733720698921,tilt,False
-0.015234010256469433,-0.1297733720698921,0.0006803720870157242,0.0,1.0,8.040000000000001,RR,0.3594366408646358,False,False,-2.006810347086236,-1.853563353942215,17.960857398047345,False,11.49182426540129,0.0,0.7968234314381877,45.0,90.0,0.1297733720698921,tilt,False
-0.014561564042312626,-0.12901086429467226,0.0005562849118799385,0.0,1.0,8.06,FL,0.3594366408646358,False,False,-1.7692199219735762,-2.6602241042230497,17.15260652492037,False,10.166050849550375,0.0,0.633947554918235,45.0,90.0,0.12901086429467226,tilt,False
-0.014561564042312626,-0.12901086429467226,0.0006599674016909463,0.0,1.0,8.06,FR,0.8594366408646358,True,True,-1.7729599682667283,-2.8193536851638115,16.99319118171317,False,10.18870848476513,0.0,0.6098116776037633,45.0,90.0,0.12901086429467226,tilt,False
-0.014561564042312626,-0.12901086429467226,0.0008854076375600746,0.0,1.0,8.06,RL,0.8594366408646358,True,True,-2.0075344817101284,-1.5019864835525802,18.312800491210275,False,11.492985206778023,0.0,0.7626220568450339,45.0,90.0,0.12901086429467226,tilt,False
-0.014561564042312626,-0.12901086429467226,0.0006556086490755226,0.0,1.0,8.06,RR,0.3594366408646358,False,False,-2.0068716400691162,-1.8598712781437745,17.95454302470019,False,11.492151209609707,0.0,0.7935729426947511,45.0,90.0,0.12901086429467226,tilt,False
-0.013913255560003336,-0.12827454330753643,0.0005366989526207031,0.0,1.0,8.08,FL,0.3594366408646358,False,False,-1.7692459670436076,-2.6572337171642952,17.15560338093589,False,10.166193749634008,0.0,0.6319198477504765,45.0,90.0,0.12827454330753643,tilt,False
-0.013913255560003336,-0.12827454330753643,0.0006372175032313798,0.0,1.0,8.08,FR,0.8594366408646358,True,True,-1.7730007135523147,-2.810384432700201,17.002178583767826,False,10.188922650560123,0.0,0.6086754002881452,45.0,90.0,0.12827454330753643,tilt,False
-0.013913255560003336,-0.12827454330753643,0.0008548566228808195,0.0,1.0,8.08,RL,0.8594366408646358,True,True,-2.0074133001454117,-1.5204607389237221,18.29430940256185,False,11.492338541341615,0.0,0.760442754154275,45.0,90.0,0.12827454330753643,tilt,False
-0.013913255560003336,-0.12827454330753643,0.0006317560689340803,0.0,1.0,8.08,RR,0.3594366408646358,False,False,-2.0069308767427656,-1.8659680500796791,17.94844000024002,False,11.492466099116802,0.0,0.7904385470792012,45.0,90.0,0.12827454330753643,tilt,False
-0.01328817211909132,-0.1275635040741307,0.0005178058958607766,0.0,1.0,8.1,FL,0.3594366408646358,False,False,-1.7692714314566718,-2.654336284417455,17.15850707107777,False,10.166333147991798,0.0,0.629967178081867,45.0,90.0,0.1275635040741307,tilt,False
-0.01328817211909132,-0.1275635040741307,0.0006152529052941892,0.0,1.0,8.1,FR,0.8594366408646358,True,True,-1.7730397635344965,-2.801722166366174,17.01085832533083,False,10.189128070146769,0.0,0.6075827213962748,45.0,90.0,0.1275635040741307,tilt,False
-0.01328817211909132,-0.1275635040741307,0.0008253617619417945,0.0,1.0,8.1,RL,0.8594366408646358,True,True,-2.0072962696619094,-1.5383123359803825,18.276441347800287,False,11.491714903061128,0.0,0.7583476475289213,45.0,90.0,0.1275635040741307,tilt,False
-0.01328817211909132,-0.1275635040741307,0.000608779648301888,0.0,1.0,8.1,RR,0.3594366408646358,False,False,-2.0069880308760424,-1.871860390784557,17.94254159850008,False,11.492769278551064,0.0,0.7874163982340939,45.0,90.0,0.1275635040741307,tilt,False
-0.012685414281003601,-0.1268768740897153,0.0004995812365204436,0.0,1.0,8.120000000000001,FL,0.3594366408646358,False,False,-1.7692963005075322,-2.651528993735882,17.16132041459622,False,10.16646877202328,0.0,0.6280866964213034,45.0,90.0,0.1268768740897153,tilt,False
-0.012685414281003601,-0.1268768740897153,0.0005940465440646251,0.0,1.0,8.120000000000001,FR,0.8594366408646358,True,True,-1.7730772029971518,-2.793356080439697,17.01924123930741,False,10.189325399052107,0.0,0.6065320474957852,45.0,90.0,0.1268768740897153,tilt,False
-0.012685414281003601,-0.1268768740897153,0.0007968870446224194,0.0,1.0,8.120000000000001,RL,0.8594366408646358,True,True,-2.007183321621933,-1.555562327556461,18.25917527418125,False,11.491113519762884,0.0,0.7563332263219402,45.0,90.0,0.1268768740897153,tilt,False
-0.012685414281003601,-0.1268768740897153,0.000586645979121991,0.0,1.0,8.120000000000001,RR,0.3594366408646358,False,False,-2.00704311897135,-1.8775548545343494,17.93684126016714,False,11.493061192271167,0.0,0.7845027281018871,45.0,90.0,0.1268768740897153,tilt,False
-0.012104101325240023,-0.12621381135579993,0.0004820014802060935,0.0,1.0,8.14,FL,0.3594366408646358,False,False,-1.7693205435378723,-2.6488091105735627,17.164046152768552,False,10.166600352602673,0.0,0.6262756727613383,45.0,90.0,0.12621381135579993,tilt,False
-0.012104101325240023,-0.12621381135579993,0.0005735723108366381,0.0,1.0,8.14,FR,0.8594366408646358,True,True,-1.7731131309755703,-2.7852757895428586,17.02733773703182,False,10.189515292349753,0.0,0.6055218317236917,45.0,90.0,0.12621381135579993,tilt,False
-0.012104101325240023,-0.12621381135579993,0.000769397645483125,0.0,1.0,8.14,RL,0.8594366408646358,True,True,-2.007074355112354,-1.5722310435208748,18.242490851053006,False,11.49053355553305,0.0,0.7543961660611348,45.0,90.0,0.12621381135579993,tilt,False
-0.012104101325240023,-0.12621381135579993,0.0005653229828649505,0.0,1.0,8.14,RR,0.3594366408646358,False,False,-2.0070961877902174,-1.883057829041107,17.931332592579142,False,11.493342329963255,0.0,0.7816938533761322,45.0,90.0,0.12621381135579993,tilt,False
-0.011543377642352214,-0.12557350284014374,0.00046504399627115065,0.0,1.0,8.16,FL,0.3594366408646358,False,False,-1.7693441220580537,-2.64617398231479,17.166686944681796,False,10.166727657341301,0.0,0.6245314907059982,45.0,90.0,0.12557350284014374,tilt,False
-0.011543377642352214,-0.12557350284014374,0.0005538050221275731,0.0,1.0,8.16,FR,0.8594366408646358,True,True,-1.7731476537652946,-2.77747130920147,17.03515782776481,False,10.189698368756597,0.0,0.604550573524954,45.0,90.0,0.12557350284014374,tilt,False
-0.011543377642352214,-0.12557350284014374,0.0007428598474692128,0.0,1.0,8.16,RL,0.8594366408646358,True,True,-2.0069692473193466,-1.5883381229211333,18.22636843779847,False,11.489974158994356,0.0,0.7525333133549764,45.0,90.0,0.12557350284014374,tilt,False
-0.011543377642352214,-0.12557350284014374,0.0005447799195717745,0.0,1.0,8.16,RR,0.3594366408646358,False,False,-2.007147303347237,-1.8883755357758103,17.926009369396006,False,11.493613186143744,0.0,0.7789861803513324,45.0,90.0,0.12557350284014374,tilt,False
-0.011002418683478269,-0.12495516328257543,0.00044868691489037733,0.0,1.0,8.18,FL,0.3594366408646358,False,False,-1.7693669967188754,-2.6436210384847594,17.169245367040055,False,10.166850511734973,0.0,0.622851641450737,45.0,90.0,0.12495516328257543,tilt,False
-0.011002418683478269,-0.12495516328257543,0.000534720380866666,0.0,1.0,8.18,FR,0.8594366408646358,True,True,-1.7731808782849994,-2.7699330370727115,17.042711137519156,False,10.189875185941219,0.0,0.603616818752086,45.0,90.0,0.12495516328257543,tilt,False
-0.011002418683478269,-0.12495516328257543,0.0007172409874664338,0.0,1.0,8.18,RL,0.8594366408646358,True,True,-2.0068678629460814,-1.6039025409347873,18.210789056966814,False,11.489434498393779,0.0,0.750741672501871,45.0,90.0,0.12495516328257543,tilt,False
-0.011002418683478269,-0.12495516328257543,0.0005249873691578473,0.0,1.0,8.18,RR,0.3594366408646358,False,False,-2.0071965418415676,-1.8935140302152944,17.920865530347942,False,11.493874232830017,0.0,0.7763762084825638,45.0,90.0,0.12495516328257543,tilt,False
-0.010480435614807125,-0.1243580342279334,0.00043290906144547125,0.0,1.0,8.2,FL,0.3594366408646358,False,False,-1.769389132667429,-2.641147788419149,17.171723916515152,False,10.16696880930765,0.0,0.6212337178730563,45.0,90.0,0.1243580342279334,tilt,False
-0.010480435614807125,-0.1243580342279334,0.0005162949349238707,0.0,1.0,8.2,FR,0.8594366408646358,True,True,-1.7732129065815907,-2.762651734841068,17.050006927215133,False,10.190046226896108,0.0,0.6027191598572066,45.0,90.0,0.1243580342279334,tilt,False
-0.010480435614807125,-0.1243580342279334,0.0006925094192431196,0.0,1.0,8.2,RL,0.8594366408646358,True,True,-2.006770062014683,-1.6189426321807225,18.19573437104131,False,11.48891378407283,0.0,0.7490183935579299,45.0,90.0,0.1243580342279334,tilt,False
-0.010480435614807125,-0.1243580342279334,0.0005059171899062145,0.0,1.0,8.2,RR,0.3594366408646358,False,False,-2.0072439827017488,-1.8984792020484524,17.915895181026613,False,11.494125903688865,0.0,0.7738605328835377,45.0,90.0,0.1243580342279334,tilt,False
-0.009976678267889772,-0.12378138319329243,0.0004176899195673606,0.0,1.0,8.22,FL,0.3594366408646358,False,False,-1.76941050313964,-2.638751817606061,17.174125013423858,False,10.167082512709914,0.0,0.6196754089193036,45.0,90.0,0.12378138319329243,tilt,False
-0.009976678267889772,-0.12378138319329243,0.0004985060367622432,0.0,1.0,8.22,FR,0.8594366408646358,True,True,-1.7732438318607755,-2.7556185108701947,17.057054110079005,False,10.190211895943323,0.0,0.6018562359848958,45.0,90.0,0.12378138319329243,tilt,False
-0.009976678267889772,-0.12378138319329243,0.0006686344882799587,0.0,1.0,8.22,RL,0.8594366408646358,True,True,-2.0066757057634157,-1.6334761116685235,18.181186661563622,False,11.488411280048894,0.0,0.7473607616740848,45.0,90.0,0.12378138319329243,tilt,False
-0.009976678267889772,-0.12378138319329243,0.0004875424602328881,0.0,1.0,8.22,RR,0.3594366408646358,False,False,-2.0072897036934254,-1.9032767754774935,17.91109259258331,False,11.494368587446779,0.0,0.7714358459335248,45.0,90.0,0.12378138319329243,tilt,False
-0.009490436320798391,-0.12322450290330995,0.00040300961404323853,0.0,1.0,8.24,FL,0.3594366408646358,False,False,-1.7694310913804814,-2.6364307835973837,17.176451005833176,False,10.167191648118374,0.0,0.6181744944028053,45.0,90.0,0.12322450290330995,tilt,False
-0.009490436320798391,-0.12322450290330995,0.0004813318062911309,0.0,1.0,8.24,FR,0.8594366408646358,True,True,-1.7732737361178113,-2.7488248037095993,17.06386126818613,False,10.190372522245983,0.0,0.6010267328466333,45.0,90.0,0.12322450290330995,tilt,False
-0.009490436320798391,-0.12322450290330995,0.0006455865145556971,0.0,1.0,8.24,RL,0.8594366408646358,True,True,-2.006584660643181,-1.647520094359742,18.16712880964047,False,11.487926307053552,0.0,0.745766187552089,45.0,90.0,0.12322450290330995,tilt,False
-0.009490436320798391,-0.12322450290330995,0.00046983741052234915,0.0,1.0,8.24,RR,0.3594366408646358,False,False,-2.0073337778634195,-1.9079123097619917,17.906452201186035,False,11.494602628143822,0.0,0.7690989381242339,45.0,90.0,0.12322450290330995,tilt,False
-0.009021038885346912,-0.12268671055129127,0.0003888489056681943,0.0,1.0,8.26,FL,0.3594366408646358,False,False,-1.7694508911469848,-2.634182412085014,17.17870417349716,False,10.167296295323723,0.0,0.6167288402671584,45.0,90.0,0.12268671055129127,tilt,False
-0.009021038885346912,-0.12268671055129127,0.0004647510977757684,0.0,1.0,8.26,FR,0.8594366408646358,True,True,-1.7733026892303403,-2.7422623665272345,17.070436668077125,False,10.190528368471991,0.0,0.6002293823196574,45.0,90.0,0.12268671055129127,tilt,False
-0.009021038885346912,-0.12268671055129127,0.0006233367789478137,0.0,1.0,8.26,RL,0.8594366408646358,True,True,-2.0064968006122257,-1.6610911139932107,18.153544277179186,False,11.487458239528621,0.0,0.7442321988948402,45.0,90.0,0.12268671055129127,tilt,False
-0.009021038885346912,-0.12268671055129127,0.00045277735066069695,0.0,1.0,8.26,RR,0.3594366408646358,False,False,-2.007376272011599,-1.9123912001237018,17.901968607117002,False,11.494828329932783,0.0,0.7668466982524136,45.0,90.0,0.12268671055129127,tilt,False
-0.008567852819126483,-0.12216734706261105,0.0003751891915334154,0.0,1.0,8.28,FL,0.3594366408646358,False,False,-1.769469906116393,-2.6320044934716944,17.180886731295924,False,10.16739657564081,0.0,0.6153363943197798,45.0,90.0,0.12216734706261105,tilt,False
-0.008567852819126483,-0.12216734706261105,0.00044874347095800896,0.0,1.0,8.28,FR,0.8594366408646358,True,True,-1.773330749230133,-2.7359232525061143,17.07678827540912,False,10.190679642348384,0.0,0.5994629617617104,45.0,90.0,0.12216734706261105,tilt,False
-0.008567852819126483,-0.12216734706261105,0.0006018575107643874,0.0,1.0,8.28,RL,0.8594366408646358,True,True,-2.006412008047086,-1.6742051415653998,18.140417088462534,False,11.487006498930151,0.0,0.7427564327434173,45.0,90.0,0.12216734706261105,tilt,False
-0.008567852819126483,-0.12216734706261105,0.00043633859822629346,0.0,1.0,8.28,RR,0.3594366408646358,False,False,-2.0074172463240005,-1.9167186790849526,17.897636573437456,False,11.49504596438057,0.0,0.7646761130482596,45.0,90.0,0.12216734706261105,tilt,False
-0.008130280142985868,-0.12166577635101478,0.00036201250576202643,0.0,1.0,8.3,FL,0.3594366408646358,False,False,-1.7694881485551748,-2.629894880069993,17.18300083204336,False,10.167492639401623,0.0,0.6139951824058673,45.0,90.0,0.12166577635101478,tilt,False
-0.008130280142985868,-0.12166577635101478,0.0004332891658824404,0.0,1.0,8.3,FR,0.8594366408646358,True,True,-1.7733579634289787,-2.729799801198227,17.08292376864818,False,10.190826509202065,0.0,0.5987262930675751,45.0,90.0,0.12166577635101478,tilt,False
-0.008130280142985868,-0.12166577635101478,0.0005811218740757161,0.0,1.0,8.3,RL,0.8594366408646358,True,True,-2.0063301736343715,-1.6868776036459594,18.127731811882015,False,11.486570545324815,0.0,0.7413366286044023,45.0,90.0,0.12166577635101478,tilt,False
-0.008130280142985868,-0.12166577635101478,0.0004204984107684081,0.0,1.0,8.3,RR,0.3594366408646358,False,False,-2.007456754816523,-1.9208998182675234,17.893451024192508,False,11.495255778643035,0.0,0.76258426632011,45.0,90.0,0.12166577635101478,tilt,False
-0.0077077549438179516,-0.12118138456736417,0.00034930151765669577,0.0,1.0,8.32,FL,0.3594366408646358,False,False,-1.7695056375735922,-2.627851483918576,17.185048568675068,False,10.167584654323589,0.0,0.6127033049711724,45.0,90.0,0.12118138456736417,tilt,False
-0.0077077549438179516,-0.12118138456736417,0.0004183690806634355,0.0,1.0,8.32,FR,0.8594366408646358,True,True,-1.7733843700596523,-2.723884625806687,17.08885055183137,False,10.190969104004957,0.0,0.5980182415143966,45.0,90.0,0.12118138456736417,tilt,False
-0.0077077549438179516,-0.12118138456736417,0.0005611039513854241,0.0,1.0,8.32,RL,0.8594366408646358,True,True,-2.0062511955934794,-1.6991234005597557,18.115473541799496,False,11.486149868801178,0.0,0.7399706222789205,45.0,90.0,0.12118138456736417,tilt,False
-0.0077077549438179516,-0.12118138456736417,0.00040523492450985455,0.0,1.0,8.32,RR,0.3594366408646358,False,False,-2.0074948462593527,-1.9249395306434498,17.889407042163736,False,11.49545800329675,0.0,0.7605683376896598,45.0,90.0,0.12118138456736417,tilt,False
-0.0072997400988161695,-0.1207135793455719,0.00033703952542399015,0.0,1.0,8.34,FL,0.3594366408646358,False,False,-1.7695223972450727,-2.6258722751236823,17.187031975909715,False,10.167672795593248,0.0,0.6114589339517011,45.0,90.0,0.1207135793455719,tilt,False
-0.0072997400988161695,-0.1207135793455719,0.00040396475161654866,0.0,1.0,8.34,FR,0.8594366408646358,True,True,-1.7734100001416466,-2.718170601344657,17.094575766450173,False,10.19110754193932,0.0,0.5973377144524895,45.0,90.0,0.1207135793455719,tilt,False
-0.0072997400988161695,-0.1207135793455719,0.0005417787247165072,0.0,1.0,8.34,RL,0.8594366408646358,True,True,-2.0061749785467016,-1.7109569243812135,18.10362788059183,False,11.485743981745083,0.0,0.7386563403111348,45.0,90.0,0.1207135793455719,tilt,False
-0.0072997400988161695,-0.1207135793455719,0.00039052710037487713,0.0,1.0,8.34,RR,0.3594366408646358,False,False,-2.0075315653232395,-1.9288425731999113,17.885499866207823,False,11.495652859051386,0.0,0.7586256009870966,45.0,90.0,0.1207135793455719,tilt,False
-0.0069057240889514706,-0.12026178905260665,0.0003252104450536381,0.0,1.0,8.36,FL,0.3594366408646358,False,False,-1.7695384548035604,-2.6239552805910162,17.188953031518743,False,10.167757238093593,0.0,0.6102603099271308,45.0,90.0,0.12026178905260665,tilt,False
-0.0069057240889514706,-0.12026178905260665,0.0003900583348279866,0.0,1.0,8.36,FR,0.8594366408646358,True,True,-1.7734348793306716,-2.7126508536048437,17.100106302520338,False,10.191241926919195,0.0,0.5966836598991588,45.0,90.0,0.12026178905260665,tilt,False
-0.0069057240889514706,-0.12026178905260665,0.000523122053120947,0.0,1.0,8.36,RL,0.8594366408646358,True,True,-2.0061014322805546,-1.7223920766380116,18.09218092098193,False,11.485352412581621,0.0,0.7373917949798051,45.0,90.0,0.12026178905260665,tilt,False
-0.0069057240889514706,-0.12026178905260665,0.0003763546777382811,0.0,1.0,8.36,RR,0.3594366408646358,False,False,-2.0075669537372547,-1.932613549970489,17.88172488822791,False,11.495840561918214,0.0,0.7567534223709383,45.0,90.0,0.12026178905260665,tilt,False
-0.006525218091409677,-0.11982546204964875,0.00031379879445594917,0.0,1.0,8.38,FL,0.3594366408646358,False,False,-1.7695538390621288,-2.62209858301261,17.19081365734104,False,10.167838150864643,0.0,0.6091057394798267,45.0,90.0,0.11982546204964875,tilt,False
-0.006525218091409677,-0.11982546204964875,0.00037663258895359386,0.0,1.0,8.38,FR,0.8594366408646358,True,True,-1.773459029589572,-2.7073187488740427,17.105448808904598,False,10.191372357893833,0.0,0.5960550650877104,45.0,90.0,0.11982546204964875,tilt,False
-0.006525218091409677,-0.11982546204964875,0.0005051106481364,0.0,1.0,8.38,RL,0.8594366408646358,True,True,-2.0060304705791823,-1.7334422856176146,18.081119228763832,False,11.484974701227607,0.0,0.7361750797626173,45.0,90.0,0.11982546204964875,tilt,False
-0.006525218091409677,-0.11982546204964875,0.0003626981350121706,0.0,1.0,8.38,RR,0.3594366408646358,False,False,-2.007601051323058,-1.9362569153685976,17.878077649842684,False,11.49602132672301,0.0,0.7549492582322817,45.0,90.0,0.11982546204964875,tilt,False
-0.00615775346464909,-0.11940406597050365,0.0003027896740158261,0.0,1.0,8.4,FL,0.3594366408646358,False,False,-1.769568579135846,-2.620300319979632,17.192615720171606,False,10.167915693648627,0.0,0.6079935927103238,45.0,90.0,0.11940406597050365,tilt,False
-0.00615775346464909,-0.11940406597050365,0.0003636708581550458,0.0,1.0,8.4,FR,0.8594366408646358,True,True,-1.7734824705758767,-2.702167884322742,17.110609702957156,False,10.191498933020098,0.0,0.5954509550147048,45.0,90.0,0.11940406597050365,tilt,False
-0.00615775346464909,-0.11940406597050365,0.00048772204660961727,0.0,1.0,8.4,RL,0.8594366408646358,True,True,-2.0059620102412175,-1.7441205231731454,18.070429826025254,False,11.48461039622427,0.0,0.7350043652094896,45.0,90.0,0.11940406597050365,tilt,False
-0.00615775346464909,-0.11940406597050365,0.00034953865649932,0.0,1.0,8.4,RR,0.3594366408646358,False,False,-2.007633896823027,-1.9397769777672325,17.874553838807845,False,11.496195369061411,0.0,0.7532106529374613,45.0,90.0,0.11940406597050365,tilt,False
-0.005802879673354688,-0.1189970870218305,0.00029216874437532195,0.0,1.0,8.42,FL,0.3594366408646358,False,False,-1.769582703497745,-2.618558683126493,17.194361032619337,False,10.16799001520366,0.0,0.6069223008708973,45.0,90.0,0.1189970870218305,tilt,False
-0.005802879673354688,-0.1189970870218305,0.00035115705566854817,0.0,1.0,8.42,FR,0.8594366408646358,True,True,-1.7735052207056499,-2.6971920790036066,17.115595179557015,False,10.191621751991702,0.0,0.5948703910177939,45.0,90.0,0.1189970870218305,tilt,False
-0.005802879673354688,-0.1189970870218305,0.00047093458257271197,0.0,1.0,8.42,RL,0.8594366408646358,True,True,-2.005895970333217,-1.754439320959731,18.060100174937343,False,11.484259053331789,0.0,0.7338778951679922,45.0,90.0,0.1189970870218305,tilt,False
-0.005802879673354688,-0.1189970870218305,0.0003368581040471182,0.0,1.0,8.42,RR,0.3594366408646358,False,False,-2.0076655284894662,-1.9431779032630658,17.871149285252972,False,11.496362905939646,0.0,0.7515352364567996,45.0,90.0,0.1189970870218305,tilt,False
-0.005460162648123579,-0.1186040293081125,0.00028192220283919844,0.0,1.0,8.44,FL,0.3594366408646358,False,False,-1.7695962393536047,-2.616871917234684,17.19605135400563,False,10.168061252996166,0.0,0.6058903540897148,45.0,90.0,0.1186040293081125,tilt,False
-0.005460162648123579,-0.1186040293081125,0.00033907564713639416,0.0,1.0,8.44,FR,0.8594366408646358,True,True,-1.7735272978932035,-2.692385365396746,17.12041121959198,False,10.191740916901333,0.0,0.5943124694057433,45.0,90.0,0.1186040293081125,tilt,False
-0.005460162648123579,-0.1186040293081125,0.0004547273582735132,0.0,1.0,8.44,RL,0.8594366408646358,True,True,-2.0058322716888095,-1.7644107860500524,18.050118162162903,False,11.483920235273818,0.0,0.7327939833111259,45.0,90.0,0.1186040293081125,tilt,False
-0.005460162648123579,-0.1186040293081125,0.0003246389923759768,0.0,1.0,8.44,RR,0.3594366408646358,False,False,-2.0076959844416398,-1.9464637195721508,17.86785995778595,False,11.49652415541719,0.0,0.7499207219204634,45.0,90.0,0.1186040293081125,tilt,False
-0.005129183537724063,-0.11822441418282485,0.0002720367592881905,0.0,1.0,8.46,FL,0.3594366408646358,False,False,-1.7696092122988991,-2.615238319258674,17.197688391341668,False,10.168129533863409,0.0,0.6048962991678889,45.0,90.0,0.11822441418282485,tilt,False
-0.005129183537724063,-0.11822441418282485,0.00032741163406444515,0.0,1.0,8.46,FR,0.8594366408646358,True,True,-1.7735487200017732,-2.6877419814459422,17.12506359794959,False,10.191856532050863,0.0,0.5937763201526185,45.0,90.0,0.11822441418282485,tilt,False
-0.005129183537724063,-0.11822441418282485,0.00043908021536313326,0.0,1.0,8.46,RL,0.8594366408646358,True,True,-2.0057708366321494,-1.7740466159142723,18.04047208389861,False,11.48359351228391,0.0,0.7317510099247947,45.0,90.0,0.11822441418282485,tilt,False
-0.005129183537724063,-0.11822441418282485,0.0003128644670985433,0.0,1.0,8.46,RR,0.3594366408646358,False,False,-2.0077253028155178,-1.9496383200079717,17.86468195951462,False,11.496679335575928,0.0,0.7483649031357358,45.0,90.0,0.11822441418282485,tilt,False
-0.004809537789648072,-0.11785777962605434,0.0002624996125477061,0.0,1.0,8.48,FL,0.3594366408646358,False,False,-1.7696216461998218,-2.6136562372565746,17.199273800400942,False,10.16819497526327,0.0,0.60393873743985,45.0,90.0,0.11785777962605434,tilt,False
-0.004809537789648072,-0.11785777962605434,0.0003161505370119693,0.0,1.0,8.48,FR,0.8594366408646358,True,True,-1.773569505056704,-2.6832563630307775,17.129557891069748,False,10.19196870309919,0.0,0.5932611056602914,45.0,90.0,0.11785777962605434,tilt,False
-0.004809537789648072,-0.11785777962605434,0.0004239737063844314,0.0,1.0,8.48,RL,0.8594366408646358,True,True,-2.0057115888848545,-1.783358112765379,18.031150631549608,False,11.483278463122337,0.0,0.7307474189190336,45.0,90.0,0.11785777962605434,tilt,False
-0.004809537789648072,-0.11785777962605434,0.0003015182844258531,0.0,1.0,8.48,RR,0.3594366408646358,False,False,-2.0077535217535893,-1.952705467500298,17.861611524026735,False,11.496828663127202,0.0,0.7468656520935422,45.0,90.0,0.11785777962605434,tilt,False
-0.004500834485258309,-0.11750367964800393,0.00025329842788227106,0.0,1.0,8.5,FL,0.3594366408646358,False,False,-1.7696335632403533,-2.6121240692280194,17.200809186885618,False,10.16825768679474,0.0,0.6030163226934904,45.0,90.0,0.11750367964800393,tilt,False
-0.004500834485258309,-0.11750367964800393,0.00030527837920135773,0.0,1.0,8.5,FR,0.8594366408646358,True,True,-1.7735896712802388,-2.6789231368303454,17.13389948410441,False,10.192077535880054,0.0,0.5927660195876201,45.0,90.0,0.11750367964800393,tilt,False
-0.004500834485258309,-0.11750367964800393,0.0004093890674928278,0.0,1.0,8.5,RL,0.8594366408646358,True,True,-2.0056544536047016,-1.792356197293149,18.02214287801424,False,11.482974676277395,0.0,0.729781715033292,45.0,90.0,0.11750367964800393,tilt,False
-0.004500834485258309,-0.11750367964800393,0.0002905847917024334,0.0,1.0,8.5,RR,0.3594366408646358,False,False,-2.007780679280032,-1.955668798615827,17.85864501136834,False,11.49697235191157,0.0,0.7454209164861249,45.0,90.0,0.11750367964800393,tilt,False
-0.0042026958564462015,-0.11716168371724826,0.0002444213158477696,0.0,1.0,8.52,FL,0.3594366408646358,False,False,-1.7696449840765294,-2.610640261874176,17.202296107670634,False,10.168317771739314,0.0,0.6021277591505853,45.0,90.0,0.11716168371724826,tilt,False
-0.0042026958564462015,-0.11716168371724826,0.00029478166975374816,0.0,1.0,8.52,FR,0.8594366408646358,True,True,-1.7736092370100356,-2.674737113536132,17.13809357772636,False,10.192183135157899,0.0,0.5922902857408865,45.0,90.0,0.11716168371724826,tilt,False
-0.0042026958564462015,-0.11716168371724826,0.00039530819220802416,0.0,1.0,8.52,RL,0.8594366408646358,True,True,-2.0055993575093454,-1.8010514218190012,18.013438264546213,False,11.482681751136116,0.0,0.7288524612115386,45.0,90.0,0.11716168371724826,tilt,False
-0.0042026958564462015,-0.11716168371724826,0.00028004890858149224,0.0,1.0,8.52,RR,0.3594366408646358,False,False,-2.007806813109518,-1.9585318275527237,17.855778904047472,False,11.497110611483844,0.0,0.7440287172524866,45.0,90.0,0.11716168371724826,tilt,False
-0.003914756918305513,-0.11683137621235323,0.00023585681288907476,0.0,1.0,8.540000000000001,FL,0.3594366408646358,False,False,-1.7696559280459303,-2.609203309299535,17.2037360721063,False,10.168375328451797,0.0,0.6012717995102406,45.0,90.0,0.11683137621235323,tilt,False
-0.003914756918305513,-0.11683137621235323,0.0002846473874613762,0.0,1.0,8.540000000000001,FR,0.8594366408646358,True,True,-1.7736282205494218,-2.6706932813766704,17.14214519462485,False,10.192285603496819,0.0,0.5918331570180836,45.0,90.0,0.11683137621235323,tilt,False
-0.003914756918305513,-0.11683137621235323,0.000381713606440351,0.0,1.0,8.540000000000001,RL,0.8594366408646358,True,True,-2.005546229040162,-1.8094539829089928,18.005026588157143,False,11.48239929897259,0.0,0.7279582761276846,45.0,90.0,0.11683137621235323,tilt,False
-0.003914756918305513,-0.11683137621235323,0.0002698961082448504,0.0,1.0,8.540000000000001,RR,0.3594366408646358,False,False,-2.007831960428412,-1.9612979500821006,17.85300980309099,False,11.497243645915143,0.0,0.7426871461637572,45.0,90.0,0.11683137621235323,tilt,False
-0.0036366651640272227,-0.11651235589538908,0.00022759386351189735,0.0,1.0,8.56,FL,0.3594366408646358,False,False,-1.7696664133932012,-2.607811751680629,17.20513054335384,False,10.168430451500472,0.0,0.6004472430588929,45.0,90.0,0.11651235589538908,tilt,False
-0.0036366651640272227,-0.11651235589538908,0.00027486296461398993,0.0,1.0,8.56,FR,0.8594366408646358,True,True,-1.7736466399961883,-2.66678679992265,17.146059185719558,False,10.192385040361742,0.0,0.5913939143990786,45.0,90.0,0.11651235589538908,tilt,False
-0.0036366651640272227,-0.11651235589538908,0.00036858844500758524,0.0,1.0,8.56,RL,0.8594366408646358,True,True,-2.0054949985286936,-1.817573733486212,17.996897989518146,False,11.482126943666572,0.0,0.7270978318456774,45.0,90.0,0.11651235589538908,tilt,False
-0.0036366651640272227,-0.11651235589538908,0.00026011239875123294,0.0,1.0,8.56,RR,0.3594366408646358,False,False,-2.007856157681287,-1.963970447415659,17.850334424174907,False,11.497371652881805,0.0,0.7413943634569795,45.0,90.0,0.11651235589538908,tilt,False
-0.0033680802816205627,-0.11620423540591658,0.00021962180405437015,0.0,1.0,8.58,FL,0.3594366408646358,False,False,-1.769676457483972,-2.606464173922216,17.20648093973392,False,10.168483232518527,0.0,0.5996529338501164,45.0,90.0,0.11620423540591658,tilt,False
-0.0033680802816205627,-0.11620423540591658,0.0002654162713878838,0.0,1.0,8.58,FR,0.8594366408646358,True,True,-1.7736645130772555,-2.6630129941464658,17.149840236119317,False,10.192481541494253,0.0,0.5909718659741647,45.0,90.0,0.11620423540591658,tilt,False
-0.0033680802816205627,-0.11620423540591658,0.00035591642942457653,0.0,1.0,8.58,RL,0.8594366408646358,True,True,-2.0054455983465926,-1.8254201944795518,17.989042941324143,False,11.481864322128114,0.0,0.7262698516017428,45.0,90.0,0.11620423540591658,tilt,False
-0.0033680802816205627,-0.11620423540591658,0.00025068430430644364,0.0,1.0,8.58,RR,0.3594366408646358,False,False,-2.007879440384667,-1.9665524899869433,17.84774959384134,False,11.497494823060673,0.0,0.7401485955229526,45.0,90.0,0.11620423540591658,tilt,False
-0.0031086738652927543,-0.11590664077414144,0.00021193034780142843,0.0,1.0,8.6,FL,0.3594366408646358,False,False,-1.769686076984061,-2.6051592043196856,17.20778863606806,False,10.168533760762614,0.0,0.5988877589565458,45.0,90.0,0.11590664077414144,tilt,False
-0.0031086738652927543,-0.11590664077414144,0.0002562956003843484,0.0,1.0,8.6,FR,0.8594366408646358,True,True,-1.7736818570125157,-2.65936734871269,17.15349287084875,False,10.192575198570824,0.0,0.5905663460046506,45.0,90.0,0.11590664077414144,tilt,False
-0.0031086738652927543,-0.11590664077414144,0.00034368184683116897,0.0,1.0,8.6,RL,0.8594366408646358,True,True,-2.0053979630148024,-1.833002566044007,17.981452237084756,False,11.481611084428192,0.0,0.7254731076986217,45.0,90.0,0.11590664077414144,tilt,False
-0.0031086738652927543,-0.11590664077414144,0.00024159884671579805,0.0,1.0,8.6,RR,0.3594366408646358,False,False,-2.0079018429802753,-1.969047141132229,17.84525224581551,False,11.497613339818468,0.0,0.7389481326516092,45.0,90.0,0.11590664077414144,tilt,False
-0.0028581291060769615,-0.11561921095211083,0.00020450957125954245,0.0,1.0,8.620000000000001,FL,0.3594366408646358,False,False,-1.7696952879996362,-2.6038955132439563,17.209054964998096,False,10.168582123420098,0.0,0.5981506467949292,45.0,90.0,0.11561921095211083,tilt,False
-0.0028581291060769615,-0.11561921095211083,0.0002474896519982952,0.0,1.0,8.620000000000001,FR,0.8594366408646358,True,True,-1.773698688414864,-2.6558455024800613,17.157021460362845,False,10.192666099106397,0.0,0.5901767140105931,45.0,90.0,0.11561921095211083,tilt,False
-0.0028581291060769615,-0.11561921095211083,0.00033186953017074806,0.0,1.0,8.620000000000001,RL,0.8594366408646358,True,True,-2.0053520292735714,-1.8403297383820412,17.974116980313465,False,11.481366893682962,0.0,0.7247064195034464,45.0,90.0,0.11561921095211083,tilt,False
-0.0028581291060769615,-0.11561921095211083,0.00023284352695371823,0.0,1.0,8.620000000000001,RR,0.3594366408646358,False,False,-2.0079233987337424,-1.9714573606658126,17.84283941742863,False,11.497727379149062,0.0,0.7377913268368681,45.0,90.0,0.11561921095211083,tilt,False
-0.002616140455796909,-0.11534159736194516,0.0001973499013798937,0.0,1.0,8.64,FL,0.3594366408646358,False,False,-1.7697041061762038,-2.6026718118581926,17.21028121827313,False,10.16862840571465,0.0,0.5974405655239515,45.0,90.0,0.11534159736194516,tilt,False
-0.002616140455796909,-0.11534159736194516,0.00023898751983535293,0.0,1.0,8.64,FR,0.8594366408646358,True,True,-1.773715023232668,-2.652443243204017,17.160430225859976,False,10.19275432655895,0.0,0.5898023538823073,45.0,90.0,0.11534159736194516,tilt,False
-0.002616140455796909,-0.11534159736194516,0.00032046483908778847,0.0,1.0,8.64,RL,0.8594366408646358,True,True,-2.005307736106802,-1.8474103021899058,17.9670285740903,False,11.481131425738287,0.0,0.7239686515421898,45.0,90.0,0.11534159736194516,tilt,False
-0.002616140455796909,-0.11534159736194516,0.00022440630714169616,0.0,1.0,8.64,RR,0.3594366408646358,False,False,-2.007944139678634,-1.973786008345857,17.84050824614996,False,11.497837109810247,0.0,0.7366765896418376,45.0,90.0,0.11534159736194516,tilt,False
-0.0023824132654921893,-0.11507346346028399,0.0001904421034250415,0.0,1.0,8.66,FL,0.3594366408646358,False,False,-1.7697125467552448,-2.6014868508735525,17.211468647997563,False,10.168672690863012,0.0,0.5967565215132382,45.0,90.0,0.11507346346028399,tilt,False
-0.0023824132654921893,-0.11507346346028399,0.00023077867708589555,0.0,1.0,8.66,FR,0.8594366408646358,True,True,-1.7737308767275182,-2.6491565024229016,17.163723244410892,False,10.19283996057134,0.0,0.5894426730136656,45.0,90.0,0.11507346346028399,tilt,False
-0.0023824132654921893,-0.11507346346028399,0.0003094536419737287,0.0,1.0,8.66,RL,0.8594366408646358,True,True,-2.0052650247279167,-1.8542525587508623,17.960178710976816,False,11.480904368714242,0.0,0.7232587116845385,45.0,90.0,0.11507346346028399,tilt,False
-0.0023824132654921893,-0.11507346346028399,0.00021627559290849532,0.0,1.0,8.66,RR,0.3594366408646358,False,False,-2.007964096598723,-1.9760358472273518,17.838255966232147,False,11.497942693598839,0.0,0.7356023901245766,45.0,90.0,0.11507346346028399,tilt,False
-0.0021566634039393005,-0.11481448431822552,0.0001837772695342442,0.0,1.0,8.68,FL,0.3594366408646358,False,False,-1.7697206246023514,-2.600339419346318,17.212618467837174,False,10.168715059948228,0.0,0.5960975578809116,45.0,90.0,0.11481448431822552,tilt,False
-0.0021566634039393005,-0.11481448431822552,0.00022285296299916262,0.0,1.0,8.68,FR,0.8594366408646358,True,True,-1.7737462634862498,-2.645981350521399,17.166904453909456,False,10.192923077302284,0.0,0.5890971014563561,45.0,90.0,0.11481448431822552,tilt,False
-0.0021566634039393005,-0.11481448431822552,0.0002988222983539036,0.0,1.0,8.68,RL,0.8594366408646358,True,True,-2.0052238385345893,-1.860864529690129,17.953559363268106,False,11.480685422468342,0.0,0.7225755494136841,45.0,90.0,0.11481448431822552,tilt,False
-0.0021566634039393005,-0.11481448431822552,0.00020844021638237952,0.0,1.0,8.68,RR,0.3594366408646358,False,False,-2.0079832990445023,-1.978209546906768,17.83607990546453,False,11.49804428571145,0.0,0.7345672528241921,45.0,90.0,0.11481448431822552,tilt,False
-0.0019386168642947005,-0.11456434621613264,0.00017734680757690538,0.0,1.0,8.700000000000001,FL,0.3594366408646358,False,False,-1.7697283542086086,-2.599228343518164,17.213731854182267,False,10.168755591749433,0.0,0.5954627530963804,45.0,90.0,0.11456434621613264,tilt,False
-0.0019386168642947005,-0.11456434621613264,0.00021520057019150791,0.0,1.0,8.700000000000001,FR,0.8594366408646358,True,True,-1.7737611974522547,-2.6429139919646043,17.16997765785246,False,10.193003749786469,0.0,0.588765091095103,45.0,90.0,0.11456434621613264,tilt,False
-0.0019386168642947005,-0.11456434621613264,0.0002885576422878908,0.0,1.0,8.700000000000001,RL,0.8594366408646358,True,True,-2.0051841230387253,-1.867253966406135,17.94716277356787,False,11.480474298020738,0.0,0.7219181541759866,45.0,90.0,0.11456434621613264,tilt,False
-0.0019386168642947005,-0.11456434621613264,0.000200889419746336,0.0,1.0,8.700000000000001,RR,0.3594366408646358,False,False,-2.0080017753705306,-1.9803096866569947,17.83397748203648,False,11.498142035141353,0.0,0.7335697558068351,45.0,90.0,0.11456434621613264,tilt,False
-0.0017280093675271187,-0.11432274625273307,0.00017114243046907051,0.0,1.0,8.72,FL,0.3594366408646358,False,False,-1.7697357496778143,-2.598152485696042,17.21480994727085,False,10.1687943625726,0.0,0.5948512196446036,45.0,90.0,0.11432274625273307,tilt,False
-0.0017280093675271187,-0.11432274625273307,0.0002078120322677686,0.0,1.0,8.72,FR,0.8594366408646358,True,True,-1.7737756919747292,-2.639950760692504,17.172946529958285,False,10.193082048295443,0.0,0.588446114844398,45.0,90.0,0.11432274625273307,tilt,False
-0.0017280093675271187,-0.11432274625273307,0.0002786469660909366,0.0,1.0,8.72,RL,0.8594366408646358,True,True,-2.005145825782647,-1.87342835918871,17.940981445675575,False,11.480270716983126,0.0,0.7212855538058063,45.0,90.0,0.11432274625273307,tilt,False
-0.0017280093675271187,-0.11432274625273307,0.0001936128395111225,0.0,1.0,8.72,RR,0.3594366408646358,False,False,-2.008019552789564,-1.982338758456964,17.831946201505986,False,11.498236085077979,0.0,0.7326085287710069,45.0,90.0,0.11432274625273307,tilt,False
-0.0015245859706850677,-0.1140893919680223,0.0001651561456805333,0.0,1.0,8.74,FL,0.3594366408646358,False,False,-1.7697428247045177,-2.597110743172121,17.215853852271675,False,10.168831446105912,0.0,0.5942621027479258,45.0,90.0,0.1140893919680223,tilt,False
-0.0015245859706850677,-0.1140893919680223,0.00020067821186716837,0.0,1.0,8.74,FR,0.8594366408646358,True,True,-1.773789759863021,-2.6370881156743997,17.175814618625175,False,10.193158040664098,0.0,0.5881396658675591,45.0,90.0,0.1140893919680223,tilt,False
-0.0015245859706850677,-0.1140893919680223,0.00026907800451727264,0.0,1.0,8.74,RL,0.8594366408646358,True,True,-2.0051088962467905,-1.879394946032613,17.93500813577771,False,11.480074411016277,0.0,0.7206768130210809,45.0,90.0,0.1140893919680223,tilt,False
-0.0015245859706850677,-0.1140893919680223,0.00018660049149804277,0.0,1.0,8.74,RR,0.3594366408646358,False,False,-2.0080366574349098,-1.9842991699216341,17.82998365386806,False,11.498326573282723,0.0,0.7316822512115372,45.0,90.0,0.1140893919680223,tilt,False
-0.0013281006866555883,-0.11386400097947455,0.0001593802449747586,0.0,1.0,8.76,FL,0.3594366408646358,False,False,-1.7697495925525635,-2.5961020471789857,17.216864640331558,False,10.168866913320015,0.0,0.5936945791416606,45.0,90.0,0.11386400097947455,tilt,False
-0.0013281006866555883,-0.11386400097947455,0.0001937902891669586,0.0,1.0,8.76,FR,0.8594366408646358,True,True,-1.7738034134429093,-2.634322636615099,17.178585351236656,False,10.1932317925694,0.0,0.587845256818963,45.0,90.0,0.11386400097947455,tilt,False
-0.0013281006866555883,-0.11386400097947455,0.00025983891957872374,0.0,1.0,8.76,RL,0.8594366408646358,True,True,-2.0050732857575944,-1.8851607211579773,17.929235843931007,False,11.479885121333524,0.0,0.7200910319854779,45.0,90.0,0.11386400097947455,tilt,False
-0.0013281006866555883,-0.11386400097947455,0.0001798427564559376,0.0,1.0,8.76,RR,0.3594366408646358,False,False,-2.008053114424188,-1.9861932471331514,17.828087510721474,False,11.49841363242427,0.0,0.7307896506415232,45.0,90.0,0.11386400097947455,tilt,False
-0.0011383161202709454,-0.11364630063111167,0.0001538072945261041,0.0,1.0,8.78,FL,0.3594366408646358,False,False,-1.7697560660339882,-2.5951253618775665,17.217843349590588,False,10.1689008324147,0.0,0.5931478558998102,45.0,90.0,0.11364630063111167,tilt,False
-0.0011383161202709454,-0.11364630063111167,0.000187139751013598,0.0,1.0,8.78,FR,0.8594366408646358,True,True,-1.7738166646096878,-2.631651019809559,17.181262038318938,False,10.193303367755556,0.0,0.5875624191101999,45.0,90.0,0.11364630063111167,tilt,False
-0.0011383161202709454,-0.11364630063111167,0.00025091828583590734,0.0,1.0,8.78,RL,0.8594366408646358,True,True,-2.005038947397085,-1.8907324432433994,17.923657805833045,False,11.479702598255875,0.0,0.7195273449332031,45.0,90.0,0.11364630063111167,tilt,False
-0.0011383161202709454,-0.11364630063111167,0.00017333036640528306,0.0,1.0,8.78,RR,0.3594366408646358,False,False,-2.0080689479200324,-1.9880232373790627,17.826255522529223,False,11.498497390365756,0.0,0.7299295008714646,45.0,90.0,0.11364630063111167,tilt,False
-0.0009550031237668671,-0.11343602765499301,0.00014843012514316494,0.0,1.0,8.8,FL,0.3594366408646358,False,False,-1.7697622574936387,-2.5941796833754625,17.21879098616603,False,10.168933268813841,0.0,0.59262116930765,45.0,90.0,0.11343602765499301,tilt,False
-0.0009550031237668671,-0.11343602765499301,0.00018071838004201109,0.0,1.0,8.8,FR,0.8594366408646358,True,True,-1.77382952487274,-2.6290700741425264,17.18384787755171,False,10.193372828201463,0.0,0.5872907022006518,45.0,90.0,0.11343602765499301,tilt,False
-0.0009550031237668671,-0.11343602765499301,0.00024230507585506345,0.0,1.0,8.8,RL,0.8594366408646358,True,True,-2.0050058359192824,-1.8961166433803003,17.918267484870473,False,11.479526600820574,0.0,0.7189849188528028,45.0,90.0,0.11343602765499301,tilt,False
-0.0009550031237668671,-0.11343602765499301,0.00016705439154541697,0.0,1.0,8.8,RR,0.3594366408646358,False,False,-2.0080841811860592,-1.9897913118011625,17.824485515967694,False,11.498577970406876,0.0,0.7291006203447533,45.0,90.0,0.11343602765499301,tilt,False
-0.0007779404729074767,-0.11323292784468074,0.00014324182283368463,0.0,1.0,8.82,FL,0.3594366408646358,False,False,-1.7697681788017492,-2.5932640387728716,17.2197085251091,False,10.16896428520585,0.0,0.5921137837782839,45.0,90.0,0.11323292784468074,tilt,False
-0.0007779404729074767,-0.11323292784468074,0.00017451824455901862,0.0,1.0,8.82,FR,0.8594366408646358,True,True,-1.7738420053941968,-2.626576717227224,17.186345957640214,False,10.193440234241008,0.0,0.5870296729127316,45.0,90.0,0.11323292784468074,tilt,False
-0.0007779404729074767,-0.11323292784468074,0.00023398864649284767,0.0,1.0,8.82,RL,0.8594366408646358,True,True,-2.0049739076749735,-1.9013196327586115,17.91305856443578,False,11.479356896437901,0.0,0.7184629522265404,45.0,90.0,0.11323292784468074,tilt,False
-0.0007779404729074767,-0.11323292784468074,0.00016100622776637748,0.0,1.0,8.82,RR,0.3594366408646358,False,False,-2.008098836637356,-1.9914995679580043,17.822775391362647,False,11.4986554914839,0.0,0.728301870528607,45.0,90.0,0.11323292784468074,tilt,False
-0.0006069145636865006,-0.11303675574026606,0.00013823571958266237,0.0,1.0,8.84,FL,0.3594366408646358,False,False,-1.7697738413537112,-2.5923774852366357,17.220596911333327,False,10.168993941617291,0.0,0.5916249908106529,45.0,90.0,0.11303675574026606,tilt,False
-0.0006069145636865006,-0.11303675574026606,0.00016853168854276876,0.0,1.0,8.84,FR,0.8594366408646358,True,True,-1.7738541170182545,-2.624167971679296,17.188759262051104,False,10.193505644643048,0.0,0.586778914771741,45.0,90.0,0.11303675574026606,tilt,False
-0.0006069145636865006,-0.11303675574026606,0.00022595872532388524,0.0,1.0,8.84,RL,0.8594366408646358,True,True,-2.0049431205420265,-1.9063475100893796,17.908024940506408,False,11.479193260587632,0.0,0.7179606738222087,45.0,90.0,0.11303675574026606,tilt,False
-0.0006069145636865006,-0.11303675574026606,0.00015517758474145837,0.0,1.0,8.84,RR,0.3594366408646358,False,False,-2.0081129358810075,-1.9931500323040336,17.821123120208227,False,11.498730068331835,0.0,0.7275321543594176,45.0,90.0,0.11303675574026606,tilt,False
-0.0004417191284933829,-0.11284727432454418,0.00013340538458345605,0.0,1.0,8.86,FL,0.3594366408646358,False,False,-1.7697792560750214,-2.591519109095528,17.22145706052166,False,10.169022295510366,0.0,0.5911541079868375,45.0,90.0,0.11284727432454418,tilt,False
-0.0004417191284933829,-0.11284727432454418,0.0001627513220741267,0.0,1.0,8.86,FR,0.8594366408646358,True,True,-1.7738658702929102,-2.621840961521897,17.191090672616987,False,10.193569116658841,0.0,0.586538027370037,45.0,90.0,0.11284727432454418,tilt,False
-0.0004417191284933829,-0.11284727432454418,0.0002182053976258919,0.0,1.0,8.86,RL,0.8594366408646358,True,True,-2.0049134338663426,-1.9112061687745348,17.90316071447659,False,11.479035476549388,0.0,0.7174773415344823,45.0,90.0,0.11284727432454418,tilt,False
-0.0004417191284933829,-0.11284727432454418,0.00014956047440497561,0.0,1.0,8.86,RR,0.3594366408646358,False,False,-2.00812649975279,-1.9947446625882548,17.81952674276677,False,11.498801811622869,0.0,0.7267904147414052,45.0,90.0,0.11284727432454418,tilt,False
-0.00028215496997006066,-0.11266425472994088,0.00012874461551417145,0.0,1.0,8.88,FL,0.3594366408646358,False,False,-1.7697844334335946,-2.5906880249643263,17.2222898600047,False,10.16904940189802,0.0,0.5907004780068021,45.0,90.0,0.11266425472994088,tilt,False
-0.00028215496997006066,-0.11266425472994088,0.00015717001207737994,0.0,1.0,8.88,FR,0.8594366408646358,True,True,-1.7738772754851626,-2.6195929087161165,17.193342973014936,False,10.193630706051195,0.0,0.5863066257549867,45.0,90.0,0.11266425472994088,tilt,False
-0.00028215496997006066,-0.11266425472994088,0.00021071909386290776,0.0,1.0,8.88,RL,0.8594366408646358,True,True,-2.0048848084080544,-1.9159013038328419,17.898460186232388,False,11.47888333515589,0.0,0.7170122412731649,45.0,90.0,0.11266425472994088,tilt,False
-0.00028215496997006066,-0.11266425472994088,0.0001441472000141497,0.0,1.0,8.88,RR,0.3594366408646358,False,False,-2.008139548346846,-1.996285350175788,17.81798436574551,False,11.498870828084339,0.0,0.726075633097363,45.0,90.0,0.11266425472994088,tilt,False
-0.000128029710444906,-0.11248747595578024,0.00012424743031813152,0.0,1.0,8.9,FL,0.3594366408646358,False,False,-1.7697893834553584,-2.589883374888368,17.223096169618287,False,10.169075313463843,0.0,0.5902634677589739,45.0,90.0,0.11248747595578024,tilt,False
-0.000128029710444906,-0.11248747595578024,0.0001517808733354832,0.0,1.0,8.9,FR,0.8594366408646358,True,True,-1.7738883425918033,-2.617421129813481,17.195518852122703,False,10.193690467110498,0.0,0.5860843398400333,45.0,90.0,0.11248747595578024,tilt,False
-0.000128029710444906,-0.11248747595578024,0.00020349057743266892,0.0,1.0,8.9,RL,0.8594366408646358,True,True,-2.004857206292232,-1.920438418587092,17.893917847465136,False,11.478736634561141,0.0,0.7165646858959398,45.0,90.0,0.11248747595578024,tilt,False
-0.000128029710444906,-0.11248747595578024,0.00013893034550665844,0.0,1.0,8.9,RR,0.3594366408646358,False,False,-2.0081521010414454,-1.9977739222921813,17.81649416005061,False,11.498937220607116,0.0,0.7253868279701896,45.0,90.0,0.11248747595578024,tilt,False
2.0842445207983464e-05,-0.11231672459554959,0.00011990805933761168,0.0,1.0,8.92,FL,0.3594366408646358,False,False,-1.769794115741668,-2.589104327511617,17.22387682253763,False,10.169100080681902,0.0,0.589842467425255,45.0,90.0,0.11231672459554959,tilt,False
2.0842445207983464e-05,-0.11231672459554959,0.000146577259944333,0.0,1.0,8.92,FR,0.8594366408646358,True,True,-1.77389908134511,-2.6153230327251067,17.19762090725788,False,10.193748452663943,0.0,0.5858708138380722,45.0,90.0,0.11231672459554959,tilt,False
2.0842445207983464e-05,-0.11231672459554959,0.00019651093305622004,0.0,1.0,8.92,RL,0.8594366408646358,True,True,-2.0048305909648283,-1.9248228311256368,17.889528375210595,False,11.478595180019212,0.0,0.7161340141834023,45.0,90.0,0.11231672459554959,tilt,False
2.0842445207983464e-05,-0.11231672459554959,0.00013390276529458292,0.0,1.0,8.92,RR,0.3594366408646358,False,False,-2.00816417652017,-1.9992121441953157,17.81505435861376,False,11.499001088345963,0.0,0.7247230536738436,45.0,90.0,0.11231672459554959,tilt,False
0.00016464093531777025,-0.11215179457377289,0.00011572093745087773,0.0,1.0,8.94,FL,0.3594366408646358,False,False,-1.7697986394898009,-2.588350077268705,17.224632626087494,False,10.169123751933828,0.0,0.5894368896191973,45.0,90.0,0.11215179457377289,tilt,False
0.00016464093531777025,-0.11215179457377289,0.00014155275686846642,0.0,1.0,8.94,FR,0.8594366408646358,True,True,-1.7739095012183521,-2.613296113602212,17.199651647305167,False,10.1938047140899,0.0,0.5856657057162878,45.0,90.0,0.11215179457377289,tilt,False
0.00016464093531777025,-0.11215179457377289,0.000189771555426377,0.0,1.0,8.94,RL,0.8594366408646358,True,True,-2.0048049271515973,-1.9290596805431917,17.885286625607915,False,11.478458783669222,0.0,0.7157195898543923,45.0,90.0,0.11215179457377289,tilt,False
0.00016464093531777025,-0.11215179457377289,0.00012905757447072993,0.0,1.0,8.94,RR,0.3594366408646358,False,False,-2.0081757927936996,-2.000601721275662,17.813663254290077,False,11.499062526822858,0.0,0.7240833989922874,45.0,90.0,0.11215179457377289,tilt,False
0.00030353905751214763,-0.1119924868921406,0.00011168069691517779,0.0,1.0,8.96,FL,0.3594366408646358,False,False,-1.769802963512014,-2.5876198435992213,17.225364362529692,False,10.169146373615003,0.0,0.5890461685561749,45.0,90.0,0.1119924868921406,tilt,False
0.00030353905751214763,-0.1119924868921406,0.00013670117195402535,0.0,1.0,8.96,FR,0.8594366408646358,True,True,-1.7739196114276017,-2.6113379538263497,17.201613495733774,False,10.19385930132951,0.0,0.5854686866715849,45.0,90.0,0.1119924868921406,tilt,False
0.00030353905751214763,-0.1119924868921406,0.0001832641383471622,0.0,1.0,8.96,RL,0.8594366408646358,True,True,-2.004780180818094,-1.933153932969129,17.88118762787154,False,11.478327264320843,0.0,0.7153208006197713,45.0,90.0,0.1119924868921406,tilt,False
0.00030353905751214763,-0.1119924868921406,0.00012438813926466083,0.0,1.0,8.96,RR,0.3594366408646358,False,False,-2.0081869672174855,-2.001944301085846,17.812319197827254,False,11.499121628028185,0.0,0.723466985924957,45.0,90.0,0.1119924868921406,tilt,False
0.0004377041765842588,-0.11183860938457779,0.0001077821601984809,0.0,1.0,8.98,FL,0.3594366408646358,False,False,-1.7698070962553805,-2.5869128701835784,17.226072789829445,False,10.169167990232916,0.0,0.5886697592544432,45.0,90.0,0.11183860938457779,tilt,False
0.0004377041765842588,-0.11183860938457779,0.0001320165281551769,0.0,1.0,8.98,FR,0.8594366408646358,True,True,-1.7739294209358838,-2.609446217102244,17.203508793511908,False,10.193912262909569,0.0,0.5852794406257561,45.0,90.0,0.11183860938457779,tilt,False
0.0004377041765842588,-0.11183860938457779,0.00017698066422165156,0.0,1.0,8.98,RL,0.8594366408646358,True,True,-2.0047563191316344,-1.9371103873920825,17.87722657846619,False,11.478200447242646,0.0,0.7149370572729635,45.0,90.0,0.11183860938457779,tilt,False
0.0004377041765842588,-0.11183860938457779,0.00011988806793079759,0.0,1.0,8.98,RR,0.3594366408646358,False,False,-2.008197716510628,-2.0032414753040766,17.811020595900445,False,11.49917848052635,0.0,0.7228729684772729,45.0,90.0,0.11183860938457779,tilt,False
0.000567297925211536,-0.1116899764808949,0.00010402033313401795,0.0,1.0,9.0,FL,0.3594366408646358,False,False,-1.7698110458196878,-2.586228424203158,17.22675864239688,False,10.169188644495371,0.0,0.5883071367660155,45.0,90.0,0.1116899764808949,tilt,False
0.000567297925211536,-0.1116899764808949,0.00012749305596026627,0.0,1.0,9.0,FR,0.8594366408646358,True,True,-1.7739389384550872,-2.607618646650999,17.20533980192025,False,10.193963645965917,0.0,0.5850976637395691,45.0,90.0,0.1116899764808949,tilt,False
0.000567297925211536,-0.1116899764808949,0.00017091339398492817,0.0,1.0,9.0,RL,0.8594366408646358,True,True,-2.00473331042347,-1.9409336812877611,17.873398835478373,False,11.47807816394941,0.0,0.7145677928156775,45.0,90.0,0.1116899764808949,tilt,False
0.000567297925211536,-0.1116899764808949,0.00011555120186836013,0.0,1.0,9.0,RR,0.3594366408646358,False,False,-2.008208056774395,-2.004494781629392,17.809765909215535,False,11.499233169564603,0.0,0.7223005314947091,45.0,90.0,0.1116899764808949,tilt,False
0.000692476398278541,-0.11154640897873926,0.00010039039845566197,0.0,1.0,9.02,FL,0.3594366408646358,False,False,-1.7698148199743469,-2.585565795620425,17.227422631808842,False,10.169208377388546,0.0,0.5879577954363142,45.0,90.0,0.11154640897873926,tilt,False
0.000692476398278541,-0.11154640897873926,0.00012312518620295125,0.0,1.0,9.02,FR,0.8594366408646358,True,True,-1.7739481724516337,-2.605853062499261,17.207108705269604,False,10.194013496278256,0.0,0.5849230639449953,45.0,90.0,0.11154640897873926,tilt,False
0.000692476398278541,-0.11154640897873926,0.00016505485725907436,0.0,1.0,9.02,RL,0.8594366408646358,True,True,-2.0047111241516187,-1.9446282960557357,17.869699913178906,False,11.47796025199207,0.0,0.7142124616173418,45.0,90.0,0.11154640897873926,tilt,False
0.000692476398278541,-0.11154640897873926,0.00011137160711137893,0.0,1.0,9.02,RR,0.3594366408646358,False,False,-2.0082180035108714,-2.0057057056150143,17.80855365067427,False,11.499285777184012,0.0,0.7217488895389437,45.0,90.0,0.11154640897873926,tilt,False
0.0008133903412875644,-0.11140773382353497,9.688770948283653e-05,0.0,1.0,9.040000000000001,FL,0.3594366408646358,False,False,-1.7698184261733112,-2.58492429648138,17.228065447508335,False,10.169227228247237,0.0,0.5876212481915569,45.0,90.0,0.11140773382353497,tilt,False
0.0008133903412875644,-0.11140773382353497,0.00011890754311372454,0.0,1.0,9.040000000000001,FR,0.8594366408646358,True,True,-1.7739571311494036,-2.6041473588622743,17.208817613524268,False,10.194061858302494,0.0,0.5847553604948721,45.0,90.0,0.11140773382353497,tilt,False
0.0008133903412875644,-0.11140773382353497,0.00015939784316464813,0.0,1.0,9.040000000000001,RL,0.8594366408646358,True,True,-2.004689730863679,-1.948198562273691,17.866125476767948,False,11.47784655474826,0.0,0.7138705386068765,45.0,90.0,0.11140773382353497,tilt,False
0.0008133903412875644,-0.11140773382353497,0.0001073435661009661,0.0,1.0,9.040000000000001,RR,0.3594366408646358,False,False,-2.0082275716420095,-2.006875682439329,17.807382383602008,False,11.499336382331084,0.0,0.7212172858046436,45.0,90.0,0.11140773382353497,tilt,False
0.0009301853331390253,-0.1112737838961238,9.3507783992803e-05,0.0,1.0,9.06,FL,0.3594366408646358,False,False,-1.7698218715699876,-2.5843032602386704,17.228687757482717,False,10.169245234820723,0.0,0.587297025852863,45.0,90.0,0.1112737838961238,tilt,False
0.0009301853331390253,-0.1112737838961238,0.00011483493736729231,0.0,1.0,9.06,FR,0.8594366408646358,True,True,-1.7739658225370893,-2.6024995016139947,17.210468564837615,False,10.194108775212424,0.0,0.5845942835293201,45.0,90.0,0.1112737838961238,tilt,False
0.0009301853331390253,-0.1112737838961238,0.00015393539096338928,0.0,1.0,9.06,RL,0.8594366408646358,True,True,-2.0046691021613494,-1.951648664774444,17.862671337296476,False,11.477736921217991,0.0,0.7135415184954926,45.0,90.0,0.1112737838961238,tilt,False
0.0009301853331390253,-0.1112737838961238,0.00010346156981112533,0.0,1.0,9.06,RR,0.3594366408646358,False,False,-2.0082367755295123,-2.0080060986150015,17.806250720036807,False,11.499385060971736,0.0,0.7207049910754607,45.0,90.0,0.1112737838961238,tilt,False
0.001043001963411976,-0.11114439780783289,9.024629849251172e-05,0.0,1.0,9.08,FL,0.3594366408646358,False,False,-1.7698251630272646,-2.583702041095596,17.229290208921828,False,10.169262433326955,0.0,0.5869846764760752,45.0,90.0,0.11114439780783289,tilt,False
0.001043001963411976,-0.11114439780783289,0.00011090235993558888,0.0,1.0,9.08,FR,0.8594366408646358,True,True,-1.773974254371452,-2.600907525845901,17.21206352799962,False,10.19415428893604,0.0,0.5844395736583099,45.0,90.0,0.11114439780783289,tilt,False
0.001043001963411976,-0.11114439780783289,0.00014866078168724185,0.0,1.0,9.08,RL,0.8594366408646358,True,True,-2.004649210661881,-1.9549826475517527,17.859333446759834,False,11.477631205819556,0.0,0.7132249150292738,45.0,90.0,0.11114439780783289,tilt,False
0.001043001963411976,-0.11114439780783289,9.972030996819984e-05,0.0,1.0,9.08,RR,0.3594366408646358,False,False,-2.0082456289936266,-2.009098293642295,17.805157319075324,False,11.499431886201352,0.0,0.7202113027178668,45.0,90.0,0.11114439780783289,tilt,False
0.0011519760041859232,-0.11101941970270064,8.70990824298378e-05,0.0,1.0,9.1,FL,0.3594366408646358,False,False,-1.7698283071322443,-2.5831200133705905,17.22987342885461,False,10.169278858513588,0.0,0.5866837647163016,45.0,90.0,0.11101941970270064,tilt,False
0.0011519760041859232,-0.11101941970270064,0.00010710497537225953,0.0,1.0,9.1,FR,0.8594366408646358,True,True,-1.7739824341870893,-2.599369533507527,17.21360440480146,False,10.194198440200665,0.0,0.58429098155979,45.0,90.0,0.11101941970270064,tilt,False
0.0011519760041859232,-0.11101941970270064,0.00014356752934133781,0.0,1.0,9.1,RL,0.8594366408646358,True,True,-2.0046300299651416,-1.958204418501204,17.85610789335499,False,11.477529268197035,0.0,0.7129202602703589,45.0,90.0,0.11101941970270064,tilt,False
0.0011519760041859232,-0.11101941970270064,9.611467189118687e-05,0.0,1.0,9.1,RR,0.3594366408646358,False,False,-2.0082541453331006,-2.0101535616049055,17.804100885274977,False,11.499476928354541,0.0,0.7197355437114773,45.0,90.0,0.11101941970270064,tilt,False
0.0012572385764105921,-0.11089869906660163,8.406211293443915e-05,0.0,1.0,9.120000000000001,FL,0.3594366408646358,False,False,-1.7698313102029948,-2.5825565708789826,17.23043802476923,False,10.169294543703657,0.0,0.5863938712162328,45.0,90.0,0.11089869906660163,tilt,False
0.0012572385764105921,-0.11089869906660163,0.0001034381161617474,0.0,1.0,9.120000000000001,FR,0.8594366408646358,True,True,-1.7739903693008048,-2.5978836911277683,17.215093032319928,False,10.194241268569197,0.0,0.584148267592846,45.0,90.0,0.11089869906660163,tilt,False
0.0012572385764105921,-0.11089869906660163,0.00013864937305337998,0.0,1.0,9.120000000000001,RL,0.8594366408646358,True,True,-2.004611534616063,-1.9613177540013342,17.85299089689843,False,11.477430973026529,0.0,0.7126271039055883,45.0,90.0,0.11089869906660163,tilt,False
0.0012572385764105921,-0.11089869906660163,9.263972720351567e-05,0.0,1.0,9.120000000000001,RR,0.3594366408646358,False,False,-2.0082623373439863,-2.0111731527116747,17.803080167111464,False,11.49952025511048,0.0,0.7192770617145879,45.0,90.0,0.11089869906660163,tilt,False
0.0013589163108034296,-0.11078209054304305,8.113150940247679e-05,0.0,1.0,9.14,FL,0.3594366408646358,False,False,-1.7698341783025615,-2.5820111263361625,17.23098458521108,False,10.169309520853194,0.0,0.5861145920172903,45.0,90.0,0.11078209054304305,tilt,False
0.0013589163108034296,-0.11078209054304305,9.98972765219447e-05,0.0,1.0,9.14,FR,0.8594366408646358,True,True,-1.7739980668204787,-2.5964482276136827,17.216531185123447,False,10.194282812481397,0.0,0.584011201425358,45.0,90.0,0.11078209054304305,tilt,False
0.0013589163108034296,-0.11078209054304305,0.0001339002690979781,0.0,1.0,9.14,RL,0.8594366408646358,True,True,-2.00459370007329,-1.964326303341344,17.849978804396578,False,11.477336189836604,0.0,0.7123450125815272,45.0,90.0,0.11078209054304305,tilt,False
0.0013589163108034296,-0.11078209054304305,8.929072714887682e-05,0.0,1.0,9.14,RR,0.3594366408646358,False,False,-2.008270217339774,-2.0121582747853437,17.802093955488296,False,11.499561931596928,0.0,0.7188352281636563,45.0,90.0,0.11078209054304305,tilt,False
0.0014571315033109788,-0.11066945375537102,7.830352860687976e-05,0.0,1.0,9.16,FL,0.3594366408646358,False,False,-1.769836917244135,-2.5814831107764773,17.231513680365524,False,10.169323820593618,0.0,0.585845537992706,45.0,90.0,0.11066945375537102,tilt,False
0.0014571315033109788,-0.11066945375537102,9.647810706431483e-05,0.0,1.0,9.16,FR,0.8594366408646358,True,True,-1.7740055336499077,-2.595061432124894,17.217920577402843,False,10.194323109287602,0.0,0.5838795616756807,45.0,90.0,0.11066945375537102,tilt,False
0.0014571315033109788,-0.11066945375537102,0.00012931438337545842,0.0,1.0,9.16,RL,0.8594366408646358,True,True,-2.004576502674396,-1.9672335929982847,17.847068085767333,False,11.47724479282871,0.0,0.7120735692648318,45.0,90.0,0.11066945375537102,tilt,False
0.0014571315033109788,-0.11066945375537102,8.606309594779903e-05,0.0,1.0,9.16,RR,0.3594366408646358,False,False,-2.008277797169257,-2.013110094702248,17.801141082296276,False,11.499602020487007,0.0,0.7184094374055271,45.0,90.0,0.11066945375537102,tilt,False
0.0015520022651645397,-0.11056065313517632,7.557455968520505e-05,0.0,1.0,9.18,FL,0.3594366408646358,False,False,-1.7698395326014027,-2.580971972992164,17.232025862620254,False,10.169337472283113,0.0,0.5855863343016776,45.0,90.0,0.11056065313517632,tilt,False
0.0015520022651645397,-0.11056065313517632,9.317640919344634e-05,0.0,1.0,9.18,FR,0.8594366408646358,True,True,-1.774012776496435,-2.5937216520199002,17.21926286502983,False,10.194362195285192,0.0,0.5837531355678474,45.0,90.0,0.11056065313517632,tilt,False
0.0015520022651645397,-0.11056065313517632,0.00012488608409557097,0.0,1.0,9.18,RL,0.8594366408646358,True,True,-2.0045599196038197,-1.9700430307716295,17.8442553297038,False,11.477156660709877,0.0,0.711812372626949,45.0,90.0,0.11056065313517632,tilt,False
0.0015520022651645397,-0.11056065313517632,8.295242447185918e-05,0.0,1.0,9.18,RR,0.3594366408646358,False,False,-2.008285088230706,-2.0140297397806677,17.80022041902358,False,11.499640582089198,0.0,0.7179991058612374,45.0,90.0,0.11056065313517632,tilt,False
0.0016436426676220725,-0.11045555775666915,7.294111951885455e-05,0.0,1.0,9.200000000000001,FL,0.3594366408646358,False,False,-1.7698420297197968,-2.5804771789856296,17.232521667114234,False,10.169350504058013,0.0,0.5853366198637721,45.0,90.0,0.11045555775666915,tilt,False
0.0016436426676220725,-0.11045555775666915,8.99881296825189e-05,0.0,1.0,9.200000000000001,FR,0.8594366408646358,True,True,-1.7740198018779616,-2.5924272908729726,17.220559647544178,False,10.194400105750843,0.0,0.5836317185998412,45.0,90.0,0.11045555775666915,tilt,False
0.0016436426676220725,-0.11045555775666915,0.00012060993459715785,0.0,1.0,9.200000000000001,RL,0.8594366408646358,True,True,-2.004543928864153,-1.9727579097775956,17.84153723967787,False,11.477071676528997,0.0,0.711561036452201,45.0,90.0,0.11045555775666915,tilt,False
0.0016436426676220725,-0.11045555775666915,7.995446421201819e-05,0.0,1.0,9.200000000000001,RR,0.3594366408646358,False,False,-2.008292101497486,-2.0149182991248265,17.799330875410746,False,11.499677674447193,0.0,0.7176036712202722,45.0,90.0,0.11045555775666915,tilt,False
0.001732162881518369,-0.11035404117681945,7.039984813115304e-05,0.0,1.0,9.22,FL,0.3594366408646358,False,False,-1.7698444137213416,-2.5799982114428737,17.233001612265678,False,10.16936294287379,0.0,0.5850960468527933,45.0,90.0,0.11035404117681945,tilt,False
0.001732162881518369,-0.11035404117681945,8.690935605166704e-05,0.0,1.0,9.22,FR,0.8594366408646358,True,True,-1.7740266161273137,-2.591176806557637,17.221812470075108,False,10.194436874968815,0.0,0.5835151142244733,45.0,90.0,0.11035404117681945,tilt,False
0.001732162881518369,-0.11035404117681945,0.000116480686841128,0.0,1.0,9.22,RL,0.8594366408646358,True,True,-2.0045285092444054,-1.975381412310167,17.838910630077994,False,11.47698972752103,0.0,0.7113191890683315,45.0,90.0,0.11035404117681945,tilt,False
0.001732162881518369,-0.11035404117681945,7.70651213231929e-05,0.0,1.0,9.22,RR,0.3594366408646358,False,False,-2.008298847525937,-2.0157768249206356,17.798471398153715,False,11.499713353414455,0.0,0.7172225916641901,45.0,90.0,0.11035404117681945,tilt,False
0.001817669311780411,-0.1102559812810522,6.794750436051205e-05,0.0,1.0,9.24,FL,0.3594366408646358,False,False,-1.7698466895148985,-2.5795345692193465,17.233466200287367,False,10.169374814554956,0.0,0.5848642802093523,45.0,90.0,0.1102559812810522,tilt,False
0.001817669311780411,-0.1102559812810522,8.393631127260795e-05,0.0,1.0,9.24,FR,0.8594366408646358,True,True,-1.7740332253989923,-2.589968709397185,17.223022825194725,False,10.194472536261236,0.0,0.5834031335424237,45.0,90.0,0.1102559812810522,tilt,False
0.001817669311780411,-0.1102559812810522,0.00011249327455945613,0.0,1.0,9.24,RL,0.8594366408646358,True,True,-2.004513640292957,-1.977916613570694,17.836372422477446,False,11.476910704957836,0.0,0.7110864727986392,45.0,90.0,0.1102559812810522,tilt,False
0.001817669311780411,-0.1102559812810522,7.428045101550341e-05,0.0,1.0,9.24,RR,0.3594366408646358,False,False,-2.0083053364754675,-2.0166063336887197,17.797640969649766,False,11.499747672741702,0.0,0.7168553451185543,45.0,90.0,0.1102559812810522,tilt,False
0.0019002647270850485,-0.11016126013430592,6.558096161302618e-05,0.0,1.0,9.26,FL,0.3594366408646358,False,False,-1.7698488618036605,-2.5790857668423,17.23391591768548,False,10.169386143839102,0.0,0.5846409971714415,45.0,90.0,0.11016126013430592,tilt,False
0.0019002647270850485,-0.11016126013430592,8.10653492076683e-05,0.0,1.0,9.26,FR,0.8594366408646358,True,True,-1.7740396356742059,-2.5888015603772567,17.224192154709442,False,10.194507122014034,0.0,0.5832955950069952,45.0,90.0,0.11016126013430592,tilt,False
0.0019002647270850485,-0.11016126013430592,0.00010864280699384601,0.0,1.0,9.26,RL,0.8594366408646358,True,True,-2.004499302289818,-1.980366485272337,17.833919642028192,False,11.476834504003774,0.0,0.7108625434348553,45.0,90.0,0.11016126013430592,tilt,False
0.0019002647270850485,-0.11016126013430592,7.15966521302026e-05,0.0,1.0,9.26,RR,0.3594366408646358,False,False,-2.0083115781221808,-2.0174078074950454,17.7968386067857,False,11.499780684153414,0.0,0.7165014285321674,45.0,90.0,0.11016126013430592,tilt,False
0.0019800483848386352,-0.11006976383725994,6.329720373810896e-05,0.0,1.0,9.28,FL,0.3594366408646358,False,False,-1.7698509350944913,-2.5786513340285975,17.234351235742835,False,10.169396954422293,0.0,0.584425886822327,45.0,90.0,0.11006976383725994,tilt,False
0.0019800483848386352,-0.11006976383725994,7.829295000032712e-05,0.0,1.0,9.28,FR,0.8594366408646358,True,True,-1.7740458527660055,-2.5876739694196855,17.22532185138987,False,10.19454066370254,0.0,0.583192324140164,45.0,90.0,0.11006976383725994,tilt,False
0.0019800483848386352,-0.11006976383725994,0.00010492456284666836,0.0,1.0,9.28,RL,0.8594366408646358,True,True,-2.0044854762210766,-1.9827338991234809,17.831549413975456,False,11.47676102357781,0.0,0.7106470697299587,45.0,90.0,0.11006976383725994,tilt,False
0.0019800483848386352,-0.11006976383725994,6.90100618996527e-05,0.0,1.0,9.28,RR,0.3594366408646358,False,False,-2.008317581874322,-2.018182195120472,17.79606335976714,False,11.499812437423449,0.0,0.7161603571826197,45.0,90.0,0.11006976383725994,tilt,False
0.0020571161516874546,-0.10998138238755965,6.109332122747208e-05,0.0,1.0,9.3,FL,0.3594366408646358,False,False,-1.7698529137039758,-2.578230815216572,17.234772610988387,False,10.169407268999391,0.0,0.584218649655101,45.0,90.0,0.10998138238755965,tilt,False
0.0020571161516874546,-0.10998138238755965,7.561571582029613e-05,0.0,1.0,9.3,FR,0.8594366408646358,True,True,-1.7740518823237197,-2.58658459371534,17.226413260642033,False,10.194573191915621,0.0,0.5830931532595007,45.0,90.0,0.10998138238755965,tilt,False
0.0020571161516874546,-0.10998138238755965,0.0001013339843526394,0.0,1.0,9.3,RL,0.8594366408646358,True,True,-2.0044721437525865,-1.9850216301934045,17.829258960290456,False,11.476690166219441,0.0,0.7104397329101609,45.0,90.0,0.10998138238755965,tilt,False
0.0020571161516874546,-0.10998138238755965,6.651715081379883e-05,0.0,1.0,9.3,RR,0.3594366408646358,False,False,-2.008323356784081,-2.0189304131895853,17.795314310988882,False,11.499842980444916,0.0,0.7158316640072014,45.0,90.0,0.10998138238755965,tilt,False
0.0021315606197508425,-0.10989600954584629,5.896650729996987e-05,0.0,1.0,9.32,FL,0.3594366408646358,False,False,-1.7698548017670013,-2.5778237691119545,17.23518048565207,False,10.169417109307105,0.0,0.5840189971532832,45.0,90.0,0.10989600954584629,tilt,False
0.0021315606197508425,-0.10989600954584629,7.303036641592455e-05,0.0,1.0,9.32,FR,0.8594366408646358,True,True,-1.7740577298372453,-2.585532136113854,17.227467682120732,False,10.19460473637886,0.0,0.582997921215553,45.0,90.0,0.10989600954584629,tilt,False
0.0021315606197508425,-0.10989600954584629,9.786667150685305e-05,0.0,1.0,9.32,RL,0.8594366408646358,True,True,-2.0044592872070153,-1.9872323601649657,17.82704559641558,False,11.476621837960744,0.0,0.710240226205316,45.0,90.0,0.10989600954584629,tilt,False
0.0021315606197508425,-0.10989600954584629,6.411451790108654e-05,0.0,1.0,9.32,RR,0.3594366408646358,False,False,-2.008328911563072,-2.019653347263121,17.794590573941278,False,11.499872359302392,0.0,0.7155148989582677,45.0,90.0,0.10989600954584629,tilt,False
0.002203471218761325,-0.10981354270642707,5.6914054329409255e-05,0.0,1.0,9.34,FL,0.3594366408646358,False,False,-1.769856603244281,-2.5774297682476486,17.235575288106435,False,10.169426496163338,0.0,0.5838266513868733,45.0,90.0,0.10981354270642707,tilt,False
0.002203471218761325,-0.10981354270642707,7.053373518163876e-05,0.0,1.0,9.34,FR,0.8594366408646358,True,True,-1.7740634006423242,-2.584515343568926,17.228486371288113,False,10.194635325978986,0.0,0.5829064731393004,45.0,90.0,0.10981354270642707,tilt,False
0.002203471218761325,-0.10981354270642707,9.45183767444048e-05,0.0,1.0,9.34,RL,0.8594366408646358,True,True,-2.0044468895400147,-1.9893686804770307,17.824906728120393,False,11.476555948202916,0.0,0.7100482543970559,45.0,90.0,0.10981354270642707,tilt,False
0.002203471218761325,-0.10981354270642707,6.179888589199638e-05,0.0,1.0,9.34,RR,0.3594366408646358,False,False,-2.0083342545930174,-2.020351852890855,17.793891292156566,False,11.499900618336047,0.0,0.7152096283821602,45.0,90.0,0.10981354270642707,tilt,False
0.002272934324291435,-0.10973388277243756,5.4933350278987365e-05,0.0,1.0,9.36,FL,0.3594366408646358,False,False,-1.7698583219283373,-2.5770483985575985,17.235957433293297,False,10.169435449504082,0.0,0.5836413446232761,45.0,90.0,0.10973388277243756,tilt,False
0.002272934324291435,-0.10973388277243756,6.812276511258251e-05,0.0,1.0,9.36,FR,0.8594366408646358,True,True,-1.7740688999222063,-2.583533005635255,17.229470540919515,False,10.19466498878266,0.0,0.5828186601992944,45.0,90.0,0.10973388277243756,tilt,False
0.002272934324291435,-0.10973388277243756,9.128499930300625e-05,0.0,1.0,9.36,RL,0.8594366408646358,True,True,-2.0044349343159227,-1.991433095361563,17.822839848462227,False,11.47649240959429,0.0,0.7098635333839685,45.0,90.0,0.10973388277243756,tilt,False
0.002272934324291435,-0.10973388277243756,5.956709679743034e-05,0.0,1.0,9.36,RR,0.3594366408646358,False,False,-2.0083393939379737,-2.0210267566314126,17.793215638187775,False,11.499927800206724,0.0,0.7149154344208328,45.0,90.0,0.10973388277243756,tilt,False
0.002340033362232208,-0.10965693403531468,5.3021875268658684e-05,0.0,1.0,9.38,FL,0.3594366408646358,False,False,-1.7698599614535404,-2.5766792589615415,17.23632732314031,False,10.169443988423584,0.0,0.5834628189525671,45.0,90.0,0.10965693403531468,tilt,False
0.002340033362232208,-0.10965693403531468,6.579450494816156e-05,0.0,1.0,9.38,FR,0.8594366408646358,True,True,-1.77407423271677,-2.5825839530182715,17.23042136255723,False,10.194693752065106,0.0,0.5827343393681158,45.0,90.0,0.10965693403531468,tilt,False
0.002340033362232208,-0.10965693403531468,8.816258060142717e-05,0.0,1.0,9.38,RL,0.8594366408646358,True,True,-2.004423405691354,-1.993428024778969,17.820842534849287,False,11.476431137919851,0.0,0.7096857897631678,45.0,90.0,0.10965693403531468,tilt,False
0.002340033362232208,-0.10965693403531468,5.741610759072781e-05,0.0,1.0,9.38,RR,0.3594366408646358,False,False,-2.0083443373590146,-2.0216788570350426,17.792562812625256,False,11.499953945960431,0.0,0.7146319144353606,45.0,90.0,0.10965693403531468,tilt,False
0.0024048489096788884,-0.1095826040584563,5.117719845187925e-05,0.0,1.0,9.4,FL,0.3594366408646358,False,False,-1.769861525298809,-2.5763219609652896,17.236685346961572,False,10.169452131203709,0.0,0.5832908259265519,45.0,90.0,0.1095826040584563,tilt,False
0.0024048489096788884,-0.1095826040584563,6.354610571777928e-05,0.0,1.0,9.4,FR,0.8594366408646358,True,True,-1.774079403920617,-2.581667056172771,17.23133996791487,False,10.194721642322788,0.0,0.5826533731977953,45.0,90.0,0.1095826040584563,tilt,False
0.0024048489096788884,-0.1095826040584563,8.514729880540158e-05,0.0,1.0,9.4,RL,0.8594366408646358,True,True,-2.0044122883880777,-1.9953558072526232,17.81891244620426,False,11.476372051983192,0.0,0.7095147604276363,45.0,90.0,0.1095826040584563,tilt,False
0.0024048489096788884,-0.1095826040584563,5.5342985875738495e-05,0.0,1.0,9.4,RR,0.3594366408646358,False,False,-2.0083490923214558,-2.022308925594893,17.791932043144584,False,11.499979095084395,0.0,0.7143586804505203,45.0,90.0,0.1095826040584563,tilt,False
0.0024674587923553706,-0.1095108035648938,4.9396974699558904e-05,0.0,1.0,9.42,FL,0.3594366408646358,False,False,-1.76986301679629,-2.575976128269899,17.237031881849198,False,10.169459895351666,0.0,0.5831251262111214,45.0,90.0,0.1095108035648938,tilt,False
0.0024674587923553706,-0.1095108035648938,6.13748169046645e-05,0.0,1.0,9.42,FR,0.8594366408646358,True,True,-1.7740844182900921,-2.5807812239492,17.23222745023377,False,10.194748685300363,0.0,0.5825756296038477,45.0,90.0,0.1095108035648938,tilt,False
0.0024674587923553706,-0.1095108035648938,8.223546437848571e-05,0.0,1.0,9.42,RL,0.8594366408646358,True,True,-2.004401567676891,-1.997218702611353,17.817047320219757,False,11.476315073503436,0.0,0.7093501921787364,45.0,90.0,0.1095108035648938,tilt,False
0.0024674587923553706,-0.1095108035648938,5.334490598273058e-05,0.0,1.0,9.42,RR,0.3594366408646358,False,False,-2.0083536660080794,-2.022917707664471,17.791322583587917,False,11.500003285568052,0.0,0.7140953586196847,45.0,90.0,0.1095108035648938,tilt,False
0.0025279381787179094,-0.1094414463288479,4.7678941645487875e-05,0.0,1.0,9.44,FL,0.3594366408646358,False,False,-1.76986443913639,-2.575641396395118,17.237367293050912,False,10.16946729762951,0.0,0.5829654892514086,45.0,90.0,0.1094414463288479,tilt,False
0.0025279381787179094,-0.1094414463288479,5.927798321131102e-05,0.0,1.0,9.44,FR,0.8594366408646358,True,True,-1.7740892804465578,-2.579925402286,17.233084865593614,False,10.19477490600932,0.0,0.582500981657607,45.0,90.0,0.1094414463288479,tilt,False
0.0025279381787179094,-0.1094414463288479,7.942351538847392e-05,0.0,1.0,9.44,RL,0.8594366408646358,True,True,-2.0043912293562713,-1.9990188946360092,17.815244970710033,False,11.4762601270087,0.0,0.7091918413533207,45.0,90.0,0.1094414463288479,tilt,False
0.0025279381787179094,-0.1094414463288479,5.1419145017087555e-05,0.0,1.0,9.44,RR,0.3594366408646358,False,False,-2.008358065328834,-2.023505923345239,17.790733713075827,False,11.500026553957614,0.0,0.7138415887092775,45.0,90.0,0.1094414463288479,tilt,False
0.002586359670845911,-0.10937444907103881,4.6020916717890945e-05,0.0,1.0,9.46,FL,0.3594366408646358,False,False,-1.7698657953742203,-2.57531741231358,17.237691934336606,False,10.169474354085711,0.0,0.5828116929492806,45.0,90.0,0.10937444907103881,tilt,False
0.002586359670845911,-0.10937444907103881,5.725304117419681e-05,0.0,1.0,9.46,FR,0.8594366408646358,True,True,-1.7740939948796448,-2.579098572947424,17.233913234177354,False,10.194800328748123,0.0,0.5824293073865253,45.0,90.0,0.10937444907103881,tilt,False
0.002586359670845911,-0.10937444907103881,7.670801306659297e-05,0.0,1.0,9.46,RL,0.8594366408646358,True,True,-2.004381259733946,-2.0007584936192204,17.81350328504944,False,11.476207139736161,0.0,0.7090394734648826,45.0,90.0,0.10937444907103881,tilt,False
0.002586359670845911,-0.10937444907103881,4.956307913109434e-05,0.0,1.0,9.46,RR,0.3594366408646358,False,False,-2.008362296931486,-2.0240742683433064,17.790164735149677,False,11.500048935411229,0.0,0.7135970236020831,45.0,90.0,0.10937444907103881,tilt,False
0.0026427933922316357,-0.10930973135760615,4.4420794282452864e-05,0.0,1.0,9.48,FL,0.3594366408646358,False,False,-1.76986708843593,-2.575003834095948,17.238006148354053,False,10.169481080086115,0.0,0.5826635233527043,45.0,90.0,0.10930973135760615,tilt,False
0.0026427933922316357,-0.10930973135760615,5.5297515971632054e-05,0.0,1.0,9.48,FR,0.8594366408646358,True,True,-1.7740985659512807,-2.5782997523028475,17.234713541494227,False,10.194824977121838,0.0,0.582360489582147,45.0,90.0,0.10930973135760615,tilt,False
0.0026427933922316357,-0.10930973135760615,7.408563751227425e-05,0.0,1.0,9.48,RL,0.8594366408646358,True,True,-2.0043716456096607,-2.002439538838316,17.811820221697555,False,11.476156041535505,0.0,0.7088928628582213,45.0,90.0,0.10930973135760615,tilt,False
0.0026427933922316357,-0.10930973135760615,4.777417989079244e-05,0.0,1.0,9.48,RR,0.3594366408646358,False,False,-2.008366367211932,-2.0246234147967486,17.789614976943447,False,11.500070463751321,0.0,0.7133613288187141,45.0,90.0,0.10930973135760615,tilt,False
0.002697307072582017,-0.10924721550252191,4.287654302995129e-05,0.0,1.0,9.5,FL,0.3594366408646358,False,False,-1.769868321121859,-2.5747003305662717,17.238310266974302,False,10.16948749033797,0.0,0.5825207743565481,45.0,90.0,0.10924721550252191,tilt,False
0.002697307072582017,-0.10924721550252191,5.340901837727155e-05,0.0,1.0,9.5,FR,0.8594366408646358,True,True,-1.774102997899013,-2.57752799014967,17.23548673955963,False,10.1948488740617,0.0,0.5822944156154629,45.0,90.0,0.10924721550252191,tilt,False
0.002697307072582017,-0.10924721550252191,7.155318360206481e-05,0.0,1.0,9.5,RL,0.8594366408646358,True,True,-2.0043623742561008,-2.0040640009451987,17.810193807807643,False,11.476106764774283,0.0,0.7087517923771105,45.0,90.0,0.10924721550252191,tilt,False
0.002697307072582017,-0.10924721550252191,4.605001082224387e-05,0.0,1.0,9.5,RR,0.3594366408646358,False,False,-2.008370282321967,-2.02515401207564,17.78908378838301,False,11.500091171513288,0.0,0.713134182056573,45.0,90.0,0.10924721550252191,tilt,False
0.002749966129719297,-0.1091868264733762,4.1386203170453775e-05,0.0,1.0,9.52,FL,0.3594366408646358,False,False,-1.769869496113595,-2.5744065809696277,17.23860461162478,False,10.169493598920434,0.0,0.582383247414397,45.0,90.0,0.1091868264733762,tilt,False
0.002749966129719297,-0.1091868264733762,5.1585241748899e-05,0.0,1.0,9.52,FR,0.8594366408646358,True,True,-1.7741072948394068,-2.576782368574334,17.236233748036224,False,10.19487204184296,0.0,0.5822309772593618,45.0,90.0,0.1091868264733762,tilt,False
0.002749966129719297,-0.1091868264733762,6.910755698948184e-05,0.0,1.0,9.52,RL,0.8594366408646358,True,True,-2.00435343340297,-2.0056337842752106,17.80862213691591,False,11.476059244248116,0.0,0.708616053044473,45.0,90.0,0.1091868264733762,tilt,False
0.002749966129719297,-0.1091868264733762,4.438822402682515e-05,0.0,1.0,9.52,RR,0.3594366408646358,False,False,-2.0083740481804666,-2.0256666875542173,17.78857054141313,False,11.500111089996214,0.0,0.7129152727456678,45.0,90.0,0.1091868264733762,tilt,False
0.0028008337486851898,-0.10912849180040307,3.994788407948041e-05,0.0,1.0,9.540000000000001,FL,0.3594366408646358,False,False,-1.7698706159782196,-2.574122274648153,17.238889493614103,False,10.169499419308297,0.0,0.5822507512609773,45.0,90.0,0.10912849180040307,tilt,False
0.0028008337486851898,-0.10912849180040307,4.982395917661563e-05,0.0,1.0,9.540000000000001,FR,0.8594366408646358,True,True,-1.7741114607712494,-2.576062000854234,17.23695545533456,False,10.194894502103175,0.0,0.5821700705179107,45.0,90.0,0.10912849180040307,tilt,False
0.0028008337486851898,-0.10912849180040307,6.674577024178498e-05,0.0,1.0,9.540000000000001,RL,0.8594366408646358,True,True,-2.004344811220034,-2.0071507290792128,17.8071033667078,False,11.47601341709273,0.0,0.7084854437545993,45.0,90.0,0.10912849180040307,tilt,False
0.0028008337486851898,-0.10912849180040307,4.2786557011533584e-05,0.0,1.0,9.540000000000001,RR,0.3594366408646358,False,False,-2.008377670480399,-2.0261620473577024,17.788074629249977,False,11.50013024930713,0.0,0.7127043016206661,45.0,90.0,0.10912849180040307,tilt,False
0.0028499709581308605,-0.10907214148865493,3.85597617009288e-05,0.0,1.0,9.56,FL,0.3594366408646358,False,False,-1.7698716831724068,-2.5738471107275633,17.239165214446196,False,10.169504964398064,0.0,0.5821231016447914,45.0,90.0,0.10907214148865493,tilt,False
0.0028499709581308605,-0.10907214148865493,4.812302075616834e-05,0.0,1.0,9.56,FR,0.8594366408646358,True,True,-1.774115499578715,-2.5753660303949184,17.237652719677936,False,10.194916275859876,0.0,0.5821115954622011,45.0,90.0,0.10907214148865493,tilt,False
0.0028499709581308605,-0.10907214148865493,6.44649391411227e-05,0.0,1.0,9.56,RL,0.8594366408646358,True,True,-2.004336496301093,-2.0086166136795045,17.805635716860305,False,11.475969222700392,0.0,0.7083597709769452,45.0,90.0,0.10907214148865493,tilt,False
0.0028499709581308605,-0.10907214148865493,4.1242829485794094e-05,0.0,1.0,9.56,RR,0.3594366408646358,False,False,-2.008381154698518,-2.0266406770818692,17.787595465660853,False,11.500148678408552,0.0,0.7125009803085887,45.0,90.0,0.10907214148865493,tilt,False
0.0028974367040917864,-0.1090177079332005,3.722007624466166e-05,0.0,1.0,9.58,FL,0.3594366408646358,False,False,-1.7698727000484102,-2.5735807978137064,17.2394320661243,False,10.169510246532028,0.0,0.582000121070593,45.0,90.0,0.1090177079332005,tilt,False
0.0028974367040917864,-0.1090177079332005,4.6480350760745416e-05,0.0,1.0,9.58,FR,0.8594366408646358,True,True,-1.7741194150355521,-2.574693629705402,17.238326370129162,False,10.194937383529226,0.0,0.5820554560725174,45.0,90.0,0.1090177079332005,tilt,False
0.0028974367040917864,-0.1090177079332005,6.226227907344291e-05,0.0,1.0,9.58,RL,0.8594366408646358,True,True,-2.004328477650398,-2.010033156554413,17.804217466955564,False,11.475926602639863,0.0,0.708238848471075,45.0,90.0,0.1090177079332005,tilt,False
0.0028974367040917864,-0.1090177079332005,3.975494045038477e-05,0.0,1.0,9.58,RR,0.3594366408646358,False,False,-2.008384506103307,-2.0271031424905703,17.78713248426581,False,11.500166405160503,0.0,0.7123050309315765,45.0,90.0,0.1090177079332005,tilt,False
0.0029432879212284912,-0.10896512583724109,3.592712995080225e-05,0.0,1.0,9.6,FL,0.3594366408646358,False,False,-1.7698736688568708,-2.5733230536978473,17.239690331446624,False,10.169515277519926,0.0,0.5818816385513303,45.0,90.0,0.10896512583724109,tilt,False
0.0029432879212284912,-0.10896512583724109,4.48939453127248e-05,0.0,1.0,9.6,FR,0.8594366408646358,True,True,-1.7741232108066627,-2.574043999407274,17.238977207583726,False,10.194957844940408,0.0,0.5820015600865867,45.0,90.0,0.10896512583724109,tilt,False
0.0029432879212284912,-0.10896512583724109,6.013510165745687e-05,0.0,1.0,9.6,RL,0.8594366408646358,True,True,-2.004320744665951,-2.0114020183515207,17.802846954466208,False,11.475885500576688,0.0,0.7081224970123372,45.0,90.0,0.10896512583724109,tilt,False
0.0029432879212284912,-0.10896512583724109,3.8320865259888294e-05,0.0,1.0,9.6,RR,0.3594366408646358,False,False,-2.0083877297622648,-2.0275499901878034,17.786685137865135,False,11.500183456361727,0.0,0.7121161857241701,45.0,90.0,0.10896512583724109,tilt,False
0.002987579535830592,-0.10891433222599825,3.467977503168387e-05,0.0,1.0,9.620000000000001,FL,0.3594366408646358,False,False,-1.769874588615359,-2.5730735978563084,17.239940291523475,False,10.169520071201427,0.0,0.5817674875129408,45.0,90.0,0.10891433222599825,tilt,False
0.002987579535830592,-0.10891433222599825,4.33625350146783e-05,0.0,1.0,9.620000000000001,FR,0.8594366408646358,True,True,-1.7741268845165998,-2.573416354391584,17.239606018641588,False,10.194977678574176,0.0,0.581949817979107,45.0,90.0,0.10891433222599825,tilt,False
0.002987579535830592,-0.10891433222599825,5.8081685285186577e-05,0.0,1.0,9.620000000000001,RL,0.8594366408646358,True,True,-2.0043132946615945,-2.012724820006653,17.80152255661124,False,11.475845857675312,0.0,0.7080105423935902,45.0,90.0,0.10891433222599825,tilt,False
0.002987579535830592,-0.10891433222599825,3.693918826984047e-05,0.0,1.0,9.620000000000001,RR,0.3594366408646358,False,False,-2.0083908324523767,-2.027981751375602,17.786252894677784,False,11.500199862898171,0.0,0.7119341838283322,45.0,90.0,0.10891433222599825,tilt,False
0.003030364618041884,-0.10886526619135356,3.347604141094167e-05,0.0,1.0,9.64,FL,0.3594366408646358,False,False,-1.7698754613068024,-2.5728321639490805,17.240182213248477,False,10.169524635230877,0.0,0.5816575091101045,45.0,90.0,0.10886526619135356,tilt,False
0.003030364618041884,-0.10886526619135356,4.188373885257587e-05,0.0,1.0,9.64,FR,0.8594366408646358,True,True,-1.7741304393484765,-2.5728099459264993,17.240213553450644,False,10.194996894499148,0.0,0.5819001445556862,45.0,90.0,0.10886526619135356,tilt,False
0.003030364618041884,-0.10886526619135356,5.609883956429095e-05,0.0,1.0,9.64,RL,0.8594366408646358,True,True,-2.0043061176115082,-2.0140031160043663,17.800242717136612,False,11.475807633832966,0.0,0.7079028185892183,45.0,90.0,0.10886526619135356,tilt,False
0.003030364618041884,-0.10886526619135356,3.56075886131543e-05,0.0,1.0,9.64,RR,0.3594366408646358,False,False,-2.0083938188515913,-2.0283989370675077,17.785835243131835,False,11.500215651038681,0.0,0.7117587764767382,45.0,90.0,0.10886526619135356,tilt,False
0.0030716945831470925,-0.10881786861867028,3.231411517593506e-05,0.0,1.0,9.66,FL,0.3594366408646358,False,False,-1.769876290861637,-2.5725984987817823,17.24041635034296,False,10.169528986593404,0.0,0.5815515509386427,45.0,90.0,0.10881786861867028,tilt,False
0.0030716945831470925,-0.10881786861867028,4.0455363560547205e-05,0.0,1.0,9.66,FR,0.8594366408646358,True,True,-1.7741338821828136,-2.5722240587799616,17.240800528594985,False,10.195015526759898,0.0,0.5818524582852289,45.0,90.0,0.10881786861867028,tilt,False
0.0030716945831470925,-0.10881786861867028,5.418363278434139e-05,0.0,1.0,9.66,RL,0.8594366408646358,True,True,-2.00429919934713,-2.0152383997164014,17.79900594096858,False,11.475770764646306,0.0,0.7077991664238942,45.0,90.0,0.10881786861867028,tilt,False
0.0030716945831470925,-0.10881786861867028,3.4323940643256866e-05,0.0,1.0,9.66,RR,0.3594366408646358,False,False,-2.008396692067982,-2.0288020398440167,17.785431690108098,False,11.50023083512348,0.0,0.7115897249241953,45.0,90.0,0.10881786861867028,tilt,False
0.003111619138016819,-0.1087720824444875,3.1192693728388884e-05,0.0,1.0,9.68,FL,0.3594366408646358,False,False,-1.7698770796406373,-2.5723723549960913,17.24064295068089,False,10.169533114486802,0.0,0.5814494659634879,45.0,90.0,0.1087720824444875,tilt,False
0.003111619138016819,-0.1087720824444875,3.9075895062924644e-05,0.0,1.0,9.68,FR,0.8594366408646358,True,True,-1.7741372171709986,-2.571657997928429,17.241367640413397,False,10.19503356667714,0.0,0.581806680688495,45.0,90.0,0.1087720824444875,tilt,False
0.003111619138016819,-0.1087720824444875,5.233402155886239e-05,0.0,1.0,9.68,RL,0.8594366408646358,True,True,-2.0042925297495824,-2.016432119713422,17.79781077787857,False,11.47573522613185,0.0,0.7076994324695692,45.0,90.0,0.1087720824444875,tilt,False
0.003111619138016819,-0.1087720824444875,3.308667599127846e-05,0.0,1.0,9.68,RR,0.3594366408646358,False,False,-2.00839945601268,-2.0291915367594977,17.785041758030314,False,11.500245427779399,0.0,0.7114267987086172,45.0,90.0,0.1087720824444875,tilt,False
0.0031501862875919283,-0.10872785265922888,3.0110333289680358e-05,0.0,1.0,9.700000000000001,FL,0.3594366408646358,False,False,-1.7698778298520859,-2.5721534933345787,17.240862254017458,False,10.169537063267063,0.0,0.581351112377455,45.0,90.0,0.10872785265922888,tilt,False
0.0031501862875919283,-0.10872785265922888,3.7743615034585483e-05,0.0,1.0,9.700000000000001,FR,0.8594366408646358,True,True,-1.774140448367923,-2.5711110925048692,17.241915561040784,False,10.1950510781458,0.0,0.5817627362629398,45.0,90.0,0.10872785265922888,tilt,False
0.0031501862875919283,-0.10872785265922888,5.054769895123157e-05,0.0,1.0,9.700000000000001,RL,0.8594366408646358,True,True,-2.0042860990499323,-2.0175856747005514,17.796655827556705,False,11.475700927272639,0.0,0.707603468908757,45.0,90.0,0.10872785265922888,tilt,False
0.0031501862875919283,-0.10872785265922888,3.1894082701181396e-05,0.0,1.0,9.700000000000001,RR,0.3594366408646358,False,False,-2.0084021146207847,-2.0295678883062127,17.784664985901898,False,11.500259478174538,0.0,0.7112697754788583,45.0,90.0,0.10872785265922888,tilt,False
0.003187442375754715,-0.10868512621235853,2.9065654876830146e-05,0.0,1.0,9.72,FL,0.3594366408646358,False,False,-1.7698785435352784,-2.5719416821093493,17.24107449252184,False,10.169540809227845,0.0,0.5812563539055463,45.0,90.0,0.10868512621235853,tilt,False
0.003187442375754715,-0.10868512621235853,3.645688263884835e-05,0.0,1.0,9.72,FR,0.8594366408646358,True,True,-1.7741435796273866,-2.5705826945432717,17.242444939666534,False,10.195068036179418,0.0,0.5817205525860898,45.0,90.0,0.10868512621235853,tilt,False
0.003187442375754715,-0.10868512621235853,4.882246624319527e-05,0.0,1.0,9.72,RL,0.8594366408646358,True,True,-2.0042798979114167,-2.0187004156124697,17.795539737514808,False,11.475667862191068,0.0,0.7075111337679012,45.0,90.0,0.10868512621235853,tilt,False
0.003187442375754715,-0.10868512621235853,3.074453109285216e-05,0.0,1.0,9.72,RR,0.3594366408646358,False,False,-2.0084046717940147,-2.0299315390268946,17.784300928692982,False,11.500272983880498,0.0,0.7111184414245467,45.0,90.0,0.10868512621235853,tilt,False
0.0032234321311834712,-0.10864385191958419,2.805736845185894e-05,0.0,1.0,9.74,FL,0.3594366408646358,False,False,-1.7698792222685389,-2.5717366962637844,17.24127989171788,False,10.169544379785226,0.0,0.5811650589625894,45.0,90.0,0.10864385191958419,tilt,False
0.0032234321311834712,-0.10864385191958419,3.521417332784788e-05,0.0,1.0,9.74,FR,0.8594366408646358,True,True,-1.7741466140288493,-2.5700721770247523,17.24295640449266,False,10.195084482187063,0.0,0.5816800599369295,45.0,90.0,0.10864385191958419,tilt,False
0.0032234321311834712,-0.10864385191958419,4.7156278248358105e-05,0.0,1.0,9.74,RL,0.8594366408646358,True,True,-2.004273918084172,-2.0197776486677346,17.794461200028433,False,11.47563596305963,0.0,0.7074222901506142,45.0,90.0,0.10864385191958419,tilt,False
0.0032234321311834712,-0.10864385191958419,2.9636492056534243e-05,0.0,1.0,9.74,RR,0.3594366408646358,False,False,-2.0084071314736622,-2.0302829183318285,17.78394915652253,False,11.500285980024861,0.0,0.7109725900647078,45.0,90.0,0.10864385191958419,tilt,False
0.003258198719442765,-0.10860398035157923,2.7084129784138714e-05,0.0,1.0,9.76,FL,0.3594366408646358,False,False,-1.7698798683010026,-2.5715383188741474,17.241478668978537,False,10.16954776756649,0.0,0.5810771011378203,45.0,90.0,0.10860398035157923,tilt,False
0.003258198719442765,-0.10860398035157923,3.40138693824702e-05,0.0,1.0,9.76,FR,0.8594366408646358,True,True,-1.7741495557838383,-2.569578936082683,17.243450560523065,False,10.195100411061714,0.0,0.5816411914699094,45.0,90.0,0.10860398035157923,tilt,False
0.003258198719442765,-0.10860398035157923,4.5546979703773884e-05,0.0,1.0,9.76,RL,0.8594366408646358,True,True,-2.004268150098486,-2.0208186334505704,17.793418954059256,False,11.475605209298543,0.0,0.7073368066064286,45.0,90.0,0.10860398035157923,tilt,False
0.003258198719442765,-0.10860398035157923,2.8568401425015825e-05,0.0,1.0,9.76,RR,0.3594366408646358,False,False,-2.008409497155979,-2.0306224404791595,17.783609254677806,False,11.500298473704426,0.0,0.7108320229050299,45.0,90.0,0.10860398035157923,tilt,False
0.003291783820579171,-0.10856546378123487,2.6144821871256106e-05,0.0,1.0,9.78,FL,0.3594366408646358,False,False,-1.76988048256857,-2.5713463379827375,17.24167103670145,False,10.169550998707223,0.0,0.5809923581612968,45.0,90.0,0.10856546378123487,tilt,False
0.003291783820579171,-0.10856546378123487,3.285467228370676e-05,0.0,1.0,9.78,FR,0.8594366408646358,True,True,-1.7741524068165884,-2.5691023851266426,17.243927995454314,False,10.195115862874426,0.0,0.5816038827566385,45.0,90.0,0.10856546378123487,tilt,False
0.003291783820579171,-0.10856546378123487,4.3992818061369894e-05,0.0,1.0,9.78,RL,0.8594366408646358,True,True,-2.0042625875071782,-2.0218245908825705,17.7924117772712,False,11.475575534766186,0.0,0.7072545562168345,45.0,90.0,0.10856546378123487,tilt,False
0.003291783820579171,-0.10856546378123487,2.7538918532162856e-05,0.0,1.0,9.78,RR,0.3594366408646358,False,False,-2.0084117726959296,-2.030950506284601,17.783280821903197,False,11.50031049937362,0.0,0.7106965479820913,45.0,90.0,0.10856546378123487,tilt,False
0.003324227641229424,-0.10852825613828593,2.5238164829802444e-05,0.0,1.0,9.8,FL,0.3594366408646358,False,False,-1.7698810669775182,-2.5711605497359993,17.241857199161647,False,10.169554063168686,0.0,0.5809107126667752,45.0,90.0,0.10852825613828593,tilt,False
0.003324227641229424,-0.10852825613828593,3.173503355307858e-05,0.0,1.0,9.8,FR,0.8594366408646358,True,True,-1.7741551706979448,-2.568641959999073,17.244389274504908,False,10.195130827861991,0.0,0.581568072066734,45.0,90.0,0.10852825613828593,tilt,False
0.003324227641229424,-0.10852825613828593,4.249173135970854e-05,0.0,1.0,9.8,RL,0.8594366408646358,True,True,-2.004257221956539,-2.0227966973668834,17.7914384918971,False,11.475546925510566,0.0,0.7071754171944237,45.0,90.0,0.10852825613828593,tilt,False
0.003324227641229424,-0.10852825613828593,2.6546562350333224e-05,0.0,1.0,9.8,RR,0.3594366408646358,False,False,-2.008413961413373,-2.031267502258266,17.782963471263884,False,11.50032206133226,0.0,0.7105659808869631,45.0,90.0,0.10852825613828593,tilt,False
0.0033555690077232522,-0.10849231294008513,2.4363138328903325e-05,0.0,1.0,9.82,FL,0.3594366408646358,False,False,-1.7698816219595646,-2.5709807545626626,17.242037356344053,False,10.169556987129997,0.0,0.5808320510662287,45.0,90.0,0.10849231294008513,tilt,False
0.0033555690077232522,-0.10849231294008513,3.065377785144652e-05,0.0,1.0,9.82,FR,0.8594366408646358,True,True,-1.7741578484618685,-2.568197112042349,17.24483494736591,False,10.195145346128946,0.0,0.5815336998981349,45.0,90.0,0.10849231294008513,tilt,False
0.0033555690077232522,-0.10849231294008513,4.1042123534637934e-05,0.0,1.0,9.82,RL,0.8594366408646358,True,True,-2.0042520483353545,-2.02373609404205,17.790497955470382,False,11.475519316694221,0.0,0.7070992719319977,45.0,90.0,0.10849231294008513,tilt,False
0.0033555690077232522,-0.10849231294008513,2.559009622658937e-05,0.0,1.0,9.82,RR,0.3594366408646358,False,False,-2.0084160670182443,-2.0315738025362786,17.782656828212478,False,11.500333192629503,0.0,0.7104401432377649,45.0,90.0,0.10849231294008513,tilt,False
0.0033858453692144747,-0.10845759118921684,2.3518418158146805e-05,0.0,1.0,9.84,FL,0.3594366408646358,False,False,-1.7698821506378117,-2.5708067629937674,17.242211698107596,False,10.169559764885172,0.0,0.5807562647111957,45.0,90.0,0.10845759118921684,tilt,False
0.0033858453692144747,-0.10845759118921684,2.960925842348286e-05,0.0,1.0,9.84,FR,0.8594366408646358,True,True,-1.7741604456718783,-2.5677673176848215,17.24526553858991,False,10.195159413606405,0.0,0.5815007093837453,45.0,90.0,0.10845759118921684,tilt,False
0.0033858453692144747,-0.10845759118921684,3.964182706537655e-05,0.0,1.0,9.84,RL,0.8594366408646358,True,True,-2.004247056151265,-2.024643875774532,17.78958907185258,False,11.475492693815013,0.0,0.7070260078578054,45.0,90.0,0.10845759118921684,tilt,False
0.0033858453692144747,-0.10845759118921684,2.4668039032906527e-05,0.0,1.0,9.84,RR,0.3594366408646358,False,False,-2.008418092050105,-2.0318697672541584,17.78236053221725,False,11.50034389564099,0.0,0.7103188641375396,45.0,90.0,0.10845759118921684,tilt,False
0.003415092985202403,-0.10842404928686691,2.2703198481596457e-05,0.0,1.0,9.86,FL,0.3594366408646358,False,False,-1.7698826528573934,-2.5706383874643244,17.242380412406867,False,10.169562393987606,0.0,0.5806832481010127,45.0,90.0,0.10842404928686691,tilt,False
0.003415092985202403,-0.10842404928686691,2.8600590309364914e-05,0.0,1.0,9.86,FR,0.8594366408646358,True,True,-1.7741629623462853,-2.5673520639068506,17.245681562163618,False,10.19517303113268,0.0,0.5814690455649035,45.0,90.0,0.10842404928686691,tilt,False
0.003415092985202403,-0.10842404928686691,3.8289616236230995e-05,0.0,1.0,9.86,RL,0.8594366408646358,True,True,-2.0042422419996946,-2.025521109872218,17.78871077248757,False,11.475467030102804,0.0,0.7069555159531892,45.0,90.0,0.10842404928686691,tilt,False
0.003415092985202403,-0.10842404928686691,2.3779371876838487e-05,0.0,1.0,9.86,RR,0.3594366408646358,False,False,-2.0084200400768486,-2.0321557461715662,17.782074233133482,False,11.500354186796804,0.0,0.7102019777986978,45.0,90.0,0.10842404928686691,tilt,False
0.003443346762087953,-0.10839164725370617,2.1916337605537112e-05,0.0,1.0,9.88,FL,0.3594366408646358,False,False,-1.7698831297246407,-2.570475447706385,17.24254367988091,False,10.169564909462775,0.0,0.5806128998809728,45.0,90.0,0.10839164725370617,tilt,False
0.003443346762087953,-0.10839164725370617,2.7626389002921827e-05,0.0,1.0,9.88,FR,0.8594366408646358,True,True,-1.7741654007320875,-2.566950857811414,17.246083511908097,False,10.1951862514568,0.0,0.5814386557676333,45.0,90.0,0.10839164725370617,tilt,False
0.003443346762087953,-0.10839164725370617,3.698363581033224e-05,0.0,1.0,9.88,RL,0.8594366408646358,True,True,-2.004237599573709,-2.0263688234870396,17.787862029022953,False,11.475442253635837,0.0,0.7068876915994141,45.0,90.0,0.10839164725370617,tilt,False
0.003443346762087953,-0.10839164725370617,2.2922768613004543e-05,0.0,1.0,9.88,RR,0.3594366408646358,False,False,-2.0084219141544812,-2.0324320760569186,17.781797593821718,False,11.500364097929662,0.0,0.7100893248941768,45.0,90.0,0.10839164725370617,tilt,False
0.0034706404658188792,-0.10836034628550072,2.1156816113055376e-05,0.0,1.0,9.9,FL,0.3594366408646358,False,False,-1.769883582941556,-2.5703177700681334,17.24270167453961,False,10.169567313607924,0.0,0.580545122588468,45.0,90.0,0.10836034628550072,tilt,False
0.0034706404658188792,-0.10836034628550072,2.6685422425220898e-05,0.0,1.0,9.9,FR,0.8594366408646358,True,True,-1.77416776397777,-2.566563224493664,17.2464718636186,False,10.195199091019258,0.0,0.581409489457518,45.0,90.0,0.10836034628550072,tilt,False
0.0034706404658188792,-0.10836034628550072,3.572225331274574e-05,0.0,1.0,9.9,RL,0.8594366408646358,True,True,-2.0042331217855027,-2.0271880084542504,17.787041848462824,False,11.475418315383608,0.0,0.7068224342195585,45.0,90.0,0.10836034628550072,tilt,False
0.0034706404658188792,-0.10836034628550072,2.209706612652896e-05,0.0,1.0,9.9,RR,0.3594366408646358,False,False,-2.008423716878011,-2.032699082533049,17.78153028830015,False,11.500373601356815,0.0,0.7099807520734563,45.0,90.0,0.10836034628550072,tilt,False
0.003497006731540911,-0.108330108894777,2.0423693218413615e-05,0.0,1.0,9.92,FL,0.3594366408646358,False,False,-1.7698840139315775,-2.570165186296384,17.242854564983254,False,10.169569576087543,0.0,0.5804798222218736,45.0,90.0,0.108330108894777,tilt,False
0.003497006731540911,-0.108330108894777,2.577656993381397e-05,0.0,1.0,9.92,FR,0.8594366408646358,True,True,-1.7741700548036878,-2.5661887048762586,17.24684707723334,False,10.195211491923631,0.0,0.581381498038142,45.0,90.0,0.108330108894777,tilt,False
0.003497006731540911,-0.108330108894777,3.4503962104911424e-05,0.0,1.0,9.92,RL,0.8594366408646358,True,True,-2.004228802259162,-2.0279796237885166,17.786249270668044,False,11.475395281508115,0.0,0.7067596469260388,45.0,90.0,0.108330108894777,tilt,False
0.003497006731540911,-0.108330108894777,2.1301160310425885e-05,0.0,1.0,9.92,RR,0.3594366408646358,False,False,-2.0084254508341974,-2.032957080378761,17.78127200144289,False,11.50038276389594,0.0,0.7098761114030324,45.0,90.0,0.108330108894777,tilt,False
0.003522477102366502,-0.10830089891607873,1.971611691365906e-05,0.0,1.0,9.94,FL,0.3594366408646358,False,False,-1.7698844230004291,-2.5700175321925998,17.243002515749396,False,10.169571694601197,0.0,0.5804169080380188,45.0,90.0,0.10830089891607873,tilt,False
0.003522477102366502,-0.10830089891607873,2.489883935811611e-05,0.0,1.0,9.94,FR,0.8594366408646358,True,True,-1.774172274140555,-2.5658268532942063,17.247209599253907,False,10.195223454687927,0.0,0.581354634757638,45.0,90.0,0.10830089891607873,tilt,False
0.003522477102366502,-0.10830089891607873,3.332741118063303e-05,0.0,1.0,9.94,RL,0.8594366408646358,True,True,-2.004224636896451,-2.0287445987992,17.78548336523591,False,11.475373132595877,0.0,0.7066992363531808,45.0,90.0,0.10830089891607873,tilt,False
0.003522477102366502,-0.10830089891607873,2.0534021995610577e-05,0.0,1.0,9.94,RR,0.3594366408646358,False,False,-2.0084271189094483,-2.033206374110516,17.78102242839724,False,11.500391600637014,0.0,0.7097752601153146,45.0,90.0,0.10830089891607873,tilt,False
0.00354708200301377,-0.10827268146214482,1.9033112368783283e-05,0.0,1.0,9.96,FL,0.3594366408646358,False,False,-1.769884811575282,-2.56987465013872,17.243145684779762,False,10.169573720667389,0.0,0.5803562928521319,45.0,90.0,0.10827268146214482,tilt,False
0.00354708200301377,-0.10827268146214482,2.4051038532243193e-05,0.0,1.0,9.96,FR,0.8594366408646358,True,True,-1.7741744248291753,-2.5654772415935265,17.24755985863498,False,10.195235075378479,0.0,0.5813288547862973,45.0,90.0,0.10827268146214482,tilt,False
0.00354708200301377,-0.10827268146214482,3.2191015827131595e-05,0.0,1.0,9.96,RL,0.8594366408646358,True,True,-2.0042206193052228,-2.0294838284168337,17.78474323618367,False,11.475351728098303,0.0,0.7066411128387188,45.0,90.0,0.10827268146214482,tilt,False
0.00354708200301377,-0.10827268146214482,1.9794542344256172e-05,0.0,1.0,9.96,RR,0.3594366408646358,False,False,-2.0084287235025458,-2.0334472573259217,17.780781275241356,False,11.50040007140879,0.0,0.7096780609178305,45.0,90.0,0.10827268146214482,tilt,False
0.0035708504337718457,-0.10824542181730637,1.8374086220393178e-05,0.0,1.0,9.98,FL,0.3594366408646358,False,False,-1.7698851937893723,-2.569736395058541,17.243284217442632,False,10.1695756837955,0.0,0.58029789010671,45.0,90.0,0.10824542181730637,tilt,False
0.0035708504337718457,-0.10824542181730637,2.323196422360973e-05,0.0,1.0,9.98,FR,0.8594366408646358,True,True,-1.774176527961833,-2.5651394626739767,17.24789826321864,False,10.19524637853276,0.0,0.5813041128095702,45.0,90.0,0.10824542181730637,tilt,False
0.0035708504337718457,-0.10824542181730637,3.109375406913283e-05,0.0,1.0,9.98,RL,0.8594366408646358,True,True,-2.0042167241020246,-2.030198180271017,17.784028014884726,False,11.475331048723708,0.0,0.7065851855647014,45.0,90.0,0.10824542181730637,tilt,False
0.0035708504337718457,-0.10824542181730637,1.9082961229613054e-05,0.0,1.0,9.98,RR,0.3594366408646358,False,False,-2.0084302648307286,-2.033680019336563,17.7805482523503,False,11.50040819791017,0.0,0.7095843739701153,45.0,90.0,0.10824542181730637,tilt,False
0.0035938113022816257,-0.10821908629481354,1.7738137279898578e-05,0.0,1.0,10.0,FL,0.3594366408646358,False,False,-1.769885572889346,-2.569602625903323,17.243418255082283,False,10.169577444488956,0.0,0.580241617905449,45.0,90.0,0.10821908629481354,tilt,False
0.0035938113022816257,-0.10821908629481354,2.2440753135569702e-05,0.0,1.0,10.0,FR,0.8594366408646358,True,True,-1.7741785887388088,-2.5648131214124867,17.248225208871965,False,10.195257163037654,0.0,0.5812803663714199,45.0,90.0,0.10821908629481354,tilt,False
0.0035938113022816257,-0.10821908629481354,3.0034208810090967e-05,0.0,1.0,10.0,RL,0.8594366408646358,True,True,-2.0042129433159652,-2.030888496108,17.78333685860005,False,11.47531132474551,0.0,0.706531368779999,45.0,90.0,0.10821908629481354,tilt,False
0.0035938113022816257,-0.10821908629481354,1.8397803538462836e-05,0.0,1.0,10.0,RR,0.3594366408646358,False,False,-2.00843174478095,-2.0339049404318152,17.780323079125207,False,11.500416060536624,0.0,0.7094940684049333,45.0,90.0,0.10821908629481354,tilt,False
0.0036159929465445595,-0.10819364459037231,1.7124294063521354e-05,0.0,1.0,10.02,FL,0.3594366408646358,False,False,-1.76988593063266,-2.5694731915815345,17.243547949110557,False,10.169579251907553,0.0,0.5801873999454021,45.0,90.0,0.10819364459037231,tilt,False
0.0036159929465445595,-0.10819364459037231,2.1676956868914365e-05,0.0,1.0,10.02,FR,0.8594366408646358,True,True,-1.774180581798332,-2.564497820820858,17.248541093354493,False,10.19526785730474,0.0,0.5812575771321986,45.0,90.0,0.10819364459037231,tilt,False
0.0036159929465445595,-0.10819364459037231,2.9010905589480197e-05,0.0,1.0,10.02,RL,0.8594366408646358,True,True,-2.0042093012279416,-2.0315555907222915,17.78266895153516,False,11.475291978941668,0.0,0.7064795854673018,45.0,90.0,0.10819364459037231,tilt,False
0.0036159929465445595,-0.10819364459037231,1.773659289136307e-05,0.0,1.0,10.02,RR,0.3594366408646358,False,False,-2.008433169359114,-2.034122282649247,17.78010549323078,False,11.500423583372646,0.0,0.7094070268315585,45.0,90.0,0.10819364459037231,tilt,False
0.00363742129644102,-0.10816906530315847,1.6531280509550075e-05,0.0,1.0,10.040000000000001,FL,0.3594366408646358,False,False,-1.7698862947579768,-2.5693479754761577,17.243673416364025,False,10.169580972218503,0.0,0.5801351604449488,45.0,90.0,0.10816906530315847,tilt,False
0.00363742129644102,-0.10816906530315847,2.0937781475453494e-05,0.0,1.0,10.040000000000001,FR,0.8594366408646358,True,True,-1.774182549970558,-2.564193217299646,17.248846260862724,False,10.195278222803335,0.0,0.5812357056986378,45.0,90.0,0.10816906530315847,tilt,False
0.00363742129644102,-0.10816906530315847,2.8021439567845808e-05,0.0,1.0,10.040000000000001,RL,0.8594366408646358,True,True,-2.0042057458999825,-2.0322002170045614,17.782023539961198,False,11.475273361546927,0.0,0.7064297548757883,45.0,90.0,0.10816906530315847,tilt,False
0.00363742129644102,-0.10816906530315847,1.709986900078173e-05,0.0,1.0,10.040000000000001,RR,0.3594366408646358,False,False,-2.0084345354422077,-2.034332303088228,17.77989523729021,False,11.500430843178897,0.0,0.70932312636497,45.0,90.0,0.10816906530315847,tilt,False
0.0036581232194004064,-0.10814532070602142,1.5959504815671437e-05,0.0,1.0,10.06,FL,0.3594366408646358,False,False,-1.769886623493394,-2.5692268143848627,17.243794820412532,False,10.169582505204959,0.0,0.5800848282210113,45.0,90.0,0.10814532070602142,tilt,False
0.0036581232194004064,-0.10814532070602142,2.02255997621515e-05,0.0,1.0,10.06,FR,0.8594366408646358,True,True,-1.7741844316999968,-2.5638989097277918,17.249141113339626,False,10.195288132653419,0.0,0.5812147170450139,45.0,90.0,0.10814532070602142,tilt,False
0.0036581232194004064,-0.10814532070602142,2.7067147076019586e-05,0.0,1.0,10.06,RL,0.8594366408646358,True,True,-2.0042023447026382,-2.0328231657238924,17.781399832089974,False,11.475255492862102,0.0,0.7063818074731919,45.0,90.0,0.10814532070602142,tilt,False
0.0036581232194004064,-0.10814532070602142,1.6485291693568736e-05,0.0,1.0,10.06,RR,0.3594366408646358,False,False,-2.0084358532276787,-2.0345352465349733,17.779692066235217,False,11.500437812227217,0.0,0.7092422594275358,45.0,90.0,0.10814532070602142,tilt,False
0.0036781223285403987,-0.10812238199820508,1.5406789171606435e-05,0.0,1.0,10.08,FL,0.3594366408646358,False,False,-1.7698869502744512,-2.569109599206226,17.24391227054948,False,10.169583993275353,0.0,0.5800363342819163,45.0,90.0,0.10812238199820508,tilt,False
0.0036781223285403987,-0.10812238199820508,1.9535977975004346e-05,0.0,1.0,10.08,FR,0.8594366408646358,True,True,-1.7741862783864013,-2.563614582436712,17.249425966981445,False,10.195297797002235,0.0,0.5811945757479122,45.0,90.0,0.10812238199820508,tilt,False
0.0036781223285403987,-0.10812238199820508,2.6143729685028526e-05,0.0,1.0,10.08,RL,0.8594366408646358,True,True,-2.0041990357068005,-2.0334251252122697,17.780797138837702,False,11.47523821183476,0.0,0.7063356707089724,45.0,90.0,0.10812238199820508,tilt,False
0.0036781223285403987,-0.10812238199820508,1.5892787121433248e-05,0.0,1.0,10.08,RR,0.3594366408646358,False,False,-2.0084371182538736,-2.0347313463884573,17.779495746414906,False,11.50044450995994,0.0,0.7091643153014857,45.0,90.0,0.10812238199820508,tilt,False
0.0036974429886971953,-0.1081002222773142,1.4873632188901133e-05,0.0,1.0,10.1,FL,0.3594366408646358,False,False,-1.7698872540271546,-2.5689961869749256,17.24402591005429,False,10.169585363713793,0.0,0.5799896120319455,45.0,90.0,0.1081002222773142,tilt,False
0.0036974429886971953,-0.1081002222773142,1.8870862047925157e-05,0.0,1.0,10.1,FR,0.8594366408646358,True,True,-1.774188058657828,-2.563339875390331,17.24970118253823,False,10.195307094825482,0.0,0.5811752487516041,45.0,90.0,0.1081002222773142,tilt,False
0.0036974429886971953,-0.1081002222773142,2.5252662607344923e-05,0.0,1.0,10.1,RL,0.8594366408646358,True,True,-2.00419585357732,-2.034006820718099,17.780214734051306,False,11.475221613182919,0.0,0.7062912786055434,45.0,90.0,0.1081002222773142,tilt,False
0.0036974429886971953,-0.1081002222773142,1.5321242794754287e-05,0.0,1.0,10.1,RR,0.3594366408646358,False,False,-2.008438336169139,-2.0349208318795537,17.77930604834009,False,11.500450998707977,0.0,0.7090891910976805,45.0,90.0,0.1081002222773142,tilt,False
0.003716107529955109,-0.10807881647690593,1.4358927344738282e-05,0.0,1.0,10.120000000000001,FL,0.3594366408646358,False,False,-1.7698875317344736,-2.568886448242373,17.244135868635205,False,10.169586754609979,0.0,0.5799445973063436,45.0,90.0,0.10807881647690593,tilt,False
0.003716107529955109,-0.10807881647690593,1.8228534278749774e-05,0.0,1.0,10.120000000000001,FR,0.8594366408646358,True,True,-1.7741897685899233,-2.5630744565626506,17.249967092651033,False,10.195316248907341,0.0,0.581156704058433,45.0,90.0,0.10807881647690593,tilt,False
0.003716107529955109,-0.10807881647690593,2.4391971321507286e-05,0.0,1.0,10.120000000000001,RL,0.8594366408646358,True,True,-2.00419279967369,-2.034568930273369,17.7796519388905,False,11.475205413157656,0.0,0.7062485670435702,45.0,90.0,0.10807881647690593,tilt,False
0.003716107529955109,-0.10807881647690593,1.4769980558132506e-05,0.0,1.0,10.120000000000001,RR,0.3594366408646358,False,False,-2.008439509911322,-2.0351039204187447,17.77912275435976,False,11.500457223170878,0.0,0.7090167863417244,45.0,90.0,0.10807881647690593,tilt,False
0.0037341375889961095,-0.1080581392481996,1.38619856524714e-05,0.0,1.0,10.14,FL,0.3594366408646358,False,False,-1.7698877864233686,-2.568780261479178,17.24424226806726,False,10.169587990069296,0.0,0.579901227783373,45.0,90.0,0.1080581392481996,tilt,False
0.0037341375889961095,-0.1080581392481996,1.760807216963221e-05,0.0,1.0,10.14,FR,0.8594366408646358,True,True,-1.7741914124223823,-2.5628180098920885,17.250224013964953,False,10.195324987605613,0.0,0.581138910820792,45.0,90.0,0.1080581392481996,tilt,False
0.0037341375889961095,-0.1080581392481996,2.3560567453315668e-05,0.0,1.0,10.14,RL,0.8594366408646358,True,True,-2.004189866752753,-2.0351121083136623,17.779108098146462,False,11.475189925239855,0.0,0.706207473445143,45.0,90.0,0.1080581392481996,tilt,False
0.0037341375889961095,-0.1080581392481996,1.4238412498453165e-05,0.0,1.0,10.14,RR,0.3594366408646358,False,False,-2.0084406405860253,-2.035280824799219,17.778945651445788,False,11.500463207516148,0.0,0.7089470031149686,45.0,90.0,0.1080581392481996,tilt,False
0.003751554301604688,-0.10803816558719705,1.3382238822718114e-05,0.0,1.0,10.16,FL,0.3594366408646358,False,False,-1.7698880223647844,-2.5686775109949425,17.244345224276696,False,10.169589145505082,0.0,0.5798594433456049,45.0,90.0,0.10803816558719705,tilt,False
0.003751554301604688,-0.10803816558719705,1.7008751732685137e-05,0.0,1.0,10.16,FR,0.8594366408646358,True,True,-1.7741929960220781,-2.5625702314316277,17.250472250989848,False,10.195333401243895,0.0,0.581121839382031,45.0,90.0,0.10803816558719705,tilt,False
0.003751554301604688,-0.10803816558719705,2.2757531697670608e-05,0.0,1.0,10.16,RL,0.8594366408646358,True,True,-2.0041870466837897,-2.0356369900833386,17.778582575823577,False,11.47517506544861,0.0,0.706167937300745,45.0,90.0,0.10803816558719705,tilt,False
0.003751554301604688,-0.10803816558719705,1.3725956546166565e-05,0.0,1.0,10.16,RR,0.3594366408646358,False,False,-2.0084417290594723,-2.035451753126315,17.778774531262798,False,11.500468988462192,0.0,0.7088797468647522,45.0,90.0,0.10803816558719705,tilt,False
0.003768378322422084,-0.10801887125872178,1.2919093786813332e-05,0.0,1.0,10.18,FL,0.3594366408646358,False,False,-1.7698882433065388,-2.568578086316671,17.244444847962143,False,10.16959033728159,0.0,0.5798191860106082,45.0,90.0,0.10801887125872178,tilt,False
0.003768378322422084,-0.10801887125872178,1.6429839457860776e-05,0.0,1.0,10.18,FR,0.8594366408646358,True,True,-1.7741945248707092,-2.562330828897067,17.25071209655228,False,10.195341697055797,0.0,0.5811054611590221,45.0,90.0,0.10801887125872178,tilt,False
0.003768378322422084,-0.10801887125872178,2.1981871298318266e-05,0.0,1.0,10.18,RL,0.8594366408646358,True,True,-2.0041843320034274,-2.0361441903165614,17.77807475645849,False,11.475160561717829,0.0,0.7061299001425794,45.0,90.0,0.10801887125872178,tilt,False
0.003768378322422084,-0.10801887125872178,1.3231923360527069e-05,0.0,1.0,10.18,RR,0.3594366408646358,False,False,-2.0084427762980632,-2.0356169074844077,17.778609191502465,False,11.500474526575097,0.0,0.7088149262737397,45.0,90.0,0.10801887125872178,tilt,False
0.0037846297911575057,-0.10800023291008402,1.2472003126642762e-05,0.0,1.0,10.200000000000001,FL,0.3594366408646358,False,False,-1.7698884515156104,-2.5684818809582657,17.244541245827456,False,10.16959139750077,0.0,0.5797803998001946,45.0,90.0,0.10800023291008402,tilt,False
0.0037846297911575057,-0.10800023291008402,1.5870670634149534e-05,0.0,1.0,10.200000000000001,FR,0.8594366408646358,True,True,-1.7741960026923034,-2.562099519873722,17.250943833592547,False,10.195349626720965,0.0,0.5810897485348857,45.0,90.0,0.10800023291008402,tilt,False
0.0037846297911575057,-0.10800023291008402,2.12326814794222e-05,0.0,1.0,10.200000000000001,RL,0.8594366408646358,True,True,-2.0041817171409724,-2.0366343045033,17.777584043851455,False,11.47514668895769,0.0,0.7060933053962704,45.0,90.0,0.10800023291008402,tilt,False
0.0037846297911575057,-0.10800023291008402,1.2755670764281427e-05,0.0,1.0,10.200000000000001,RR,0.3594366408646358,False,False,-2.0084437835397804,-2.035776483794209,17.77844943602634,False,11.500479848564245,0.0,0.7087524529819632,45.0,90.0,0.10800023291008402,tilt,False
0.0038003282570215503,-0.10798222807428615,1.2040445988546981e-05,0.0,1.0,10.22,FL,0.3594366408646358,False,False,-1.7698886484707292,-2.5683887919841877,17.24463452101849,False,10.169592387103117,0.0,0.5797430309086794,45.0,90.0,0.10798222807428615,tilt,False
0.0038003282570215503,-0.10798222807428615,1.5330600699080505e-05,0.0,1.0,10.22,FR,0.8594366408646358,True,True,-1.7741974323667482,-2.5618760311659874,17.251167735814597,False,10.19535726636647,0.0,0.5810746749600483,45.0,90.0,0.10798222807428615,tilt,False
0.0038003282570215503,-0.10798222807428615,2.0509102584688055e-05,0.0,1.0,10.22,RL,0.8594366408646358,True,True,-2.004179197325165,-2.0371079091955973,17.777109860762142,False,11.475133371782734,0.0,0.706058098654759,45.0,90.0,0.10798222807428615,tilt,False
0.0038003282570215503,-0.10798222807428615,1.2296611832961206e-05,0.0,1.0,10.22,RR,0.3594366408646358,False,False,-2.0084447522095634,-2.0359306717500707,17.77829507492939,False,11.500484989661752,0.0,0.70869224198182,45.0,90.0,0.10798222807428615,tilt,False
0.003815492691335159,-0.10796483510580832,1.1623900145141393e-05,0.0,1.0,10.24,FL,0.3594366408646358,False,False,-1.7698888347581279,-2.5682987194102225,17.244724773723508,False,10.169593365865499,0.0,0.5797070273626022,45.0,90.0,0.10796483510580832,tilt,False
0.003815492691335159,-0.10796483510580832,1.4809006377202364e-05,0.0,1.0,10.24,FR,0.8594366408646358,True,True,-1.7741988156462531,-2.5616600981923296,17.251384068293003,False,10.19536473639938,0.0,0.5810602148432248,45.0,90.0,0.10796483510580832,tilt,False
0.003815492691335159,-0.10796483510580832,1.9810277628815786e-05,0.0,1.0,10.24,RL,0.8594366408646358,True,True,-2.004176768959816,-2.0375655621755855,17.776651648740284,False,11.475120439820923,0.0,0.7060242274290409,45.0,90.0,0.10796483510580832,tilt,False
0.003815492691335159,-0.10796483510580832,1.185411256081656e-05,0.0,1.0,10.24,RR,0.3594366408646358,False,False,-2.008445683845551,-2.0360796545366986,17.778145924822937,False,11.50048992948633,0.0,0.7086342111536172,45.0,90.0,0.10796483510580832,tilt,False
0.003830141396495397,-0.10794803339023329,1.1222157434954005e-05,0.0,1.0,10.26,FL,0.3594366408646358,False,False,-1.7698890070621949,-2.568211560168152,17.2448121072221,False,10.169594275647748,0.0,0.5796723383266196,45.0,90.0,0.10794803339023329,tilt,False
0.003830141396495397,-0.10794803339023329,1.4305735599373341e-05,0.0,1.0,10.26,FR,0.8594366408646358,True,True,-1.7742001479173486,-2.5614514554177688,17.251593097060773,False,10.195371941744675,0.0,0.5810463432813171,45.0,90.0,0.10794803339023329,tilt,False
0.003830141396495397,-0.10794803339023329,1.9135927911133285e-05,0.0,1.0,10.26,RL,0.8594366408646358,True,True,-2.0041744360586136,-2.0380078133810686,17.776208857183235,False,11.475107991151253,0.0,0.7059916408014939,45.0,90.0,0.10794803339023329,tilt,False
0.003830141396495397,-0.10794803339023329,1.1427807842391415e-05,0.0,1.0,10.26,RR,0.3594366408646358,False,False,-2.0084465814594785,-2.0362236102743383,17.778001807388435,False,11.500494671101341,0.0,0.7085782803778846,45.0,90.0,0.10794803339023329,tilt,False
0.0038442919494356244,-0.10793180270225416,1.0834247374405426e-05,0.0,1.0,10.28,FL,0.3594366408646358,False,False,-1.7698891689583995,-2.568127223671786,17.24489661228224,False,10.169595186249229,0.0,0.5796389158883987,45.0,90.0,0.10793180270225416,tilt,False
0.0038442919494356244,-0.10793180270225416,1.3819441261478443e-05,0.0,1.0,10.28,FR,0.8594366408646358,True,True,-1.7742014357189986,-2.561249860859011,17.251795064545995,False,10.195379001015139,0.0,0.5810330367263469,45.0,90.0,0.10793180270225416,tilt,False
0.0038442919494356244,-0.10793180270225416,1.848439547573754e-05,0.0,1.0,10.28,RL,0.8594366408646358,True,True,-2.0041721889357995,-2.0384351776482244,17.775780970643513,False,11.475095886097074,0.0,0.7059602902257757,45.0,90.0,0.10793180270225416,tilt,False
0.0038442919494356244,-0.10793180270225416,1.101683965066905e-05,0.0,1.0,10.28,RR,0.3594366408646358,False,False,-2.008447445380996,-2.03636270918096,17.777862552219098,False,11.500499220520714,0.0,0.7085243735472557,45.0,90.0,0.10793180270225416,tilt,False
0.0038579615292023274,-0.10791612332808184,1.0459773656562504e-05,0.0,1.0,10.3,FL,0.3594366408646358,False,False,-1.7698893217830032,-2.5680456206930677,17.244978378314837,False,10.169596029011942,0.0,0.5796067137963044,45.0,90.0,0.10791612332808184,tilt,False
0.0038579615292023274,-0.10791612332808184,1.3349695674444709e-05,0.0,1.0,10.3,FR,0.8594366408646358,True,True,-1.7742026820488401,-2.561055077998094,17.25199020770761,False,10.195385795377366,0.0,0.5810202725512021,45.0,90.0,0.10791612332808184,tilt,False
0.0038579615292023274,-0.10791612332808184,1.7855063324537723e-05,0.0,1.0,10.3,RL,0.8594366408646358,True,True,-2.0041700226079358,-2.0388481564735557,17.7753674870236,False,11.475084272931078,0.0,0.7059301289375708,45.0,90.0,0.10791612332808184,tilt,False
0.0038579615292023274,-0.10791612332808184,1.0620673988647926e-05,0.0,1.0,10.3,RR,0.3594366408646358,False,False,-2.0084482764111193,-2.036497116513894,17.77772799387379,False,11.500503612673239,0.0,0.7084724173213705,45.0,90.0,0.10791612332808184,tilt,False
0.003871166750103313,-0.10790097640691647,1.0098369810463784e-05,0.0,1.0,10.32,FL,0.3594366408646358,False,False,-1.7698894648768975,-2.5679666623238706,17.245057494410204,False,10.16959678883979,0.0,0.5795756873835842,45.0,90.0,0.10790097640691647,tilt,False
0.003871166750103313,-0.10790097640691647,1.2896104821707136e-05,0.0,1.0,10.32,FR,0.8594366408646358,True,True,-1.7742038867678347,-2.5608668745615395,17.252178759253756,False,10.195392333348057,0.0,0.5810080290127236,45.0,90.0,0.10790097640691647,tilt,False
0.003871166750103313,-0.10790097640691647,1.7247345778564343e-05,0.0,1.0,10.32,RL,0.8594366408646358,True,True,-2.0041679359787192,-2.0392472379954056,17.774967917596175,False,11.475073107670305,0.0,0.7059011120427524,45.0,90.0,0.10790097640691647,tilt,False
0.003871166750103313,-0.10790097640691647,1.0238794478486762e-05,0.0,1.0,10.32,RR,0.3594366408646358,False,False,-2.008449076096555,-2.036626991874874,17.777597972572686,False,11.500507832091369,0.0,0.7084223411006285,45.0,90.0,0.10790097640691647,tilt,False
0.0038839235389575098,-0.10788634374150403,9.74940148693813e-06,0.0,1.0,10.34,FL,0.3594366408646358,False,False,-1.769889600455099,-2.5678902663197647,17.24513404297923,False,10.169597477847528,0.0,0.5795457938830173,45.0,90.0,0.10788634374150403,tilt,False
0.0038839235389575098,-0.10788634374150403,1.245780850963376e-05,0.0,1.0,10.34,FR,0.8594366408646358,True,True,-1.7742050543325012,-2.560685032103254,17.252360938034563,False,10.195398611856108,0.0,0.5809962852250404,45.0,90.0,0.10788634374150403,tilt,False
0.0038839235389575098,-0.10788634374150403,1.6660171903513617e-05,0.0,1.0,10.34,RL,0.8594366408646358,True,True,-2.004165922421926,-2.039632886707089,17.774581797312912,False,11.475062415029708,0.0,0.7058731962556147,45.0,90.0,0.10788634374150403,tilt,False
0.0038839235389575098,-0.10788634374150403,9.870627340241704e-06,0.0,1.0,10.34,RR,0.3594366408646358,False,False,-2.0084498450881236,-2.036752488513961,17.77747233489562,False,11.500511911301547,0.0,0.708374076836905,45.0,90.0,0.10788634374150403,tilt,False
0.0038962472910877483,-0.10787220783090326,9.412541032360654e-06,0.0,1.0,10.36,FL,0.3594366408646358,False,False,-1.7698897287819655,-2.5678163504424605,17.24520810642744,False,10.16959821834211,0.0,0.5795169919948344,45.0,90.0,0.10787220783090326,tilt,False
0.0038962472910877483,-0.10787220783090326,1.2034462396475659e-05,0.0,1.0,10.36,FR,0.8594366408646358,True,True,-1.7742061859936167,-2.5605093356738697,17.252536959399542,False,10.195404839684494,0.0,0.580985021148318,45.0,90.0,0.10787220783090326,tilt,False
0.0038962472910877483,-0.10787220783090326,1.609303009109721e-05,0.0,1.0,10.36,RL,0.8594366408646358,True,True,-2.004163979257647,-2.04000555526487,17.774208672972623,False,11.475051924387328,0.0,0.7058463400430528,45.0,90.0,0.10787220783090326,tilt,False
0.0038962472910877483,-0.10787220783090326,9.515707785680657e-06,0.0,1.0,10.36,RR,0.3594366408646358,False,False,-2.0084505846424543,-2.036873754591009,17.777350932517685,False,11.500515809271057,0.0,0.7083275590708844,45.0,90.0,0.10787220783090326,tilt,False
0.0039081528527271986,-0.10785855170481075,9.087320683189846e-06,0.0,1.0,10.38,FL,0.3594366408646358,False,False,-1.7698898505496239,-2.5677448359793624,17.245279763628105,False,10.169598887635875,0.0,0.5794892418886076,45.0,90.0,0.10785855170481075,tilt,False
0.0039081528527271986,-0.10785855170481075,1.1625479187574926e-05,0.0,1.0,10.38,FR,0.8594366408646358,True,True,-1.7742072836117833,-2.560339578999239,17.252707030006817,False,10.195410830965658,0.0,0.5809742174875007,45.0,90.0,0.10785855170481075,tilt,False
0.0039081528527271986,-0.10785855170481075,1.554515743155626e-05,0.0,1.0,10.38,RL,0.8594366408646358,True,True,-2.0041621031446457,-2.0403656793650318,17.77384810835479,False,11.475041853857714,0.0,0.7058205032757046,45.0,90.0,0.10785855170481075,tilt,False
0.0039081528527271986,-0.10785855170481075,9.173543342694315e-06,0.0,1.0,10.38,RR,0.3594366408646358,False,False,-2.008451295731718,-2.036990933038829,17.777233622346994,False,11.500519576726298,0.0,0.7082827245145468,45.0,90.0,0.10785855170481075,tilt,False
0.003919654506729303,-0.10784535919728198,8.773467049169288e-06,0.0,1.0,10.4,FL,0.3594366408646358,False,False,-1.769889964196282,-2.5676756433511834,17.245349094323025,False,10.169599494710944,0.0,0.5794625050469805,45.0,90.0,0.10784535919728198,tilt,False
0.003919654506729303,-0.10784535919728198,1.123058927823173e-05,0.0,1.0,10.4,FR,0.8594366408646358,True,True,-1.774208345380713,-2.560175557867122,17.252871354450512,False,10.195416604732841,0.0,0.580963855708303,45.0,90.0,0.10784535919728198,tilt,False
0.003919654506729303,-0.10784535919728198,1.5016135375787098e-05,0.0,1.0,10.4,RL,0.8594366408646358,True,True,-2.004160295107513,-2.040713684569935,17.77349967738116,False,11.475032161033514,0.0,0.705795647431203,45.0,90.0,0.10784535919728198,tilt,False
0.003919654506729303,-0.10784535919728198,8.843722098225388e-06,0.0,1.0,10.4,RR,0.3594366408646358,False,False,-2.0084519801392453,-2.0371041619674304,17.777120266119304,False,11.50052317763268,0.0,0.7082395122147473,45.0,90.0,0.10784535919728198,tilt,False
0.003930765901909715,-0.10783261456469696,8.470381854247487e-06,0.0,1.0,10.42,FL,0.3594366408646358,False,False,-1.769890072226006,-2.5676087001286136,17.245416171086944,False,10.169600089429352,0.0,0.5794367446635257,45.0,90.0,0.10783261456469696,tilt,False
0.003930765901909715,-0.10783261456469696,1.0848957854891366e-05,0.0,1.0,10.42,FR,0.8594366408646358,True,True,-1.7742093757867616,-2.5600170820751984,17.253030123282564,False,10.195422227247906,0.0,0.5809539180553634,45.0,90.0,0.10783261456469696,tilt,False
0.003930765901909715,-0.10783261456469696,1.4504949116168456e-05,0.0,1.0,10.42,RL,0.8594366408646358,True,True,-2.0041585486386335,-2.041049974151152,17.773162976298508,False,11.475022787268015,0.0,0.7057717354257432,45.0,90.0,0.10783261456469696,tilt,False
0.003930765901909715,-0.10783261456469696,8.525753963189286e-06,0.0,1.0,10.42,RR,0.3594366408646358,False,False,-2.008452638300694,-2.0372135740643476,17.77701073099997,False,11.500526662136938,0.0,0.7081978634993716,45.0,90.0,0.10783261456469696,tilt,False
0.003941500327543806,-0.10782030259837234,8.177857418039304e-06,0.0,1.0,10.44,FL,0.3594366408646358,False,False,-1.7698901736097685,-2.567543932246778,17.24548106813662,False,10.16960056167314,0.0,0.5794119250158183,45.0,90.0,0.10782030259837234,tilt,False
0.003941500327543806,-0.10782030259837234,1.0480429436743721e-05,0.0,1.0,10.44,FR,0.8594366408646358,True,True,-1.774210373661142,-2.559863961835107,17.253183526646538,False,10.19542753040479,0.0,0.5809443874497721,45.0,90.0,0.10782030259837234,tilt,False
0.003941500327543806,-0.10782030259837234,1.4011306390027482e-05,0.0,1.0,10.44,RL,0.8594366408646358,True,True,-2.0041568641442282,-2.041374944610163,17.772837608124348,False,11.47501391430298,0.0,0.7057487315447261,45.0,90.0,0.10782030259837234,tilt,False
0.003941500327543806,-0.10782030259837234,8.219246893758285e-06,0.0,1.0,10.44,RR,0.3594366408646358,False,False,-2.0084532715861707,-2.0373192982370663,17.77690488793748,False,11.500530018942927,0.0,0.7081577217220437,45.0,90.0,0.10782030259837234,tilt,False
0.0039518705283153,-0.10780840857241382,7.895404615068509e-06,0.0,1.0,10.46,FL,0.3594366408646358,False,False,-1.7698902698650987,-2.5674812708728623,17.245543854443966,False,10.169601079008235,0.0,0.5793880117769319,45.0,90.0,0.10780840857241382,tilt,False
0.0039518705283153,-0.10780840857241382,1.0124339319752722e-05,0.0,1.0,10.46,FR,0.8594366408646358,True,True,-1.774211341808253,-2.5597160181606085,17.253331743859363,False,10.195432789534578,0.0,0.5809352475077705,45.0,90.0,0.10780840857241382,tilt,False
0.0039518705283153,-0.10780840857241382,1.3534376642022334e-05,0.0,1.0,10.46,RL,0.8594366408646358,True,True,-2.004155237290722,-2.0416889741743556,17.772523194177015,False,11.475005208515787,0.0,0.7057266014137888,45.0,90.0,0.10780840857241382,tilt,False
0.0039518705283153,-0.10780840857241382,7.92376174189729e-06,0.0,1.0,10.46,RR,0.3594366408646358,False,False,-2.008453880586968,-2.0374214585318384,17.776802612747588,False,11.500533243638328,0.0,0.7081190323226008,45.0,90.0,0.10780840857241382,tilt,False
0.003961888846727576,-0.10779691844356493,7.622832408038009e-06,0.0,1.0,10.48,FL,0.3594366408646358,False,False,-1.76989035937309,-2.567420645529575,17.24560460063013,False,10.16960156138177,0.0,0.57936497166534,45.0,90.0,0.10779691844356493,tilt,False
0.003961888846727576,-0.10779691844356493,9.780538119300067e-06,0.0,1.0,10.48,FR,0.8594366408646358,True,True,-1.7742122780943816,-2.5595730723653176,17.25347495394135,False,10.195437875450166,0.0,0.5809264824650594,45.0,90.0,0.10779691844356493,tilt,False
0.003961888846727576,-0.10779691844356493,1.3073883755751307e-05,0.0,1.0,10.48,RL,0.8594366408646358,True,True,-2.0041536696489697,-2.041992434345153,17.772219362503233,False,11.474996816322468,0.0,0.7057053119470152,45.0,90.0,0.10779691844356493,tilt,False
0.003961888846727576,-0.10779691844356493,7.638946909006458e-06,0.0,1.0,10.48,RR,0.3594366408646358,False,False,-2.0084544669092366,-2.037520175218091,17.776703785026314,False,11.500536344271428,0.0,0.7080817426407879,45.0,90.0,0.10779691844356493,tilt,False
0.003971567121016945,-0.10778581846665573,7.3596198314497045e-06,0.0,1.0,10.5,FL,0.3594366408646358,False,False,-1.7698904440757655,-2.567361992065795,17.245663370975223,False,10.169602016098871,0.0,0.5793427729294304,45.0,90.0,0.10778581846665573,tilt,False
0.003971567121016945,-0.10778581846665573,9.448304564644226e-06,0.0,1.0,10.5,FR,0.8594366408646358,True,True,-1.7742131859295531,-2.55943495804975,17.253613323598096,False,10.195442801454893,0.0,0.5809180772322152,45.0,90.0,0.10778581846665573,tilt,False
0.003971567121016945,-0.10778581846665573,1.2628944065304845e-05,0.0,1.0,10.5,RL,0.8594366408646358,True,True,-2.004152156144051,-2.0422856774551,17.77192576034781,False,11.474988721722548,0.0,0.7056848313378786,45.0,90.0,0.10778581846665573,tilt,False
0.003971567121016945,-0.10778581846665573,7.36436737484235e-06,0.0,1.0,10.5,RR,0.3594366408646358,False,False,-2.0084550308723457,-2.037615563982489,17.776608288958332,False,11.500539325659727,0.0,0.7080458020185068,45.0,90.0,0.10778581846665573,tilt,False
0.003980916877096141,-0.10777509528447053,7.105476992381953e-06,0.0,1.0,10.52,FL,0.3594366408646358,False,False,-1.7698905249838581,-2.5673052479204643,17.245720228167563,False,10.169602445129403,0.0,0.5793213849212066,45.0,90.0,0.10777509528447053,tilt,False
0.003980916877096141,-0.10777509528447053,9.127302051441436e-06,0.0,1.0,10.52,FR,0.8594366408646358,True,True,-1.7742140672789528,-2.559301513501748,17.25374701484187,False,10.19544757420548,0.0,0.5809100173086442,45.0,90.0,0.10777509528447053,tilt,False
0.003980916877096141,-0.10777509528447053,1.219909032524536e-05,0.0,1.0,10.52,RL,0.8594366408646358,True,True,-2.0041506936324116,-2.0425690456391394,17.77164204516304,False,11.474980912290205,0.0,0.7056651289421957,45.0,90.0,0.10777509528447053,tilt,False
0.003980916877096141,-0.10777509528447053,7.0996672966286635e-06,0.0,1.0,10.52,RR,0.3594366408646358,False,False,-2.0084555730063602,-2.037707737034128,17.776516012209477,False,11.500542193052603,0.0,0.7080111616166976,45.0,90.0,0.10777509528447053,tilt,False
0.0039899493173525934,-0.10776473615355799,6.86024105574478e-06,0.0,1.0,10.540000000000001,FL,0.3594366408646358,False,False,-1.7698906001415438,-2.567250349047038,17.24577523638535,False,10.16960292884686,0.0,0.5793007777493783,45.0,90.0,0.10776473615355799,tilt,False
0.0039899493173525934,-0.10776473615355799,8.817404043721895e-06,0.0,1.0,10.540000000000001,FR,0.8594366408646358,True,True,-1.774214919494612,-2.559172577152751,17.25387618954468,False,10.195452327452475,0.0,0.5809022887362895,45.0,90.0,0.10776473615355799,tilt,False
0.0039899493173525934,-0.10776473615355799,1.178408236232394e-05,0.0,1.0,10.540000000000001,RL,0.8594366408646358,True,True,-2.0041492845172955,-2.0428428751931396,17.77136788024199,False,11.47497321666148,0.0,0.705646175237485,45.0,90.0,0.10776473615355799,tilt,False
0.0039899493173525934,-0.10776473615355799,6.84453306842834e-06,0.0,1.0,10.540000000000001,RR,0.3594366408646358,False,False,-2.0084560948591714,-2.0377968032394658,17.77642684579115,False,11.50054494623446,0.0,0.7079777742879263,45.0,90.0,0.10776473615355799,tilt,False
0.003998675095263061,-0.10775472885964524,6.6234668170515475e-06,0.0,1.0,10.56,FL,0.3594366408646358,False,False,-1.7698906703776176,-2.5671972360335054,17.245828455159245,False,10.169603295888287,0.0,0.5792809230231202,45.0,90.0,0.10775472885964524,tilt,False
0.003998675095263061,-0.10775472885964524,8.518005305652827e-06,0.0,1.0,10.56,FR,0.8594366408646358,True,True,-1.7742157443249098,-2.559047997203294,17.254000999784928,False,10.195456783627034,0.0,0.580894878135461,45.0,90.0,0.10775472885964524,tilt,False
0.003998675095263061,-0.10775472885964524,1.138316371152361e-05,0.0,1.0,10.56,RL,0.8594366408646358,True,True,-2.004147925697815,-2.043107485510055,17.771102945806764,False,11.474965967756493,0.0,0.7056279418973462,45.0,90.0,0.10775472885964524,tilt,False
0.003998675095263061,-0.10775472885964524,6.598575837719547e-06,0.0,1.0,10.56,RR,0.3594366408646358,False,False,-2.0084565971018318,-2.0378828668487605,17.77634068533684,False,11.500547598568764,0.0,0.7079455946613311,45.0,90.0,0.10775472885964524,tilt,False
0.0040071045801063085,-0.1077450614078207,6.3948653865432945e-06,0.0,1.0,10.58,FL,0.3594366408646358,False,False,-1.7698907366026986,-2.567145851659954,17.245879941824917,False,10.169603640283384,0.0,0.5792617932266853,45.0,90.0,0.1077450614078207,tilt,False
0.0040071045801063085,-0.1077450614078207,8.228753922039276e-06,0.0,1.0,10.58,FR,0.8594366408646358,True,True,-1.7742165435599422,-2.5589276271898997,17.25412159229705,False,10.195461097461358,0.0,0.5808877726676975,45.0,90.0,0.1077450614078207,tilt,False
0.0040071045801063085,-0.1077450614078207,1.0995867982284e-05,0.0,1.0,10.58,RL,0.8594366408646358,True,True,-2.004146614262323,-2.04336318585642,17.770846932217545,False,11.47495897788023,0.0,0.7056104016229876,45.0,90.0,0.1077450614078207,tilt,False
0.0040071045801063085,-0.1077450614078207,6.36147395908008e-06,0.0,1.0,10.58,RR,0.3594366408646358,False,False,-2.0084570802400106,-2.0379660290658768,17.776257429529945,False,11.500550148992575,0.0,0.707914578982642,45.0,90.0,0.1077450614078207,tilt,False
0.004015247832506694,-0.10773572215892271,6.174158166057152e-06,0.0,1.0,10.6,FL,0.3594366408646358,False,False,-1.7698907995293764,-2.5670961406489243,17.245929751772017,False,10.169603974128329,0.0,0.5792433618811882,45.0,90.0,0.10773572215892271,tilt,False
0.004015247832506694,-0.10773572215892271,7.94931019917271e-06,0.0,1.0,10.6,FR,0.8594366408646358,True,True,-1.7742173187012509,-2.5588113256217184,17.254238108834294,False,10.195465287038024,0.0,0.5808809600006494,45.0,90.0,0.10773572215892271,tilt,False
0.004015247832506694,-0.10773572215892271,1.0621739881984464e-05,0.0,1.0,10.6,RL,0.8594366408646358,True,True,-2.004145347750192,-2.04361027546451,17.77059953987997,False,11.474952230562138,0.0,0.7055935281299078,45.0,90.0,0.10773572215892271,tilt,False
0.004015247832506694,-0.10773572215892271,6.132915658310001e-06,0.0,1.0,10.6,RR,0.3594366408646358,False,False,-2.0084575447808404,-2.0380463878905757,17.776176980261233,False,11.500552625175581,0.0,0.7078846850813274,45.0,90.0,0.10773572215892271,tilt,False
0.004023114645352793,-0.10772669998437365,5.961173122721272e-06,0.0,1.0,10.620000000000001,FL,0.3594366408646358,False,False,-1.7698908575305081,-2.5670480469437984,17.245977941172228,False,10.169604272017807,0.0,0.5792256033356388,45.0,90.0,0.10772669998437365,tilt,False
0.004023114645352793,-0.10772669998437365,7.679522571020355e-06,0.0,1.0,10.620000000000001,FR,0.8594366408646358,True,True,-1.7742180676566313,-2.5586989519864116,17.254350690172846,False,10.195469324461948,0.0,0.5808744282901648,45.0,90.0,0.10772669998437365,tilt,False
0.004023114645352793,-0.10772669998437365,1.0260515139604388e-05,0.0,1.0,10.620000000000001,RL,0.8594366408646358,True,True,-2.0041441279982086,-2.0438490474442954,17.77036047532502,False,11.474945732284372,0.0,0.7055772961437502,45.0,90.0,0.10772669998437365,tilt,False
0.004023114645352793,-0.10772669998437365,5.912595158204561e-06,0.0,1.0,10.620000000000001,RR,0.3594366408646358,False,False,-2.0084579919849475,-2.0381240382470085,17.776099242499885,False,11.500554983633249,0.0,0.7078558723337911,45.0,90.0,0.10772669998437365,tilt,False
0.00403071434577808,-0.10771798412583303,5.755485615166964e-06,0.0,1.0,10.64,FL,0.3594366408646358,False,False,-1.7698909123589068,-2.5670015199579024,17.24602456071296,False,10.169604534638228,0.0,0.579208493074186,45.0,90.0,0.10771798412583303,tilt,False
0.00403071434577808,-0.10771798412583303,7.418782834983902e-06,0.0,1.0,10.64,FR,0.8594366408646358,True,True,-1.7742187936468228,-2.55859037613302,17.254459466701924,False,10.195473212988118,0.0,0.5808681661496125,45.0,90.0,0.10771798412583303,tilt,False
0.00403071434577808,-0.10771798412583303,9.91145836388515e-06,0.0,1.0,10.64,RL,0.8594366408646358,True,True,-2.0041429504192956,-2.044079778675916,17.770129461339852,False,11.474939493353078,0.0,0.7055616813185908,45.0,90.0,0.10771798412583303,tilt,False
0.00403071434577808,-0.10771798412583303,5.700196605816355e-06,0.0,1.0,10.64,RR,0.3594366408646358,False,False,-2.0084584220767705,-2.038199071144102,17.77602412513572,False,11.50055727893995,0.0,0.7078281015402902,45.0,90.0,0.10771798412583303,tilt,False
0.004038055991756796,-0.10770956423233544,5.556923659915512e-06,0.0,1.0,10.66,FL,0.3594366408646358,False,False,-1.769890964113268,-2.5669565087683974,17.24606966141974,False,10.16960479911685,0.0,0.5791920075063318,45.0,90.0,0.10770956423233544,tilt,False
0.004038055991756796,-0.10770956423233544,7.166925790378081e-06,0.0,1.0,10.66,FR,0.8594366408646358,True,True,-1.774219497283118,-2.558485469368939,17.254564567352414,False,10.195477003001193,0.0,0.5808621626704308,45.0,90.0,0.10770956423233544,tilt,False
0.004038055991756796,-0.10770956423233544,9.574306824892535e-06,0.0,1.0,10.66,RL,0.8594366408646358,True,True,-2.004141813599373,-2.0443027399220934,17.769906226833236,False,11.474933441531052,0.0,0.7055466603147583,45.0,90.0,0.10770956423233544,tilt,False
0.004038055991756796,-0.10770956423233544,5.495447831834808e-06,0.0,1.0,10.66,RR,0.3594366408646358,False,False,-2.008458835778784,-2.03827157480695,17.77595153984513,False,11.500559455904876,0.0,0.7078013350363714,45.0,90.0,0.10770956423233544,tilt,False
0.0040451483883944105,-0.10770143015739568,5.365236477386002e-06,0.0,1.0,10.68,FL,0.3594366408646358,False,False,-1.7698910129329073,-2.56691296439248,17.246113292375068,False,10.169605135347156,0.0,0.5791761236829552,45.0,90.0,0.10770143015739568,tilt,False
0.0040451483883944105,-0.10770143015739568,6.923642944454833e-06,0.0,1.0,10.68,FR,0.8594366408646358,True,True,-1.7742201791885877,-2.5583841076581257,17.254666116391185,False,10.195480816698796,0.0,0.5808564073665123,45.0,90.0,0.10770143015739568,tilt,False
0.0040451483883944105,-0.10770143015739568,9.248653705266312e-06,0.0,1.0,10.68,RL,0.8594366408646358,True,True,-2.0041407162315688,-2.044518193039999,17.7696905096296,False,11.474927431692828,0.0,0.7055322105691805,45.0,90.0,0.10770143015739568,tilt,False
0.0040451483883944105,-0.10770143015739568,5.2980748974918085e-06,0.0,1.0,10.68,RR,0.3594366408646358,False,False,-2.008459233653115,-2.038341634771429,17.775881400996454,False,11.500561545954861,0.0,0.7077755364067978,45.0,90.0,0.10770143015739568,tilt,False
0.0040520000595847695,-0.1076935721952694,5.180229008832454e-06,0.0,1.0,10.700000000000001,FL,0.3594366408646358,False,False,-1.7698910579169307,-2.5668708383874623,17.246155502120615,False,10.169605356313696,0.0,0.5791608196166266,45.0,90.0,0.1076935721952694,tilt,False
0.0040520000595847695,-0.1076935721952694,6.688715467161947e-06,0.0,1.0,10.700000000000001,FR,0.8594366408646358,True,True,-1.7742208384120342,-2.5582861695931243,17.254764235452782,False,10.195484352352757,0.0,0.5808508901600391,45.0,90.0,0.1076935721952694,tilt,False
0.0040520000595847695,-0.1076935721952694,8.934183318309884e-06,0.0,1.0,10.700000000000001,RL,0.8594366408646358,True,True,-2.004139658917832,-2.044726392640639,17.769482054806602,False,11.474921826610286,0.0,0.7055183104031744,45.0,90.0,0.1076935721952694,tilt,False
0.0040520000595847695,-0.1076935721952694,5.107821799654668e-06,0.0,1.0,10.700000000000001,RR,0.3594366408646358,False,False,-2.008459616640524,-2.0384093337471216,17.775813625787357,False,11.500563588123832,0.0,0.7077506705920182,45.0,90.0,0.1076935721952694,tilt,False
0.004058619142646372,-0.10768598107979972,5.0016200988726146e-06,0.0,1.0,10.72,FL,0.3594366408646358,False,False,-1.7698910993006953,-2.5668300845615755,17.24619633694039,False,10.169605557799834,0.0,0.5791460741054649,45.0,90.0,0.10768598107979972,tilt,False
0.004058619142646372,-0.10768598107979972,6.461779167551956e-06,0.0,1.0,10.72,FR,0.8594366408646358,True,True,-1.7742214757748878,-2.5581915392253185,17.25485904069935,False,10.195487771560757,0.0,0.580845601390506,45.0,90.0,0.10768598107979972,tilt,False
0.004058619142646372,-0.10768598107979972,8.630418563101778e-06,0.0,1.0,10.72,RL,0.8594366408646358,True,True,-2.004138639977504,-2.0449275825173836,17.7692806182752,False,11.474916415271348,0.0,0.7055049390018889,45.0,90.0,0.10768598107979972,tilt,False
0.004058619142646372,-0.10768598107979972,4.924403902655197e-06,0.0,1.0,10.72,RR,0.3594366408646358,False,False,-2.008459985374314,-2.0384747510666448,17.77574813479653,False,11.500565527286655,0.0,0.7077267038257266,45.0,90.0,0.10768598107979972,tilt,False
0.004065013499541953,-0.10767864766168501,4.829119730937542e-06,0.0,1.0,10.74,FL,0.3594366408646358,False,False,-1.7698911388049527,-2.5667906601755592,17.246235839659125,False,10.169605736610837,0.0,0.5791318668007591,45.0,90.0,0.10767864766168501,tilt,False
0.004065013499541953,-0.10767864766168501,6.242439418254152e-06,0.0,1.0,10.74,FR,0.8594366408646358,True,True,-1.774222094345558,-2.5581001072883907,17.254950641597585,False,10.195491073054836,0.0,0.5808405317721178,45.0,90.0,0.10767864766168501,tilt,False
0.004065013499541953,-0.10767864766168501,8.336875818476834e-06,0.0,1.0,10.74,RL,0.8594366408646358,True,True,-2.0041376552149237,-2.045121995979806,17.769085966444987,False,11.474911212555076,0.0,0.7054920762819074,45.0,90.0,0.10767864766168501,tilt,False
0.004065013499541953,-0.10767864766168501,4.747581452377716e-06,0.0,1.0,10.74,RR,0.3594366408646358,False,False,-2.008460339854412,-2.0385379635175087,17.77568485115101,False,11.500567418150203,0.0,0.7077036034977218,45.0,90.0,0.10767864766168501,tilt,False
0.004071190809911364,-0.10767156311787977,4.662594473769623e-06,0.0,1.0,10.76,FL,0.3594366408646358,False,False,-1.7698911763598009,-2.5667525221683976,17.24627405342546,False,10.169606011368664,0.0,0.5791181780852275,45.0,90.0,0.10767156311787977,tilt,False
0.004071190809911364,-0.10767156311787977,6.030572291523479e-06,0.0,1.0,10.76,FR,0.8594366408646358,True,True,-1.7742226944082173,-2.5580117655352765,17.255039146596225,False,10.195494440534741,0.0,0.5808356724123171,45.0,90.0,0.10767156311787977,tilt,False
0.004071190809911364,-0.10767156311787977,8.053349006557406e-06,0.0,1.0,10.76,RL,0.8594366408646358,True,True,-2.0041367038681965,-2.045309861633957,17.768897870431143,False,11.474905985055214,0.0,0.7054797029706485,45.0,90.0,0.10767156311787977,tilt,False
0.004071190809911364,-0.10767156311787977,4.577128604492714e-06,0.0,1.0,10.76,RR,0.3594366408646358,False,False,-2.008460680647816,-2.038599045691071,17.775623700175792,False,11.500569202330968,0.0,0.7076813382997911,45.0,90.0,0.10767156311787977,tilt,False
0.004077158499349328,-0.10766471912278727,4.501935434357478e-06,0.0,1.0,10.78,FL,0.3594366408646358,False,False,-1.7698912099119584,-2.566715626307916,17.246311022562033,False,10.169606163159882,0.0,0.5791049888308119,45.0,90.0,0.10766471912278727,tilt,False
0.004077158499349328,-0.10766471912278727,5.826093096987309e-06,0.0,1.0,10.78,FR,0.8594366408646358,True,True,-1.7742232731818228,-2.557926405669528,17.255124664195183,False,10.195497527002553,0.0,0.5808310147503634,45.0,90.0,0.10766471912278727,tilt,False
0.004077158499349328,-0.10766471912278727,7.779674322078708e-06,0.0,1.0,10.78,RL,0.8594366408646358,True,True,-2.004135788730606,-2.045491403846439,17.768716105590435,False,11.474901153349764,0.0,0.7054678004746812,45.0,90.0,0.10766471912278727,tilt,False
0.004077158499349328,-0.10766471912278727,4.412831277155953e-06,0.0,1.0,10.78,RR,0.3594366408646358,False,False,-2.008461009070442,-2.0386580697503156,17.775564609626702,False,11.500570952467339,0.0,0.7076598779654663,45.0,90.0,0.10766471912278727,tilt,False
0.0040829236180603004,-0.1076581074389454,4.346724802745621e-06,0.0,1.0,10.8,FL,0.3594366408646358,False,False,-1.7698912417580606,-2.5666799347080076,17.246346785029665,False,10.169606381207636,0.0,0.5790922809298604,45.0,90.0,0.1076581074389454,tilt,False
0.0040829236180603004,-0.1076581074389454,5.628386220797077e-06,0.0,1.0,10.8,FR,0.8594366408646358,True,True,-1.7742238346348596,-2.557843930561316,17.25520729170081,False,10.195500641925616,0.0,0.5808265505716615,45.0,90.0,0.1076581074389454,tilt,False
0.0040829236180603004,-0.1076581074389454,7.515124374848859e-06,0.0,1.0,10.8,RL,0.8594366408646358,True,True,-2.004134904528252,-2.0456668313749704,17.768540462914977,False,11.474896333520064,0.0,0.705456350929646,45.0,90.0,0.1076581074389454,tilt,False
0.0040829236180603004,-0.1076581074389454,4.254418061224871e-06,0.0,1.0,10.8,RR,0.3594366408646358,False,False,-2.0084613248440992,-2.0387151046402097,17.77550751048208,False,11.500572596041334,0.0,0.7076391933177412,45.0,90.0,0.1076581074389454,tilt,False
0.004088493085631704,-0.10765172018619865,4.196937144691145e-06,0.0,1.0,10.82,FL,0.3594366408646358,False,False,-1.769891270978749,-2.566645407085483,17.246381381193743,False,10.169606431645287,0.0,0.5790800367767488,45.0,90.0,0.10765172018619865,tilt,False
0.004088493085631704,-0.10765172018619865,5.437496869378089e-06,0.0,1.0,10.82,FR,0.8594366408646358,True,True,-1.774224377679278,-2.557764240776264,17.255287128733425,False,10.195503416306886,0.0,0.5808222720109644,45.0,90.0,0.10765172018619865,tilt,False
0.004088493085631704,-0.10765172018619865,7.259689607367448e-06,0.0,1.0,10.82,RL,0.8594366408646358,True,True,-2.0041340521436135,-2.045836352245742,17.768370734123362,False,11.474891977258178,0.0,0.7054453371753918,45.0,90.0,0.10765172018619865,tilt,False
0.004088493085631704,-0.10765172018619865,4.101720932404191e-06,0.0,1.0,10.82,RR,0.3594366408646358,False,False,-2.0084616288029364,-2.0387702177398594,17.7754523352871,False,11.500574230066869,0.0,0.7076192563275554,45.0,90.0,0.10765172018619865,tilt,False
0.004093873513362352,-0.10764554971505864,4.052276059177332e-06,0.0,1.0,10.84,FL,0.3594366408646358,False,False,-1.7698912987764297,-2.5666120069415195,17.2464148476258,False,10.169606643827965,0.0,0.5790682394223605,45.0,90.0,0.10764554971505864,tilt,False
0.004093873513362352,-0.10764554971505864,5.253006534198182e-06,0.0,1.0,10.84,FR,0.8594366408646358,True,True,-1.7742249045668914,-2.5576872440399336,17.255364267736653,False,10.195506369817863,0.0,0.5808181714990412,45.0,90.0,0.10764554971505864,tilt,False
0.004093873513362352,-0.10764554971505864,7.012856040290057e-06,0.0,1.0,10.84,RL,0.8594366408646358,True,True,-2.00413322845254,-2.046000163273661,17.768206722163,False,11.474887451047323,0.0,0.7054347426477724,45.0,90.0,0.10764554971505864,tilt,False
0.004093873513362352,-0.10764554971505864,3.954510213100476e-06,0.0,1.0,10.84,RR,0.3594366408646358,False,False,-2.0084619210469916,-2.0388234736615876,17.775399019357412,False,11.5005757565404,0.0,0.7076000398933152,45.0,90.0,0.10764554971505864,tilt,False
0.004099071400494424,-0.10763958871289425,3.912728629314812e-06,0.0,1.0,10.86,FL,0.3594366408646358,False,False,-1.7698913229776057,-2.5665796950833304,17.246447223599407,False,10.169606745417605,0.0,0.5790568723988733,45.0,90.0,0.10763958871289425,tilt,False
0.004099071400494424,-0.10763958871289425,5.0749832986953165e-06,0.0,1.0,10.86,FR,0.8594366408646358,True,True,-1.7742254122409435,-2.5576128453254703,17.25543880391701,False,10.19550907057404,0.0,0.580814241786777,45.0,90.0,0.10763958871289425,tilt,False
0.004099071400494424,-0.10763958871289425,6.774639258227651e-06,0.0,1.0,10.86,RL,0.8594366408646358,True,True,-2.0041324367068745,-2.0461584610635755,17.768048230185286,False,11.474883277321604,0.0,0.7054245514265033,45.0,90.0,0.10763958871289425,tilt,False
0.004099071400494424,-0.10763958871289425,3.8126170321024026e-06,0.0,1.0,10.86,RR,0.3594366408646358,False,False,-2.00846220278739,-2.0388749355416436,17.77534749948538,False,11.500577256400906,0.0,0.7075815179506945,45.0,90.0,0.10763958871289425,tilt,False
0.00410409282970113,-0.10763383008878645,3.7778936275687315e-06,0.0,1.0,10.88,FL,0.3594366408646358,False,False,-1.7698913460424266,-2.566548438524937,17.246478542164454,False,10.169606836762796,0.0,0.5790459201374307,45.0,90.0,0.10763383008878645,tilt,False
0.00410409282970113,-0.10763383008878645,4.902823892189871e-06,0.0,1.0,10.88,FR,0.8594366408646358,True,True,-1.7742259049123368,-2.557540960521548,17.255510821536888,False,10.195511688548578,0.0,0.5808104758889788,45.0,90.0,0.10763383008878645,tilt,False
0.00410409282970113,-0.10763383008878645,6.544326256322716e-06,0.0,1.0,10.88,RL,0.8594366408646358,True,True,-2.0041316713641164,-2.046311426744201,17.767895076845562,False,11.474879246495284,0.0,0.7054147482204393,45.0,90.0,0.10763383008878645,tilt,False
0.00410409282970113,-0.10763383008878645,3.675800177453158e-06,0.0,1.0,10.88,RR,0.3594366408646358,False,False,-2.0084624736886982,-2.038924663206997,17.775297715777725,False,11.50057869925658,0.0,0.7075636653068192,45.0,90.0,0.10763383008878645,tilt,False
0.004108943837307443,-0.10762826689703313,3.6477518066428043e-06,0.0,1.0,10.9,FL,0.3594366408646358,False,False,-1.7698913675527166,-2.566518202413812,17.246508838244708,False,10.16960701683783,0.0,0.5790353674455294,45.0,90.0,0.10762826689703313,tilt,False
0.004108943837307443,-0.10762826689703313,4.736572859842652e-06,0.0,1.0,10.9,FR,0.8594366408646358,True,True,-1.7742263822083972,-2.557471503642248,17.25558040674306,False,10.195514374520235,0.0,0.5808068671419728,45.0,90.0,0.10762826689703313,tilt,False
0.004108943837307443,-0.10762826689703313,6.321921369466237e-06,0.0,1.0,10.9,RL,0.8594366408646358,True,True,-2.004130932569317,-2.0464592413025375,17.76774708093486,False,11.474875172371886,0.0,0.7054053183150164,45.0,90.0,0.10762826689703313,tilt,False
0.004108943837307443,-0.10762826689703313,3.5439172733883175e-06,0.0,1.0,10.9,RR,0.3594366408646358,False,False,-2.008462734285631,-2.0389727155025428,17.77524960932346,False,11.50058005423752,0.0,0.7075464577907453,45.0,90.0,0.10762826689703313,tilt,False
0.004113630254675285,-0.1076228924211647,3.522107648124314e-06,0.0,1.0,10.92,FL,0.3594366408646358,False,False,-1.7698913874695799,-2.5664889538330597,17.246538144824086,False,10.169607088710363,0.0,0.5790251997739116,45.0,90.0,0.1076228924211647,tilt,False
0.004113630254675285,-0.1076228924211647,4.575972584196765e-06,0.0,1.0,10.92,FR,0.8594366408646358,True,True,-1.7742268444142402,-2.557404392788707,17.255647641587064,False,10.195516817992658,0.0,0.5808034091084117,45.0,90.0,0.1076228924211647,tilt,False
0.004113630254675285,-0.1076228924211647,6.107091871208875e-06,0.0,1.0,10.92,RL,0.8594366408646358,True,True,-2.004130219700938,-2.046602078419699,17.767604068559688,False,11.474871435186868,0.0,0.7053962475058946,45.0,90.0,0.1076228924211647,tilt,False
0.004113630254675285,-0.1076228924211647,3.416782074038027e-06,0.0,1.0,10.92,RR,0.3594366408646358,False,False,-2.00846298494738,-2.039019149154359,17.775203123332812,False,11.500581390177777,0.0,0.7075298720077399,45.0,90.0,0.1076228924211647,tilt,False
0.004118157651682741,-0.10761770032301533,3.400774732882499e-06,0.0,1.0,10.94,FL,0.3594366408646358,False,False,-1.7698914062604445,-2.5664606613666,17.246566493380932,False,10.169607153318292,0.0,0.5790154030687206,45.0,90.0,0.10761770032301533,tilt,False
0.004118157651682741,-0.10761770032301533,4.420777837680665e-06,0.0,1.0,10.94,FR,0.8594366408646358,True,True,-1.7742272926809313,-2.5573395496732396,17.255712604500197,False,10.195519189849664,0.0,0.5808000956131703,45.0,90.0,0.10761770032301533,tilt,False
0.004118157651682741,-0.10761770032301533,5.899511200588526e-06,0.0,1.0,10.94,RL,0.8594366408646358,True,True,-2.004129530989444,-2.046740104336895,17.767465873276944,False,11.474867819648669,0.0,0.7053875221463195,45.0,90.0,0.10761770032301533,tilt,False
0.004118157651682741,-0.10761770032301533,3.294206039469073e-06,0.0,1.0,10.94,RR,0.3594366408646358,False,False,-2.0084632259970148,-2.0390640184570104,17.775158203450456,False,11.500582675318824,0.0,0.7075138854449063,45.0,90.0,0.10761770032301533,tilt,False
0.004122531444684421,-0.10761268444409282,3.283689885764428e-06,0.0,1.0,10.96,FL,0.3594366408646358,False,False,-1.7698914230518323,-2.5664332926290356,17.24659391636648,False,10.16960729947471,0.0,0.5790059636600743,45.0,90.0,0.10761268444409282,tilt,False
0.004122531444684421,-0.10761268444409282,4.270951231390937e-06,0.0,1.0,10.96,FR,0.8594366408646358,True,True,-1.7742277259219335,-2.557276895642724,17.25577537428251,False,10.195521623454509,0.0,0.5807969207712841,45.0,90.0,0.10761268444409282,tilt,False
0.004122531444684421,-0.10761268444409282,5.699103138625665e-06,0.0,1.0,10.96,RL,0.8594366408646358,True,True,-2.0041288673537174,-2.046873483101588,17.76733233083751,False,11.4748641693941,0.0,0.7053791291310636,45.0,90.0,0.10761268444409282,tilt,False
0.004122531444684421,-0.10761268444409282,3.1760551860217923e-06,0.0,1.0,10.96,RR,0.3594366408646358,False,False,-2.0084634581342233,-2.039107376365791,17.77511479666158,False,11.500583904922566,0.0,0.707498476483791,45.0,90.0,0.10761268444409282,tilt,False
0.004126756634613117,-0.10760783884494858,3.170458290824307e-06,0.0,1.0,10.98,FL,0.3594366408646358,False,False,-1.7698914420741367,-2.566406821995947,17.246620439452318,False,10.169607324997406,0.0,0.5789968690174307,45.0,90.0,0.10760783884494858,tilt,False
0.004126756634613117,-0.10760783884494858,4.125875420119088e-06,0.0,1.0,10.98,FR,0.8594366408646358,True,True,-1.7742281511477151,-2.5572163635192435,17.25583601822808,False,10.195523794131185,0.0,0.5807938787388415,45.0,90.0,0.10760783884494858,tilt,False
0.004126756634613117,-0.10760783884494858,5.505151767644663e-06,0.0,1.0,10.98,RL,0.8594366408646358,True,True,-2.0041282200723294,-2.0470023633534855,17.767203292428594,False,11.474860864068365,0.0,0.7053710558136552,45.0,90.0,0.10760783884494858,tilt,False
0.004126756634613117,-0.10760783884494858,3.0621401816685824e-06,0.0,1.0,10.98,RR,0.3594366408646358,False,False,-2.008463680373423,-2.0391492726971987,17.775072853095335,False,11.5005850530831,0.0,0.7074836238258037,45.0,90.0,0.10760783884494858,tilt,False
0.004130837595651798,-0.10760315541679666,3.0597453020878715e-06,0.0,1.0,11.0,FL,0.3594366408646358,False,False,-1.769891497439155,-2.566381261189025,17.246646050878272,False,10.169607423699889,0.0,0.5789881089317975,45.0,90.0,0.10760315541679666,tilt,False
0.004130837595651798,-0.10760315541679666,3.98307578210082e-06,0.0,1.0,11.0,FR,0.8594366408646358,True,True,-1.7742286211309306,-2.557157939340627,17.255894550284268,False,10.195526029187667,0.0,0.5807909627884352,45.0,90.0,0.10760315541679666,tilt,False
0.004130837595651798,-0.10760315541679666,5.31516116158844e-06,0.0,1.0,11.0,RL,0.8594366408646358,True,True,-2.0041275275089405,-2.0471268437673924,17.7670786593131,False,11.474857586890709,0.0,0.705363288259386,45.0,90.0,0.10760315541679666,tilt,False
0.004130837595651798,-0.10760315541679666,2.9526536448850077e-06,0.0,1.0,11.0,RR,0.3594366408646358,False,False,-2.0084638811926103,-2.0391897555490055,17.775032324610986,False,11.50058614718344,0.0,0.7074693035079284,45.0,90.0,0.10760315541679666,tilt,False
0.00413478115934011,-0.10759862826754352,2.9539681252887212e-06,0.0,1.0,11.02,FL,0.3594366408646358,False,False,-1.7698915647761868,-2.566356564230109,17.246670796741007,False,10.169607543280396,0.0,0.5789796688234857,45.0,90.0,0.10759862826754352,tilt,False
0.00413478115934011,-0.10759862826754352,3.84692589566012e-06,0.0,1.0,11.02,FR,0.8594366408646358,True,True,-1.7742290963996785,-2.5571015180362067,17.255951075768756,False,10.195528300712143,0.0,0.5807881674634496,45.0,90.0,0.10759862826754352,tilt,False
0.00413478115934011,-0.10759862826754352,5.133621091088765e-06,0.0,1.0,11.02,RL,0.8594366408646358,True,True,-2.0041268370673064,-2.0472471176477445,17.766958237898358,False,11.474854303638509,0.0,0.7053558126295426,45.0,90.0,0.10759862826754352,tilt,False
0.00413478115934011,-0.10759862826754352,2.8476027960127614e-06,0.0,1.0,11.02,RR,0.3594366408646358,False,False,-2.0084640716357334,-2.039228883281667,17.77499315277198,False,11.50058723019202,0.0,0.7074554956144291,45.0,90.0,0.10759862826754352,tilt,False
0.004138592408005271,-0.10759425539156832,2.853156144285882e-06,0.0,1.0,11.040000000000001,FL,0.3594366408646358,False,False,-1.7698916073016664,-2.566332665559258,17.24669474274239,False,10.169607579795176,0.0,0.5789715349101415,45.0,90.0,0.10759425539156832,tilt,False
0.004138592408005271,-0.10759425539156832,3.7179390847094497e-06,0.0,1.0,11.040000000000001,FR,0.8594366408646358,True,True,-1.7742295205453797,-2.5570469743331077,17.256005720223637,False,10.195530346343205,0.0,0.5807854880202247,45.0,90.0,0.10759425539156832,tilt,False
0.004138592408005271,-0.10759425539156832,4.9607650916744226e-06,0.0,1.0,11.040000000000001,RL,0.8594366408646358,True,True,-2.0041262115941016,-2.0473633749254936,17.766841837961294,False,11.474851207200919,0.0,0.7053486188145234,45.0,90.0,0.10759425539156832,tilt,False
0.004138592408005271,-0.10759425539156832,2.746311547159202e-06,0.0,1.0,11.040000000000001,RR,0.3594366408646358,False,False,-2.008464265857372,-2.0392667017644914,17.774955291646087,False,11.500588302238583,0.0,0.707442183707516,45.0,90.0,0.10759425539156832,tilt,False
0.004142274372969805,-0.10759003360949013,2.7558301919815052e-06,0.0,1.0,11.06,FL,0.3594366408646358,False,False,-1.769891620200515,-2.566309527368367,17.246717926757555,False,10.16960759581636,0.0,0.5789636964771975,45.0,90.0,0.10759003360949013,tilt,False
0.004142274372969805,-0.10759003360949013,3.593258858265809e-06,0.0,1.0,11.06,FR,0.8594366408646358,True,True,-1.7742298924476942,-2.556994239583936,17.256058552406092,False,10.195532306861628,0.0,0.5807829200683535,45.0,90.0,0.10759003360949013,tilt,False
0.004142274372969805,-0.10759003360949013,4.7937532768420635e-06,0.0,1.0,11.06,RL,0.8594366408646358,True,True,-2.0041256529558655,-2.0474757443094402,17.766729330638583,False,11.474848228324749,0.0,0.7053416984625683,45.0,90.0,0.10759003360949013,tilt,False
0.004142274372969805,-0.10759003360949013,2.648282045359608e-06,0.0,1.0,11.06,RR,0.3594366408646358,False,False,-2.0084644605253557,-2.039303242535588,17.77491870966515,False,11.50058935468669,0.0,0.7074293513705934,45.0,90.0,0.10759003360949013,tilt,False
0.00414583041435702,-0.1075859576912216,2.6611374757482176e-06,0.0,1.0,11.08,FL,0.3594366408646358,False,False,-1.7698916206241624,-2.56628713428806,17.246740364172883,False,10.169607599741973,0.0,0.5789561434964289,45.0,90.0,0.1075859576912216,tilt,False
0.00414583041435702,-0.1075859576912216,3.4716505274940366e-06,0.0,1.0,11.08,FR,0.8594366408646358,True,True,-1.7742302380399089,-2.556943273162214,17.256109612987643,False,10.195534154756821,0.0,0.5807804602403387,45.0,90.0,0.1075859576912216,tilt,False
0.00414583041435702,-0.1075859576912216,4.631137986770059e-06,0.0,1.0,11.08,RL,0.8594366408646358,True,True,-2.004125129167363,-2.047584326003795,17.766620615638203,False,11.474845428150676,0.0,0.7053350418465121,45.0,90.0,0.1075859576912216,tilt,False
0.00414583041435702,-0.1075859576912216,2.553335362050613e-06,0.0,1.0,11.08,RR,0.3594366408646358,False,False,-2.0084646503913395,-2.039338542680284,17.77488336970681,False,11.500590351967388,0.0,0.7074169830835169,45.0,90.0,0.1075859576912216,tilt,False
0.004149264731278046,-0.10758202064830241,2.5694289093989217e-06,0.0,1.0,11.1,FL,0.3594366408646358,False,False,-1.769891620830872,-2.5662654697230813,17.246762071620537,False,10.169607714165352,0.0,0.5789488657754508,45.0,90.0,0.10758202064830241,tilt,False
0.004149264731278046,-0.10758202064830241,3.3536835224923658e-06,0.0,1.0,11.1,FR,0.8594366408646358,True,True,-1.7742305740070554,-2.5568940275907117,17.256158949530892,False,10.195536121942622,0.0,0.580778104414487,45.0,90.0,0.10758202064830241,tilt,False
0.004149264731278046,-0.10758202064830241,4.473634053272293e-06,0.0,1.0,11.1,RL,0.8594366408646358,True,True,-2.004124622006432,-2.0476892400681304,17.76651557276941,False,11.474842539586083,0.0,0.7053286389730113,45.0,90.0,0.10758202064830241,tilt,False
0.004149264731278046,-0.10758202064830241,2.461782646291678e-06,0.0,1.0,11.1,RR,0.3594366408646358,False,False,-2.0084648312271405,-2.0393726463971107,17.77484922752501,False,11.500591294572372,0.0,0.7074050619418767,45.0,90.0,0.10758202064830241,tilt,False
0.004152581815288295,-0.1075782168717305,2.480922135073373e-06,0.0,1.0,11.120000000000001,FL,0.3594366408646358,False,False,-1.7698916220247467,-2.566244511363346,17.246783071460253,False,10.169607728699189,0.0,0.5789418532894219,45.0,90.0,0.1075782168717305,tilt,False
0.004152581815288295,-0.1075782168717305,3.239833678028031e-06,0.0,1.0,11.120000000000001,FR,0.8594366408646358,True,True,-1.7742309007542125,-2.556846445176078,17.25620661984398,False,10.195537870302951,0.0,0.5807758483641053,45.0,90.0,0.1075782168717305,tilt,False
0.004152581815288295,-0.1075782168717305,4.32159346921084e-06,0.0,1.0,11.120000000000001,RL,0.8594366408646358,True,True,-2.0041241315891,-2.047790614827804,17.766414073546834,False,11.474839939658008,0.0,0.705322480198593,45.0,90.0,0.1075782168717305,tilt,False
0.004152581815288295,-0.1075782168717305,2.3735198928216495e-06,0.0,1.0,11.120000000000001,RR,0.3594366408646358,False,False,-2.008465003515314,-2.039405597494111,17.774816239260943,False,11.500592208025715,0.0,0.7073935717321234,45.0,90.0,0.1075782168717305,tilt,False
0.004155785764614891,-0.10757454199840406,2.395453363046653e-06,0.0,1.0,11.14,FL,0.3594366408646358,False,False,-1.7698916253421106,-2.56622423805241,17.24680338488742,False,10.169607831168772,0.0,0.5789350964353431,45.0,90.0,0.10757454199840406,tilt,False
0.004155785764614891,-0.10757454199840406,3.1298303516894782e-06,0.0,1.0,11.14,FR,0.8594366408646358,True,True,-1.7742312201643635,-2.55680047150152,17.256252678440788,False,10.195539698676,0.0,0.5807736879202084,45.0,90.0,0.10757454199840406,tilt,False
0.004155785764614891,-0.10757454199840406,4.174657840284025e-06,0.0,1.0,11.14,RL,0.8594366408646358,True,True,-2.0041236551578483,-2.047888569375277,17.76631599873442,False,11.474837264996014,0.0,0.705316556293769,45.0,90.0,0.10757454199840406,tilt,False
0.004155785764614891,-0.10757454199840406,2.288428645791354e-06,0.0,1.0,11.14,RR,0.3594366408646358,False,False,-2.008465168038903,-2.039437435888483,17.774784364952293,False,11.500593039365292,0.0,0.7073824968286345,45.0,90.0,0.10757454199840406,tilt,False
0.004158880758801196,-0.10757099149310188,2.3130303208465556e-06,0.0,1.0,11.16,FL,0.3594366408646358,False,False,-1.7698916285999142,-2.5662046267974636,17.246823034943404,False,10.169607839774805,0.0,0.5789285858162053,45.0,90.0,0.10757099149310188,tilt,False
0.004158880758801196,-0.10757099149310188,3.023743546864933e-06,0.0,1.0,11.16,FR,0.8594366408646358,True,True,-1.7742315292068809,-2.5567560499743234,17.256297182024298,False,10.195541341096352,0.0,0.5807716191127661,45.0,90.0,0.10757099149310188,tilt,False
0.004158880758801196,-0.10757099149310188,4.032894446921595e-06,0.0,1.0,11.16,RL,0.8594366408646358,True,True,-2.004123196082494,-2.0479832241227824,17.766221227767186,False,11.474834845312728,0.0,0.7053108583943114,45.0,90.0,0.10757099149310188,tilt,False
0.004158880758801196,-0.10757099149310188,2.206398477332204e-06,0.0,1.0,11.16,RR,0.3594366408646358,False,False,-2.0084653258296457,-2.039468200979708,17.774753565154107,False,11.500593894740014,0.0,0.7073718223003872,45.0,90.0,0.10757099149310188,tilt,False
0.004161870595869094,-0.1075675613867033,2.2334614572155662e-06,0.0,1.0,11.18,FL,0.3594366408646358,False,False,-1.769891631492073,-2.5661856563961027,17.246842042870753,False,10.16960789160337,0.0,0.5789223124692002,45.0,90.0,0.1075675613867033,tilt,False
0.004161870595869094,-0.1075675613867033,2.9212770845765573e-06,0.0,1.0,11.18,FR,0.8594366408646358,True,True,-1.7742318281441758,-2.5567131282264834,17.256340183057148,False,10.195543000416091,0.0,0.580769638080371,45.0,90.0,0.1075675613867033,tilt,False
0.004161870595869094,-0.1075675613867033,3.8959457415524155e-06,0.0,1.0,11.18,RL,0.8594366408646358,True,True,-2.004122753453921,-2.048074690510885,17.766129649068663,False,11.474832422358132,0.0,0.7053053779157208,45.0,90.0,0.1075675613867033,tilt,False
0.004161870595869094,-0.1075675613867033,2.1273111653965437e-06,0.0,1.0,11.18,RR,0.3594366408646358,False,False,-2.0084654775266233,-2.039497929181216,17.774723803412105,False,11.50059469557225,0.0,0.70736153358059,45.0,90.0,0.1075675613867033,tilt,False
0.00416475895134963,-0.10756424760697554,2.1566269150532302e-06,0.0,1.0,11.200000000000001,FL,0.3594366408646358,False,False,-1.7698916343381819,-2.5661673067614856,17.24686042879579,False,10.169607876134405,0.0,0.5789162678642492,45.0,90.0,0.10756424760697554,tilt,False
0.00416475895134963,-0.10756424760697554,2.82227080973122e-06,0.0,1.0,11.200000000000001,FR,0.8594366408646358,True,True,-1.7742321180470624,-2.5566716563678455,17.256381731520857,False,10.195544508388291,0.0,0.5807677411557144,45.0,90.0,0.10756424760697554,tilt,False
0.00416475895134963,-0.10756424760697554,3.763623053577885e-06,0.0,1.0,11.200000000000001,RL,0.8594366408646358,True,True,-2.0041223256497336,-2.0481630756493536,17.7660411553989,False,11.474830206258446,0.0,0.7053001066213334,45.0,90.0,0.10756424760697554,tilt,False
0.00416475895134963,-0.10756424760697554,2.0510608429006685e-06,0.0,1.0,11.200000000000001,RR,0.3594366408646358,False,False,-2.0084656233086626,-2.039526655734272,17.774695044445686,False,11.500595470498382,0.0,0.7073516167017346,45.0,90.0,0.10756424760697554,tilt,False
0.004167549365637935,-0.10756104618547006,2.0824151983760924e-06,0.0,1.0,11.22,FL,0.3594366408646358,False,False,-1.76989163748513,-2.5661495586428544,17.24687821200765,False,10.169607875621159,0.0,0.5789104436816468,45.0,90.0,0.10756104618547006,tilt,False
0.004167549365637935,-0.10756104618547006,2.726582625105517e-06,0.0,1.0,11.22,FR,0.8594366408646358,True,True,-1.7742323999761396,-2.5566315865481366,17.256421875353954,False,10.195546004449092,0.0,0.5807659248218903,45.0,90.0,0.10756104618547006,tilt,False
0.004167549365637935,-0.10756104618547006,3.6357426040624477e-06,0.0,1.0,11.22,RL,0.8594366408646358,True,True,-2.004121911163063,-2.0482484824112697,17.765955643759686,False,11.474828022430682,0.0,0.7052950365593988,45.0,90.0,0.10756104618547006,tilt,False
0.004167549365637935,-0.10756104618547006,1.9775350352163947e-06,0.0,1.0,11.22,RR,0.3594366408646358,False,False,-2.008465763293457,-2.039554414525517,17.77466725433048,False,11.500596213949498,0.0,0.7073420581753379,45.0,90.0,0.10756104618547006,tilt,False
0.004170245245975927,-0.10755795329954423,2.0107787230583134e-06,0.0,1.0,11.24,FL,0.3594366408646358,False,False,-1.7698916406088672,-2.5661323924229333,17.24689541216324,False,10.169607868159877,0.0,0.5789048319276341,45.0,90.0,0.10755795329954423,tilt,False
0.004170245245975927,-0.10755795329954423,2.634166328171116e-06,0.0,1.0,11.24,FR,0.8594366408646358,True,True,-1.7742326738421355,-2.556592871051571,17.256460662361214,False,10.195547444729913,0.0,0.5807641857059507,45.0,90.0,0.10755795329954423,tilt,False
0.004170245245975927,-0.10755795329954423,3.512236486587108e-06,0.0,1.0,11.24,RL,0.8594366408646358,True,True,-2.00412150999699,-2.0483310117578277,17.76587301306565,False,11.474825930015845,0.0,0.7052901600740746,45.0,90.0,0.10755795329954423,tilt,False
0.004170245245975927,-0.10755795329954423,1.9066597844257337e-06,0.0,1.0,11.24,RR,0.3594366408646358,False,False,-2.008465897839408,-2.0395812384079135,17.77464040017667,False,11.50059693626689,0.0,0.7073328450086311,45.0,90.0,0.10755795329954423,tilt,False
0.004172849847676615,-0.1075549652815913,1.941609973362956e-06,0.0,1.0,11.26,FL,0.3594366408646358,False,False,-1.769891643586423,-2.5661157893089244,17.246912048093108,False,10.169607949674415,0.0,0.5788994248626906,45.0,90.0,0.1075549652815913,tilt,False
0.004172849847676615,-0.1075549652815913,2.5448820046704544e-06,0.0,1.0,11.26,FR,0.8594366408646358,True,True,-1.7742329398248367,-2.5565554642013044,17.256498138304195,False,10.195548984469749,0.0,0.5807625205965532,45.0,90.0,0.1075549652815913,tilt,False
0.004172849847676615,-0.1075549652815913,3.392921265779968e-06,0.0,1.0,11.26,RL,0.8594366408646358,True,True,-2.0041211217969797,-2.048410760424283,17.765793166462966,False,11.474823728777578,0.0,0.7052854698241893,45.0,90.0,0.1075549652815913,tilt,False
0.004172849847676615,-0.1075549652815913,1.8383279874216136e-06,0.0,1.0,11.26,RR,0.3594366408646358,False,False,-2.008466027226437,-2.0396071588668283,17.774614450463663,False,11.500597624818914,0.0,0.7073239647445503,45.0,90.0,0.1075549652815913,tilt,False
0.0041753662953659815,-0.10755207859619816,1.8748325087556476e-06,0.0,1.0,11.28,FL,0.3594366408646358,False,False,-1.7698916459538625,-2.56609973072797,17.24692813840771,False,10.169607932450441,0.0,0.578894215083572,45.0,90.0,0.10755207859619816,tilt,False
0.0041753662953659815,-0.10755207859619816,2.4586420323491974e-06,0.0,1.0,11.28,FR,0.8594366408646358,True,True,-1.7742331975247605,-2.556519321386768,17.256534347876816,False,10.195550335055627,0.0,0.5807609263920306,45.0,90.0,0.10755207859619816,tilt,False
0.0041753662953659815,-0.10755207859619816,3.2776751955728754e-06,0.0,1.0,11.28,RL,0.8594366408646358,True,True,-2.0041207469235456,-2.0484878222651743,17.765716009981308,False,11.474821775922324,0.0,0.7052809587014895,45.0,90.0,0.10755207859619816,tilt,False
0.0041753662953659815,-0.10755207859619816,1.7724424070288302e-06,0.0,1.0,11.28,RR,0.3594366408646358,False,False,-2.008466151783076,-2.039632206263669,17.774589374795916,False,11.500598291862671,0.0,0.7073154052863067,45.0,90.0,0.10755207859619816,tilt,False
0.004177797578261968,-0.10754928995862736,1.8104439070275739e-06,0.0,1.0,11.3,FL,0.3594366408646358,False,False,-1.7698916460528007,-2.566084196695507,17.24694370313216,False,10.169607899493654,0.0,0.5788891952114952,45.0,90.0,0.10754928995862736,tilt,False
0.004177797578261968,-0.10754928995862736,2.375472234662111e-06,0.0,1.0,11.3,FR,0.8594366408646358,True,True,-1.774233444626974,-2.556484396660556,17.25656933711298,False,10.195551618399946,0.0,0.5807594001508077,45.0,90.0,0.10754928995862736,tilt,False
0.004177797578261968,-0.10754928995862736,3.16651017074337e-06,0.0,1.0,11.3,RL,0.8594366408646358,True,True,-2.0041203880797607,-2.0485622907805734,17.765641450003496,False,11.474819920690669,0.0,0.7052766199353503,45.0,90.0,0.10754928995862736,tilt,False
0.004177797578261968,-0.10754928995862736,1.7089411801243836e-06,0.0,1.0,11.3,RR,0.3594366408646358,False,False,-2.008466272329142,-2.0396564100068626,17.774565143731643,False,11.500598940876207,0.0,0.7073071550617047,45.0,90.0,0.10754928995862736,tilt,False
0.004180146417214465,-0.10754659599445242,1.7481186485894269e-06,0.0,1.0,11.32,FL,0.3594366408646358,False,False,-1.7698916473563067,-2.566069173470298,17.246958756032367,False,10.169607957543814,0.0,0.578884358578409,45.0,90.0,0.10754659599445242,tilt,False
0.004180146417214465,-0.10754659599445242,2.294863596118725e-06,0.0,1.0,11.32,FR,0.8594366408646358,True,True,-1.7742336865412232,-2.5564506540104173,17.256603142085794,False,10.195553005069131,0.0,0.5807579390360371,45.0,90.0,0.10754659599445242,tilt,False
0.004180146417214465,-0.10754659599445242,3.058832063862068e-06,0.0,1.0,11.32,RL,0.8594366408646358,True,True,-2.0041200383099227,-2.048634246933953,17.765569405473766,False,11.474817947525768,0.0,0.7052724469611218,45.0,90.0,0.10754659599445242,tilt,False
0.004180146417214465,-0.10754659599445242,1.6476991518351742e-06,0.0,1.0,11.32,RR,0.3594366408646358,False,False,-2.0084663879529203,-2.0396797977799004,17.774541729557377,False,11.500599528366113,0.0,0.7072992028212782,45.0,90.0,0.10754659599445242,tilt,False
0.0041824157208334555,-0.10754399342405564,1.6880739502848292e-06,0.0,1.0,11.34,FL,0.3594366408646358,False,False,-1.7698916469801076,-2.566054641483885,17.24697331671946,False,10.16960796935816,0.0,0.5788796982574446,45.0,90.0,0.10754399342405564,tilt,False
0.0041824157208334555,-0.10754399342405564,2.217215811916541e-06,0.0,1.0,11.34,FR,0.8594366408646358,True,True,-1.7742339189779113,-2.5564180490267736,17.25663580729296,False,10.19555428029369,0.0,0.5807565403617875,45.0,90.0,0.10754399342405564,tilt,False
0.0041824157208334555,-0.10754399342405564,2.9550757188444216e-06,0.0,1.0,11.34,RL,0.8594366408646358,True,True,-2.004119703025331,-2.048703780907185,17.765499786093617,False,11.474816128236068,0.0,0.7052684334667854,45.0,90.0,0.10754399342405564,tilt,False
0.0041824157208334555,-0.10754399342405564,1.588676465202748e-06,0.0,1.0,11.34,RR,0.3594366408646358,False,False,-2.0084664996114636,-2.0397023978367645,17.774519103986464,False,11.50060011690806,0.0,0.7072915378151313,45.0,90.0,0.10754399342405564,tilt,False
0.004184608114119185,-0.1075414791843187,1.6300842552468665e-06,0.0,1.0,11.36,FL,0.3594366408646358,False,False,-1.7698916454662317,-2.5660405848784635,17.24698740108208,False,10.169607902971375,0.0,0.5788752078225287,45.0,90.0,0.1075414791843187,tilt,False
0.004184608114119185,-0.1075414791843187,2.1421781405821186e-06,0.0,1.0,11.36,FR,0.8594366408646358,True,True,-1.7742341428840445,-2.5563865436383155,17.25666737087465,False,10.195555400898868,0.0,0.5807552015345245,45.0,90.0,0.1075414791843187,tilt,False
0.004184608114119185,-0.1075414791843187,2.854820152209015e-06,0.0,1.0,11.36,RL,0.8594366408646358,True,True,-2.004119380862826,-2.0487709735151802,17.765432510950337,False,11.474814523452435,0.0,0.7052645733915406,45.0,90.0,0.1075414791843187,tilt,False
0.004184608114119185,-0.1075414791843187,1.5317731342407387e-06,0.0,1.0,11.36,RR,0.3594366408646358,False,False,-2.008466607327501,-2.0397242365226935,17.77449724064414,False,11.500600730082272,0.0,0.7072841496391028,45.0,90.0,0.1075414791843187,tilt,False
0.004186726052386215,-0.10753905035534699,1.5739802156200758e-06,0.0,1.0,11.38,FL,0.3594366408646358,False,False,-1.7698916452478266,-2.5660269905147075,17.247001022283065,False,10.16960796245026,0.0,0.5788708812959705,45.0,90.0,0.10753905035534699,tilt,False
0.004186726052386215,-0.10753905035534699,2.0694981100667817e-06,0.0,1.0,11.38,FR,0.8594366408646358,True,True,-1.7742343621410979,-2.5563561043772665,17.256697866355516,False,10.195556676814922,0.0,0.580753920038053,45.0,90.0,0.10753905035534699,tilt,False
0.004186726052386215,-0.10753905035534699,2.757753376031798e-06,0.0,1.0,11.38,RL,0.8594366408646358,True,True,-2.0041190667059623,-2.0488358988316193,17.76536750588474,False,11.474812724821001,0.0,0.7052608609067973,45.0,90.0,0.10753905035534699,tilt,False
0.004186726052386215,-0.10753905035534699,1.4768955094109631e-06,0.0,1.0,11.38,RR,0.3594366408646358,False,False,-2.008466710608319,-2.0397453388125464,17.774476114528355,False,11.500601243745963,0.0,0.7072770282275991,45.0,90.0,0.10753905035534699,tilt,False
0.004188772136036405,-0.10753670395621924,1.51989601474903e-06,0.0,1.0,11.4,FL,0.3594366408646358,False,False,-1.7698916445481223,-2.5660138414732963,17.247014197277917,False,10.169607972851372,0.0,0.5788667125010722,45.0,90.0,0.10753670395621924,tilt,False
0.004188772136036405,-0.10753670395621924,1.99943136672241e-06,0.0,1.0,11.4,FR,0.8594366408646358,True,True,-1.7742345741324113,-2.556326692397387,17.256727332657533,False,10.195557839558441,0.0,0.5807526935116782,45.0,90.0,0.10753670395621924,tilt,False
0.004188772136036405,-0.10753670395621924,2.6641595235626315e-06,0.0,1.0,11.4,RL,0.8594366408646358,True,True,-2.004118763827667,-2.04889863696844,17.76530469068276,False,11.474811085369296,0.0,0.7052572903788996,45.0,90.0,0.10753670395621924,tilt,False
0.004188772136036405,-0.10753670395621924,1.4240035751743672e-06,0.0,1.0,11.4,RR,0.3594366408646358,False,False,-2.0084668100490144,-2.039765730148118,17.77445570016799,False,11.500601766383042,0.0,0.7072701639482994,45.0,90.0,0.10753670395621924,tilt,False
0.004190748802211628,-0.10753443715800999,1.4676704032669215e-06,0.0,1.0,11.42,FL,0.3594366408646358,False,False,-1.7698916435132834,-2.566001123471884,17.247026940377626,False,10.16960800468151,0.0,0.5788626956909498,45.0,90.0,0.10753443715800999,tilt,False
0.004190748802211628,-0.10753443715800999,1.9317321650123715e-06,0.0,1.0,11.42,FR,0.8594366408646358,True,True,-1.774234779243558,-2.556298273297966,17.25675580424509,False,10.195559000746965,0.0,0.580751519666903,45.0,90.0,0.10753443715800999,tilt,False
0.004190748802211628,-0.10753443715800999,2.57373656942873e-06,0.0,1.0,11.42,RL,0.8594366408646358,True,True,-2.0041184716694875,-2.0489592614723744,17.7652439917076,False,11.474809456564133,0.0,0.7052538563913561,45.0,90.0,0.10753443715800999,tilt,False
0.004190748802211628,-0.10753443715800999,1.3730120077821266e-06,0.0,1.0,11.42,RR,0.3594366408646358,False,False,-2.0084669057400424,-2.0397854345960456,17.774435973469334,False,11.500602262087865,0.0,0.707263547503035,45.0,90.0,0.10753443715800999,tilt,False
0.004192658535639498,-0.1075322472250741,1.4173746164050238e-06,0.0,1.0,11.44,FL,0.3594366408646358,False,False,-1.7698916393353166,-2.5659888195332137,17.247039268596406,False,10.169607946641827,0.0,0.5788588251100489,45.0,90.0,0.1075322472250741,tilt,False
0.004192658535639498,-0.1075322472250741,1.8665503000635903e-06,0.0,1.0,11.44,FR,0.8594366408646358,True,True,-1.7742349733712164,-2.556270809165342,17.256783319107328,False,10.195559996985002,0.0,0.5807503963558943,45.0,90.0,0.1075322472250741,tilt,False
0.004192658535639498,-0.1075322472250741,2.486641694660628e-06,0.0,1.0,11.44,RL,0.8594366408646358,True,True,-2.004118195394894,-2.04901784899085,17.765185332212067,False,11.474808040784346,0.0,0.7052505537831086,45.0,90.0,0.1075322472250741,tilt,False
0.004192658535639498,-0.1075322472250741,1.3238614635894934e-06,0.0,1.0,11.44,RR,0.3594366408646358,False,False,-2.0084669985979406,-2.039804475987443,17.774416910573585,False,11.500602770867188,0.0,0.7072571700565355,45.0,90.0,0.1075322472250741,tilt,False
0.004194503275100521,-0.10753013171082001,1.368533002248105e-06,0.0,1.0,11.46,FL,0.3594366408646358,False,False,-1.7698916381477248,-2.565976922167822,17.247051189431453,False,10.169607953540105,0.0,0.5788550958827834,45.0,90.0,0.10753013171082001,tilt,False
0.004194503275100521,-0.10753013171082001,1.8031105395184995e-06,0.0,1.0,11.46,FR,0.8594366408646358,True,True,-1.7742351660584819,-2.556244276953539,17.25680990032012,False,10.195561053517743,0.0,0.5807493213655949,45.0,90.0,0.10753013171082001,tilt,False
0.004194503275100521,-0.10753013171082001,2.401962793330292e-06,0.0,1.0,11.46,RL,0.8594366408646358,True,True,-2.0041179225531067,-2.0490744563337953,17.765128655329722,False,11.474806565221273,0.0,0.7052473774993734,45.0,90.0,0.10753013171082001,tilt,False
0.004194503275100521,-0.10753013171082001,1.276447633856819e-06,0.0,1.0,11.46,RR,0.3594366408646358,False,False,-2.0084670871037478,-2.0398228750636846,17.774398490718056,False,11.500603234473145,0.0,0.7072510227057005,45.0,90.0,0.10753013171082001,tilt,False
0.004196285407682767,-0.10752808790190195,1.321495854948864e-06,0.0,1.0,11.48,FL,0.3594366408646358,False,False,-1.769891637296548,-2.565965415706802,17.247062718587017,False,10.169607984123612,0.0,0.5788515026351957,45.0,90.0,0.10752808790190195,tilt,False
0.004196285407682767,-0.10752808790190195,1.7420284066211622e-06,0.0,1.0,11.48,FR,0.8594366408646358,True,True,-1.7742353533674662,-2.5562186413677703,17.256835583250215,False,10.195562115253336,0.0,0.5807482927302091,45.0,90.0,0.10752808790190195,tilt,False
0.004196285407682767,-0.10752808790190195,2.320404289948981e-06,0.0,1.0,11.48,RL,0.8594366408646358,True,True,-2.004117658259662,-2.049129155656991,17.76507388881013,False,11.474805091575188,0.0,0.7052443227214925,45.0,90.0,0.10752808790190195,tilt,False
0.004196285407682767,-0.10752808790190195,1.230752058964646e-06,0.0,1.0,11.48,RR,0.3594366408646358,False,False,-2.0084671720324576,-2.039840654496132,17.774380691204932,False,11.50060367329137,0.0,0.7072450972350381,45.0,90.0,0.10752808790190195,tilt,False
0.004198007179501343,-0.1075261134479521,1.276209361476857e-06,0.0,1.0,11.5,FL,0.3594366408646358,False,False,-1.7698916338653032,-2.5659542843900067,17.247073871856838,False,10.169607924262527,0.0,0.5788480401986681,45.0,90.0,0.1075261134479521,tilt,False
0.004198007179501343,-0.1075261134479521,1.6832354829659348e-06,0.0,1.0,11.5,FR,0.8594366408646358,True,True,-1.7742355311155047,-2.5561938676758253,17.256860402698422,False,10.19556301314776,0.0,0.5807473085510771,45.0,90.0,0.1075261134479521,tilt,False
0.004198007179501343,-0.1075261134479521,2.2418637263815515e-06,0.0,1.0,11.5,RL,0.8594366408646358,True,True,-2.0041174077376973,-2.049182016400988,17.765020963121927,False,11.4748038307827,0.0,0.7052413848571328,45.0,90.0,0.1075261134479521,tilt,False
0.004198007179501343,-0.1075261134479521,1.186704759882599e-06,0.0,1.0,11.5,RR,0.3594366408646358,False,False,-2.0084672544568027,-2.039857835618882,17.774363490675153,False,11.500604128386792,0.0,0.7072393857540558,45.0,90.0,0.1075261134479521,tilt,False
0.004199670511669371,-0.1075242059206302,1.232331558075886e-06,0.0,1.0,11.52,FL,0.3594366408646358,False,False,-1.7698916311474946,-2.5659435194636364,17.247084658009612,False,10.16960792090529,0.0,0.57884470405179,45.0,90.0,0.1075242059206302,tilt,False
0.004199670511669371,-0.1075242059206302,1.6261837887737473e-06,0.0,1.0,11.52,FR,0.8594366408646358,True,True,-1.7742357044466597,-2.5561699319274593,17.25688438265412,False,10.195563964139017,0.0,0.58074636690978,45.0,90.0,0.1075242059206302,tilt,False
0.004199670511669371,-0.1075242059206302,2.1657058890773044e-06,0.0,1.0,11.52,RL,0.8594366408646358,True,True,-2.0041171643580475,-2.0492330944984136,17.76496982227031,False,11.474802507822696,0.0,0.7052385594004,45.0,90.0,0.1075242059206302,tilt,False
0.004199670511669371,-0.1075242059206302,1.1442278330397682e-06,0.0,1.0,11.52,RR,0.3594366408646358,False,False,-2.00846733343606,-2.039874438049691,17.774346869489992,False,11.500604541162,0.0,0.7072338803671039,45.0,90.0,0.1075242059206302,tilt,False
0.004201277327287192,-0.10752236321224282,1.1899590104679664e-06,0.0,1.0,11.540000000000001,FL,0.3594366408646358,False,False,-1.7698916293716824,-2.565933108822159,17.24709508917349,False,10.169607946098502,0.0,0.5788414895781293,45.0,90.0,0.10752236321224282,tilt,False
0.004201277327287192,-0.10752236321224282,1.5710559072376803e-06,0.0,1.0,11.540000000000001,FR,0.8594366408646358,True,True,-1.7742358739057176,-2.556146805794274,17.25690755149602,False,10.195564928783625,0.0,0.5807454660185399,45.0,90.0,0.10752236321224282,tilt,False
0.004201277327287192,-0.10752236321224282,2.0921160254666942e-06,0.0,1.0,11.540000000000001,RL,0.8594366408646358,True,True,-2.004116927192205,-2.049282449301467,17.76492040683152,False,11.47480117906612,0.0,0.7052358420810733,45.0,90.0,0.10752236321224282,tilt,False
0.004201277327287192,-0.10752236321224282,1.1032726112308764e-06,0.0,1.0,11.540000000000001,RR,0.3594366408646358,False,False,-2.0084674092041563,-2.039890480903264,17.774330808513394,False,11.500604930031741,0.0,0.7072285736223437,45.0,90.0,0.10752236321224282,tilt,False
0.004202829723356576,-0.10752058300004615,1.149179001723831e-06,0.0,1.0,11.56,FL,0.3594366408646358,False,False,-1.769891625615201,-2.565923038063536,17.247105179783063,False,10.169607882672985,0.0,0.5788383921276407,45.0,90.0,0.10752058300004615,tilt,False
0.004202829723356576,-0.10752058300004615,1.5180218582114999e-06,0.0,1.0,11.56,FR,0.8594366408646358,True,True,-1.774236035180645,-2.5561244575867774,17.256929940978694,False,10.195565734738686,0.0,0.5807446042261908,45.0,90.0,0.10752058300004615,tilt,False
0.004202829723356576,-0.10752058300004615,2.0212916364869865e-06,0.0,1.0,11.56,RL,0.8594366408646358,True,True,-2.0041167018379458,-2.0493301446447463,17.764872652886158,False,11.47480005771359,0.0,0.7052332287965847,45.0,90.0,0.10752058300004615,tilt,False
0.004202829723356576,-0.10752058300004615,1.0637984829584801e-06,0.0,1.0,11.56,RR,0.3594366408646358,False,False,-2.008467482630262,-2.039905983913605,17.774315287988138,False,11.500605337732297,0.0,0.7072234584739552,45.0,90.0,0.10752058300004615,tilt,False
0.004204329439454885,-0.1075188630753718,1.109656534883419e-06,0.0,1.0,11.58,FL,0.3594366408646358,False,False,-1.7698916229575041,-2.5659132995656773,17.247114937473384,False,10.169607876291066,0.0,0.5788354076901183,45.0,90.0,0.1075188630753718,tilt,False
0.004204329439454885,-0.1075188630753718,1.4665410461651438e-06,0.0,1.0,11.58,FR,0.8594366408646358,True,True,-1.7742361930955832,-2.556102866100227,17.256951572341485,False,10.195566597815137,0.0,0.5807437798271167,45.0,90.0,0.1075188630753718,tilt,False
0.004204329439454885,-0.1075188630753718,1.952593803066523e-06,0.0,1.0,11.58,RL,0.8594366408646358,True,True,-2.0041164821071566,-2.049376230672112,17.76482651023467,False,11.474798867644775,0.0,0.7052307155293412,45.0,90.0,0.1075188630753718,tilt,False
0.004204329439454885,-0.1075188630753718,1.0257310786451082e-06,0.0,1.0,11.58,RR,0.3594366408646358,False,False,-2.0084675528230442,-2.039920964804619,17.774300290171325,False,11.50060570464566,0.0,0.7072185278409924,45.0,90.0,0.1075188630753718,tilt,False
0.004205778246746339,-0.10751720172120853,1.0716008349841819e-06,0.0,1.0,11.6,FL,0.3594366408646358,False,False,-1.769891619367546,-2.565903879491651,17.247124376108236,False,10.169607893169895,0.0,0.5788325319015841,45.0,90.0,0.10751720172120853,tilt,False
0.004205778246746339,-0.10751720172120853,1.4169807222056506e-06,0.0,1.0,11.6,FR,0.8594366408646358,True,True,-1.7742363447769693,-2.5560820017267694,17.256972475247316,False,10.195567468240721,0.0,0.5807429912888753,45.0,90.0,0.10751720172120853,tilt,False
0.004205778246746339,-0.10751720172120853,1.8864213523608873e-06,0.0,1.0,11.6,RL,0.8594366408646358,True,True,-2.0041162713217293,-2.0494207650366483,17.764781921150668,False,11.474797674362762,0.0,0.7052282985150848,45.0,90.0,0.10751720172120853,tilt,False
0.004205778246746339,-0.10751720172120853,9.890344191235836e-07,0.0,1.0,11.6,RR,0.3594366408646358,False,False,-2.00846762082222,-2.03993544090925,17.77428579771008,False,11.500606049621823,0.0,0.7072137751507864,45.0,90.0,0.10751720172120853,tilt,False
0.004207178008246944,-0.10751559656215776,1.0348701452257811e-06,0.0,1.0,11.620000000000001,FL,0.3594366408646358,False,False,-1.7698916145262347,-2.565894767626104,17.247133505926705,False,10.169607824993362,0.0,0.5788297608202305,45.0,90.0,0.10751559656215776,tilt,False
0.004207178008246944,-0.10751559656215776,1.3691299229374625e-06,0.0,1.0,11.620000000000001,FR,0.8594366408646358,True,True,-1.7742364897448786,-2.5560618398544204,17.25699267435799,False,10.195568188565705,0.0,0.580742237128051,45.0,90.0,0.10751559656215776,tilt,False
0.004207178008246944,-0.10751559656215776,1.8225481992849692e-06,0.0,1.0,11.620000000000001,RL,0.8594366408646358,True,True,-2.004116070402507,-2.049463801630149,17.764738831673814,False,11.474796678091556,0.0,0.7052259740679051,45.0,90.0,0.10751559656215776,tilt,False
0.004207178008246944,-0.10751559656215776,9.536587935032966e-07,0.0,1.0,11.620000000000001,RR,0.3594366408646358,False,False,-2.008467686442809,-2.039949430124293,17.774271792687056,False,11.500606415504686,0.0,0.7072091939983904,45.0,90.0,0.10751559656215776,tilt,False
0.0042085301347344825,-0.10751404600173595,9.992527943262677e-07,0.0,1.0,11.64,FL,0.3594366408646358,False,False,-1.7698916117781585,-2.5658859568117274,17.247142334094697,False,10.169607819803279,0.0,0.5788270908626175,45.0,90.0,0.10751404600173595,tilt,False
0.0042085301347344825,-0.10751404600173595,1.3226484306378018e-06,0.0,1.0,11.64,FR,0.8594366408646358,True,True,-1.7742366333208561,-2.5560423614292005,17.257012188753652,False,10.195568974626186,0.0,0.5807415158146524,45.0,90.0,0.10751404600173595,tilt,False
0.0042085301347344825,-0.10751404600173595,1.7605372017584213e-06,0.0,1.0,11.64,RL,0.8594366408646358,True,True,-2.004115872139341,-2.0495053839561725,17.76469719825548,False,11.474795607300203,0.0,0.7052237386601642,45.0,90.0,0.10751404600173595,tilt,False
0.0042085301347344825,-0.10751404600173595,9.19535057431179e-07,0.0,1.0,11.64,RR,0.3594366408646358,False,False,-2.008467749086175,-2.039962947506472,17.77425826002996,False,11.500606740294025,0.0,0.7072047780172506,45.0,90.0,0.10751404600173595,tilt,False
0.004209836591975659,-0.10751254789233394,9.650987091136572e-07,0.0,1.0,11.66,FL,0.3594366408646358,False,False,-1.769891606007469,-2.565877432435717,17.247150875261365,False,10.16960772561838,0.0,0.5788245179040905,45.0,90.0,0.10751254789233394,tilt,False
0.004209836591975659,-0.10751254789233394,1.2781376861368515e-06,0.0,1.0,11.66,FR,0.8594366408646358,True,True,-1.7742367677822772,-2.5560235358898127,17.2570310490642,False,10.195569605240797,0.0,0.580740826088196,45.0,90.0,0.10751254789233394,tilt,False
0.004209836591975659,-0.10751254789233394,1.7011057877476807e-06,0.0,1.0,11.66,RL,0.8594366408646358,True,True,-2.0041156867358008,-2.049545571469538,17.764656961356064,False,11.47479473930596,0.0,0.7052215888735801,45.0,90.0,0.10751254789233394,tilt,False
0.004209836591975659,-0.10751254789233394,8.866619139043785e-07,0.0,1.0,11.66,RR,0.3594366408646358,False,False,-2.0084678101417697,-2.0399760107600757,17.774245182012645,False,11.500607103443901,0.0,0.7072005214754118,45.0,90.0,0.10751254789233394,tilt,False
0.004211098530048971,-0.10751110064112093,9.317754246100412e-07,0.0,1.0,11.68,FL,0.3594366408646358,False,False,-1.769891604475965,-2.5658691925699966,17.247159131350088,False,10.169607767837997,0.0,0.5788220390978378,45.0,90.0,0.10751110064112093,tilt,False
0.004211098530048971,-0.10751110064112093,1.2345632452101505e-06,0.0,1.0,11.68,FR,0.8594366408646358,True,True,-1.7742369044055142,-2.556005352475615,17.257049266055276,False,10.195570418118464,0.0,0.5807401664335382,45.0,90.0,0.10751110064112093,tilt,False
0.004211098530048971,-0.10751110064112093,1.6430141998674498e-06,0.0,1.0,11.68,RL,0.8594366408646358,True,True,-2.0041154993870394,-2.0495843966478398,17.764618088473753,False,11.474793640654774,0.0,0.7052195214548626,45.0,90.0,0.10751110064112093,tilt,False
0.004211098530048971,-0.10751110064112093,8.549309548827769e-07,0.0,1.0,11.68,RR,0.3594366408646358,False,False,-2.0084678676505483,-2.0399886331593056,17.77423254534846,False,11.500607373794095,0.0,0.7071964182823505,45.0,90.0,0.10751110064112093,tilt,False
0.004212317902035292,-0.10750970246348275,9.000029107824057e-07,0.0,1.0,11.700000000000001,FL,0.3594366408646358,False,False,-1.7698915985358277,-2.5658612190303,17.24716712059019,False,10.169607731327803,0.0,0.5788196501711431,45.0,90.0,0.10750970246348275,tilt,False
0.004212317902035292,-0.10750970246348275,1.193134940775743e-06,0.0,1.0,11.700000000000001,FR,0.8594366408646358,True,True,-1.7742370301439756,-2.5559877761191054,17.257066874875303,False,10.195571090997374,0.0,0.5807395357914068,45.0,90.0,0.10750970246348275,tilt,False
0.004212317902035292,-0.10750970246348275,1.5876830795284537e-06,0.0,1.0,11.700000000000001,RL,0.8594366408646358,True,True,-2.0041153269737926,-2.049621922042874,17.764580516962017,False,11.474792726040228,0.0,0.7052175332430414,45.0,90.0,0.10750970246348275,tilt,False
0.004212317902035292,-0.10750970246348275,8.243772679512795e-07,0.0,1.0,11.700000000000001,RR,0.3594366408646358,False,False,-2.0084679243088446,-2.0400008316362945,17.77422033308331,False,11.500607694992055,0.0,0.7071924633024343,45.0,90.0,0.10750970246348275,tilt,False
0.004213495731201366,-0.10750835177996865,8.689748609891789e-07,0.0,1.0,11.72,FL,0.3594366408646358,False,False,-1.769891595852082,-2.565853510562023,17.2471748442307,False,10.169607671985432,0.0,0.5788173485912198,45.0,90.0,0.10750835177996865,tilt,False
0.004213495731201366,-0.10750835177996865,1.1525347664080112e-06,0.0,1.0,11.72,FR,0.8594366408646358,True,True,-1.7742371567642246,-2.5559707976997617,17.25708388464703,False,10.195571702677938,0.0,0.580738932734389,45.0,90.0,0.10750835177996865,tilt,False
0.004213495731201366,-0.10750835177996865,1.5335541829460403e-06,0.0,1.0,11.72,RL,0.8594366408646358,True,True,-2.0041151540913518,-2.049658176920658,17.76454421753518,False,11.474791898495049,0.0,0.7052156212434967,45.0,90.0,0.10750835177996865,tilt,False
0.004213495731201366,-0.10750835177996865,7.948853574466255e-07,0.0,1.0,11.72,RR,0.3594366408646358,False,False,-2.0084679778900987,-2.0400126185364553,17.77420853286056,False,11.500607985585289,0.0,0.7071886507754667,45.0,90.0,0.10750835177996865,tilt,False
0.0042146337493189166,-0.10750704685365976,8.392535790566189e-07,0.0,1.0,11.74,FL,0.3594366408646358,False,False,-1.769891591130404,-2.565846053518665,17.247182315951363,False,10.169607696186631,0.0,0.5788151306629382,45.0,90.0,0.10750704685365976,tilt,False
0.0042146337493189166,-0.10750704685365976,1.1137062095425765e-06,0.0,1.0,11.74,FR,0.8594366408646358,True,True,-1.7742372763253043,-2.555954389335771,17.257100323314596,False,10.195572422968691,0.0,0.580738356244712,45.0,90.0,0.10750704685365976,tilt,False
0.0042146337493189166,-0.10750704685365976,1.4817313648762242e-06,0.0,1.0,11.74,RL,0.8594366408646358,True,True,-2.0041149911737834,-2.0496932142554556,17.76450913714235,False,11.474790922176863,0.0,0.7052137825237008,45.0,90.0,0.10750704685365976,tilt,False
0.0042146337493189166,-0.10750704685365976,7.664730000354872e-07,0.0,1.0,11.74,RR,0.3594366408646358,False,False,-2.0084680300374718,-2.0400240092257533,17.77419712929502,False,11.500608228571036,0.0,0.7071849758653243,45.0,90.0,0.10750704685365976,tilt,False
0.004215733076475338,-0.10750578603526466,8.102960673520331e-07,0.0,1.0,11.76,FL,0.3594366408646358,False,False,-1.7698915896981193,-2.565838845639757,17.247189538012773,False,10.169607672070565,0.0,0.5788129938461721,45.0,90.0,0.10750578603526466,tilt,False
0.004215733076475338,-0.10750578603526466,1.0757654174113499e-06,0.0,1.0,11.76,FR,0.8594366408646358,True,True,-1.7742373970587137,-2.5559385405478396,17.257116201368124,False,10.195573050470525,0.0,0.5807378050524281,45.0,90.0,0.10750578603526466,tilt,False
0.004215733076475338,-0.10750578603526466,1.4311678868332178e-06,0.0,1.0,11.76,RL,0.8594366408646358,True,True,-2.004114827538761,-2.0497270647328523,17.76447524507084,False,11.474790088268932,0.0,0.7052120142521114,45.0,90.0,0.10750578603526466,tilt,False
0.004215733076475338,-0.10750578603526466,7.390610535778564e-07,0.0,1.0,11.76,RR,0.3594366408646358,False,False,-2.008468079075152,-2.040035016046705,17.774186110031977,False,11.500608512839298,0.0,0.7071814333108943,45.0,90.0,0.10750578603526466,tilt,False
0.004216795329233597,-0.10750456811227933,7.827004410883942e-07,0.0,1.0,11.78,FL,0.3594366408646358,False,False,-1.76989158376014,-2.565831870204885,17.24719652717396,False,10.169607607007237,0.0,0.5788109345110735,45.0,90.0,0.10750456811227933,tilt,False
0.004216795329233597,-0.10750456811227933,1.039711642766513e-06,0.0,1.0,11.78,FR,0.8594366408646358,True,True,-1.7742375073097651,-2.555923219894566,17.257131550318316,False,10.19557359336547,0.0,0.5807372782495681,45.0,90.0,0.10750456811227933,tilt,False
0.004216795329233597,-0.10750456811227933,1.383019233417317e-06,0.0,1.0,11.78,RL,0.8594366408646358,True,True,-2.004114678060123,-2.0497597825675644,17.764442487024503,False,11.474789348885118,0.0,0.705210313766796,45.0,90.0,0.10750456811227933,tilt,False
0.004216795329233597,-0.10750456811227933,7.126561938961882e-07,0.0,1.0,11.78,RR,0.3594366408646358,False,False,-2.0084681277749117,-2.0400456530460245,17.77417546100647,False,11.50060877097112,0.0,0.7071780186951011,45.0,90.0,0.10750456811227933,tilt,False
0.0042178213405648255,-0.10750339162779039,7.557172013759571e-07,0.0,1.0,11.8,FL,0.3594366408646358,False,False,-1.769891580912314,-2.565825126736223,17.24720328390635,False,10.16960764863281,0.0,0.5788089503821947,45.0,90.0,0.10750339162779039,tilt,False
0.0042178213405648255,-0.10750339162779039,1.00432756116184e-06,0.0,1.0,11.8,FR,0.8594366408646358,True,True,-1.774237618623442,-2.555908420458282,17.25714637708183,False,10.195574278749852,0.0,0.5807367746588817,45.0,90.0,0.10750339162779039,tilt,False
0.0042178213405648255,-0.10750339162779039,1.3358599057877984e-06,0.0,1.0,11.8,RL,0.8594366408646358,True,True,-2.0041145276061165,-2.0497913920317252,17.764410838717335,False,11.474788441361467,0.0,0.7052086785143358,45.0,90.0,0.10750339162779039,tilt,False
0.0042178213405648255,-0.10750339162779039,6.871711327544849e-07,0.0,1.0,11.8,RR,0.3594366408646358,False,False,-2.008468173790471,-2.040055930911916,17.774165171520924,False,11.500609007240119,0.0,0.707174727074851,45.0,90.0,0.10750339162779039,tilt,False
0.004218812740642471,-0.10750225486771066,7.299096583041741e-07,0.0,1.0,11.82,FL,0.3594366408646358,False,False,-1.769891575603009,-2.565818602782953,17.247209820693364,False,10.16960759664216,0.0,0.5788070383402031,45.0,90.0,0.10750225486771066,tilt,False
0.004218812740642471,-0.10750225486771066,9.705528606332687e-07,0.0,1.0,11.82,FR,0.8594366408646358,True,True,-1.7742377226020907,-2.555894116938077,17.25716070701955,False,10.195574804684194,0.0,0.5807362934127513,45.0,90.0,0.10750225486771066,tilt,False
0.004218812740642471,-0.10750225486771066,1.2907965214703576e-06,0.0,1.0,11.82,RL,0.8594366408646358,True,True,-2.004114387450181,-2.0498219415029837,17.764380251699276,False,11.474787730995791,0.0,0.7052071059483921,45.0,90.0,0.10750225486771066,tilt,False
0.004218812740642471,-0.10750225486771066,6.626216351184069e-07,0.0,1.0,11.82,RR,0.3594366408646358,False,False,-2.008468218680129,-2.0400658637044593,17.774155227497246,False,11.50060924228903,0.0,0.7071715542311656,45.0,90.0,0.10750225486771066,tilt,False
0.004219770378490557,-0.10750115690944052,7.048484172845407e-07,0.0,1.0,11.84,FL,0.3594366408646358,False,False,-1.7698915712185057,-2.5658122934807266,17.247216142402337,False,10.169607546889063,0.0,0.5788051959525714,45.0,90.0,0.10750115690944052,tilt,False
0.004219770378490557,-0.10750115690944052,9.376879755907623e-07,0.0,1.0,11.84,FR,0.8594366408646358,True,True,-1.774237824583018,-2.5558802966141427,17.257174552864335,False,10.19557531109247,0.0,0.5807358334793002,45.0,90.0,0.10750115690944052,tilt,False
0.004219770378490557,-0.10750115690944052,1.2469715105523314e-06,0.0,1.0,11.84,RL,0.8594366408646358,True,True,-2.004114250161462,-2.049851459759916,17.764350697165426,False,11.47478705708334,0.0,0.7052055937356037,45.0,90.0,0.10750115690944052,tilt,False
0.004219770378490557,-0.10750115690944052,6.389360751258169e-07,0.0,1.0,11.84,RR,0.3594366408646358,False,False,-2.0084682618409477,-2.040075461390088,17.774145618959263,False,11.500609469491556,0.0,0.7071684957239445,45.0,90.0,0.10750115690944052,tilt,False
0.004220695608605396,-0.10750009586098894,6.806464392959209e-07,0.0,1.0,11.86,FL,0.3594366408646358,False,False,-1.769891567541905,-2.5658061928994123,17.24722225497986,False,10.16960757097597,0.0,0.5788034207015541,45.0,90.0,0.10750009586098894,tilt,False
0.004220695608605396,-0.10750009586098894,9.05935396796987e-07,0.0,1.0,11.86,FR,0.8594366408646358,True,True,-1.7742379242056265,-2.555866944137071,17.257187930000008,False,10.195575916262053,0.0,0.5807353939816828,45.0,90.0,0.10750009586098894,tilt,False
0.004220695608605396,-0.10750009586098894,1.2046545719342087e-06,0.0,1.0,11.86,RL,0.8594366408646358,True,True,-2.004114116746128,-2.0498799829961682,17.764322138874604,False,11.474786254735804,0.0,0.7052041395074203,45.0,90.0,0.10750009586098894,tilt,False
0.004220695608605396,-0.10750009586098894,6.161085454788052e-07,0.0,1.0,11.86,RR,0.3594366408646358,False,False,-2.0084683028729344,-2.0400847365831116,17.774136333277905,False,11.500609684243724,0.0,0.707165547459945,45.0,90.0,0.10750009586098894,tilt,False
0.004221589508475161,-0.10749907103917877,6.574084290134705e-07,0.0,1.0,11.88,FL,0.3594366408646358,False,False,-1.769891561794596,-2.5658002904276507,17.24722816905663,False,10.169607525110601,0.0,0.5788017098984705,45.0,90.0,0.10749907103917877,tilt,False
0.004221589508475161,-0.10749907103917877,8.754724809062825e-07,0.0,1.0,11.88,FR,0.8594366408646358,True,True,-1.7742380175362407,-2.5558540385942248,17.257200859377335,False,10.195576396298495,0.0,0.5807349740813821,45.0,90.0,0.10749907103917877,tilt,False
0.004221589508475161,-0.10749907103917877,1.1640036052012117e-06,0.0,1.0,11.88,RL,0.8594366408646358,True,True,-2.0041139917800486,-2.0499075487223317,17.764294539266917,False,11.474785612605734,0.0,0.7052027410846868,45.0,90.0,0.10749907103917877,tilt,False
0.004221589508475161,-0.10749907103917877,5.940961082841912e-07,0.0,1.0,11.88,RR,0.3594366408646358,False,False,-2.0084683432718164,-2.0400936995753627,17.774127360149183,False,11.5006098912588,0.0,0.7071627055690031,45.0,90.0,0.10749907103917877,tilt,False
0.004222452950000037,-0.1074980807479212,6.34673974793289e-07,0.0,1.0,11.9,FL,0.3594366408646358,False,False,-1.7698915601989107,-2.565794586796958,17.247233883897316,False,10.169607586342298,0.0,0.5788000617380133,45.0,90.0,0.1074980807479212,tilt,False
0.004222452950000037,-0.1074980807479212,8.455579923352774e-07,0.0,1.0,11.9,FR,0.8594366408646358,True,True,-1.7742381140170085,-2.555841575288129,17.25721334569578,False,10.195577024129852,0.0,0.5807345728005416,45.0,90.0,0.1074980807479212,tilt,False
0.004222452950000037,-0.1074980807479212,1.1241787160680977e-06,0.0,1.0,11.9,RL,0.8594366408646358,True,True,-2.0041138632881026,-2.049934178253523,17.764267877011974,False,11.47478479268737,0.0,0.70520139631578,45.0,90.0,0.1074980807479212,tilt,False
0.004222452950000037,-0.1074980807479212,5.72860674672452e-07,0.0,1.0,11.9,RR,0.3594366408646358,False,False,-2.0084683806372747,-2.0401023604266486,17.774118689503855,False,11.500610091988381,0.0,0.7071599659020036,45.0,90.0,0.1074980807479212,tilt,False
0.004223287301378803,-0.10749712409838144,6.130646269900337e-07,0.0,1.0,11.92,FL,0.3594366408646358,False,False,-1.76989155524011,-2.5657890676583466,17.247239413884483,False,10.16960759276252,0.0,0.5787984733365269,45.0,90.0,0.10749712409838144,tilt,False
0.004223287301378803,-0.10749712409838144,8.1721828657538e-07,0.0,1.0,11.92,FR,0.8594366408646358,True,True,-1.774238202419856,-2.555829527660019,17.257225415574105,False,10.195577551521584,0.0,0.5807341895083229,45.0,90.0,0.10749712409838144,tilt,False
0.004223287301378803,-0.10749712409838144,1.0863596430397169e-06,0.0,1.0,11.92,RL,0.8594366408646358,True,True,-2.004113745733196,-2.0499599165784073,17.76424210705138,False,11.474784090540973,0.0,0.7052001031269219,45.0,90.0,0.10749712409838144,tilt,False
0.004223287301378803,-0.10749712409838144,5.524066564163687e-07,0.0,1.0,11.92,RR,0.3594366408646358,False,False,-2.008468417745015,-2.0401107304771835,17.77411030998643,False,11.500610268423639,0.0,0.7071573251350287,45.0,90.0,0.10749712409838144,tilt,False
0.0042240932393909645,-0.10749620009424685,5.920235530538677e-07,0.0,1.0,11.94,FL,0.3594366408646358,False,False,-1.7698915510904085,-2.565783730172775,17.2472447618576,False,10.16960751612562,0.0,0.5787969427971964,45.0,90.0,0.10749620009424685,tilt,False
0.0042240932393909645,-0.10749620009424685,7.895556616599098e-07,0.0,1.0,11.94,FR,0.8594366408646358,True,True,-1.7742382891209225,-2.5558178869197756,17.25723707780953,False,10.195577934347815,0.0,0.5807338233452773,45.0,90.0,0.10749620009424685,tilt,False
0.0042240932393909645,-0.10749620009424685,1.0494869652144623e-06,0.0,1.0,11.94,RL,0.8594366408646358,True,True,-2.0041136304910294,-2.0499847860617066,17.764217207002524,False,11.474783590119172,0.0,0.7051988596193718,45.0,90.0,0.10749620009424685,tilt,False
0.0042240932393909645,-0.10749620009424685,5.32667477873263e-07,0.0,1.0,11.94,RR,0.3594366408646358,False,False,-2.008468453386241,-2.040118818161966,17.77410221315404,False,11.50061047773063,0.0,0.7071547794992947,45.0,90.0,0.10749620009424685,tilt,False
0.004224871904928465,-0.10749530710103838,5.716725797793401e-07,0.0,1.0,11.96,FL,0.3594366408646358,False,False,-1.7698915480477764,-2.565778570211976,17.247249931957004,False,10.169607499902575,0.0,0.578795468119085,45.0,90.0,0.10749530710103838,tilt,False
0.004224871904928465,-0.10749530710103838,7.627762248661155e-07,0.0,1.0,11.96,FR,0.8594366408646358,True,True,-1.7742383745871781,-2.555806641351386,17.25724834414447,False,10.19557839545627,0.0,0.5807334735672655,45.0,90.0,0.10749530710103838,tilt,False
0.004224871904928465,-0.10749530710103838,1.0138206441727503e-06,0.0,1.0,11.96,RL,0.8594366408646358,True,True,-2.004113517534989,-2.050008816097855,17.76419314743293,False,11.474782983015373,0.0,0.7051976638132555,45.0,90.0,0.10749530710103838,tilt,False
0.004224871904928465,-0.10749530710103838,5.136434794265376e-07,0.0,1.0,11.96,RR,0.3594366408646358,False,False,-2.008468487056339,-2.04012663409903,17.774094388376355,False,11.500610649526083,0.0,0.7071523255236963,45.0,90.0,0.10749530710103838,tilt,False
0.004225624333697708,-0.10749444458704872,5.522664142771836e-07,0.0,1.0,11.98,FL,0.3594366408646358,False,False,-1.76989154110822,-2.5657735757016638,17.24725493628175,False,10.16960739787644,0.0,0.5787940467031014,45.0,90.0,0.10749444458704872,tilt,False
0.004225624333697708,-0.10749444458704872,7.373041415196791e-07,0.0,1.0,11.98,FR,0.8594366408646358,True,True,-1.7742384513774536,-2.555795768734038,17.257259236844767,False,10.19557871145164,0.0,0.5807331396241254,45.0,90.0,0.10749444458704872,tilt,False
0.004225624333697708,-0.10749444458704872,9.798225614382738e-07,0.0,1.0,11.98,RL,0.8594366408646358,True,True,-2.004113416066912,-2.0500320436792516,17.764169891296717,False,11.474782567631491,0.0,0.7051965138982944,45.0,90.0,0.10749444458704872,tilt,False
0.004225624333697708,-0.10749444458704872,4.953100117512805e-07,0.0,1.0,11.98,RR,0.3594366408646358,False,False,-2.008468520951351,-2.0401341875344867,17.77408682639548,False,11.500610866974961,0.0,0.7071499602165926,45.0,90.0,0.10749444458704872,tilt,False
0.00422635092131343,-0.10749361128983292,5.330566264886706e-07,0.0,1.0,12.0,FL,0.3594366408646358,False,False,-1.7698915402141782,-2.565768751766933,17.247259769688572,False,10.169607437189114,0.0,0.5787926776353604,45.0,90.0,0.10749361128983292,tilt,False
0.00422635092131343,-0.10749361128983292,7.119244362813654e-07,0.0,1.0,12.0,FR,0.8594366408646358,True,True,-1.7742385347333314,-2.555785272265569,17.257269752690732,False,10.195579226520078,0.0,0.5807328205108274,45.0,90.0,0.10749361128983292,tilt,False
0.00422635092131343,-0.10749361128983292,9.46068207887898e-07,0.0,1.0,12.0,RL,0.8594366408646358,True,True,-2.0041133062793164,-2.050054477074126,17.76414743033528,False,11.474781897508816,0.0,0.7051954081954152,45.0,90.0,0.10749361128983292,tilt,False
0.00422635092131343,-0.10749361128983292,4.776005471860026e-07,0.0,1.0,12.0,RR,0.3594366408646358,False,False,-2.0084685515873097,-2.0401414853367177,17.77407952033864,False,11.500610994002292,0.0,0.7071476797645943,45.0,90.0,0.10749361128983292,tilt,False
0.004227053124173102,-0.10749280608221792,5.149200578456978e-07,0.0,1.0,12.02,FL,0.3594366408646358,False,False,-1.769891536244128,-2.565764084256461,17.247264446366987,False,10.169607401644928,0.0,0.5787913581192035,45.0,90.0,0.10749280608221792,tilt,False
0.004227053124173102,-0.10749280608221792,6.880812583141513e-07,0.0,1.0,12.02,FR,0.8594366408646358,True,True,-1.7742386107766837,-2.555775125958188,17.25727991773635,False,10.195579617661751,0.0,0.5807325158895351,45.0,90.0,0.10749280608221792,tilt,False
0.004227053124173102,-0.10749280608221792,9.142716283974259e-07,0.0,1.0,12.02,RL,0.8594366408646358,True,True,-2.0041132065490888,-2.05007616048292,17.764125720274077,False,11.474781390926369,0.0,0.7051943448855048,45.0,90.0,0.10749280608221792,tilt,False
0.004227053124173102,-0.10749280608221792,4.605597379459347e-07,0.0,1.0,12.02,RR,0.3594366408646358,False,False,-2.0084685819512194,-2.0401485386719322,17.774072459023643,False,11.500611176603464,0.0,0.7071454816683835,45.0,90.0,0.10749280608221792,tilt,False
0.0042277315766764,-0.10749202849201958,4.974219777605903e-07,0.0,1.0,12.040000000000001,FL,0.3594366408646358,False,False,-1.7698915293771003,-2.565759566607522,17.247268972888758,False,10.169607334657023,0.0,0.578790086327401,45.0,90.0,0.10749202849201958,tilt,False
0.0042277315766764,-0.10749202849201958,6.650710522199332e-07,0.0,1.0,12.040000000000001,FR,0.8594366408646358,True,True,-1.7742386798965533,-2.5557653165489693,17.25728974526384,False,10.19557994122702,0.0,0.5807322251144594,45.0,90.0,0.10749202849201958,tilt,False
0.0042277315766764,-0.10749202849201958,8.835716549422111e-07,0.0,1.0,12.040000000000001,RL,0.8594366408646358,True,True,-2.0041131158249312,-2.0500971184733463,17.764104736517883,False,11.474780962478249,0.0,0.7051933224311556,45.0,90.0,0.10749202849201958,tilt,False
0.0042277315766764,-0.10749202849201958,4.4412034975775555e-07,0.0,1.0,12.040000000000001,RR,0.3594366408646358,False,False,-2.0084686124368716,-2.0401553546394795,17.77406563534365,False,11.500611333922555,0.0,0.7071433629196604,45.0,90.0,0.10749202849201958,tilt,False
0.0042283867025616735,-0.10749127707672516,4.800710599165577e-07,0.0,1.0,12.06,FL,0.3594366408646358,False,False,-1.769891529087006,-2.565755204619186,17.247273343437993,False,10.169607378467543,0.0,0.5787888614302766,45.0,90.0,0.10749127707672516,tilt,False
0.0042283867025616735,-0.10749127707672516,6.42097918711556e-07,0.0,1.0,12.06,FR,0.8594366408646358,True,True,-1.7742387565721391,-2.5557558483754392,17.257299230915322,False,10.19558042396935,0.0,0.5807319473136379,45.0,90.0,0.10749127707672516,tilt,False
0.0042283867025616735,-0.10749127707672516,8.530421955167909e-07,0.0,1.0,12.06,RL,0.8594366408646358,True,True,-2.0041130155267135,-2.0501173580781025,17.764084472043088,False,11.474780345912087,0.0,0.7051923393000753,45.0,90.0,0.10749127707672516,tilt,False
0.0042283867025616735,-0.10749127707672516,4.2824625736378854e-07,0.0,1.0,12.06,RR,0.3594366408646358,False,False,-2.0084686394479556,-2.040161939997988,17.77405904253546,False,11.500611471647634,0.0,0.7071413201174873,45.0,90.0,0.10749127707672516,tilt,False
0.0042290199077468045,-0.1074905510389602,4.638056072314023e-07,0.0,1.0,12.08,FL,0.3594366408646358,False,False,-1.7698915246622502,-2.5657509826359157,17.24727757371108,False,10.16960732858304,0.0,0.5787876807835932,45.0,90.0,0.1074905510389602,tilt,False
0.0042290199077468045,-0.1074905510389602,6.207038442915416e-07,0.0,1.0,12.08,FR,0.8594366408646358,True,True,-1.7742388245288836,-2.5557466938177784,17.2573084023805,False,10.195580751705137,0.0,0.5807316822367836,45.0,90.0,0.1074905510389602,tilt,False
0.0042290199077468045,-0.1074905510389602,8.245037418435283e-07,0.0,1.0,12.08,RL,0.8594366408646358,True,True,-2.0041129270591678,-2.050136923598501,17.764064882471562,False,11.47477991670572,0.0,0.7051913938775359,45.0,90.0,0.1074905510389602,tilt,False
0.0042290199077468045,-0.1074905510389602,4.1297189661697284e-07,0.0,1.0,12.08,RR,0.3594366408646358,False,False,-2.008468666751237,-2.040168305001734,17.774052670329304,False,11.500611614122747,0.0,0.7071393511261759,45.0,90.0,0.1074905510389602,tilt,False
0.0042296316882666374,-0.10748984990707024,4.480469488378961e-07,0.0,1.0,12.1,FL,0.3594366408646358,False,False,-1.7698915177535615,-2.5657468962562193,17.24728166811347,False,10.169607388339738,0.0,0.5787865426970251,45.0,90.0,0.10748984990707024,tilt,False
0.0042296316882666374,-0.10748984990707024,5.999497101051052e-07,0.0,1.0,12.1,FR,0.8594366408646358,True,True,-1.7742388863664569,-2.5557378431914253,17.257317269354715,False,10.195581235507019,0.0,0.5807314293430805,45.0,90.0,0.10748984990707024,tilt,False
0.0042296316882666374,-0.10748984990707024,7.968232111382825e-07,0.0,1.0,12.1,RL,0.8594366408646358,True,True,-2.004112846513549,-2.0501558344897495,17.76404594832954,False,11.47477928482932,0.0,0.7051904847791128,45.0,90.0,0.10748984990707024,tilt,False
0.0042296316882666374,-0.10748984990707024,3.9823557291914094e-07,0.0,1.0,12.1,RR,0.3594366408646358,False,False,-2.0084686941627683,-2.0401744558104817,17.774046512559366,False,11.500611748360845,0.0,0.707137453277972,45.0,90.0,0.10748984990707024,tilt,False
0.004230222400845426,-0.10748917244925531,4.324437866788381e-07,0.0,1.0,12.120000000000001,FL,0.3594366408646358,False,False,-1.7698915165384639,-2.5657429499235906,17.24728562218794,False,10.16960730092339,0.0,0.5787854466760051,45.0,90.0,0.10748917244925531,tilt,False
0.004230222400845426,-0.10748917244925531,5.792685759206124e-07,0.0,1.0,12.120000000000001,FR,0.8594366408646358,True,True,-1.774238954634317,-2.55572929947228,17.257325828845406,False,10.195581474224891,0.0,0.580731187750376,45.0,90.0,0.10748917244925531,tilt,False
0.004230222400845426,-0.10748917244925531,7.693400884410762e-07,0.0,1.0,12.120000000000001,RL,0.8594366408646358,True,True,-2.004112757715004,-2.0501740978572136,17.76402766251872,False,11.4747789861236,0.0,0.705189610714931,45.0,90.0,0.10748917244925531,tilt,False
0.004230222400845426,-0.10748917244925531,3.8400517274381507e-07,0.0,1.0,12.120000000000001,RR,0.3594366408646358,False,False,-2.0084687185477934,-2.0401803984030735,17.77404056324296,False,11.500611880088538,0.0,0.7071356233405025,45.0,90.0,0.10748917244925531,tilt,False
0.004230793295525047,-0.10748851771930955,4.176970292320209e-07,0.0,1.0,12.14,FL,0.3594366408646358,False,False,-1.7698915136499724,-2.5657391327915358,17.247289446810772,False,10.169607323729856,0.0,0.5787843903213702,45.0,90.0,0.10748851771930955,tilt,False
0.004230793295525047,-0.10748851771930955,5.598114877813833e-07,0.0,1.0,12.14,FR,0.8594366408646358,True,True,-1.7742390181298209,-2.5557210422600223,17.2573341013057,False,10.195581879207346,0.0,0.5807309572892843,45.0,90.0,0.10748851771930955,tilt,False
0.004230793295525047,-0.10748851771930955,7.43418369688081e-07,0.0,1.0,12.14,RL,0.8594366408646358,True,True,-2.0041126756568004,-2.0501917493442705,17.764009989335268,False,11.474778464267109,0.0,0.7051887701716487,45.0,90.0,0.10748851771930955,tilt,False
0.004230793295525047,-0.10748851771930955,3.703076605526425e-07,0.0,1.0,12.14,RR,0.3594366408646358,False,False,-2.008468742419674,-2.0401861420620144,17.774034813084032,False,11.500612011883032,0.0,0.7071338594699896,45.0,90.0,0.10748851771930955,tilt,False
0.004231344948638364,-0.10748788544402031,4.035431765632794e-07,0.0,1.0,12.16,FL,0.3594366408646358,False,False,-1.7698915076226132,-2.56573543770448,17.24729314914928,False,10.169607301120017,0.0,0.5787833720931971,45.0,90.0,0.10748788544402031,tilt,False
0.004231344948638364,-0.10748788544402031,5.411538283193162e-07,0.0,1.0,12.16,FR,0.8594366408646358,True,True,-1.77423907475072,-2.5557130581323437,17.25734210018041,False,10.195582198498695,0.0,0.5807307374758265,45.0,90.0,0.10748788544402031,tilt,False
0.004231344948638364,-0.10748788544402031,7.185317049532742e-07,0.0,1.0,12.16,RL,0.8594366408646358,True,True,-2.0041126025470217,-2.0502088117845125,17.76399290591691,False,11.474778045141951,0.0,0.7051879619322586,45.0,90.0,0.10748788544402031,tilt,False
0.004231344948638364,-0.10748788544402031,3.5709840162124066e-07,0.0,1.0,12.16,RR,0.3594366408646358,False,False,-2.008468766725731,-2.0401916927310566,17.774029256132078,False,11.500612125519531,0.0,0.7071321593042827,45.0,90.0,0.10748788544402031,tilt,False
0.004231877599194489,-0.10748727461359896,3.895120289540984e-07,0.0,1.0,12.18,FL,0.3594366408646358,False,False,-1.7698915063076373,-2.565731868706886,17.247296725145187,False,10.169607315413899,0.0,0.5787823913358179,45.0,90.0,0.10748727461359896,tilt,False
0.004231877599194489,-0.10748727461359896,5.225349612712517e-07,0.0,1.0,12.18,FR,0.8594366408646358,True,True,-1.774239136558494,-2.5557053500641915,17.25734982247692,False,10.195582562240908,0.0,0.5807305275946854,45.0,90.0,0.10748727461359896,tilt,False
0.004231877599194489,-0.10748727461359896,6.937853047349332e-07,0.0,1.0,12.18,RL,0.8594366408646358,True,True,-2.00411252262829,-2.050225290534554,17.76397640691618,False,11.474777584053761,0.0,0.7051871848472712,45.0,90.0,0.10748727461359896,tilt,False
0.004231877599194489,-0.10748727461359896,3.443408360062861e-07,0.0,1.0,12.18,RR,0.3594366408646358,False,False,-2.00846878852743,-2.040197055407717,17.774023887386758,False,11.500612225834558,0.0,0.7071305200461532,45.0,90.0,0.10748727461359896,tilt,False
0.004232392422975839,-0.10748668414895417,3.7622444312590704e-07,0.0,1.0,12.200000000000001,FL,0.3594366408646358,False,False,-1.7698915035732898,-2.565728417000066,17.24730018362342,False,10.169607243842789,0.0,0.5787814462006186,45.0,90.0,0.10748668414895417,tilt,False
0.004232392422975839,-0.10748668414895417,5.049748679045285e-07,0.0,1.0,12.200000000000001,FR,0.8594366408646358,True,True,-1.7742391941552929,-2.5556979009039757,17.257357285393553,False,10.195582787827385,0.0,0.5807303274155348,45.0,90.0,0.10748668414895417,tilt,False
0.004232392422975839,-0.10748668414895417,6.704043527375984e-07,0.0,1.0,12.200000000000001,RL,0.8594366408646358,True,True,-2.0041124487694892,-2.05024121722568,17.763960460647944,False,11.474777300352164,0.0,0.7051864375783057,45.0,90.0,0.10748668414895417,tilt,False
0.004232392422975839,-0.10748668414895417,3.3206274059050347e-07,0.0,1.0,12.200000000000001,RR,0.3594366408646358,False,False,-2.008468809727701,-2.0402022388232854,17.7740186981042,False,11.500612361521979,0.0,0.7071289398969546,45.0,90.0,0.10748668414895417,tilt,False
0.004232889882883057,-0.10748611394142867,3.6344191677030107e-07,0.0,1.0,12.22,FL,0.3594366408646358,False,False,-1.7698914985423524,-2.565725076651145,17.24730353052493,False,10.169607206762882,0.0,0.5787805351827089,45.0,90.0,0.10748611394142867,tilt,False
0.004232889882883057,-0.10748611394142867,4.880859545539429e-07,0.0,1.0,12.22,FR,0.8594366408646358,True,True,-1.774239246407891,-2.555690699391086,17.25736450020759,False,10.195583056574224,0.0,0.5807301365500089,45.0,90.0,0.10748611394142867,tilt,False
0.004232889882883057,-0.10748611394142867,6.478889078912396e-07,0.0,1.0,12.22,RL,0.8594366408646358,True,True,-2.0041123818597373,-2.0502566109399516,17.76394504800756,False,11.47477695998959,0.0,0.7051857190140086,45.0,90.0,0.10748611394142867,tilt,False
0.004232889882883057,-0.10748611394142867,3.202181653283882e-07,0.0,1.0,12.22,RR,0.3594366408646358,False,False,-2.0084688311835865,-2.0402072479315074,17.774013683325318,False,11.500612493576794,0.0,0.7071274168155779,45.0,90.0,0.10748611394142867,tilt,False
0.004233370339691861,-0.10748556331055821,3.5099206930415755e-07,0.0,1.0,12.24,FL,0.3594366408646358,False,False,-1.7698914940331156,-2.5657218457633655,17.2473067677474,False,10.169607148191675,0.0,0.5787796573105625,45.0,90.0,0.10748556331055821,tilt,False
0.004233370339691861,-0.10748556331055821,4.716004812626777e-07,0.0,1.0,12.24,FR,0.8594366408646358,True,True,-1.774239297565993,-2.555683740245819,17.257371472202976,False,10.195583274712929,0.0,0.5807299544898505,45.0,90.0,0.10748556331055821,tilt,False
0.004233370339691861,-0.10748556331055821,6.25941129867867e-07,0.0,1.0,12.24,RL,0.8594366408646358,True,True,-2.004112316174797,-2.050271485062951,17.76393015559928,False,11.474776684618872,0.0,0.7051850281548198,45.0,90.0,0.10748556331055821,tilt,False
0.004233370339691861,-0.10748556331055821,3.0878873126480484e-07,0.0,1.0,12.24,RR,0.3594366408646358,False,False,-2.0084688518868696,-2.0402120877871974,17.774008837990657,False,11.50061260138302,0.0,0.7071259485079092,45.0,90.0,0.10748556331055821,tilt,False
0.004233834387159035,-0.10748503091829667,3.387615976044529e-07,0.0,1.0,12.26,FL,0.3594366408646358,False,False,-1.7698914938909378,-2.565718726683406,17.24730989294097,False,10.169607189267918,0.0,0.5787788118189677,45.0,90.0,0.10748503091829667,tilt,False
0.004233834387159035,-0.10748503091829667,4.553312354330592e-07,0.0,1.0,12.26,FR,0.8594366408646358,True,True,-1.7742393535728243,-2.555677023426548,17.257378201421048,False,10.19558364348771,0.0,0.5807297807310545,45.0,90.0,0.10748503091829667,tilt,False
0.004233834387159035,-0.10748503091829667,6.043430496299078e-07,0.0,1.0,12.26,RL,0.8594366408646358,True,True,-2.0041122445543964,-2.0502858503111225,17.76391577269848,False,11.474776219276817,0.0,0.7051843638881715,45.0,90.0,0.10748503091829667,tilt,False
0.004233834387159035,-0.10748503091829667,2.9776645350711836e-07,0.0,1.0,12.26,RR,0.3594366408646358,False,False,-2.0084688699376385,-2.04021676461235,17.77400415587212,False,11.500612690206795,0.0,0.7071245327823783,45.0,90.0,0.10748503091829667,tilt,False
0.00423428295665656,-0.10748451661536024,3.273202991944166e-07,0.0,1.0,12.280000000000001,FL,0.3594366408646358,False,False,-1.7698914900590896,-2.5657157072666164,17.24731291827856,False,10.169607142287209,0.0,0.5787779967925047,45.0,90.0,0.10748451661536024,tilt,False
0.00423428295665656,-0.10748451661536024,4.4021546657161026e-07,0.0,1.0,12.280000000000001,FR,0.8594366408646358,True,True,-1.7742394021906978,-2.5556705280389767,17.257384708805176,False,10.19558386622957,0.0,0.5807296151522958,45.0,90.0,0.10748451661536024,tilt,False
0.00423428295665656,-0.10748451661536024,5.841882298416236e-07,0.0,1.0,12.280000000000001,RL,0.8594366408646358,True,True,-2.004112182828546,-2.0502997381370918,17.76390186779861,False,11.474775933686988,0.0,0.7051837251082902,45.0,90.0,0.10748451661536024,tilt,False
0.00423428295665656,-0.10748451661536024,2.8715347187279484e-07,0.0,1.0,12.280000000000001,RR,0.3594366408646358,False,False,-2.0084688886890696,-2.040221285013414,17.773999630352975,False,11.500612787306615,0.0,0.7071231682403023,45.0,90.0,0.10748451661536024,tilt,False
0.004234716350889806,-0.10748402002231647,3.162177520150595e-07,0.0,1.0,12.3,FL,0.3594366408646358,False,False,-1.7698914842189766,-2.565712784587393,17.247315846688135,False,10.169607201341462,0.0,0.5787772110541575,45.0,90.0,0.10748402002231647,tilt,False
0.004234716350889806,-0.10748402002231647,4.255257383873545e-07,0.0,1.0,12.3,FR,0.8594366408646358,True,True,-1.774239446000886,-2.5556642476812255,17.257391000763516,False,10.195584245385485,0.0,0.5807294574108491,45.0,90.0,0.10748402002231647,tilt,False
0.004234716350889806,-0.10748402002231647,5.646123031819134e-07,0.0,1.0,12.3,RL,0.8594366408646358,True,True,-2.004112127219633,-2.0503131616344885,17.763888427794807,False,11.474775443689321,0.0,0.7051831108913664,45.0,90.0,0.10748402002231647,tilt,False
0.004234716350889806,-0.10748402002231647,2.7691373895811345e-07,0.0,1.0,12.3,RR,0.3594366408646358,False,False,-2.0084689077273024,-2.040225653243029,17.773995257176736,False,11.500612876128647,0.0,0.7071218530234488,45.0,90.0,0.10748402002231647,tilt,False
0.004235134762393065,-0.10748354031246934,3.052359169348059e-07,0.0,1.0,12.32,FL,0.3594366408646358,False,False,-1.7698914821258662,-2.5657099611503256,17.24731867565626,False,10.169607116026764,0.0,0.5787764543217434,45.0,90.0,0.10748354031246934,tilt,False
0.004235134762393065,-0.10748354031246934,4.1090850117849714e-07,0.0,1.0,12.32,FR,0.8594366408646358,True,True,-1.7742394939036752,-2.5556581838713024,17.25739707576655,False,10.195584382388093,0.0,0.5807293068677394,45.0,90.0,0.10748354031246934,tilt,False
0.004235134762393065,-0.10748354031246934,5.451956136550863e-07,0.0,1.0,12.32,RL,0.8594366408646358,True,True,-2.0041120661150567,-2.05032612607637,17.763875447419153,False,11.474775281837477,0.0,0.7051825204396192,45.0,90.0,0.10748354031246934,tilt,False
0.004235134762393065,-0.10748354031246934,2.6702578616180313e-07,0.0,1.0,12.32,RR,0.3594366408646358,False,False,-2.0084689247677168,-2.040229873354185,17.773991032288006,False,11.500612966997009,0.0,0.7071205847990869,45.0,90.0,0.10748354031246934,tilt,False
0.0042355390803969556,-0.10748307642860838,2.947110067501511e-07,0.0,1.0,12.34,FL,0.3594366408646358,False,False,-1.7698914813304225,-2.5657072333822097,17.247321408769295,False,10.16960714214155,0.0,0.5787757252215868,45.0,90.0,0.10748307642860838,tilt,False
0.0042355390803969556,-0.10748307642860838,3.9691597119611775e-07,0.0,1.0,12.34,FR,0.8594366408646358,True,True,-1.7742395421455095,-2.555652327807606,17.257402942641743,False,10.195584693853261,0.0,0.5807291633669207,45.0,90.0,0.10748307642860838,tilt,False
0.0042355390803969556,-0.10748307642860838,5.266041327694222e-07,0.0,1.0,12.34,RL,0.8594366408646358,True,True,-2.0041120050675287,-2.0503386517813813,17.763862906320117,False,11.474774889704243,0.0,0.7051819526629327,45.0,90.0,0.10748307642860838,tilt,False
0.0042355390803969556,-0.10748307642860838,2.5750426799882654e-07,0.0,1.0,12.34,RR,0.3594366408646358,False,False,-2.0084689403741773,-2.040233952172628,17.77398694885176,False,11.500613056617016,0.0,0.7071193621768614,45.0,90.0,0.10748307642860838,tilt,False
0.004235929867679373,-0.10748262843631798,2.847518850131108e-07,0.0,1.0,12.36,FL,0.3594366408646358,False,False,-1.7698914775009857,-2.565704592819344,17.247324054507335,False,10.169607122810403,0.0,0.5787750223991036,45.0,90.0,0.10748262843631798,tilt,False
0.004235929867679373,-0.10748262843631798,3.8372927005370767e-07,0.0,1.0,12.36,FR,0.8594366408646358,True,True,-1.7742395842383525,-2.5556466648630103,17.25740861604548,False,10.195584923334494,0.0,0.580729026688281,45.0,90.0,0.10748262843631798,tilt,False
0.004235929867679373,-0.10748262843631798,5.090259765841182e-07,0.0,1.0,12.36,RL,0.8594366408646358,True,True,-2.004111952113103,-2.0503507605694784,17.763850782644326,False,11.474774593951942,0.0,0.7051814066936013,45.0,90.0,0.10748262843631798,tilt,False
0.004235929867679373,-0.10748262843631798,2.4832676322076147e-07,0.0,1.0,12.36,RR,0.3594366408646358,False,False,-2.0084689566760017,-2.0402378942787625,17.77398300228127,False,11.50061313164518,0.0,0.7071181837374984,45.0,90.0,0.10748262843631798,tilt,False
0.004236307466999804,-0.10748219587295067,2.751335287686888e-07,0.0,1.0,12.38,FL,0.3594366408646358,False,False,-1.769891471290981,-2.5657020359441987,17.247326616393625,False,10.169607027470667,0.0,0.5787743447731549,45.0,90.0,0.10748219587295067,tilt,False
0.004236307466999804,-0.10748219587295067,3.7099422555730606e-07,0.0,1.0,12.38,FR,0.8594366408646358,True,True,-1.7742396210539968,-2.5556411879451293,17.257414103081075,False,10.19558502496181,0.0,0.580728896580339,45.0,90.0,0.10748219587295067,tilt,False
0.004236307466999804,-0.10748219587295067,4.92057441181808e-07,0.0,1.0,12.38,RL,0.8594366408646358,True,True,-2.004111905888218,-2.0503624661182758,17.76383906269938,False,11.47477447581885,0.0,0.7051808817321347,45.0,90.0,0.10748219587295067,tilt,False
0.004236307466999804,-0.10748219587295067,2.394758156065095e-07,0.0,1.0,12.38,RR,0.3594366408646358,False,False,-2.008468973475751,-2.040241703872514,17.773979188372273,False,11.50061325713719,0.0,0.707117047910108,45.0,90.0,0.10748219587295067,tilt,False
0.00423667190222848,-0.10748177798888058,2.6550065670003915e-07,0.0,1.0,12.4,FL,0.3594366408646358,False,False,-1.7698914700691806,-2.565699567605051,17.24732908956474,False,10.169607066401822,0.0,0.5787736922557724,45.0,90.0,0.10748177798888058,tilt,False
0.00423667190222848,-0.10748177798888058,3.5812264344249037e-07,0.0,1.0,12.4,FR,0.8594366408646358,True,True,-1.7742396641528233,-2.5556359025181443,17.25741939826248,False,10.195585325138426,0.0,0.5807287724319747,45.0,90.0,0.10748177798888058,tilt,False
0.00423667190222848,-0.10748177798888058,4.749799528951192e-07,0.0,1.0,12.4,RL,0.8594366408646358,True,True,-2.004111851251076,-2.0503737680553185,17.7638277468733,False,11.474774095765522,0.0,0.7051803771299021,45.0,90.0,0.10748177798888058,tilt,False
0.00423667190222848,-0.10748177798888058,2.3092119465619094e-07,0.0,1.0,12.4,RR,0.3594366408646358,False,False,-2.008468987856192,-2.040245383876555,17.773975504201577,False,11.500613293818478,0.0,0.707115952571162,45.0,90.0,0.10748177798888058,tilt,False
0.004237024139048914,-0.10748137380259375,2.5637446256616635e-07,0.0,1.0,12.42,FL,0.3594366408646358,False,False,-1.7698914693710932,-2.5656971825646497,17.24733147927644,False,10.169607040786639,0.0,0.5787730635633321,45.0,90.0,0.10748137380259375,tilt,False
0.004237024139048914,-0.10748137380259375,3.4597590551095304e-07,0.0,1.0,12.42,FR,0.8594366408646358,True,True,-1.774239706571288,-2.555630797439173,17.257424512766633,False,10.195585524201405,0.0,0.5807286541622988,45.0,90.0,0.10748137380259375,tilt,False
0.004237024139048914,-0.10748137380259375,4.588442575775934e-07,0.0,1.0,12.42,RL,0.8594366408646358,True,True,-2.0041117980349363,-2.050384688923792,17.76381681258293,False,11.474773857019997,0.0,0.7051798919030707,45.0,90.0,0.10748137380259375,tilt,False
0.004237024139048914,-0.10748137380259375,2.2269306367938267e-07,0.0,1.0,12.42,RR,0.3594366408646358,False,False,-2.0084690011488124,-2.040248941083279,17.77397194296678,False,11.500613387830397,0.0,0.7071148966130374,45.0,90.0,0.10748137380259375,tilt,False
0.004237364589760945,-0.10748098348997046,2.477001173965001e-07,0.0,1.0,12.44,FL,0.3594366408646358,False,False,-1.7698914661866614,-2.5656948741565113,17.247333792206284,False,10.169606985823147,0.0,0.5787724575568642,45.0,90.0,0.10748098348997046,tilt,False
0.004237364589760945,-0.10748098348997046,3.344642181184906e-07,0.0,1.0,12.44,FR,0.8594366408646358,True,True,-1.7742397438847632,-2.5556258611345446,17.25742945818789,False,10.195585665642836,0.0,0.580728541570316,45.0,90.0,0.10748098348997046,tilt,False
0.004237364589760945,-0.10748098348997046,4.435047704805055e-07,0.0,1.0,12.44,RL,0.8594366408646358,True,True,-2.004111751516005,-2.0503952457823007,17.763806242744867,False,11.47477368072405,0.0,0.7051794253202655,45.0,90.0,0.10748098348997046,tilt,False
0.004237364589760945,-0.10748098348997046,2.1475613245553416e-07,0.0,1.0,12.44,RR,0.3594366408646358,False,False,-2.008469015061926,-2.040252379013247,17.773968501142654,False,11.500613462413275,0.0,0.7071138787916217,45.0,90.0,0.10748098348997046,tilt,False
0.00423769357246512,-0.10748060664748003,2.3934776509621985e-07,0.0,1.0,12.46,FL,0.3594366408646358,False,False,-1.769891460613033,-2.565692638658478,17.247336032083357,False,10.169607007761325,0.0,0.5787718731907219,45.0,90.0,0.10748060664748003,tilt,False
0.00423769357246512,-0.10748060664748003,3.2338972535006537e-07,0.0,1.0,12.46,FR,0.8594366408646358,True,True,-1.7742397760783373,-2.555621086471959,17.257434241670875,False,10.195585922092341,0.0,0.580728434497308,45.0,90.0,0.10748060664748003,tilt,False
0.00423769357246512,-0.10748060664748003,4.2875171189833655e-07,0.0,1.0,12.46,RL,0.8594366408646358,True,True,-2.0041117115142044,-2.0504054516106844,17.763796024364268,False,11.474773350184789,0.0,0.7051789766837182,45.0,90.0,0.10748060664748003,tilt,False
0.00423769357246512,-0.10748060664748003,2.0710356380174154e-07,0.0,1.0,12.46,RR,0.3594366408646358,False,False,-2.008469029582294,-2.040255701432261,17.77396517495938,False,11.500613523353945,0.0,0.7071128978308046,45.0,90.0,0.10748060664748003,tilt,False
0.004238011129937439,-0.10748024271229385,2.3104864157326315e-07,0.0,1.0,12.48,FL,0.3594366408646358,False,False,-1.7698914578754728,-2.565690478519279,17.24733819644972,False,10.169606977785282,0.0,0.5787713103010679,45.0,90.0,0.10748024271229385,tilt,False
0.004238011129937439,-0.10748024271229385,3.1230662450069595e-07,0.0,1.0,12.48,FR,0.8594366408646358,True,True,-1.7742398113707105,-2.5556164757533604,17.2574388609003,False,10.195586084919222,0.0,0.5807283324418622,45.0,90.0,0.10748024271229385,tilt,False
0.004238011129937439,-0.10748024271229385,4.140363232645247e-07,0.0,1.0,12.48,RL,0.8594366408646358,True,True,-2.0041116671840506,-2.050415308559858,17.76378615529868,False,11.474773154099145,0.0,0.7051785454606931,45.0,90.0,0.10748024271229385,tilt,False
0.004238011129937439,-0.10748024271229385,1.9970947857145702e-07,0.0,1.0,12.48,RR,0.3594366408646358,False,False,-2.00846904263724,-2.0402589109703926,17.773961961786,False,11.500613585584682,0.0,0.7071119519159889,45.0,90.0,0.10748024271229385,tilt,False
0.004238317919239008,-0.10747989056756081,2.229903139372066e-07,0.0,1.0,12.5,FL,0.3594366408646358,False,False,-1.769891458192254,-2.5656883939130966,17.247340285135746,False,10.169607037464356,0.0,0.5787707681963546,45.0,90.0,0.10747989056756081,tilt,False
0.004238317919239008,-0.10747989056756081,3.015234695425429e-07,0.0,1.0,12.5,FR,0.8594366408646358,True,True,-1.774239850107575,-2.555612026389674,17.257443318476454,False,10.195586389968794,0.0,0.5807282351915354,45.0,90.0,0.10747989056756081,tilt,False
0.004238317919239008,-0.10747989056756081,3.9974360872909877e-07,0.0,1.0,12.5,RL,0.8594366408646358,True,True,-2.0041116187818444,-2.0504248284863857,17.76377662367408,False,11.474772772270269,0.0,0.705178130856154,45.0,90.0,0.10747989056756081,tilt,False
0.004238317919239008,-0.10747989056756081,1.9258977407233784e-07,0.0,1.0,12.5,RR,0.3594366408646358,False,False,-2.0084690536244754,-2.04026201298281,17.773958856260684,False,11.500613643582273,0.0,0.7071110398202087,45.0,90.0,0.10747989056756081,tilt,False
0.0042386144933645115,-0.10747955042453838,2.1543474929650498e-07,0.0,1.0,12.52,FL,0.3594366408646358,False,False,-1.7698914563974952,-2.5656863769170783,17.247342306080363,False,10.169607045116681,0.0,0.578770245706094,45.0,90.0,0.10747955042453838,tilt,False
0.0042386144933645115,-0.10747955042453838,2.914739158438213e-07,0.0,1.0,12.52,FR,0.8594366408646358,True,True,-1.7742398844787441,-2.5556077247690587,17.257447628040367,False,10.195586605528517,0.0,0.5807281426564844,45.0,90.0,0.10747955042453838,tilt,False
0.0042386144933645115,-0.10747955042453838,3.8636010223256203e-07,0.0,1.0,12.52,RL,0.8594366408646358,True,True,-2.0041115762357045,-2.050434030934051,17.763767409913825,False,11.474772496873909,0.0,0.7051777321712202,45.0,90.0,0.10747955042453838,tilt,False
0.0042386144933645115,-0.10747955042453838,1.8572761712378772e-07,0.0,1.0,12.52,RR,0.3594366408646358,False,False,-2.008469065115915,-2.040265011228833,17.773955854618222,False,11.500613686542131,0.0,0.7071101606425854,45.0,90.0,0.10747955042453838,tilt,False
0.004238901148845057,-0.10747922204797113,2.0820160942921096e-07,0.0,1.0,12.540000000000001,FL,0.3594366408646358,False,False,-1.7698914516595665,-2.565684423137926,17.24734426368508,False,10.169606969709514,0.0,0.5787697418631383,45.0,90.0,0.10747922204797113,tilt,False
0.004238901148845057,-0.10747922204797113,2.8187551885338493e-07,0.0,1.0,12.540000000000001,FR,0.8594366408646358,True,True,-1.7742399130497404,-2.555603563019954,17.257451797477863,False,10.195586680368377,0.0,0.5807280547237926,45.0,90.0,0.10747922204797113,tilt,False
0.004238901148845057,-0.10747922204797113,3.7357061375753537e-07,0.0,1.0,12.540000000000001,RL,0.8594366408646358,True,True,-2.0041115411391224,-2.050442928706854,17.76375850119736,False,11.474772409578236,0.0,0.7051773488099905,45.0,90.0,0.10747922204797113,tilt,False
0.004238901148845057,-0.10747922204797113,1.7911140082119912e-07,0.0,1.0,12.540000000000001,RR,0.3594366408646358,False,False,-2.0084690775279137,-2.0402679089485467,17.773952953614724,False,11.500613770992251,0.0,0.7071093133250443,45.0,90.0,0.10747922204797113,tilt,False
0.004239178035844689,-0.10747890500337015,2.0113715353319473e-07,0.0,1.0,12.56,FL,0.3594366408646358,False,False,-1.769891446222513,-2.5656825317665053,17.247346158758717,False,10.169606937105641,0.0,0.5787692560737436,45.0,90.0,0.10747890500337015,tilt,False
0.004239178035844689,-0.10747890500337015,2.724766344663295e-07,0.0,1.0,12.56,FR,0.8594366408646358,True,True,-1.7742399392327162,-2.5555995387354575,17.257455829196218,False,10.195586817607085,0.0,0.5807279711572044,45.0,90.0,0.10747890500337015,tilt,False
0.004239178035844689,-0.10747890500337015,3.6107064922684624e-07,0.0,1.0,12.56,RL,0.8594366408646358,True,True,-2.0041115089528305,-2.050451528700089,17.76374989062593,False,11.47477224606767,0.0,0.705176980250089,45.0,90.0,0.10747890500337015,tilt,False
0.004239178035844689,-0.10747890500337015,1.7272715663865717e-07,0.0,1.0,12.56,RR,0.3594366408646358,False,False,-2.008469089964736,-2.040270708946766,17.77395015044321,False,11.50061385114421,0.0,0.7071084965955785,45.0,90.0,0.10747890500337015,tilt,False
0.004239445172057944,-0.10747859847619717,1.939833825461557e-07,0.0,1.0,12.58,FL,0.3594366408646358,False,False,-1.7698914467846396,-2.565680708656818,17.247347985432345,False,10.169606891993883,0.0,0.5787687886352202,45.0,90.0,0.10747859847619717,tilt,False
0.004239445172057944,-0.10747859847619717,2.6283943541859966e-07,0.0,1.0,12.58,FR,0.8594366408646358,True,True,-1.7742399737962073,-2.555595659307956,17.257459715780627,False,10.195586922880452,0.0,0.5807278913729057,45.0,90.0,0.10747859847619717,tilt,False
0.004239445172057944,-0.10747859847619717,3.4831875951118193e-07,0.0,1.0,12.58,RL,0.8594366408646358,True,True,-2.004111465695891,-2.050459827839905,17.763741581290184,False,11.474772131183434,0.0,0.70517662608184,45.0,90.0,0.10747859847619717,tilt,False
0.004239445172057944,-0.10747859847619717,1.665562745929081e-07,0.0,1.0,12.58,RR,0.3594366408646358,False,False,-2.0084690994337446,-2.0402734135169207,17.77394744281009,False,11.500613909014024,0.0,0.7071077086853984,45.0,90.0,0.10747859847619717,tilt,False
0.004239703464537617,-0.10747830199600189,1.8734507651642415e-07,0.0,1.0,12.6,FL,0.3594366408646358,False,False,-1.7698914468488522,-2.5656789468299115,17.24734975070595,False,10.169606931126895,0.0,0.5787683381786766,45.0,90.0,0.10747830199600189,tilt,False
0.004239703464537617,-0.10747830199600189,2.5397504500393947e-07,0.0,1.0,12.6,FR,0.8594366408646358,True,True,-1.7742400065109827,-2.555591911512948,17.25746347049408,False,10.195587166585891,0.0,0.5807278155172352,45.0,90.0,0.10747830199600189,tilt,False
0.004239703464537617,-0.10747830199600189,3.365436036233145e-07,0.0,1.0,12.6,RL,0.8594366408646358,True,True,-2.0041114253216974,-2.0504678485036285,17.76373355076974,False,11.474771825134539,0.0,0.7051762854845769,45.0,90.0,0.10747830199600189,tilt,False
0.004239703464537617,-0.10747830199600189,1.6062534290176308e-07,0.0,1.0,12.6,RR,0.3594366408646358,False,False,-2.008469108516906,-2.040276028186631,17.77394482517851,False,11.500613946548764,0.0,0.7071069491789118,45.0,90.0,0.10747830199600189,tilt,False
0.004239953201007919,-0.10747801575730419,1.8106264980952917e-07,0.0,1.0,12.620000000000001,FL,0.3594366408646358,False,False,-1.7698914438180404,-2.565677240494363,17.247351460380855,False,10.16960688968606,0.0,0.5787679038397631,45.0,90.0,0.10747801575730419,tilt,False
0.004239953201007919,-0.10747801575730419,2.456238048572894e-07,0.0,1.0,12.620000000000001,FR,0.8594366408646358,True,True,-1.774240033399259,-2.5555882856152303,17.257467103089418,False,10.195587272778976,0.0,0.5807277434747287,45.0,90.0,0.10747801575730419,tilt,False
0.004239953201007919,-0.10747801575730419,3.254143042080272e-07,0.0,1.0,12.620000000000001,RL,0.8594366408646358,True,True,-2.004111392557618,-2.0504756041399634,17.763725785596108,False,11.474771693375077,0.0,0.7051759579534027,45.0,90.0,0.10747801575730419,tilt,False
0.004239953201007919,-0.10747801575730419,1.5490431785294824e-07,0.0,1.0,12.620000000000001,RR,0.3594366408646358,False,False,-2.0084691186699684,-2.0402785554651666,17.773942295035717,False,11.500613997447397,0.0,0.7071062171932645,45.0,90.0,0.10747801575730419,tilt,False
0.004240194482379519,-0.10747773946055907,1.7493987458008686e-07,0.0,1.0,12.64,FL,0.3594366408646358,False,False,-1.7698914394025933,-2.5656755883743525,17.247353115733446,False,10.16960694945854,0.0,0.5787674849762536,45.0,90.0,0.10747773946055907,tilt,False
0.004240194482379519,-0.10747773946055907,2.3746796884099043e-07,0.0,1.0,12.64,FR,0.8594366408646358,True,True,-1.7742400570485983,-2.555584778813628,17.25747061636913,False,10.195587538935673,0.0,0.580727675099467,45.0,90.0,0.10747773946055907,tilt,False
0.004240194482379519,-0.10747773946055907,3.1456290359439195e-07,0.0,1.0,12.64,RL,0.8594366408646358,True,True,-2.0041113637994172,-2.050483101009422,17.76371827950542,False,11.47477135157376,0.0,0.7051756430304084,45.0,90.0,0.10747773946055907,tilt,False
0.004240194482379519,-0.10747773946055907,1.4938413203577492e-07,0.0,1.0,12.64,RR,0.3594366408646358,False,False,-2.008469129223599,-2.040280997590349,17.773939850142277,False,11.500614038231262,0.0,0.7071055117180174,45.0,90.0,0.10747773946055907,tilt,False
0.004240427513284315,-0.10747747269657244,1.690071004061416e-07,0.0,1.0,12.66,FL,0.3594366408646358,False,False,-1.7698914345647514,-2.565673988796202,17.247354718440253,False,10.169606862539156,0.0,0.578767081242682,45.0,90.0,0.10747747269657244,tilt,False
0.004240427513284315,-0.10747747269657244,2.2956209683407568e-07,0.0,1.0,12.66,FR,0.8594366408646358,True,True,-1.7742400788440007,-2.5555813875177553,17.257474013928853,False,10.195587551744708,0.0,0.5807276101337577,45.0,90.0,0.10747747269657244,tilt,False
0.004240427513284315,-0.10747747269657244,3.040578432585871e-07,0.0,1.0,12.66,RL,0.8594366408646358,True,True,-2.00411133728148,-2.050490347124297,17.763711024477434,False,11.474771345080363,0.0,0.705175340334761,45.0,90.0,0.10747747269657244,tilt,False
0.004240427513284315,-0.10747747269657244,1.44060010528373e-07,0.0,1.0,12.66,RR,0.3594366408646358,False,False,-2.008469139747608,-2.0402833573312,17.773937487726393,False,11.500614090346954,0.0,0.7071048315887802,45.0,90.0,0.10747747269657244,tilt,False
0.0042406522760297955,-0.10747721454524549,1.6288906395473508e-07,0.0,1.0,12.68,FL,0.3594366408646358,False,False,-1.7698914367730438,-2.565672449732482,17.247356260510145,False,10.169606899362007,0.0,0.5787666929212365,45.0,90.0,0.10747721454524549,tilt,False
0.0042406522760297955,-0.10747721454524549,2.2126169034687468e-07,0.0,1.0,12.68,FR,0.8594366408646358,True,True,-1.7742401110207793,-2.5555781224488627,17.257477285018915,False,10.195587767883298,0.0,0.5807275480944918,45.0,90.0,0.10747721454524549,tilt,False
0.0042406522760297955,-0.10747721454524549,2.930985764414496e-07,0.0,1.0,12.68,RL,0.8594366408646358,True,True,-2.004111297155574,-2.0504973356590686,17.76370402736029,False,11.474771085810588,0.0,0.7051750494745643,45.0,90.0,0.10747721454524549,tilt,False
0.0042406522760297955,-0.10747721454524549,1.389109574745247e-07,0.0,1.0,12.68,RR,0.3594366408646358,False,False,-2.008469146701518,-2.040285636532732,17.773935205943737,False,11.500614134061609,0.0,0.7071041753448218,45.0,90.0,0.10747721454524549,tilt,False
0.0042408697528413825,-0.10747696494459538,1.5741764632329448e-07,0.0,1.0,12.700000000000001,FL,0.3594366408646358,False,False,-1.769891436272493,-2.56567096026461,17.247357752890984,False,10.169606887442312,0.0,0.5787663185540657,45.0,90.0,0.10747696494459538,tilt,False
0.0042408697528413825,-0.10747696494459538,2.1397550257657403e-07,0.0,1.0,12.700000000000001,FR,0.8594366408646358,True,True,-1.774240137954748,-2.5555749646140464,17.257480448684387,False,10.195587901318657,0.0,0.5807274892306288,45.0,90.0,0.10747696494459538,tilt,False
0.0042408697528413825,-0.10747696494459538,2.83404057289201e-07,0.0,1.0,12.700000000000001,RL,0.8594366408646358,True,True,-2.0041112643449552,-2.050504094042345,17.763697260669957,False,11.474770919533682,0.0,0.705174769724391,45.0,90.0,0.10747696494459538,tilt,False
0.0042408697528413825,-0.10747696494459538,1.339697720456504e-07,0.0,1.0,12.700000000000001,RR,0.3594366408646358,False,False,-2.008469154384549,-2.040287840531448,17.773932999447446,False,11.500614168970005,0.0,0.707103542875692,45.0,90.0,0.10747696494459538,tilt,False
0.00424108001240275,-0.1074767240205791,1.5213510852666844e-07,0.0,1.0,12.72,FL,0.3594366408646358,False,False,-1.7698914332147584,-2.565669517752594,17.247359198224764,False,10.169606805600026,0.0,0.5787659575214609,45.0,90.0,0.1074767240205791,tilt,False
0.00424108001240275,-0.1074767240205791,2.0693761977937168e-07,0.0,1.0,12.72,FR,0.8594366408646358,True,True,-1.7742401600171174,-2.5555719094552884,17.257483509487276,False,10.195587917280355,0.0,0.580727433415865,45.0,90.0,0.1074767240205791,tilt,False
0.00424108001240275,-0.1074767240205791,2.740297461074094e-07,0.0,1.0,12.72,RL,0.8594366408646358,True,True,-2.0041112378242807,-2.0505106288782047,17.763690717796788,False,11.474770916426309,0.0,0.7051745006954301,45.0,90.0,0.1074767240205791,tilt,False
0.00424108001240275,-0.1074767240205791,1.2919804729439864e-07,0.0,1.0,12.72,RR,0.3594366408646358,False,False,-2.0084691630311986,-2.040289970751483,17.773930866812318,False,11.50061425446765,0.0,0.7071029333636437,45.0,90.0,0.1074767240205791,tilt,False
0.004241283079834019,-0.10747649151776008,1.4695758100304005e-07,0.0,1.0,12.74,FL,0.3594366408646358,False,False,-1.7698914296766093,-2.5656681216386366,17.247360597068155,False,10.16960684647811,0.0,0.578765609454576,45.0,90.0,0.10747649151776008,tilt,False
0.004241283079834019,-0.10747649151776008,2.0001482913376164e-07,0.0,1.0,12.74,FR,0.8594366408646358,True,True,-1.7742401804529266,-2.555568955571203,17.25748646882702,False,10.195588127611146,0.0,0.5807273804583375,45.0,90.0,0.10747649151776008,tilt,False
0.004241283079834019,-0.10747649151776008,2.648289813851595e-07,0.0,1.0,12.74,RL,0.8594366408646358,True,True,-2.004111213152082,-2.050516944139016,17.763684394768696,False,11.474770647712317,0.0,0.7051742420668853,45.0,90.0,0.10747649151776008,tilt,False
0.004241283079834019,-0.10747649151776008,1.2459098908802106e-07,0.0,1.0,12.74,RR,0.3594366408646358,False,False,-2.008469171782854,-2.040292028837664,17.773928806392767,False,11.50061427571725,0.0,0.7071023458371791,45.0,90.0,0.10747649151776008,tilt,False
0.004241479298928984,-0.1074762670095048,1.420427352071464e-07,0.0,1.0,12.76,FL,0.3594366408646358,False,False,-1.7698914244914064,-2.5656667683676795,17.247361952985305,False,10.169606805619527,0.0,0.5787652737053534,45.0,90.0,0.1074762670095048,tilt,False
0.004241479298928984,-0.1074762670095048,1.9348275628480038e-07,0.0,1.0,12.76,FR,0.8594366408646358,True,True,-1.774240197055306,-2.555566096378539,17.257489333302452,False,10.195588192908088,0.0,0.5807273303200912,45.0,90.0,0.1074762670095048,tilt,False
0.004241479298928984,-0.1074762670095048,2.5614822085714247e-07,0.0,1.0,12.76,RL,0.8594366408646358,True,True,-2.004111193407071,-2.0505230513348933,17.763678280058052,False,11.474770568125766,0.0,0.7051739934377766,45.0,90.0,0.1074762670095048,tilt,False
0.004241479298928984,-0.1074762670095048,1.2015523562238704e-07,0.0,1.0,12.76,RR,0.3594366408646358,False,False,-2.00846918106061,-2.040294017995534,17.773926814978903,False,11.50061431437811,0.0,0.707101779584946,45.0,90.0,0.1074762670095048,tilt,False
0.004241668398376241,-0.10747604975574124,1.368168421611503e-07,0.0,1.0,12.780000000000001,FL,0.3594366408646358,False,False,-1.7698914269998998,-2.5656654679330657,17.247363255957612,False,10.169606777549781,0.0,0.5787649510937275,45.0,90.0,0.10747604975574124,tilt,False
0.004241668398376241,-0.10747604975574124,1.8634201305834896e-07,0.0,1.0,12.780000000000001,FR,0.8594366408646358,True,True,-1.774240225474448,-2.5555633465200662,17.257492088229977,False,10.19558827492977,0.0,0.5807272823191134,45.0,90.0,0.10747604975574124,tilt,False
0.004241668398376241,-0.10747604975574124,2.4673430555707926e-07,0.0,1.0,12.780000000000001,RL,0.8594366408646358,True,True,-2.0041111580246724,-2.0505289375733553,17.763672386592784,False,11.4747704865512,0.0,0.7051737546484729,45.0,90.0,0.10747604975574124,tilt,False
0.004241668398376241,-0.10747604975574124,1.1585527316913939e-07,0.0,1.0,12.780000000000001,RR,0.3594366408646358,False,False,-2.008469186487401,-2.040295938598068,17.77392489220128,False,11.500614351930357,0.0,0.7071012329434706,45.0,90.0,0.10747604975574124,tilt,False
0.004241851463153105,-0.10747583957275507,1.322371063397458e-07,0.0,1.0,12.8,FL,0.3594366408646358,False,False,-1.7698914268158388,-2.565664209416129,17.247364516934844,False,10.169606801328605,0.0,0.5787646399421681,45.0,90.0,0.10747583957275507,tilt,False
0.004241851463153105,-0.10747583957275507,1.8023909743649591e-07,0.0,1.0,12.8,FR,0.8594366408646358,True,True,-1.7742402486790216,-2.555560686602645,17.257494753058857,False,10.195588447322498,0.0,0.5807272369084173,45.0,90.0,0.10747583957275507,tilt,False
0.004241851463153105,-0.10747583957275507,2.386197605434058e-07,0.0,1.0,12.8,RL,0.8594366408646358,True,True,-2.004111130001349,-2.0505346311504926,17.763666686017565,False,11.474770269407356,0.0,0.7051735249215967,45.0,90.0,0.10747583957275507,tilt,False
0.004241851463153105,-0.10747583957275507,1.1173764477226417e-07,0.0,1.0,12.8,RR,0.3594366408646358,False,False,-2.00846919266719,-2.040297796332146,17.773923032361587,False,11.500614380166477,0.0,0.707100706221067,45.0,90.0,0.10747583957275507,tilt,False
0.00424202840762736,-0.10747563674837722,1.2775677617389386e-07,0.0,1.0,12.82,FL,0.3594366408646358,False,False,-1.7698914251367894,-2.5656629915867155,17.247365737144463,False,10.169606827222875,0.0,0.578764339969744,45.0,90.0,0.10747563674837722,tilt,False
0.00424202840762736,-0.10747563674837722,1.742403230735062e-07,0.0,1.0,12.82,FR,0.8594366408646358,True,True,-1.7742402689223045,-2.5555581146417055,17.25749732976971,False,10.195588620368671,0.0,0.5807271938621946,45.0,90.0,0.10747563674837722,tilt,False
0.00424202840762736,-0.10747563674837722,2.306352859114113e-07,0.0,1.0,12.82,RL,0.8594366408646358,True,True,-2.0041111057174725,-2.050540134515534,17.763661175885623,False,11.474770051277918,0.0,0.7051733040139402,45.0,90.0,0.10747563674837722,tilt,False
0.00424202840762736,-0.10747563674837722,1.0775345540391789e-07,0.0,1.0,12.82,RR,0.3594366408646358,False,False,-2.008469199465346,-2.040299591578601,17.773921235079698,False,11.500614415939225,0.0,0.7071001985552606,45.0,90.0,0.10747563674837722,tilt,False
0.004242199404242697,-0.10747544103224584,1.2347402783597501e-07,0.0,1.0,12.84,FL,0.3594366408646358,False,False,-1.7698914216216985,-2.56566181153425,17.24736691950323,False,10.169606813398495,0.0,0.5787640506753322,45.0,90.0,0.10747544103224584,tilt,False
0.004242199404242697,-0.10747544103224584,1.6852885128753558e-07,0.0,1.0,12.84,FR,0.8594366408646358,True,True,-1.774240285385264,-2.5555556255380427,17.257499823471726,False,10.195588716759868,0.0,0.5807271531153257,45.0,90.0,0.10747544103224584,tilt,False
0.004242199404242697,-0.10747544103224584,2.230393488158559e-07,0.0,1.0,12.84,RL,0.8594366408646358,True,True,-2.0041110861933054,-2.0505454558951386,17.763655847959612,False,11.474769927549827,0.0,0.7051730916248973,45.0,90.0,0.10747544103224584,tilt,False
0.004242199404242697,-0.10747544103224584,1.0391501881264697e-07,0.0,1.0,12.84,RR,0.3594366408646358,False,False,-2.0084692069945107,-2.0403013264571648,17.773919498233408,False,11.50061443981237,0.0,0.7070997092704902,45.0,90.0,0.10747544103224584,tilt,False
0.004242364616544805,-0.10747525207053632,1.193368574773925e-07,0.0,1.0,12.86,FL,0.3594366408646358,False,False,-1.7698914168466986,-2.565660667785765,17.24736806548734,False,10.169606729734827,0.0,0.578763771556553,45.0,90.0,0.10747525207053632,tilt,False
0.004242364616544805,-0.10747525207053632,1.630184835329549e-07,0.0,1.0,12.86,FR,0.8594366408646358,True,True,-1.7742402987682566,-2.555553216279996,17.25750223718202,False,10.195588692088426,0.0,0.5807271146286769,45.0,90.0,0.10747525207053632,tilt,False
0.004242364616544805,-0.10747525207053632,2.1572290898158632e-07,0.0,1.0,12.86,RL,0.8594366408646358,True,True,-2.004111070584819,-2.0505506016564485,17.763650695865422,False,11.47476997817335,0.0,0.7051728874358156,45.0,90.0,0.10747525207053632,tilt,False
0.004242364616544805,-0.10747525207053632,1.0021514788461055e-07,0.0,1.0,12.86,RR,0.3594366408646358,False,False,-2.008469214957804,-2.0403030031295906,17.773917819658724,False,11.500614519962408,0.0,0.7070992377434407,45.0,90.0,0.10747525207053632,tilt,False
0.00424252380566319,-0.107475069418468,1.1501670849613518e-07,0.0,1.0,12.88,FL,0.3594366408646358,False,False,-1.7698914173917002,-2.565659566448154,17.247369168972956,False,10.169606772668399,0.0,0.5787635031620665,45.0,90.0,0.107475069418468,tilt,False
0.00424252380566319,-0.107475069418468,1.5712729617905582e-07,0.0,1.0,12.88,FR,0.8594366408646358,True,True,-1.7742403202755177,-2.5555508961145197,17.25750456162522,False,10.19558887110893,0.0,0.5807270778757998,45.0,90.0,0.107475069418468,tilt,False
0.00424252380566319,-0.107475069418468,2.079485453605358e-07,0.0,1.0,12.88,RL,0.8594366408646358,True,True,-2.0041110440277774,-2.0505555636956516,17.76364572773155,False,11.474769753521938,0.0,0.7051726913686764,45.0,90.0,0.107475069418468,tilt,False
0.00424252380566319,-0.107475069418468,9.662842510162392e-08,0.0,1.0,12.88,RR,0.3594366408646358,False,False,-2.00846922025261,-2.040304621847226,17.773916199107003,False,11.500614507711186,0.0,0.7070987826287296,45.0,90.0,0.107475069418468,tilt,False
0.00424267777277842,-0.10747489242691687,1.1101703921636803e-07,0.0,1.0,12.9,FL,0.3594366408646358,False,False,-1.7698914187913446,-2.565658504199833,17.247370233295683,False,10.16960675476377,0.0,0.5787632447006636,45.0,90.0,0.10747489242691687,tilt,False
0.00424267777277842,-0.10747489242691687,1.5172888737618746e-07,0.0,1.0,12.9,FR,0.8594366408646358,True,True,-1.77424034246286,-2.5555486573920554,17.257506804478624,False,10.195588955745967,0.0,0.5807270429996136,45.0,90.0,0.10747489242691687,tilt,False
0.00424267777277842,-0.10747489242691687,2.0080645321620654e-07,0.0,1.0,12.9,RL,0.8594366408646358,True,True,-2.0041110170603145,-2.050560357447013,17.76364092809152,False,11.474769664536687,0.0,0.7051725028237503,45.0,90.0,0.10747489242691687,tilt,False
0.00424267777277842,-0.10747489242691687,9.31893386540449e-08,0.0,1.0,12.9,RR,0.3594366408646358,False,False,-2.008469224589811,-2.040306187208744,17.773914631971543,False,11.50061455605349,0.0,0.7070983437895058,45.0,90.0,0.10747489242691687,tilt,False
0.00424282671626302,-0.10747472157642542,1.0728822453969365e-07,0.0,1.0,12.92,FL,0.3594366408646358,False,False,-1.7698914180155763,-2.5656574759883206,17.24737126351595,False,10.169606710945088,0.0,0.5787629955228588,45.0,90.0,0.10747472157642542,tilt,False
0.00424282671626302,-0.10747472157642542,1.4673913025451778e-07,0.0,1.0,12.92,FR,0.8594366408646358,True,True,-1.7742403606294395,-2.555546491790378,17.25750897407954,False,10.195588988215052,0.0,0.5807270099938346,45.0,90.0,0.10747472157642542,tilt,False
0.00424282671626302,-0.10747472157642542,1.9416153010623893e-07,0.0,1.0,12.92,RL,0.8594366408646358,True,True,-2.00411099541533,-2.0505649928689444,17.763636286970737,False,11.474769630091627,0.0,0.7051723214881594,45.0,90.0,0.10747472157642542,tilt,False
0.00424282671626302,-0.10747472157642542,8.98689869978617e-08,0.0,1.0,12.92,RR,0.3594366408646358,False,False,-2.008469229875607,-2.040307700451681,17.77391311701268,False,11.500614588573637,0.0,0.7070979208562849,45.0,90.0,0.10747472157642542,tilt,False
0.004242970714237695,-0.10747455675180852,1.0370779748303168e-07,0.0,1.0,12.94,FL,0.3594366408646358,False,False,-1.7698914150926157,-2.5656564794898293,17.2473722619615,False,10.169606733947463,0.0,0.5787627550717339,45.0,90.0,0.10747455675180852,tilt,False
0.004242970714237695,-0.10747455675180852,1.419614663252048e-07,0.0,1.0,12.94,FR,0.8594366408646358,True,True,-1.7742403746350868,-2.555544395374268,17.25751107436932,False,10.195589133264653,0.0,0.5807269788717435,45.0,90.0,0.10747455675180852,tilt,False
0.004242970714237695,-0.10747455675180852,1.87804131157596e-07,0.0,1.0,12.94,RL,0.8594366408646358,True,True,-2.0041109790607523,-2.0505694758289583,17.76363179849518,False,11.474769442727975,0.0,0.7051721470838936,45.0,90.0,0.10747455675180852,tilt,False
0.004242970714237695,-0.10747455675180852,8.666763065414933e-08,0.0,1.0,12.94,RR,0.3594366408646358,False,False,-2.0084692361173535,-2.040309162968469,17.773911652836556,False,11.500614606523156,0.0,0.7070975133699778,45.0,90.0,0.10747455675180852,tilt,False
0.00424310975853851,-0.1074743977059375,1.0018513345187246e-07,0.0,1.0,12.96,FL,0.3594366408646358,False,False,-1.7698914118363143,-2.565655514583234,17.24737322875233,False,10.169606763439749,0.0,0.5787625231852543,45.0,90.0,0.1074743977059375,tilt,False
0.00424310975853851,-0.1074743977059375,1.3723919902328275e-07,0.0,1.0,12.96,FR,0.8594366408646358,True,True,-1.7742403873699173,-2.5555423677195224,17.257513105769597,False,10.195589285710726,0.0,0.5807269494751554,45.0,90.0,0.1074743977059375,tilt,False
0.00424310975853851,-0.1074743977059375,1.8153983241558877e-07,0.0,1.0,12.96,RL,0.8594366408646358,True,True,-2.0041109641393344,-2.050573808554109,17.76362746043933,False,11.47476925032913,0.0,0.7051719794416794,45.0,90.0,0.1074743977059375,tilt,False
0.00424310975853851,-0.1074743977059375,8.357653008705844e-08,0.0,1.0,12.96,RR,0.3594366408646358,False,False,-2.0084692424655604,-2.0403105758991305,17.773910238302808,False,11.500614632707858,0.0,0.7070971205946494,45.0,90.0,0.1074743977059375,tilt,False
0.004243244081805304,-0.10747424413295173,9.683365915132007e-08,0.0,1.0,12.98,FL,0.3594366408646358,False,False,-1.7698914076788586,-2.565654579034692,17.247374166128008,False,10.169606752639302,0.0,0.5787622994670371,45.0,90.0,0.10747424413295173,tilt,False
0.004243244081805304,-0.10747424413295173,1.3277498498152867e-07,0.0,1.0,12.98,FR,0.8594366408646358,True,True,-1.774240397636167,-2.5555404045675445,17.25751507254898,False,10.19558935810664,0.0,0.5807269217735818,45.0,90.0,0.10747424413295173,tilt,False
0.004243244081805304,-0.10747424413295173,1.7562144271898605e-07,0.0,1.0,12.98,RL,0.8594366408646358,True,True,-2.004110952381573,-2.0505779987524257,17.76362326508383,False,11.47476915707261,0.0,0.7051718183153478,45.0,90.0,0.10747424413295173,tilt,False
0.004243244081805304,-0.10747424413295173,8.060052979186431e-08,0.0,1.0,12.98,RR,0.3594366408646358,False,False,-2.0084692491478506,-2.0403119414945796,17.77390887115753,False,11.50061464741043,0.0,0.7070967420275729,45.0,90.0,0.10747424413295173,tilt,False
0.004243373375439203,-0.10747409536256478,9.315803294436105e-08,0.0,1.0,13.0,FL,0.3594366408646358,False,False,-1.7698914109656807,-2.565653682501074,17.247375064407933,False,10.169606776669712,0.0,0.5787620848514788,45.0,90.0,0.10747409536256478,tilt,False
0.004243373375439203,-0.10747409536256478,1.2767280241437906e-07,0.0,1.0,13.0,FR,0.8594366408646358,True,True,-1.7742404200779271,-2.555538520878354,17.257516959707186,False,10.19558948954832,0.0,0.5807268951202339,45.0,90.0,0.10747409536256478,tilt,False
0.004243373375439203,-0.10747409536256478,1.689159287386969e-07,0.0,1.0,13.0,RL,0.8594366408646358,True,True,-2.0041109244462243,-2.050582032370286,17.763619226517537,False,11.474769003947728,0.0,0.705171663697938,45.0,90.0,0.10747409536256478,tilt,False
0.004243373375439203,-0.10747409536256478,7.770931561305464e-08,0.0,1.0,13.0,RR,0.3594366408646358,False,False,-2.0084692518415674,-2.0403132594619504,17.77390755169771,False,11.50061465167575,0.0,0.7070963762616729,45.0,90.0,0.10747409536256478,tilt,False
0.004243498705740084,-0.1074739513516498,9.007656081482124e-08,0.0,1.0,13.02,FL,0.3594366408646358,False,False,-1.7698914113795232,-2.5656528145419006,17.247375934062248,False,10.169606720418773,0.0,0.5787618777993608,45.0,90.0,0.1074739513516498,tilt,False
0.004243498705740084,-0.1074739513516498,1.2356878612115142e-07,0.0,1.0,13.02,FR,0.8594366408646358,True,True,-1.7742404370469853,-2.5555366976076006,17.25751878634438,False,10.195589485849963,0.0,0.5807268700467669,45.0,90.0,0.1074739513516498,tilt,False
0.004243498705740084,-0.1074739513516498,1.6346084355276835e-07,0.0,1.0,13.02,RL,0.8594366408646358,True,True,-2.0041109042407483,-2.05058593630416,17.763615317785767,False,11.474769023592943,0.0,0.7051715148884314,45.0,90.0,0.1074739513516498,tilt,False
0.004243498705740084,-0.1074739513516498,7.495022359888891e-08,0.0,1.0,13.02,RR,0.3594366408646358,False,False,-2.0084692555901382,-2.0403145349977803,17.7739062747155,False,11.50061470090802,0.0,0.7070960239053911,45.0,90.0,0.1074739513516498,tilt,False
0.0042436198967072515,-0.10747381244703268,8.703665270977562e-08,0.0,1.0,13.040000000000001,FL,0.3594366408646358,False,False,-1.7698914102249954,-2.5656519744908963,17.24737677575361,False,10.169606696638633,0.0,0.5787616781247961,45.0,90.0,0.10747381244703268,tilt,False
0.0042436198967072515,-0.10747381244703268,1.1948640797389118e-07,0.0,1.0,13.040000000000001,FR,0.8594366408646358,True,True,-1.77424045109148,-2.5555349340697884,17.2575205531396,False,10.195589538878496,0.0,0.5807268463941706,45.0,90.0,0.10747381244703268,tilt,False
0.0042436198967072515,-0.10747381244703268,1.5802667665036395e-07,0.0,1.0,13.040000000000001,RL,0.8594366408646358,True,True,-2.004110887756389,-2.05058971049351,17.763611538955068,False,11.474768968201602,0.0,0.7051713717589518,45.0,90.0,0.10747381244703268,tilt,False
0.0042436198967072515,-0.10747381244703268,7.227623536126388e-08,0.0,1.0,13.040000000000001,RR,0.3594366408646358,False,False,-2.00846926011692,-2.0403157677263937,17.773905040588375,False,11.500614744549832,0.0,0.7070956843617553,45.0,90.0,0.10747381244703268,tilt,False
0.004243737000038235,-0.10747367849353404,8.411280566832549e-08,0.0,1.0,13.06,FL,0.3594366408646358,False,False,-1.7698914077497672,-2.5656511604928087,17.24737759134069,False,10.16960665283088,0.0,0.5787614855570754,45.0,90.0,0.10747367849353404,tilt,False
0.004243737000038235,-0.10747367849353404,1.1557197584165768e-07,0.0,1.0,13.06,FR,0.8594366408646358,True,True,-1.7742404623941679,-2.555533227168099,17.25752226319466,False,10.195589544007673,0.0,0.5807268240932174,45.0,90.0,0.10747367849353404,tilt,False
0.004243737000038235,-0.10747367849353404,1.528259891612155e-07,0.0,1.0,13.06,RL,0.8594366408646358,True,True,-2.004110874656063,-2.0505933596701893,17.763607885288653,False,11.474768966681074,0.0,0.7051712341577654,45.0,90.0,0.10747367849353404,tilt,False
0.004243737000038235,-0.10747367849353404,6.96984905100849e-08,0.0,1.0,13.06,RR,0.3594366408646358,False,False,-2.0084692652867773,-2.0403169588343664,17.773903848128647,False,11.500614771028975,0.0,0.7070953571067656,45.0,90.0,0.10747367849353404,tilt,False
0.004243850154586925,-0.10747354920518963,8.131185918993287e-08,0.0,1.0,13.08,FL,0.3594366408646358,False,False,-1.7698914040138631,-2.565650370929762,17.247378382445362,False,10.169606678743666,0.0,0.5787612996132515,45.0,90.0,0.10747354920518963,tilt,False
0.004243850154586925,-0.10747354920518963,1.1184171774857356e-07,0.0,1.0,13.08,FR,0.8594366408646358,True,True,-1.7742404707398531,-2.5555315738581657,17.257523919560423,False,10.195589671980379,0.0,0.5807268032059639,45.0,90.0,0.10747354920518963,tilt,False
0.004243850154586925,-0.10747354920518963,1.47880039848099e-07,0.0,1.0,13.08,RL,0.8594366408646358,True,True,-2.0041108653256026,-2.0505968894077506,17.763604351205654,False,11.47476880073532,0.0,0.7051711018425992,45.0,90.0,0.10747354920518963,tilt,False
0.004243850154586925,-0.10747354920518963,6.721652350563059e-08,0.0,1.0,13.08,RR,0.3594366408646358,False,False,-2.008469271027085,-2.04031811002673,17.77390269562924,False,11.500614780786897,0.0,0.7070950418318503,45.0,90.0,0.10747354920518963,tilt,False
0.004243959298397164,-0.10747342438737878,7.850493367595749e-08,0.0,1.0,13.1,FL,0.3594366408646358,False,False,-1.7698914013520342,-2.5656496070215957,17.247379147843393,False,10.169606655721488,0.0,0.5787611204278247,45.0,90.0,0.10747342438737878,tilt,False
0.004243959298397164,-0.10747342438737878,1.0805757651141288e-07,0.0,1.0,13.1,FR,0.8594366408646358,True,True,-1.7742404802326417,-2.5555299760133265,17.257525520355422,False,10.195589704171589,0.0,0.5807267834790054,45.0,90.0,0.10747342438737878,tilt,False
0.004243959298397164,-0.10747342438737878,1.4287861626059061e-07,0.0,1.0,13.1,RL,0.8594366408646358,True,True,-2.0041108542911656,-2.0506002990947936,17.763600937324014,False,11.474768766985182,0.0,0.7051709747644599,45.0,90.0,0.10747342438737878,tilt,False
0.004243959298397164,-0.10747342438737878,6.481520533217567e-08,0.0,1.0,13.1,RR,0.3594366408646358,False,False,-2.0084692761962315,-2.0403192219474175,17.77390158244673,False,11.500614798418285,0.0,0.707094737765439,45.0,90.0,0.10747342438737878,tilt,False
0.004244064448776791,-0.10747330327639329,7.55385905014406e-08,0.0,1.0,13.120000000000001,FL,0.3594366408646358,False,False,-1.7698914043264187,-2.565648874998688,17.247379881291934,False,10.169606717405367,0.0,0.5787609484713803,45.0,90.0,0.10747330327639329,tilt,False
0.004244064448776791,-0.10747330327639329,1.0392815732702591e-07,0.0,1.0,13.120000000000001,FR,0.8594366408646358,True,True,-1.7742404990648484,-2.5555284427759424,17.257527056416635,False,10.195589892707405,0.0,0.580726764542546,45.0,90.0,0.10747330327639329,tilt,False
0.004244064448776791,-0.10747330327639329,1.3745782665194542e-07,0.0,1.0,13.120000000000001,RL,0.8594366408646358,True,True,-2.004110830978196,-2.0506035824335855,17.763597649957532,False,11.474768536386751,0.0,0.7051708527931682,45.0,90.0,0.10747330327639329,tilt,False
0.004244064448776791,-0.10747330327639329,6.249301039506624e-08,0.0,1.0,13.120000000000001,RR,0.3594366408646358,False,False,-2.0084692780334077,-2.040320295626442,17.773900507551645,False,11.500614805738874,0.0,0.7070944440310584,45.0,90.0,0.10747330327639329,tilt,False
0.004244166331037606,-0.10747318611295684,7.299606194504478e-08,0.0,1.0,13.14,FL,0.3594366408646358,False,False,-1.769891405598894,-2.5656481673480314,17.2473805903232,False,10.169606729691818,0.0,0.5787607827456482,45.0,90.0,0.10747318611295684,tilt,False
0.004244166331037606,-0.10747318611295684,1.0051346046859059e-07,0.0,1.0,13.14,FR,0.8594366408646358,True,True,-1.7742405146175324,-2.5555269602821964,17.257528541645943,False,10.195589992545607,0.0,0.5807267466973607,45.0,90.0,0.10747318611295684,tilt,False
0.004244166331037606,-0.10747318611295684,1.329202589392222e-07,0.0,1.0,13.14,RL,0.8594366408646358,True,True,-2.004110812337992,-2.0506067582390686,17.76359447025104,False,11.47476840914277,0.0,0.7051707354362252,45.0,90.0,0.10747318611295684,tilt,False
0.004244166331037606,-0.10747318611295684,6.026859108162075e-08,0.0,1.0,13.14,RR,0.3594366408646358,False,False,-2.0084692805503943,-2.0403213344084086,17.773899467591868,False,11.500614805456788,0.0,0.7070941609477853,45.0,90.0,0.10747318611295684,tilt,False
0.004244264975158811,-0.10747307312880779,7.059669738240248e-08,0.0,1.0,13.16,FL,0.3594366408646358,False,False,-1.7698914041732392,-2.5656474810938183,17.24738127791726,False,10.169606670877302,0.0,0.5787606227703685,45.0,90.0,0.10747307312880779,tilt,False
0.004244264975158811,-0.10747307312880779,9.731871523501937e-08,0.0,1.0,13.16,FR,0.8594366408646358,True,True,-1.7742405251963966,-2.5555255237988925,17.25752998078381,False,10.195589962029443,0.0,0.5807267299893345,45.0,90.0,0.10747307312880779,tilt,False
0.004244264975158811,-0.10747307312880779,1.2866155767504164e-07,0.0,1.0,13.16,RL,0.8594366408646358,True,True,-2.0041108002059187,-2.0506098316976464,17.763591393011282,False,11.474768458413724,0.0,0.7051706225059511,45.0,90.0,0.10747307312880779,tilt,False
0.004244264975158811,-0.10747307312880779,5.812103317017477e-08,0.0,1.0,13.16,RR,0.3594366408646358,False,False,-2.0084692844614045,-2.0403223388479748,17.77389846201212,False,11.500614850861714,0.0,0.707093888292131,45.0,90.0,0.10747307312880779,tilt,False
0.004244360259388584,-0.10747296420531736,6.820885205394535e-08,0.0,1.0,13.18,FL,0.3594366408646358,False,False,-1.7698914019231224,-2.565646816343744,17.247381943964374,False,10.169606648136956,0.0,0.5787604684298856,45.0,90.0,0.10747296420531736,tilt,False
0.004244360259388584,-0.10747296420531736,9.411024726061227e-08,0.0,1.0,13.18,FR,0.8594366408646358,True,True,-1.7742405339541898,-2.555524133772073,17.257531373379045,False,10.195589995891087,0.0,0.5807267143164438,45.0,90.0,0.10747296420531736,tilt,False
0.004244360259388584,-0.10747296420531736,1.2440379467702073e-07,0.0,1.0,13.18,RL,0.8594366408646358,True,True,-2.004110790236456,-2.0506128026936166,17.76358841835915,False,11.474768427067477,0.0,0.7051705139216907,45.0,90.0,0.10747296420531736,tilt,False
0.004244360259388584,-0.10747296420531736,5.604538490698275e-08,0.0,1.0,13.18,RR,0.3594366408646358,False,False,-2.0084692888157027,-2.0403233091945068,17.773897490563893,False,11.500614889946103,0.0,0.7070936255482471,45.0,90.0,0.10747296420531736,tilt,False
0.004244452275529801,-0.1074728591197895,6.59171883913096e-08,0.0,1.0,13.200000000000001,FL,0.3594366408646358,False,False,-1.7698913990236154,-2.5656461717607977,17.24738258980467,False,10.169606606637856,0.0,0.5787603195278631,45.0,90.0,0.1074728591197895,tilt,False
0.004244452275529801,-0.1074728591197895,9.104663231288781e-08,0.0,1.0,13.200000000000001,FR,0.8594366408646358,True,True,-1.7742405409246451,-2.5555227877714013,17.25753272186684,False,10.195589981569732,0.0,0.5807266996306983,45.0,90.0,0.1074728591197895,tilt,False
0.004244452275529801,-0.1074728591197895,1.2034821293610938e-07,0.0,1.0,13.200000000000001,RL,0.8594366408646358,True,True,-2.004110782469336,-2.050615675577086,17.76358554193923,False,11.474768450018324,0.0,0.7051704095703263,45.0,90.0,0.1074728591197895,tilt,False
0.004244452275529801,-0.1074728591197895,5.4046147354686156e-08,0.0,1.0,13.200000000000001,RR,0.3594366408646358,False,False,-2.0084692935033317,-2.0403242467628147,17.77389655193089,False,11.500614911849464,0.0,0.7070933722999171,45.0,90.0,0.1074728591197895,tilt,False
0.004244541183214202,-0.10747275763056535,6.373004627033766e-08,0.0,1.0,13.22,FL,0.3594366408646358,False,False,-1.769891395313472,-2.5656455461038687,17.24738321668262,False,10.169606634644953,0.0,0.5787601756405586,45.0,90.0,0.10747275763056535,tilt,False
0.004244541183214202,-0.10747275763056535,8.814454361823749e-08,0.0,1.0,13.22,FR,0.8594366408646358,True,True,-1.7742405455952528,-2.555521483252648,17.257534028797487,False,10.195590096846981,0.0,0.5807266860134566,45.0,90.0,0.10747275763056535,tilt,False
0.004244541183214202,-0.10747275763056535,1.1651159908720493e-07,0.0,1.0,13.22,RL,0.8594366408646358,True,True,-2.004110777691595,-2.050618455314696,17.7635827587778,False,11.474768299778795,0.0,0.7051703092373041,45.0,90.0,0.10747275763056535,tilt,False
0.004244541183214202,-0.10747275763056535,5.2121587693473324e-08,0.0,1.0,13.22,RR,0.3594366408646358,False,False,-2.0084692985852457,-2.0403251531484687,17.773895644515477,False,11.500614915089422,0.0,0.7070931283630204,45.0,90.0,0.10747275763056535,tilt,False
0.004244626555677081,-0.10747265923833237,6.120588866516268e-08,0.0,1.0,13.24,FL,0.3594366408646358,False,False,-1.7698913985678446,-2.5656449485463724,17.247383815401815,False,10.169606624199496,0.0,0.5787600380194743,45.0,90.0,0.10747265923833237,tilt,False
0.004244626555677081,-0.10747265923833237,8.45581730798016e-08,0.0,1.0,13.24,FR,0.8594366408646358,True,True,-1.7742405625556374,-2.5555202356790723,17.25753527866561,False,10.19559013495014,0.0,0.58072667269685,45.0,90.0,0.10747265923833237,tilt,False
0.004244626555677081,-0.10747265923833237,1.1181526975363111e-07,0.0,1.0,13.24,RL,0.8594366408646358,True,True,-2.0041107564674614,-2.0506211260458396,17.76358008477339,False,11.474768269352545,0.0,0.7051702131529083,45.0,90.0,0.10747265923833237,tilt,False
0.004244626555677081,-0.10747265923833237,5.024120102239551e-08,0.0,1.0,13.24,RR,0.3594366408646358,False,False,-2.008469299624428,-2.0403260270720933,17.773894769602514,False,11.500614926532384,0.0,0.7070928922812414,45.0,90.0,0.10747265923833237,tilt,False
0.00424470941178157,-0.1074725638343678,5.915792545442891e-08,0.0,1.0,13.26,FL,0.3594366408646358,False,False,-1.7698914001030956,-2.565644371110797,17.24738439396368,False,10.169606676983834,0.0,0.5787599052218223,45.0,90.0,0.1074725638343678,tilt,False
0.00424470941178157,-0.1074725638343678,8.181391702339282e-08,0.0,1.0,13.26,FR,0.8594366408646358,True,True,-1.7742405760105133,-2.555519029172695,17.257536487398134,False,10.195590302041515,0.0,0.5807266602941613,45.0,90.0,0.1074725638343678,tilt,False
0.00424470941178157,-0.1074725638343678,1.0817595328443537e-07,0.0,1.0,13.26,RL,0.8594366408646358,True,True,-2.0041107403576155,-2.0506237107953096,17.763577496849642,False,11.474768056130634,0.0,0.7051701206047793,45.0,90.0,0.1074725638343678,tilt,False
0.00424470941178157,-0.1074725638343678,4.845660259170272e-08,0.0,1.0,13.26,RR,0.3594366408646358,False,False,-2.008469301295255,-2.04032687335114,17.773893922363843,False,11.500614929463588,0.0,0.707092664921006,45.0,90.0,0.1074725638343678,tilt,False
0.00424478959376096,-0.10747247188374065,5.716825792028188e-08,0.0,1.0,13.280000000000001,FL,0.3594366408646358,False,False,-1.7698914000606538,-2.565643812242065,17.247384953922264,False,10.169606687527216,0.0,0.5787597772177935,45.0,90.0,0.10747247188374065,tilt,False
0.00424478959376096,-0.10747247188374065,7.913539459199547e-08,0.0,1.0,13.280000000000001,FR,0.8594366408646358,True,True,-1.7742405866327007,-2.5555178618077536,17.257537656918462,False,10.19559038451401,0.0,0.5807266486378185,45.0,90.0,0.10747247188374065,tilt,False
0.00424478959376096,-0.10747247188374065,1.0460684008017706e-07,0.0,1.0,13.280000000000001,RL,0.8594366408646358,True,True,-2.004110727904407,-2.0506262102399644,17.763574994332355,False,11.474767946567042,0.0,0.7051700315863525,45.0,90.0,0.10747247188374065,tilt,False
0.00424478959376096,-0.10747247188374065,4.672384181624812e-08,0.0,1.0,13.280000000000001,RR,0.3594366408646358,False,False,-2.0084693038765304,-2.040327691348851,17.77389310343787,False,11.500614924019237,0.0,0.707092445805894,45.0,90.0,0.10747247188374065,tilt,False
0.004244867184261096,-0.10747238326328534,5.529823670630062e-08,0.0,1.0,13.3,FL,0.3594366408646358,False,False,-1.769891397882875,-2.565643269558049,17.24738549766517,False,10.169606630241004,0.0,0.5787596535634243,45.0,90.0,0.10747238326328534,tilt,False
0.004244867184261096,-0.10747238326328534,7.665652215169039e-08,0.0,1.0,13.3,FR,0.8594366408646358,True,True,-1.7742405930292229,-2.5555167295587924,17.2575387912608,False,10.195590335895371,0.0,0.5807266378324816,45.0,90.0,0.10747238326328534,tilt,False
0.004244867184261096,-0.10747238326328534,1.0131058546194976e-07,0.0,1.0,13.3,RL,0.8594366408646358,True,True,-2.004110720893654,-2.050628629683273,17.763572571910192,False,11.474768018203433,0.0,0.70516994593103,45.0,90.0,0.10747238326328534,tilt,False
0.004244867184261096,-0.10747238326328534,4.50577559347828e-08,0.0,1.0,13.3,RR,0.3594366408646358,False,False,-2.008469307641824,-2.040328482149103,17.773892311739214,False,11.500614966744207,0.0,0.7070922348017639,45.0,90.0,0.10747238326328534,tilt,False
0.0042449420795383965,-0.10747229780572093,5.342310623966717e-08,0.0,1.0,13.32,FL,0.3594366408646358,False,False,-1.769891395384575,-2.5656427435622984,17.24738602468652,False,10.169606609395034,0.0,0.5787595342075301,45.0,90.0,0.10747229780572093,tilt,False
0.0042449420795383965,-0.10747229780572093,7.413897293590242e-08,0.0,1.0,13.32,FR,0.8594366408646358,True,True,-1.7742405983521594,-2.5555156335152795,17.25753988933003,False,10.195590355961404,0.0,0.5807266277880626,45.0,90.0,0.10747229780572093,tilt,False
0.0042449420795383965,-0.10747229780572093,9.798179240641632e-08,0.0,1.0,13.32,RL,0.8594366408646358,True,True,-2.004110715115512,-2.0506309685150574,17.763570230198628,False,11.474768004717946,0.0,0.7051698635946683,45.0,90.0,0.10747229780572093,tilt,False
0.0042449420795383965,-0.10747229780572093,4.344722347121039e-08,0.0,1.0,13.32,RR,0.3594366408646358,False,False,-2.008469311602229,-2.0403292460255926,17.77389154699486,False,11.500615002243336,0.0,0.7070920314721867,45.0,90.0,0.10747229780572093,tilt,False
0.004245014384384994,-0.10747221532435515,5.162883836209308e-08,0.0,1.0,13.34,FL,0.3594366408646358,False,False,-1.7698913925776536,-2.5656422332162068,17.24738653602757,False,10.169606570414519,0.0,0.5787594190117418,45.0,90.0,0.10747221532435515,tilt,False
0.004245014384384994,-0.10747221532435515,7.174705870175261e-08,0.0,1.0,13.34,FR,0.8594366408646358,True,True,-1.7742406024216852,-2.555514571657338,17.25754095315049,False,10.195590326764219,0.0,0.5807266184628749,45.0,90.0,0.10747221532435515,tilt,False
0.004245014384384994,-0.10747221532435515,9.482545336423788e-08,0.0,1.0,13.34,RL,0.8594366408646358,True,True,-2.00411071089842,-2.0506332305608237,17.763567965367116,False,11.474768045971707,0.0,0.705169784496393,45.0,90.0,0.10747221532435515,tilt,False
0.004245014384384994,-0.10747221532435515,4.189623603114767e-08,0.0,1.0,13.34,RR,0.3594366408646358,False,False,-2.00846931574665,-2.0403299841905835,17.77389080799112,False,11.500615020839689,0.0,0.7070918354855579,45.0,90.0,0.10747221532435515,tilt,False
0.0042450838131880405,-0.1074721354007361,4.9619626965221205e-08,0.0,1.0,13.36,FL,0.3594366408646358,False,False,-1.7698913947693935,-2.5656417445927038,17.24738702560041,False,10.16960661295581,0.0,0.5787593086177955,45.0,90.0,0.1074721354007361,tilt,False
0.0042450838131880405,-0.1074721354007361,6.889743113202259e-08,0.0,1.0,13.36,FR,0.8594366408646358,True,True,-1.7742406154581947,-2.5555135545100547,17.257541972168415,False,10.19559045766765,0.0,0.5807266094263959,45.0,90.0,0.1074721354007361,tilt,False
0.0042450838131880405,-0.1074721354007361,9.109510208782936e-08,0.0,1.0,13.36,RL,0.8594366408646358,True,True,-2.004110694595721,-2.0506354053859006,17.763565787875933,False,11.474767888246266,0.0,0.7051697087274267,45.0,90.0,0.1074721354007361,tilt,False
0.0042450838131880405,-0.1074721354007361,4.0384338431072545e-08,0.0,1.0,13.36,RR,0.3594366408646358,False,False,-2.0084693168469987,-2.0403306959664302,17.773890095409214,False,11.500615014944893,0.0,0.7070916459466426,45.0,90.0,0.1074721354007361,tilt,False
0.004245151166632265,-0.10747205773779521,4.79007597674194e-08,0.0,1.0,13.38,FL,0.3594366408646358,False,False,-1.7698913966549963,-2.5656412739364263,17.2473874971742,False,10.16960659182831,0.0,0.5787592023862296,45.0,90.0,0.10747205773779521,tilt,False
0.004245151166632265,-0.10747205773779521,6.655839822302014e-08,0.0,1.0,13.38,FR,0.8594366408646358,True,True,-1.77424062754699,-2.5555125732413564,17.257542955246834,False,10.195590468994626,0.0,0.5807266009230977,45.0,90.0,0.10747205773779521,tilt,False
0.004245151166632265,-0.10747205773779521,8.800826295535123e-08,0.0,1.0,13.38,RL,0.8594366408646358,True,True,-2.0041106800206023,-2.0506375079760994,17.76356368270487,False,11.474767880743794,0.0,0.705169635818432,45.0,90.0,0.10747205773779521,tilt,False
0.004245151166632265,-0.10747205773779521,3.8947164627830426e-08,0.0,1.0,13.38,RR,0.3594366408646358,False,False,-2.0084693177705724,-2.0403313851733684,17.77388940542089,False,11.500615027340288,0.0,0.7070914631802956,45.0,90.0,0.10747205773779521,tilt,False
0.0042452164262243835,-0.10747198286842942,4.6302255777767806e-08,0.0,1.0,13.4,FL,0.3594366408646358,False,False,-1.769891396772614,-2.5656408183603143,17.24738795363878,False,10.169606640782462,0.0,0.5787590998168397,45.0,90.0,0.10747198286842942,tilt,False
0.0042452164262243835,-0.10747198286842942,6.441210910074563e-08,0.0,1.0,13.4,FR,0.8594366408646358,True,True,-1.7742406363754244,-2.5555116233102333,17.257543906932483,False,10.195590622419543,0.0,0.5807265930648992,45.0,90.0,0.10747198286842942,tilt,False
0.0042452164262243835,-0.10747198286842942,8.514518605615112e-08,0.0,1.0,13.4,RL,0.8594366408646358,True,True,-2.0041106697561775,-2.050639542166246,17.763561646013688,False,11.474767680638925,0.0,0.7051695655951287,45.0,90.0,0.10747198286842942,tilt,False
0.0042452164262243835,-0.10747198286842942,3.755406915297166e-08,0.0,1.0,13.4,RR,0.3594366408646358,False,False,-2.008469319755464,-2.040332051662128,17.77388873817548,False,11.500615025676364,0.0,0.707091287217478,45.0,90.0,0.10747198286842942,tilt,False
0.004245279489356274,-0.10747191079830136,4.474021485074169e-08,0.0,1.0,13.42,FL,0.3594366408646358,False,False,-1.769891395836956,-2.565640376905001,17.24738839595427,False,10.1696066517491,0.0,0.5787590009206803,45.0,90.0,0.10747191079830136,tilt,False
0.004245279489356274,-0.10747191079830136,6.231021581949223e-08,0.0,1.0,13.42,FR,0.8594366408646358,True,True,-1.7742406431526838,-2.5555107035866618,17.25754482835483,False,10.19559069254598,0.0,0.5807265857322024,45.0,90.0,0.10747191079830136,tilt,False
0.004245279489356274,-0.10747191079830136,8.235233876499878e-08,0.0,1.0,13.42,RL,0.8594366408646358,True,True,-2.0041106619932414,-2.0506415089032415,17.763559676857085,False,11.474767584980995,0.0,0.7051694980821599,45.0,90.0,0.10747191079830136,tilt,False
0.004245279489356274,-0.10747191079830136,3.62080729079524e-08,0.0,1.0,13.42,RR,0.3594366408646358,False,False,-2.0084693224095735,-2.040332695463137,17.773888093643293,False,11.500615016046984,0.0,0.7070911176213739,45.0,90.0,0.10747191079830136,tilt,False
0.004245340482241808,-0.10747184131678496,4.328322332838142e-08,0.0,1.0,13.44,FL,0.3594366408646358,False,False,-1.769891393318075,-2.565639947635756,17.247388826060668,False,10.169606597314251,0.0,0.5787589052907055,45.0,90.0,0.10747184131678496,tilt,False
0.004245340482241808,-0.10747184131678496,6.039467085183557e-08,0.0,1.0,13.44,FR,0.8594366408646358,True,True,-1.7742406463956764,-2.555509810520641,17.257545723072845,False,10.195590630245336,0.0,0.5807265790560919,45.0,90.0,0.10747184131678496,tilt,False
0.004245340482241808,-0.10747184131678496,7.981667317226059e-08,0.0,1.0,13.44,RL,0.8594366408646358,True,True,-2.00411065880891,-2.0506434134037534,17.76355777000987,False,11.474767673943902,0.0,0.7051694331228305,45.0,90.0,0.10747184131678496,tilt,False
0.004245340482241808,-0.10747184131678496,3.4917113870641166e-08,0.0,1.0,13.44,RR,0.3594366408646358,False,False,-2.008469326008764,-2.040333317877483,17.773887470521277,False,11.50061505685622,0.0,0.7070909543427482,45.0,90.0,0.10747184131678496,tilt,False
0.004245399315399808,-0.10747177428021037,4.181047002631795e-08,0.0,1.0,13.46,FL,0.3594366408646358,False,False,-1.7698913908396272,-2.565639531321131,17.24738924318662,False,10.169606578497351,0.0,0.5787588129288265,45.0,90.0,0.10747177428021037,tilt,False
0.004245399315399808,-0.10747177428021037,5.842160113366789e-08,0.0,1.0,13.46,FR,0.8594366408646358,True,True,-1.7742406491325218,-2.555508945663535,17.257546589528847,False,10.195590639604978,0.0,0.5807265729461953,45.0,90.0,0.10747177428021037,tilt,False
0.004245399315399808,-0.10747177428021037,7.721867919016599e-08,0.0,1.0,13.46,RL,0.8594366408646358,True,True,-2.0041106561679984,-2.0506452545926352,17.76355592655268,False,11.474767674258196,0.0,0.7051693707004882,45.0,90.0,0.10747177428021037,tilt,False
0.004245399315399808,-0.10747177428021037,3.366763589103055e-08,0.0,1.0,13.46,RR,0.3594366408646358,False,False,-2.008469329609651,-2.0403339191073613,17.773886868607867,False,11.500615089485922,0.0,0.7070907970088591,45.0,90.0,0.10747177428021037,tilt,False
0.004245455795071121,-0.10747170940313838,4.0214297262346615e-08,0.0,1.0,13.48,FL,0.3594366408646358,False,False,-1.769891391827004,-2.5656391315823335,17.247389643701922,False,10.16960655009497,0.0,0.578758724414855,45.0,90.0,0.10747170940313838,tilt,False
0.004245455795071121,-0.10747170940313838,5.616619080327959e-08,0.0,1.0,13.48,FR,0.8594366408646358,True,True,-1.7742406582022183,-2.5555081156069734,17.25754742111275,False,10.19559061461845,0.0,0.5807265670070861,45.0,90.0,0.10747170940313838,tilt,False
0.004245455795071121,-0.10747170940313838,7.42678378586768e-08,0.0,1.0,13.48,RL,0.8594366408646358,True,True,-2.0041106449215675,-2.05064702610485,17.763554152867123,False,11.474767718807287,0.0,0.7051693109637576,45.0,90.0,0.10747170940313838,tilt,False
0.004245455795071121,-0.10747170940313838,3.245125131883694e-08,0.0,1.0,13.48,RR,0.3594366408646358,False,False,-2.0084693310184023,-2.0403344987991456,17.773886288259135,False,11.500615105116859,0.0,0.707090644805762,45.0,90.0,0.10747170940313838,tilt,False
0.004245510419364917,-0.10747164621943034,3.870971863308342e-08,0.0,1.0,13.5,FL,0.3594366408646358,False,False,-1.769891394721057,-2.565638749023411,17.24739002700537,False,10.169606587060976,0.0,0.5787586394923825,45.0,90.0,0.10747164621943034,tilt,False
0.004245510419364917,-0.10747164621943034,5.404429651539655e-08,0.0,1.0,13.5,FR,0.8594366408646358,True,True,-1.7742406706732807,-2.555507319413744,17.25754821877144,False,10.195590734378689,0.0,0.5807265613241847,45.0,90.0,0.10747164621943034,tilt,False
0.004245510419364917,-0.10747164621943034,7.148414248716992e-08,0.0,1.0,13.5,RL,0.8594366408646358,True,True,-2.0041106294828963,-2.0506487335119514,17.763552443367892,False,11.474767568785301,0.0,0.7051692535537588,45.0,90.0,0.10747164621943034,tilt,False
0.004245510419364917,-0.10747164621943034,3.128869933712256e-08,0.0,1.0,13.5,RR,0.3594366408646358,False,False,-2.008469330904452,-2.040335059422058,17.773885727001364,False,11.500615095213508,0.0,0.7070904978300733,45.0,90.0,0.10747164621943034,tilt,False
0.004245563492006696,-0.10747158527112247,3.745950247791735e-08,0.0,1.0,13.52,FL,0.3594366408646358,False,False,-1.769891395141717,-2.5656383780817382,17.24739039867046,False,10.169606563119823,0.0,0.5787585574757657,45.0,90.0,0.10747158527112247,tilt,False
0.004245563492006696,-0.10747158527112247,5.2394326990307264e-08,0.0,1.0,13.52,FR,0.8594366408646358,True,True,-1.7742406783556806,-2.5555065469580995,17.257548992653945,False,10.195590728980033,0.0,0.5807265561351197,45.0,90.0,0.10747158527112247,tilt,False
0.004245563492006696,-0.10747158527112247,6.927859069439932e-08,0.0,1.0,13.52,RL,0.8594366408646358,True,True,-2.0041106205395396,-2.050650388004966,17.763550786840995,False,11.474767577294978,0.0,0.7051691982176738,45.0,90.0,0.10747158527112247,tilt,False
0.004245563492006696,-0.10747158527112247,3.017185722204053e-08,0.0,1.0,13.52,RR,0.3594366408646358,False,False,-2.0084693323102267,-2.040335602202261,17.773885183604925,False,11.500615106431884,0.0,0.7070903563736995,45.0,90.0,0.10747158527112247,tilt,False
0.004245614826602014,-0.10747152663038671,3.620629388384536e-08,0.0,1.0,13.540000000000001,FL,0.3594366408646358,False,False,-1.76989139428178,-2.565638018451763,17.247390759001338,False,10.169606610399516,0.0,0.5787584782122194,45.0,90.0,0.10747152663038671,tilt,False
0.004245614826602014,-0.10747152663038671,5.0715464930226085e-08,0.0,1.0,13.540000000000001,FR,0.8594366408646358,True,True,-1.7742406835229847,-2.555505798459253,17.257549742536217,False,10.195590873155506,0.0,0.5807265514311153,45.0,90.0,0.10747152663038671,tilt,False
0.004245614826602014,-0.10747152663038671,6.704447534256788e-08,0.0,1.0,13.540000000000001,RL,0.8594366408646358,True,True,-2.0041106147558505,-2.0506519884146215,17.76354918446148,False,11.474767387630195,0.0,0.7051691449261827,45.0,90.0,0.10747152663038671,tilt,False
0.004245614826602014,-0.10747152663038671,2.908916132996233e-08,0.0,1.0,13.540000000000001,RR,0.3594366408646358,False,False,-2.0084693345686424,-2.040336126654562,17.77388465855661,False,11.50061510057298,0.0,0.7070902202153325,45.0,90.0,0.10747152663038671,tilt,False
0.0042456643653857136,-0.10747147017704152,3.49785701003144e-08,0.0,1.0,13.56,FL,0.3594366408646358,False,False,-1.7698913928994309,-2.5656376695849836,17.247391108547372,False,10.169606622447567,0.0,0.578758401756252,45.0,90.0,0.10747147017704152,tilt,False
0.0042456643653857136,-0.10747147017704152,4.906815063286864e-08,0.0,1.0,13.56,FR,0.8594366408646358,True,True,-1.774240687402215,-2.5555050732991162,17.25755046903616,False,10.195590934051697,0.0,0.5807265471048538,45.0,90.0,0.10747147017704152,tilt,False
0.0042456643653857136,-0.10747147017704152,6.486731605278011e-08,0.0,1.0,13.56,RL,0.8594366408646358,True,True,-2.004110610492181,-2.0506535356850515,17.763547635286127,False,11.474767302931635,0.0,0.7051690937240636,45.0,90.0,0.10747147017704152,tilt,False
0.0042456643653857136,-0.10747147017704152,2.8044990218510917e-08,0.0,1.0,13.56,RR,0.3594366408646358,False,False,-2.008469337200159,-2.040336633079065,17.773884151556537,False,11.500615087604894,0.0,0.707090088964965,45.0,90.0,0.10747147017704152,tilt,False
0.004245712268575418,-0.10747141571007875,3.38451603377009e-08,0.0,1.0,13.58,FL,0.3594366408646358,False,False,-1.7698913903556288,-2.5656373298821484,17.24739144891245,False,10.169606571404325,0.0,0.5787583277332995,45.0,90.0,0.10747141571007875,tilt,False
0.004245712268575418,-0.10747141571007875,4.759712934824726e-08,0.0,1.0,13.58,FR,0.8594366408646358,True,True,-1.7742406882938107,-2.555504368248529,17.257551175391647,False,10.195590861296429,0.0,0.5807265432983852,45.0,90.0,0.10747141571007875,tilt,False
0.004245712268575418,-0.10747141571007875,6.293011209231605e-08,0.0,1.0,13.58,RL,0.8594366408646358,True,True,-2.0041106101460238,-2.050655034849195,17.763546134273163,False,11.474767405021382,0.0,0.7051690444584136,45.0,90.0,0.10747141571007875,tilt,False
0.004245712268575418,-0.10747141571007875,2.7045231793629617e-08,0.0,1.0,13.58,RR,0.3594366408646358,False,False,-2.008469340593729,-2.04033712283461,17.773883661243644,False,11.500615126987256,0.0,0.7070899626453148,45.0,90.0,0.10747141571007875,tilt,False
0.004245758331312049,-0.1074713631482816,3.263416841119075e-08,0.0,1.0,13.6,FL,0.3594366408646358,False,False,-1.769891389092594,-2.5656370013810124,17.247391778052503,False,10.169606571474075,0.0,0.578758256419364,45.0,90.0,0.1074713631482816,tilt,False
0.004245758331312049,-0.1074713631482816,4.593770476830026e-08,0.0,1.0,13.6,FR,0.8594366408646358,True,True,-1.7742406913028446,-2.555503687519261,17.257551857377052,False,10.195590887185555,0.0,0.58072653978516,45.0,90.0,0.1074713631482816,tilt,False
0.004245758331312049,-0.1074713631482816,6.075604019935761e-08,0.0,1.0,13.6,RL,0.8594366408646358,True,True,-2.004110606815147,-2.0506564813515467,17.763544685990905,False,11.474767371739967,0.0,0.7051689972295189,45.0,90.0,0.1074713631482816,tilt,False
0.004245758331312049,-0.1074713631482816,2.6070083773711814e-08,0.0,1.0,13.6,RR,0.3594366408646358,False,False,-2.0084693432132967,-2.040337595404149,17.773883188137248,False,11.500615124454482,0.0,0.707089840726181,45.0,90.0,0.1074713631482816,tilt,False
0.00424580257379555,-0.10747131184988894,3.128756301439767e-08,0.0,1.0,13.620000000000001,FL,0.3594366408646358,False,False,-1.7698913921234718,-2.56563668918779,17.247392090852163,False,10.169606531218012,0.0,0.578758188442055,45.0,90.0,0.10747131184988894,tilt,False
0.00424580257379555,-0.10747131184988894,4.3950559100274675e-08,0.0,1.0,13.620000000000001,FR,0.8594366408646358,True,True,-1.7742407027169054,-2.5555030395471614,17.257552506539128,False,10.195590838435686,0.0,0.5807265361875796,45.0,90.0,0.10747131184988894,tilt,False
0.00424580257379555,-0.10747131184988894,5.817256603235598e-08,0.0,1.0,13.620000000000001,RL,0.8594366408646358,True,True,-2.0041105923885025,-2.050657868951495,17.7635432966933,False,11.474767462291569,0.0,0.705168952072578,45.0,90.0,0.10747131184988894,tilt,False
0.00424580257379555,-0.10747131184988894,2.5125138086672136e-08,0.0,1.0,13.620000000000001,RR,0.3594366408646358,False,False,-2.008469342674294,-2.040338051232101,17.77388273179368,False,11.50061517134887,0.0,0.7070897225367421,45.0,90.0,0.10747131184988894,tilt,False
0.0042458455849083065,-0.10747126216863105,3.022320330549092e-08,0.0,1.0,13.64,FL,0.3594366408646358,False,False,-1.7698913940505447,-2.56563638819058,17.247392392435575,False,10.169606563689905,0.0,0.5787581229070947,45.0,90.0,0.10747126216863105,tilt,False
0.0042458455849083065,-0.10747126216863105,4.250829426837682e-08,0.0,1.0,13.64,FR,0.8594366408646358,True,True,-1.7742407119147736,-2.5555024134879814,17.25755313375199,False,10.195590946565897,0.0,0.580726532907388,45.0,90.0,0.10747126216863105,tilt,False
0.0042458455849083065,-0.10747126216863105,5.625439889938679e-08,0.0,1.0,13.64,RL,0.8594366408646358,True,True,-2.0041105811688698,-2.0506592116173588,17.763541952380685,False,11.474767322220265,0.0,0.7051689085312624,45.0,90.0,0.10747126216863105,tilt,False
0.0042458455849083065,-0.10747126216863105,2.422543654000482e-08,0.0,1.0,13.64,RR,0.3594366408646358,False,False,-2.0084693427707934,-2.0403384927282877,17.773882289797008,False,11.500615158379507,0.0,0.70708960872743,45.0,90.0,0.10747126216863105,tilt,False
0.004245887353709103,-0.10747121437826541,2.925391532541318e-08,0.0,1.0,13.66,FL,0.3594366408646358,False,False,-1.7698913937974625,-2.5656360958153934,17.247392685380774,False,10.169606540651705,0.0,0.578758059557549,45.0,90.0,0.10747121437826541,tilt,False
0.004245887353709103,-0.10747121437826541,4.124154626708476e-08,0.0,1.0,13.66,FR,0.8594366408646358,True,True,-1.774240716775441,-2.555501805151128,17.25755374321342,False,10.195590931158364,0.0,0.5807265299930224,45.0,90.0,0.10747121437826541,tilt,False
0.004245887353709103,-0.10747121437826541,5.455835311891163e-08,0.0,1.0,13.66,RL,0.8594366408646358,True,True,-2.004110575676319,-2.050660513063497,17.76354064933301,False,11.474767341503915,0.0,0.7051688665542555,45.0,90.0,0.10747121437826541,tilt,False
0.004245887353709103,-0.10747121437826541,2.335693943634796e-08,0.0,1.0,13.66,RR,0.3594366408646358,False,False,-2.008469344345815,-2.0403389199643747,17.773881862075346,False,11.500615168061339,0.0,0.7070894992336992,45.0,90.0,0.10747121437826541,tilt,False
0.004245927720244928,-0.1074711684186071,2.8272408684047457e-08,0.0,1.0,13.68,FL,0.3594366408646358,False,False,-1.7698913926358535,-2.5656358120377325,17.247392969711154,False,10.16960658644383,0.0,0.5787579982681074,45.0,90.0,0.1074711684186071,tilt,False
0.004245927720244928,-0.1074711684186071,3.993340113089952e-08,0.0,1.0,13.68,FR,0.8594366408646358,True,True,-1.774240719667499,-2.55550121517506,17.25755433428046,False,10.195591069207241,0.0,0.5807265274541529,45.0,90.0,0.1074711684186071,tilt,False
0.004245927720244928,-0.1074711684186071,5.282385664188494e-08,0.0,1.0,13.68,RL,0.8594366408646358,True,True,-2.0041105726187234,-2.05066177208494,17.763539388760552,False,11.47476715944905,0.0,0.7051688261234401,45.0,90.0,0.1074711684186071,tilt,False
0.004245927720244928,-0.1074711684186071,2.251641745874681e-08,0.0,1.0,13.68,RR,0.3594366408646358,False,False,-2.0084693465789694,-2.0403393326568104,17.773881448913457,False,11.500615158636947,0.0,0.7070893938767746,45.0,90.0,0.1074711684186071,tilt,False
0.004245966642588253,-0.10747112416578238,2.730886806111343e-08,0.0,1.0,13.700000000000001,FL,0.3594366408646358,False,False,-1.7698913912294125,-2.565635536513785,17.24739324577126,False,10.16960659913067,0.0,0.5787579391280714,45.0,90.0,0.10747112416578238,tilt,False
0.004245966642588253,-0.10747112416578238,3.864622048278471e-08,0.0,1.0,13.700000000000001,FR,0.8594366408646358,True,True,-1.7742407217149203,-2.555500643227928,17.257554907284565,False,10.195591123235285,0.0,0.5807265251828758,45.0,90.0,0.10747112416578238,tilt,False
0.004245966642588253,-0.10747112416578238,5.11304510558165e-08,0.0,1.0,13.700000000000001,RL,0.8594366408646358,True,True,-2.004110570538394,-2.0506629894077033,17.76353816993818,False,11.474767082810013,0.0,0.7051687873025496,45.0,90.0,0.10747112416578238,tilt,False
0.004245966642588253,-0.10747112416578238,2.1705999584062148e-08,0.0,1.0,13.700000000000001,RR,0.3594366408646358,False,False,-2.008469349029929,-2.0403397311154308,17.773881050001684,False,11.500615143169748,0.0,0.7070892923042587,45.0,90.0,0.10747112416578238,tilt,False
0.0042460042928893285,-0.10747108144638298,2.6429661246051375e-08,0.0,1.0,13.72,FL,0.3594366408646358,False,False,-1.7698913888786645,-2.565635267855193,17.247393514953544,False,10.16960655140527,0.0,0.5787578817861352,45.0,90.0,0.10747108144638298,tilt,False
0.0042460042928893285,-0.10747108144638298,3.752613616726934e-08,0.0,1.0,13.72,FR,0.8594366408646358,True,True,-1.774240721060135,-2.555500086272623,17.257555465271412,False,10.195591042710273,0.0,0.5807265233291893,45.0,90.0,0.10747108144638298,tilt,False
0.0042460042928893285,-0.10747108144638298,4.96619984906824e-08,0.0,1.0,13.72,RL,0.8594366408646358,True,True,-2.004110572026454,-2.0506641697988353,17.76353698809007,False,11.474767194279565,0.0,0.7051687499422014,45.0,90.0,0.10747108144638298,tilt,False
0.0042460042928893285,-0.10747108144638298,2.0931643064135863e-08,0.0,1.0,13.72,RR,0.3594366408646358,False,False,-2.008469352173244,-2.0403401166513464,17.77388066402664,False,11.500615181622218,0.0,0.7070891945949194,45.0,90.0,0.10747108144638298,tilt,False
0.004246040290601538,-0.107471040146504,2.5383056760815853e-08,0.0,1.0,13.74,FL,0.3594366408646358,False,False,-1.769891389433391,-2.565635010075704,17.24739377323297,False,10.169606556490153,0.0,0.5787578268902692,45.0,90.0,0.107471040146504,tilt,False
0.004246040290601538,-0.107471040146504,3.6010181328261965e-08,0.0,1.0,13.74,FR,0.8594366408646358,True,True,-1.7742407263372957,-2.555499552845914,17.257555999678566,False,10.195591070108367,0.0,0.5807265214703439,45.0,90.0,0.107471040146504,tilt,False
0.004246040290601538,-0.107471040146504,4.768870265840558e-08,0.0,1.0,13.74,RL,0.8594366408646358,True,True,-2.0041105654069744,-2.050665303467123,17.763535853031204,False,11.474767162934556,0.0,0.7051687142912159,45.0,90.0,0.107471040146504,tilt,False
0.004246040290601538,-0.107471040146504,2.0165694259977085e-08,0.0,1.0,13.74,RR,0.3594366408646358,False,False,-2.0084693532930222,-2.0403404877928075,17.77388029246447,False,11.500615176535439,0.0,0.7070890999534862,45.0,90.0,0.107471040146504,tilt,False
0.004246075109078167,-0.10747099967334166,2.4383754083793028e-08,0.0,1.0,13.76,FL,0.3594366408646358,False,False,-1.7698913920718116,-2.5656347647198054,17.24739401906627,False,10.16960651499714,0.0,0.5787577744470421,45.0,90.0,0.10747099967334166,tilt,False
0.004246075109078167,-0.10747099967334166,3.4552021548831253e-08,0.0,1.0,13.76,FR,0.8594366408646358,True,True,-1.7742407357051113,-2.555499043635844,17.25755650982466,False,10.195591010308277,0.0,0.5807265195895763,45.0,90.0,0.10747099967334166,tilt,False
0.004246075109078167,-0.10747099967334166,4.5792016475847045e-08,0.0,1.0,13.76,RL,0.8594366408646358,True,True,-2.0041105536343293,-2.0506663942623895,17.763534760901173,False,11.474767263180935,0.0,0.7051686800972207,45.0,90.0,0.10747099967334166,tilt,False
0.004246075109078167,-0.10747099967334166,1.9439041481795113e-08,0.0,1.0,13.76,RR,0.3594366408646358,False,False,-2.0084693525789232,-2.0403408468580264,17.773879932992934,False,11.500615223304095,0.0,0.7070890083678923,45.0,90.0,0.10747099967334166,tilt,False
0.004246108961826915,-0.10747096061919913,2.3552671992913283e-08,0.0,1.0,13.780000000000001,FL,0.3594366408646358,False,False,-1.7698913935979796,-2.565634528123681,17.247394256123165,False,10.169606545157906,0.0,0.5787577238816097,45.0,90.0,0.10747096061919913,tilt,False
0.004246108961826915,-0.10747096061919913,3.342308563937979e-08,0.0,1.0,13.780000000000001,FR,0.8594366408646358,True,True,-1.774240742987137,-2.5554985514708513,17.25755700289685,False,10.195591111574268,0.0,0.5807265179162869,45.0,90.0,0.10747096061919913,tilt,False
0.004246108961826915,-0.10747096061919913,4.4281622301200176e-08,0.0,1.0,13.780000000000001,RL,0.8594366408646358,True,True,-2.004110544751303,-2.050667449629246,17.763533704239656,False,11.474767130154152,0.0,0.7051686471107769,45.0,90.0,0.10747096061919913,tilt,False
0.004246108961826915,-0.10747096061919913,1.8736863246495945e-08,0.0,1.0,13.780000000000001,RR,0.3594366408646358,False,False,-2.008469352654158,-2.040341194452195,17.773879585004583,False,11.500615207871991,0.0,0.707088920203363,45.0,90.0,0.10747096061919913,tilt,False
0.004246141854206174,-0.10747092310741549,2.2803294343034814e-08,0.0,1.0,13.8,FL,0.3594366408646358,False,False,-1.7698913931803764,-2.5656342979900293,17.247394486705293,False,10.169606523780699,0.0,0.5787576749517054,45.0,90.0,0.10747092310741549,tilt,False
0.004246141854206174,-0.10747092310741549,3.2459613592710444e-08,0.0,1.0,13.8,FR,0.8594366408646358,True,True,-1.774240746207991,-2.5554980724399425,17.25755748281374,False,10.195591089475231,0.0,0.5807265165223081,45.0,90.0,0.10747092310741549,tilt,False
0.004246141854206174,-0.10747092310741549,4.2990061233649445e-08,0.0,1.0,13.8,RL,0.8594366408646358,True,True,-2.0041105411942075,-2.0506684732612657,17.76353267934697,False,11.474767156851197,0.0,0.7051686152885307,45.0,90.0,0.10747092310741549,tilt,False
0.004246141854206174,-0.10747092310741549,1.806250077480546e-08,0.0,1.0,13.8,RR,0.3594366408646358,False,False,-2.0084693541571053,-2.040341530843332,17.77387924823075,False,11.500615216391228,0.0,0.7070888354289918,45.0,90.0,0.10747092310741549,tilt,False
0.004246173628591179,-0.10747088705442782,2.2035989543692518e-08,0.0,1.0,13.82,FL,0.3594366408646358,False,False,-1.7698913920400245,-2.565634074402138,17.247394710728525,False,10.169606567442097,0.0,0.578757627553343,45.0,90.0,0.10747088705442782,tilt,False
0.004246173628591179,-0.10747088705442782,3.144485122575596e-08,0.0,1.0,13.82,FR,0.8594366408646358,True,True,-1.7742407477275708,-2.5554976074135363,17.25755794870057,False,10.195591223029464,0.0,0.5807265154247082,45.0,90.0,0.10747088705442782,tilt,False
0.004246173628591179,-0.10747088705442782,4.1647926297456226e-08,0.0,1.0,13.82,RL,0.8594366408646358,True,True,-2.0041105397367796,-2.050669463745769,17.76353168764138,False,11.474766980628196,0.0,0.7051685846237319,45.0,90.0,0.10747088705442782,tilt,False
0.004246173628591179,-0.10747088705442782,1.7409772045190182e-08,0.0,1.0,13.82,RR,0.3594366408646358,False,False,-2.008469356235238,-2.040341855737423,17.773878922966816,False,11.50061520406585,0.0,0.7070887539007391,45.0,90.0,0.10747088705442782,tilt,False
0.004246204242751302,-0.10747085234944641,2.1280319749885906e-08,0.0,1.0,13.84,FL,0.3594366408646358,False,False,-1.7698913907702765,-2.565633857114544,17.247394928438734,False,10.169606580236877,0.0,0.5787575818005699,45.0,90.0,0.10747085234944641,tilt,False
0.004246204242751302,-0.10747085234944641,3.044180249926767e-08,0.0,1.0,13.84,FR,0.8594366408646358,True,True,-1.7742407486054483,-2.5554971562355906,17.25755840071257,False,10.19559127172178,0.0,0.58072651451396,45.0,90.0,0.10747085234944641,tilt,False
0.004246204242751302,-0.10747085234944641,4.033361982591722e-08,0.0,1.0,13.84,RL,0.8594366408646358,True,True,-2.0041105390139444,-2.050670421551132,17.763530728655418,False,11.474766910085549,0.0,0.7051685551987378,45.0,90.0,0.10747085234944641,tilt,False
0.004246204242751302,-0.10747085234944641,1.6780444285395818e-08,0.0,1.0,13.84,RR,0.3594366408646358,False,False,-2.0084693584720807,-2.0403421693788033,17.77387860896852,False,11.50061518681961,0.0,0.7070886752926585,45.0,90.0,0.10747085234944641,tilt,False
0.004246233870232137,-0.10747081883897577,2.0599573932626363e-08,0.0,1.0,13.86,FL,0.3594366408646358,False,False,-1.7698913886758025,-2.5656336448897923,17.2473951410771,False,10.169606535853525,0.0,0.5787575373578145,45.0,90.0,0.10747081883897577,tilt,False
0.004246233870232137,-0.10747081883897577,2.9597701570088883e-08,0.0,1.0,13.86,FR,0.8594366408646358,True,True,-1.7742407469027721,-2.555496715999573,17.257558841764585,False,10.195591185371535,0.0,0.5807265139482112,45.0,90.0,0.10747081883897577,tilt,False
0.004246233870232137,-0.10747081883897577,3.923205568887843e-08,0.0,1.0,13.86,RL,0.8594366408646358,True,True,-2.004110541701756,-2.0506713511790795,17.763529797878764,False,11.474767028216423,0.0,0.7051685268670421,45.0,90.0,0.10747081883897577,tilt,False
0.004246233870232137,-0.10747081883897577,1.6180936613029452e-08,0.0,1.0,13.86,RR,0.3594366408646358,False,False,-2.008469361387804,-2.040342473009372,17.77387830499169,False,11.500615224675036,0.0,0.7070885997267522,45.0,90.0,0.10747081883897577,tilt,False
0.004246261909841594,-0.10747078614651996,1.960034434765406e-08,0.0,1.0,13.88,FL,0.3594366408646358,False,False,-1.7698913920454264,-2.565633445768038,17.247395340583882,False,10.169606545077784,0.0,0.578757495586549,45.0,90.0,0.10747078614651996,tilt,False
0.004246261909841594,-0.10747078614651996,2.7973885426927905e-08,0.0,1.0,13.88,FR,0.8594366408646358,True,True,-1.7742407575868924,-2.555496303743906,17.257559254772325,False,10.195591218834492,0.0,0.58072651291487,45.0,90.0,0.10747078614651996,tilt,False
0.004246261909841594,-0.10747078614651996,3.713453597281367e-08,0.0,1.0,13.88,RL,0.8594366408646358,True,True,-2.004110527740698,-2.0506722338687435,17.76352891411443,False,11.474766993827716,0.0,0.7051685000975402,45.0,90.0,0.10747078614651996,tilt,False
0.004246261909841594,-0.10747078614651996,1.557246617411195e-08,0.0,1.0,13.88,RR,0.3594366408646358,False,False,-2.0084693599761243,-2.0403427639428573,17.773878013730364,False,11.500615217948782,0.0,0.7070885258714045,45.0,90.0,0.10747078614651996,tilt,False
0.004246289430524109,-0.10747075426851803,1.8971378587483725e-08,0.0,1.0,13.9,FL,0.3594366408646358,False,False,-1.769891393735696,-2.565633253571488,17.24739553315522,False,10.169606501792034,0.0,0.578757455167022,45.0,90.0,0.10747075426851803,tilt,False
0.004246289430524109,-0.10747075426851803,2.7166488879396733e-08,0.0,1.0,13.9,FR,0.8594366408646358,True,True,-1.7742407642051123,-2.555495903711739,17.257559655541954,False,10.195591147987273,0.0,0.5807265121419701,45.0,90.0,0.10747075426851803,tilt,False
0.004246289430524109,-0.10747075426851803,3.606240194894026e-08,0.0,1.0,13.9,RL,0.8594366408646358,True,True,-2.004110519592178,-2.0506730915891973,17.763528055342356,False,11.474767102627768,0.0,0.7051684741380783,45.0,90.0,0.10747075426851803,tilt,False
0.004246289430524109,-0.10747075426851803,1.501981164071069e-08,0.0,1.0,13.9,RR,0.3594366408646358,False,False,-2.008469359665907,-2.0403430469571604,17.773877730395217,False,11.500615264859189,0.0,0.7070884549523667,45.0,90.0,0.10747075426851803,tilt,False
0.004246316108546031,-0.1074707236868286,1.8318992385153783e-08,0.0,1.0,13.92,FL,0.3594366408646358,False,False,-1.769891394475892,-2.565633067864951,17.247395719223228,False,10.169606529396466,0.0,0.5787574161722207,45.0,90.0,0.1074707236868286,tilt,False
0.004246316108546031,-0.1074707236868286,2.6278520966893184e-08,0.0,1.0,13.92,FR,0.8594366408646358,True,True,-1.7742407691017994,-2.555495516658537,17.25756004330924,False,10.195591242312007,0.0,0.5807265115075285,45.0,90.0,0.1074707236868286,tilt,False
0.004246316108546031,-0.1074707236868286,3.487077224998434e-08,0.0,1.0,13.92,RL,0.8594366408646358,True,True,-2.0041105136670847,-2.0506739209073497,17.763527225005483,False,11.474766976899943,0.0,0.705168449100534,45.0,90.0,0.1074707236868286,tilt,False
0.004246316108546031,-0.1074707236868286,1.4471024280447332e-08,0.0,1.0,13.92,RR,0.3594366408646358,False,False,-2.008469360134088,-2.0403433204215538,17.773877456620326,False,11.500615247563339,0.0,0.7070883866961484,45.0,90.0,0.1074707236868286,tilt,False
0.0042463419945242,-0.10747069434561485,1.773715881056749e-08,0.0,1.0,13.94,FL,0.3594366408646358,False,False,-1.7698913936807572,-2.5656328867499356,17.247395900690986,False,10.16960651014506,0.0,0.5787573783732303,45.0,90.0,0.10747069434561485,tilt,False
0.0042463419945242,-0.10747069434561485,2.5549497247394202e-08,0.0,1.0,13.94,FR,0.8594366408646358,True,True,-1.7742407704336958,-2.5554951390345457,17.257560421632412,False,10.195591214297094,0.0,0.5807265111059384,45.0,90.0,0.10747069434561485,tilt,False
0.0042463419945242,-0.10747069434561485,3.3898565316992626e-08,0.0,1.0,13.94,RL,0.8594366408646358,True,True,-2.0041105123808425,-2.050674725730332,17.763526419189922,False,11.474767010247692,0.0,0.7051684249393443,45.0,90.0,0.10747069434561485,tilt,False
0.0042463419945242,-0.10747069434561485,1.3948867079450566e-08,0.0,1.0,13.94,RR,0.3594366408646358,False,False,-2.0084693618297766,-2.040343584968084,17.7738771917725,False,11.50061525521965,0.0,0.7070883211013675,45.0,90.0,0.10747069434561485,tilt,False
0.0042463669575669325,-0.10747066613902005,1.7134883344373566e-08,0.0,1.0,13.96,FL,0.3594366408646358,False,False,-1.76989139246405,-2.5656327104857066,17.247396077298255,False,10.169606551619689,0.0,0.5787573416865803,45.0,90.0,0.10747066613902005,tilt,False
0.0042463669575669325,-0.10747066613902005,2.4763399103496408e-08,0.0,1.0,13.96,FR,0.8594366408646358,True,True,-1.774240770478379,-2.555494771963599,17.257560789383042,False,10.195591343585138,0.0,0.5807265109573568,45.0,90.0,0.10747066613902005,tilt,False
0.0042463669575669325,-0.10747066613902005,3.2866737613001706e-08,0.0,1.0,13.96,RL,0.8594366408646358,True,True,-2.00411051267433,-2.0506755046285976,17.763525639330293,False,11.47476683992471,0.0,0.7051684016502806,45.0,90.0,0.10747066613902005,tilt,False
0.0042463669575669325,-0.10747066613902005,1.3443255067791789e-08,0.0,1.0,13.96,RR,0.3594366408646358,False,False,-2.008469363918991,-2.040343840398848,17.773876936050677,False,11.50061524038439,0.0,0.7070882580553742,45.0,90.0,0.10747066613902005,tilt,False
0.0042463909736717605,-0.10747063897476872,1.6540761540143437e-08,0.0,1.0,13.98,FL,0.3594366408646358,False,False,-1.7698913912951586,-2.565632538971501,17.247396249145957,False,10.169606564666902,0.0,0.5787573062497212,45.0,90.0,0.10747063897476872,tilt,False
0.0042463909736717605,-0.10747063897476872,2.398308655716774e-08,0.0,1.0,13.98,FR,0.8594366408646358,True,True,-1.7742407701772864,-2.555494415476804,17.25756114652908,False,10.195591387572538,0.0,0.5807265109461572,45.0,90.0,0.10747063897476872,tilt,False
0.0042463909736717605,-0.10747063897476872,3.1851786571350237e-08,0.0,1.0,13.98,RL,0.8594366408646358,True,True,-2.004110513336002,-2.0506762579461517,17.76352488508347,False,11.474766774836288,0.0,0.7051683793270708,45.0,90.0,0.10747063897476872,tilt,False
0.0042463909736717605,-0.10747063897476872,1.2955378524397546e-08,0.0,1.0,13.98,RR,0.3594366408646358,False,False,-2.0084693660454254,-2.040344086960771,17.77387668920797,False,11.500615221672987,0.0,0.7070881972547743,45.0,90.0,0.10747063897476872,tilt,False
0.004246414026947712,-0.10747061272744804,1.593797916820771e-08,0.0,1.0,14.0,FL,0.3594366408646358,False,False,-1.7698913908502227,-2.565632372734557,17.247396415705623,False,10.169606528785529,0.0,0.578757272074505,45.0,90.0,0.10747061272744804,tilt,False
0.004246414026947712,-0.10747061272744804,2.316478931403896e-08,0.0,1.0,14.0,FR,0.8594366408646358,True,True,-1.774240771100284,-2.5554940707056515,17.25756149193564,False,10.195591305686879,0.0,0.5807265110358705,45.0,90.0,0.10747061272744804,tilt,False
0.004246414026947712,-0.10747061272744804,3.079298529876678e-08,0.0,1.0,14.0,RL,0.8594366408646358,True,True,-2.004110512258465,-2.050676985075113,17.763524157059855,False,11.474766891554156,0.0,0.705168357971982,45.0,90.0,0.10747061272744804,tilt,False
0.004246414026947712,-0.10747061272744804,1.2482704917910163e-08,0.0,1.0,14.0,RR,0.3594366408646358,False,False,-2.008469367637135,-2.040344324880695,17.77387645101764,False,11.500615257332235,0.0,0.7070881385473504,45.0,90.0,0.10747061272744804,tilt,False
0.0042464360614897926,-0.10747058687251473,1.5194024645425932e-08,0.0,1.0,14.02,FL,0.3594366408646358,False,False,-1.76989139382994,-2.565632216819099,17.24739657192362,False,10.169606533976877,0.0,0.5787572399070811,45.0,90.0,0.10747058687251473,tilt,False
0.0042464360614897926,-0.10747058687251473,2.195234804240398e-08,0.0,1.0,14.02,FR,0.8594366408646358,True,True,-1.774240780054264,-2.5554937472953947,17.25756181593665,False,10.19559132960051,0.0,0.580726510784793,45.0,90.0,0.10747058687251473,tilt,False
0.0042464360614897926,-0.10747058687251473,2.9232969693535653e-08,0.0,1.0,14.02,RL,0.8594366408646358,True,True,-2.0041105005979274,-2.050677677916172,17.76352346337533,False,11.474766864646778,0.0,0.7051683377150688,45.0,90.0,0.10747058687251473,tilt,False
0.0042464360614897926,-0.10747058687251473,1.2017657373153005e-08,0.0,1.0,14.02,RR,0.3594366408646358,False,False,-2.0084693661270787,-2.0403445538782794,17.773876221761967,False,11.500615251224291,0.0,0.7070880812682717,45.0,90.0,0.10747058687251473,tilt,False
0.004246457722741029,-0.10747056181180704,1.4711968948718842e-08,0.0,1.0,14.040000000000001,FL,0.3594366408646358,False,False,-1.769891395118451,-2.565632066189035,17.247396722847693,False,10.169606492567272,0.0,0.5787572087389034,45.0,90.0,0.10747056181180704,tilt,False
0.004246457722741029,-0.10747056181180704,2.1345480443730866e-08,0.0,1.0,14.040000000000001,FR,0.8594366408646358,True,True,-1.7742407850197957,-2.5554934328829506,17.2575621309293,False,10.195591253016008,0.0,0.5807265107326386,45.0,90.0,0.10747056181180704,tilt,False
0.004246457722741029,-0.10747056181180704,2.841468332062057e-08,0.0,1.0,14.040000000000001,RL,0.8594366408646358,True,True,-2.00411049448777,-2.05067835163128,17.763522788833534,False,11.474766978598506,0.0,0.705168318028703,45.0,90.0,0.10747056181180704,tilt,False
0.004246457722741029,-0.10747056181180704,1.1586051557172997e-08,0.0,1.0,14.040000000000001,RR,0.3594366408646358,False,False,-2.0084693659493253,-2.040344776601175,17.77387599878633,False,11.50061529763339,0.0,0.7070880263343354,45.0,90.0,0.10747056181180704,tilt,False
0.004246478704967653,-0.1074705378372492,1.4200801195694962e-08,0.0,1.0,14.06,FL,0.3594366408646358,False,False,-1.7698913956111193,-2.5656319205532645,17.24739686876685,False,10.169606518264649,0.0,0.5787571786536091,45.0,90.0,0.1074705378372492,tilt,False
0.004246478704967653,-0.1074705378372492,2.0650091522873407e-08,0.0,1.0,14.06,FR,0.8594366408646358,True,True,-1.774240788554062,-2.5554931284965456,17.257562435877432,False,10.195591342955886,0.0,0.5807265107740809,45.0,90.0,0.1074705378372492,tilt,False
0.004246478704967653,-0.1074705378372492,2.7479857274702422e-08,0.0,1.0,14.06,RL,0.8594366408646358,True,True,-2.0041104901777453,-2.0506790029163753,17.763522136747945,False,11.474766858074435,0.0,0.7051682990354764,45.0,90.0,0.1074705378372492,tilt,False
0.004246478704967653,-0.1074705378372492,1.115802302339407e-08,0.0,1.0,14.06,RR,0.3594366408646358,False,False,-2.008469366472691,-2.040344991661232,17.77387578348192,False,11.500615278767992,0.0,0.7070879734792447,45.0,90.0,0.1074705378372492,tilt,False
0.0042464990755572245,-0.10747051485515494,1.3751751659153892e-08,0.0,1.0,14.08,FL,0.3594366408646358,False,False,-1.7698913948013886,-2.565631778233098,17.247397011364182,False,10.169606501084012,0.0,0.5787571494350323,45.0,90.0,0.10747051485515494,tilt,False
0.0042464990755572245,-0.10747051485515494,2.0108337930688927e-08,0.0,1.0,14.08,FR,0.8594366408646358,True,True,-1.774240788797829,-2.555492830754267,17.257562734171493,False,10.195591310928554,0.0,0.5807265110118564,45.0,90.0,0.10747051485515494,tilt,False
0.0042464990755572245,-0.10747051485515494,2.6758375294766464e-08,0.0,1.0,14.08,RL,0.8594366408646358,True,True,-2.004110490146222,-2.0506796356192756,17.76352150326384,False,11.474766895727837,0.0,0.7051682806899151,45.0,90.0,0.10747051485515494,tilt,False
0.0042464990755572245,-0.10747051485515494,1.0753603113214474e-08,0.0,1.0,14.08,RR,0.3594366408646358,False,False,-2.00846936813507,-2.0403451997698454,17.77387557513606,False,11.500615285795284,0.0,0.7070879227282312,45.0,90.0,0.10747051485515494,tilt,False
0.0042465187076689845,-0.10747049276653708,1.3280439759307343e-08,0.0,1.0,14.1,FL,0.3594366408646358,False,False,-1.7698913936985554,-2.5656316395318153,17.24739715033533,False,10.169606539718052,0.0,0.5787571210145029,45.0,90.0,0.10747049276653708,tilt,False
0.0042465187076689845,-0.10747049276653708,1.9503896570908945e-08,0.0,1.0,14.1,FR,0.8594366408646358,True,True,-1.774240787963184,-2.555492540909206,17.257563024553715,False,10.195591437135514,0.0,0.5807265114668906,45.0,90.0,0.10747049276653708,tilt,False
0.0042465187076689845,-0.10747049276653708,2.596913565484726e-08,0.0,1.0,14.1,RL,0.8594366408646358,True,True,-2.0041104914403327,-2.0506802481811275,17.763520889945024,False,11.474766729907476,0.0,0.705168262992767,45.0,90.0,0.10747049276653708,tilt,False
0.0042465187076689845,-0.10747049276653708,1.0361436997078959e-08,0.0,1.0,14.1,RR,0.3594366408646358,False,False,-2.0084693701240206,-2.040345400700895,17.773875373975784,False,11.500615268921477,0.0,0.7070878739914839,45.0,90.0,0.10747049276653708,tilt,False
0.0042465375780685955,-0.10747047149497448,1.2813882798997067e-08,0.0,1.0,14.120000000000001,FL,0.3594366408646358,False,False,-1.7698913927015683,-2.565631504402043,17.24739728572778,False,10.169606552494288,0.0,0.5787570935452587,45.0,90.0,0.10747047149497448,tilt,False
0.0042465375780685955,-0.10747047149497448,1.889983734426332e-08,0.0,1.0,14.120000000000001,FR,0.8594366408646358,True,True,-1.7742407869239667,-2.5554922590902835,17.257563306894014,False,10.195591477589701,0.0,0.5807265120195205,45.0,90.0,0.10747047149497448,tilt,False
0.0042465375780685955,-0.10747047149497448,2.518832825248699e-08,0.0,1.0,14.120000000000001,RL,0.8594366408646358,True,True,-2.0041104929289477,-2.050680840778696,17.76352029661575,False,11.474766668803541,0.0,0.705168246050196,45.0,90.0,0.10747047149497448,tilt,False
0.0042465375780685955,-0.10747047149497448,9.982753208842658e-09,0.0,1.0,14.120000000000001,RR,0.3594366408646358,False,False,-2.0084693721096962,-2.040345594646973,17.773875179808613,False,11.500615249258964,0.0,0.7070878269801926,45.0,90.0,0.10747047149497448,tilt,False
0.004246555408206508,-0.10747045071668594,1.22023597375759e-08,0.0,1.0,14.14,FL,0.3594366408646358,False,False,-1.7698913947968749,-2.5656313768495123,17.247397413526897,False,10.169606524473517,0.0,0.5787570677191888,45.0,90.0,0.10747045071668594,tilt,False
0.004246555408206508,-0.10747045071668594,1.7887030442777897e-08,0.0,1.0,14.14,FR,0.8594366408646358,True,True,-1.7742407936261335,-2.5554919944897962,17.257563571976384,False,10.195591405106471,0.0,0.5807265122431078,45.0,90.0,0.10747045071668594,tilt,False
0.004246555408206508,-0.10747045071668594,2.38911195913666e-08,0.0,1.0,14.14,RL,0.8594366408646358,True,True,-2.004110484010571,-2.0506814039764447,17.763519732732718,False,11.474766778756031,0.0,0.7051682301106821,45.0,90.0,0.10747045071668594,tilt,False
0.004246555408206508,-0.10747045071668594,9.602183563080093e-09,0.0,1.0,14.14,RR,0.3594366408646358,False,False,-2.008469371240218,-2.0403457804602927,17.773874993786034,False,11.500615283106725,0.0,0.707087780982902,45.0,90.0,0.10747045071668594,tilt,False
0.004246572873493125,-0.10747043028973685,1.1744967573545902e-08,0.0,1.0,14.16,FL,0.3594366408646358,False,False,-1.7698913968949952,-2.565631255499464,17.247397535113475,False,10.169606524447895,0.0,0.5787570429892244,45.0,90.0,0.10747043028973685,tilt,False
0.004246572873493125,-0.10747043028973685,1.7228140089608068e-08,0.0,1.0,14.16,FR,0.8594366408646358,True,True,-1.7742408001327308,-2.5554917410510294,17.257563825880304,False,10.195591418583664,0.0,0.5807265124563133,45.0,90.0,0.10747043028973685,tilt,False
0.004246572873493125,-0.10747043028973685,2.3028505061113614e-08,0.0,1.0,14.16,RL,0.8594366408646358,True,True,-2.004110475659942,-2.0506819481660514,17.763519187878718,False,11.47476675952182,0.0,0.7051682147040123,45.0,90.0,0.10747043028973685,tilt,False
0.004246572873493125,-0.10747043028973685,9.253941345427844e-09,0.0,1.0,14.16,RR,0.3594366408646358,False,False,-2.008469370187234,-2.0403459609960075,17.773874813046323,False,11.500615278309441,0.0,0.7070877366175783,45.0,90.0,0.10747043028973685,tilt,False
0.004246589992320783,-0.10747041069260509,1.13734323331487e-08,0.0,1.0,14.18,FL,0.3594366408646358,False,False,-1.7698913974326034,-2.565631137797338,17.247397653045354,False,10.169606485094459,0.0,0.5787570189724183,45.0,90.0,0.10747041069260509,tilt,False
0.004246589992320783,-0.10747041069260509,1.6773439875452972e-08,0.0,1.0,14.18,FR,0.8594366408646358,True,True,-1.7742408029580228,-2.555491493823291,17.25756407356546,False,10.195591336633457,0.0,0.5807265128313093,45.0,90.0,0.10747041069260509,tilt,False
0.004246589992320783,-0.10747041069260509,2.2406447386642425e-08,0.0,1.0,14.18,RL,0.8594366408646358,True,True,-2.0041104722541556,-2.0506824773289662,17.76351865806472,False,11.474766878060342,0.0,0.7051681997118615,45.0,90.0,0.10747041069260509,tilt,False
0.004246589992320783,-0.10747041069260509,8.915726976990664e-09,0.0,1.0,14.18,RR,0.3594366408646358,False,False,-2.0084693705447396,-2.040346136185818,17.773874637657272,False,11.500615324332356,0.0,0.707087694122625,45.0,90.0,0.10747041069260509,tilt,False
0.004246606502380703,-0.1074703919949548,1.096915819201894e-08,0.0,1.0,14.200000000000001,FL,0.3594366408646358,False,False,-1.7698913974742922,-2.565631023697196,17.247397767367318,False,10.169606508961323,0.0,0.578756995760824,45.0,90.0,0.1074703919949548,tilt,False
0.004246606502380703,-0.1074703919949548,1.6225714007611707e-08,0.0,1.0,14.200000000000001,FR,0.8594366408646358,True,True,-1.7742408048391396,-2.5554912541715726,17.2575643136599,False,10.195591422230104,0.0,0.5807265132811343,45.0,90.0,0.1074703919949548,tilt,False
0.004246606502380703,-0.1074703919949548,2.167525741174448e-08,0.0,1.0,14.200000000000001,RL,0.8594366408646358,True,True,-2.0041104699643557,-2.050682988520687,17.76351814624369,False,11.474766763045354,0.0,0.7051681852582741,45.0,90.0,0.1074703919949548,tilt,False
0.004246606502380703,-0.1074703919949548,8.582720157459754e-09,0.0,1.0,14.200000000000001,RR,0.3594366408646358,False,False,-2.0084693713838324,-2.04034630504777,17.773874468603275,False,11.50061530429374,0.0,0.70708765323919,45.0,90.0,0.1074703919949548,tilt,False
0.00424662250821356,-0.10747037406590623,1.062039125763917e-08,0.0,1.0,14.22,FL,0.3594366408646358,False,False,-1.7698913965569427,-2.565630911822145,17.247397879460085,False,10.169606494218328,0.0,0.5787569731514633,45.0,90.0,0.10747037406590623,tilt,False
0.00424662250821356,-0.10747037406590623,1.5828591555093272e-08,0.0,1.0,14.22,FR,0.8594366408646358,True,True,-1.7742408038503368,-2.5554910189334414,17.257564549334575,False,10.195591386646845,0.0,0.5807265139138186,45.0,90.0,0.10747037406590623,tilt,False
0.00424662250821356,-0.10747037406590623,2.11523753661249e-08,0.0,1.0,14.22,RL,0.8594366408646358,True,True,-2.004110471406927,-2.050683485667441,17.763517648481844,False,11.474766804615584,0.0,0.7051681712904729,45.0,90.0,0.10747037406590623,tilt,False
0.00424662250821356,-0.10747037406590623,8.271223356038401e-09,0.0,1.0,14.22,RR,0.3594366408646358,False,False,-2.008469373171614,-2.0403464684632633,17.77387430500112,False,11.500615310825934,0.0,0.7070876140185238,45.0,90.0,0.10747037406590623,tilt,False
0.004246637904067186,-0.10747035681892511,1.024983803842024e-08,0.0,1.0,14.24,FL,0.3594366408646358,False,False,-1.7698913955356346,-2.565630802569094,17.24739798892572,False,10.169606530028961,0.0,0.5787569510907099,45.0,90.0,0.10747035681892511,tilt,False
0.004246637904067186,-0.10747035681892511,1.5366109310112945e-08,0.0,1.0,14.24,FR,0.8594366408646358,True,True,-1.7742408020777236,-2.5554907895074077,17.257564779186254,False,10.195591509899142,0.0,0.5807265147473463,45.0,90.0,0.10747035681892511,tilt,False
0.004246637904067186,-0.10747035681892511,2.055526532716998e-08,0.0,1.0,14.24,RL,0.8594366408646358,True,True,-2.0041104738024695,-2.0506839671983466,17.76351716635496,False,11.474766643368238,0.0,0.7051681578081522,45.0,90.0,0.10747035681892511,tilt,False
0.004246637904067186,-0.10747035681892511,7.968195783138928e-09,0.0,1.0,14.24,RR,0.3594366408646358,False,False,-2.008469375153279,-2.0403466262420324,17.77387414704211,False,11.500615292137287,0.0,0.7070875763923656,45.0,90.0,0.10747035681892511,tilt,False
0.0042466526802184875,-0.10747034019724303,9.882355673925442e-09,0.0,1.0,14.26,FL,0.3594366408646358,False,False,-1.769891394707155,-2.5656306959750546,17.24739809572702,False,10.169606494279346,0.0,0.5787569298124973,45.0,90.0,0.10747034019724303,tilt,False
0.0042466526802184875,-0.10747034019724303,1.4900345492970075e-08,0.0,1.0,14.26,FR,0.8594366408646358,True,True,-1.774240800296905,-2.5554905661320966,17.25756500297505,False,10.195591394612181,0.0,0.5807265156137047,45.0,90.0,0.10747034019724303,tilt,False
0.0042466526802184875,-0.10747034019724303,1.9959329213225334e-08,0.0,1.0,14.26,RL,0.8594366408646358,True,True,-2.0041104761416366,-2.0506844332059404,17.763516699771372,False,11.474766789666628,0.0,0.7051681449606995,45.0,90.0,0.10747034019724303,tilt,False
0.0042466526802184875,-0.10747034019724303,7.674958077549788e-09,0.0,1.0,14.26,RR,0.3594366408646358,False,False,-2.0084693770524784,-2.0403467785638436,17.773873994546502,False,11.50061531196642,0.0,0.7070875400191005,45.0,90.0,0.10747034019724303,tilt,False
0.004246666485415536,-0.10747032375337807,9.322934780014786e-09,0.0,1.0,14.280000000000001,FL,0.3594366408646358,False,False,-1.7698913977113386,-2.5656305976410505,17.247398194251055,False,10.169606518462595,0.0,0.5787569101660774,45.0,90.0,0.10747032375337807,tilt,False
0.004246666485415536,-0.10747032375337807,1.3848147347760034e-08,0.0,1.0,14.280000000000001,FR,0.8594366408646358,True,True,-1.774240809138905,-2.5554903620629807,17.257565207412508,False,10.195591476349477,0.0,0.5807265159974478,45.0,90.0,0.10747032375337807,tilt,False
0.004246666485415536,-0.10747032375337807,1.8619783592592245e-08,0.0,1.0,14.280000000000001,RL,0.8594366408646358,True,True,-2.0041104643255503,-2.0506848703269394,17.76351626212303,False,11.474766694212443,0.0,0.7051681330033298,45.0,90.0,0.10747032375337807,tilt,False
0.004246666485415536,-0.10747032375337807,7.369952342709379e-09,0.0,1.0,14.280000000000001,RR,0.3594366408646358,False,False,-2.0084693749996863,-2.040346923746012,17.773873849202005,False,11.500615304921302,0.0,0.7070875041172003,45.0,90.0,0.10747032375337807,tilt,False
0.004246680227913863,-0.10747030768994267,9.029168805649774e-09,0.0,1.0,14.3,FL,0.3594366408646358,False,False,-1.769891399383633,-2.5656305030601865,17.24739828901664,False,10.169606517341196,0.0,0.5787568911433774,45.0,90.0,0.10747030768994267,tilt,False
0.004246680227913863,-0.10747030768994267,1.350402494226387e-08,0.0,1.0,14.3,FR,0.8594366408646358,True,True,-1.7742408142064001,-2.5554901632987432,17.257565406542007,False,10.19559148476207,0.0,0.5807265164898064,45.0,90.0,0.10747030768994267,tilt,False
0.004246680227913863,-0.10747030768994267,1.815350505578319e-08,0.0,1.0,14.3,RL,0.8594366408646358,True,True,-2.004110457801387,-2.0506852969338354,17.76351583499491,False,11.47476667928254,0.0,0.7051681213095895,45.0,90.0,0.10747030768994267,tilt,False
0.004246680227913863,-0.10747030768994267,7.105303629750335e-09,0.0,1.0,14.3,RR,0.3594366408646358,False,False,-2.008469374166044,-2.040347065648259,17.773873707139316,False,11.500615300074262,0.0,0.7070874697333912,45.0,90.0,0.10747030768994267,tilt,False
0.004246693713339137,-0.10747029234371161,8.743830992819319e-09,0.0,1.0,14.32,FL,0.3594366408646358,False,False,-1.7698913996856276,-2.56563041116074,17.247398381095586,False,10.169606481182308,0.0,0.5787568726194114,45.0,90.0,0.10747029234371161,tilt,False
0.004246693713339137,-0.10747029234371161,1.3171469641127953e-08,0.0,1.0,14.32,FR,0.8594366408646358,True,True,-1.774240815865233,-2.5554899688151855,17.257565601385963,False,10.195591400037689,0.0,0.5807265171244955,45.0,90.0,0.10747029234371161,tilt,False
0.004246693713339137,-0.10747029234371161,1.7693141343264195e-08,0.0,1.0,14.32,RL,0.8594366408646358,True,True,-2.004110455792775,-2.050685712206436,17.763515419210535,False,11.47476680025383,0.0,0.7051681098979768,45.0,90.0,0.10747029234371161,tilt,False
0.004246693713339137,-0.10747029234371161,6.842299990707777e-09,0.0,1.0,14.32,RR,0.3594366408646358,False,False,-2.0084693746829503,-2.040347203343968,17.77387356928677,False,11.500615345578947,0.0,0.7070874368553703,45.0,90.0,0.10747029234371161,tilt,False
0.004246706693843074,-0.10747027773125752,8.425555034736657e-09,0.0,1.0,14.34,FL,0.3594366408646358,False,False,-1.7698913996375374,-2.5656303219581886,17.247398470471392,False,10.169606503122925,0.0,0.5787568546962787,45.0,90.0,0.10747027773125752,tilt,False
0.004246706693843074,-0.10747027773125752,1.274284469370025e-08,0.0,1.0,14.34,FR,0.8594366408646358,True,True,-1.77424081685007,-2.5554897801182768,17.257565790431585,False,10.195591482785131,0.0,0.5807265178172483,45.0,90.0,0.10747027773125752,tilt,False
0.004246706693843074,-0.10747027773125752,1.712253640415104e-08,0.0,1.0,14.34,RL,0.8594366408646358,True,True,-2.004110454548503,-2.0506861132591063,17.763515017663558,False,11.474766689127826,0.0,0.705168098897678,45.0,90.0,0.10747027773125752,tilt,False
0.004246706693843074,-0.10747027773125752,6.582773886497267e-09,0.0,1.0,14.34,RR,0.3594366408646358,False,False,-2.008469375568235,-2.040347335946196,17.773873436533528,False,11.500615324571394,0.0,0.7070874052331758,45.0,90.0,0.10747027773125752,tilt,False
0.004246719287338293,-0.10747026372316745,8.156488414907196e-09,0.0,1.0,14.36,FL,0.3594366408646358,False,False,-1.7698913988085756,-2.565630234250868,17.247398558349417,False,10.169606490460449,0.0,0.5787568371803601,45.0,90.0,0.10747026372316745,tilt,False
0.004246719287338293,-0.10747026372316745,1.2461674042015188e-08,0.0,1.0,14.36,FR,0.8594366408646358,True,True,-1.774240815174126,-2.555489594147125,17.257565976748413,False,10.195591444789407,0.0,0.5807265186784626,45.0,90.0,0.10747026372316745,tilt,False
0.004246719287338293,-0.10747026372316745,1.6754149013259232e-08,0.0,1.0,14.36,RL,0.8594366408646358,True,True,-2.0041104567607055,-2.050686503943886,17.763514626494487,False,11.474766733024646,0.0,0.7051680882525354,45.0,90.0,0.10747026372316745,tilt,False
0.004246719287338293,-0.10747026372316745,6.342875079514668e-09,0.0,1.0,14.36,RR,0.3594366408646358,False,False,-2.00846937733018,-2.040347464363351,17.773873307969478,False,11.500615330812694,0.0,0.7070873749378125,45.0,90.0,0.10747026372316745,tilt,False
0.00424673139079446,-0.10747025024568803,7.865773364941102e-09,0.0,1.0,14.38,FL,0.3594366408646358,False,False,-1.769891397947393,-2.5656301484376156,17.247398644329675,False,10.169606522925514,0.0,0.5787568200276556,45.0,90.0,0.10747025024568803,tilt,False
0.00424673139079446,-0.10747025024568803,1.2111901441878916e-08,0.0,1.0,14.38,FR,0.8594366408646358,True,True,-1.774240812854745,-2.555489412369806,17.257566158863444,False,10.19559156593871,0.0,0.5807265197249447,45.0,90.0,0.10747025024568803,tilt,False
0.00424673139079446,-0.10747025024568803,1.6306618925985797e-08,0.0,1.0,14.38,RL,0.8594366408646358,True,True,-2.004110459750335,-2.050686882611237,17.76351424735764,False,11.474766575378325,0.0,0.7051680779640748,45.0,90.0,0.10747025024568803,tilt,False
0.00424673139079446,-0.10747025024568803,6.108502875851509e-09,0.0,1.0,14.38,RR,0.3594366408646358,False,False,-2.0084693792398536,-2.040347588372144,17.773873183818807,False,11.500615310698134,0.0,0.7070873459157206,45.0,90.0,0.10747025024568803,tilt,False
0.004246742808176518,-0.10747023722398687,7.519123291459505e-09,0.0,1.0,14.4,FL,0.3594366408646358,False,False,-1.7698913983212778,-2.5656300658406064,17.247398727086555,False,10.169606494862036,0.0,0.5787568038060488,45.0,90.0,0.10747023722398687,tilt,False
0.004246742808176518,-0.10747023722398687,1.1574616219961851e-08,0.0,1.0,14.4,FR,0.8594366408646358,True,True,-1.7742408139814794,-2.5554892388431756,17.257566332707796,False,10.19559145618283,0.0,0.5807265205805815,45.0,90.0,0.10747023722398687,tilt,False
0.004246742808176518,-0.10747023722398687,1.5625783102572683e-08,0.0,1.0,14.4,RL,0.8594366408646358,True,True,-2.004110458074072,-2.0506872447369555,17.763513884788125,False,11.474766716604307,0.0,0.705168068353455,45.0,90.0,0.10747023722398687,tilt,False
0.004246742808176518,-0.10747023722398687,5.8713710483973335e-09,0.0,1.0,14.4,RR,0.3594366408646358,False,False,-2.008469379882104,-2.040347707213799,17.773873064842547,False,11.500615329374961,0.0,0.7070873175137592,45.0,90.0,0.10747023722398687,tilt,False
0.004246753691186056,-0.10747022417751,7.119488472411048e-09,0.0,1.0,14.42,FL,0.3594366408646358,False,False,-1.7698914008997777,-2.565629989681656,17.24739880339355,False,10.169606513627127,0.0,0.5787567887420297,45.0,90.0,0.10747022417751,tilt,False
0.004246753691186056,-0.10747022417751,1.0822114630455708e-08,0.0,1.0,14.42,FR,0.8594366408646358,True,True,-1.774240821503105,-2.5554890795115233,17.257566492327577,False,10.195591531561409,0.0,0.5807265211219058,45.0,90.0,0.10747022417751,tilt,False
0.004246753691186056,-0.10747022417751,1.4670899558058527e-08,0.0,1.0,14.42,RL,0.8594366408646358,True,True,-2.0041104480430296,-2.050687586844652,17.76351354226777,False,11.474766626772569,0.0,0.7051680592950574,45.0,90.0,0.10747022417751,tilt,False
0.004246753691186056,-0.10747022417751,5.641135796783705e-09,0.0,1.0,14.42,RR,0.3594366408646358,False,False,-2.0084693779367746,-2.040347821402829,17.77387295052585,False,11.500615322842938,0.0,0.7070872896437043,45.0,90.0,0.10747022417751,tilt,False
0.004246764545748753,-0.10747021156607045,6.896979402508304e-09,0.0,1.0,14.44,FL,0.3594366408646358,False,False,-1.7698914021718193,-2.565629916311176,17.247398876907482,False,10.169606511875232,0.0,0.5787567741316418,45.0,90.0,0.10747021156607045,tilt,False
0.004246764545748753,-0.10747021156607045,1.0577097050277059e-08,0.0,1.0,14.44,FR,0.8594366408646358,True,True,-1.7742408253577888,-2.555488923742414,17.257566648383342,False,10.195591536121663,0.0,0.5807265217469563,45.0,90.0,0.10747021156607045,tilt,False
0.004246764545748753,-0.10747021156607045,1.4326851589638452e-08,0.0,1.0,14.44,RL,0.8594366408646358,True,True,-2.0041104430422383,-2.0506879211019955,17.763513207601466,False,11.474766615232092,0.0,0.7051680504051381,45.0,90.0,0.10747021156607045,tilt,False
0.004246764545748753,-0.10747021156607045,5.433662318832165e-09,0.0,1.0,14.44,RR,0.3594366408646358,False,False,-2.0084693773616893,-2.0403479329361254,17.773872838866264,False,11.500615318043094,0.0,0.7070872630000377,45.0,90.0,0.10747021156607045,tilt,False
0.004246775200089791,-0.10747019956820587,6.677451164748813e-09,0.0,1.0,14.46,FL,0.3594366408646358,False,False,-1.76989140227957,-2.5656298448331754,17.24739894852506,False,10.169606479086434,0.0,0.5787567598518298,45.0,90.0,0.10747019956820587,tilt,False
0.004246775200089791,-0.10747019956820587,1.033968546294734e-08,0.0,1.0,14.46,FR,0.8594366408646358,True,True,-1.7742408260632316,-2.5554887707110763,17.257566801698843,False,10.195591449436394,0.0,0.5807265225060123,45.0,90.0,0.10747019956820587,tilt,False
0.004246775200089791,-0.10747019956820587,1.3994072991100183e-08,0.0,1.0,14.46,RL,0.8594366408646358,True,True,-2.004110442168541,-2.0506882468796577,17.763512881421406,False,11.474766737737172,0.0,0.7051680416988919,45.0,90.0,0.10747019956820587,tilt,False
0.004246775200089791,-0.10747019956820587,5.229740721507106e-09,0.0,1.0,14.46,RR,0.3594366408646358,False,False,-2.00846937804695,-2.0403480411341732,17.773872730544756,False,11.5006153630875,0.0,0.707087237577539,45.0,90.0,0.10747019956820587,tilt,False
0.0042467854196697385,-0.10747018816824062,6.426067171266506e-09,0.0,1.0,14.48,FL,0.3594366408646358,False,False,-1.7698914021683048,-2.5656297753063573,17.24739901818686,False,10.16960649902693,0.0,0.5787567460129273,45.0,90.0,0.10747018816824062,tilt,False
0.0042467854196697385,-0.10747018816824062,1.0004248326471414e-08,0.0,1.0,14.48,FR,0.8594366408646358,True,True,-1.7742408263246647,-2.5554886220413886,17.257566950643508,False,10.195591529801684,0.0,0.5807265233154305,45.0,90.0,0.10747018816824062,tilt,False
0.0042467854196697385,-0.10747018816824062,1.3550220004040348e-08,0.0,1.0,14.48,RL,0.8594366408646358,True,True,-2.0041104417684723,-2.0506885613578754,17.763512566555043,False,11.474766630113667,0.0,0.7051680333095371,45.0,90.0,0.10747018816824062,tilt,False
0.0042467854196697385,-0.10747018816824062,5.0277495884252336e-09,0.0,1.0,14.48,RR,0.3594366408646358,False,False,-2.0084693789926313,-2.0403481451941943,17.773872626366128,False,11.500615341372955,0.0,0.707087213133694,45.0,90.0,0.10747018816824062,tilt,False
0.00424679533623962,-0.10747017724191842,6.217969376923207e-09,0.0,1.0,14.5,FL,0.3594366408646358,False,False,-1.7698914014407583,-2.5656297067016833,17.24739908692508,False,10.169606488428553,0.0,0.578756732428886,45.0,90.0,0.10747017724191842,tilt,False
0.00424679533623962,-0.10747017724191842,9.813691177971808e-09,0.0,1.0,14.5,FR,0.8594366408646358,True,True,-1.7742408240989938,-2.5554884747645903,17.257567098194645,False,10.195591489848445,0.0,0.5807265242871626,45.0,90.0,0.10747017724191842,tilt,False
0.00424679533623962,-0.10747017724191842,1.3302847624746737e-08,0.0,1.0,14.5,RL,0.8594366408646358,True,True,-2.0041104445939832,-2.0506888683283866,17.763512259203146,False,11.474766675750674,0.0,0.7051680251764167,45.0,90.0,0.10747017724191842,tilt,False
0.00424679533623962,-0.10747017724191842,4.844134459604705e-09,0.0,1.0,14.5,RR,0.3594366408646358,False,False,-2.0084693807452396,-2.040348246049331,17.773872525395422,False,11.500615347436867,0.0,0.7070871897563794,45.0,90.0,0.10747017724191842,tilt,False
0.004246804851288784,-0.1074701667267317,5.989109891424336e-09,0.0,1.0,14.52,FL,0.3594366408646358,False,False,-1.7698914007426465,-2.56562963941593,17.247399154341835,False,10.169606517416664,0.0,0.5787567190635311,45.0,90.0,0.1074701667267317,tilt,False
0.004246804851288784,-0.1074701667267317,9.552335652110266e-09,0.0,1.0,14.52,FR,0.8594366408646358,True,True,-1.7742408213402838,-2.5554883304064293,17.257567242821484,False,10.195591609186438,0.0,0.5807265254364828,45.0,90.0,0.1074701667267317,tilt,False
0.004246804851288784,-0.1074701667267317,1.2972666048801359e-08,0.0,1.0,14.52,RL,0.8594366408646358,True,True,-2.0041104480530287,-2.0506891660943722,17.763511961067163,False,11.474766521510427,0.0,0.7051680173017061,45.0,90.0,0.1074701667267317,tilt,False
0.004246804851288784,-0.1074701667267317,4.663601229926595e-09,0.0,1.0,14.52,RR,0.3594366408646358,False,False,-2.0084693826008353,-2.0403483434575755,17.773872427875514,False,11.500615326125956,0.0,0.707087167403988,45.0,90.0,0.1074701667267317,tilt,False
0.004246813629722111,-0.10747015646483501,5.6595470153191734e-09,0.0,1.0,14.540000000000001,FL,0.3594366408646358,False,False,-1.7698914020572305,-2.56562957599012,17.24739921789013,False,10.169606495393353,0.0,0.5787567068193261,45.0,90.0,0.10747015646483501,tilt,False
0.004246813629722111,-0.10747015646483501,8.926349917416662e-09,0.0,1.0,14.540000000000001,FR,0.8594366408646358,True,True,-1.7742408251716948,-2.5554881968625662,17.257567376606488,False,10.195591503668572,0.0,0.5807265261737761,45.0,90.0,0.10747015646483501,tilt,False
0.004246813629722111,-0.10747015646483501,1.218784250286848e-08,0.0,1.0,14.540000000000001,RL,0.8594366408646358,True,True,-2.00411044272469,-2.050689445999232,17.7635116808233,False,11.47476665803931,0.0,0.7051680101668215,45.0,90.0,0.10747015646483501,tilt,False
0.004246813629722111,-0.10747015646483501,4.468747985911947e-09,0.0,1.0,14.540000000000001,RR,0.3594366408646358,False,False,-2.0084693820268535,-2.040348435933918,17.773872335295565,False,11.500615344249747,0.0,0.7070871451158851,45.0,90.0,0.10747015646483501,tilt,False
0.004246822213952875,-0.10747014614679246,5.390334599803756e-09,0.0,1.0,14.56,FL,0.3594366408646358,False,False,-1.7698914041958878,-2.5656295172742825,17.247399276720724,False,10.16960650980669,0.0,0.5787566952913791,45.0,90.0,0.10747014614679246,tilt,False
0.004246822213952875,-0.10747014614679246,8.44428063046057e-09,0.0,1.0,14.56,FR,0.8594366408646358,True,True,-1.7742408314337863,-2.5554880725945086,17.257567501099665,False,10.195591574039923,0.0,0.5807265267734534,45.0,90.0,0.10747014614679246,tilt,False
0.004246822213952875,-0.10747014614679246,1.1572070116878822e-08,0.0,1.0,14.56,RL,0.8594366408646358,True,True,-2.0041104343766145,-2.0506897133945636,17.76351141310533,False,11.474766572973474,0.0,0.7051680032907943,45.0,90.0,0.10747014614679246,tilt,False
0.004246822213952875,-0.10747014614679246,4.296218318027446e-09,0.0,1.0,14.56,RR,0.3594366408646358,False,False,-2.0084693803135676,-2.040348525639973,17.773872245489184,False,11.500615337895422,0.0,0.707087123483719,45.0,90.0,0.10747014614679246,tilt,False
0.004246830787723372,-0.10747013627260713,5.221548993714596e-09,0.0,1.0,14.58,FL,0.3594366408646358,False,False,-1.7698914051337555,-2.5656294605828007,17.247399333523134,False,10.169606507898433,0.0,0.5787566840815799,45.0,90.0,0.10747013627260713,tilt,False
0.004246830787723372,-0.10747013627260713,8.276059855014049e-09,0.0,1.0,14.58,FR,0.8594366408646358,True,True,-1.7742408342100515,-2.555487950524935,17.257567623394262,False,10.195591575542746,0.0,0.5807265274453336,45.0,90.0,0.10747013627260713,tilt,False
0.004246830787723372,-0.10747013627260713,1.1325526581308623e-08,0.0,1.0,14.58,RL,0.8594366408646358,True,True,-2.004110430720886,-2.050689975021062,17.763511151158145,False,11.47476656424001,0.0,0.7051679965147922,45.0,90.0,0.10747013627260713,tilt,False
0.004246830787723372,-0.10747013627260713,4.1341872193339945e-09,0.0,1.0,14.58,RR,0.3594366408646358,False,False,-2.008469379999392,-2.040348613199367,17.773872157830493,False,11.50061533309739,0.0,0.7070871028474492,45.0,90.0,0.10747013627260713,tilt,False
0.004246839202393472,-0.10747012691530841,5.052198424171062e-09,0.0,1.0,14.6,FL,0.3594366408646358,False,False,-1.7698914051148678,-2.565629405172392,17.247399389041732,False,10.169606478652964,0.0,0.5787566730701252,45.0,90.0,0.10747012691530841,tilt,False
0.004246839202393472,-0.10747012691530841,8.112999877587999e-09,0.0,1.0,14.6,FR,0.8594366408646358,True,True,-1.774240834094984,-2.555487829989947,17.257567744153633,False,10.195591487433125,0.0,0.5807265282505262,45.0,90.0,0.10747012691530841,tilt,False
0.004246839202393472,-0.10747012691530841,1.109342771578499e-08,0.0,1.0,14.6,RL,0.8594366408646358,True,True,-2.0041104308192343,-2.0506902304085437,17.763510895454306,False,11.474766687634668,0.0,0.7051679898493232,45.0,90.0,0.10747012691530841,tilt,False
0.004246839202393472,-0.10747012691530841,3.976913259923772e-09,0.0,1.0,14.6,RR,0.3594366408646358,False,False,-2.0084693808367184,-2.0403486981257593,17.773872072806956,False,11.5006153776348,0.0,0.7070870832101857,45.0,90.0,0.10747012691530841,tilt,False
0.004246847237270494,-0.10747011804224879,4.852867870240176e-09,0.0,1.0,14.620000000000001,FL,0.3594366408646358,False,False,-1.7698914049883545,-2.565629351131551,17.247399443187415,False,10.169606496566514,0.0,0.5787566623749413,45.0,90.0,0.10747011804224879,tilt,False
0.004246847237270494,-0.10747011804224879,7.850808303028788e-09,0.0,1.0,14.620000000000001,FR,0.8594366408646358,True,True,-1.7742408337453088,-2.555487712707003,17.257567861653747,False,10.195591565778614,0.0,0.580726529103878,45.0,90.0,0.10747011804224879,tilt,False
0.004246847237270494,-0.10747011804224879,1.0749658558218332e-08,0.0,1.0,14.620000000000001,RL,0.8594366408646358,True,True,-2.0041104311324665,-2.0506904768033443,17.76351064875487,False,11.474766583173398,0.0,0.7051679834307327,45.0,90.0,0.10747011804224879,tilt,False
0.004246847237270494,-0.10747011804224879,3.819966163850638e-09,0.0,1.0,14.620000000000001,RR,0.3594366408646358,False,False,-2.0084693818334354,-2.040348779681848,17.773871991157826,False,11.500615355357041,0.0,0.7070870643354612,45.0,90.0,0.10747011804224879,tilt,False
0.004246855037969537,-0.107470109537118,4.691415535990949e-09,0.0,1.0,14.64,FL,0.3594366408646358,False,False,-1.7698914043901142,-2.565629297591486,17.24739949683172,False,10.169606488012763,0.0,0.5787566518167097,45.0,90.0,0.107470109537118,tilt,False
0.004246855037969537,-0.107470109537118,7.731516022911039e-09,0.0,1.0,14.64,FR,0.8594366408646358,True,True,-1.7742408310615354,-2.555487595782651,17.257567978796427,False,10.195591524241673,0.0,0.5807265301177812,45.0,90.0,0.107470109537118,tilt,False
0.004246855037969537,-0.107470109537118,1.059694542324088e-08,0.0,1.0,14.64,RL,0.8594366408646358,True,True,-2.004110434460183,-2.050690717940479,17.763510407317234,False,11.474766630047656,0.0,0.7051679771932255,45.0,90.0,0.107470109537118,tilt,False
0.004246855037969537,-0.107470109537118,3.6807799848730563e-09,0.0,1.0,14.64,RR,0.3594366408646358,False,False,-2.008469383574421,-2.04034885881884,17.773871911929923,False,11.500615361292496,0.0,0.7070870463255695,45.0,90.0,0.107470109537118,tilt,False
0.0042468625105243525,-0.10747010134792218,4.510619906974735e-09,0.0,1.0,14.66,FL,0.3594366408646358,False,False,-1.7698914038659295,-2.565629244935544,17.24739954959021,False,10.169606513407913,0.0,0.5787566413659392,45.0,90.0,0.10747010134792218,tilt,False
0.0042468625105243525,-0.10747010134792218,7.539846663970362e-09,0.0,1.0,14.66,FR,0.8594366408646358,True,True,-1.7742408279404278,-2.5554874807855175,17.257568094008,False,10.195591642074337,0.0,0.5807265313055001,45.0,90.0,0.10747010134792218,tilt,False
0.0042468625105243525,-0.10747010134792218,1.035874445131112e-08,0.0,1.0,14.66,RL,0.8594366408646358,True,True,-2.0041104382929507,-2.050690952090522,17.76351017287543,False,11.474766478964533,0.0,0.7051679711390599,45.0,90.0,0.10747010134792218,tilt,False
0.0042468625105243525,-0.10747010134792218,3.5425063518957657e-09,0.0,1.0,14.66,RR,0.3594366408646358,False,False,-2.0084693853806534,-2.0403489352771067,17.773871835383794,False,11.500615338981943,0.0,0.7070870291483702,45.0,90.0,0.10747010134792218,tilt,False
0.004246869218155481,-0.10747009320627193,4.198715434588503e-09,0.0,1.0,14.68,FL,0.3594366408646358,False,False,-1.769891405855286,-2.565629196817819,17.24739959780096,False,10.169606496165311,0.0,0.5787566322603649,45.0,90.0,0.10747009320627193,tilt,False
0.004246869218155481,-0.10747009320627193,6.8133366091797875e-09,0.0,1.0,14.68,FR,0.8594366408646358,True,True,-1.7742408342375713,-2.5554873794262427,17.257568195546963,False,10.195591539866403,0.0,0.5807265318564485,45.0,90.0,0.10747009320627193,tilt,False
0.004246869218155481,-0.10747009320627193,9.456119013315717e-09,0.0,1.0,14.68,RL,0.8594366408646358,True,True,-2.004110429703481,-2.0506911668677423,17.763509957842317,False,11.47476661107679,0.0,0.7051679658997423,45.0,90.0,0.10747009320627193,tilt,False
0.004246869218155481,-0.10747009320627193,3.3777387502649e-09,0.0,1.0,14.68,RR,0.3594366408646358,False,False,-2.0084693836792433,-2.040349006987744,17.773871763593952,False,11.500615356968684,0.0,0.7070870115427269,45.0,90.0,0.10747009320627193,tilt,False
0.004246875996206874,-0.10747008507464156,4.033069320512949e-09,0.0,1.0,14.700000000000001,FL,0.3594366408646358,False,False,-1.7698914075779602,-2.5656291518118617,17.2473996428953,False,10.16960650701535,0.0,0.5787566234554307,45.0,90.0,0.10747008507464156,tilt,False
0.004246875996206874,-0.10747008507464156,6.576993479401727e-09,0.0,1.0,14.700000000000001,FR,0.8594366408646358,True,True,-1.7742408393307887,-2.555487282614708,17.257568292534202,False,10.195591606364394,0.0,0.5807265324560423,45.0,90.0,0.10747008507464156,tilt,False
0.004246875996206874,-0.10747008507464156,9.142883791243372e-09,0.0,1.0,14.700000000000001,RL,0.8594366408646358,True,True,-2.0041104228916415,-2.0506913755453313,17.763509748912764,False,11.474766530048488,0.0,0.7051679606626965,45.0,90.0,0.10747008507464156,tilt,False
0.004246875996206874,-0.10747008507464156,3.2505542168556812e-09,0.0,1.0,14.700000000000001,RR,0.3594366408646358,False,False,-2.008469382257891,-2.0403490773646045,17.77387169313836,False,11.500615350598434,0.0,0.7070869947600052,45.0,90.0,0.10747008507464156,tilt,False
0.004246882773771805,-0.10747007736715923,3.904695062335505e-09,0.0,1.0,14.72,FL,0.3594366408646358,False,False,-1.7698914082474142,-2.565629108231632,17.24739968656085,False,10.16960650524977,0.0,0.5787566148617074,45.0,90.0,0.10747007736715923,tilt,False
0.004246882773771805,-0.10747007736715923,6.468386846508562e-09,0.0,1.0,14.72,FR,0.8594366408646358,True,True,-1.7742408411640966,-2.5554871869374676,17.257568388388215,False,10.195591605475427,0.0,0.5807265331243217,45.0,90.0,0.10747007736715923,tilt,False
0.004246882773771805,-0.10747007736715923,8.973977935777806e-09,0.0,1.0,14.72,RL,0.8594366408646358,True,True,-2.004110420399673,-2.0506915800844876,17.763509544122257,False,11.474766523598696,0.0,0.7051679554773305,45.0,90.0,0.10747007736715923,tilt,False
0.004246882773771805,-0.10747007736715923,3.1246879176290705e-09,0.0,1.0,14.72,RR,0.3594366408646358,False,False,-2.0084693821911386,-2.0403491460124004,17.77387162441256,False,11.500615345809928,0.0,0.7070869787903717,45.0,90.0,0.10747007736715923,tilt,False
0.004246889423596169,-0.10747007008919511,3.773494854718075e-09,0.0,1.0,14.74,FL,0.3594366408646358,False,False,-1.7698914081567263,-2.5656290654654628,17.24739972941051,False,10.169606479616679,0.0,0.578756606363198,45.0,90.0,0.10747007008919511,tilt,False
0.004246889423596169,-0.10747007008919511,6.363584098605893e-09,0.0,1.0,14.74,FR,0.8594366408646358,True,True,-1.7742408403544456,-2.555487091857999,17.257568483645297,False,10.195591516380478,0.0,0.5807265339292197,45.0,90.0,0.10747007008919511,tilt,False
0.004246889423596169,-0.10747007008919511,8.82114305808817e-09,0.0,1.0,14.74,RL,0.8594366408646358,True,True,-2.004110421312221,-2.0506917801429783,17.763509343815066,False,11.474766647326138,0.0,0.7051679503485078,45.0,90.0,0.10747007008919511,tilt,False
0.004246889423596169,-0.10747007008919511,3.004412051282263e-09,0.0,1.0,14.74,RR,0.3594366408646358,False,False,-2.008469383162674,-2.0403492125937728,17.773871557754845,False,11.500615389831772,0.0,0.7070869636458653,45.0,90.0,0.10747007008919511,tilt,False
0.004246895737409131,-0.10747006320134585,3.6148630497357177e-09,0.0,1.0,14.76,FL,0.3594366408646358,False,False,-1.7698914080453674,-2.5656290236142145,17.247399771342923,False,10.16960649544445,0.0,0.5787565980845979,45.0,90.0,0.10747006320134585,tilt,False
0.004246895737409131,-0.10747006320134585,6.159128713105878e-09,0.0,1.0,14.76,FR,0.8594366408646358,True,True,-1.7742408394942621,-2.5554869991657942,17.257568576509378,False,10.195591593040943,0.0,0.5807265347826462,45.0,90.0,0.10747006320134585,tilt,False
0.004246895737409131,-0.10747006320134585,8.556212410279169e-09,0.0,1.0,14.76,RL,0.8594366408646358,True,True,-2.004110422211134,-2.0506919730290987,17.763509150689966,False,11.474766545718582,0.0,0.705167945415124,45.0,90.0,0.10747006320134585,tilt,False
0.004246895737409131,-0.10747006320134585,2.882734876841957e-09,0.0,1.0,14.76,RR,0.3594366408646358,False,False,-2.0084693842009824,-2.040349276420772,17.773871493854948,False,11.500615367140544,0.0,0.7070869490947599,45.0,90.0,0.10747006320134585,tilt,False
0.004246901873518938,-0.10747005659662988,3.4889634164025546e-09,0.0,1.0,14.780000000000001,FL,0.3594366408646358,False,False,-1.7698914075869598,-2.5656289819601383,17.2473998130781,False,10.169606488870452,0.0,0.5787565898521669,45.0,90.0,0.10747005659662988,tilt,False
0.004246901873518938,-0.10747005659662988,6.096045159310176e-09,0.0,1.0,14.780000000000001,FR,0.8594366408646358,True,True,-1.7742408364326971,-2.5554869060295387,17.257568669820067,False,10.195591550229338,0.0,0.5807265357971125,45.0,90.0,0.10747005659662988,tilt,False
0.004246901873518938,-0.10747005659662988,8.477236739290384e-09,0.0,1.0,14.780000000000001,RL,0.8594366408646358,True,True,-2.0041104259348463,-2.0506921624237306,17.76350896105843,False,11.474766593387825,0.0,0.7051679406058152,45.0,90.0,0.10747005659662988,tilt,False
0.004246901873518938,-0.10747005659662988,2.778938769266941e-09,0.0,1.0,14.780000000000001,RR,0.3594366408646358,False,False,-2.008469385927563,-2.040349338456288,17.77387143174794,False,11.500615373001066,0.0,0.7070869352518315,45.0,90.0,0.10747005659662988,tilt,False
0.0042469075865131205,-0.10747005024966799,3.3175077545577186e-09,0.0,1.0,14.8,FL,0.3594366408646358,False,False,-1.7698914077033563,-2.5656289413911146,17.24739985372572,False,10.169606484799978,0.0,0.5787565819560967,45.0,90.0,0.10747005024966799,tilt,False
0.0042469075865131205,-0.10747005024966799,5.836708895609247e-09,0.0,1.0,14.8,FR,0.8594366408646358,True,True,-1.7742408353471177,-2.555486816529874,17.25756875948417,False,10.195591506279863,0.0,0.580726536771576,45.0,90.0,0.10747005024966799,tilt,False
0.0042469075865131205,-0.10747005024966799,8.15821698212289e-09,0.0,1.0,14.8,RL,0.8594366408646358,True,True,-2.004110426994367,-2.050692343475623,17.763508779783308,False,11.474766646343548,0.0,0.7051679361212733,45.0,90.0,0.10747005024966799,tilt,False
0.0042469075865131205,-0.10747005024966799,2.6632472587932478e-09,0.0,1.0,14.8,RR,0.3594366408646358,False,False,-2.0084693869079766,-2.040349397703964,17.77387137243285,False,11.500615379352,0.0,0.7070869217522717,45.0,90.0,0.10747005024966799,tilt,False
0.00424691283308551,-0.10747004372532262,3.082619412866456e-09,0.0,1.0,14.82,FL,0.3594366408646358,False,False,-1.7698914096377707,-2.5656289049632885,17.24739989022482,False,10.169606497198565,0.0,0.5787565750271048,45.0,90.0,0.10747004372532262,tilt,False
0.00424691283308551,-0.10747004372532262,5.24653445946325e-09,0.0,1.0,14.82,FR,0.8594366408646358,True,True,-1.7742408415339779,-2.5554867387073097,17.257568837444342,False,10.1955915672456,0.0,0.580726537303533,45.0,90.0,0.10747004372532262,tilt,False
0.00424691283308551,-0.10747004372532262,7.4337464537477105e-09,0.0,1.0,14.82,RL,0.8594366408646358,True,True,-2.0041104185962064,-2.050692509729241,17.763508613332686,False,11.474766573185613,0.0,0.7051679321384654,45.0,90.0,0.10747004372532262,tilt,False
0.00424691283308551,-0.10747004372532262,2.5371762149958177e-09,0.0,1.0,14.82,RR,0.3594366408646358,False,False,-2.008469384981292,-2.0403494537738696,17.773871316301328,False,11.50061536800443,0.0,0.7070869080639961,45.0,90.0,0.10747004372532262,tilt,False
0.004246918194518756,-0.1074700373426597,2.968009732696391e-09,0.0,1.0,14.84,FL,0.3594366408646358,False,False,-1.7698914109867645,-2.565628870720451,17.247399924535145,False,10.169606505088302,0.0,0.5787565683163005,45.0,90.0,0.1074700373426597,tilt,False
0.004246918194518756,-0.1074700373426597,5.112255648212246e-09,0.0,1.0,14.84,FR,0.8594366408646358,True,True,-1.774240845567522,-2.555486663368356,17.25756891292029,False,10.195591630767987,0.0,0.5807265378693092,45.0,90.0,0.1074700373426597,tilt,False
0.004246918194518756,-0.1074700373426597,7.241111765265674e-09,0.0,1.0,14.84,RL,0.8594366408646358,True,True,-2.0041104131613,-2.050692672292097,17.763508450573244,False,11.474766495631865,0.0,0.7051679281303964,45.0,90.0,0.1074700373426597,tilt,False
0.004246918194518756,-0.1074700373426597,2.4380883543616883e-09,0.0,1.0,14.84,RR,0.3594366408646358,False,False,-2.008469383871968,-2.0403495088928554,17.773871261120593,False,11.500615361501007,0.0,0.7070868950535962,45.0,90.0,0.1074700373426597,tilt,False
0.004246923558541663,-0.1074700313481476,2.869774435704463e-09,0.0,1.0,14.86,FL,0.3594366408646358,False,False,-1.7698914114517987,-2.5656288374374876,17.247399957883303,False,10.169606503676388,0.0,0.5787565617321402,45.0,90.0,0.1074700313481476,tilt,False
0.004246923558541663,-0.1074700313481476,5.049949202424375e-09,0.0,1.0,14.86,FR,0.8594366408646358,True,True,-1.7742408465856556,-2.5554865883343214,17.2575689880934,False,10.195591627988843,0.0,0.5807265385056841,45.0,90.0,0.1074700313481476,tilt,False
0.004246923558541663,-0.1074700313481476,7.133858322445348e-09,0.0,1.0,14.86,RL,0.8594366408646358,True,True,-2.004110411668987,-2.0506928319902924,17.763508290678185,False,11.474766491060928,0.0,0.7051679241404623,45.0,90.0,0.1074700313481476,tilt,False
0.004246923558541663,-0.1074700313481476,2.3413131043009436e-09,0.0,1.0,14.86,RR,0.3594366408646358,False,False,-2.008469384030556,-2.0403495626254604,17.773871207326824,False,11.500615356730814,0.0,0.7070868827110749,45.0,90.0,0.1074700313481476,tilt,False
0.004246928817841975,-0.10747002570601409,2.767358280044343e-09,0.0,1.0,14.88,FL,0.3594366408646358,False,False,-1.7698914113368873,-2.5656288046150832,17.24739999076971,False,10.169606481670849,0.0,0.5787565551625299,45.0,90.0,0.10747002570601409,tilt,False
0.004246928817841975,-0.10747002570601409,4.990820873260731e-09,0.0,1.0,14.88,FR,0.8594366408646358,True,True,-1.7742408451890228,-2.555486513169409,17.25756906339929,False,10.195591538202068,0.0,0.5807265392845515,45.0,90.0,0.10747002570601409,tilt,False
0.004246928817841975,-0.10747002570601409,7.043301767254573e-09,0.0,1.0,14.88,RL,0.8594366408646358,True,True,-2.004110413261616,-2.0506929885867606,17.763508133886123,False,11.474766614689596,0.0,0.705167920167319,45.0,90.0,0.10747002570601409,tilt,False
0.004246928817841975,-0.10747002570601409,2.2507296391815468e-09,0.0,1.0,14.88,RR,0.3594366408646358,False,False,-2.0084693851146196,-2.0403496147474547,17.773871155144846,False,11.500615400203971,0.0,0.7070868710574798,45.0,90.0,0.10747002570601409,tilt,False
0.004246933775483922,-0.10747002037654443,2.640488166922439e-09,0.0,1.0,14.9,FL,0.3594366408646358,False,False,-1.7698914112682305,-2.5656287723547604,17.247400023092553,False,10.169606495378934,0.0,0.578756548738272,45.0,90.0,0.10747002037654443,tilt,False
0.004246933775483922,-0.10747002037654443,4.8318489630828496e-09,0.0,1.0,14.9,FR,0.8594366408646358,True,True,-1.7742408439044357,-2.5554864397215638,17.25756913698356,False,10.19559161345537,0.0,0.5807265401140285,45.0,90.0,0.10747002037654443,tilt,False
0.004246933775483922,-0.10747002037654443,6.840542973272002e-09,0.0,1.0,14.9,RL,0.8594366408646358,True,True,-2.004110414643323,-2.050693139449396,17.763507982836032,False,11.474766515670794,0.0,0.7051679163522186,45.0,90.0,0.10747002037654443,tilt,False
0.004246933775483922,-0.10747002037654443,2.1568978259539783e-09,0.0,1.0,14.9,RR,0.3594366408646358,False,False,-2.008469386184264,-2.040349664611231,17.773871105223993,False,11.500615377217565,0.0,0.7070868598646455,45.0,90.0,0.10747002037654443,tilt,False
0.00424693860164216,-0.10747001526223267,2.541346683289545e-09,0.0,1.0,14.92,FL,0.3594366408646358,False,False,-1.769891410961965,-2.565628740081389,17.247400055428784,False,10.169606490736815,0.0,0.5787565422904434,45.0,90.0,0.10747001526223267,tilt,False
0.00424693860164216,-0.10747001526223267,4.812998004992528e-09,0.0,1.0,14.92,FR,0.8594366408646358,True,True,-1.7742408405333963,-2.5554863652107707,17.257569211634415,False,10.195591569601616,0.0,0.5807265411065079,45.0,90.0,0.10747001526223267,tilt,False
0.00424693860164216,-0.10747001526223267,6.8189135361020045e-09,0.0,1.0,14.92,RL,0.8594366408646358,True,True,-2.0041104186802223,-2.05069328820566,17.763507833892856,False,11.474766563811972,0.0,0.7051679126179343,45.0,90.0,0.10747001526223267,tilt,False
0.00424693860164216,-0.10747001526223267,2.0819686678398146e-09,0.0,1.0,14.92,RR,0.3594366408646358,False,False,-2.0084693878934248,-2.040349713185997,17.77387105659304,False,11.500615383032452,0.0,0.7070868492582817,45.0,90.0,0.10747001526223267,tilt,False
0.00424694287997365,-0.10747001029525241,2.3700029359435403e-09,0.0,1.0,14.94,FL,0.3594366408646358,False,False,-1.7698914117429478,-2.565628709390231,17.24740008617926,False,10.169606490023964,0.0,0.5787565364294638,45.0,90.0,0.10747001029525241,tilt,False
0.00424694287997365,-0.10747001029525241,4.427695952891121e-09,0.0,1.0,14.94,FR,0.8594366408646358,True,True,-1.7742408422830938,-2.555486297316223,17.257569279650333,False,10.19559153087084,0.0,0.5807265418434678,45.0,90.0,0.10747001029525241,tilt,False
0.00424694287997365,-0.10747001029525241,6.351091492409094e-09,0.0,1.0,14.94,RL,0.8594366408646358,True,True,-2.00411041599061,-2.0506934260215055,17.763507695910775,False,11.474766612473672,0.0,0.7051679093502335,45.0,90.0,0.10747001029525241,tilt,False
0.00424694287997365,-0.10747001029525241,1.9768106473557725e-09,0.0,1.0,14.94,RR,0.3594366408646358,False,False,-2.0084693877210418,-2.0403497586603363,17.773871011068003,False,11.500615389041222,0.0,0.7070868385478088,45.0,90.0,0.10747001029525241,tilt,False
0.004246947041521511,-0.10747000508764303,2.2191973569571836e-09,0.0,1.0,14.96,FL,0.3594366408646358,False,False,-1.76989141336098,-2.5656286819509857,17.247400113672963,False,10.169606498528774,0.0,0.5787565311743876,45.0,90.0,0.10747000508764303,tilt,False
0.004246947041521511,-0.10747000508764303,4.061400248841001e-09,0.0,1.0,14.96,FR,0.8594366408646358,True,True,-1.774240847374653,-2.555486237050965,17.257569340022783,False,10.195591587729735,0.0,0.5807265423313532,45.0,90.0,0.10747000508764303,tilt,False
0.004246947041521511,-0.10747000508764303,5.903294675855054e-09,0.0,1.0,14.96,RL,0.8594366408646358,True,True,-2.004110409071797,-2.0506935552762515,17.763507566502657,False,11.474766542445849,0.0,0.7051679063035768,45.0,90.0,0.10747000508764303,tilt,False
0.004246947041521511,-0.10747000508764303,1.887329390302439e-09,0.0,1.0,14.96,RR,0.3594366408646358,False,False,-2.0084693860326213,-2.040349802624731,17.77387096705525,False,11.500615377684676,0.0,0.7070868279144085,45.0,90.0,0.10747000508764303,tilt,False
0.004246951289852633,-0.10747000010150144,2.132272742679254e-09,0.0,1.0,14.98,FL,0.3594366408646358,False,False,-1.7698914143938482,-2.565628656143199,17.24740013953175,False,10.16960650391392,0.0,0.5787565260705907,45.0,90.0,0.10747000010150144,tilt,False
0.004246951289852633,-0.10747000010150144,3.9649349960788366e-09,0.0,1.0,14.98,FR,0.8594366408646358,True,True,-1.7742408504587934,-2.555486178474332,17.257569398706167,False,10.195591648967387,0.0,0.5807265428471846,45.0,90.0,0.10747000010150144,tilt,False
0.004246951289852633,-0.10747000010150144,5.754910957172341e-09,0.0,1.0,14.98,RL,0.8594366408646358,True,True,-2.004110404856506,-2.0506936816471826,17.763507439978515,False,11.474766467931941,0.0,0.7051679032155413,45.0,90.0,0.10747000010150144,tilt,False
0.004246951289852633,-0.10747000010150144,1.8080933924795127e-09,0.0,1.0,14.98,RR,0.3594366408646358,False,False,-2.0084693852310336,-2.040349845700045,17.773870923931597,False,11.50061537098386,0.0,0.7070868178405684,45.0,90.0,0.10747000010150144,tilt,False
0.004246955539615854,-0.10746999545964508,2.0562647434760964e-09,0.0,1.0,15.0,FL,0.3594366408646358,False,False,-1.7698914147161424,-2.565628630936297,17.247400164787994,False,10.169606502996992,0.0,0.5787565210264408,45.0,90.0,0.10746999545964508,tilt,False
0.004246955539615854,-0.10746999545964508,3.93864206235091e-09,0.0,1.0,15.0,FR,0.8594366408646358,True,True,-1.7742408507730143,-2.555486119557377,17.25756945773274,False,10.195591644667179,0.0,0.5807265434389165,45.0,90.0,0.10746999545964508,tilt,False
0.004246955539615854,-0.10746999545964508,5.696560935949987e-09,0.0,1.0,15.0,RL,0.8594366408646358,True,True,-2.0041104042204627,-2.050693806148935,17.76350731532261,False,11.47476646491048,0.0,0.7051679001228497,45.0,90.0,0.10746999545964508,tilt,False
0.004246955539615854,-0.10746999545964508,1.7351793997430765e-09,0.0,1.0,15.0,RR,0.3594366408646358,False,False,-2.0084693855885702,-2.040349887671083,17.773870881912647,False,11.500615366230951,0.0,0.707086808319173,45.0,90.0,0.10746999545964508,tilt,False
0.004246959702011248,-0.10746999110319971,1.97533575840355e-09,0.0,1.0,15.02,FL,0.3594366408646358,False,False,-1.7698914146211178,-2.5656286059279645,17.247400189845077,False,10.169606484609215,0.0,0.5787565159338599,45.0,90.0,0.10746999110319971,tilt,False
0.004246959702011248,-0.10746999110319971,3.915326035404446e-09,0.0,1.0,15.02,FR,0.8594366408646358,True,True,-1.7742408488809445,-2.555486059945898,17.257569517456645,False,10.195591554402688,0.0,0.5807265441803584,45.0,90.0,0.10746999110319971,tilt,False
0.004246959702011248,-0.10746999110319971,5.6548893590046024e-09,0.0,1.0,15.02,RL,0.8594366408646358,True,True,-2.004110406382424,-2.0506939286303387,17.763507192687364,False,11.474766588109633,0.0,0.7051678970177516,45.0,90.0,0.10746999110319971,tilt,False
0.004246959702011248,-0.10746999110319971,1.6691035999276238e-09,0.0,1.0,15.02,RR,0.3594366408646358,False,False,-2.0084693867672283,-2.0403499284021334,17.773870841134524,False,11.500615409127843,0.0,0.7070867993800779,45.0,90.0,0.10746999110319971,tilt,False
0.004246963590370864,-0.10746998699590254,1.8731560249320303e-09,0.0,1.0,15.040000000000001,FL,0.3594366408646358,False,False,-1.769891414619598,-2.5656285812100803,17.24740021461081,False,10.169606496170763,0.0,0.5787565109291797,45.0,90.0,0.10746998699590254,tilt,False
0.004246963590370864,-0.10746998699590254,3.792203290162332e-09,0.0,1.0,15.040000000000001,FR,0.8594366408646358,True,True,-1.774240847242415,-2.555486001533363,17.257569575977882,False,10.195591628479445,0.0,0.580726544975278,45.0,90.0,0.10746998699590254,tilt,False
0.004246963590370864,-0.10746998699590254,5.501175590819264e-09,0.0,1.0,15.040000000000001,RL,0.8594366408646358,True,True,-2.0041104081632044,-2.0506940465150545,17.763507074655646,False,11.474766491457206,0.0,0.70516789404374,45.0,90.0,0.10746998699590254,tilt,False
0.004246963590370864,-0.10746998699590254,1.5975405967146024e-09,0.0,1.0,15.040000000000001,RR,0.3594366408646358,False,False,-2.0084693878606696,-2.0403499672757635,17.773870802216283,False,11.500615385945325,0.0,0.707086790797575,45.0,90.0,0.10746998699590254,tilt,False
0.00424696738592162,-0.10746998304948965,1.7939899422100922e-09,0.0,1.0,15.06,FL,0.3594366408646358,False,False,-1.7698914144741729,-2.5656285563398913,17.24740023952951,False,10.169606493405839,0.0,0.5787565058474791,45.0,90.0,0.10746998304948965,tilt,False
0.00424696738592162,-0.10746998304948965,3.8083730024094e-09,0.0,1.0,15.06,FR,0.8594366408646358,True,True,-1.7742408436140291,-2.5554859415785858,17.257569636045936,False,10.195591583759596,0.0,0.5807265459358243,45.0,90.0,0.10746998304948965,tilt,False
0.00424696738592162,-0.10746998304948965,5.523939392083671e-09,0.0,1.0,15.06,RL,0.8594366408646358,True,True,-2.004110412446792,-2.050694163377515,17.76350695764557,False,11.474766539813164,0.0,0.7051678911175585,45.0,90.0,0.10746998304948965,tilt,False
0.00424696738592162,-0.10746998304948965,1.5470843746860969e-09,0.0,1.0,15.06,RR,0.3594366408646358,False,False,-2.0084693895503247,-2.0403500052625057,17.773870764185414,False,11.500615391733264,0.0,0.7070867827070215,45.0,90.0,0.10746998304948965,tilt,False
0.004246970669073301,-0.10746997920440818,1.6545734783718364e-09,0.0,1.0,15.08,FL,0.3594366408646358,False,False,-1.769891415246777,-2.5656285326755466,17.247400263239747,False,10.169606494332228,0.0,0.5787565013053666,45.0,90.0,0.10746997920440818,tilt,False
0.004246970669073301,-0.10746997920440818,3.4581376486628624e-09,0.0,1.0,15.08,FR,0.8594366408646358,True,True,-1.7742408451463556,-2.5554858877618116,17.257569689958085,False,10.195591544038429,0.0,0.5807265466322938,45.0,90.0,0.10746997920440818,tilt,False
0.004246970669073301,-0.10746997920440818,5.105484779870241e-09,0.0,1.0,15.08,RL,0.8594366408646358,True,True,-2.0041104100115144,-2.0506942704714426,17.763506850423173,False,11.474766588523597,0.0,0.7051678886425079,45.0,90.0,0.10746997920440818,tilt,False
0.004246970669073301,-0.10746997920440818,1.457753729039177e-09,0.0,1.0,15.08,RR,0.3594366408646358,False,False,-2.0084693893438166,-2.0403500405387804,17.77387072887006,False,11.500615397777139,0.0,0.7070867744074708,45.0,90.0,0.10746997920440818,tilt,False
0.0042469738773957,-0.10746997508702298,1.5351430235085922e-09,0.0,1.0,15.1,FL,0.3594366408646358,False,False,-1.7698914167419213,-2.5656285119029993,17.247400284053963,False,10.169606501091344,0.0,0.5787564973250555,45.0,90.0,0.10746997508702298,tilt,False
0.0042469738773957,-0.10746997508702298,3.125330358789617e-09,0.0,1.0,15.1,FR,0.8594366408646358,True,True,-1.774240850031524,-2.5554858410997383,17.25756973670216,False,10.19559160009275,0.0,0.5807265470684575,45.0,90.0,0.10746997508702298,tilt,False
0.0042469738773957,-0.10746997508702298,4.704849190011931e-09,0.0,1.0,15.1,RL,0.8594366408646358,True,True,-2.004110403345749,-2.050694370131851,17.76350675064569,False,11.474766519993338,0.0,0.7051678863676422,45.0,90.0,0.10746997508702298,tilt,False
0.0042469738773957,-0.10746997508702298,1.3835040274434895e-09,0.0,1.0,15.1,RR,0.3594366408646358,False,False,-2.008469387629344,-2.0403500746577623,17.77387069471391,False,11.500615386199732,0.0,0.7070867660905464,45.0,90.0,0.10746997508702298,tilt,False
0.004246977217745826,-0.10746997115015827,1.4699639934911804e-09,0.0,1.0,15.120000000000001,FL,0.3594366408646358,False,False,-1.7698914177165792,-2.565628492602459,17.24740030339297,False,10.169606504530119,0.0,0.5787564934521215,45.0,90.0,0.10746997115015827,tilt,False
0.004246977217745826,-0.10746997115015827,3.0606093273194393e-09,0.0,1.0,15.120000000000001,FR,0.8594366408646358,True,True,-1.7742408529495095,-2.555485795696026,17.257569782188263,False,10.195591660876199,0.0,0.5807265475295329,45.0,90.0,0.10746997115015827,tilt,False
0.004246977217745826,-0.10746997115015827,4.597365522395631e-09,0.0,1.0,15.120000000000001,RL,0.8594366408646358,True,True,-2.0041103993098734,-2.0506944679380896,17.763506652721354,False,11.474766446944516,0.0,0.7051678840190106,45.0,90.0,0.10746997115015827,tilt,False
0.004246977217745826,-0.10746997115015827,1.322826066350852e-09,0.0,1.0,15.120000000000001,RR,0.3594366408646358,False,False,-2.0084693867983074,-2.0403501082489304,17.77387066108522,False,11.500615379109547,0.0,0.7070867582519713,45.0,90.0,0.10746997115015827,tilt,False
0.004246980601907051,-0.10746996751519966,1.4125724381422373e-09,0.0,1.0,15.14,FL,0.3594366408646358,False,False,-1.769891418069363,-2.5656284737971546,17.247400322235148,False,10.169606503931087,0.0,0.5787564895964044,45.0,90.0,0.10746996751519966,tilt,False
0.004246980601907051,-0.10746996751519966,3.0650502940517897e-09,0.0,1.0,15.14,FR,0.8594366408646358,True,True,-1.7742408531374738,-2.5554857495419143,17.25756982842834,False,10.195591655983785,0.0,0.5807265480653505,45.0,90.0,0.10746996751519966,tilt,False
0.004246980601907051,-0.10746996751519966,4.576985415673037e-09,0.0,1.0,15.14,RL,0.8594366408646358,True,True,-2.004110398779499,-2.050694564846942,17.763506555692253,False,11.474766444437394,0.0,0.7051678816339093,45.0,90.0,0.10746996751519966,tilt,False
0.004246980601907051,-0.10746996751519966,1.2693885835342538e-09,0.0,1.0,15.14,RR,0.3594366408646358,False,False,-2.0084693871203902,-2.0403501410890117,17.773870628207582,False,11.500615374448262,0.0,0.707086750887468,45.0,90.0,0.10746996751519966,tilt,False
0.004246983936936734,-0.10746996412663357,1.3494538822025903e-09,0.0,1.0,15.16,FL,0.3594366408646358,False,False,-1.7698914180725098,-2.565628455085532,17.247400340983212,False,10.169606488759985,0.0,0.5787564856508747,45.0,90.0,0.10746996412663357,tilt,False
0.004246983936936734,-0.10746996412663357,3.071637755477532e-09,0.0,1.0,15.16,FR,0.8594366408646358,True,True,-1.7742408511460388,-2.555485702291173,17.257569875768674,False,10.195591565752403,0.0,0.580726548751361,45.0,90.0,0.10746996412663357,tilt,False
0.004246983936936734,-0.10746996412663357,4.57180332453831e-09,0.0,1.0,15.16,RL,0.8594366408646358,True,True,-2.004110400993665,-2.0506946606630923,17.763506459755057,False,11.474766566411942,0.0,0.7051678792037781,45.0,90.0,0.10746996412663357,tilt,False
0.004246983936936734,-0.10746996412663357,1.2230995381432135e-09,0.0,1.0,15.16,RR,0.3594366408646358,False,False,-2.0084693882592637,-2.040350173022169,17.77387059623733,False,11.500615416872733,0.0,0.7070867440312202,45.0,90.0,0.10746996412663357,tilt,False
0.0042469870297731065,-0.10746996095119792,1.267821635489371e-09,0.0,1.0,15.18,FL,0.3594366408646358,False,False,-1.7698914181525847,-2.5656284364847655,17.247400359620002,False,10.169606497883002,0.0,0.578756481753719,45.0,90.0,0.10746996095119792,tilt,False
0.0042469870297731065,-0.10746996095119792,2.97777048976341e-09,0.0,1.0,15.18,FR,0.8594366408646358,True,True,-1.7742408494200654,-2.5554856558394277,17.257569922307113,False,10.195591639219941,0.0,0.5807265494894563,45.0,90.0,0.10746996095119792,tilt,False
0.0042469870297731065,-0.10746996095119792,4.455419177583518e-09,0.0,1.0,15.18,RL,0.8594366408646358,True,True,-2.0041104028225636,-2.0506947527994397,17.763506367503435,False,11.474766471478132,0.0,0.7051678768784477,45.0,90.0,0.10746996095119792,tilt,False
0.0042469870297731065,-0.10746996095119792,1.1689065033491662e-09,0.0,1.0,15.18,RR,0.3594366408646358,False,False,-2.0084693893133303,-2.0403502034135252,17.773870565811084,False,11.500615393675394,0.0,0.7070867374557481,45.0,90.0,0.10746996095119792,tilt,False
0.004246990061330972,-0.10746995790428941,1.203700840981864e-09,0.0,1.0,15.200000000000001,FL,0.3594366408646358,False,False,-1.7698914181505794,-2.5656284176433055,17.24740037849819,False,10.169606496747248,0.0,0.5787564777405033,45.0,90.0,0.10746995790428941,tilt,False
0.004246990061330972,-0.10746995790428941,3.0217822089100837e-09,0.0,1.0,15.200000000000001,FR,0.8594366408646358,True,True,-1.7742408457142451,-2.5554856074546524,17.257569970783802,False,10.19559159395705,0.0,0.5807265503944306,45.0,90.0,0.10746995790428941,tilt,False
0.004246990061330972,-0.10746995790428941,4.511430669130186e-09,0.0,1.0,15.200000000000001,RL,0.8594366408646358,True,True,-2.0041104071172495,-2.0506948447442457,17.763506275441667,False,11.47476651961068,0.0,0.7051678745711741,45.0,90.0,0.10746995790428941,tilt,False
0.004246990061330972,-0.10746995790428941,1.1399506490463387e-09,0.0,1.0,15.200000000000001,RR,0.3594366408646358,False,False,-2.0084693909623725,-2.040350233209091,17.773870535980713,False,11.500615399569892,0.0,0.707086731302972,45.0,90.0,0.10746995790428941,tilt,False
0.004246992473319977,-0.10746995483917282,1.0720795271208989e-09,0.0,1.0,15.22,FL,0.3594366408646358,False,False,-1.7698914192434967,-2.5656284004154823,17.247400395759747,False,10.169606499441313,0.0,0.57875647454817,45.0,90.0,0.10746995483917282,tilt,False
0.004246992473319977,-0.10746995483917282,2.5355147637030607e-09,0.0,1.0,15.22,FR,0.8594366408646358,True,True,-1.774240849952355,-2.5554855683993654,17.257570009904843,False,10.195591558562942,0.0,0.580726550810263,45.0,90.0,0.10746995483917282,tilt,False
0.004246992473319977,-0.10746995483917282,3.938450919604013e-09,0.0,1.0,15.22,RL,0.8594366408646358,True,True,-2.0041104012293967,-2.050694924236443,17.76350619585801,False,11.474766564168497,0.0,0.7051678728686886,45.0,90.0,0.10746995483917282,tilt,False
0.004246992473319977,-0.10746995483917282,1.0416497754097203e-09,0.0,1.0,15.22,RR,0.3594366408646358,False,False,-2.0084693896872743,-2.0403502599421928,17.77387050921914,False,11.500615405616854,0.0,0.7070867245466944,45.0,90.0,0.10746995483917282,tilt,False
0.004246995070469439,-0.10746995156309817,1.006020057775692e-09,0.0,1.0,15.24,FL,0.3594366408646358,False,False,-1.76989142043351,-2.5656283853591026,17.247400410846804,False,10.16960650310118,0.0,0.5787564715759181,45.0,90.0,0.10746995156309817,tilt,False
0.004246995070469439,-0.10746995156309817,2.4029600047546004e-09,0.0,1.0,15.24,FR,0.8594366408646358,True,True,-1.7742408538933274,-2.5554855325710286,17.257570045796637,False,10.195591611738458,0.0,0.5807265511708068,45.0,90.0,0.10746995156309817,tilt,False
0.004246995070469439,-0.10746995156309817,3.773578117974476e-09,0.0,1.0,15.24,RL,0.8594366408646358,True,True,-2.0041103958245294,-2.0506950013313916,17.763506118672073,False,11.47476649825804,0.0,0.7051678711093541,45.0,90.0,0.10746995156309817,tilt,False
0.004246995070469439,-0.10746995156309817,9.970474405788822e-10,0.0,1.0,15.24,RR,0.3594366408646358,False,False,-2.0084693882959357,-2.040350286659151,17.773870482472972,False,11.500615394154984,0.0,0.7070867180825934,45.0,90.0,0.10746995156309817,tilt,False
0.0042469977512849255,-0.10746994851161935,9.561196546481308e-10,0.0,1.0,15.26,FL,0.3594366408646358,False,False,-1.7698914211537637,-2.56562837133862,17.247400424895293,False,10.169606504375775,0.0,0.57875646866491,45.0,90.0,0.10746994851161935,tilt,False
0.0042469977512849255,-0.10746994851161935,2.3601159619199074e-09,0.0,1.0,15.26,FR,0.8594366408646358,True,True,-1.7742408560354819,-2.5554854974504866,17.257570080981207,False,10.195591670949023,0.0,0.5807265515599106,45.0,90.0,0.10746994851161935,tilt,False
0.0042469977512849255,-0.10746994851161935,3.693446293187884e-09,0.0,1.0,15.26,RL,0.8594366408646358,True,True,-2.0041103927816475,-2.0506950769484527,17.763506042963282,False,11.474766427812634,0.0,0.7051678692745673,45.0,90.0,0.10746994851161935,tilt,False
0.0042469977512849255,-0.10746994851161935,9.495102753033977e-10,0.0,1.0,15.26,RR,0.3594366408646358,False,False,-2.0084693877676294,-2.040350312809632,17.773870456293217,False,11.500615386941888,0.0,0.7070867120199613,45.0,90.0,0.10746994851161935,tilt,False
0.004247000453782762,-0.10746994572609059,9.098646863005278e-10,0.0,1.0,15.280000000000001,FL,0.3594366408646358,False,False,-1.7698914214181392,-2.5656283575531265,17.247400438707796,False,10.169606504370822,0.0,0.5787564657252889,45.0,90.0,0.10746994572609059,tilt,False
0.004247000453782762,-0.10746994572609059,2.3858685064768508e-09,0.0,1.0,15.280000000000001,FR,0.8594366408646358,True,True,-1.7742408556599802,-2.5554854611466795,17.257570117353154,False,10.195591664892133,0.0,0.580726552034514,45.0,90.0,0.10746994572609059,tilt,False
0.004247000453782762,-0.10746994572609059,3.7027693671014445e-09,0.0,1.0,15.280000000000001,RL,0.8594366408646358,True,True,-2.004110392933325,-2.050695152200438,17.763505967617306,False,11.474766426531616,0.0,0.7051678673942706,45.0,90.0,0.10746994572609059,tilt,False
0.004247000453782762,-0.10746994572609059,9.142671575193533e-10,0.0,1.0,15.280000000000001,RR,0.3594366408646358,False,False,-2.0084693882729403,-2.040350338342753,17.773870430730824,False,11.500615382333246,0.0,0.7070867063587839,45.0,90.0,0.10746994572609059,tilt,False
0.004247003104288501,-0.10746994313918608,8.577458724690179e-10,0.0,1.0,15.3,FL,0.3594366408646358,False,False,-1.7698914214746355,-2.565628343690226,17.247400452597613,False,10.169606492766576,0.0,0.5787564626535163,45.0,90.0,0.10746994313918608,tilt,False
0.004247003104288501,-0.10746994313918608,2.414099249269156e-09,0.0,1.0,15.3,FR,0.8594366408646358,True,True,-1.7742408532728307,-2.555485423383335,17.25757015518872,False,10.195591574288468,0.0,0.580726552670427,45.0,90.0,0.10746994313918608,tilt,False
0.004247003104288501,-0.10746994313918608,3.727071781371891e-09,0.0,1.0,15.3,RL,0.8594366408646358,True,True,-2.004110395590255,-2.0506952269756136,17.7635058927468,False,11.47476654774095,0.0,0.7051678654531383,45.0,90.0,0.10746994313918608,tilt,False
0.004247003104288501,-0.10746994313918608,8.875350101906899e-10,0.0,1.0,15.3,RR,0.3594366408646358,False,False,-2.00846938949429,-2.0403503631802877,17.77387040586428,False,11.500615424092357,0.0,0.7070867011409377,45.0,90.0,0.10746994313918608,tilt,False
0.00424700552164021,-0.10746994072197878,7.90959259975707e-10,0.0,1.0,15.32,FL,0.3594366408646358,False,False,-1.7698914216400659,-2.5656283297558304,17.24740046655894,False,10.169606499773707,0.0,0.578756459592694,45.0,90.0,0.10746994072197878,tilt,False
0.00424700552164021,-0.10746994072197878,2.342528519241871e-09,0.0,1.0,15.32,FR,0.8594366408646358,True,True,-1.7742408512622863,-2.5554853860967066,17.257570192545153,False,10.195591646862795,0.0,0.5807265533646168,45.0,90.0,0.10746994072197878,tilt,False
0.00424700552164021,-0.10746994072197878,3.641253785020164e-09,0.0,1.0,15.32,RL,0.8594366408646358,True,True,-2.004110397729464,-2.050695298757704,17.763505820874386,False,11.474766454978159,0.0,0.7051678636031006,45.0,90.0,0.10746994072197878,tilt,False
0.00424700552164021,-0.10746994072197878,8.493773956743928e-10,0.0,1.0,15.32,RR,0.3594366408646358,False,False,-2.008469390567327,-2.0403503867237918,17.773870382293616,False,11.500615400834972,0.0,0.7070866961398387,45.0,90.0,0.10746994072197878,tilt,False
0.004247007899920741,-0.10746993839739585,7.370075682071647e-10,0.0,1.0,15.34,FL,0.3594366408646358,False,False,-1.7698914218069393,-2.565628315529783,17.247400480812768,False,10.169606500502585,0.0,0.5787564563816824,45.0,90.0,0.10746993839739585,tilt,False
0.004247007899920741,-0.10746993839739585,2.4082586904542535e-09,0.0,1.0,15.34,FR,0.8594366408646358,True,True,-1.7742408473468314,-2.555485346587647,17.257570232129734,False,10.19559160085545,0.0,0.5807265542314123,45.0,90.0,0.10746993839739585,tilt,False
0.004247007899920741,-0.10746993839739585,3.7233802009454493e-09,0.0,1.0,15.34,RL,0.8594366408646358,True,True,-2.004110402205682,-2.050695370997533,17.7635057485419,False,11.474766503076818,0.0,0.7051678617510584,45.0,90.0,0.10746993839739585,tilt,False
0.004247007899920741,-0.10746993839739585,8.421190569940182e-10,0.0,1.0,15.34,RR,0.3594366408646358,False,False,-2.008469392193488,-2.04035040992355,17.773870359066557,False,11.500615406672246,0.0,0.7070866915053814,45.0,90.0,0.10746993839739585,tilt,False
0.004247009586754013,-0.1074699359210364,6.239013570889949e-10,0.0,1.0,15.36,FL,0.3594366408646358,False,False,-1.769891423045216,-2.565628303296864,17.247400493070284,False,10.169606504276908,0.0,0.5787564542825492,45.0,90.0,0.1074699359210364,tilt,False
0.004247009586754013,-0.1074699359210364,1.7867394256497861e-09,0.0,1.0,15.36,FR,0.8594366408646358,True,True,-1.7742408539219712,-2.5554853196997835,17.257570259059,False,10.195591568746634,0.0,0.5807265543779931,45.0,90.0,0.1074699359210364,tilt,False
0.004247009586754013,-0.1074699359210364,3.0022095807830016e-09,0.0,1.0,15.36,RL,0.8594366408646358,True,True,-2.0041103934169726,-2.050695428306611,17.763505691171094,False,11.474766544092335,0.0,0.7051678606552538,45.0,90.0,0.1074699359210364,tilt,False
0.004247009586754013,-0.1074699359210364,7.204447442990696e-10,0.0,1.0,15.36,RR,0.3594366408646358,False,False,-2.0084693899572668,-2.0403504298132162,17.773870339156904,False,11.500615412741151,0.0,0.7070866858985854,45.0,90.0,0.1074699359210364,tilt,False
0.004247011666228465,-0.10746993334426912,5.928840249727596e-10,0.0,1.0,15.38,FL,0.3594366408646358,False,False,-1.7698914239939882,-2.565628292596496,17.247400503792857,False,10.169606505527668,0.0,0.578756452065898,45.0,90.0,0.10746993334426912,tilt,False
0.004247011666228465,-0.10746993334426912,1.8421294791582108e-09,0.0,1.0,15.38,FR,0.8594366408646358,True,True,-1.7742408569158055,-2.555485292181043,17.257570286626976,False,10.195591619585297,0.0,0.5807265546819949,45.0,90.0,0.10746993334426912,tilt,False
0.004247011666228465,-0.10746993334426912,3.051182525121871e-09,0.0,1.0,15.38,RL,0.8594366408646358,True,True,-2.0041103892477485,-2.05069548762803,17.763505631779253,False,11.474766480675406,0.0,0.7051678592689704,45.0,90.0,0.10746993334426912,tilt,False
0.004247011666228465,-0.10746993334426912,7.08182910336294e-10,0.0,1.0,15.38,RR,0.3594366408646358,False,False,-2.008469388895002,-2.040350450583518,17.7738703183638,False,11.50061540128489,0.0,0.7070866808931879,45.0,90.0,0.10746993334426912,tilt,False
0.004247013796446101,-0.10746993100213374,5.541110834788662e-10,0.0,1.0,15.4,FL,0.3594366408646358,False,False,-1.7698914245456652,-2.5656282826098007,17.24740051379955,False,10.169606504929183,0.0,0.5787564498735808,45.0,90.0,0.10746993100213374,tilt,False
0.004247013796446101,-0.10746993100213374,1.8161663604922557e-09,0.0,1.0,15.4,FR,0.8594366408646358,True,True,-1.7742408583306981,-2.5554852649686475,17.257570313889232,False,10.195591677572551,0.0,0.5807265550201868,45.0,90.0,0.10746993100213374,tilt,False
0.004247013796446101,-0.10746993100213374,2.9937268096478173e-09,0.0,1.0,15.4,RL,0.8594366408646358,True,True,-2.004110387118993,-2.050695545797787,17.76350557353851,False,11.474766412576692,0.0,0.705167857810085,45.0,90.0,0.10746993100213374,tilt,False
0.004247013796446101,-0.10746993100213374,6.727816438321319e-10,0.0,1.0,15.4,RR,0.3594366408646358,False,False,-2.008469388622723,-2.040350470802109,17.77387029812251,False,11.500615393861924,0.0,0.7070866762249365,45.0,90.0,0.10746993100213374,tilt,False
0.004247015940151007,-0.10746992888662243,5.156016077548568e-10,0.0,1.0,15.42,FL,0.3594366408646358,False,False,-1.7698914247877249,-2.5656282726934654,17.24740052373523,False,10.169606505567137,0.0,0.5787564476178485,45.0,90.0,0.10746992888662243,tilt,False
0.004247015940151007,-0.10746992888662243,1.8587539573215818e-09,0.0,1.0,15.42,FR,0.8594366408646358,True,True,-1.7742408574450523,-2.5554852362617044,17.257570342650503,False,10.195591670553725,0.0,0.5807265554530043,45.0,90.0,0.10746992888662243,tilt,False
0.004247015940151007,-0.10746992888662243,3.0261811777766103e-09,0.0,1.0,15.42,RL,0.8594366408646358,True,True,-2.0041103878724216,-2.050695604046162,17.763505515216718,False,11.474766412283175,0.0,0.7051678563009947,45.0,90.0,0.10746992888662243,tilt,False
0.004247015940151007,-0.10746992888662243,6.553863059596792e-10,0.0,1.0,15.42,RR,0.3594366408646358,False,False,-2.008469389266576,-2.0403504905442684,17.773870278357585,False,11.500615389277568,0.0,0.7070866718992437,45.0,90.0,0.10746992888662243,tilt,False
0.004247018040166434,-0.10746992692728671,4.714825436015573e-10,0.0,1.0,15.44,FL,0.3594366408646358,False,False,-1.7698914249370672,-2.565628262606808,17.247400533841382,False,10.169606497449006,0.0,0.5787564451987421,45.0,90.0,0.10746992692728671,tilt,False
0.004247018040166434,-0.10746992692728671,1.9044110497896173e-09,0.0,1.0,15.44,FR,0.8594366408646358,True,True,-1.7742408547080508,-2.5554852058327184,17.25757037313825,False,10.195591579683366,0.0,0.5807265560555097,45.0,90.0,0.10746992692728671,tilt,False
0.004247018040166434,-0.10746992692728671,3.0731626967026862e-09,0.0,1.0,15.44,RL,0.8594366408646358,True,True,-2.004110390903303,-2.050695662325259,17.763505456862468,False,11.474766532490175,0.0,0.7051678547197431,45.0,90.0,0.10746992692728671,tilt,False
0.004247018040166434,-0.10746992692728671,6.480276241566044e-10,0.0,1.0,15.44,RR,0.3594366408646358,False,False,-2.008469390539568,-2.0403505097840724,17.773870259095084,False,11.500615430343707,0.0,0.7070866679653279,45.0,90.0,0.10746992692728671,tilt,False
0.0042470199235635515,-0.1074699251012921,4.1727206071429333e-10,0.0,1.0,15.46,FL,0.3594366408646358,False,False,-1.7698914252037428,-2.565628252328842,17.247400544139214,False,10.169606502286243,0.0,0.5787564427640891,45.0,90.0,0.1074699251012921,tilt,False
0.0042470199235635515,-0.1074699251012921,1.851025408245895e-09,0.0,1.0,15.46,FR,0.8594366408646358,True,True,-1.7742408524530213,-2.5554851756472985,17.257570403380406,False,10.195591651602724,0.0,0.5807265567195162,45.0,90.0,0.1074699251012921,tilt,False
0.0042470199235635515,-0.1074699251012921,3.011402200991736e-09,0.0,1.0,15.46,RL,0.8594366408646358,True,True,-2.004110393291632,-2.0506957181752985,17.7635054009417,False,11.474766441651314,0.0,0.7051678532207991,45.0,90.0,0.1074699251012921,tilt,False
0.0042470199235635515,-0.1074699251012921,6.245808165854607e-10,0.0,1.0,15.46,RR,0.3594366408646358,False,False,-2.0084693916160856,-2.0403505279482337,17.773870240909886,False,11.50061540711609,0.0,0.7070866641965673,45.0,90.0,0.1074699251012921,tilt,False
0.004247021581760764,-0.10746992333745084,3.6176090648164643e-10,0.0,1.0,15.48,FL,0.3594366408646358,False,False,-1.7698914256763545,-2.5656282419789753,17.247400554509337,False,10.169606506282602,0.0,0.5787564404619534,45.0,90.0,0.10746992333745084,tilt,False
0.004247021581760764,-0.10746992333745084,1.7706243178421865e-09,0.0,1.0,15.48,FR,0.8594366408646358,True,True,-1.774240851444963,-2.555485146399153,17.257570432681458,False,10.19559161166022,0.0,0.58072655733639,45.0,90.0,0.10746992333745084,tilt,False
0.004247021581760764,-0.10746992333745084,2.9231283092557737e-09,0.0,1.0,15.48,RL,0.8594366408646358,True,True,-2.0041103940552087,-2.050695771123032,17.763505347928977,False,11.47476648455851,0.0,0.7051678519271474,45.0,90.0,0.10746992333745084,tilt,False
0.004247021581760764,-0.10746992333745084,5.9951046551092e-10,0.0,1.0,15.48,RR,0.3594366408646358,False,False,-2.0084693921711834,-2.040350545081896,17.773870223756937,False,11.50061541197784,0.0,0.7070866603961795,45.0,90.0,0.10746992333745084,tilt,False
0.004247022930540776,-0.10746992130056879,3.012744323335736e-10,0.0,1.0,15.5,FL,0.3594366408646358,False,False,-1.769891426726733,-2.5656282334907132,17.24740056301558,False,10.169606508962238,0.0,0.5787564389611686,45.0,90.0,0.10746992130056879,tilt,False
0.004247022930540776,-0.10746992130056879,1.3433353753593132e-09,0.0,1.0,15.5,FR,0.8594366408646358,True,True,-1.7742408570416979,-2.555485126353611,17.25757045275804,False,10.195591575646315,0.0,0.5807265574371625,45.0,90.0,0.10746992130056879,tilt,False
0.004247022930540776,-0.10746992130056879,2.4372728421599006e-09,0.0,1.0,15.5,RL,0.8594366408646358,True,True,-2.0041103865769196,-2.0506958145835656,17.76350530442182,False,11.47476652723062,0.0,0.7051678510929608,45.0,90.0,0.10746992130056879,tilt,False
0.004247022930540776,-0.10746992130056879,5.049185059818659e-10,0.0,1.0,15.5,RR,0.3594366408646358,False,False,-2.0084693901470594,-2.040350560497433,17.773870208325974,False,11.500615419172409,0.0,0.7070866559857859,45.0,90.0,0.10746992130056879,tilt,False
0.004247024616479206,-0.1074699192936067,2.773944888994126e-10,0.0,1.0,15.52,FL,0.3594366408646358,False,False,-1.7698914274720325,-2.5656282261952885,17.247400570326434,False,10.169606508189771,0.0,0.5787564373152753,45.0,90.0,0.1074699192936067,tilt,False
0.004247024616479206,-0.1074699192936067,1.4116115937267037e-09,0.0,1.0,15.52,FR,0.8594366408646358,True,True,-1.774240859183901,-2.5554851052428176,17.2575704739071,False,10.195591624743793,0.0,0.5807265576935408,45.0,90.0,0.1074699192936067,tilt,False
0.004247024616479206,-0.1074699192936067,2.4941600155410727e-09,0.0,1.0,15.52,RL,0.8594366408646358,True,True,-2.0041103835001377,-2.0506958600392498,17.763505258911678,False,11.474766466042137,0.0,0.7051678499762423,45.0,90.0,0.1074699192936067,tilt,False
0.004247024616479206,-0.1074699192936067,5.036563518444383e-10,0.0,1.0,15.52,RR,0.3594366408646358,False,False,-2.008469389410919,-2.0403505765799155,17.773870192225733,False,11.500615407769669,0.0,0.7070866521279537,45.0,90.0,0.1074699192936067,tilt,False
0.004247026323045349,-0.10746991751353324,2.4730636933632555e-10,0.0,1.0,15.540000000000001,FL,0.3594366408646358,False,False,-1.769891427902584,-2.5656282193547395,17.24740057718064,False,10.16960650584541,0.0,0.5787564356642706,45.0,90.0,0.10746991751353324,tilt,False
0.004247026323045349,-0.10746991751353324,1.3985905492672969e-09,0.0,1.0,15.540000000000001,FR,0.8594366408646358,True,True,-1.774240859971906,-2.5554850841252965,17.25757049506358,False,10.195591681865471,0.0,0.5807265579907515,45.0,90.0,0.10746991751353324,tilt,False
0.004247026323045349,-0.10746991751353324,2.4553794145181373e-09,0.0,1.0,15.540000000000001,RL,0.8594366408646358,True,True,-2.0041103821507136,-2.0506959045977666,17.763505214298277,False,11.474766400020753,0.0,0.7051678487928497,45.0,90.0,0.10746991751353324,tilt,False
0.004247026323045349,-0.10746991751353324,4.807900033625861e-10,0.0,1.0,15.540000000000001,RR,0.3594366408646358,False,False,-2.008469389366486,-2.0403505921321834,17.773870176655898,False,11.50061540016888,0.0,0.7070866485533156,45.0,90.0,0.10746991751353324,tilt,False
0.004247028034559377,-0.10746991592320866,2.1460272845209371e-10,0.0,1.0,15.56,FL,0.3594366408646358,False,False,-1.7698914281544174,-2.565628212466496,17.247400584082214,False,10.169606507122747,0.0,0.5787564339227134,45.0,90.0,0.10746991592320866,tilt,False
0.004247028034559377,-0.10746991592320866,1.4541264712146448e-09,0.0,1.0,15.56,FR,0.8594366408646358,True,True,-1.7742408586551157,-2.5554850612724382,17.25757051796013,False,10.195591674045678,0.0,0.5807265583909827,45.0,90.0,0.10746991592320866,tilt,False
0.004247028034559377,-0.10746991592320866,2.505584261040178e-09,0.0,1.0,15.56,RL,0.8594366408646358,True,True,-2.004110383403205,-2.0506959495764505,17.763505169262228,False,11.474766400526475,0.0,0.7051678475577464,45.0,90.0,0.10746991592320866,tilt,False
0.004247028034559377,-0.10746991592320866,4.826542230455858e-10,0.0,1.0,15.56,RR,0.3594366408646358,False,False,-2.0084693901276025,-2.0403506073245063,17.773870161445924,False,11.500615395632819,0.0,0.7070866452733007,45.0,90.0,0.10746991592320866,tilt,False
0.004247029708127354,-0.10746991445366154,1.777781229139623e-10,0.0,1.0,15.58,FL,0.3594366408646358,False,False,-1.7698914284118432,-2.5656282053515485,17.24740059121084,False,10.169606502410224,0.0,0.5787564319937643,45.0,90.0,0.10746991445366154,tilt,False
0.004247029708127354,-0.10746991445366154,1.5133461662196304e-09,0.0,1.0,15.58,FR,0.8594366408646358,True,True,-1.7742408556252858,-2.555485036497218,17.257570542783807,False,10.195591582946548,0.0,0.5807265589683249,45.0,90.0,0.10746991445366154,tilt,False
0.004247029708127354,-0.10746991445366154,2.5697559127693033e-09,0.0,1.0,15.58,RL,0.8594366408646358,True,True,-2.0041103867340544,-2.050695994980062,17.76350512379927,False,11.47476651958792,0.0,0.7051678462425054,45.0,90.0,0.10746991445366154,tilt,False
0.004247029708127354,-0.10746991445366154,4.956257289871136e-10,0.0,1.0,15.58,RR,0.3594366408646358,False,False,-2.008469391441038,-2.0403506221721885,17.77387014658056,False,11.500615436004422,0.0,0.707086642344137,45.0,90.0,0.10746991445366154,tilt,False
0.004247031177553189,-0.10746991308813802,1.4051802371022518e-10,0.0,1.0,15.6,FL,0.3594366408646358,False,False,-1.7698914287858671,-2.565628197956603,17.247400598620086,False,10.169606505065406,0.0,0.5787564300294149,45.0,90.0,0.10746991308813802,tilt,False
0.004247031177553189,-0.10746991308813802,1.4745888140377172e-09,0.0,1.0,15.6,FR,0.8594366408646358,True,True,-1.7742408531670715,-2.5554850117893815,17.257570567538288,False,10.195591654362957,0.0,0.5807265596096992,45.0,90.0,0.10746991308813802,tilt,False
0.004247031177553189,-0.10746991308813802,2.526876472075278e-09,0.0,1.0,15.6,RL,0.8594366408646358,True,True,-2.004110389319469,-2.050696038400284,17.76350508032361,False,11.474766430534299,0.0,0.7051678450042426,45.0,90.0,0.10746991308813802,tilt,False
0.004247031177553189,-0.10746991308813802,4.864679188313784e-10,0.0,1.0,15.6,RR,0.3594366408646358,False,False,-2.008469392516622,-2.040350636120968,17.773870132615528,False,11.500615412878206,0.0,0.707086639538625,45.0,90.0,0.10746991308813802,tilt,False
0.004247032439360986,-0.10746991176211641,1.1264225674411531e-10,0.0,1.0,15.620000000000001,FL,0.3594366408646358,False,False,-1.7698914293240025,-2.565628190399634,17.24740060619196,False,10.16960651057071,0.0,0.5787564281813059,45.0,90.0,0.10746991176211641,tilt,False
0.004247032439360986,-0.10746991176211641,1.4090112831986396e-09,0.0,1.0,15.620000000000001,FR,0.8594366408646358,True,True,-1.7742408520118393,-2.55548498785561,17.25757059151514,False,10.195591613796362,0.0,0.580726560202075,45.0,90.0,0.10746991176211641,tilt,False
0.004247032439360986,-0.10746991176211641,2.457293369655109e-09,0.0,1.0,15.620000000000001,RL,0.8594366408646358,True,True,-2.004110390228353,-2.0506960793726834,17.763505039300895,False,11.47476647313272,0.0,0.7051678439691073,45.0,90.0,0.10746991176211641,tilt,False
0.004247032439360986,-0.10746991176211641,4.738550046071016e-10,0.0,1.0,15.620000000000001,RR,0.3594366408646358,False,False,-2.0084693930531445,-2.040350649214765,17.773870119507013,False,11.500615417747483,0.0,0.7070866366590723,45.0,90.0,0.10746991176211641,tilt,False
0.004247033408502897,-0.1074699101531502,1.2033962390087536e-10,0.0,1.0,15.64,FL,0.3594366408646358,False,False,-1.7698914302155637,-2.5656281843757163,17.24740061222932,False,10.169606514605617,0.0,0.5787564271241914,45.0,90.0,0.1074699101531502,tilt,False
0.004247033408502897,-0.1074699101531502,1.0008062716911124e-09,0.0,1.0,15.64,FR,0.8594366408646358,True,True,-1.7742408574809612,-2.5554849729514038,17.25757060644083,False,10.195591577194715,0.0,0.5807265602637831,45.0,90.0,0.1074699101531502,tilt,False
0.004247033408502897,-0.1074699101531502,2.0001087286791985e-09,0.0,1.0,15.64,RL,0.8594366408646358,True,True,-2.00411038295957,-2.0506961114046574,17.76350500723629,False,11.474766515372268,0.0,0.7051678434055011,45.0,90.0,0.1074699101531502,tilt,False
0.004247033408502897,-0.1074699101531502,3.662912714052702e-10,0.0,1.0,15.64,RR,0.3594366408646358,False,False,-2.0084693910356126,-2.040350660752942,17.773870107957798,False,11.50061542498455,0.0,0.7070866331185646,45.0,90.0,0.1074699101531502,tilt,False
0.004247034743219976,-0.10746990855775335,1.069734187450463e-10,0.0,1.0,15.66,FL,0.3594366408646358,False,False,-1.7698914309131064,-2.5656281795664557,17.24740061704921,False,10.169606512258284,0.0,0.5787564259071345,45.0,90.0,0.10746990855775335,tilt,False
0.004247034743219976,-0.10746990855775335,1.0788652721904783e-09,0.0,1.0,15.66,FR,0.8594366408646358,True,True,-1.7742408595249755,-2.555484956823204,17.257570622598024,False,10.195591626166753,0.0,0.5807265604817128,45.0,90.0,0.10746990855775335,tilt,False
0.004247034743219976,-0.10746990855775335,2.0694617735757023e-09,0.0,1.0,15.66,RL,0.8594366408646358,True,True,-2.0041103799933317,-2.0506961458182578,17.76350497278176,False,11.47476645520857,0.0,0.7051678425411538,45.0,90.0,0.10746990855775335,tilt,False
0.004247034743219976,-0.10746990855775335,3.8295323365672904e-10,0.0,1.0,15.66,RR,0.3594366408646358,False,False,-2.008469390294712,-2.0403506731026915,17.773870095594546,False,11.500615413614533,0.0,0.7070866301059712,45.0,90.0,0.10746990855775335,tilt,False
0.004247036120921793,-0.10746990716890552,1.053493053733577e-10,0.0,1.0,15.68,FL,0.3594366408646358,False,False,-1.7698914313356435,-2.5656281751825114,17.2474006214421,False,10.169606508025524,0.0,0.5787564246714866,45.0,90.0,0.10746990716890552,tilt,False
0.004247036120921793,-0.10746990716890552,1.0777055456120815e-09,0.0,1.0,15.68,FR,0.8594366408646358,True,True,-1.774240860244504,-2.5554849405430464,17.257570638908195,False,10.195591683389818,0.0,0.5807265607397014,45.0,90.0,0.10746990716890552,tilt,False
0.004247036120921793,-0.10746990716890552,2.0457416963892823e-09,0.0,1.0,15.68,RL,0.8594366408646358,True,True,-2.0041103787055077,-2.0506961797387113,17.763504938819526,False,11.474766390237066,0.0,0.7051678415990523,45.0,90.0,0.10746990716890552,tilt,False
0.004247036120921793,-0.10746990716890552,3.732613105434887e-10,0.0,1.0,15.68,RR,0.3594366408646358,False,False,-2.008469390237164,-2.0403506850769357,17.77387008360683,False,11.500615405886814,0.0,0.7070866273466995,45.0,90.0,0.10746990716890552,tilt,False
0.004247037523814646,-0.10746990595145127,1.0857711306699793e-10,0.0,1.0,15.700000000000001,FL,0.3594366408646358,False,False,-1.7698914316447607,-2.565628170767765,17.24740062586534,False,10.169606509595011,0.0,0.5787564233317977,45.0,90.0,0.10746990595145127,tilt,False
0.004247037523814646,-0.10746990595145127,1.1440327608659823e-09,0.0,1.0,15.700000000000001,FR,0.8594366408646358,True,True,-1.7742408588807685,-2.5554849223844016,17.2575706571018,False,10.195591675317855,0.0,0.5807265611013701,45.0,90.0,0.10746990595145127,tilt,False
0.004247037523814646,-0.10746990595145127,2.107979709267219e-09,0.0,1.0,15.700000000000001,RL,0.8594366408646358,True,True,-2.0041103799698368,-2.0506962144409906,17.763504904072533,False,11.474766390845934,0.0,0.7051678405934472,45.0,90.0,0.10746990595145127,tilt,False
0.004247037523814646,-0.10746990595145127,3.9310686629675424e-10,0.0,1.0,15.700000000000001,RR,0.3594366408646358,False,False,-2.0084693909772944,-2.040350696834139,17.773870071835837,False,11.500615401519127,0.0,0.7070866248539313,45.0,90.0,0.10746990595145127,tilt,False
0.0042470389057145536,-0.10746990483938407,1.244374195164716e-10,0.0,1.0,15.72,FL,0.3594366408646358,False,False,-1.7698914320089139,-2.565628166139429,17.247400630502447,False,10.169606507919086,0.0,0.5787564217909285,45.0,90.0,0.10746990483938407,tilt,False
0.0042470389057145536,-0.10746990483938407,1.2140840259175958e-09,0.0,1.0,15.72,FR,0.8594366408646358,True,True,-1.774240855814395,-2.5554849021586223,17.25757067736767,False,10.19559158428929,0.0,0.5807265616423342,45.0,90.0,0.10746990483938407,tilt,False
0.0042470389057145536,-0.10746990483938407,2.183615334769976e-09,0.0,1.0,15.72,RL,0.8594366408646358,True,True,-2.0041103832734684,-2.050696249903811,17.763504868562585,False,11.474766508296502,0.0,0.7051678394939814,45.0,90.0,0.10746990483938407,tilt,False
0.0042470389057145536,-0.10746990483938407,4.231629118701357e-10,0.0,1.0,15.72,RR,0.3594366408646358,False,False,-2.0084693922629016,-2.040350708374914,17.773870060281183,False,11.500615441297665,0.0,0.7070866226867553,45.0,90.0,0.10746990483938407,tilt,False
0.004247040094877624,-0.10746990381758396,1.5703796234356743e-10,0.0,1.0,15.74,FL,0.3594366408646358,False,False,-1.7698914324652675,-2.5656281611700154,17.247400635481412,False,10.169606508188654,0.0,0.5787564202019819,45.0,90.0,0.10746990381758396,tilt,False
0.004247040094877624,-0.10746990381758396,1.1873940204089944e-09,0.0,1.0,15.74,FR,0.8594366408646358,True,True,-1.7742408533246121,-2.5554848818552487,17.257570697709607,False,10.195591655603044,0.0,0.5807265622474046,45.0,90.0,0.10746990381758396,tilt,False
0.004247040094877624,-0.10746990381758396,2.1546871688543856e-09,0.0,1.0,15.74,RL,0.8594366408646358,True,True,-2.0041103858396343,-2.050696283729586,17.76350483469317,False,11.474766420617321,0.0,0.7051678384635779,45.0,90.0,0.10746990381758396,tilt,False
0.004247040094877624,-0.10746990381758396,4.258945896163601e-10,0.0,1.0,15.74,RR,0.3594366408646358,False,False,-2.0084693933133844,-2.040350719140934,17.773870049502534,False,11.500615418419741,0.0,0.7070866206144188,45.0,90.0,0.10746990381758396,tilt,False
0.004247040922026867,-0.10746990276736938,2.008896572366791e-10,0.0,1.0,15.76,FL,0.3594366408646358,False,False,-1.7698914330222213,-2.5656281561486813,17.247400640513224,False,10.169606515298021,0.0,0.5787564190275019,45.0,90.0,0.10746990276736938,tilt,False
0.004247040922026867,-0.10746990276736938,9.804045013193914e-10,0.0,1.0,15.76,FR,0.8594366408646358,True,True,-1.774240854958222,-2.5554848655895896,17.257570714001417,False,10.195591619944148,0.0,0.5807265625726911,45.0,90.0,0.10746990276736938,tilt,False
0.004247040922026867,-0.10746990276736938,1.9266369674894173e-09,0.0,1.0,15.76,RL,0.8594366408646358,True,True,-2.0041103833247713,-2.0506963120042987,17.76350480638693,False,11.474766458601513,0.0,0.7051678378411003,45.0,90.0,0.10746990276736938,tilt,False
0.004247040922026867,-0.10746990276736938,3.726426212825761e-10,0.0,1.0,15.76,RR,0.3594366408646358,False,False,-2.0084693928400164,-2.040350728472761,17.773870040161242,False,11.500615422873947,0.0,0.7070866180952912,45.0,90.0,0.10746990276736938,tilt,False
0.004247041750076063,-0.1074699014520856,2.2703327424642805e-10,0.0,1.0,15.780000000000001,FL,0.3594366408646358,False,False,-1.7698914337151879,-2.565628152583252,17.24740064408742,False,10.169606519127322,0.0,0.5787564183368937,45.0,90.0,0.1074699014520856,tilt,False
0.004247041750076063,-0.1074699014520856,7.542824058257289e-10,0.0,1.0,15.780000000000001,FR,0.8594366408646358,True,True,-1.7742408595666226,-2.5554848548837197,17.257570724722708,False,10.195591580490586,0.0,0.5807265625792615,45.0,90.0,0.1074699014520856,tilt,False
0.004247041750076063,-0.1074699014520856,1.6723604541346891e-09,0.0,1.0,15.780000000000001,RL,0.8594366408646358,True,True,-2.0041103771996256,-2.050696335847018,17.76350478251996,False,11.47476650189558,0.0,0.7051678374084699,45.0,90.0,0.1074699014520856,tilt,False
0.004247041750076063,-0.1074699014520856,3.0893489958828145e-10,0.0,1.0,15.780000000000001,RR,0.3594366408646358,False,False,-2.0084693911290517,-2.0403507373639718,17.773870031261538,False,11.500615430884508,0.0,0.7070866152917847,45.0,90.0,0.1074699014520856,tilt,False
0.00424704287631317,-0.10746990022817361,2.3154849461980627e-10,0.0,1.0,15.8,FL,0.3594366408646358,False,False,-1.769891434259735,-2.565628149946538,17.247400646730224,False,10.169606515097682,0.0,0.5787564174630127,45.0,90.0,0.10746990022817361,tilt,False
0.00424704287631317,-0.10746990022817361,8.353383841809632e-10,0.0,1.0,15.8,FR,0.8594366408646358,True,True,-1.7742408608987654,-2.555484842625924,17.257570737003036,False,10.195591628230709,0.0,0.5807265627485055,45.0,90.0,0.10746990022817361,tilt,False
0.00424704287631317,-0.10746990022817361,1.7443746888625301e-09,0.0,1.0,15.8,RL,0.8594366408646358,True,True,-2.0041103751327407,-2.0506963619228156,17.763504756412566,False,11.474766443735225,0.0,0.7051678366855353,45.0,90.0,0.10746990022817361,tilt,False
0.00424704287631317,-0.10746990022817361,3.366358298819623e-10,0.0,1.0,15.8,RR,0.3594366408646358,False,False,-2.0084693906997977,-2.0403507468519413,17.773870021763074,False,11.50061541963435,0.0,0.707086612982114,45.0,90.0,0.10746990022817361,tilt,False
0.004247044002380481,-0.10746989919833282,2.4708635888773737e-10,0.0,1.0,15.82,FL,0.3594366408646358,False,False,-1.7698914346127859,-2.565628147515934,17.247400649165776,False,10.169606509274379,0.0,0.578756416546921,45.0,90.0,0.10746989919833282,tilt,False
0.004247044002380481,-0.10746989919833282,8.410440058038716e-10,0.0,1.0,15.82,FR,0.8594366408646358,True,True,-1.7742408611016725,-2.555484829988481,17.257570749664147,False,10.195591684860366,0.0,0.5807265629685122,45.0,90.0,0.10746989919833282,tilt,False
0.004247044002380481,-0.10746989919833282,1.7322481658274346e-09,0.0,1.0,15.82,RL,0.8594366408646358,True,True,-2.004110374479163,-2.0506963875861555,17.763504730717145,False,11.474766380674087,0.0,0.7051678358934746,45.0,90.0,0.10746989919833282,tilt,False
0.004247044002380481,-0.10746989919833282,3.3972958241032646e-10,0.0,1.0,15.82,RR,0.3594366408646358,False,False,-2.0084693908431794,-2.0403507559376073,17.773870012667153,False,11.500615411776803,0.0,0.7070866108890209,45.0,90.0,0.10746989919833282,tilt,False
0.0042470451328828936,-0.10746989831131067,2.6844178966368384e-10,0.0,1.0,15.84,FL,0.3594366408646358,False,False,-1.7698914349680503,-2.565628144968066,17.247400651718376,False,10.16960651152682,0.0,0.5787564155054998,45.0,90.0,0.10746989831131067,tilt,False
0.0042470451328828936,-0.10746989831131067,9.132735907431853e-10,0.0,1.0,15.84,FR,0.8594366408646358,True,True,-1.7742408593776244,-2.555484815305171,17.25757076437624,False,10.19559167605337,0.0,0.580726563303232,45.0,90.0,0.10746989831131067,tilt,False
0.0042470451328828936,-0.10746989831131067,1.8039803888216023e-09,0.0,1.0,15.84,RL,0.8594366408646358,True,True,-2.0041103761483727,-2.050696414188629,17.763504704079697,False,11.474766381998174,0.0,0.705167835039271,45.0,90.0,0.10746989831131067,tilt,False
0.0042470451328828936,-0.10746989831131067,3.732185573000824e-10,0.0,1.0,15.84,RR,0.3594366408646358,False,False,-2.008469391678945,-2.0403507648574792,17.77387000373673,False,11.500615407425853,0.0,0.707086609031709,45.0,90.0,0.10746989831131067,tilt,False
0.0042470462375459725,-0.10746989750433092,2.9693291990450345e-10,0.0,1.0,15.860000000000001,FL,0.3594366408646358,False,False,-1.769891435464306,-2.565628142179678,17.247400654511914,False,10.169606513216035,0.0,0.5787564142445404,45.0,90.0,0.10746989750433092,tilt,False
0.0042470462375459725,-0.10746989750433092,9.902037052689307e-10,0.0,1.0,15.860000000000001,FR,0.8594366408646358,True,True,-1.7742408560570133,-2.5554847984245557,17.257570781290813,False,10.195591584653913,0.0,0.580726563826783,45.0,90.0,0.10746989750433092,tilt,False
0.0042470462375459725,-0.10746989750433092,1.8886275851539555e-09,0.0,1.0,15.860000000000001,RL,0.8594366408646358,True,True,-2.0041103796963577,-2.050696441761441,17.76350467646947,False,11.47476649828557,0.0,0.7051678340862473,45.0,90.0,0.10746989750433092,tilt,False
0.0042470462375459725,-0.10746989750433092,4.138467885779388e-10,0.0,1.0,15.860000000000001,RR,0.3594366408646358,False,False,-2.0084693929890602,-2.0403507736508413,17.773869994932582,False,11.500615446397742,0.0,0.7070866074755474,45.0,90.0,0.10746989750433092,tilt,False
0.004247047153164721,-0.10746989676720102,3.311002749842802e-10,0.0,1.0,15.88,FL,0.3594366408646358,False,False,-1.7698914360427012,-2.565628138992193,17.24740065770557,False,10.169606511373008,0.0,0.5787564129215373,45.0,90.0,0.10746989676720102,tilt,False
0.004247047153164721,-0.10746989676720102,9.733299543106276e-10,0.0,1.0,15.88,FR,0.8594366408646358,True,True,-1.7742408533844498,-2.555484781362829,17.25757079838517,False,10.195591655609812,0.0,0.580726564418638,45.0,90.0,0.10746989676720102,tilt,False
0.004247047153164721,-0.10746989676720102,1.8713676026297552e-09,0.0,1.0,15.88,RL,0.8594366408646358,True,True,-2.0041103824257647,-2.0506964679652024,17.763504650231503,False,11.474766412304984,0.0,0.7051678332003484,45.0,90.0,0.10746989676720102,tilt,False
0.004247047153164721,-0.10746989676720102,4.2472525663195905e-10,0.0,1.0,15.88,RR,0.3594366408646358,False,False,-2.0084693940287566,-2.0403507817847095,17.773869986789112,False,11.500615423677262,0.0,0.707086605988209,45.0,90.0,0.10746989676720102,tilt,False
0.004247047714427728,-0.1074698959880908,3.6508619797720313e-10,0.0,1.0,15.9,FL,0.3594366408646358,False,False,-1.7698914365842193,-2.5656281355869517,17.247400661118327,False,10.16960651984359,0.0,0.5787564120050179,45.0,90.0,0.1074698959880908,tilt,False
0.004247047714427728,-0.1074698959880908,7.826104424797965e-10,0.0,1.0,15.9,FR,0.8594366408646358,True,True,-1.7742408548835076,-2.55548476825063,17.257570811517674,False,10.195591619261204,0.0,0.5807265647250853,45.0,90.0,0.1074698959880908,tilt,False
0.004247047714427728,-0.1074698959880908,1.6605911124144851e-09,0.0,1.0,15.9,RL,0.8594366408646358,True,True,-2.004110380084176,-2.05069648895077,17.763504629223366,False,11.474766449987884,0.0,0.7051678327327877,45.0,90.0,0.1074698959880908,tilt,False
0.004247047714427728,-0.1074698959880908,3.7789885684166906e-10,0.0,1.0,15.9,RR,0.3594366408646358,False,False,-2.0084693935455977,-2.040350788609757,17.77386997995742,False,11.500615428098492,0.0,0.7070866040191399,45.0,90.0,0.1074698959880908,tilt,False
0.004247048293286198,-0.10746989493923122,3.7966159107937057e-10,0.0,1.0,15.92,FL,0.3594366408646358,False,False,-1.7698914371585412,-2.565628133458335,17.24740066325306,False,10.169606525123372,0.0,0.5787564115668749,45.0,90.0,0.10746989493923122,tilt,False
0.004247048293286198,-0.10746989493923122,5.781830362500826e-10,0.0,1.0,15.92,FR,0.8594366408646358,True,True,-1.7742408593796783,-2.555484760599528,17.257570819178426,False,10.19559157927037,0.0,0.5807265647037305,45.0,90.0,0.10746989493923122,tilt,False
0.004247048293286198,-0.10746989493923122,1.4253765935910965e-09,0.0,1.0,15.92,RL,0.8594366408646358,True,True,-2.004110374137502,-2.05069650583551,17.76350461232286,False,11.474766492787516,0.0,0.7051678324605843,45.0,90.0,0.10746989493923122,tilt,False
0.004247048293286198,-0.10746989493923122,3.1790914408280834e-10,0.0,1.0,15.92,RR,0.3594366408646358,False,False,-2.008469391840819,-2.040350795095732,17.77386997346565,False,11.500615436080798,0.0,0.7070866017372909,45.0,90.0,0.10746989493923122,tilt,False
0.004247049194477132,-0.10746989396866902,3.854938671561471e-10,0.0,1.0,15.94,FL,0.3594366408646358,False,False,-1.7698914376848527,-2.5656281323111623,17.247400664403475,False,10.169606519594204,0.0,0.578756410936293,45.0,90.0,0.10746989396866902,tilt,False
0.004247049194477132,-0.10746989396866902,6.573469078780977e-10,0.0,1.0,15.94,FR,0.8594366408646358,True,True,-1.77424086062632,-2.5554847513067256,17.257570828488213,False,10.195591627031646,0.0,0.5807265648470479,45.0,90.0,0.10746989396866902,tilt,False
0.004247049194477132,-0.10746989396866902,1.5025719583882605e-09,0.0,1.0,15.94,RL,0.8594366408646358,True,True,-2.00411037215701,-2.0506965251907046,17.763504592944315,False,11.474766435556978,0.0,0.7051678318836591,45.0,90.0,0.10746989396866902,tilt,False
0.004247049194477132,-0.10746989396866902,3.5140783388043793e-10,0.0,1.0,15.94,RR,0.3594366408646358,False,False,-2.0084693914014724,-2.0403508022745003,17.773869966279015,False,11.500615424915395,0.0,0.7070865999374583,45.0,90.0,0.10746989396866902,tilt,False
0.004247050114490408,-0.10746989317725963,3.986331106693493e-10,0.0,1.0,15.96,FL,0.3594366408646358,False,False,-1.7698914380492106,-2.5656281313721356,17.247400665344582,False,10.169606511922561,0.0,0.5787564102560495,45.0,90.0,0.10746989317725963,tilt,False
0.004247050114490408,-0.10746989317725963,6.690033261846297e-10,0.0,1.0,15.96,FR,0.8594366408646358,True,True,-1.7742408607718843,-2.555484741556837,17.257570838256377,False,10.195591683908816,0.0,0.5807265650410038,45.0,90.0,0.10746989317725963,tilt,False
0.004247050114490408,-0.10746989317725963,1.4991650568477388e-09,0.0,1.0,15.96,RL,0.8594366408646358,True,True,-2.0041103715467448,-2.0506965443913248,17.76350457371956,False,11.474766373450093,0.0,0.7051678312303119,45.0,90.0,0.10746989317725963,tilt,False
0.004247050114490408,-0.10746989317725963,3.611687597483949e-10,0.0,1.0,15.96,RR,0.3594366408646358,False,False,-2.008469391528437,-2.04035080915832,17.773869959387433,False,11.500615417004441,0.0,0.7070865983367378,45.0,90.0,0.10746989317725963,tilt,False
0.004247051056609503,-0.10746989251596946,4.200929007444487e-10,0.0,1.0,15.98,FL,0.3594366408646358,False,False,-1.7698914384705542,-2.565628130361649,17.2474006663568,False,10.169606514471255,0.0,0.5787564094429004,45.0,90.0,0.10746989251596946,tilt,False
0.004247051056609503,-0.10746989251596946,7.44322981174906e-10,0.0,1.0,15.98,FR,0.8594366408646358,True,True,-1.7742408590077225,-2.5554847296799417,17.257570850156856,False,10.195591674907993,0.0,0.580726565350662,45.0,90.0,0.10746989251596946,tilt,False
0.004247051056609503,-0.10746989251596946,1.5762495922436307e-09,0.0,1.0,15.98,RL,0.8594366408646358,True,True,-2.0041103732116734,-2.0506965647509556,17.763504553332666,False,11.4747663747926,0.0,0.7051678305065967,45.0,90.0,0.10746989251596946,tilt,False
0.004247051056609503,-0.10746989251596946,3.9832697815701807e-10,0.0,1.0,15.98,RR,0.3594366408646358,False,False,-2.008469392339819,-2.040350815970291,17.773869952567317,False,11.500615412818542,0.0,0.707086596955672,45.0,90.0,0.10746989251596946,tilt,False
0.004247051987674839,-0.1074698919247126,4.4851307422821664e-10,0.0,1.0,16.0,FL,0.3594366408646358,False,False,-1.7698914390773672,-2.5656281291539242,17.247400667566563,False,10.169606519116345,0.0,0.5787564084021302,45.0,90.0,0.1074698919247126,tilt,False
0.004247051987674839,-0.1074698919247126,8.254514508685345e-10,0.0,1.0,16.0,FR,0.8594366408646358,True,True,-1.7742408556539295,-2.5554847155190052,17.257570864346796,False,10.19559158347977,0.0,0.5807265658515545,45.0,90.0,0.1074698919247126,tilt,False
0.004247051987674839,-0.1074698919247126,1.666053712467296e-09,0.0,1.0,16.0,RL,0.8594366408646358,True,True,-2.0041103767204085,-2.050696586282194,17.763504531771506,False,11.474766489432168,0.0,0.7051678296737048,45.0,90.0,0.1074698919247126,tilt,False
0.004247051987674839,-0.1074698919247126,4.4085362893486757e-10,0.0,1.0,16.0,RR,0.3594366408646358,False,False,-2.008469393619771,-2.040350822737121,17.773869945792047,False,11.500615451137357,0.0,0.7070865958621645,45.0,90.0,0.1074698919247126,tilt,False
0.004247052738778765,-0.10746989139454459,4.787513129011181e-10,0.0,1.0,16.02,FL,0.3594366408646358,False,False,-1.7698914397392616,-2.5656281275178614,17.247400669205724,False,10.1696065149179,0.0,0.5787564072924378,45.0,90.0,0.10746989139454459,tilt,False
0.004247052738778765,-0.10746989139454459,8.166941065254292e-10,0.0,1.0,16.02,FR,0.8594366408646358,True,True,-1.7742408529549183,-2.5554847010928716,17.257570878800667,False,10.195591654533443,0.0,0.580726566420897,45.0,90.0,0.10746989139454459,tilt,False
0.004247052738778765,-0.10746989139454459,1.65719072262881e-09,0.0,1.0,16.02,RL,0.8594366408646358,True,True,-2.0041103794190414,-2.050696606660501,17.763504511366133,False,11.47476640470472,0.0,0.7051678289035219,45.0,90.0,0.10746989139454459,tilt,False
0.004247052738778765,-0.10746989139454459,4.547335943045813e-10,0.0,1.0,16.02,RR,0.3594366408646358,False,False,-2.0084693946342513,-2.040350828924762,17.773869939597,False,11.500615428759412,0.0,0.7070865948196572,45.0,90.0,0.10746989139454459,tilt,False
0.004247053016969526,-0.10746989073678434,4.943609372916623e-10,0.0,1.0,16.04,FL,0.3594366408646358,False,False,-1.7698914400649524,-2.565628125649772,17.247400671079074,False,10.16960652394843,0.0,0.5787564068998076,45.0,90.0,0.10746989073678434,tilt,False
0.004247053016969526,-0.10746989073678434,5.197352769596742e-10,0.0,1.0,16.04,FR,0.8594366408646358,True,True,-1.7742408569944024,-2.555484693958516,17.257570885942158,False,10.19559162214951,0.0,0.5807265664607304,45.0,90.0,0.10746989073678434,tilt,False
0.004247053016969526,-0.10746989073678434,1.3086712199619098e-09,0.0,1.0,16.04,RL,0.8594366408646358,True,True,-2.0041103740940125,-2.050696619002649,17.763504499014537,False,11.474766438397111,0.0,0.7051678287560084,45.0,90.0,0.10746989073678434,tilt,False
0.004247053016969526,-0.10746989073678434,3.6672122749340147e-10,0.0,1.0,16.04,RR,0.3594366408646358,False,False,-2.0084693932567594,-2.0403508333423463,17.773869935176286,False,11.500615433057664,0.0,0.7070865929398655,45.0,90.0,0.10746989073678434,tilt,False
0.0042470535432041125,-0.107469889894707,4.97832518191646e-10,0.0,1.0,16.06,FL,0.3594366408646358,False,False,-1.769891440482778,-2.5656281250890576,17.24740067164268,False,10.169606529721404,0.0,0.5787564066763031,45.0,90.0,0.107469889894707,tilt,False
0.0042470535432041125,-0.107469889894707,4.70364395858677e-10,0.0,1.0,16.06,FR,0.8594366408646358,True,True,-1.7742408606842217,-2.5554846887974567,17.25757089110957,False,10.195591579946981,0.0,0.5807265663966321,45.0,90.0,0.107469889894707,tilt,False
0.0042470535432041125,-0.107469889894707,1.244195867492019e-09,0.0,1.0,16.06,RL,0.8594366408646358,True,True,-2.004110369190272,-2.0506966310638273,17.76350448694214,False,11.47476648188317,0.0,0.7051678285352686,45.0,90.0,0.107469889894707,tilt,False
0.0042470535432041125,-0.107469889894707,3.5666033588536556e-10,0.0,1.0,16.06,RR,0.3594366408646358,False,False,-2.008469391886973,-2.0403508382251245,17.773869930289163,False,11.50061544150657,0.0,0.7070865911258287,45.0,90.0,0.107469889894707,tilt,False
0.004247054328986609,-0.10746988917137237,5.054957256233025e-10,0.0,1.0,16.080000000000002,FL,0.3594366408646358,False,False,-1.76989144092558,-2.5656281252920308,17.24740067143999,False,10.169606522771014,0.0,0.5787564062408722,45.0,90.0,0.10746988917137237,tilt,False
0.004247054328986609,-0.10746988917137237,5.399271456120904e-10,0.0,1.0,16.080000000000002,FR,0.8594366408646358,True,True,-1.7742408613025986,-2.5554846817601033,17.25757089816033,False,10.195591626850282,0.0,0.5807265665074559,45.0,90.0,0.10746988917137237,tilt,False
0.004247054328986609,-0.10746988917137237,1.3209399199165483e-09,0.0,1.0,16.080000000000002,RL,0.8594366408646358,True,True,-2.0041103679835013,-2.0506966454170126,17.763504472571007,False,11.474766426461406,0.0,0.705167828021656,45.0,90.0,0.10746988917137237,tilt,False
0.004247054328986609,-0.10746988917137237,3.8951110350279776e-10,0.0,1.0,16.080000000000002,RR,0.3594366408646358,False,False,-2.008469391725085,-2.040350843625957,17.773869924882316,False,11.500615430485379,0.0,0.7070865897682355,45.0,90.0,0.10746988917137237,tilt,False
0.004247055093065494,-0.1074698886109659,5.185467687435044e-10,0.0,1.0,16.1,FL,0.3594366408646358,False,False,-1.7698914412761328,-2.5656281255372337,17.24740067119437,False,10.169606513599021,0.0,0.5787564057377798,45.0,90.0,0.1074698886109659,tilt,False
0.004247055093065494,-0.1074698886109659,5.539333651324432e-10,0.0,1.0,16.1,FR,0.8594366408646358,True,True,-1.774240861004285,-2.555484674113158,17.257570905822014,False,10.19559168338022,0.0,0.5807265666799187,45.0,90.0,0.1074698886109659,tilt,False
0.004247055093065494,-0.1074698886109659,1.3245683927866918e-09,0.0,1.0,16.1,RL,0.8594366408646358,True,True,-2.0041103679067396,-2.0506966596235685,17.76350445834613,False,11.474766366065252,0.0,0.7051678274419592,45.0,90.0,0.1074698886109659,tilt,False
0.004247055093065494,-0.1074698886109659,4.0250115538785484e-10,0.0,1.0,16.1,RR,0.3594366408646358,False,False,-2.00846939201876,-2.0403508487015705,17.773869919800962,False,11.50061542248407,0.0,0.7070865885828884,45.0,90.0,0.1074698886109659,tilt,False
0.004247055859790032,-0.10746988815730217,5.418970742202596e-10,0.0,1.0,16.12,FL,0.3594366408646358,False,False,-1.7698914417787481,-2.5656281256648956,17.247400671066167,False,10.169606516824937,0.0,0.5787564050862443,45.0,90.0,0.10746988815730217,tilt,False
0.004247055859790032,-0.10746988815730217,6.276254955245444e-10,0.0,1.0,16.12,FR,0.8594366408646358,True,True,-1.77424085893204,-2.5554846642322633,17.257570915722997,False,10.195591673726051,0.0,0.580726566978377,45.0,90.0,0.10746988815730217,tilt,False
0.004247055859790032,-0.10746988815730217,1.4057320365626024e-09,0.0,1.0,16.12,RL,0.8594366408646358,True,True,-2.0041103699063347,-2.0506966750583713,17.763504442890007,False,11.474766367986776,0.0,0.7051678267952145,45.0,90.0,0.10746988815730217,tilt,False
0.004247055859790032,-0.10746988815730217,4.396557445739549e-10,0.0,1.0,16.12,RR,0.3594366408646358,False,False,-2.0084693929024073,-2.040350853733396,17.773869914763,False,11.500615418305696,0.0,0.7070865875962473,45.0,90.0,0.10746988815730217,tilt,False
0.004247056610681665,-0.1074698877547202,5.716710759960176e-10,0.0,1.0,16.14,FL,0.3594366408646358,False,False,-1.7698914425340466,-2.565628125601207,17.247400671129608,False,10.169606524739931,0.0,0.5787564041941498,45.0,90.0,0.1074698877547202,tilt,False
0.004247056610681665,-0.1074698877547202,7.093365368912491e-10,0.0,1.0,16.14,FR,0.8594366408646358,True,True,-1.7742408553588531,-2.5554846519892163,17.25757092799155,False,10.1955915818399,0.0,0.5807265674767793,45.0,90.0,0.1074698877547202,tilt,False
0.004247056610681665,-0.1074698877547202,1.499451416120959e-09,0.0,1.0,16.14,RL,0.8594366408646358,True,True,-2.004110373609369,-2.0506966917787848,17.763504426145584,False,11.474766481403783,0.0,0.7051678260363906,45.0,90.0,0.1074698877547202,tilt,False
0.004247056610681665,-0.1074698877547202,4.812340056594229e-10,0.0,1.0,16.14,RR,0.3594366408646358,False,False,-2.00846939419309,-2.040350858778534,17.7738699097114,False,11.500615455770289,0.0,0.7070865868820791,45.0,90.0,0.1074698877547202,tilt,False
0.004247057184138624,-0.10746988739859911,5.992825348185401e-10,0.0,1.0,16.16,FL,0.3594366408646358,False,False,-1.7698914433238873,-2.565628125078094,17.247400671653686,False,10.169606518445017,0.0,0.5787564032244316,45.0,90.0,0.10746988739859911,tilt,False
0.004247057184138624,-0.10746988739859911,7.071861403792209e-10,0.0,1.0,16.16,FR,0.8594366408646358,True,True,-1.7742408525028632,-2.5554846394270845,17.25757094057801,False,10.195591652737884,0.0,0.5807265680470243,45.0,90.0,0.10746988739859911,tilt,False
0.004247057184138624,-0.10746988739859911,1.4976858025036242e-09,0.0,1.0,16.16,RL,0.8594366408646358,True,True,-2.0041103764366976,-2.050696707515388,17.76350441038767,False,11.47476639821753,0.0,0.7051678253408467,45.0,90.0,0.10746988739859911,tilt,False
0.004247057184138624,-0.10746988739859911,4.95977890751016e-10,0.0,1.0,16.16,RR,0.3594366408646358,False,False,-2.008469395189928,-2.0403508633253624,17.77386990515902,False,11.500615433632545,0.0,0.7070865862014514,45.0,90.0,0.10746988739859911,tilt,False
0.004247057287457941,-0.1074698869084643,6.005867553567224e-10,0.0,1.0,16.18,FL,0.3594366408646358,False,False,-1.7698914435532211,-2.565628124076305,17.247400672659236,False,10.169606528670187,0.0,0.5787564029720222,45.0,90.0,0.1074698869084643,tilt,False
0.004247057287457941,-0.1074698869084643,4.521968493026464e-10,0.0,1.0,16.18,FR,0.8594366408646358,True,True,-1.7742408564367478,-2.5554846341252837,17.25757094588343,False,10.19559161968337,0.0,0.5807265680757044,45.0,90.0,0.1074698869084643,tilt,False
0.004247057287457941,-0.1074698869084643,1.1698534909699924e-09,0.0,1.0,16.18,RL,0.8594366408646358,True,True,-2.0041103712990713,-2.0506967154921565,17.76350440240671,False,11.474766431567359,0.0,0.7051678252900555,45.0,90.0,0.1074698869084643,tilt,False
0.004247057287457941,-0.1074698869084643,4.15427823570136e-10,0.0,1.0,16.18,RR,0.3594366408646358,False,False,-2.008469393820125,-2.0403508662022487,17.773869902280662,False,11.500615437900331,0.0,0.7070865846495826,45.0,90.0,0.1074698869084643,tilt,False
0.004247057657347765,-0.10746988623074304,5.99302809580006e-10,0.0,1.0,16.2,FL,0.3594366408646358,False,False,-1.7698914438807196,-2.5656281243368295,17.247400672400154,False,10.169606535923789,0.0,0.5787564028860455,45.0,90.0,0.10746988623074304,tilt,False
0.004247057657347765,-0.10746988623074304,4.1537719660796795e-10,0.0,1.0,16.2,FR,0.8594366408646358,True,True,-1.7742408600419715,-2.5554846307403594,17.257570949271322,False,10.195591577009747,0.0,0.5807265679959428,45.0,90.0,0.10746988623074304,tilt,False
0.004247057657347765,-0.10746988623074304,1.1140249421391614e-09,0.0,1.0,16.2,RL,0.8594366408646358,True,True,-2.004110366537151,-2.050696723373789,17.763504394518957,False,11.474766474491393,0.0,0.7051678251643125,45.0,90.0,0.10746988623074304,tilt,False
0.004247057657347765,-0.10746988623074304,4.0576536339233417e-10,0.0,1.0,16.2,RR,0.3594366408646358,False,False,-2.0084693924611563,-2.04035086960638,17.773869898873855,False,11.500615446287798,0.0,0.7070865831510076,45.0,90.0,0.10746988623074304,tilt,False
0.004247058307274654,-0.10746988566127512,6.072828455646731e-10,0.0,1.0,16.22,FL,0.3594366408646358,False,False,-1.769891444323636,-2.5656281254306594,17.247400671304902,False,10.169606527499615,0.0,0.5787564025828668,45.0,90.0,0.10746988566127512,tilt,False
0.004247058307274654,-0.10746988566127512,4.680154815367856e-10,0.0,1.0,16.22,FR,0.8594366408646358,True,True,-1.7742408605951367,-2.555484625427144,17.25757095459472,False,10.195591624081716,0.0,0.5807265680932747,45.0,90.0,0.10746988566127512,tilt,False
0.004247058307274654,-0.10746988566127512,1.1913453976402316e-09,0.0,1.0,16.22,RL,0.8594366408646358,True,True,-2.004110365388213,-2.0506967336909043,17.763504384188888,False,11.474766419891273,0.0,0.7051678247339083,45.0,90.0,0.10746988566127512,tilt,False
0.004247058307274654,-0.10746988566127512,4.3683217231300273e-10,0.0,1.0,16.22,RR,0.3594366408646358,False,False,-2.0084693922898036,-2.0403508735908176,17.773869894885017,False,11.500615435420983,0.0,0.7070865821041725,45.0,90.0,0.10746988566127512,tilt,False
0.0042470589506106455,-0.10746988524390429,6.181260752057016e-10,0.0,1.0,16.240000000000002,FL,0.3594366408646358,False,False,-1.7698914446960985,-2.565628126585458,17.247400670147904,False,10.169606516490266,0.0,0.5787564022083055,45.0,90.0,0.10746988524390429,tilt,False
0.0042470589506106455,-0.10746988524390429,4.82542577987146e-10,0.0,1.0,16.240000000000002,FR,0.8594366408646358,True,True,-1.7742408602524942,-2.555484619462839,17.2575709605706,False,10.195591681006823,0.0,0.5807265682520947,45.0,90.0,0.10746988524390429,tilt,False
0.0042470589506106455,-0.10746988524390429,1.1996900724475517e-09,0.0,1.0,16.240000000000002,RL,0.8594366408646358,True,True,-2.0041103653332706,-2.050696744025953,17.763504373840235,False,11.474766360349252,0.0,0.7051678242326247,45.0,90.0,0.10746988524390429,tilt,False
0.0042470589506106455,-0.10746988524390429,4.500773189203529e-10,0.0,1.0,16.240000000000002,RR,0.3594366408646358,False,False,-2.008469392566936,-2.0403508773225303,17.773869891149065,False,11.500615427452468,0.0,0.7070865812191125,45.0,90.0,0.10746988524390429,tilt,False
0.004247059610482628,-0.10746988492467589,6.416833144966579e-10,0.0,1.0,16.26,FL,0.3594366408646358,False,False,-1.7698914452701566,-2.5656281276860184,17.247400669044865,False,10.1696065200057,0.0,0.5787564016811275,45.0,90.0,0.10746988492467589,tilt,False
0.004247059610482628,-0.10746988492467589,5.507656691794861e-10,0.0,1.0,16.26,FR,0.8594366408646358,True,True,-1.7742408581455857,-2.5554846112162375,17.257570968834273,False,10.19559167118856,0.0,0.5807265685380101,45.0,90.0,0.10746988492467589,tilt,False
0.004247059610482628,-0.10746988492467589,1.2821516647116074e-09,0.0,1.0,16.26,RL,0.8594366408646358,True,True,-2.004110367314724,-2.0506967557209244,17.763504362128586,False,11.474766362232375,0.0,0.7051678236584044,45.0,90.0,0.10746988492467589,tilt,False
0.004247059610482628,-0.10746988492467589,4.852519308100476e-10,0.0,1.0,16.26,RR,0.3594366408646358,False,False,-2.008469393425999,-2.040350881070796,17.773869887396145,False,11.500615423433395,0.0,0.7070865805235486,45.0,90.0,0.10746988492467589,tilt,False
0.004247060265646021,-0.1074698846501577,6.718366783215872e-10,0.0,1.0,16.28,FL,0.3594366408646358,False,False,-1.7698914461367794,-2.565628128652554,17.247400668076008,False,10.169606530817953,0.0,0.5787564009085016,45.0,90.0,0.1074698846501577,tilt,False
0.004247060265646021,-0.1074698846501577,6.300919003703016e-10,0.0,1.0,16.28,FR,0.8594366408646358,True,True,-1.7742408545411426,-2.5554846005550953,17.257570979518043,False,10.195591579137691,0.0,0.5807265690264013,45.0,90.0,0.1074698846501577,tilt,False
0.004247060265646021,-0.1074698846501577,1.37723115850075e-09,0.0,1.0,16.28,RL,0.8594366408646358,True,True,-2.004110370969623,-2.050696768817653,17.76350434901231,False,11.474766474029526,0.0,0.7051678229640707,45.0,90.0,0.1074698846501577,tilt,False
0.004247060265646021,-0.1074698846501577,5.245092470949256e-10,0.0,1.0,16.28,RR,0.3594366408646358,False,False,-2.0084693946862133,-2.040350884882906,17.773869883578985,False,11.500615460184376,0.0,0.7070865800934847,45.0,90.0,0.1074698846501577,tilt,False
0.00424706074891919,-0.10746988441671247,6.967372763169558e-10,0.0,1.0,16.3,FL,0.3594366408646358,False,False,-1.7698914470075517,-2.565628129144119,17.247400667583445,False,10.169606522205388,0.0,0.5787564000547033,45.0,90.0,0.10746988441671247,tilt,False
0.00424706074891919,-0.10746988441671247,6.331035606385724e-10,0.0,1.0,16.3,FR,0.8594366408646358,True,True,-1.7742408516592498,-2.5554845895261504,17.257570990568496,False,10.195591650292073,0.0,0.5807265695866186,45.0,90.0,0.10746988441671247,tilt,False
0.00424706074891919,-0.10746988441671247,1.3803458951075797e-09,0.0,1.0,16.3,RL,0.8594366408646358,True,True,-2.0041103737576704,-2.0506967810622054,17.763504336750778,False,11.474766391995633,0.0,0.7051678223309861,45.0,90.0,0.10746988441671247,tilt,False
0.00424706074891919,-0.10746988441671247,5.388924275067419e-10,0.0,1.0,16.3,RR,0.3594366408646358,False,False,-2.0084693956575057,-2.040350888247857,17.773869880209876,False,11.500615438471808,0.0,0.7070865796853065,45.0,90.0,0.10746988441671247,tilt,False
0.004247060758965959,-0.10746988404942041,6.845708456654068e-10,0.0,1.0,16.32,FL,0.3594366408646358,False,False,-1.7698914470974867,-2.5656281289058933,17.247400667824163,False,10.169606533457394,0.0,0.5787563999218199,45.0,90.0,0.10746988404942041,tilt,False
0.004247060758965959,-0.10746988404942041,4.2448373302264094e-10,0.0,1.0,16.32,FR,0.8594366408646358,True,True,-1.7742408555875624,-2.5554845857269846,17.25757099436851,False,10.195591616760234,0.0,0.5807265695917782,45.0,90.0,0.10746988404942041,tilt,False
0.004247060758965959,-0.10746988404942041,1.0715435312553444e-09,0.0,1.0,16.32,RL,0.8594366408646358,True,True,-2.004110368691473,-2.0506967857646488,17.7635043320481,False,11.474766424831433,0.0,0.705167822364111,45.0,90.0,0.10746988404942041,tilt,False
0.004247060758965959,-0.10746988404942041,4.635775531526688e-10,0.0,1.0,16.32,RR,0.3594366408646358,False,False,-2.0084693943082725,-2.040350890007085,17.773869878450455,False,11.500615442820648,0.0,0.7070865783759926,45.0,90.0,0.10746988404942041,tilt,False
0.004247061043660976,-0.10746988349623632,6.791342854885844e-10,0.0,1.0,16.34,FL,0.3594366408646358,False,False,-1.7698914472982428,-2.56562812986735,17.247400666862855,False,10.169606542074682,0.0,0.5787563999536842,45.0,90.0,0.10746988349623632,tilt,False
0.004247061043660976,-0.10746988349623632,3.9912936843230795e-10,0.0,1.0,16.34,FR,0.8594366408646358,True,True,-1.7742408591770626,-2.5554845837765514,17.257570996319213,False,10.195591573701613,0.0,0.5807265694844219,45.0,90.0,0.10746988349623632,tilt,False
0.004247061043660976,-0.10746988349623632,1.0226432217454354e-09,0.0,1.0,16.34,RL,0.8594366408646358,True,True,-2.0041103639935747,-2.050696790492669,17.76350432731775,False,11.47476646710817,0.0,0.7051678223200581,45.0,90.0,0.10746988349623632,tilt,False
0.004247061043660976,-0.10746988349623632,4.535837446578818e-10,0.0,1.0,16.34,RR,0.3594366408646358,False,False,-2.008469392977746,-2.0403508923132683,17.77386987614284,False,11.500615451216914,0.0,0.7070865771114295,45.0,90.0,0.10746988349623632,tilt,False
0.00424706161612034,-0.10746988304495976,6.881971594289488e-10,0.0,1.0,16.36,FL,0.3594366408646358,False,False,-1.7698914477159087,-2.5656281317133143,17.247400665013988,False,10.16960653214546,0.0,0.5787563997625466,45.0,90.0,0.10746988304495976,tilt,False
0.00424706161612034,-0.10746988304495976,4.311306107207682e-10,0.0,1.0,16.36,FR,0.8594366408646358,True,True,-1.7742408597099593,-2.5554845798341637,17.257571000269234,False,10.195591621059485,0.0,0.5807265695581406,45.0,90.0,0.10746988304495976,tilt,False
0.00424706161612034,-0.10746988304495976,1.0989879549521133e-09,0.0,1.0,16.36,RL,0.8594366408646358,True,True,-2.004110362858181,-2.050696797738172,17.76350432006302,False,11.474766413271968,0.0,0.7051678219592739,45.0,90.0,0.10746988304495976,tilt,False
0.00424706161612034,-0.10746988304495976,4.827409312566839e-10,0.0,1.0,16.36,RR,0.3594366408646358,False,False,-2.008469392816181,-2.0403508952242038,17.773869873228723,False,11.50061544057283,0.0,0.7070865762978585,45.0,90.0,0.10746988304495976,tilt,False
0.004247062183808029,-0.10746988273819387,6.976516077177024e-10,0.0,1.0,16.38,FL,0.3594366408646358,False,False,-1.769891448094002,-2.5656281336194318,17.24740066310424,False,10.169606519308358,0.0,0.5787563994953475,45.0,90.0,0.10746988273819387,tilt,False
0.004247062183808029,-0.10746988273819387,4.4372621212895036e-10,0.0,1.0,16.38,FR,0.8594366408646358,True,True,-1.7742408593528838,-2.555484575194812,17.25757100491776,False,10.195591678423618,0.0,0.580726569695416,45.0,90.0,0.10746988273819387,tilt,False
0.004247062183808029,-0.10746988273819387,1.110618060593012e-09,0.0,1.0,16.38,RL,0.8594366408646358,True,True,-2.004110362803145,-2.0506968051063508,17.763504312684926,False,11.474766354588276,0.0,0.7051678215229956,45.0,90.0,0.10746988273819387,tilt,False
0.004247062183808029,-0.10746988273819387,4.956298503495646e-10,0.0,1.0,16.38,RR,0.3594366408646358,False,False,-2.0084693930940354,-2.0403508979222433,17.773869870527683,False,11.500615432682237,0.0,0.7070865756389958,45.0,90.0,0.10746988273819387,tilt,False
0.004247062770105771,-0.10746988252345394,7.222443340870121e-10,0.0,1.0,16.4,FL,0.3594366408646358,False,False,-1.7698914487314712,-2.56562813551834,17.247400661201198,False,10.169606523141278,0.0,0.5787563990700317,45.0,90.0,0.10746988252345394,tilt,False
0.004247062770105771,-0.10746988252345394,5.032136034146803e-10,0.0,1.0,16.4,FR,0.8594366408646358,True,True,-1.7742408572282846,-2.5554845682239473,17.25757101190333,False,10.195591668410088,0.0,0.5807265699633207,45.0,90.0,0.10746988252345394,tilt,False
0.004247062770105771,-0.10746988252345394,1.1929980174784493e-09,0.0,1.0,16.4,RL,0.8594366408646358,True,True,-2.0041103647593825,-2.05069681391289,17.763504303865215,False,11.474766356492552,0.0,0.7051678210079528,45.0,90.0,0.10746988252345394,tilt,False
0.004247062770105771,-0.10746988252345394,5.287657753938016e-10,0.0,1.0,16.4,RR,0.3594366408646358,False,False,-2.0084693939391163,-2.0403509006685536,17.773869867777854,False,11.500615428809674,0.0,0.7070865751637602,45.0,90.0,0.10746988252345394,tilt,False
0.004247063353234061,-0.10746988234902381,7.53576018862284e-10,0.0,1.0,16.42,FL,0.3594366408646358,False,False,-1.7698914497074059,-2.565628137331043,17.247400659384454,False,10.169606536860485,0.0,0.5787563983928153,45.0,90.0,0.10746988234902381,tilt,False
0.004247063353234061,-0.10746988234902381,5.778246179642407e-10,0.0,1.0,16.42,FR,0.8594366408646358,True,True,-1.774240853595864,-2.555484558786316,17.257571021361358,False,10.19559157605653,0.0,0.5807265704386964,45.0,90.0,0.10746988234902381,tilt,False
0.004247063353234061,-0.10746988234902381,1.288144285712288e-09,0.0,1.0,16.42,RL,0.8594366408646358,True,True,-2.0041103683691475,-2.050696824190616,17.76350429357144,False,11.474766466775595,0.0,0.7051678203645066,45.0,90.0,0.10746988234902381,tilt,False
0.004247063353234061,-0.10746988234902381,5.657973260963568e-10,0.0,1.0,16.42,RR,0.3594366408646358,False,False,-2.008469395171603,-2.040350903505031,17.773869864937453,False,11.500615464785453,0.0,0.7070865749504954,45.0,90.0,0.10746988234902381,tilt,False
0.004247063710291275,-0.10746988221800576,7.726400026733896e-10,0.0,1.0,16.44,FL,0.3594366408646358,False,False,-1.7698914505478724,-2.565628138528543,17.247400658184706,False,10.169606536847244,0.0,0.5787563977407375,45.0,90.0,0.10746988221800576,tilt,False
0.004247063710291275,-0.10746988221800576,5.61791095459328e-10,0.0,1.0,16.44,FR,0.8594366408646358,True,True,-1.774240851316118,-2.555484549602336,17.257571030562673,False,10.195591616420957,0.0,0.5807265708990198,45.0,90.0,0.10746988221800576,tilt,False
0.004247063710291275,-0.10746988221800576,1.2647702450495073e-09,0.0,1.0,16.44,RL,0.8594366408646358,True,True,-2.004110370428927,-2.050696832992624,17.763504284757467,False,11.474766405694922,0.0,0.7051678198868994,45.0,90.0,0.10746988221800576,tilt,False
0.004247063710291275,-0.10746988221800576,5.714217882780609e-10,0.0,1.0,16.44,RR,0.3594366408646358,False,False,-2.0084693959367197,-2.04035090575606,17.77386986268378,False,11.500615438481178,0.0,0.7070865746040922,45.0,90.0,0.10746988221800576,tilt,False
0.004247063601940851,-0.10746988185831355,7.32503593881666e-10,0.0,1.0,16.46,FL,0.3594366408646358,False,False,-1.769891450265227,-2.565628138973656,17.24740065774148,False,10.169606537055133,0.0,0.5787563979123965,45.0,90.0,0.10746988185831355,tilt,False
0.004247063601940851,-0.10746988185831355,4.1429576233003015e-10,0.0,1.0,16.46,FR,0.8594366408646358,True,True,-1.7742408569295516,-2.5554845497420575,17.257571030415566,False,10.195591617159774,0.0,0.5807265707189783,45.0,90.0,0.10746988185831355,tilt,False
0.004247063601940851,-0.10746988185831355,9.104894813255045e-10,0.0,1.0,16.46,RL,0.8594366408646358,True,True,-2.004110363533089,-2.0506968331359223,17.76350428462072,False,11.474766415400689,0.0,0.7051678200748823,45.0,90.0,0.10746988185831355,tilt,False
0.004247063601940851,-0.10746988185831355,4.774936101450558e-10,0.0,1.0,16.46,RR,0.3594366408646358,False,False,-2.0084693940303557,-2.0403509063831247,17.773869862058188,False,11.500615447853047,0.0,0.707086573303598,45.0,90.0,0.10746988185831355,tilt,False
0.004247063892846794,-0.10746988142943786,7.365035624370893e-10,0.0,1.0,16.48,FL,0.3594366408646358,False,False,-1.7698914503961745,-2.5656281407597827,17.247400655953584,False,10.169606546759285,0.0,0.578756398040591,45.0,90.0,0.10746988142943786,tilt,False
0.004247063892846794,-0.10746988142943786,3.997923811643379e-10,0.0,1.0,16.48,FR,0.8594366408646358,True,True,-1.7742408597759898,-2.555484548890364,17.2575710312666,False,10.195591572268327,0.0,0.5807265705837327,45.0,90.0,0.10746988142943786,tilt,False
0.004247063892846794,-0.10746988142943786,9.588332264652531e-10,0.0,1.0,16.48,RL,0.8594366408646358,True,True,-2.004110359768316,-2.050696835798598,17.76350428195718,False,11.47476645820149,0.0,0.7051678200239584,45.0,90.0,0.10746988142943786,tilt,False
0.004247063892846794,-0.10746988142943786,4.947910643755484e-10,0.0,1.0,16.48,RR,0.3594366408646358,False,False,-2.0084693930214543,-2.040350907943425,17.773869860497054,False,11.500615456401862,0.0,0.7070865722869676,45.0,90.0,0.10746988142943786,tilt,False
0.004247064411429752,-0.10746988111936953,7.489263387578089e-10,0.0,1.0,16.5,FL,0.3594366408646358,False,False,-1.7698914508182813,-2.5656281432674852,17.24740065344135,False,10.16960653566143,0.0,0.5787563979281577,45.0,90.0,0.10746988111936953,tilt,False
0.004247064411429752,-0.10746988111936953,4.1604584182202117e-10,0.0,1.0,16.5,FR,0.8594366408646358,True,True,-1.7742408597486956,-2.555484545888262,17.257571034275113,False,10.195591619026027,0.0,0.5807265706434288,45.0,90.0,0.10746988111936953,tilt,False
0.004247064411429752,-0.10746988111936953,1.0321717966256033e-09,0.0,1.0,16.5,RL,0.8594366408646358,True,True,-2.004110359297026,-2.0506968407701316,17.76350427697866,False,11.474766406026541,0.0,0.7051678196683232,45.0,90.0,0.10746988111936953,tilt,False
0.004247064411429752,-0.10746988111936953,5.224916865023765e-10,0.0,1.0,16.5,RR,0.3594366408646358,False,False,-2.0084693930855004,-2.0403509099609085,17.77386985847729,False,11.500615445894027,0.0,0.7070865717036858,45.0,90.0,0.10746988111936953,tilt,False
0.004247064887550707,-0.10746988093758626,7.597116802718171e-10,0.0,1.0,16.52,FL,0.3594366408646358,False,False,-1.7698914512474413,-2.5656281457138475,17.24740065099004,False,10.169606521426546,0.0,0.5787563977252981,45.0,90.0,0.10746988093758626,tilt,False
0.004247064887550707,-0.10746988093758626,4.2708176597736233e-10,0.0,1.0,16.52,FR,0.8594366408646358,True,True,-1.7742408589974181,-2.5554845420976102,17.25757103807355,False,10.195591676246458,0.0,0.5807265707781605,45.0,90.0,0.10746988093758626,tilt,False
0.004247064887550707,-0.10746988093758626,1.0467047948887015e-09,0.0,1.0,16.52,RL,0.8594366408646358,True,True,-2.004110359694021,-2.050696845811252,17.76350427193015,False,11.474766348886819,0.0,0.7051678192480466,45.0,90.0,0.10746988093758626,tilt,False
0.004247064887550707,-0.10746988093758626,5.351704446495846e-10,0.0,1.0,16.52,RR,0.3594366408646358,False,False,-2.008469393485139,-2.0403509117326024,17.773869856703513,False,11.500615437942708,0.0,0.7070865712569492,45.0,90.0,0.10746988093758626,tilt,False
0.004247065365788899,-0.10746988082992368,7.871997907319402e-10,0.0,1.0,16.54,FL,0.3594366408646358,False,False,-1.7698914520037807,-2.5656281481413883,17.24740064855732,False,10.169606525948403,0.0,0.5787563973526905,45.0,90.0,0.10746988082992368,tilt,False
0.004247065365788899,-0.10746988082992368,4.781553502365485e-10,0.0,1.0,16.54,FR,0.8594366408646358,True,True,-1.7742408565903713,-2.5554845359137857,17.257571044270826,False,10.195591665601599,0.0,0.5807265710533113,45.0,90.0,0.10746988082992368,tilt,False
0.004247065365788899,-0.10746988082992368,1.1291246328304343e-09,0.0,1.0,16.54,RL,0.8594366408646358,True,True,-2.004110361929316,-2.0506968522877136,17.76350426544337,False,11.474766351278882,0.0,0.7051678187530873,45.0,90.0,0.10746988082992368,tilt,False
0.004247065365788899,-0.10746988082992368,5.669460295498898e-10,0.0,1.0,16.54,RR,0.3594366408646358,False,False,-2.008469394368849,-2.0403509135613516,17.773869854872327,False,11.500615434027301,0.0,0.7070865709813832,45.0,90.0,0.10746988082992368,tilt,False
0.004247065838656374,-0.10746988074924106,8.211482959505936e-10,0.0,1.0,16.56,FL,0.3594366408646358,False,False,-1.7698914531490522,-2.565628150517998,17.247400646175546,False,10.169606542839805,0.0,0.5787563967191257,45.0,90.0,0.10746988074924106,tilt,False
0.004247065838656374,-0.10746988074924106,5.475040449126205e-10,0.0,1.0,16.56,FR,0.8594366408646358,True,True,-1.7742408527507345,-2.5554845272259747,17.257571052977706,False,10.195591572587281,0.0,0.5807265715439783,45.0,90.0,0.10746988074924106,tilt,False
0.004247065838656374,-0.10746988074924106,1.2244706879712473e-09,0.0,1.0,16.56,RL,0.8594366408646358,True,True,-2.00411036569894,-2.0506968602743703,17.76350425744355,False,11.474766460388109,0.0,0.7051678181278778,45.0,90.0,0.10746988074924106,tilt,False
0.004247065838656374,-0.10746988074924106,6.024239433725461e-10,0.0,1.0,16.56,RR,0.3594366408646358,False,False,-2.00846939559109,-2.0403509155144386,17.77386985291634,False,11.500615469048352,0.0,0.7070865709607651,45.0,90.0,0.10746988074924106,tilt,False
0.004247066088587054,-0.10746988070189524,8.382873950996464e-10,0.0,1.0,16.580000000000002,FL,0.3594366408646358,False,False,-1.7698914541068762,-2.565628152253616,17.247400644436635,False,10.169606541725235,0.0,0.578756396107327,45.0,90.0,0.10746988070189524,tilt,False
0.004247066088587054,-0.10746988070189524,5.368326851098355e-10,0.0,1.0,16.580000000000002,FR,0.8594366408646358,True,True,-1.774240850324106,-2.5554845187823783,17.257571061437236,False,10.195591612567773,0.0,0.580726572020188,45.0,90.0,0.10746988070189524,tilt,False
0.004247066088587054,-0.10746988070189524,1.2053681787001977e-09,0.0,1.0,16.580000000000002,RL,0.8594366408646358,True,True,-2.0041103678703003,-2.05069686688298,17.76350425082567,False,11.474766400396806,0.0,0.7051678176744922,45.0,90.0,0.10746988070189524,tilt,False
0.004247066088587054,-0.10746988070189524,6.078654060304204e-10,0.0,1.0,16.580000000000002,RR,0.3594366408646358,False,False,-2.0084693963295095,-2.040350916941356,17.773869851487653,False,11.500615443274839,0.0,0.7070865707935107,45.0,90.0,0.10746988070189524,tilt,False
0.0042470658759443366,-0.10746988042548944,7.839248367049066e-10,0.0,1.0,16.6,FL,0.3594366408646358,False,False,-1.7698914536843253,-2.56562815295798,17.247400643733915,False,10.16960654203394,0.0,0.5787563963264614,45.0,90.0,0.10746988042548944,tilt,False
0.0042470658759443366,-0.10746988042548944,4.416745685597161e-10,0.0,1.0,16.6,FR,0.8594366408646358,True,True,-1.7742408558603027,-2.555484519688331,17.257571060522377,False,10.195591613136061,0.0,0.5807265718400436,45.0,90.0,0.10746988042548944,tilt,False
0.0042470658759443366,-0.10746988042548944,8.709539173353415e-10,0.0,1.0,16.6,RL,0.8594366408646358,True,True,-2.0041103611598796,-2.0506968650419175,17.763504252675652,False,11.474766410011934,0.0,0.7051678179125944,45.0,90.0,0.10746988042548944,tilt,False
0.0042470658759443366,-0.10746988042548944,5.165399560984445e-10,0.0,1.0,16.6,RR,0.3594366408646358,False,False,-2.0084693944466685,-2.0403509168257052,17.773869851605554,False,11.500615452408615,0.0,0.7070865696436922,45.0,90.0,0.10746988042548944,tilt,False
0.004247066084446972,-0.10746988007641206,7.884528560374586e-10,0.0,1.0,16.62,FL,0.3594366408646358,False,False,-1.769891453751983,-2.5656281550618596,17.24740064162776,False,10.169606553214933,0.0,0.5787563965014827,45.0,90.0,0.10746988007641206,tilt,False
0.004247066084446972,-0.10746988007641206,4.1609973241270674e-10,0.0,1.0,16.62,FR,0.8594366408646358,True,True,-1.7742408586411025,-2.5554845195718996,17.257571060636682,False,10.195591567756502,0.0,0.5807265717031543,45.0,90.0,0.10746988007641206,tilt,False
0.004247066084446972,-0.10746988007641206,9.179458296172372e-10,0.0,1.0,16.62,RL,0.8594366408646358,True,True,-2.0041103574989854,-2.0506968657927063,17.76350425192634,False,11.474766452208387,0.0,0.7051678179056768,45.0,90.0,0.10746988007641206,tilt,False
0.004247066084446972,-0.10746988007641206,5.325145008035922e-10,0.0,1.0,16.62,RR,0.3594366408646358,False,False,-2.008469393446434,-2.04035091766961,17.773869850761603,False,11.50061546085455,0.0,0.7070865687764336,45.0,90.0,0.10746988007641206,tilt,False
0.004247066539968026,-0.10746987983837508,8.024191583802417e-10,0.0,1.0,16.64,FL,0.3594366408646358,False,False,-1.76989145419134,-2.565628157973423,17.247400638710836,False,10.169606540664127,0.0,0.578756396433609,45.0,90.0,0.10746987983837508,tilt,False
0.004247066539968026,-0.10746987983837508,4.1723585416887895e-10,0.0,1.0,16.64,FR,0.8594366408646358,True,True,-1.7742408585623357,-2.5554845172820717,17.257571062931515,False,10.195591614873429,0.0,0.5807265717633248,45.0,90.0,0.10746987983837508,tilt,False
0.004247066539968026,-0.10746987983837508,9.895718213155031e-10,0.0,1.0,16.64,RL,0.8594366408646358,True,True,-2.0041103570600725,-2.0506968689234415,17.763504248790866,False,11.474766400717746,0.0,0.7051678175839639,45.0,90.0,0.10746987983837508,tilt,False
0.004247066539968026,-0.10746987983837508,5.591939828225752e-10,0.0,1.0,16.64,RR,0.3594366408646358,False,False,-2.0084693935008904,-2.0403509190064297,17.773869849423253,False,11.500615450582792,0.0,0.707086568344045,45.0,90.0,0.10746987983837508,tilt,False
0.004247066965990141,-0.10746987972133021,8.124436799013048e-10,0.0,1.0,16.66,FL,0.3594366408646358,False,False,-1.7698914546515898,-2.565628160857085,17.247400635821414,False,10.169606524598247,0.0,0.5787563962748351,45.0,90.0,0.10746987972133021,tilt,False
0.004247066965990141,-0.10746987972133021,4.2529629745296374e-10,0.0,1.0,16.66,FR,0.8594366408646358,True,True,-1.7742408577791184,-2.555484514193445,17.257571066026667,False,10.195591672677532,0.0,0.5807265718980456,45.0,90.0,0.10746987972133021,tilt,False
0.004247066965990141,-0.10746987972133021,1.0058150260111712e-09,0.0,1.0,16.66,RL,0.8594366408646358,True,True,-2.004110357460835,-2.05069687221314,17.763504245495955,False,11.474766344302648,0.0,0.7051678171948967,45.0,90.0,0.10746987972133021,tilt,False
0.004247066965990141,-0.10746987972133021,5.715023825236935e-10,0.0,1.0,16.66,RR,0.3594366408646358,False,False,-2.0084693938870606,-2.040350920143572,17.773869848284775,False,11.50061544276383,0.0,0.7070865680433969,45.0,90.0,0.10746987972133021,tilt,False
0.004247067405671363,-0.10746987967321452,8.414146585499878e-10,0.0,1.0,16.68,FL,0.3594366408646358,False,False,-1.7698914554819014,-2.5656281637958767,17.247400632876385,False,10.169606529403195,0.0,0.578756395945034,45.0,90.0,0.10746987967321452,tilt,False
0.004247067405671363,-0.10746987967321452,4.675835458049251e-10,0.0,1.0,16.68,FR,0.8594366408646358,True,True,-1.7742408553446527,-2.5554845086889557,17.25757107154334,False,10.195591661900508,0.0,0.580726572173998,45.0,90.0,0.10746987967321452,tilt,False
0.004247067405671363,-0.10746987967321452,1.0872228082372998e-09,0.0,1.0,16.68,RL,0.8594366408646358,True,True,-2.0041103596665466,-2.0506968769978746,17.763504240703007,False,11.474766346603358,0.0,0.7051678167271904,45.0,90.0,0.10746987967321452,tilt,False
0.004247067405671363,-0.10746987967321452,6.021796940625461e-10,0.0,1.0,16.68,RR,0.3594366408646358,False,False,-2.0084693947503944,-2.0403509213703273,17.773869847056282,False,11.500615439014325,0.0,0.7070865679102418,45.0,90.0,0.10746987967321452,tilt,False
0.004247067848613089,-0.10746987964880474,8.770698949811844e-10,0.0,1.0,16.7,FL,0.3594366408646358,False,False,-1.7698914567373416,-2.5656281667530667,17.247400629912804,False,10.169606549102474,0.0,0.578756395351833,45.0,90.0,0.10746987964880474,tilt,False
0.004247067848613089,-0.10746987964880474,5.312881445790018e-10,0.0,1.0,16.7,FR,0.8594366408646358,True,True,-1.774240851474873,-2.5554845006518083,17.257571079598378,False,10.195591568507364,0.0,0.5807265726679759,45.0,90.0,0.10746987964880474,tilt,False
0.004247067848613089,-0.10746987964880474,1.1816918030080258e-09,0.0,1.0,16.7,RL,0.8594366408646358,True,True,-2.004110363381037,-2.050696883339389,17.76350423435035,False,11.474766454167677,0.0,0.7051678161227802,45.0,90.0,0.10746987964880474,tilt,False
0.004247067848613089,-0.10746987964880474,6.364226069710506e-10,0.0,1.0,16.7,RR,0.3594366408646358,False,False,-2.0084693959442865,-2.0403509227437144,17.773869845680636,False,11.50061547325788,0.0,0.7070865680306474,45.0,90.0,0.10746987964880474,tilt,False
0.004247068070153879,-0.10746987965491171,8.921904657150837e-10,0.0,1.0,16.72,FL,0.3594366408646358,False,False,-1.7698914577577614,-2.5656281690486367,17.24740062761292,False,10.16960654668049,0.0,0.5787563947808321,45.0,90.0,0.10746987965491171,tilt,False
0.004247068070153879,-0.10746987965491171,5.242566078424466e-10,0.0,1.0,16.72,FR,0.8594366408646358,True,True,-1.7742408490322195,-2.5554844928461424,17.25757108741888,False,10.195591608469815,0.0,0.5807265731454455,45.0,90.0,0.10746987965491171,tilt,False
0.004247068070153879,-0.10746987965491171,1.1657447487018887e-09,0.0,1.0,16.72,RL,0.8594366408646358,True,True,-2.004110365518789,-2.0506968883767205,17.76350422930572,False,11.474766394940758,0.0,0.7051678156940275,45.0,90.0,0.10746987965491171,tilt,False
0.004247068070153879,-0.10746987965491171,6.417006449332795e-10,0.0,1.0,16.72,RR,0.3594366408646358,False,False,-2.008469396667434,-2.040350923624954,17.77386984479833,False,11.500615448175203,0.0,0.7070865679945169,45.0,90.0,0.10746987965491171,tilt,False
0.004247067822415722,-0.10746987943657704,8.240080975017042e-10,0.0,1.0,16.740000000000002,FL,0.3594366408646358,False,False,-1.7698914571508475,-2.565628170021789,17.24740062664107,False,10.169606546943767,0.0,0.5787563950499792,45.0,90.0,0.10746987943657704,tilt,False
0.004247067822415722,-0.10746987943657704,4.669881605500505e-10,0.0,1.0,16.740000000000002,FR,0.8594366408646358,True,True,-1.7742408545918174,-2.555484494410551,17.257571085844255,False,10.19559160906586,0.0,0.5807265729498101,45.0,90.0,0.10746987943657704,tilt,False
0.004247067822415722,-0.10746987943657704,8.483872583867369e-10,0.0,1.0,16.740000000000002,RL,0.8594366408646358,True,True,-2.0041103588923637,-2.0506968851280796,17.763504232564884,False,11.474766404314645,0.0,0.7051678159820113,45.0,90.0,0.10746987943657704,tilt,False
0.004247067822415722,-0.10746987943657704,5.520108446641429e-10,0.0,1.0,16.740000000000002,RR,0.3594366408646358,False,False,-2.008469394831784,-2.0403509230147443,17.77386984541131,False,11.500615457199807,0.0,0.7070865669495536,45.0,90.0,0.10746987943657704,tilt,False
0.004247068004595359,-0.10746987914608085,8.294103104973331e-10,0.0,1.0,16.76,FL,0.3594366408646358,False,False,-1.7698914571200874,-2.5656281724282977,17.247400624231716,False,10.169606559519208,0.0,0.5787563952738306,45.0,90.0,0.10746987914608085,tilt,False
0.004247068004595359,-0.10746987914608085,4.337515912844454e-10,0.0,1.0,16.76,FR,0.8594366408646358,True,True,-1.7742408573748862,-2.55548449490146,17.257571085350023,False,10.195591563264335,0.0,0.5807265727970808,45.0,90.0,0.10746987914608085,tilt,False
0.004247068004595359,-0.10746987914608085,8.93745820285804e-10,0.0,1.0,16.76,RL,0.8594366408646358,True,True,-2.004110355271954,-2.050696884497674,17.763504233198347,False,11.474766445871563,0.0,0.705167816018118,45.0,90.0,0.10746987914608085,tilt,False
0.004247068004595359,-0.10746987914608085,5.669151286003938e-10,0.0,1.0,16.76,RR,0.3594366408646358,False,False,-2.0084693938639195,-2.0403509233539276,17.773869845072614,False,11.500615465606856,0.0,0.7070865661882961,45.0,90.0,0.10746987914608085,tilt,False
0.0042470684385461,-0.10746987896226942,8.453482417429558e-10,0.0,1.0,16.78,FL,0.3594366408646358,False,False,-1.769891457550271,-2.5656281757020087,17.24740062095194,False,10.169606545491797,0.0,0.5787563952506602,45.0,90.0,0.10746987896226942,tilt,False
0.0042470684385461,-0.10746987896226942,4.2393322922185385e-10,0.0,1.0,16.78,FR,0.8594366408646358,True,True,-1.774240857284712,-2.55548449317718,17.257571087078315,False,10.195591610805176,0.0,0.5807265728457298,45.0,90.0,0.10746987896226942,tilt,False
0.0042470684385461,-0.10746987896226942,9.63404445304545e-10,0.0,1.0,16.78,RL,0.8594366408646358,True,True,-2.004110354830252,-2.050696886271623,17.763504231421347,False,11.474766395043972,0.0,0.7051678157287545,45.0,90.0,0.10746987896226942,tilt,False
0.0042470684385461,-0.10746987896226942,5.927718136064869e-10,0.0,1.0,16.78,RR,0.3594366408646358,False,False,-2.0084693939273723,-2.040350924188472,17.773869844237158,False,11.500615455614655,0.0,0.7070865658657527,45.0,90.0,0.10746987896226942,tilt,False
0.004247068841930311,-0.10746987889479578,8.551819595791803e-10,0.0,1.0,16.8,FL,0.3594366408646358,False,False,-1.7698914580248568,-2.565628178958383,17.24740061768906,False,10.169606527615228,0.0,0.5787563951338094,45.0,90.0,0.10746987889479578,tilt,False
0.004247068841930311,-0.10746987889479578,4.2958624085919877e-10,0.0,1.0,16.8,FR,0.8594366408646358,True,True,-1.7742408564888588,-2.555484490631008,17.257571089630037,False,10.195591669203548,0.0,0.5807265729709894,45.0,90.0,0.10746987889479578,tilt,False
0.004247068841930311,-0.10746987889479578,9.80686992406158e-10,0.0,1.0,16.8,RL,0.8594366408646358,True,True,-2.0041103552189203,-2.05069688825053,17.76350422943884,False,11.474766339382988,0.0,0.7051678153688345,45.0,90.0,0.10746987889479578,tilt,False
0.004247068841930311,-0.10746987889479578,6.046483767601075e-10,0.0,1.0,16.8,RR,0.3594366408646358,False,False,-2.008469394312186,-2.040350924841991,17.77386984358291,False,11.500615447948983,0.0,0.7070865656722835,45.0,90.0,0.10746987889479578,tilt,False
0.004247069258609066,-0.10746987889286969,8.862353751030793e-10,0.0,1.0,16.82,FL,0.3594366408646358,False,False,-1.7698914589226802,-2.565628182328302,17.247400614311992,False,10.169606532738602,0.0,0.5787563948421337,45.0,90.0,0.10746987889286969,tilt,False
0.004247069258609066,-0.10746987889286969,4.6489437413945266e-10,0.0,1.0,16.82,FR,0.8594366408646358,True,True,-1.7742408540311962,-2.5554844856385888,17.257571094633718,False,10.195591658225752,0.0,0.5807265732411088,45.0,90.0,0.10746987889286969,tilt,False
0.004247069258609066,-0.10746987889286969,1.0606888691738096e-09,0.0,1.0,16.82,RL,0.8594366408646358,True,True,-2.004110357392175,-2.0506968917476804,17.763504225935044,False,11.474766341681283,0.0,0.7051678149256968,45.0,90.0,0.10746987889286969,tilt,False
0.004247069258609066,-0.10746987889286969,6.343700042346975e-10,0.0,1.0,16.82,RR,0.3594366408646358,False,False,-2.008469395158391,-2.0403509255960337,17.773869842827665,False,11.500615444327853,0.0,0.7070865656448315,45.0,90.0,0.10746987889286969,tilt,False
0.004247069677949642,-0.10746987891246595,9.24175754664981e-10,0.0,1.0,16.84,FL,0.3594366408646358,False,False,-1.769891460290076,-2.565628185777408,17.247400610855458,False,10.169606555293177,0.0,0.5787563942822006,45.0,90.0,0.10746987891246595,tilt,False
0.004247069677949642,-0.10746987891246595,5.239439806533498e-10,0.0,1.0,16.84,FR,0.8594366408646358,True,True,-1.774240850125175,-2.5554844780823136,17.25757110220704,False,10.195591564298818,0.0,0.5807265737344254,45.0,90.0,0.10746987891246595,tilt,False
0.004247069677949642,-0.10746987891246595,1.1538459142150678e-09,0.0,1.0,16.84,RL,0.8594366408646358,True,True,-2.0041103610577324,-2.0506968968188946,17.763504220854326,False,11.474766447837027,0.0,0.7051678143386992,45.0,90.0,0.10746987891246595,tilt,False
0.004247069677949642,-0.10746987891246595,6.675613280386744e-10,0.0,1.0,16.84,RR,0.3594366408646358,False,False,-2.0084693963216687,-2.0403509265050253,17.773869841916987,False,11.500615477722794,0.0,0.7070865658717551,45.0,90.0,0.10746987891246595,tilt,False
0.004247069650284018,-0.10746987894222645,9.036514422774055e-10,0.0,1.0,16.86,FL,0.3594366408646358,False,False,-1.769891460618008,-2.565628187799523,17.24740060883057,False,10.169606551077734,0.0,0.5787563940622173,45.0,90.0,0.10746987894222645,tilt,False
0.004247069650284018,-0.10746987894222645,4.6136478782722244e-10,0.0,1.0,16.86,FR,0.8594366408646358,True,True,-1.7742408506027583,-2.5554844741000236,17.25757110619373,False,10.195591609788659,0.0,0.5807265739494746,45.0,90.0,0.10746987894222645,tilt,False
0.004247069650284018,-0.10746987894222645,1.014653588563799e-09,0.0,1.0,16.86,RL,0.8594366408646358,True,True,-2.0041103600555896,-2.0506968974971578,17.763504220177087,False,11.474766385232703,0.0,0.7051678142250215,45.0,90.0,0.10746987894222645,tilt,False
0.004247069650284018,-0.10746987894222645,6.36828237914117e-10,0.0,1.0,16.86,RR,0.3594366408646358,False,False,-2.008469396187224,-2.0403509262824566,17.773869842140588,False,11.500615452632646,0.0,0.7070865655283312,45.0,90.0,0.10746987894222645,tilt,False
0.004247069522292045,-0.10746987871359391,8.502321217453539e-10,0.0,1.0,16.88,FL,0.3594366408646358,False,False,-1.7698914600686664,-2.565628189481944,17.24740060714789,False,10.169606550206463,0.0,0.5787563943826419,45.0,90.0,0.10746987871359391,tilt,False
0.004247069522292045,-0.10746987871359391,4.788369963118201e-10,0.0,1.0,16.88,FR,0.8594366408646358,True,True,-1.774240855332565,-2.5554844762517397,17.25757110403263,False,10.195591608081463,0.0,0.5807265737323055,45.0,90.0,0.10746987871359391,tilt,False
0.004247069522292045,-0.10746987871359391,8.384576211815416e-10,0.0,1.0,16.88,RL,0.8594366408646358,True,True,-2.00411035439918,-2.0506968938648757,17.763504223818813,False,11.474766396154447,0.0,0.705167814453373,45.0,90.0,0.10746987871359391,tilt,False
0.004247069522292045,-0.10746987871359391,5.809272806351176e-10,0.0,1.0,16.88,RR,0.3594366408646358,False,False,-2.008469394606534,-2.0403509256062167,17.77386984281926,False,11.500615462297207,0.0,0.707086564651813,45.0,90.0,0.10746987871359391,tilt,False
0.004247069736591229,-0.10746987850518752,8.567042771296497e-10,0.0,1.0,16.9,FL,0.3594366408646358,False,False,-1.7698914600411848,-2.565628192344363,17.247400604281307,False,10.16960656424366,0.0,0.5787563946449494,45.0,90.0,0.10746987850518752,tilt,False
0.004247069736591229,-0.10746987850518752,4.4404293533189856e-10,0.0,1.0,16.9,FR,0.8594366408646358,True,True,-1.7742408574361115,-2.555484477147516,17.25757110313368,False,10.195591560651849,0.0,0.5807265735649116,45.0,90.0,0.10746987850518752,tilt,False
0.004247069736591229,-0.10746987850518752,8.786995658044187e-10,0.0,1.0,16.9,RL,0.8594366408646358,True,True,-2.0041103515935528,-2.050696892472396,17.76350422521444,False,11.474766438110656,0.0,0.7051678144573039,45.0,90.0,0.10746987850518752,tilt,False
0.004247069736591229,-0.10746987850518752,5.957235289798393e-10,0.0,1.0,16.9,RR,0.3594366408646358,False,False,-2.0084693939276947,-2.040350925606775,17.773869842819387,False,11.500615470646627,0.0,0.7070865640372013,45.0,90.0,0.10746987850518752,tilt,False
0.004247070146811335,-0.10746987840642802,8.770190606308833e-10,0.0,1.0,16.92,FL,0.3594366408646358,False,False,-1.7698914605429605,-2.565628195953008,17.24740060066557,False,10.169606549198733,0.0,0.5787563946437012,45.0,90.0,0.10746987840642802,tilt,False
0.004247070146811335,-0.10746987840642802,4.306416818270209e-10,0.0,1.0,16.92,FR,0.8594366408646358,True,True,-1.7742408568437034,-2.555484475714069,17.257571104571028,False,10.195591607824243,0.0,0.5807265736143067,45.0,90.0,0.10746987840642802,tilt,False
0.004247070146811335,-0.10746987840642802,9.461900605875229e-10,0.0,1.0,16.92,RL,0.8594366408646358,True,True,-2.004110351715032,-2.050696893284104,17.7635042244004,False,11.474766388775802,0.0,0.7051678141470394,45.0,90.0,0.10746987840642802,tilt,False
0.004247070146811335,-0.10746987840642802,6.211710706365935e-10,0.0,1.0,16.92,RR,0.3594366408646358,False,False,-2.0084693941697926,-2.0403509259852015,17.773869842440455,False,11.500615460794705,0.0,0.7070865638476835,45.0,90.0,0.10746987840642802,tilt,False
0.00424707049180359,-0.10746987840869582,8.88942652600073e-10,0.0,1.0,16.94,FL,0.3594366408646358,False,False,-1.769891461115513,-2.565628199453725,17.24740059715772,False,10.169606529973956,0.0,0.5787563945367509,45.0,90.0,0.10746987840869582,tilt,False
0.00424707049180359,-0.10746987840869582,4.36438568914988e-10,0.0,1.0,16.94,FR,0.8594366408646358,True,True,-1.7742408556963365,-2.5554844734033826,17.25757110688708,False,10.195591666268749,0.0,0.5807265737514024,45.0,90.0,0.10746987840869582,tilt,False
0.00424707049180359,-0.10746987840869582,9.648757722567684e-10,0.0,1.0,16.94,RL,0.8594366408646358,True,True,-2.004110352484961,-2.050696894230507,17.7635042234515,False,11.474766334489964,0.0,0.7051678137770772,45.0,90.0,0.10746987840869582,tilt,False
0.00424707049180359,-0.10746987840869582,6.328918256574248e-10,0.0,1.0,16.94,RR,0.3594366408646358,False,False,-2.00846939464093,-2.040350926155652,17.77386984226979,False,11.50061545310799,0.0,0.7070865637732101,45.0,90.0,0.10746987840869582,tilt,False
0.0042470708360560225,-0.10746987846251542,9.236177457635661e-10,0.0,1.0,16.96,FL,0.3594366408646358,False,False,-1.769891462161506,-2.565628203078242,17.247400593525523,False,10.169606535795138,0.0,0.5787563942456763,45.0,90.0,0.10746987846251542,tilt,False
0.0042470708360560225,-0.10746987846251542,4.682870579424168e-10,0.0,1.0,16.96,FR,0.8594366408646358,True,True,-1.7742408529829583,-2.55548446861013,17.257571111691377,False,10.195591654675349,0.0,0.580726574042384,45.0,90.0,0.10746987846251542,tilt,False
0.0042470708360560225,-0.10746987846251542,1.0443098040113913e-09,0.0,1.0,16.96,RL,0.8594366408646358,True,True,-2.0041103548927226,-2.050696896664296,17.763504221012358,False,11.474766337208258,0.0,0.7051678133281898,45.0,90.0,0.10746987846251542,tilt,False
0.0042470708360560225,-0.10746987846251542,6.620080012097336e-10,0.0,1.0,16.96,RR,0.3594366408646358,False,False,-2.0084693955014292,-2.040350926426324,17.77386984199845,False,11.500615449420968,0.0,0.7070865638562531,45.0,90.0,0.10746987846251542,tilt,False
0.004247071182513318,-0.10746987852823274,9.647561072923964e-10,0.0,1.0,16.98,FL,0.3594366408646358,False,False,-1.7698914637108674,-2.5656282068307266,17.24740058976499,False,10.1696065614377,0.0,0.578756393679226,45.0,90.0,0.10746987852823274,tilt,False
0.004247071182513318,-0.10746987852823274,5.247322302662701e-10,0.0,1.0,16.98,FR,0.8594366408646358,True,True,-1.7742408488797996,-2.555484461232226,17.25757111908604,False,10.195591559853126,0.0,0.5807265745639091,45.0,90.0,0.10746987852823274,tilt,False
0.004247071182513318,-0.10746987852823274,1.1368986541412196e-09,0.0,1.0,16.98,RL,0.8594366408646358,True,True,-2.00411035868818,-2.0506969006755074,17.763504216992967,False,11.474766442261261,0.0,0.7051678127338162,45.0,90.0,0.10746987852823274,tilt,False
0.004247071182513318,-0.10746987852823274,6.945716872383437e-10,0.0,1.0,16.98,RR,0.3594366408646358,False,False,-2.0084693966351472,-2.0403509268694804,17.773869841554152,False,11.500615481793165,0.0,0.7070865641904267,45.0,90.0,0.10746987852823274,tilt,False
0.004247071081058526,-0.10746987859764606,9.387993555076356e-10,0.0,1.0,17.0,FL,0.3594366408646358,False,False,-1.769891464076398,-2.565628209044678,17.24740058754807,False,10.169606555997246,0.0,0.5787563934557978,45.0,90.0,0.10746987859764606,tilt,False
0.004247071081058526,-0.10746987859764606,4.707042310697109e-10,0.0,1.0,17.0,FR,0.8594366408646358,True,True,-1.7742408492421626,-2.5554844574653126,17.25757112285694,False,10.195591605124719,0.0,0.5807265748009615,45.0,90.0,0.10746987859764606,tilt,False
0.004247071081058526,-0.10746987859764606,1.0034310744853731e-09,0.0,1.0,17.0,RL,0.8594366408646358,True,True,-2.004110357818851,-2.0506969003904545,17.76350421728032,False,11.47476638064967,0.0,0.705167812630273,45.0,90.0,0.10746987859764606,tilt,False
0.004247071081058526,-0.10746987859764606,6.641014277961193e-10,0.0,1.0,17.0,RR,0.3594366408646358,False,False,-2.008469396487231,-2.0403509262457082,17.773869842179405,False,11.500615457299181,0.0,0.70708656393495,45.0,90.0,0.10746987859764606,tilt,False
0.004247070888905314,-0.10746987841079615,8.772380186573311e-10,0.0,1.0,17.02,FL,0.3594366408646358,False,False,-1.7698914634218972,-2.5656282107576445,17.247400585834942,False,10.169606555284817,0.0,0.578756393780415,45.0,90.0,0.10746987841079615,tilt,False
0.004247070888905314,-0.10746987841079615,4.982920819296587e-10,0.0,1.0,17.02,FR,0.8594366408646358,True,True,-1.7742408539126002,-2.5554844598635986,17.257571120448638,False,10.195591603330074,0.0,0.5807265745933122,45.0,90.0,0.10746987841079615,tilt,False
0.004247070888905314,-0.10746987841079615,8.343506820229748e-10,0.0,1.0,17.02,RL,0.8594366408646358,True,True,-2.004110352309359,-2.050696895907325,17.763504221773854,False,11.474766391426746,0.0,0.7051678128842394,45.0,90.0,0.10746987841079615,tilt,False
0.004247070888905314,-0.10746987841079615,6.079895110949451e-10,0.0,1.0,17.02,RR,0.3594366408646358,False,False,-2.0084693949285333,-2.0403509252143044,17.773869843213554,False,11.500615466733741,0.0,0.7070865631305546,45.0,90.0,0.10746987841079615,tilt,False
0.004247071059861819,-0.10746987824008132,8.849361256199861e-10,0.0,1.0,17.04,FL,0.3594366408646358,False,False,-1.769891463357178,-2.565628213716975,17.24740058287132,False,10.169606570815237,0.0,0.5787563940478816,45.0,90.0,0.10746987824008132,tilt,False
0.004247071059861819,-0.10746987824008132,4.6022117443676983e-10,0.0,1.0,17.04,FR,0.8594366408646358,True,True,-1.7742408559662666,-2.5554844609908223,17.257571119317724,False,10.195591555354802,0.0,0.5807265744339266,45.0,90.0,0.10746987824008132,tilt,False
0.004247071059861819,-0.10746987824008132,8.739567167751972e-10,0.0,1.0,17.04,RL,0.8594366408646358,True,True,-2.004110349579348,-2.0506968937024013,17.763504223982917,False,11.474766432787204,0.0,0.7051678129089162,45.0,90.0,0.10746987824008132,tilt,False
0.004247071059861819,-0.10746987824008132,6.225199558572951e-10,0.0,1.0,17.04,RR,0.3594366408646358,False,False,-2.0084693942551066,-2.040350924874285,17.773869843554625,False,11.500615474940473,0.0,0.707086562589067,45.0,90.0,0.10746987824008132,tilt,False
0.004247071444718752,-0.10746987817310519,9.074531961347467e-10,0.0,1.0,17.06,FL,0.3594366408646358,False,False,-1.7698914638930723,-2.5656282175142917,17.24740057906658,False,10.169606554328087,0.0,0.5787563940505263,45.0,90.0,0.10746987817310519,tilt,False
0.004247071444718752,-0.10746987817310519,4.4206037330758375e-10,0.0,1.0,17.06,FR,0.8594366408646358,True,True,-1.7742408553290505,-2.555484459775527,17.25757112053648,False,10.19559160302537,0.0,0.580726574493627,45.0,90.0,0.10746987817310519,tilt,False
0.004247071444718752,-0.10746987817310519,9.40408798754672e-10,0.0,1.0,17.06,RL,0.8594366408646358,True,True,-2.0041103497161448,-2.0506968937375953,17.763504223946356,False,11.474766384025521,0.0,0.7051678126100247,45.0,90.0,0.10746987817310519,tilt,False
0.004247071444718752,-0.10746987817310519,6.478495427059769e-10,0.0,1.0,17.06,RR,0.3594366408646358,False,False,-2.00846939448477,-2.040350924932176,17.77386984349662,False,11.500615465384481,0.0,0.7070865624771501,45.0,90.0,0.10746987817310519,tilt,False
0.00424707177537935,-0.10746987820217008,9.193521383656383e-10,0.0,1.0,17.080000000000002,FL,0.3594366408646358,False,False,-1.769891464504604,-2.565628221239735,17.24740057533354,False,10.1696065332757,0.0,0.5787563939482014,45.0,90.0,0.10746987820217008,tilt,False
0.00424707177537935,-0.10746987820217008,4.464806222601508e-10,0.0,1.0,17.080000000000002,FR,0.8594366408646358,True,True,-1.7742408541520511,-2.555484457683905,17.25757112263308,False,10.195591662200606,0.0,0.5807265746403836,45.0,90.0,0.10746987820217008,tilt,False
0.00424707177537935,-0.10746987820217008,9.598296920234753e-10,0.0,1.0,17.080000000000002,RL,0.8594366408646358,True,True,-2.0041103504791007,-2.050696893957312,17.76350422372506,False,11.474766330362883,0.0,0.7051678122497644,45.0,90.0,0.10746987820217008,tilt,False
0.00424707177537935,-0.10746987820217008,6.59526512293296e-10,0.0,1.0,17.080000000000002,RR,0.3594366408646358,False,False,-2.0084693949404473,-2.0403509248101517,17.773869843618744,False,11.500615457922603,0.0,0.7070865624778931,45.0,90.0,0.10746987820217008,tilt,False
0.004247072115150137,-0.10746987827965225,9.5618541681428e-10,0.0,1.0,17.1,FL,0.3594366408646358,False,False,-1.769891465628344,-2.5656282251669964,17.247400571397954,False,10.1696065393791,0.0,0.5787563936613956,45.0,90.0,0.10746987827965225,tilt,False
0.004247072115150137,-0.10746987827965225,4.751602967582841e-10,0.0,1.0,17.1,FR,0.8594366408646358,True,True,-1.7742408514078711,-2.5554844530956236,17.257571127232033,False,10.19559165046775,0.0,0.5807265749418968,45.0,90.0,0.10746987827965225,tilt,False
0.004247072115150137,-0.10746987827965225,1.0383710092820225e-09,0.0,1.0,17.1,RL,0.8594366408646358,True,True,-2.0041103528518414,-2.0506968956888993,17.76350422198899,False,11.474766332966613,0.0,0.7051678118074491,45.0,90.0,0.10746987827965225,tilt,False
0.004247072115150137,-0.10746987827965225,6.884008862921852e-10,0.0,1.0,17.1,RR,0.3594366408646358,False,False,-2.008469395776955,-2.040350924802311,17.773869843626283,False,11.50061545439279,0.0,0.7070865626350022,45.0,90.0,0.10746987827965225,tilt,False
0.004247072464140839,-0.10746987836734906,9.998164574552908e-10,0.0,1.0,17.12,FL,0.3594366408646358,False,False,-1.769891467291458,-2.5656282292983166,17.247400567257777,False,10.169606567797306,0.0,0.578756393097457,45.0,90.0,0.10746987836734906,tilt,False
0.004247072464140839,-0.10746987836734906,5.295322252556759e-10,0.0,1.0,17.12,FR,0.8594366408646358,True,True,-1.7742408472679085,-2.555484445903037,17.257571134441115,False,10.195591555030449,0.0,0.5807265754767373,45.0,90.0,0.10746987836734906,tilt,False
0.004247072464140839,-0.10746987836734906,1.1300192034638458e-09,0.0,1.0,17.12,RL,0.8594366408646358,True,True,-2.004110356592044,-2.0506968990119843,17.763504218658614,False,11.47476643660342,0.0,0.7051678112138027,45.0,90.0,0.10746987836734906,tilt,False
0.004247072464140839,-0.10746987836734906,7.206331883148435e-10,0.0,1.0,17.12,RR,0.3594366408646358,False,False,-2.0084693968792715,-2.040350924974458,17.77386984345333,False,11.500615485918262,0.0,0.7070865630445595,45.0,90.0,0.10746987836734906,tilt,False
0.0042470723599996344,-0.10746987845790631,9.680342519099236e-10,0.0,1.0,17.14,FL,0.3594366408646358,False,False,-1.7698914676319428,-2.5656282317744123,17.24740056477825,False,10.169606560929468,0.0,0.5787563928824886,45.0,90.0,0.10746987845790631,tilt,False
0.0042470723599996344,-0.10746987845790631,4.801337613601454e-10,0.0,1.0,17.14,FR,0.8594366408646358,True,True,-1.7742408476340497,-2.555484442352259,17.257571137995416,False,10.19559160041399,0.0,0.5807265757186969,45.0,90.0,0.10746987845790631,tilt,False
0.0042470723599996344,-0.10746987845790631,1.0011318029157595e-09,0.0,1.0,17.14,RL,0.8594366408646358,True,True,-2.0041103557246682,-2.0506968981146185,17.76350421955893,False,11.474766375696493,0.0,0.705167811126791,45.0,90.0,0.10746987845790631,tilt,False
0.0042470723599996344,-0.10746987845790631,6.90377435327764e-10,0.0,1.0,17.14,RR,0.3594366408646358,False,False,-2.0084693967354212,-2.040350924120346,17.773869844309143,False,11.500615462186952,0.0,0.7070865628473371,45.0,90.0,0.10746987845790631,tilt,False
0.004247072163912524,-0.1074698782982697,8.983576454386701e-10,0.0,1.0,17.16,FL,0.3594366408646358,False,False,-1.7698914668224894,-2.5656282335714056,17.247400562981063,False,10.169606560238465,0.0,0.5787563932240117,45.0,90.0,0.1074698782982697,tilt,False
0.004247072163912524,-0.1074698782982697,5.129439940679215e-10,0.0,1.0,17.16,FR,0.8594366408646358,True,True,-1.774240852333825,-2.5554844449870195,17.25757113535012,False,10.195591598696113,0.0,0.580726575503313,45.0,90.0,0.1074698782982697,tilt,False
0.004247072163912524,-0.1074698782982697,8.375594212242055e-10,0.0,1.0,17.16,RL,0.8594366408646358,True,True,-2.0041103502733937,-2.050696893097899,17.76350422458661,False,11.47476638620452,0.0,0.7051678114119085,45.0,90.0,0.1074698782982697,tilt,False
0.004247072163912524,-0.1074698782982697,6.339749044502271e-10,0.0,1.0,17.16,RR,0.3594366408646358,False,False,-2.008469395223665,-2.0403509228784507,17.773869845553985,False,11.50061547150425,0.0,0.7070865620869529,45.0,90.0,0.1074698782982697,tilt,False
0.0042470723377599565,-0.1074698781539051,9.074411710786357e-10,0.0,1.0,17.18,FL,0.3594366408646358,False,False,-1.76989146668231,-2.565628236656577,17.247400559891393,False,10.16960657719354,0.0,0.5787563935080345,45.0,90.0,0.1074698781539051,tilt,False
0.0042470723377599565,-0.1074698781539051,4.728943076488146e-10,0.0,1.0,17.18,FR,0.8594366408646358,True,True,-1.7742408543949852,-2.555484446315384,17.257571134017656,False,10.195591550208642,0.0,0.5807265753362506,45.0,90.0,0.1074698781539051,tilt,False
0.0042470723377599565,-0.1074698781539051,8.764805834417489e-10,0.0,1.0,17.18,RL,0.8594366408646358,True,True,-2.0041103475631936,-2.050696890361924,17.76350422732731,False,11.474766426948467,0.0,0.7051678114619682,45.0,90.0,0.1074698781539051,tilt,False
0.0042470723377599565,-0.1074698781539051,6.482735935534093e-10,0.0,1.0,17.18,RR,0.3594366408646358,False,False,-2.008469394577984,-2.0403509223136487,17.773869846120096,False,11.500615479601299,0.0,0.707086561592223,45.0,90.0,0.1074698781539051,tilt,False
0.004247072728663895,-0.10746987810996955,9.324738488816288e-10,0.0,1.0,17.2,FL,0.3594366408646358,False,False,-1.7698914672254102,-2.5656282406456703,17.247400555894462,False,10.169606559255708,0.0,0.5787563935235536,45.0,90.0,0.10746987810996955,tilt,False
0.004247072728663895,-0.10746987810996955,4.5217277022332226e-10,0.0,1.0,17.2,FR,0.8594366408646358,True,True,-1.7742408537477459,-2.5554844452705083,17.257571135065753,False,10.195591598424631,0.0,0.5807265753930153,45.0,90.0,0.10746987810996955,tilt,False
0.004247072728663895,-0.10746987810996955,9.41870199873449e-10,0.0,1.0,17.2,RL,0.8594366408646358,True,True,-2.0041103476855433,-2.0506968898653075,17.763504227823248,False,11.474766378765592,0.0,0.7051678111782766,45.0,90.0,0.10746987810996955,tilt,False
0.004247072728663895,-0.10746987810996955,6.734536494641343e-10,0.0,1.0,17.2,RR,0.3594366408646358,False,False,-2.0084693948125945,-2.040350922140062,17.77386984629387,False,11.500615470380321,0.0,0.7070865615331889,45.0,90.0,0.10746987810996955,tilt,False
0.004247073062665911,-0.10746987815895163,9.448139035207032e-10,0.0,1.0,17.22,FL,0.3594366408646358,False,False,-1.769891467863858,-2.565628244579999,17.24740055195211,False,10.16960653640184,0.0,0.5787563934322346,45.0,90.0,0.10746987815895163,tilt,False
0.004247073062665911,-0.10746987815895163,4.5600928594428905e-10,0.0,1.0,17.22,FR,0.8594366408646358,True,True,-1.7742408525594082,-2.5554844433407427,17.25757113700019,False,10.19559165833713,0.0,0.5807265755389311,45.0,90.0,0.10746987815895163,tilt,False
0.004247073062665911,-0.10746987815895163,9.616539048191167e-10,0.0,1.0,17.22,RL,0.8594366408646358,True,True,-2.0041103484295317,-2.0506968895721047,17.763504228115465,False,11.474766325771093,0.0,0.7051678108308377,45.0,90.0,0.10746987815895163,tilt,False
0.004247073062665911,-0.10746987815895163,6.849927762408659e-10,0.0,1.0,17.22,RR,0.3594366408646358,False,False,-2.008469395265184,-2.040350921797433,17.773869846636913,False,11.500615463148284,0.0,0.7070865615860746,45.0,90.0,0.10746987815895163,tilt,False
0.004247073404260026,-0.10746987825440729,9.841968966498979e-10,0.0,1.0,17.240000000000002,FL,0.3594366408646358,False,False,-1.7698914690617504,-2.5656282487786264,17.24740054774457,False,10.1696065428422,0.0,0.5787563931533813,45.0,90.0,0.10746987825440729,tilt,False
0.004247073404260026,-0.10746987825440729,4.83189769728958e-10,0.0,1.0,17.240000000000002,FR,0.8594366408646358,True,True,-1.7742408497880384,-2.5554844388914444,17.257571141459948,False,10.195591646386378,0.0,0.5807265758432212,45.0,90.0,0.10746987825440729,tilt,False
0.004247073404260026,-0.10746987825440729,1.0391595140513115e-09,0.0,1.0,17.240000000000002,RL,0.8594366408646358,True,True,-2.0041103507670264,-2.050696890788458,17.763504226895286,False,11.474766328351187,0.0,0.7051678103974073,45.0,90.0,0.10746987825440729,tilt,False
0.004247073404260026,-0.10746987825440729,7.13624121463424e-10,0.0,1.0,17.240000000000002,RR,0.3594366408646358,False,False,-2.008469396082707,-2.0403509215697264,17.773869846864592,False,11.500615459723315,0.0,0.7070865617958545,45.0,90.0,0.10746987825440729,tilt,False
0.004247073753651654,-0.1074698783591821,1.0306480399705543e-09,0.0,1.0,17.26,FL,0.3594366408646358,False,False,-1.7698914708413997,-2.565628253245824,17.24740054326778,False,10.169606574089922,0.0,0.578756392593015,45.0,90.0,0.1074698783591821,tilt,False
0.004247073753651654,-0.1074698783591821,5.367837414472223e-10,0.0,1.0,17.26,FR,0.8594366408646358,True,True,-1.7742408456050407,-2.555484431813932,17.257571148553787,False,10.195591550174589,0.0,0.5807265763862055,45.0,90.0,0.1074698783591821,tilt,False
0.004247073753651654,-0.1074698783591821,1.1296996400921252e-09,0.0,1.0,17.26,RL,0.8594366408646358,True,True,-2.004110354459791,-2.0506968935901404,17.763504224086983,False,11.474766430698002,0.0,0.705167809805899,45.0,90.0,0.1074698783591821,tilt,False
0.004247073753651654,-0.1074698783591821,7.455176352787896e-10,0.0,1.0,17.26,RR,0.3594366408646358,False,False,-2.0084693971531182,-2.0403509215196522,17.773869846914142,False,11.500615490325126,0.0,0.7070865622610877,45.0,90.0,0.1074698783591821,tilt,False
0.0042470734649881535,-0.10746987841751778,9.46630428468295e-10,0.0,1.0,17.28,FL,0.3594366408646358,False,False,-1.7698914702671438,-2.5656282550962604,17.247400541416436,False,10.169606564423368,0.0,0.5787563927173682,45.0,90.0,0.10746987841751778,tilt,False
0.0042470734649881535,-0.10746987841751778,4.939991058707355e-10,0.0,1.0,17.28,FR,0.8594366408646358,True,True,-1.774240848701713,-2.5554844318375,17.257571148524438,False,10.19559160041506,0.0,0.5807265763515703,45.0,90.0,0.10746987841751778,tilt,False
0.0042470734649881535,-0.10746987841751778,9.028583687674412e-10,0.0,1.0,17.28,RL,0.8594366408646358,True,True,-2.0041103508622733,-2.0506968894754043,17.76350422821103,False,11.474766367064362,0.0,0.7051678100230281,45.0,90.0,0.10746987841751778,tilt,False
0.0042470734649881535,-0.10746987841751778,6.812856936568554e-10,0.0,1.0,17.28,RR,0.3594366408646358,False,False,-2.008469396282839,-2.0403509199988163,17.77386984843813,False,11.500615467092446,0.0,0.7070865617073334,45.0,90.0,0.10746987841751778,tilt,False
0.004247073388590745,-0.10746987826635408,9.098109104147789e-10,0.0,1.0,17.3,FL,0.3594366408646358,False,False,-1.7698914695573296,-2.565628257377887,17.24740053913316,False,10.169606563289529,0.0,0.5787563930826319,45.0,90.0,0.10746987826635408,tilt,False
0.004247073388590745,-0.10746987826635408,5.146948892981272e-10,0.0,1.0,17.3,FR,0.8594366408646358,True,True,-1.774240852605257,-2.5554844346660084,17.257571145686537,False,10.195591596955854,0.0,0.5807265761211792,45.0,90.0,0.10746987826635408,tilt,False
0.004247073388590745,-0.10746987826635408,8.443457731962767e-10,0.0,1.0,17.3,RL,0.8594366408646358,True,True,-2.0041103463093735,-2.0506968846112916,17.763504233084614,False,11.47476637877328,0.0,0.7051678102401606,45.0,90.0,0.10746987826635408,tilt,False
0.004247073388590745,-0.10746987826635408,6.557429357239304e-10,0.0,1.0,17.3,RR,0.3594366408646358,False,False,-2.008469395055893,-2.040350918801809,17.773869849637684,False,11.500615476690598,0.0,0.7070865610670092,45.0,90.0,0.10746987826635408,tilt,False
0.004247073599921095,-0.10746987818107329,9.213604788221839e-10,0.0,1.0,17.32,FL,0.3594366408646358,False,False,-1.7698914694886798,-2.5656282607381224,17.24740053576742,False,10.169606581978098,0.0,0.5787563933765072,45.0,90.0,0.10746987818107329,tilt,False
0.004247073599921095,-0.10746987818107329,4.773844086134624e-10,0.0,1.0,17.32,FR,0.8594366408646358,True,True,-1.77424085404701,-2.5554844360521565,17.257571144296932,False,10.195591546924115,0.0,0.5807265759497725,45.0,90.0,0.10746987818107329,tilt,False
0.004247073599921095,-0.10746987818107329,8.809272687308495e-10,0.0,1.0,17.32,RL,0.8594366408646358,True,True,-2.004110344305046,-2.0506968817074025,17.76350423599273,False,11.474766419847752,0.0,0.7051678102484137,45.0,90.0,0.10746987818107329,tilt,False
0.004247073599921095,-0.10746987818107329,6.705973267147649e-10,0.0,1.0,17.32,RR,0.3594366408646358,False,False,-2.0084693946585546,-2.0403509180783423,17.77386985036248,False,11.500615484562324,0.0,0.7070865606706948,45.0,90.0,0.10746987818107329,tilt,False
0.004247073977050743,-0.10746987819162568,9.511956405282613e-10,0.0,1.0,17.34,FL,0.3594366408646358,False,False,-1.7698914701588206,-2.5656282649120787,17.247400531584958,False,10.16960656310555,0.0,0.5787563933856368,45.0,90.0,0.10746987819162568,tilt,False
0.004247073977050743,-0.10746987819162568,4.5932603562626503e-10,0.0,1.0,17.34,FR,0.8594366408646358,True,True,-1.7742408529428724,-2.555484434976132,17.257571145376662,False,10.195591594942808,0.0,0.580726576018462,45.0,90.0,0.10746987819162568,tilt,False
0.004247073977050743,-0.10746987819162568,9.455678761692374e-10,0.0,1.0,17.34,RL,0.8594366408646358,True,True,-2.0041103449058157,-2.050696880863359,17.763504236836216,False,11.474766373021092,0.0,0.705167809932745,45.0,90.0,0.10746987819162568,tilt,False
0.004247073977050743,-0.10746987819162568,6.958601142514299e-10,0.0,1.0,17.34,RR,0.3594366408646358,False,False,-2.0084693950281824,-2.040350917653564,17.77386985078769,False,11.500615475494449,0.0,0.7070865606991292,45.0,90.0,0.10746987819162568,tilt,False
0.004247074266007949,-0.10746987828148477,9.658953257012638e-10,0.0,1.0,17.36,FL,0.3594366408646358,False,False,-1.7698914709314215,-2.5656282689614334,17.24740052752723,False,10.169606538915842,0.0,0.578756393277157,45.0,90.0,0.10746987828148477,tilt,False
0.004247074266007949,-0.10746987828148477,4.6501309533640486e-10,0.0,1.0,17.36,FR,0.8594366408646358,True,True,-1.774240851431054,-2.5554844329785906,17.257571147379235,False,10.19559165506092,0.0,0.5807265761867855,45.0,90.0,0.10746987828148477,tilt,False
0.004247074266007949,-0.10746987828148477,9.662440386764008e-10,0.0,1.0,17.36,RL,0.8594366408646358,True,True,-2.0041103459725598,-2.050696880150783,17.763504237548208,False,11.474766321257512,0.0,0.7051678095635526,45.0,90.0,0.10746987828148477,tilt,False
0.004247074266007949,-0.10746987828148477,7.073498246154444e-10,0.0,1.0,17.36,RR,0.3594366408646358,False,False,-2.0084693955350756,-2.0403509170393157,17.77386985140262,False,11.50061546828463,0.0,0.7070865608278044,45.0,90.0,0.10746987828148477,tilt,False
0.004247074551386176,-0.10746987840686,1.0091651067448483e-09,0.0,1.0,17.38,FL,0.3594366408646358,False,False,-1.769891472298335,-2.565628273300376,17.24740052317902,False,10.169606546056263,0.0,0.5787563929730687,45.0,90.0,0.10746987840686,tilt,False
0.004247074551386176,-0.10746987840686,4.935819740496331e-10,0.0,1.0,17.38,FR,0.8594366408646358,True,True,-1.7742408484154384,-2.5554844284351037,17.257571151933455,False,10.195591642484471,0.0,0.5807265765217967,45.0,90.0,0.10746987840686,tilt,False
0.004247074551386176,-0.10746987840686,1.0435634660431694e-09,0.0,1.0,17.38,RL,0.8594366408646358,True,True,-2.0041103485087426,-2.050696880909225,17.763504236786492,False,11.474766324208753,0.0,0.7051678091123098,45.0,90.0,0.10746987840686,tilt,False
0.004247074551386176,-0.10746987840686,7.358588241571556e-10,0.0,1.0,17.38,RR,0.3594366408646358,False,False,-2.0084693963466385,-2.040350916538515,17.773869851903676,False,11.50061546476967,0.0,0.7070865611071595,45.0,90.0,0.10746987840686,tilt,False
0.004247074846223933,-0.1074698785343974,1.0590778867863712e-09,0.0,1.0,17.400000000000002,FL,0.3594366408646358,False,False,-1.7698914742709757,-2.565628277966442,17.247400518502968,False,10.16960658036135,0.0,0.5787563923813365,45.0,90.0,0.1074698785343974,tilt,False
0.004247074846223933,-0.1074698785343974,5.482870880052427e-10,0.0,1.0,17.400000000000002,FR,0.8594366408646358,True,True,-1.7742408440360389,-2.5554844212484875,17.257571159136646,False,10.195591545137447,0.0,0.5807265771022754,45.0,90.0,0.1074698785343974,tilt,False
0.004247074846223933,-0.1074698785343974,1.13373717487298e-09,0.0,1.0,17.400000000000002,RL,0.8594366408646358,True,True,-2.0041103523110344,-2.0506968832435213,17.76350423444623,False,11.474766425548975,0.0,0.7051678085011446,45.0,90.0,0.1074698785343974,tilt,False
0.004247074846223933,-0.1074698785343974,7.676649902363446e-10,0.0,1.0,17.400000000000002,RR,0.3594366408646358,False,False,-2.008469397374875,-2.0403509162273505,17.773869852214634,False,11.500615494285743,0.0,0.7070865616408508,45.0,90.0,0.1074698785343974,tilt,False
0.0042470744986422915,-0.10746987861208598,9.658333587922545e-10,0.0,1.0,17.42,FL,0.3594366408646358,False,False,-1.769891473658608,-2.5656282798107792,17.247400516657933,False,10.16960656936613,0.0,0.5787563924844845,45.0,90.0,0.10746987861208598,tilt,False
0.0042470744986422915,-0.10746987861208598,5.054465492586046e-10,0.0,1.0,17.42,FR,0.8594366408646358,True,True,-1.7742408470519597,-2.55548442124922,17.257571159130052,False,10.195591595346208,0.0,0.5807265770909456,45.0,90.0,0.10746987861208598,tilt,False
0.0042470744986422915,-0.10746987861208598,9.116288819386263e-10,0.0,1.0,17.42,RL,0.8594366408646358,True,True,-2.004110348860555,-2.0506968787680524,17.763504238931418,False,11.474766362801065,0.0,0.7051678087278472,45.0,90.0,0.10746987861208598,tilt,False
0.0042470744986422915,-0.10746987861208598,7.032500328243276e-10,0.0,1.0,17.42,RR,0.3594366408646358,False,False,-2.008469396511864,-2.040350914524338,17.773869853920914,False,11.50061547171711,0.0,0.7070865611281029,45.0,90.0,0.10746987861208598,tilt,False
0.004247074380093753,-0.10746987848207258,9.257254085940657e-10,0.0,1.0,17.44,FL,0.3594366408646358,False,False,-1.7698914728710193,-2.565628282031898,17.247400514435455,False,10.169606568424367,0.0,0.5787563928341841,45.0,90.0,0.10746987848207258,tilt,False
0.004247074380093753,-0.10746987848207258,5.25355502456684e-10,0.0,1.0,17.44,FR,0.8594366408646358,True,True,-1.7742408509062828,-2.5554844240706887,17.257571156299058,False,10.195591591839623,0.0,0.5807265768761153,45.0,90.0,0.10746987848207258,tilt,False
0.004247074380093753,-0.10746987848207258,8.542125407987414e-10,0.0,1.0,17.44,RL,0.8594366408646358,True,True,-2.0041103444247073,-2.0506968735956104,17.763504244113697,False,11.47476637432918,0.0,0.7051678089588924,45.0,90.0,0.10746987848207258,tilt,False
0.004247074380093753,-0.10746987848207258,6.772948778766187e-10,0.0,1.0,17.44,RR,0.3594366408646358,False,False,-2.0084693953054296,-2.040350913163812,17.773869855284126,False,11.500615481098906,0.0,0.7070865605242301,45.0,90.0,0.10746987848207258,tilt,False
0.004247074569386553,-0.10746987841360733,9.387457459812174e-10,0.0,1.0,17.46,FL,0.3594366408646358,False,False,-1.7698914727835822,-2.565628285400169,17.247400511061706,False,10.16960658862477,0.0,0.5787563931141896,45.0,90.0,0.10746987841360733,tilt,False
0.004247074569386553,-0.10746987841360733,4.878676205480912e-10,0.0,1.0,17.46,FR,0.8594366408646358,True,True,-1.7742408523054483,-2.5554844254403775,17.257571154925873,False,10.195591541169433,0.0,0.5807265767187095,45.0,90.0,0.10746987841360733,tilt,False
0.004247074569386553,-0.10746987841360733,8.909474412590071e-10,0.0,1.0,17.46,RL,0.8594366408646358,True,True,-2.0041103424749234,-2.0506968704067443,17.76350424730714,False,11.474766414833462,0.0,0.7051678089769439,45.0,90.0,0.10746987841360733,tilt,False
0.004247074569386553,-0.10746987841360733,6.92338020877956e-10,0.0,1.0,17.46,RR,0.3594366408646358,False,False,-2.0084693949108665,-2.0403509122848793,17.773869856164566,False,11.500615488785664,0.0,0.7070865601662085,45.0,90.0,0.10746987841360733,tilt,False
0.004247074941527491,-0.1074698784362385,9.711054185644634e-10,0.0,1.0,17.48,FL,0.3594366408646358,False,False,-1.7698914734997386,-2.5656282896751383,17.247400506777996,False,10.169606568313093,0.0,0.5787563931084501,45.0,90.0,0.1074698784362385,tilt,False
0.004247074941527491,-0.1074698784362385,4.700564996288708e-10,0.0,1.0,17.48,FR,0.8594366408646358,True,True,-1.7742408511601941,-2.555484424338412,17.257571156031556,False,10.195591589810002,0.0,0.5807265768038694,45.0,90.0,0.1074698784362385,tilt,False
0.004247074941527491,-0.1074698784362385,9.55423780967382e-10,0.0,1.0,17.48,RL,0.8594366408646358,True,True,-2.004110343079183,-2.0506968692956957,17.763504248417956,False,11.47476636848691,0.0,0.7051678086619527,45.0,90.0,0.1074698784362385,tilt,False
0.004247074941527491,-0.1074698784362385,7.179062954309833e-10,0.0,1.0,17.48,RR,0.3594366408646358,False,False,-2.0084693952664887,-2.0403509117148144,17.773869856735214,False,11.500615480072037,0.0,0.7070865602387999,45.0,90.0,0.1074698784362385,tilt,False
0.004247075235161413,-0.1074698785344802,9.861875004535983e-10,0.0,1.0,17.5,FL,0.3594366408646358,False,False,-1.7698914743200302,-2.5656282938639476,17.247400502580536,False,10.16960654228624,0.0,0.5787563929864649,45.0,90.0,0.1074698785344802,tilt,False
0.004247075235161413,-0.1074698785344802,4.756949787147563e-10,0.0,1.0,17.5,FR,0.8594366408646358,True,True,-1.774240849621314,-2.5554844223233917,17.257571158051647,False,10.195591650799548,0.0,0.5807265769879327,45.0,90.0,0.1074698785344802,tilt,False
0.004247075235161413,-0.1074698785344802,9.766160580214765e-10,0.0,1.0,17.5,RL,0.8594366408646358,True,True,-2.0041103441317194,-2.0506968683472944,17.76350424936609,False,11.474766317252413,0.0,0.7051678082923578,45.0,90.0,0.1074698785344802,tilt,False
0.004247075235161413,-0.1074698785344802,7.296351230373564e-10,0.0,1.0,17.5,RR,0.3594366408646358,False,False,-2.008469395758522,-2.040350910976395,17.773869857474487,False,11.50061547315446,0.0,0.7070865604103261,45.0,90.0,0.1074698785344802,tilt,False
0.004247075533916684,-0.10746987866620694,1.031965515604473e-09,0.0,1.0,17.52,FL,0.3594366408646358,False,False,-1.7698914757701725,-2.5656282984208127,17.247400498013935,False,10.169606549723138,0.0,0.5787563926688667,45.0,90.0,0.10746987866620694,tilt,False
0.004247075533916684,-0.10746987866620694,5.050511366234402e-10,0.0,1.0,17.52,FR,0.8594366408646358,True,True,-1.7742408465727666,-2.5554844177492626,17.257571162636598,False,10.195591638069224,0.0,0.5807265773395774,45.0,90.0,0.10746987866620694,tilt,False
0.004247075533916684,-0.10746987866620694,1.0535683055755633e-09,0.0,1.0,17.52,RL,0.8594366408646358,True,True,-2.0041103466302905,-2.050696868876819,17.76350424883357,False,11.474766320079326,0.0,0.7051678078379792,45.0,90.0,0.10746987866620694,tilt,False
0.004247075533916684,-0.10746987866620694,7.583704617960972e-10,0.0,1.0,17.52,RR,0.3594366408646358,False,False,-2.0084693965466554,-2.0403509103561515,17.773869858095118,False,11.50061546978914,0.0,0.7070865607325881,45.0,90.0,0.10746987866620694,tilt,False
0.004247075848106164,-0.10746987879938533,1.084691514034421e-09,0.0,1.0,17.54,FL,0.3594366408646358,False,False,-1.7698914778597128,-2.5656283033811644,17.24740049304293,False,10.16960658679218,0.0,0.5787563920618718,45.0,90.0,0.10746987879938533,tilt,False
0.004247075848106164,-0.10746987879938533,5.608668426353986e-10,0.0,1.0,17.54,FR,0.8594366408646358,True,True,-1.7742408421490898,-2.5554844105126344,17.257571169889943,False,10.195591539871133,0.0,0.5807265779396978,45.0,90.0,0.10746987879938533,tilt,False
0.004247075848106164,-0.10746987879938533,1.1431863525601494e-09,0.0,1.0,17.54,RL,0.8594366408646358,True,True,-2.0041103503786184,-2.050696870980931,17.763504246723784,False,11.474766420134657,0.0,0.7051678072179923,45.0,90.0,0.10746987879938533,tilt,False
0.004247075848106164,-0.10746987879938533,7.903102962730134e-10,0.0,1.0,17.54,RR,0.3594366408646358,False,False,-2.008469397543386,-2.0403509099233585,17.77386985852788,False,11.500615498409056,0.0,0.707086561311899,45.0,90.0,0.10746987879938533,tilt,False
0.004247075508727061,-0.10746987888388018,9.818660489823673e-10,0.0,1.0,17.56,FL,0.3594366408646358,False,False,-1.7698914771449858,-2.565628305307023,17.247400491116373,False,10.169606574269713,0.0,0.5787563921621979,45.0,90.0,0.10746987888388018,tilt,False
0.004247075508727061,-0.10746987888388018,5.145206221756052e-10,0.0,1.0,17.56,FR,0.8594366408646358,True,True,-1.7742408451987477,-2.5554844105419616,17.25757116985462,False,10.195591590349437,0.0,0.5807265779321231,45.0,90.0,0.10746987888388018,tilt,False
0.004247075508727061,-0.10746987888388018,9.248617731240599e-10,0.0,1.0,17.56,RL,0.8594366408646358,True,True,-2.00411034695764,-2.05069686635986,17.763504251354686,False,11.474766358019448,0.0,0.7051678074636425,45.0,90.0,0.10746987888388018,tilt,False
0.004247075508727061,-0.10746987888388018,7.257300677371946e-10,0.0,1.0,17.56,RR,0.3594366408646358,False,False,-2.0084693967120373,-2.04035090815596,17.773869860298603,False,11.50061547666174,0.0,0.7070865608188307,45.0,90.0,0.10746987888388018,tilt,False
0.0042470754028621155,-0.10746987876578785,9.38521048975105e-10,0.0,1.0,17.580000000000002,FL,0.3594366408646358,False,False,-1.7698914762309357,-2.5656283075374056,17.24740048888473,False,10.169606573399046,0.0,0.5787563925144745,45.0,90.0,0.10746987876578785,tilt,False
0.0042470754028621155,-0.10746987876578785,5.330271087900676e-10,0.0,1.0,17.580000000000002,FR,0.8594366408646358,True,True,-1.7742408490871269,-2.5554844133926986,17.25757116699426,False,10.195591586937663,0.0,0.5807265777139236,45.0,90.0,0.10746987876578785,tilt,False
0.0042470754028621155,-0.10746987876578785,8.680695012540381e-10,0.0,1.0,17.580000000000002,RL,0.8594366408646358,True,True,-2.004110342559595,-2.0506968610650467,17.763504256659406,False,11.4747663692719,0.0,0.7051678077167487,45.0,90.0,0.10746987876578785,tilt,False
0.0042470754028621155,-0.10746987876578785,6.99343985602638e-10,0.0,1.0,17.580000000000002,RR,0.3594366408646358,False,False,-2.008469395552267,-2.0403509067236403,17.773869861733694,False,11.500615485923811,0.0,0.7070865602316027,45.0,90.0,0.10746987876578785,tilt,False
0.004247075609991009,-0.10746987870766748,9.53200443007487e-10,0.0,1.0,17.6,FL,0.3594366408646358,False,False,-1.7698914760906868,-2.565628310959519,17.24740048545703,False,10.169606595064185,0.0,0.5787563927967804,45.0,90.0,0.10746987870766748,tilt,False
0.004247075609991009,-0.10746987870766748,4.960021729666056e-10,0.0,1.0,17.6,FR,0.8594366408646358,True,True,-1.7742408504970095,-2.55548441476287,17.25757116562054,False,10.19559153564484,0.0,0.5807265775536657,45.0,90.0,0.10746987870766748,tilt,False
0.004247075609991009,-0.10746987870766748,9.048135294917237e-10,0.0,1.0,17.6,RL,0.8594366408646358,True,True,-2.0041103406177214,-2.050696857746996,17.763504259982138,False,11.474766409209334,0.0,0.7051678077517438,45.0,90.0,0.10746987870766748,tilt,False
0.004247075609991009,-0.10746987870766748,7.144920594079135e-10,0.0,1.0,17.6,RR,0.3594366408646358,False,False,-2.0084693951828125,-2.0403509057563864,17.77386986270252,False,11.500615493451054,0.0,0.7070865598935598,45.0,90.0,0.10746987870766748,tilt,False
0.004247076001837978,-0.10746987873820672,9.882080658291727e-10,0.0,1.0,17.62,FL,0.3594366408646358,False,False,-1.7698914768282428,-2.565628315355405,17.247400481052132,False,10.16960657331175,0.0,0.5787563927892647,45.0,90.0,0.10746987873820672,tilt,False
0.004247076001837978,-0.10746987873820672,4.794875707247883e-10,0.0,1.0,17.62,FR,0.8594366408646358,True,True,-1.7742408493365212,-2.5554844136320387,17.2575711667552,False,10.195591584933934,0.0,0.5807265776412437,45.0,90.0,0.10746987873820672,tilt,False
0.004247076001837978,-0.10746987873820672,9.689778461396424e-10,0.0,1.0,17.62,RL,0.8594366408646358,True,True,-2.0041103412005365,-2.050696856494869,17.76350426123421,False,11.474766363363676,0.0,0.7051678074435305,45.0,90.0,0.10746987873820672,tilt,False
0.004247076001837978,-0.10746987873820672,7.402436383691526e-10,0.0,1.0,17.62,RR,0.3594366408646358,False,False,-2.0084693955377646,-2.0403509050844795,17.773869863375197,False,11.500615485112055,0.0,0.707086559993479,45.0,90.0,0.10746987873820672,tilt,False
0.004247076311170126,-0.10746987884228826,1.0039984660635129e-09,0.0,1.0,17.64,FL,0.3594366408646358,False,False,-1.7698914776837007,-2.565628319684151,17.247400476714432,False,10.169606545479684,0.0,0.5787563926636944,45.0,90.0,0.10746987884228826,tilt,False
0.004247076311170126,-0.10746987884228826,4.857087629336694e-10,0.0,1.0,17.64,FR,0.8594366408646358,True,True,-1.774240847779038,-2.5554844115840485,17.257571168808347,False,10.19559164678597,0.0,0.5807265778299681,45.0,90.0,0.10746987884228826,tilt,False
0.004247076311170126,-0.10746987884228826,9.903737073908002e-10,0.0,1.0,17.64,RL,0.8594366408646358,True,True,-2.0041103422302995,-2.0506968554105733,17.76350426231839,False,11.474766312715103,0.0,0.7051678070787377,45.0,90.0,0.10746987884228826,tilt,False
0.004247076311170126,-0.10746987884228826,7.520444336465879e-10,0.0,1.0,17.64,RR,0.3594366408646358,False,False,-2.008469396021426,-2.0403509042496717,17.773869864210994,False,11.500615478483594,0.0,0.7070865601924016,45.0,90.0,0.10746987884228826,tilt,False
0.004247076623387743,-0.10746987897877759,1.0525669123432396e-09,0.0,1.0,17.66,FL,0.3594366408646358,False,False,-1.7698914792145735,-2.5656283244459983,17.247400471942413,False,10.169606553277017,0.0,0.5787563923394122,45.0,90.0,0.10746987897877759,tilt,False
0.004247076623387743,-0.10746987897877759,5.168373676297892e-10,0.0,1.0,17.66,FR,0.8594366408646358,True,True,-1.774240844693284,-2.5554844069563125,17.257571173447065,False,10.195591633807172,0.0,0.5807265781901492,45.0,90.0,0.10746987897877759,tilt,False
0.004247076623387743,-0.10746987897877759,1.0667672723923973e-09,0.0,1.0,17.66,RL,0.8594366408646358,True,True,-2.0041103446944257,-2.0506968557919456,17.76350426193424,False,11.47476631551528,0.0,0.7051678066254932,45.0,90.0,0.10746987897877759,tilt,False
0.004247076623387743,-0.10746987897877759,7.808669417705878e-10,0.0,1.0,17.66,RR,0.3594366408646358,False,False,-2.0084693967859986,-2.040350903527867,17.77386986493337,False,11.500615475204624,0.0,0.7070865605435381,45.0,90.0,0.10746987897877759,tilt,False
0.004247076949215917,-0.10746987911636885,1.1084475105484682e-09,0.0,1.0,17.68,FL,0.3594366408646358,False,False,-1.7698914814268316,-2.5656283296797215,17.247400466697393,False,10.169606593182595,0.0,0.5787563917212031,45.0,90.0,0.10746987911636885,tilt,False
0.004247076949215917,-0.10746987911636885,5.745203682952046e-10,0.0,1.0,17.68,FR,0.8594366408646358,True,True,-1.7742408402147933,-2.5554843996440506,17.257571180776182,False,10.19559153458375,0.0,0.5807265788045444,45.0,90.0,0.10746987911636885,tilt,False
0.004247076949215917,-0.10746987911636885,1.15562803867245e-09,0.0,1.0,17.68,RL,0.8594366408646358,True,True,-2.004110348398945,-2.050696857732057,17.76350425998863,False,11.474766414422295,0.0,0.7051678059999118,45.0,90.0,0.10746987911636885,tilt,False
0.004247076949215917,-0.10746987911636885,8.128392525674172e-10,0.0,1.0,17.68,RR,0.3594366408646358,False,False,-2.008469397746994,-2.0403509029867233,17.773869865474598,False,11.500615502834451,0.0,0.7070865611559083,45.0,90.0,0.10746987911636885,tilt,False
0.004247076605157338,-0.10746987920650944,9.962825984511246e-10,0.0,1.0,17.7,FL,0.3594366408646358,False,False,-1.7698914806184642,-2.5656283316601582,17.247400464716335,False,10.16960657920752,0.0,0.5787563918211728,45.0,90.0,0.10746987920650944,tilt,False
0.004247076605157338,-0.10746987920650944,5.23409220172015e-10,0.0,1.0,17.7,FR,0.8594366408646358,True,True,-1.7742408432904617,-2.5554843996833805,17.257571180730796,False,10.195591585308732,0.0,0.5807265787971094,45.0,90.0,0.10746987920650944,tilt,False
0.004247076605157338,-0.10746987920650944,9.404596227468669e-10,0.0,1.0,17.7,RL,0.8594366408646358,True,True,-2.0041103450186593,-2.0506968530199408,17.76350426471065,False,11.474766352993596,0.0,0.7051678062674822,45.0,90.0,0.10746987920650944,tilt,False
0.004247076605157338,-0.10746987920650944,7.478881219010352e-10,0.0,1.0,17.7,RR,0.3594366408646358,False,False,-2.008469396941274,-2.0403509011683028,17.77386986729639,False,11.500615481856132,0.0,0.7070865606706626,45.0,90.0,0.10746987920650944,tilt,False
0.0042470764972177225,-0.10746987909897732,9.498943676180045e-10,0.0,1.0,17.72,FL,0.3594366408646358,False,False,-1.7698914795892113,-2.565628333869859,17.247400462505524,False,10.169606578463807,0.0,0.5787563921771081,45.0,90.0,0.10746987909897732,tilt,False
0.0042470764972177225,-0.10746987909897732,5.404062634023708e-10,0.0,1.0,17.72,FR,0.8594366408646358,True,True,-1.7742408472043378,-2.555484402547506,17.25757117785691,False,10.195591581919032,0.0,0.5807265785734161,45.0,90.0,0.10746987909897732,tilt,False
0.0042470764972177225,-0.10746987909897732,8.839265947388861e-10,0.0,1.0,17.72,RL,0.8594366408646358,True,True,-2.00411034067147,-2.050696847651086,17.763504270089456,False,11.47476636404304,0.0,0.7051678065447989,45.0,90.0,0.10746987909897732,tilt,False
0.0042470764972177225,-0.10746987909897732,7.209638474275757e-10,0.0,1.0,17.72,RR,0.3594366408646358,False,False,-2.0084693958221655,-2.0403508996791158,17.773869868788392,False,11.500615490943161,0.0,0.7070865600894716,45.0,90.0,0.10746987909897732,tilt,False
0.004247076707717745,-0.10746987904979366,9.66319826588329e-10,0.0,1.0,17.740000000000002,FL,0.3594366408646358,False,False,-1.769891479406982,-2.5656283373157,17.24740045905409,False,10.169606601648523,0.0,0.5787563924616423,45.0,90.0,0.10746987904979366,tilt,False
0.004247076707717745,-0.10746987904979366,5.042701545496685e-10,0.0,1.0,17.740000000000002,FR,0.8594366408646358,True,True,-1.7742408486146228,-2.5554844039026374,17.257571176498246,False,10.195591529914385,0.0,0.5807265784093454,45.0,90.0,0.10746987904979366,tilt,False
0.004247076707717745,-0.10746987904979366,9.206522360035078e-10,0.0,1.0,17.740000000000002,RL,0.8594366408646358,True,True,-2.00411033874974,-2.0506968442494355,17.76350427349585,False,11.474766403484967,0.0,0.705167806597931,45.0,90.0,0.10746987904979366,tilt,False
0.004247076707717745,-0.10746987904979366,7.362033416458105e-10,0.0,1.0,17.740000000000002,RR,0.3594366408646358,False,False,-2.008469395470981,-2.040350898638379,17.773869869830797,False,11.50061549825639,0.0,0.7070865597621383,45.0,90.0,0.10746987904979366,tilt,False
0.004247077106507842,-0.1074698790867364,1.0041883994536624e-09,0.0,1.0,17.76,FL,0.3594366408646358,False,False,-1.7698914801784724,-2.565628341805685,17.247400454554874,False,10.169606578478419,0.0,0.5787563924513991,45.0,90.0,0.1074698790867364,tilt,False
0.004247077106507842,-0.1074698790867364,4.89583719728017e-10,0.0,1.0,17.76,FR,0.8594366408646358,True,True,-1.77424084742972,-2.555484402728129,17.257571177676674,False,10.195591579860562,0.0,0.5807265784993588,45.0,90.0,0.1074698790867364,tilt,False
0.004247077106507842,-0.1074698790867364,9.845960993479371e-10,0.0,1.0,17.76,RL,0.8594366408646358,True,True,-2.004110339325026,-2.0506968429015413,17.76350427484381,False,11.474766358149461,0.0,0.7051678062967446,45.0,90.0,0.1074698790867364,tilt,False
0.004247077106507842,-0.1074698790867364,7.621777478272087e-10,0.0,1.0,17.76,RR,0.3594366408646358,False,False,-2.008469395819737,-2.0403508978808595,17.77386987058919,False,11.500615490267483,0.0,0.707086559881508,45.0,90.0,0.1074698790867364,tilt,False
0.004247077421108852,-0.1074698791950717,1.0207117551942689e-09,0.0,1.0,17.78,FL,0.3594366408646358,False,False,-1.7698914810786968,-2.565628346247975,17.247400450103385,False,10.169606548847481,0.0,0.5787563923208952,45.0,90.0,0.1074698791950717,tilt,False
0.004247077421108852,-0.1074698791950717,4.96510565670103e-10,0.0,1.0,17.78,FR,0.8594366408646358,True,True,-1.774240845846358,-2.555484400633353,17.25757117977673,False,10.195591642597616,0.0,0.5807265786932178,45.0,90.0,0.1074698791950717,tilt,False
0.004247077421108852,-0.1074698791950717,1.0061719025463083e-09,0.0,1.0,17.78,RL,0.8594366408646358,True,True,-2.0041103403439857,-2.0506968417259923,17.763504276019376,False,11.474766308083753,0.0,0.7051678059364461,45.0,90.0,0.1074698791950717,tilt,False
0.004247077421108852,-0.1074698791950717,7.740902789776475e-10,0.0,1.0,17.78,RR,0.3594366408646358,False,False,-2.008469396291828,-2.0403508969672366,17.77386987150393,False,11.500615483922697,0.0,0.7070865601008987,45.0,90.0,0.1074698791950717,tilt,False
0.004247077739182389,-0.10746987933467178,1.0721944271564017e-09,0.0,1.0,17.8,FL,0.3594366408646358,False,False,-1.7698914826977836,-2.565628351190726,17.24740044515003,False,10.16960655701198,0.0,0.5787563919883442,45.0,90.0,0.10746987933467178,tilt,False
0.004247077739182389,-0.10746987933467178,5.297102063308463e-10,0.0,1.0,17.8,FR,0.8594366408646358,True,True,-1.774240842717184,-2.5554843959368774,17.257571184484327,False,10.195591629365396,0.0,0.5807265790626828,45.0,90.0,0.10746987933467178,tilt,False
0.004247077739182389,-0.10746987933467178,1.0821344184633459e-09,0.0,1.0,17.8,RL,0.8594366408646358,True,True,-2.0041103427834126,-2.0506968420040477,17.76350427573867,False,11.474766310866073,0.0,0.7051678054835118,45.0,90.0,0.10746987933467178,tilt,False
0.004247077739182389,-0.10746987933467178,8.030996807622965e-10,0.0,1.0,17.8,RR,0.3594366408646358,False,False,-2.0084693970301783,-2.040350896161062,17.77386987231076,False,11.500615480715565,0.0,0.7070865604748473,45.0,90.0,0.10746987933467178,tilt,False
0.004247078071818105,-0.10746987947508606,1.1310991524004838e-09,0.0,1.0,17.82,FL,0.3594366408646358,False,False,-1.769891485035327,-2.5656283566734412,17.2474004396555,False,10.169606599761027,0.0,0.5787563913570846,45.0,90.0,0.10746987947508606,tilt,False
0.004247078071818105,-0.10746987947508606,5.895062793894843e-10,0.0,1.0,17.82,FR,0.8594366408646358,True,True,-1.7742408381755046,-2.555484388530694,17.257571191907623,False,10.19559152903919,0.0,0.5807265796922233,45.0,90.0,0.10746987947508606,tilt,False
0.004247078071818105,-0.10746987947508606,1.1703805801975979e-09,0.0,1.0,17.82,RL,0.8594366408646358,True,True,-2.0041103464515446,-2.0506968438258992,17.763504273911547,False,11.474766408681388,0.0,0.7051678048510925,45.0,90.0,0.10746987947508606,tilt,False
0.004247078071818105,-0.10746987947508606,8.35251806156013e-10,0.0,1.0,17.82,RR,0.3594366408646358,False,False,-2.0084693979518335,-2.0403508955267116,17.773869872945387,False,11.50061550734684,0.0,0.7070865611149629,45.0,90.0,0.10746987947508606,tilt,False
0.004247077583854537,-0.10746987951160512,9.475012597672795e-10,0.0,1.0,17.84,FL,0.3594366408646358,False,False,-1.769891483048798,-2.5656283576273275,17.247400438704336,False,10.16960658217868,0.0,0.5787563918068386,45.0,90.0,0.10746987951160512,tilt,False
0.004247077583854537,-0.10746987951160512,5.764547812163018e-10,0.0,1.0,17.84,FR,0.8594366408646358,True,True,-1.774240843839505,-2.5554843920912833,17.25757118833207,False,10.195591584340765,0.0,0.5807265793813353,45.0,90.0,0.10746987951160512,tilt,False
0.004247077583854537,-0.10746987951160512,8.755649306182626e-10,0.0,1.0,17.84,RL,0.8594366408646358,True,True,-2.0041103407405156,-2.0506968366478353,17.763504281104307,False,11.474766344969082,0.0,0.7051678054300629,45.0,90.0,0.10746987951160512,tilt,False
0.004247077583854537,-0.10746987951160512,7.352705844877706e-10,0.0,1.0,17.84,RR,0.3594366408646358,False,False,-2.008469396596095,-2.0403508933435344,17.773869875132753,False,11.500615487258518,0.0,0.707086560237183,45.0,90.0,0.10746987951160512,tilt,False
0.0042470775868515605,-0.10746987942231766,9.543470591638962e-10,0.0,1.0,17.86,FL,0.3594366408646358,False,False,-1.769891482189038,-2.5656283601789633,17.24740043615025,False,10.169606581504986,0.0,0.5787563921710004,45.0,90.0,0.10746987942231766,tilt,False
0.0042470775868515605,-0.10746987942231766,5.376673904844365e-10,0.0,1.0,17.86,FR,0.8594366408646358,True,True,-1.7742408469941622,-2.5554843949221646,17.257571185492782,False,10.195591579581828,0.0,0.5807265791485414,45.0,90.0,0.10746987942231766,tilt,False
0.0042470775868515605,-0.10746987942231766,8.992981564050529e-10,0.0,1.0,17.86,RL,0.8594366408646358,True,True,-2.004110337192614,-2.050696831677384,17.763504286083176,False,11.474766356979378,0.0,0.7051678056345696,45.0,90.0,0.10746987942231766,tilt,False
0.0042470775868515605,-0.10746987942231766,7.398740321588114e-10,0.0,1.0,17.86,RR,0.3594366408646358,False,False,-2.008469395744481,-2.040350891933482,17.77386987654529,False,11.500615496365926,0.0,0.7070865597494725,45.0,90.0,0.10746987942231766,tilt,False
0.004247077831703249,-0.107469879415402,9.739674337531492e-10,0.0,1.0,17.88,FL,0.3594366408646358,False,False,-1.7698914821508358,-2.565628363795737,17.247400432527087,False,10.16960660663647,0.0,0.578756392448829,45.0,90.0,0.107469879415402,tilt,False
0.004247077831703249,-0.107469879415402,5.064776075186331e-10,0.0,1.0,17.88,FR,0.8594366408646358,True,True,-1.7742408478333658,-2.5554843961434135,17.257571184268972,False,10.195591525998603,0.0,0.5807265789887051,45.0,90.0,0.107469879415402,tilt,False
0.004247077831703249,-0.107469879415402,9.352959397263463e-10,0.0,1.0,17.88,RL,0.8594366408646358,True,True,-2.0041103358712613,-2.050696828408395,17.763504289356252,False,11.474766396741856,0.0,0.7051678056398379,45.0,90.0,0.107469879415402,tilt,False
0.004247077831703249,-0.107469879415402,7.559229427903918e-10,0.0,1.0,17.88,RR,0.3594366408646358,False,False,-2.0084693955876554,-2.040350890823859,17.773869877656594,False,11.5006155032971,0.0,0.707086559494085,45.0,90.0,0.107469879415402,tilt,False
0.00424707821844139,-0.10746987948661002,1.0167477179884665e-09,0.0,1.0,17.900000000000002,FL,0.3594366408646358,False,False,-1.7698914831026855,-2.565628368393073,17.247400427919985,False,10.16960658257421,0.0,0.5787563924154622,45.0,90.0,0.10746987948661002,tilt,False
0.00424707821844139,-0.10746987948661002,4.976589141573351e-10,0.0,1.0,17.900000000000002,FR,0.8594366408646358,True,True,-1.774240846224573,-2.5554843947645094,17.257571185652548,False,10.19559157592107,0.0,0.5807265790998825,45.0,90.0,0.10746987948661002,tilt,False
0.00424707821844139,-0.10746987948661002,9.994047055815796e-10,0.0,1.0,17.900000000000002,RL,0.8594366408646358,True,True,-2.0041103368500512,-2.0506968270394172,17.76350429072508,False,11.474766352596736,0.0,0.7051678052991794,45.0,90.0,0.10746987948661002,tilt,False
0.00424707821844139,-0.10746987948661002,7.822085480947083e-10,0.0,1.0,17.900000000000002,RR,0.3594366408646358,False,False,-2.0084693960250517,-2.040350889927281,17.773869878554155,False,11.50061549547509,0.0,0.707086559676452,45.0,90.0,0.10746987948661002,tilt,False
0.004247078493336796,-0.1074698796177057,1.0357637493702617e-09,0.0,1.0,17.92,FL,0.3594366408646358,False,False,-1.7698914841714277,-2.56562837289262,17.247400423410994,False,10.169606551585693,0.0,0.5787563922520103,45.0,90.0,0.1074698796177057,tilt,False
0.004247078493336796,-0.1074698796177057,5.072700130107829e-10,0.0,1.0,17.92,FR,0.8594366408646358,True,True,-1.7742408443392477,-2.5554843924456145,17.257571187977327,False,10.195591639059145,0.0,0.5807265793248466,45.0,90.0,0.1074698796177057,tilt,False
0.004247078493336796,-0.1074698796177057,1.0216937612890568e-09,0.0,1.0,17.92,RL,0.8594366408646358,True,True,-2.0041103381414143,-2.0506968257769445,17.763504291987587,False,11.474766303598177,0.0,0.7051678049091048,45.0,90.0,0.1074698796177057,tilt,False
0.004247078493336796,-0.1074698796177057,7.941781682920411e-10,0.0,1.0,17.92,RR,0.3594366408646358,False,False,-2.00846939651916,-2.040350888862532,17.77386987962015,False,11.50061548921247,0.0,0.7070865599486047,45.0,90.0,0.1074698796177057,tilt,False
0.0042470787636778905,-0.10746987977167392,1.0911628150800992e-09,0.0,1.0,17.94,FL,0.3594366408646358,False,False,-1.7698914859792871,-2.5656283779290945,17.24740041836369,False,10.169606560462269,0.0,0.5787563918791696,45.0,90.0,0.10746987977167392,tilt,False
0.0042470787636778905,-0.10746987977167392,5.445335378782661e-10,0.0,1.0,17.94,FR,0.8594366408646358,True,True,-1.7742408409735024,-2.555484387502426,17.257571192932176,False,10.19559162518017,0.0,0.580726579733126,45.0,90.0,0.10746987977167392,tilt,False
0.0042470787636778905,-0.10746987977167392,1.0978368459812013e-09,0.0,1.0,17.94,RL,0.8594366408646358,True,True,-2.00411034074921,-2.050696825929548,17.763504291832504,False,11.474766306708354,0.0,0.705167804429935,45.0,90.0,0.10746987977167392,tilt,False
0.0042470787636778905,-0.10746987977167392,8.233820511941584e-10,0.0,1.0,17.94,RR,0.3594366408646358,False,False,-2.008469397229002,-2.040350887901384,17.773869880582144,False,11.500615485894087,0.0,0.7070865603704667,45.0,90.0,0.10746987977167392,tilt,False
0.004247079052637739,-0.10746987992124463,1.153695197894576e-09,0.0,1.0,17.96,FL,0.3594366408646358,False,False,-1.7698914885211983,-2.5656283835715743,17.247400412709005,False,10.1696066062665,0.0,0.5787563912018877,45.0,90.0,0.10746987992124463,tilt,False
0.004247079052637739,-0.10746987992124463,6.076758581762062e-10,0.0,1.0,17.96,FR,0.8594366408646358,True,True,-1.7742408362346196,-2.5554843798351117,17.2575712006171,False,10.195591523422554,0.0,0.5807265804079833,45.0,90.0,0.10746987992124463,tilt,False
0.004247079052637739,-0.10746987992124463,1.186026479103487e-09,0.0,1.0,17.96,RL,0.8594366408646358,True,True,-2.004110344510507,-2.0506968276120356,17.763504290144965,False,11.474766403668529,0.0,0.7051678037690179,45.0,90.0,0.10746987992124463,tilt,False
0.004247079052637739,-0.10746987992124463,8.557759105238987e-10,0.0,1.0,17.96,RR,0.3594366408646358,False,False,-2.0084693980923394,-2.04035088711723,17.773869881366704,False,11.500615511353567,0.0,0.7070865610587969,45.0,90.0,0.10746987992124463,tilt,False
0.004247078513139882,-0.10746987996613451,9.57368146199657e-10,0.0,1.0,17.98,FL,0.3594366408646358,False,False,-1.7698914864287505,-2.5656283843852115,17.24740041189867,False,10.169606587253291,0.0,0.5787563916249061,45.0,90.0,0.10746987996613451,tilt,False
0.004247078513139882,-0.10746987996613451,5.829498096957514e-10,0.0,1.0,17.98,FR,0.8594366408646358,True,True,-1.774240841866101,-2.555484383283301,17.25757119715401,False,10.195591578953065,0.0,0.5807265801184767,45.0,90.0,0.10746987996613451,tilt,False
0.004247078513139882,-0.10746987996613451,8.927850927349341e-10,0.0,1.0,17.98,RL,0.8594366408646358,True,True,-2.0041103389484767,-2.0506968204047555,17.76350429736698,False,11.474766340699937,0.0,0.7051678043614942,45.0,90.0,0.10746987996613451,tilt,False
0.004247078513139882,-0.10746987996613451,7.547151891681228e-10,0.0,1.0,17.98,RR,0.3594366408646358,False,False,-2.0084693967662957,-2.040350884885255,17.773869883602856,False,11.500615492009343,0.0,0.7070865601916165,45.0,90.0,0.10746987996613451,tilt,False
0.004247078488563901,-0.10746987988565,9.65190591396683e-10,0.0,1.0,18.0,FL,0.3594366408646358,False,False,-1.7698914855181804,-2.565628386845958,17.247400409435823,False,10.16960658678821,0.0,0.5787563919639135,45.0,90.0,0.10746987988565,tilt,False
0.004247078488563901,-0.10746987988565,5.448516743782247e-10,0.0,1.0,18.0,FR,0.8594366408646358,True,True,-1.7742408449838294,-2.555484385983568,17.25757119444549,False,10.195591574161918,0.0,0.5807265799054708,45.0,90.0,0.10746987988565,tilt,False
0.004247078488563901,-0.10746987988565,9.168436335062186e-10,0.0,1.0,18.0,RL,0.8594366408646358,True,True,-2.004110335490444,-2.0506968154162633,17.763504302363927,False,11.474766352514498,0.0,0.705167804571843,45.0,90.0,0.10746987988565,tilt,False
0.004247078488563901,-0.10746987988565,7.594516328546117e-10,0.0,1.0,18.0,RR,0.3594366408646358,False,False,-2.0084693959324387,-2.0403508834176862,17.773869885072966,False,11.500615500909356,0.0,0.7070865597212849,45.0,90.0,0.10746987988565,tilt,False
0.004247078725333004,-0.10746987988350477,9.864470669444296e-10,0.0,1.0,18.02,FL,0.3594366408646358,False,False,-1.769891485479895,-2.565628390441468,17.247400405833968,False,10.169606613464634,0.0,0.5787563922185999,45.0,90.0,0.10746987988350477,tilt,False
0.004247078725333004,-0.10746987988350477,5.152458530394591e-10,0.0,1.0,18.02,FR,0.8594366408646358,True,True,-1.7742408457870686,-2.555484387064641,17.257571193362008,False,10.195591519802253,0.0,0.5807265797639402,45.0,90.0,0.10746987988350477,tilt,False
0.004247078725333004,-0.10746987988350477,9.534138876803447e-10,0.0,1.0,18.02,RL,0.8594366408646358,True,True,-2.0041103342073043,-2.0506968121454703,17.763504305638772,False,11.474766391762246,0.0,0.7051678045793619,45.0,90.0,0.10746987988350477,tilt,False
0.004247078725333004,-0.10746987988350477,7.759723785430544e-10,0.0,1.0,18.02,RR,0.3594366408646358,False,False,-2.008469395776629,-2.04035088225437,17.773869886237986,False,11.50061550760417,0.0,0.7070865594856142,45.0,90.0,0.10746987988350477,tilt,False
0.004247079120236591,-0.10746987995597485,1.0318222877624873e-09,0.0,1.0,18.04,FL,0.3594366408646358,False,False,-1.7698914864882134,-2.5656283951074785,17.247400401158014,False,10.169606587945614,0.0,0.5787563921605363,45.0,90.0,0.10746987995597485,tilt,False
0.004247079120236591,-0.10746987995597485,5.094126574815003e-10,0.0,1.0,18.04,FR,0.8594366408646358,True,True,-1.7742408441332216,-2.555484385528016,17.257571194903583,False,10.195591570496854,0.0,0.5807265798963054,45.0,90.0,0.10746987995597485,tilt,False
0.004247079120236591,-0.10746987995597485,1.0179427075658386e-09,0.0,1.0,18.04,RL,0.8594366408646358,True,True,-2.0041103351821423,-2.050696810782515,17.763504307001575,False,11.474766347998207,0.0,0.7051678042315954,45.0,90.0,0.10746987995597485,tilt,False
0.004247079120236591,-0.10746987995597485,8.028932859244415e-10,0.0,1.0,18.04,RR,0.3594366408646358,False,False,-2.008469396197855,-2.0403508813046263,17.773869887188777,False,11.500615500201873,0.0,0.7070865596947793,45.0,90.0,0.10746987995597485,tilt,False
0.004247079411561885,-0.10746988008588897,1.0514114245878738e-09,0.0,1.0,18.06,FL,0.3594366408646358,False,False,-1.7698914876104441,-2.5656283997116636,17.24740039654418,False,10.169606555081371,0.0,0.5787563919736949,45.0,90.0,0.10746988008588897,tilt,False
0.004247079411561885,-0.10746988008588897,5.19836429894145e-10,0.0,1.0,18.06,FR,0.8594366408646358,True,True,-1.7742408422133302,-2.5554843830570135,17.257571197380777,False,10.19559163468706,0.0,0.5807265801417346,45.0,90.0,0.10746988008588897,tilt,False
0.004247079411561885,-0.10746988008588897,1.0406770347824475e-09,0.0,1.0,18.06,RL,0.8594366408646358,True,True,-2.0041103364556654,-2.050696809544367,17.76350430823974,False,11.474766299421931,0.0,0.7051678038336978,45.0,90.0,0.10746988008588897,tilt,False
0.004247079411561885,-0.10746988008588897,8.15298545882538e-10,0.0,1.0,18.06,RR,0.3594366408646358,False,False,-2.008469396676656,-2.0403508802009087,17.7738698882938,False,11.500615494318026,0.0,0.7070865599930034,45.0,90.0,0.10746988008588897,tilt,False
0.004247079706019456,-0.1074698802374645,1.1096202067453421e-09,0.0,1.0,18.080000000000002,FL,0.3594366408646358,False,False,-1.7698914895070277,-2.5656284049337397,17.247400391310844,False,10.169606564268244,0.0,0.5787563915771963,45.0,90.0,0.1074698802374645,tilt,False
0.004247079706019456,-0.1074698802374645,5.601803488003162e-10,0.0,1.0,18.080000000000002,FR,0.8594366408646358,True,True,-1.7742408388022983,-2.5554843779443637,17.25757120250545,False,10.195591620615394,0.0,0.5807265805717209,45.0,90.0,0.1074698802374645,tilt,False
0.004247079706019456,-0.1074698802374645,1.116866180699327e-09,0.0,1.0,18.080000000000002,RL,0.8594366408646358,True,True,-2.0041103390273167,-2.0506968097202263,17.763504308061396,False,11.474766302409325,0.0,0.7051678033441459,45.0,90.0,0.1074698802374645,tilt,False
0.004247079706019456,-0.1074698802374645,8.450546429444251e-10,0.0,1.0,18.080000000000002,RR,0.3594366408646358,False,False,-2.0084693973621386,-2.040350879199241,17.7738698892964,False,11.500615491129848,0.0,0.7070865604417893,45.0,90.0,0.1074698802374645,tilt,False
0.004247080024226653,-0.1074698803843087,1.1752863494005112e-09,0.0,1.0,18.1,FL,0.3594366408646358,False,False,-1.7698914921732596,-2.5656284108408616,17.247400385390936,False,10.169606612880845,0.0,0.5787563908739632,45.0,90.0,0.1074698803843087,tilt,False
0.004247080024226653,-0.1074698803843087,6.26304686973919e-10,0.0,1.0,18.1,FR,0.8594366408646358,True,True,-1.7742408340043272,-2.555484370085119,17.257571210382714,False,10.19559151767943,0.0,0.5807265812718954,45.0,90.0,0.1074698803843087,tilt,False
0.004247080024226653,-0.1074698803843087,1.2048553739658502e-09,0.0,1.0,18.1,RL,0.8594366408646358,True,True,-2.0041103427398608,-2.0506968114177293,17.763504306358826,False,11.474766398276602,0.0,0.7051678026670565,45.0,90.0,0.1074698803843087,tilt,False
0.004247080024226653,-0.1074698803843087,8.779441394136876e-10,0.0,1.0,18.1,RR,0.3594366408646358,False,False,-2.0084693981925508,-2.0403508783674655,17.773869890128662,False,11.500615515622254,0.0,0.7070865611608032,45.0,90.0,0.1074698803843087,tilt,False
0.0042470794968655,-0.10746988042914621,9.657751459644452e-10,0.0,1.0,18.12,FL,0.3594366408646358,False,False,-1.7698914899084393,-2.565628411605906,17.247400384629525,False,10.169606592247252,0.0,0.5787563912921225,45.0,90.0,0.10746988042914621,tilt,False
0.0042470794968655,-0.10746988042914621,5.877618533510557e-10,0.0,1.0,18.12,FR,0.8594366408646358,True,True,-1.7742408397119838,-2.5554843734867903,17.257571206966112,False,10.19559157371463,0.0,0.5807265809824993,45.0,90.0,0.10746988042914621,tilt,False
0.0042470794968655,-0.10746988042914621,9.127984071375351e-10,0.0,1.0,18.12,RL,0.8594366408646358,True,True,-2.0041103372227185,-2.05069680431319,17.763504313477902,False,11.474766335825562,0.0,0.7051678032845058,45.0,90.0,0.10746988042914621,tilt,False
0.0042470794968655,-0.10746988042914621,7.757433109958163e-10,0.0,1.0,18.12,RR,0.3594366408646358,False,False,-2.0084693969269485,-2.040350876167267,17.77386989233298,False,11.500615497162054,0.0,0.7070865602873633,45.0,90.0,0.10746988042914621,tilt,False
0.004247079494904344,-0.10746988035175915,9.744722509005324e-10,0.0,1.0,18.14,FL,0.3594366408646358,False,False,-1.7698914888958293,-2.56562841404712,17.247400382186285,False,10.169606591887712,0.0,0.578756391626736,45.0,90.0,0.10746988035175915,tilt,False
0.004247079494904344,-0.10746988035175915,5.504898921994796e-10,0.0,1.0,18.14,FR,0.8594366408646358,True,True,-1.774240842867196,-2.5554843761059036,17.257571204338802,False,10.195591569002696,0.0,0.5807265807692437,45.0,90.0,0.10746988035175915,tilt,False
0.004247079494904344,-0.10746988035175915,9.369704514656187e-10,0.0,1.0,18.14,RL,0.8594366408646358,True,True,-2.004110333783747,-2.050696799413866,17.76350431838548,False,11.474766347375457,0.0,0.7051678035107102,45.0,90.0,0.10746988035175915,tilt,False
0.004247079494904344,-0.10746988035175915,7.805612379137697e-10,0.0,1.0,18.14,RR,0.3594366408646358,False,False,-2.008469396136931,-2.040350874698994,17.77386989380375,False,11.500615505940289,0.0,0.7070865598190629,45.0,90.0,0.10746988035175915,tilt,False
0.0042470797582175,-0.10746988035101425,9.97447960865487e-10,0.0,1.0,18.16,FL,0.3594366408646358,False,False,-1.769891488822506,-2.565628417669524,17.247400378557522,False,10.169606620087169,0.0,0.5787563918765849,45.0,90.0,0.10746988035101425,tilt,False
0.0042470797582175,-0.10746988035101425,5.228555220380361e-10,0.0,1.0,18.16,FR,0.8594366408646358,True,True,-1.77424084368134,-2.5554843770791806,17.257571203363348,False,10.195591513858991,0.0,0.5807265806283057,45.0,90.0,0.10746988035101425,tilt,False
0.0042470797582175,-0.10746988035101425,9.738266074451378e-10,0.0,1.0,18.16,RL,0.8594366408646358,True,True,-2.0041103324966727,-2.0506967962217044,17.76350432158161,False,11.47476638612968,0.0,0.705167803529349,45.0,90.0,0.10746988035101425,tilt,False
0.0042470797582175,-0.10746988035101425,7.974096899231804e-10,0.0,1.0,18.16,RR,0.3594366408646358,False,False,-2.0084693960023827,-2.0403508735171614,17.773869894987367,False,11.500615512412352,0.0,0.7070865595890369,45.0,90.0,0.10746988035101425,tilt,False
0.004247080180698504,-0.10746988042308149,1.0456922387922857e-09,0.0,1.0,18.18,FL,0.3594366408646358,False,False,-1.7698914898671183,-2.565628422433276,17.247400373783584,False,10.169606593113066,0.0,0.5787563918089638,45.0,90.0,0.10746988042308149,tilt,False
0.004247080180698504,-0.10746988042308149,5.205991713677207e-10,0.0,1.0,18.18,FR,0.8594366408646358,True,True,-1.7742408420079945,-2.5554843754056376,17.257571205042133,False,10.195591565338766,0.0,0.5807265807672816,45.0,90.0,0.10746988042308149,tilt,False
0.004247080180698504,-0.10746988042308149,1.03848895331332e-09,0.0,1.0,18.18,RL,0.8594366408646358,True,True,-2.0041103334471138,-2.0506967949227572,17.763504322880305,False,11.474766342768802,0.0,0.7051678031822592,45.0,90.0,0.10746988042308149,tilt,False
0.004247080180698504,-0.10746988042308149,8.247735901660722e-10,0.0,1.0,18.18,RR,0.3594366408646358,False,False,-2.0084693964199443,-2.040350872533854,17.773869895971803,False,11.5006155054264,0.0,0.7070865598123245,45.0,90.0,0.10746988042308149,tilt,False
0.004247080494538422,-0.10746988055122089,1.0661533018313292e-09,0.0,1.0,18.2,FL,0.3594366408646358,False,False,-1.7698914910349237,-2.5656284271549126,17.247400369052002,False,10.169606558409477,0.0,0.5787563916106818,45.0,90.0,0.10746988055122089,tilt,False
0.004247080494538422,-0.10746988055122089,5.322271039867032e-10,0.0,1.0,18.2,FR,0.8594366408646358,True,True,-1.7742408400651457,-2.555484372796742,17.257571207657517,False,10.195591630555798,0.0,0.5807265810217684,45.0,90.0,0.10746988055122089,tilt,False
0.004247080494538422,-0.10746988055122089,1.0613778990444609e-09,0.0,1.0,18.2,RL,0.8594366408646358,True,True,-2.0041103346976517,-2.0506967937465834,17.76350432405642,False,11.474766294677414,0.0,0.7051678027833875,45.0,90.0,0.10746988055122089,tilt,False
0.004247080494538422,-0.10746988055122089,8.373769732693347e-10,0.0,1.0,18.2,RR,0.3594366408646358,False,False,-2.0084693968883927,-2.0403508713994003,17.773869897107627,False,11.500615499898789,0.0,0.7070865601251598,45.0,90.0,0.10746988055122089,tilt,False
0.004247080808890946,-0.10746988070052718,1.1272967929888643e-09,0.0,1.0,18.22,FL,0.3594366408646358,False,False,-1.7698914930198637,-2.565628432559603,17.247400363635656,False,10.16960656798689,0.0,0.5787563911992812,45.0,90.0,0.10746988070052718,tilt,False
0.004247080808890946,-0.10746988070052718,5.760717065922933e-10,0.0,1.0,18.22,FR,0.8594366408646358,True,True,-1.7742408366070543,-2.5554843675217045,17.25757121294492,False,10.195591616201918,0.0,0.5807265814650184,45.0,90.0,0.10746988070052718,tilt,False
0.004247080808890946,-0.10746988070052718,1.1373747979765922e-09,0.0,1.0,18.22,RL,0.8594366408646358,True,True,-2.004110337237498,-2.050696793967289,17.76350432383316,False,11.474766297642198,0.0,0.7051678022892697,45.0,90.0,0.10746988070052718,tilt,False
0.004247080808890946,-0.10746988070052718,8.675106248613394e-10,0.0,1.0,18.22,RR,0.3594366408646358,False,False,-2.0084693975467616,-2.0403508703561517,17.773869898151887,False,11.500615496780625,0.0,0.707086560590643,45.0,90.0,0.10746988070052718,tilt,False
0.004247080833918397,-0.10746988085938913,1.1205797851582507e-09,0.0,1.0,18.240000000000002,FL,0.3594366408646358,False,False,-1.7698914941093462,-2.565628436911337,17.247400359276146,False,10.169606562526967,0.0,0.5787563908294624,45.0,90.0,0.10746988085938913,tilt,False
0.004247080833918397,-0.10746988085938913,5.724945982472885e-10,0.0,1.0,18.240000000000002,FR,0.8594366408646358,True,True,-1.7742408350821457,-2.5554843630541844,17.257571217420043,False,10.19559163397268,0.0,0.5807265818702808,45.0,90.0,0.10746988085938913,tilt,False
0.004247080833918397,-0.10746988085938913,1.1186304569657014e-09,0.0,1.0,18.240000000000002,RL,0.8594366408646358,True,True,-2.0041103381133842,-2.050696792811318,17.763504324990496,False,11.47476627466529,0.0,0.7051678020226672,45.0,90.0,0.10746988085938913,tilt,False
0.004247080833918397,-0.10746988085938913,8.665039354215981e-10,0.0,1.0,18.240000000000002,RR,0.3594366408646358,False,False,-2.0084693977759813,-2.0403508689786873,17.77386989953119,False,11.500615488492722,0.0,0.7070865608209246,45.0,90.0,0.10746988085938913,tilt,False
0.004247080513409518,-0.10746988083410632,9.689513040252044e-10,0.0,1.0,18.26,FL,0.3594366408646358,False,False,-1.7698914922128632,-2.5656284382199988,17.247400357969294,False,10.169606594776289,0.0,0.5787563912613777,45.0,90.0,0.10746988083410632,tilt,False
0.004247080513409518,-0.10746988083410632,5.809607511616595e-10,0.0,1.0,18.26,FR,0.8594366408646358,True,True,-1.7742408398928669,-2.55548436642462,17.25757121403692,False,10.195591572360586,0.0,0.5807265815667343,45.0,90.0,0.10746988083410632,tilt,False
0.004247080513409518,-0.10746988083410632,9.337663897551572e-10,0.0,1.0,18.26,RL,0.8594366408646358,True,True,-2.004110333383609,-2.0506967865261023,17.763504331287706,False,11.474766328166101,0.0,0.7051678025325697,45.0,90.0,0.10746988083410632,tilt,False
0.004247080513409518,-0.10746988083410632,7.928970674318466e-10,0.0,1.0,18.26,RR,0.3594366408646358,False,False,-2.0084693966824148,-2.040350867074409,17.773869901438864,False,11.500615502886312,0.0,0.7070865600584032,45.0,90.0,0.10746988083410632,tilt,False
0.004247080608484942,-0.10746988078155006,9.779246451663384e-10,0.0,1.0,18.28,FL,0.3594366408646358,False,False,-1.7698914914168264,-2.565628440945822,17.247400355240178,False,10.169606594833319,0.0,0.5787563915956283,45.0,90.0,0.10746988078155006,tilt,False
0.004247080608484942,-0.10746988078155006,5.479377030658606e-10,0.0,1.0,18.28,FR,0.8594366408646358,True,True,-1.7742408423325924,-2.555484368896795,17.25757121155794,False,10.195591566464934,0.0,0.5807265813502718,45.0,90.0,0.10746988078155006,tilt,False
0.004247080608484942,-0.10746988078155006,9.553093974111157e-10,0.0,1.0,18.28,RL,0.8594366408646358,True,True,-2.00411033065747,-2.0506967820588806,17.763504335761827,False,11.474766340548078,0.0,0.7051678026870601,45.0,90.0,0.10746988078155006,tilt,False
0.004247080608484942,-0.10746988078155006,7.99669813379896e-10,0.0,1.0,18.28,RR,0.3594366408646358,False,False,-2.0084693961288163,-2.040350865664099,17.773869902851462,False,11.500615511489508,0.0,0.7070865596745722,45.0,90.0,0.10746988078155006,tilt,False
0.004247080895963877,-0.10746988081452591,1.0046015592218525e-09,0.0,1.0,18.3,FL,0.3594366408646358,False,False,-1.7698914915376847,-2.56562844471072,17.24740035146816,False,10.1696066251495,0.0,0.5787563918293671,45.0,90.0,0.10746988081452591,tilt,False
0.004247080895963877,-0.10746988081452591,5.263792557419953e-10,0.0,1.0,18.3,FR,0.8594366408646358,True,True,-1.7742408426155987,-2.55548436964435,17.25757121080922,False,10.195591509662403,0.0,0.5807265812210926,45.0,90.0,0.10746988081452591,tilt,False
0.004247080895963877,-0.10746988081452591,9.921267903141532e-10,0.0,1.0,18.3,RL,0.8594366408646358,True,True,-2.004110329891194,-2.050696779075767,17.763504338748202,False,11.474766379638535,0.0,0.7051678026572517,45.0,90.0,0.10746988081452591,tilt,False
0.004247080895963877,-0.10746988081452591,8.17218580274903e-10,0.0,1.0,18.3,RR,0.3594366408646358,False,False,-2.0084693961415248,-2.040350864431377,17.77386990408592,False,11.500615517448857,0.0,0.7070865595080436,45.0,90.0,0.10746988081452591,tilt,False
0.0042470812999215275,-0.10746988091109332,1.0578055897913086e-09,0.0,1.0,18.32,FL,0.3594366408646358,False,False,-1.7698914928007818,-2.565628449574555,17.247400346593658,False,10.169606597313301,0.0,0.578756391729003,45.0,90.0,0.10746988091109332,tilt,False
0.0042470812999215275,-0.10746988091109332,5.312912638539094e-10,0.0,1.0,18.32,FR,0.8594366408646358,True,True,-1.774240840539891,-2.555484367684789,17.257571212774906,False,10.195591561219503,0.0,0.580726581389086,45.0,90.0,0.10746988091109332,tilt,False
0.0042470812999215275,-0.10746988091109332,1.0572576952011524e-09,0.0,1.0,18.32,RL,0.8594366408646358,True,True,-2.0041103311898913,-2.05069677785372,17.763504339969735,False,11.474766337366697,0.0,0.7051678022684091,45.0,90.0,0.10746988091109332,tilt,False
0.0042470812999215275,-0.10746988091109332,8.44956555492854e-10,0.0,1.0,18.32,RR,0.3594366408646358,False,False,-2.008469396608991,-2.040350863344125,17.7738699051744,False,11.500615510625687,0.0,0.7070865597874967,45.0,90.0,0.10746988091109332,tilt,False
0.004247081570767067,-0.10746988105402398,1.0806845418392088e-09,0.0,1.0,18.34,FL,0.3594366408646358,False,False,-1.7698914941619779,-2.565628454357902,17.24740034180016,False,10.169606561230783,0.0,0.5787563914887578,45.0,90.0,0.10746988105402398,tilt,False
0.004247081570767067,-0.10746988105402398,5.458863470119144e-10,0.0,1.0,18.34,FR,0.8594366408646358,True,True,-1.7742408383043111,-2.5554843647776946,17.257571215689207,False,10.195591626964552,0.0,0.5807265816819063,45.0,90.0,0.10746988105402398,tilt,False
0.004247081570767067,-0.10746988105402398,1.0807616283030197e-09,0.0,1.0,18.34,RL,0.8594366408646358,True,True,-2.004110332677972,-2.0506967766975306,17.763504341125817,False,11.474766290234045,0.0,0.7051678018367987,45.0,90.0,0.10746988105402398,tilt,False
0.004247081570767067,-0.10746988105402398,8.576468906154538e-10,0.0,1.0,18.34,RR,0.3594366408646358,False,False,-2.008469397073932,-2.040350862101775,17.773869906418234,False,11.500615505212611,0.0,0.7070865601471207,45.0,90.0,0.10746988105402398,tilt,False
0.004247081837267393,-0.10746988121145856,1.1457860153004061e-09,0.0,1.0,18.36,FL,0.3594366408646358,False,False,-1.7698914963528574,-2.5656284598708083,17.247400336275373,False,10.169606571537885,0.0,0.5787563910286926,45.0,90.0,0.10746988121145856,tilt,False
0.004247081837267393,-0.10746988121145856,5.947193127349086e-10,0.0,1.0,18.36,FR,0.8594366408646358,True,True,-1.774240834609836,-2.555484359183534,17.25757122129643,False,10.195591611933054,0.0,0.5807265821706321,45.0,90.0,0.10746988121145856,tilt,False
0.004247081837267393,-0.10746988121145856,1.1571395575107034e-09,0.0,1.0,18.36,RL,0.8594366408646358,True,True,-2.0041103353672653,-2.0506967769061935,17.763504340914697,False,11.474766293497446,0.0,0.7051678013130013,45.0,90.0,0.10746988121145856,tilt,False
0.004247081837267393,-0.10746988121145856,8.881484079198104e-10,0.0,1.0,18.36,RR,0.3594366408646358,False,False,-2.008469397688277,-2.0403508609500576,17.773869907571058,False,11.500615501950904,0.0,0.7070865606553728,45.0,90.0,0.10746988121145856,tilt,False
0.004247081814244716,-0.10746988137406913,1.138510459875941e-09,0.0,1.0,18.38,FL,0.3594366408646358,False,False,-1.769891497567462,-2.5656284643023817,17.2474003318359,False,10.169606565792789,0.0,0.5787563906111034,45.0,90.0,0.10746988137406913,tilt,False
0.004247081814244716,-0.10746988137406913,5.902855328489457e-10,0.0,1.0,18.38,FR,0.8594366408646358,True,True,-1.7742408329316368,-2.555484354433358,17.257571226054672,False,10.195591629575471,0.0,0.5807265826201642,45.0,90.0,0.10746988137406913,tilt,False
0.004247081814244716,-0.10746988137406913,1.1390686118879766e-09,0.0,1.0,18.38,RL,0.8594366408646358,True,True,-2.0041103363550272,-2.0506967757518457,17.763504342070412,False,11.474766270931369,0.0,0.7051678010271779,45.0,90.0,0.10746988137406913,tilt,False
0.004247081814244716,-0.10746988137406913,8.872017810549641e-10,0.0,1.0,18.38,RR,0.3594366408646358,False,False,-2.0084693978803005,-2.040350859498361,17.77386990902463,False,11.50061549385893,0.0,0.7070865609178502,45.0,90.0,0.10746988137406913,tilt,False
0.004247081449799886,-0.10746988135406592,9.784764839171381e-10,0.0,1.0,18.400000000000002,FL,0.3594366408646358,False,False,-1.7698914955956573,-2.5656284654893833,17.24740033065123,False,10.169606599892978,0.0,0.5787563910120881,45.0,90.0,0.10746988135406592,tilt,False
0.004247081449799886,-0.10746988135406592,5.872418752750899e-10,0.0,1.0,18.400000000000002,FR,0.8594366408646358,True,True,-1.774240837711081,-2.5554843576319137,17.25757122284359,False,10.195591566871759,0.0,0.580726582341035,45.0,90.0,0.10746988135406592,tilt,False
0.004247081449799886,-0.10746988135406592,9.537437036675224e-10,0.0,1.0,18.400000000000002,RL,0.8594366408646358,True,True,-2.0041103317475844,-2.050696769531398,17.763504348302813,False,11.474766323912018,0.0,0.7051678015462851,45.0,90.0,0.10746988135406592,tilt,False
0.004247081449799886,-0.10746988135406592,8.12418708010273e-10,0.0,1.0,18.400000000000002,RR,0.3594366408646358,False,False,-2.008469396812176,-2.040350857581974,17.773869910944402,False,11.500615507658388,0.0,0.7070865601622903,45.0,90.0,0.10746988135406592,tilt,False
0.0042470815250648985,-0.10746988130535398,9.884233621862947e-10,0.0,1.0,18.42,FL,0.3594366408646358,False,False,-1.7698914947713238,-2.5656284681436214,17.247400327993947,False,10.169606600174614,0.0,0.5787563913172716,45.0,90.0,0.10746988130535398,tilt,False
0.0042470815250648985,-0.10746988130535398,5.555271069411197e-10,0.0,1.0,18.42,FR,0.8594366408646358,True,True,-1.774240840116837,-2.5554843599175823,17.25757122055134,False,10.19559156093936,0.0,0.5807265821473656,45.0,90.0,0.10746988130535398,tilt,False
0.0042470815250648985,-0.10746988130535398,9.757348747316217e-10,0.0,1.0,18.42,RL,0.8594366408646358,True,True,-2.0041103290887388,-2.0506967651395467,17.76350435270146,False,11.474766336086487,0.0,0.7051678017027957,45.0,90.0,0.10746988130535398,tilt,False
0.0042470815250648985,-0.10746988130535398,8.195052256659261e-10,0.0,1.0,18.42,RR,0.3594366408646358,False,False,-2.0084693962710807,-2.040350856153311,17.77386991237533,False,11.500615516065873,0.0,0.7070865597917592,45.0,90.0,0.10746988130535398,tilt,False
0.004247081812154863,-0.10746988133849378,1.0167352426247103e-09,0.0,1.0,18.44,FL,0.3594366408646358,False,False,-1.7698914949072497,-2.56562847190581,17.247400324224653,False,10.169606632082733,0.0,0.5787563915241082,45.0,90.0,0.10746988133849378,tilt,False
0.004247081812154863,-0.10746988133849378,5.364184829845405e-10,0.0,1.0,18.44,FR,0.8594366408646358,True,True,-1.7742408403641532,-2.555484360467819,17.25757122000025,False,10.195591503248513,0.0,0.5807265820393662,45.0,90.0,0.10746988133849378,tilt,False
0.004247081812154863,-0.10746988133849378,1.0132489702657754e-09,0.0,1.0,18.44,RL,0.8594366408646358,True,True,-2.004110328346336,-2.0506967622455248,17.76350435559863,False,11.47476637469882,0.0,0.7051678016717936,45.0,90.0,0.10746988133849378,tilt,False
0.004247081812154863,-0.10746988133849378,8.376977536515075e-10,0.0,1.0,18.44,RR,0.3594366408646358,False,False,-2.0084693962810034,-2.0403508549027873,17.773869913627596,False,11.500615521760809,0.0,0.7070865596406661,45.0,90.0,0.10746988133849378,tilt,False
0.004247082231744386,-0.10746988143243838,1.072637256760245e-09,0.0,1.0,18.46,FL,0.3594366408646358,False,False,-1.7698914962386014,-2.565628476857731,17.24740031926187,False,10.169606602759593,0.0,0.5787563913948975,45.0,90.0,0.10746988143243838,tilt,False
0.004247082231744386,-0.10746988143243838,5.454645993642236e-10,0.0,1.0,18.46,FR,0.8594366408646358,True,True,-1.774240838239762,-2.5554843582902205,17.257571222184396,False,10.195591555680418,0.0,0.5807265822318163,45.0,90.0,0.10746988143243838,tilt,False
0.004247082231744386,-0.10746988143243838,1.0790117437082568e-09,0.0,1.0,18.46,RL,0.8594366408646358,True,True,-2.004110329635406,-2.0506967611198768,17.76350435672368,False,11.474766332722886,0.0,0.7051678012722609,45.0,90.0,0.10746988143243838,tilt,False
0.004247082231744386,-0.10746988143243838,8.662253795791318e-10,0.0,1.0,18.46,RR,0.3594366408646358,False,False,-2.0084693967295126,-2.040350853793813,17.773869914737837,False,11.500615515404677,0.0,0.7070865599431346,45.0,90.0,0.10746988143243838,tilt,False
0.004247082525677426,-0.10746988157087219,1.0962134877333929e-09,0.0,1.0,18.48,FL,0.3594366408646358,False,False,-1.7698914976617095,-2.5656284817639694,17.247400314345228,False,10.169606564759901,0.0,0.5787563911271462,45.0,90.0,0.10746988157087219,tilt,False
0.004247082525677426,-0.10746988157087219,5.611313570929445e-10,0.0,1.0,18.48,FR,0.8594366408646358,True,True,-1.7742408359668476,-2.5554843551718194,17.257571225310407,False,10.195591622600924,0.0,0.5807265825484177,45.0,90.0,0.10746988157087219,tilt,False
0.004247082525677426,-0.10746988157087219,1.1029859202268344e-09,0.0,1.0,18.48,RL,0.8594366408646358,True,True,-2.004110331102645,-2.050696760073925,17.763504357769367,False,11.474766285928768,0.0,0.7051678008296199,45.0,90.0,0.10746988157087219,tilt,False
0.004247082525677426,-0.10746988157087219,8.794485082399953e-10,0.0,1.0,18.48,RR,0.3594366408646358,False,False,-2.0084693971774668,-2.040350852539896,17.773869915993274,False,11.500615510434326,0.0,0.7070865603249538,45.0,90.0,0.10746988157087219,tilt,False
0.004247082822409106,-0.10746988172305003,1.1641635320363202e-09,0.0,1.0,18.5,FL,0.3594366408646358,False,False,-1.7698914999472806,-2.5656284874776074,17.247400308619216,False,10.169606575406995,0.0,0.5787563906390787,45.0,90.0,0.10746988172305003,tilt,False
0.004247082822409106,-0.10746988172305003,6.137879576905534e-10,0.0,1.0,18.5,FR,0.8594366408646358,True,True,-1.7742408322209449,-2.5554843493446366,17.257571231151083,False,10.195591607353427,0.0,0.5807265830622842,45.0,90.0,0.10746988172305003,tilt,False
0.004247082822409106,-0.10746988172305003,1.1795906239209808e-09,0.0,1.0,18.5,RL,0.8594366408646358,True,True,-2.004110333756498,-2.0506967603885,17.763504357452156,False,11.474766289069262,0.0,0.7051678002924423,45.0,90.0,0.10746988172305003,tilt,False
0.004247082822409106,-0.10746988172305003,9.106538414814725e-10,0.0,1.0,18.5,RR,0.3594366408646358,False,False,-2.0084693977657846,-2.0403508513697175,17.773869917164596,False,11.500615507307046,0.0,0.7070865608563085,45.0,90.0,0.10746988172305003,tilt,False
0.004247082827005517,-0.10746988188027659,1.1555893988853962e-09,0.0,1.0,18.52,FL,0.3594366408646358,False,False,-1.769891501194061,-2.5656284920852235,17.24740030400343,False,10.169606569093299,0.0,0.5787563901971852,45.0,90.0,0.10746988188027659,tilt,False
0.004247082827005517,-0.10746988188027659,6.077603365013866e-10,0.0,1.0,18.52,FR,0.8594366408646358,True,True,-1.7742408305225776,-2.5554843443887085,17.25757123611548,False,10.195591625216586,0.0,0.5807265835332208,45.0,90.0,0.10746988188027659,tilt,False
0.004247082827005517,-0.10746988188027659,1.162013101446169e-09,0.0,1.0,18.52,RL,0.8594366408646358,True,True,-2.0041103347227494,-2.0506967593533902,17.763504358488525,False,11.474766266618321,0.0,0.7051678000008178,45.0,90.0,0.10746988188027659,tilt,False
0.004247082827005517,-0.10746988188027659,9.09954324902126e-10,0.0,1.0,18.52,RR,0.3594366408646358,False,False,-2.008469397950505,-2.0403508499174765,17.773869918618736,False,11.50061549961572,0.0,0.70708656113395,45.0,90.0,0.10746988188027659,tilt,False
0.004247082482874278,-0.1074698818594005,9.867970322084843e-10,0.0,1.0,18.54,FL,0.3594366408646358,False,False,-1.7698914990748813,-2.5656284932337456,17.247400302857486,False,10.169606604889081,0.0,0.5787563905914708,45.0,90.0,0.1074698818594005,tilt,False
0.004247082482874278,-0.1074698818594005,5.924456926586993e-10,0.0,1.0,18.54,FR,0.8594366408646358,True,True,-1.774240835371553,-2.5554843474841804,17.25757123300757,False,10.195591561576274,0.0,0.5807265832552214,45.0,90.0,0.1074698818594005,tilt,False
0.004247082482874278,-0.1074698818594005,9.762017172563197e-10,0.0,1.0,18.54,RL,0.8594366408646358,True,True,-2.004110330143617,-2.0506967532977103,17.763504364555878,False,11.474766318946402,0.0,0.7051678005413936,45.0,90.0,0.1074698818594005,tilt,False
0.004247082482874278,-0.1074698818594005,8.339613100792468e-10,0.0,1.0,18.54,RR,0.3594366408646358,False,False,-2.008469396942915,-2.0403508480459145,17.773869920493603,False,11.50061551293923,0.0,0.7070865603694336,45.0,90.0,0.1074698818594005,tilt,False
0.004247082587078276,-0.10746988181068591,9.97709403479385e-10,0.0,1.0,18.56,FL,0.3594366408646358,False,False,-1.7698914981707017,-2.565628495880833,17.247400300207403,False,10.169606605305809,0.0,0.5787563908899708,45.0,90.0,0.10746988181068591,tilt,False
0.004247082587078276,-0.10746988181068591,5.621353642075268e-10,0.0,1.0,18.56,FR,0.8594366408646358,True,True,-1.7742408378117678,-2.5554843496370836,17.257571230848264,False,10.195591555703352,0.0,0.5807265830630106,45.0,90.0,0.10746988181068591,tilt,False
0.004247082587078276,-0.10746988181068591,9.984385021728672e-10,0.0,1.0,18.56,RL,0.8594366408646358,True,True,-2.0041103274930916,-2.050696749061529,17.7635043687986,False,11.474766330863929,0.0,0.7051678007108279,45.0,90.0,0.10746988181068591,tilt,False
0.004247082587078276,-0.10746988181068591,8.412815922884792e-10,0.0,1.0,18.56,RR,0.3594366408646358,False,False,-2.0084693964439184,-2.0403508466359312,17.773869921905828,False,11.500615521219828,0.0,0.7070865599978163,45.0,90.0,0.10746988181068591,tilt,False
0.004247082905529383,-0.10746988184204992,1.027807421396318e-09,0.0,1.0,18.580000000000002,FL,0.3594366408646358,False,False,-1.769891498288479,-2.565628499683125,17.247400296397913,False,10.169606638799475,0.0,0.5787563910893456,45.0,90.0,0.10746988184204992,tilt,False
0.004247082905529383,-0.10746988184204992,5.457884729552099e-10,0.0,1.0,18.580000000000002,FR,0.8594366408646358,True,True,-1.7742408380641979,-2.5554843500276045,17.25757123045718,False,10.195591497094952,0.0,0.5807265829577117,45.0,90.0,0.10746988184204992,tilt,False
0.004247082905529383,-0.10746988184204992,1.0363457686677857e-09,0.0,1.0,18.580000000000002,RL,0.8594366408646358,True,True,-2.004110326740898,-2.0506967463127315,17.76350437155033,False,11.474766369045511,0.0,0.7051678006884038,45.0,90.0,0.10746988184204992,tilt,False
0.004247082905529383,-0.10746988184204992,8.599314125097716e-10,0.0,1.0,18.580000000000002,RR,0.3594366408646358,False,False,-2.0084693964732803,-2.040350845388058,17.773869923155463,False,11.500615526646849,0.0,0.7070865598491157,45.0,90.0,0.10746988184204992,tilt,False
0.0042470833565564125,-0.10746988193284371,1.0866621354688259e-09,0.0,1.0,18.6,FL,0.3594366408646358,False,False,-1.7698914996695618,-2.5656285047465572,17.247400291323352,False,10.169606608005722,0.0,0.5787563909471104,45.0,90.0,0.10746988193284371,tilt,False
0.0042470833565564125,-0.10746988193284371,5.593938026346094e-10,0.0,1.0,18.6,FR,0.8594366408646358,True,True,-1.7742408359097752,-2.5554843476569657,17.257571232834785,False,10.19559155040518,0.0,0.5807265831595775,45.0,90.0,0.10746988193284371,tilt,False
0.0042470833565564125,-0.10746988193284371,1.102417025408936e-09,0.0,1.0,18.6,RL,0.8594366408646358,True,True,-2.004110328004318,-2.050696745317094,17.763504372545185,False,11.474766327405378,0.0,0.7051678002866834,45.0,90.0,0.10746988193284371,tilt,False
0.0042470833565564125,-0.10746988193284371,8.890591777204424e-10,0.0,1.0,18.6,RR,0.3594366408646358,False,False,-2.0084693969157215,-2.040350844264675,17.773869924280188,False,11.500615520739625,0.0,0.7070865601629974,45.0,90.0,0.10746988193284371,tilt,False
0.004247083675884538,-0.10746988206717895,1.111187686578805e-09,0.0,1.0,18.62,FL,0.3594366408646358,False,False,-1.769891501148535,-2.5656285097835387,17.24740028627567,False,10.16960656813428,0.0,0.5787563906641464,45.0,90.0,0.10746988206717895,tilt,False
0.004247083675884538,-0.10746988206717895,5.7650540172011e-10,0.0,1.0,18.62,FR,0.8594366408646358,True,True,-1.7742408336032176,-2.555484344344383,17.257571236155382,False,10.195591618473898,0.0,0.5807265834882906,45.0,90.0,0.10746988206717895,tilt,False
0.004247083675884538,-0.10746988206717895,1.1265595591845906e-09,0.0,1.0,18.62,RL,0.8594366408646358,True,True,-2.004110329449485,-2.0506967443965975,17.76350437346528,False,11.474766281023154,0.0,0.705167799840417,45.0,90.0,0.10746988206717895,tilt,False
0.004247083675884538,-0.10746988206717895,9.025533542818944e-10,0.0,1.0,18.62,RR,0.3594366408646358,False,False,-2.0084693973518966,-2.0403508429992954,17.77386992554714,False,11.500615516172912,0.0,0.7070865605567571,45.0,90.0,0.10746988206717895,tilt,False
0.00424708399504991,-0.1074698822150259,1.1822071461262626e-09,0.0,1.0,18.64,FL,0.3594366408646358,False,False,-1.7698915035311464,-2.5656285156947547,17.24740028035167,False,10.169606579199524,0.0,0.5787563901570606,45.0,90.0,0.1074698822150259,tilt,False
0.00424708399504991,-0.1074698822150259,6.332624111254142e-10,0.0,1.0,18.64,FR,0.8594366408646358,True,True,-1.7742408297976158,-2.5554843382954613,17.257571242218283,False,10.195591602898146,0.0,0.5807265840187811,45.0,90.0,0.1074698822150259,tilt,False
0.00424708399504991,-0.1074698822150259,1.2031464437453524e-09,0.0,1.0,18.64,RL,0.8594366408646358,True,True,-2.0041103320750273,-2.0506967448193913,17.76350437303975,False,11.474766284144991,0.0,0.705167799296062,45.0,90.0,0.1074698822150259,tilt,False
0.00424708399504991,-0.1074698822150259,9.343013153218631e-10,0.0,1.0,18.64,RR,0.3594366408646358,False,False,-2.008469397912032,-2.040350841806288,17.773869926741398,False,11.500615513094955,0.0,0.7070865611023922,45.0,90.0,0.1074698822150259,tilt,False
0.004247083760444969,-0.10746988234544602,1.0873784686192884e-09,0.0,1.0,18.66,FL,0.3594366408646358,False,False,-1.769891503067552,-2.5656285185920584,17.247400277451582,False,10.169606570012935,0.0,0.5787563900705924,45.0,90.0,0.10746988234544602,tilt,False
0.004247083760444969,-0.10746988234544602,5.824189412584315e-10,0.0,1.0,18.66,FR,0.8594366408646358,True,True,-1.7742408312261537,-2.555484336845739,17.25757124366645,False,10.19559162598725,0.0,0.5807265841687743,45.0,90.0,0.10746988234544602,tilt,False
0.004247083760444969,-0.10746988234544602,1.0910490304669913e-09,0.0,1.0,18.66,RL,0.8594366408646358,True,True,-2.0041103305192194,-2.05069674136062,17.76350437650503,False,11.474766258994258,0.0,0.7051677994140255,45.0,90.0,0.10746988234544602,tilt,False
0.004247083760444969,-0.10746988234544602,8.97517711674888e-10,0.0,1.0,18.66,RR,0.3594366408646358,False,False,-2.0084693976161403,-2.0403508400414285,17.77386992850898,False,11.50061550614909,0.0,0.7070865608894069,45.0,90.0,0.10746988234544602,tilt,False
0.004247083600454492,-0.10746988229691654,9.898291552552919e-10,0.0,1.0,18.68,FL,0.3594366408646358,False,False,-1.7698915013321208,-2.5656285202142746,17.247400275830064,False,10.169606607232963,0.0,0.5787563904747635,45.0,90.0,0.10746988229691654,tilt,False
0.004247083600454492,-0.10746988229691654,5.874406759139437e-10,0.0,1.0,18.68,FR,0.8594366408646358,True,True,-1.7742408351977095,-2.5554843398100937,17.257571240691746,False,10.195591559899267,0.0,0.5807265838785546,45.0,90.0,0.10746988229691654,tilt,False
0.004247083600454492,-0.10746988229691654,9.978397631569324e-10,0.0,1.0,18.68,RL,0.8594366408646358,True,True,-2.0041103266944043,-2.0506967360318753,17.76350438184331,False,11.474766311529686,0.0,0.7051677998516244,45.0,90.0,0.10746988229691654,tilt,False
0.004247083600454492,-0.10746988229691654,8.525079376247941e-10,0.0,1.0,18.68,RR,0.3594366408646358,False,False,-2.0084693968121585,-2.0403508383725413,17.773869930180673,False,11.500615518927914,0.0,0.7070865602310893,45.0,90.0,0.10746988229691654,tilt,False
0.004247083784822166,-0.10746988227495598,1.0021930615872163e-09,0.0,1.0,18.7,FL,0.3594366408646358,False,False,-1.7698915006877023,-2.5656285231094658,17.247400272930673,False,10.169606608307015,0.0,0.5787563907665024,45.0,90.0,0.10746988227495598,tilt,False
0.004247083784822166,-0.10746988227495598,5.622949543175713e-10,0.0,1.0,18.7,FR,0.8594366408646358,True,True,-1.774240836965063,-2.5554843417456565,17.25757123875117,False,10.195591552942417,0.0,0.5807265836888867,45.0,90.0,0.10746988227495598,tilt,False
0.004247083784822166,-0.10746988227495598,1.0187326059681826e-09,0.0,1.0,18.7,RL,0.8594366408646358,True,True,-2.004110324672216,-2.0506967322036287,17.76350438567691,False,11.47476632419157,0.0,0.7051677999513073,45.0,90.0,0.10746988227495598,tilt,False
0.004247083784822166,-0.10746988227495598,8.614548741683617e-10,0.0,1.0,18.7,RR,0.3594366408646358,False,False,-2.008469396508176,-2.040350836993575,17.77386993156174,False,11.500615526892927,0.0,0.7070865599385576,45.0,90.0,0.10746988227495598,tilt,False
0.004247084115786216,-0.1074698823333752,1.0361993969510913e-09,0.0,1.0,18.72,FL,0.3594366408646358,False,False,-1.7698915010380365,-2.5656285270436627,17.247400268988613,False,10.169606644052713,0.0,0.5787563909430854,45.0,90.0,0.1074698823333752,tilt,False
0.004247084115786216,-0.1074698823333752,5.525336257897212e-10,0.0,1.0,18.72,FR,0.8594366408646358,True,True,-1.7742408367208418,-2.5554843418582815,17.257571238639066,False,10.195591492573309,0.0,0.5807265836018324,45.0,90.0,0.1074698823333752,tilt,False
0.004247084115786216,-0.1074698823333752,1.0569949438349886e-09,0.0,1.0,18.72,RL,0.8594366408646358,True,True,-2.0041103243716023,-2.05069672967749,17.763504388205426,False,11.474766362724267,0.0,0.7051677998807058,45.0,90.0,0.1074698823333752,tilt,False
0.004247084115786216,-0.1074698823333752,8.80725498941071e-10,0.0,1.0,18.72,RR,0.3594366408646358,False,False,-2.0084693966400287,-2.040350835697924,17.773869932859185,False,11.50061553171447,0.0,0.7070865598488721,45.0,90.0,0.1074698823333752,tilt,False
0.004247084541423537,-0.10746988244206293,1.0999920259632792e-09,0.0,1.0,18.740000000000002,FL,0.3594366408646358,False,False,-1.7698915026657622,-2.565628532215182,17.247400263805496,False,10.169606612386513,0.0,0.5787563907614359,45.0,90.0,0.10746988244206293,tilt,False
0.004247084541423537,-0.10746988244206293,5.737518120827581e-10,0.0,1.0,18.740000000000002,FR,0.8594366408646358,True,True,-1.774240834183382,-2.5554843391574176,17.257571241347833,False,10.195591546066716,0.0,0.5807265838392113,45.0,90.0,0.10746988244206293,tilt,False
0.004247084541423537,-0.10746988244206293,1.1237146521082107e-09,0.0,1.0,18.740000000000002,RL,0.8594366408646358,True,True,-2.0041103259392337,-2.0506967287948936,17.763504389087004,False,11.474766322064347,0.0,0.7051677994358548,45.0,90.0,0.10746988244206293,tilt,False
0.004247084541423537,-0.10746988244206293,9.102721936936763e-10,0.0,1.0,18.740000000000002,RR,0.3594366408646358,False,False,-2.00846939709896,-2.0403508344870627,17.773869934071485,False,11.500615525970806,0.0,0.7070865602160309,45.0,90.0,0.10746988244206293,tilt,False
0.004247084814643294,-0.10746988258624376,1.1268508211817076e-09,0.0,1.0,18.76,FL,0.3594366408646358,False,False,-1.7698915043556225,-2.5656285373322625,17.247400258677445,False,10.16960657108319,0.0,0.578756390430515,45.0,90.0,0.10746988258624376,tilt,False
0.004247084814643294,-0.10746988258624376,5.937965013024325e-10,0.0,1.0,18.76,FR,0.8594366408646358,True,True,-1.7742408315935438,-2.555484335507667,17.257571245006325,False,10.195591614794855,0.0,0.5807265842120347,45.0,90.0,0.10746988258624376,tilt,False
0.004247084814643294,-0.10746988258624376,1.1484261348912e-09,0.0,1.0,18.76,RL,0.8594366408646358,True,True,-2.0041103275937644,-2.0506967279401955,17.76350438994116,False,11.47476627652327,0.0,0.705167798954792,45.0,90.0,0.10746988258624376,tilt,False
0.004247084814643294,-0.10746988258624376,9.238743542742283e-10,0.0,1.0,18.76,RR,0.3594366408646358,False,False,-2.00846939750993,-2.040350833135803,17.773869935424358,False,11.50061552155329,0.0,0.7070865606544031,45.0,90.0,0.10746988258624376,tilt,False
0.004247085086231984,-0.10746988273864912,1.2017819153653104e-09,0.0,1.0,18.78,FL,0.3594366408646358,False,False,-1.7698915069560803,-2.5656285433773505,17.247400252619297,False,10.16960658289045,0.0,0.5787563898692205,45.0,90.0,0.10746988273864912,tilt,False
0.004247085086231984,-0.10746988273864912,6.557093180190913e-10,0.0,1.0,18.78,FR,0.8594366408646358,True,True,-1.7742408275523078,-2.5554843290999907,17.25757125142867,False,10.195591598525445,0.0,0.5807265847932839,45.0,90.0,0.10746988273864912,tilt,False
0.004247085086231984,-0.10746988273864912,1.225503858437435e-09,0.0,1.0,18.78,RL,0.8594366408646358,True,True,-2.0041103303531127,-2.050696728403186,17.76350438947545,False,11.474766279916789,0.0,0.7051677983781967,45.0,90.0,0.10746988273864912,tilt,False
0.004247085086231984,-0.10746988273864912,9.561533682255236e-10,0.0,1.0,18.78,RR,0.3594366408646358,False,False,-2.0084693980116572,-2.0403508318554384,17.773869936706056,False,11.500615518330974,0.0,0.7070865612412082,45.0,90.0,0.10746988273864912,tilt,False
0.004247084799889058,-0.10746988287073252,1.1021925091976928e-09,0.0,1.0,18.8,FL,0.3594366408646358,False,False,-1.7698915065360241,-2.5656285462810833,17.24740024971293,False,10.169606573284929,0.0,0.5787563897374831,45.0,90.0,0.10746988287073252,tilt,False
0.004247084799889058,-0.10746988287073252,5.975459771488654e-10,0.0,1.0,18.8,FR,0.8594366408646358,True,True,-1.7742408288770155,-2.5554843273854733,17.25757125314201,False,10.195591621600567,0.0,0.5807265849837112,45.0,90.0,0.10746988287073252,tilt,False
0.004247084799889058,-0.10746988287073252,1.1137330151688711e-09,0.0,1.0,18.8,RL,0.8594366408646358,True,True,-2.0041103289170326,-2.050696725016607,17.76350439286844,False,11.47476625511978,0.0,0.7051677984875383,45.0,90.0,0.10746988287073252,tilt,False
0.004247084799889058,-0.10746988287073252,9.187664137892512e-10,0.0,1.0,18.8,RR,0.3594366408646358,False,False,-2.0084693976994346,-2.0403508300636983,17.773869938500457,False,11.500615511644728,0.0,0.7070865610471729,45.0,90.0,0.10746988287073252,tilt,False
0.00424708460336675,-0.10746988282570095,1.0002183006218458e-09,0.0,1.0,18.82,FL,0.3594366408646358,False,False,-1.7698915047483395,-2.565628547808157,17.247400248186946,False,10.16960661242446,0.0,0.5787563901088526,45.0,90.0,0.10746988282570095,tilt,False
0.00424708460336675,-0.10746988282570095,5.955281985175881e-10,0.0,1.0,18.82,FR,0.8594366408646358,True,True,-1.7742408328149661,-2.555484330146539,17.25757125037079,False,10.195591554315492,0.0,0.5807265847197185,45.0,90.0,0.10746988282570095,tilt,False
0.00424708460336675,-0.10746988282570095,1.0197647968950048e-09,0.0,1.0,18.82,RL,0.8594366408646358,True,True,-2.004110325189861,-2.0506967197923207,17.76350439810215,False,11.474766307181934,0.0,0.7051677989308444,45.0,90.0,0.10746988282570095,tilt,False
0.00424708460336675,-0.10746988282570095,8.729567401818974e-10,0.0,1.0,18.82,RR,0.3594366408646358,False,False,-2.008469396913116,-2.0403508283957787,17.773869940171117,False,11.500615523799748,0.0,0.7070865603952706,45.0,90.0,0.10746988282570095,tilt,False
0.004247084774944458,-0.10746988280487607,1.0135094926526346e-09,0.0,1.0,18.84,FL,0.3594366408646358,False,False,-1.7698915040923227,-2.565628550659279,17.247400245331796,False,10.169606613730318,0.0,0.5787563903695928,45.0,90.0,0.10746988280487607,tilt,False
0.004247084774944458,-0.10746988280487607,5.72064468522892e-10,0.0,1.0,18.84,FR,0.8594366408646358,True,True,-1.7742408345465082,-2.5554843318655283,17.257571248647103,False,10.195591547310666,0.0,0.5807265845548155,45.0,90.0,0.10746988280487607,tilt,False
0.004247084774944458,-0.10746988280487607,1.0411944855628168e-09,0.0,1.0,18.84,RL,0.8594366408646358,True,True,-2.004110323218115,-2.050696716082139,17.763504401817556,False,11.474766319632447,0.0,0.7051677990294729,45.0,90.0,0.10746988280487607,tilt,False
0.004247084774944458,-0.10746988280487607,8.823811816511571e-10,0.0,1.0,18.84,RR,0.3594366408646358,False,False,-2.008469396615094,-2.0403508270134854,17.77386994155549,False,11.500615531578012,0.0,0.7070865601151002,45.0,90.0,0.10746988280487607,tilt,False
0.0042470851119076,-0.10746988286117315,1.049129429576858e-09,0.0,1.0,18.86,FL,0.3594366408646358,False,False,-1.769891504469677,-2.5656285546174322,17.24740024136575,False,10.169606651119441,0.0,0.5787563905172333,45.0,90.0,0.10746988286117315,tilt,False
0.0042470851119076,-0.10746988286117315,5.652930004929587e-10,0.0,1.0,18.86,FR,0.8594366408646358,True,True,-1.774240834261427,-2.5554843317467935,17.257571248766745,False,10.195591485923813,0.0,0.5807265844909468,45.0,90.0,0.10746988286117315,tilt,False
0.0042470851119076,-0.10746988286117315,1.0801847467598394e-09,0.0,1.0,18.86,RL,0.8594366408646358,True,True,-2.004110322931116,-2.050696713686951,17.76350440421495,False,11.474766357735582,0.0,0.7051677989549333,45.0,90.0,0.10746988286117315,tilt,False
0.0042470851119076,-0.10746988286117315,9.023945831731226e-10,0.0,1.0,18.86,RR,0.3594366408646358,False,False,-2.008469396740549,-2.040350825713962,17.773869942856823,False,11.500615536101805,0.0,0.7070865600396852,45.0,90.0,0.10746988286117315,tilt,False
0.004247085558903926,-0.10746988296553775,1.115655579050794e-09,0.0,1.0,18.88,FL,0.3594366408646358,False,False,-1.7698915061737757,-2.5656285599031903,17.24740023606813,False,10.169606617934859,0.0,0.5787563903040843,45.0,90.0,0.10746988296553775,tilt,False
0.004247085558903926,-0.10746988296553775,5.912635825221437e-10,0.0,1.0,18.88,FR,0.8594366408646358,True,True,-1.7742408316656078,-2.5554843287886215,17.257571251733317,False,10.195591540399151,0.0,0.5807265847552181,45.0,90.0,0.10746988296553775,tilt,False
0.004247085558903926,-0.10746988296553775,1.1476266819981129e-09,0.0,1.0,18.88,RL,0.8594366408646358,True,True,-2.0041103244835754,-2.0506967129409506,17.76350440495977,False,11.474766317295854,0.0,0.7051677984964126,45.0,90.0,0.10746988296553775,tilt,False
0.004247085558903926,-0.10746988296553775,9.329099070290614e-10,0.0,1.0,18.88,RR,0.3594366408646358,False,False,-2.0084693971776333,-2.040350824492561,17.77386994407968,False,11.500615530867483,0.0,0.7070865604290594,45.0,90.0,0.10746988296553775,tilt,False
0.004247085859973467,-0.10746988310390743,1.1433045187395654e-09,0.0,1.0,18.900000000000002,FL,0.3594366408646358,False,False,-1.7698915079326951,-2.5656285651691793,17.24740023079086,False,10.169606574663389,0.0,0.5787563899428337,45.0,90.0,0.10746988310390743,tilt,False
0.004247085859973467,-0.10746988310390743,6.124921717939445e-10,0.0,1.0,18.900000000000002,FR,0.8594366408646358,True,True,-1.7742408290299,-2.555484324887204,17.257571255643967,False,10.195591610446137,0.0,0.5807265851544001,45.0,90.0,0.10746988310390743,tilt,False
0.004247085859973467,-0.10746988310390743,1.1728095759420138e-09,0.0,1.0,18.900000000000002,RL,0.8594366408646358,True,True,-2.0041103261152355,-2.050696712234148,17.763504405665863,False,11.474766272018211,0.0,0.7051677980015879,45.0,90.0,0.10746988310390743,tilt,False
0.004247085859973467,-0.10746988310390743,9.471104530477658e-10,0.0,1.0,18.900000000000002,RR,0.3594366408646358,False,False,-2.0084693975709644,-2.0403508231399035,17.773869945433976,False,11.500615526955029,0.0,0.7070865608887587,45.0,90.0,0.10746988310390743,tilt,False
0.004247086165936109,-0.10746988325002059,1.221155061704091e-09,0.0,1.0,18.92,FL,0.3594366408646358,False,False,-1.7698915106341278,-2.5656285714411724,17.247400224505316,False,10.169606586836176,0.0,0.5787563893503169,45.0,90.0,0.10746988325002059,tilt,False
0.004247086165936109,-0.10746988325002059,6.786156017561833e-10,0.0,1.0,18.92,FR,0.8594366408646358,True,True,-1.7742408249244204,-2.555484318199349,17.257571262347064,False,10.195591593918287,0.0,0.5807265857636275,45.0,90.0,0.10746988325002059,tilt,False
0.004247086165936109,-0.10746988325002059,1.2502429484727342e-09,0.0,1.0,18.92,RL,0.8594366408646358,True,True,-2.0041103288391158,-2.050696712840073,17.763504405057034,False,11.474766275289891,0.0,0.7051677974089071,45.0,90.0,0.10746988325002059,tilt,False
0.004247086165936109,-0.10746988325002059,9.80270372451373e-10,0.0,1.0,18.92,RR,0.3594366408646358,False,False,-2.0084693980448804,-2.0403508218484467,17.77386994672683,False,11.500615523851687,0.0,0.7070865614979275,45.0,90.0,0.10746988325002059,tilt,False
0.004247085709390945,-0.10746988333671598,1.0264729999255618e-09,0.0,1.0,18.94,FL,0.3594366408646358,False,False,-1.7698915084520366,-2.565628572573798,17.247400223375468,False,10.16960657374778,0.0,0.5787563895861992,45.0,90.0,0.10746988333671598,tilt,False
0.004247085709390945,-0.10746988333671598,6.062175405866619e-10,0.0,1.0,18.94,FR,0.8594366408646358,True,True,-1.774240829202016,-2.5554843200468675,17.25757126048882,False,10.195591621934263,0.0,0.5807265856177125,45.0,90.0,0.10746988333671598,tilt,False
0.004247085709390945,-0.10746988333671598,1.0532739470662036e-09,0.0,1.0,18.94,RL,0.8594366408646358,True,True,-2.004110325146122,-2.0506967073534095,17.763504410554546,False,11.47476624800925,0.0,0.7051677979113493,45.0,90.0,0.10746988333671598,tilt,False
0.004247085709390945,-0.10746988333671598,9.045398131807221e-10,0.0,1.0,18.94,RR,0.3594366408646358,False,False,-2.008469397374351,-2.0403508199014415,17.773869948677056,False,11.500615518199524,0.0,0.7070865608312422,45.0,90.0,0.10746988333671598,tilt,False
0.004247085690528545,-0.10746988328744553,1.0040527548089534e-09,0.0,1.0,18.96,FL,0.3594366408646358,False,False,-1.769891507036981,-2.5656285745387537,17.24740022140975,False,10.169606614681696,0.0,0.5787563899582792,45.0,90.0,0.10746988328744553,tilt,False
0.004247085690528545,-0.10746988328744553,5.923416686379915e-10,0.0,1.0,18.96,FR,0.8594366408646358,True,True,-1.7742408323166112,-2.5554843225914503,17.257571257936103,False,10.195591552402457,0.0,0.5807265853493102,45.0,90.0,0.10746988328744553,tilt,False
0.004247085690528545,-0.10746988328744553,1.0416074598328695e-09,0.0,1.0,18.96,RL,0.8594366408646358,True,True,-2.004110322112108,-2.050696702785921,17.76350441512959,False,11.474766300204756,0.0,0.7051677982539081,45.0,90.0,0.10746988328744553,tilt,False
0.004247085690528545,-0.10746988328744553,8.926150191402373e-10,0.0,1.0,18.96,RR,0.3594366408646358,False,False,-2.008469396805067,-2.040350818376259,17.773869950204684,False,11.500615529710595,0.0,0.7070865602854419,45.0,90.0,0.10746988328744553,tilt,False
0.004247085943800197,-0.10746988329196312,1.0196297684337099e-09,0.0,1.0,18.98,FL,0.3594366408646358,False,False,-1.7698915066526772,-2.5656285776359153,17.247400218307405,False,10.169606616743895,0.0,0.5787563902034146,45.0,90.0,0.10746988329196312,tilt,False
0.004247085943800197,-0.10746988329196312,5.74439410838189e-10,0.0,1.0,18.98,FR,0.8594366408646358,True,True,-1.7742408334366668,-2.555484324027541,17.257571256496743,False,10.195591544441038,0.0,0.5807265851953864,45.0,90.0,0.10746988329196312,tilt,False
0.004247085943800197,-0.10746988329196312,1.0626571529071364e-09,0.0,1.0,18.98,RL,0.8594366408646358,True,True,-2.0041103206854296,-2.0506966994683804,17.763504418451326,False,11.474766313274626,0.0,0.7051677982828383,45.0,90.0,0.10746988329196312,tilt,False
0.004247085943800197,-0.10746988329196312,9.034409768453356e-10,0.0,1.0,18.98,RR,0.3594366408646358,False,False,-2.0084693966774294,-2.0403508170100357,17.773869951572923,False,11.500615537134307,0.0,0.7070865600843231,45.0,90.0,0.10746988329196312,tilt,False
0.00424708629972039,-0.10746988336941092,1.059238561473328e-09,0.0,1.0,19.0,FL,0.3594366408646358,False,False,-1.76989150727324,-2.5656285817449476,17.247400214189774,False,10.16960665643471,0.0,0.5787563903207704,45.0,90.0,0.10746988336941092,tilt,False
0.00424708629972039,-0.10746988336941092,5.745251665636963e-10,0.0,1.0,19.0,FR,0.8594366408646358,True,True,-1.7742408327015915,-2.555484323574709,17.2575712569516,False,10.195591481258374,0.0,0.5807265851571026,45.0,90.0,0.10746988336941092,tilt,False
0.00424708629972039,-0.10746988336941092,1.102296899150436e-09,0.0,1.0,19.0,RL,0.8594366408646358,True,True,-2.0041103207823414,-2.0506966973087364,17.76350442061262,False,11.474766351683591,0.0,0.7051677981590467,45.0,90.0,0.10746988336941092,tilt,False
0.00424708629972039,-0.10746988336941092,9.240439638231849e-10,0.0,1.0,19.0,RR,0.3594366408646358,False,False,-2.0084693968824214,-2.040350815666957,17.77386995291781,False,11.500615541033598,0.0,0.7070865600684071,45.0,90.0,0.10746988336941092,tilt,False
0.0042470867305431466,-0.10746988348655988,1.1306225440752185e-09,0.0,1.0,19.02,FL,0.3594366408646358,False,False,-1.7698915092297236,-2.565628587171128,17.247400208751202,False,10.169606622326496,0.0,0.5787563900618155,45.0,90.0,0.10746988348655988,tilt,False
0.0042470867305431466,-0.10746988348655988,6.084348086569722e-10,0.0,1.0,19.02,FR,0.8594366408646358,True,True,-1.7742408297517671,-2.555484320233493,17.25757126030218,False,10.195591536028594,0.0,0.5807265854630769,45.0,90.0,0.10746988348655988,tilt,False
0.0042470867305431466,-0.10746988348655988,1.1704842597140538e-09,0.0,1.0,19.02,RL,0.8594366408646358,True,True,-2.0041103225911137,-2.050696696703602,17.763504421216275,False,11.474766312110946,0.0,0.7051677976553842,45.0,90.0,0.10746988348655988,tilt,False
0.0042470867305431466,-0.10746988348655988,9.550467238895095e-10,0.0,1.0,19.02,RR,0.3594366408646358,False,False,-2.0084693973218792,-2.0403508143698077,17.77386995421647,False,11.500615536003233,0.0,0.7070865605122879,45.0,90.0,0.10746988348655988,tilt,False
0.004247086995640803,-0.1074698836311443,1.1604723942262716e-09,0.0,1.0,19.04,FL,0.3594366408646358,False,False,-1.7698915112007267,-2.5656285925573368,17.247400203353386,False,10.169606577556824,0.0,0.5787563896474321,45.0,90.0,0.1074698836311443,tilt,False
0.004247086995640803,-0.1074698836311443,6.324947985500006e-10,0.0,1.0,19.04,FR,0.8594366408646358,True,True,-1.774240826851882,-2.5554843159480005,17.257571264597726,False,10.195591606854947,0.0,0.5807265859113724,45.0,90.0,0.1074698836311443,tilt,False
0.004247086995640803,-0.1074698836311443,1.1962302028712032e-09,0.0,1.0,19.04,RL,0.8594366408646358,True,True,-2.0041103243995004,-2.050696696098024,17.763504421821004,False,11.47476626756964,0.0,0.7051677971236703,45.0,90.0,0.1074698836311443,tilt,False
0.004247086995640803,-0.1074698836311443,9.694026688943702e-10,0.0,1.0,19.04,RR,0.3594366408646358,False,False,-2.0084693976828336,-2.0403508129465675,17.773869955641402,False,11.500615532289846,0.0,0.707086561017848,45.0,90.0,0.1074698836311443,tilt,False
0.004247087264203599,-0.10746988377924976,1.2422756948300344e-09,0.0,1.0,19.06,FL,0.3594366408646358,False,False,-1.7698915141206653,-2.5656285990082566,17.24740019688854,False,10.16960659047328,0.0,0.5787563889963607,45.0,90.0,0.10746988377924976,tilt,False
0.004247087264203599,-0.10746988377924976,7.03979026247612e-10,0.0,1.0,19.06,FR,0.8594366408646358,True,True,-1.7742408225206556,-2.555484308853717,17.25757127170807,False,10.195591589628911,0.0,0.5807265865755579,45.0,90.0,0.10746988377924976,tilt,False
0.004247087264203599,-0.10746988377924976,1.2742643776165092e-09,0.0,1.0,19.06,RL,0.8594366408646358,True,True,-2.0041103272369005,-2.0506966967836076,17.76350442113247,False,11.474766271076254,0.0,0.7051677964966461,45.0,90.0,0.10746988377924976,tilt,False
0.004247087264203599,-0.10746988377924976,1.003219640001584e-09,0.0,1.0,19.06,RR,0.3594366408646358,False,False,-2.0084693980964263,-2.0403508115838345,17.7738699570056,False,11.500615529050817,0.0,0.7070865616694612,45.0,90.0,0.10746988377924976,tilt,False
0.004247086759899204,-0.1074698838666547,1.0387823046930821e-09,0.0,1.0,19.080000000000002,FL,0.3594366408646358,False,False,-1.769891511901097,-2.5656286000896067,17.24740019581034,False,10.169606576822945,0.0,0.5787563891917745,45.0,90.0,0.1074698838666547,tilt,False
0.004247086759899204,-0.1074698838666547,6.164212134781049e-10,0.0,1.0,19.080000000000002,FR,0.8594366408646358,True,True,-1.7742408267532594,-2.5554843104529277,17.257571270098396,False,10.195591617744341,0.0,0.5807265864642583,45.0,90.0,0.1074698838666547,tilt,False
0.004247086759899204,-0.1074698838666547,1.0765401925809775e-09,0.0,1.0,19.080000000000002,RL,0.8594366408646358,True,True,-2.004110323662996,-2.0506966914201863,17.76350442650659,False,11.474766244084062,0.0,0.705167797001771,45.0,90.0,0.1074698838666547,tilt,False
0.004247086759899204,-0.1074698838666547,9.259073583103795e-10,0.0,1.0,19.080000000000002,RR,0.3594366408646358,False,False,-2.008469397440562,-2.0403508096517586,17.77386995894079,False,11.500615523705685,0.0,0.7070865610110061,45.0,90.0,0.1074698838666547,tilt,False
0.0042470867156900695,-0.10746988381924248,1.015764188597719e-09,0.0,1.0,19.1,FL,0.3594366408646358,False,False,-1.7698915104567245,-2.5656286020038293,17.24740019389559,False,10.169606619762686,0.0,0.5787563895296164,45.0,90.0,0.10746988381924248,tilt,False
0.0042470867156900695,-0.10746988381924248,6.017020283682868e-10,0.0,1.0,19.1,FR,0.8594366408646358,True,True,-1.774240829832706,-2.5554843127517657,17.257571267791675,False,10.195591546928906,0.0,0.5807265862237053,45.0,90.0,0.10746988381924248,tilt,False
0.0042470867156900695,-0.10746988381924248,1.0647700518609244e-09,0.0,1.0,19.1,RL,0.8594366408646358,True,True,-2.0041103207067668,-2.0506966869874925,17.763504430946668,False,11.474766295846797,0.0,0.7051677973470386,45.0,90.0,0.10746988381924248,tilt,False
0.0042470867156900695,-0.10746988381924248,9.139022654874267e-10,0.0,1.0,19.1,RR,0.3594366408646358,False,False,-2.0084693968867584,-2.0403508081373727,17.773869960457535,False,11.500615534589501,0.0,0.7070865604738263,45.0,90.0,0.10746988381924248,tilt,False
0.004247086964305021,-0.10746988382290805,1.03226155726028e-09,0.0,1.0,19.12,FL,0.3594366408646358,False,False,-1.7698915100782981,-2.5656286050980346,17.24740019079632,False,10.169606622086448,0.0,0.5787563897420589,45.0,90.0,0.10746988382290805,tilt,False
0.004247086964305021,-0.10746988382290805,5.858546664072065e-10,0.0,1.0,19.12,FR,0.8594366408646358,True,True,-1.7742408309149755,-2.555484313930961,17.25757126660963,False,10.195591538890515,0.0,0.5807265860964668,45.0,90.0,0.10746988382290805,tilt,False
0.004247086964305021,-0.10746988382290805,1.0864018634023913e-09,0.0,1.0,19.12,RL,0.8594366408646358,True,True,-2.0041103193180407,-2.0506966838177707,17.763504434120463,False,11.474766308707752,0.0,0.7051677973726355,45.0,90.0,0.10746988382290805,tilt,False
0.004247086964305021,-0.10746988382290805,9.252578996372671e-10,0.0,1.0,19.12,RR,0.3594366408646358,False,False,-2.0084693967620386,-2.0403508067782896,17.773869961818633,False,11.500615541829541,0.0,0.7070865602864861,45.0,90.0,0.10746988382290805,tilt,False
0.004247087331854057,-0.10746988389671519,1.0734960241163298e-09,0.0,1.0,19.14,FL,0.3594366408646358,False,False,-1.7698915107379822,-2.5656286092695346,17.247400186616144,False,10.169606663490056,0.0,0.578756389828528,45.0,90.0,0.10746988389671519,tilt,False
0.004247087331854057,-0.10746988389671519,5.893834808760575e-10,0.0,1.0,19.14,FR,0.8594366408646358,True,True,-1.7742408301334862,-2.5554843132064264,17.25757126733667,False,10.195591474582885,0.0,0.580726586083526,45.0,90.0,0.10746988389671519,tilt,False
0.004247087331854057,-0.10746988389671519,1.1267945834199374e-09,0.0,1.0,19.14,RL,0.8594366408646358,True,True,-2.0041103194213816,-2.0506966818171732,17.763504436122524,False,11.47476634672814,0.0,0.7051677972431859,45.0,90.0,0.10746988389671519,tilt,False
0.004247087331854057,-0.10746988389671519,9.466833362716735e-10,0.0,1.0,19.14,RR,0.3594366408646358,False,False,-2.0084693969572505,-2.0403508054405335,17.773869963158234,False,11.500615545404061,0.0,0.7070865602857258,45.0,90.0,0.10746988389671519,tilt,False
0.004247087787923924,-0.10746988400844851,1.147783531340617e-09,0.0,1.0,19.16,FL,0.3594366408646358,False,False,-1.7698915127823955,-2.5656286148475136,17.247400181025412,False,10.169606627848033,0.0,0.5787563895355009,45.0,90.0,0.10746988400844851,tilt,False
0.004247087787923924,-0.10746988400844851,6.284786511792911e-10,0.0,1.0,19.16,FR,0.8594366408646358,True,True,-1.774240827117378,-2.5554843095652693,17.257571270987743,False,10.19559153038618,0.0,0.5807265864191428,45.0,90.0,0.10746988400844851,tilt,False
0.004247087787923924,-0.10746988400844851,1.1957918896417894e-09,0.0,1.0,19.16,RL,0.8594366408646358,True,True,-2.0041103212139895,-2.0506966813758734,17.763504436562137,False,11.474766307331587,0.0,0.7051677967240719,45.0,90.0,0.10746988400844851,tilt,False
0.004247087787923924,-0.10746988400844851,9.787126219145973e-10,0.0,1.0,19.16,RR,0.3594366408646358,False,False,-2.008469397372176,-2.040350804139737,17.773869964460562,False,11.500615540902473,0.0,0.7070865607528393,45.0,90.0,0.10746988400844851,tilt,False
0.004247088083258154,-0.10746988414649897,1.1784513484723122e-09,0.0,1.0,19.18,FL,0.3594366408646358,False,False,-1.7698915148314682,-2.5656286204171104,17.247400175443854,False,10.169606581076552,0.0,0.5787563890879264,45.0,90.0,0.10746988414649897,tilt,False
0.004247088083258154,-0.10746988414649897,6.538501184868582e-10,0.0,1.0,19.18,FR,0.8594366408646358,True,True,-1.774240824162214,-2.5554843049836564,17.257571275580005,False,10.195591602598714,0.0,0.5807265868967426,45.0,90.0,0.10746988414649897,tilt,False
0.004247088083258154,-0.10746988414649897,1.2220358370669914e-09,0.0,1.0,19.18,RL,0.8594366408646358,True,True,-2.0041103229998662,-2.0506966809421026,17.763504436994847,False,11.474766263005389,0.0,0.705167796177092,45.0,90.0,0.10746988414649897,tilt,False
0.004247088083258154,-0.10746988414649897,9.937166978758826e-10,0.0,1.0,19.18,RR,0.3594366408646358,False,False,-2.0084693977129033,-2.0403508027199218,17.773869965882113,False,11.500615537717314,0.0,0.7070865612804986,45.0,90.0,0.10746988414649897,tilt,False
0.004247088387840472,-0.10746988428777964,1.2633034300492373e-09,0.0,1.0,19.2,FL,0.3594366408646358,False,False,-1.769891517861482,-2.565628627128828,17.247400168717657,False,10.16960659439789,0.0,0.5787563884024977,45.0,90.0,0.10746988428777964,tilt,False
0.004247088387840472,-0.10746988428777964,7.297009720296973e-10,0.0,1.0,19.2,FR,0.8594366408646358,True,True,-1.7742408197571613,-2.5554842975643832,17.257571283015984,False,10.195591585071107,0.0,0.5807265875921315,45.0,90.0,0.10746988428777964,tilt,False
0.004247088387840472,-0.10746988428777964,1.3005366542002076e-09,0.0,1.0,19.2,RL,0.8594366408646358,True,True,-2.0041103258051987,-2.0506966817944625,17.76350443613933,False,11.474766266396234,0.0,0.70516779553267,45.0,90.0,0.10746988428777964,tilt,False
0.004247088387840472,-0.10746988428777964,1.0285036933206897e-09,0.0,1.0,19.2,RR,0.3594366408646358,False,False,-2.008469398097158,-2.040350801349941,17.773869967253606,False,11.500615534589368,0.0,0.707086561955168,45.0,90.0,0.10746988428777964,tilt,False
0.00424708775836985,-0.1074698843249063,9.57555535700343e-10,0.0,1.0,19.22,FL,0.3594366408646358,False,False,-1.7698915138412465,-2.5656286263452746,17.247400169509767,False,10.169606576917069,0.0,0.5787563889854114,45.0,90.0,0.1074698843249063,tilt,False
0.00424708775836985,-0.1074698843249063,6.566593723721533e-10,0.0,1.0,19.22,FR,0.8594366408646358,True,True,-1.7742408267728758,-2.5554843027898073,17.25757127777086,False,10.195591617871555,0.0,0.5807265871220713,45.0,90.0,0.1074698843249063,tilt,False
0.00424708775836985,-0.1074698843249063,1.0248067144102606e-09,0.0,1.0,19.22,RL,0.8594366408646358,True,True,-2.0041103202322677,-2.0506966745804727,17.763504443367726,False,11.474766237192865,0.0,0.7051677964233622,45.0,90.0,0.1074698843249063,tilt,False
0.00424708775836985,-0.1074698843249063,9.097970384571031e-10,0.0,1.0,19.22,RR,0.3594366408646358,False,False,-2.0084693972047436,-2.0403507993784764,17.77386996922847,False,11.500615530422799,0.0,0.7070865608343159,45.0,90.0,0.1074698843249063,tilt,False
0.004247087867212806,-0.10746988428699576,1.021008961666171e-09,0.0,1.0,19.240000000000002,FL,0.3594366408646358,False,False,-1.7698915127737462,-2.5656286286569254,17.24740016719584,False,10.169606621993141,0.0,0.5787563893182311,45.0,90.0,0.10746988428699576,tilt,False
0.004247087867212806,-0.10746988428699576,6.01487397024938e-10,0.0,1.0,19.240000000000002,FR,0.8594366408646358,True,True,-1.7742408290729699,-2.555484304807908,17.257571275746788,False,10.195591544846712,0.0,0.580726586882307,45.0,90.0,0.10746988428699576,tilt,False
0.004247087867212806,-0.10746988428699576,1.0871743253289925e-09,0.0,1.0,19.240000000000002,RL,0.8594366408646358,True,True,-2.0041103179115267,-2.0506966707272873,17.76350444722673,False,11.474766289121368,0.0,0.7051677966745145,45.0,90.0,0.10746988428699576,tilt,False
0.004247087867212806,-0.10746988428699576,9.347941641573713e-10,0.0,1.0,19.240000000000002,RR,0.3594366408646358,False,False,-2.008469396847998,-2.040350797953075,17.773869970656055,False,11.500615540537947,0.0,0.7070865603978365,45.0,90.0,0.10746988428699576,tilt,False
0.004247088180240291,-0.10746988431405875,1.0402414749941166e-09,0.0,1.0,19.26,FL,0.3594366408646358,False,False,-1.7698915126826906,-2.565628631983209,17.24740016386335,False,10.169606625178794,0.0,0.5787563895086446,45.0,90.0,0.10746988431405875,tilt,False
0.004247088180240291,-0.10746988431405875,5.914658850380634e-10,0.0,1.0,19.26,FR,0.8594366408646358,True,True,-1.7742408295824372,-2.5554843056557126,17.257571274897494,False,10.195591535869676,0.0,0.5807265867723668,45.0,90.0,0.10746988431405875,tilt,False
0.004247088180240291,-0.10746988431405875,1.10888673242376e-09,0.0,1.0,19.26,RL,0.8594366408646358,True,True,-2.004110317002407,-2.0506966679148984,17.763504450042234,False,11.474766302560159,0.0,0.7051677966340018,45.0,90.0,0.10746988431405875,tilt,False
0.004247088180240291,-0.10746988431405875,9.47236274250182e-10,0.0,1.0,19.26,RR,0.3594366408646358,False,False,-2.0084693968526848,-2.0403507965902032,17.77386997202087,False,11.500615547348453,0.0,0.7070865602857007,45.0,90.0,0.10746988431405875,tilt,False
0.004247088555770314,-0.10746988440475719,1.085583255268458e-09,0.0,1.0,19.28,FL,0.3594366408646358,False,False,-1.7698915136020108,-2.5656286363134084,17.247400159523785,False,10.169606668960181,0.0,0.5787563895589477,45.0,90.0,0.10746988440475719,tilt,False
0.004247088555770314,-0.10746988440475719,6.019172140267575e-10,0.0,1.0,19.28,FR,0.8594366408646358,True,True,-1.7742408283781506,-2.5554843045588367,17.25757127599799,False,10.195591469686761,0.0,0.5807265867909437,45.0,90.0,0.10746988440475719,tilt,False
0.004247088555770314,-0.10746988440475719,1.1500501754260061e-09,0.0,1.0,19.28,RL,0.8594366408646358,True,True,-2.0041103174426103,-2.0506966661395962,17.76350445181852,False,11.474766340891833,0.0,0.7051677964569306,45.0,90.0,0.10746988440475719,tilt,False
0.004247088555770314,-0.10746988440475719,9.691841621165443e-10,0.0,1.0,19.28,RR,0.3594366408646358,False,False,-2.0084693970955914,-2.0403507952058906,17.773869973407045,False,11.50061555025213,0.0,0.707086560342127,45.0,90.0,0.10746988440475719,tilt,False
0.004247088990049281,-0.10746988452579956,1.164607173308333e-09,0.0,1.0,19.3,FL,0.3594366408646358,False,False,-1.7698915159104975,-2.565628642054698,17.24740015376931,False,10.169606632364983,0.0,0.5787563892147642,45.0,90.0,0.10746988452579956,tilt,False
0.004247088990049281,-0.10746988452579956,6.488963277670653e-10,0.0,1.0,19.3,FR,0.8594366408646358,True,True,-1.7742408250217279,-2.5554843005014436,17.257571280066383,False,10.195591525862728,0.0,0.5807265871736585,45.0,90.0,0.10746988452579956,tilt,False
0.004247088990049281,-0.10746988452579956,1.2198641434345832e-09,0.0,1.0,19.3,RL,0.8594366408646358,True,True,-2.0041103194608016,-2.050696665845713,17.763504452110524,False,11.474766302275896,0.0,0.7051677958927303,45.0,90.0,0.10746988452579956,tilt,False
0.004247088990049281,-0.10746988452579956,1.0017882856016687e-09,0.0,1.0,19.3,RR,0.3594366408646358,False,False,-2.0084693974899426,-2.0403507938342345,17.77386997478038,False,11.500615545960311,0.0,0.7070865608629182,45.0,90.0,0.10746988452579956,tilt,False
0.004247089247813001,-0.10746988466762919,1.1974014653453277e-09,0.0,1.0,19.32,FL,0.3594366408646358,False,False,-1.7698915181787351,-2.5656286477757537,17.247400148035943,False,10.16960658403964,0.0,0.5787563887096853,45.0,90.0,0.10746988466762919,tilt,False
0.004247089247813001,-0.10746988466762919,6.769198008716414e-10,0.0,1.0,19.32,FR,0.8594366408646358,True,True,-1.7742408218103245,-2.555484295507022,17.257571285072288,False,10.19559159896216,0.0,0.5807265877048176,45.0,90.0,0.10746988466762919,tilt,False
0.004247089247813001,-0.10746988466762919,1.2466438601157424e-09,0.0,1.0,19.32,RL,0.8594366408646358,True,True,-2.0041103214032545,-2.050696665527301,17.763504452427746,False,11.474766258602767,0.0,0.705167795308312,45.0,90.0,0.10746988466762919,tilt,False
0.004247089247813001,-0.10746988466762919,1.0169921445038872e-09,0.0,1.0,19.32,RR,0.3594366408646358,False,False,-2.0084693977860772,-2.0403507923537725,17.773869976262617,False,11.500615543010094,0.0,0.7070865614361919,45.0,90.0,0.10746988466762919,tilt,False
0.0042470895166957165,-0.10746988480927608,1.2861086793499768e-09,0.0,1.0,19.34,FL,0.3594366408646358,False,False,-1.7698915214315603,-2.5656286547019147,17.24740014109487,False,10.169606598105254,0.0,0.5787563879620294,45.0,90.0,0.10746988480927608,tilt,False
0.0042470895166957165,-0.10746988480927608,7.580855455872586e-10,0.0,1.0,19.34,FR,0.8594366408646358,True,True,-1.7742408171812254,-2.555484287650494,17.25757129294635,False,10.195591580733538,0.0,0.580726588458817,45.0,90.0,0.10746988480927608,tilt,False
0.0042470895166957165,-0.10746988480927608,1.3257516146068325e-09,0.0,1.0,19.34,RL,0.8594366408646358,True,True,-2.0041103243078826,-2.0506966664768957,17.76350445147491,False,11.474766262197345,0.0,0.705167794628538,45.0,90.0,0.10746988480927608,tilt,False
0.0042470895166957165,-0.10746988480927608,1.0525525592022779e-09,0.0,1.0,19.34,RR,0.3594366408646358,False,False,-2.008469398103268,-2.0403507909220258,17.77386997769591,False,11.500615539758252,0.0,0.7070865621534395,45.0,90.0,0.10746988480927608,tilt,False
0.004247088838802259,-0.10746988484692777,9.677611049781854e-10,0.0,1.0,19.36,FL,0.3594366408646358,False,False,-1.769891517298651,-2.5656286537996364,17.247400142006256,False,10.169606579932367,0.0,0.5787563885110754,45.0,90.0,0.10746988484692777,tilt,False
0.004247088838802259,-0.10746988484692777,6.625685989544374e-10,0.0,1.0,19.36,FR,0.8594366408646358,True,True,-1.7742408242094123,-2.5554842926665127,17.257571287910746,False,10.195591613778904,0.0,0.5807265880160134,45.0,90.0,0.10746988484692777,tilt,False
0.004247088838802259,-0.10746988484692777,1.0477551055942123e-09,0.0,1.0,19.36,RL,0.8594366408646358,True,True,-2.004110318850734,-2.0506966594133273,17.763504458552696,False,11.474766233212762,0.0,0.7051677955340265,45.0,90.0,0.10746988484692777,tilt,False
0.004247088838802259,-0.10746988484692777,9.311040756002262e-10,0.0,1.0,19.36,RR,0.3594366408646358,False,False,-2.0084693972529584,-2.0403507890004238,17.77386997962074,False,11.50061553596851,0.0,0.7070865610292127,45.0,90.0,0.10746988484692777,tilt,False
0.0042470889301832555,-0.10746988480953149,1.034027991682851e-09,0.0,1.0,19.38,FL,0.3594366408646358,False,False,-1.7698915162217068,-2.5656286560974335,17.247400139706343,False,10.169606627068692,0.0,0.57875638880882,45.0,90.0,0.10746988480953149,tilt,False
0.0042470889301832555,-0.10746988480953149,6.130288873707764e-10,0.0,1.0,19.38,FR,0.8594366408646358,True,True,-1.7742408264693754,-2.5554842944126195,17.257571286159045,False,10.195591539382452,0.0,0.580726587805143,45.0,90.0,0.10746988480953149,tilt,False
0.0042470889301832555,-0.10746988480953149,1.1113148618862308e-09,0.0,1.0,19.38,RL,0.8594366408646358,True,True,-2.004110316590757,-2.0506966557095536,17.763504462262127,False,11.474766284730595,0.0,0.7051677957854596,45.0,90.0,0.10746988480953149,tilt,False
0.0042470889301832555,-0.10746988480953149,9.570047201548944e-10,0.0,1.0,19.38,RR,0.3594366408646358,False,False,-2.008469396905958,-2.040350787589542,17.773869981033744,False,11.500615545438839,0.0,0.7070865606028567,45.0,90.0,0.10746988480953149,tilt,False
0.004247089245296324,-0.10746988483435854,1.0542185386018824e-09,0.0,1.0,19.400000000000002,FL,0.3594366408646358,False,False,-1.769891516150951,-2.565628659457902,17.24740013633967,False,10.16960663052684,0.0,0.5787563889656695,45.0,90.0,0.10746988483435854,tilt,False
0.004247089245296324,-0.10746988483435854,6.052432875896304e-10,0.0,1.0,19.400000000000002,FR,0.8594366408646358,True,True,-1.7742408269373207,-2.5554842949790797,17.257571285591524,False,10.195591530312667,0.0,0.5807265877230703,45.0,90.0,0.10746988483435854,tilt,False
0.004247089245296324,-0.10746988483435854,1.1336675481529499e-09,0.0,1.0,19.400000000000002,RL,0.8594366408646358,True,True,-2.004110315708237,-2.0506966530607733,17.763504464913837,False,11.474766297954444,0.0,0.7051677957397109,45.0,90.0,0.10746988483435854,tilt,False
0.004247089245296324,-0.10746988483435854,9.70069481267996e-10,0.0,1.0,19.400000000000002,RR,0.3594366408646358,False,False,-2.00846939691135,-2.040350786239976,17.77386998238524,False,11.500615552074308,0.0,0.7070865605055222,45.0,90.0,0.10746988483435854,tilt,False
0.004247089638073385,-0.10746988492037093,1.1012770189877105e-09,0.0,1.0,19.42,FL,0.3594366408646358,False,False,-1.7698915171207377,-2.5656286638868107,17.24740013190123,False,10.169606676078335,0.0,0.5787563889841604,45.0,90.0,0.10746988492037093,tilt,False
0.004247089638073385,-0.10746988492037093,6.193251102101009e-10,0.0,1.0,19.42,FR,0.8594366408646358,True,True,-1.7742408256839655,-2.5554842935852777,17.25757128698948,False,10.195591462913292,0.0,0.58072658776828,45.0,90.0,0.10746988492037093,tilt,False
0.004247089638073385,-0.10746988492037093,1.1756477058745801e-09,0.0,1.0,19.42,RL,0.8594366408646358,True,True,-2.004110316148545,-2.050696651459315,17.763504466516043,False,11.474766335922885,0.0,0.7051677955555203,45.0,90.0,0.10746988492037093,tilt,False
0.004247089638073385,-0.10746988492037093,9.929042134906402e-10,0.0,1.0,19.42,RR,0.3594366408646358,False,False,-2.008469397144573,-2.0403507848666886,17.773869983760395,False,11.500615554639339,0.0,0.7070865605777387,45.0,90.0,0.10746988492037093,tilt,False
0.0042470901022513005,-0.10746988503534426,1.1832537176811624e-09,0.0,1.0,19.44,FL,0.3594366408646358,False,False,-1.7698915195256613,-2.5656286698144752,17.247400125959953,False,10.169606637920783,0.0,0.5787563886045612,45.0,90.0,0.10746988503534426,tilt,False
0.0042470901022513005,-0.10746988503534426,6.716151384171853e-10,0.0,1.0,19.44,FR,0.8594366408646358,True,True,-1.7742408222555586,-2.5554842891988074,17.2575712913876,False,10.195591520189499,0.0,0.580726588182263,45.0,90.0,0.10746988503534426,tilt,False
0.0042470901022513005,-0.10746988503534426,1.2463023054291e-09,0.0,1.0,19.44,RL,0.8594366408646358,True,True,-2.0041103181476227,-2.050696651342273,17.76350446663102,False,11.47476629743822,0.0,0.7051677949743254,45.0,90.0,0.10746988503534426,tilt,False
0.0042470901022513005,-0.10746988503534426,1.0266439291751796e-09,0.0,1.0,19.44,RR,0.3594366408646358,False,False,-2.0084693975155816,-2.0403507834958896,17.773869985132905,False,11.500615550902978,0.0,0.7070865611225715,45.0,90.0,0.10746988503534426,tilt,False
0.004247090393867093,-0.10746988517029758,1.2169042395111924e-09,0.0,1.0,19.46,FL,0.3594366408646358,False,False,-1.7698915218785014,-2.5656286757511464,17.247400120010557,False,10.169606587549662,0.0,0.5787563880647967,45.0,90.0,0.10746988517029758,tilt,False
0.004247090393867093,-0.10746988517029758,7.009331169920492e-10,0.0,1.0,19.46,FR,0.8594366408646358,True,True,-1.7742408189834955,-2.5554842838787506,17.257571296719764,False,10.195591594759376,0.0,0.5807265887444807,45.0,90.0,0.10746988517029758,tilt,False
0.004247090393867093,-0.10746988517029758,1.273595563181628e-09,0.0,1.0,19.46,RL,0.8594366408646358,True,True,-2.004110320065984,-2.050696651206486,17.763504466765372,False,11.474766253930202,0.0,0.7051677943733206,45.0,90.0,0.10746988517029758,tilt,False
0.004247090393867093,-0.10746988517029758,1.0425245078892486e-09,0.0,1.0,19.46,RR,0.3594366408646358,False,False,-2.0084693977924055,-2.040350782021489,17.773869986609117,False,11.500615548513657,0.0,0.7070865617185661,45.0,90.0,0.10746988517029758,tilt,False
0.004247090370448775,-0.10746988530350038,1.2008615861200905e-09,0.0,1.0,19.48,FL,0.3594366408646358,False,False,-1.7698915228981025,-2.5656286804446626,17.247400115309134,False,10.169606599075909,0.0,0.5787563876814746,45.0,90.0,0.10746988530350038,tilt,False
0.004247090370448775,-0.10746988530350038,6.91937153948408e-10,0.0,1.0,19.48,FR,0.8594366408646358,True,True,-1.7742408178358926,-2.5554842796014396,17.2575713010037,False,10.195591581912764,0.0,0.5807265891606584,45.0,90.0,0.10746988530350038,tilt,False
0.004247090370448775,-0.10746988530350038,1.2580949038833014e-09,0.0,1.0,19.48,RL,0.8594366408646358,True,True,-2.0041103205053097,-2.050696649839614,17.763504468134215,False,11.474766254142827,0.0,0.7051677941790958,45.0,90.0,0.10746988530350038,tilt,False
0.004247090370448775,-0.10746988530350038,1.0408303961798336e-09,0.0,1.0,19.48,RR,0.3594366408646358,False,False,-2.0084693978020125,-2.0403507804108885,17.77386998822182,False,11.500615545741995,0.0,0.7070865618806839,45.0,90.0,0.10746988530350038,tilt,False
0.004247089938067604,-0.10746988529467114,9.717412184999802e-10,0.0,1.0,19.5,FL,0.3594366408646358,False,False,-1.7698915192826472,-2.565628680087792,17.247400115672924,False,10.16960657979324,0.0,0.5787563882393532,45.0,90.0,0.10746988529467114,tilt,False
0.004247089938067604,-0.10746988529467114,6.554074032510723e-10,0.0,1.0,19.5,FR,0.8594366408646358,True,True,-1.7742408239324186,-2.555484284380776,17.257571296207413,False,10.19559161376616,0.0,0.5807265887059949,45.0,90.0,0.10746988529467114,tilt,False
0.004247089938067604,-0.10746988529467114,1.0712141082270095e-09,0.0,1.0,19.5,RL,0.8594366408646358,True,True,-2.004110315718146,-2.050696643617594,17.763504474368172,False,11.474766226422988,0.0,0.7051677949604268,45.0,90.0,0.10746988529467114,tilt,False
0.004247089938067604,-0.10746988529467114,9.503071474692863e-10,0.0,1.0,19.5,RR,0.3594366408646358,False,False,-2.008469397113216,-2.040350778710686,17.773869989924858,False,11.500615542837142,0.0,0.7070865608817622,45.0,90.0,0.10746988529467114,tilt,False
0.004247090160014858,-0.10746988527354324,1.0411130789529782e-09,0.0,1.0,19.52,FL,0.3594366408646358,False,False,-1.7698915185921926,-2.5656286827543013,17.24740011300263,False,10.169606629342823,0.0,0.5787563885268355,45.0,90.0,0.10746988527354324,tilt,False
0.004247090160014858,-0.10746988527354324,6.163524685485436e-10,0.0,1.0,19.52,FR,0.8594366408646358,True,True,-1.774240825457858,-2.5554842857977227,17.25757129478671,False,10.195591537140274,0.0,0.5807265885011591,45.0,90.0,0.10746988527354324,tilt,False
0.004247090160014858,-0.10746988527354324,1.1344850277909255e-09,0.0,1.0,19.52,RL,0.8594366408646358,True,True,-2.00411031403493,-2.0506966404250475,17.763504477565018,False,11.47476627816198,0.0,0.7051677951233992,45.0,90.0,0.10746988527354324,tilt,False
0.004247090160014858,-0.10746988527354324,9.79181147425845e-10,0.0,1.0,19.52,RR,0.3594366408646358,False,False,-2.0084693969347374,-2.040350777347752,17.77386999128982,False,11.500615551447389,0.0,0.7070865605511957,45.0,90.0,0.10746988527354324,tilt,False
0.004247090523632855,-0.107469885318958,1.064374468082471e-09,0.0,1.0,19.54,FL,0.3594366408646358,False,False,-1.76989151882544,-2.5656286863411335,17.24740010940856,False,10.169606633746895,0.0,0.5787563886559582,45.0,90.0,0.107469885318958,tilt,False
0.004247090523632855,-0.107469885318958,6.144461176545636e-10,0.0,1.0,19.54,FR,0.8594366408646358,True,True,-1.7742408253886879,-2.5554842859956266,17.25757129458911,False,10.195591527131851,0.0,0.5807265884423409,45.0,90.0,0.107469885318958,tilt,False
0.004247090523632855,-0.107469885318958,1.157258149303426e-09,0.0,1.0,19.54,RL,0.8594366408646358,True,True,-2.004110313578434,-2.050696638099713,17.763504479892518,False,11.474766291943132,0.0,0.7051677950144251,45.0,90.0,0.107469885318958,tilt,False
0.004247090523632855,-0.107469885318958,9.931041049111062e-10,0.0,1.0,19.54,RR,0.3594366408646358,False,False,-2.00846939703387,-2.040350775979336,17.77386999266021,False,11.50061555759941,0.0,0.7070865605259742,45.0,90.0,0.107469885318958,tilt,False
0.00424709091413045,-0.10746988541835606,1.1154072733276206e-09,0.0,1.0,19.56,FL,0.3594366408646358,False,False,-1.769891520066364,-2.565628690938071,17.24740010480148,False,10.169606681745353,0.0,0.578756388632974,45.0,90.0,0.10746988541835606,tilt,False
0.00424709091413045,-0.10746988541835606,6.353740083156825e-10,0.0,1.0,19.56,FR,0.8594366408646358,True,True,-1.774240823731149,-2.555484284197291,17.257571296392758,False,10.19559145775275,0.0,0.5807265885245181,45.0,90.0,0.10746988541835606,tilt,False
0.00424709091413045,-0.10746988541835606,1.2000141532354373e-09,0.0,1.0,19.56,RL,0.8594366408646358,True,True,-2.0041103143165726,-2.0506966367093424,17.763504481283245,False,11.474766330237438,0.0,0.7051677947837458,45.0,90.0,0.10746988541835606,tilt,False
0.00424709091413045,-0.10746988541835606,1.0164087550578935e-09,0.0,1.0,19.56,RR,0.3594366408646358,False,False,-2.008469397284638,-2.040350774554896,17.773869994086553,False,11.500615559439149,0.0,0.707086560653689,45.0,90.0,0.10746988541835606,tilt,False
0.004247091351152928,-0.10746988554013077,1.202136849703373e-09,0.0,1.0,19.580000000000002,FL,0.3594366408646358,False,False,-1.769891522743993,-2.5656286970518263,17.247400098673552,False,10.169606642595133,0.0,0.5787563881972814,45.0,90.0,0.10746988554013077,tilt,False
0.004247091351152928,-0.10746988554013077,6.953553677218002e-10,0.0,1.0,19.580000000000002,FR,0.8594366408646358,True,True,-1.774240819970789,-2.5554842793654235,17.257571301237242,False,10.195591515484491,0.0,0.5807265889905838,45.0,90.0,0.10746988554013077,tilt,False
0.004247091351152928,-0.10746988554013077,1.2715290510596132e-09,0.0,1.0,19.580000000000002,RL,0.8594366408646358,True,True,-2.0041103165174166,-2.050696636739523,17.763504481250735,False,11.474766292453019,0.0,0.7051677941571143,45.0,90.0,0.10746988554013077,tilt,False
0.004247091351152928,-0.10746988554013077,1.050775836706617e-09,0.0,1.0,19.580000000000002,RR,0.3594366408646358,False,False,-2.0084693976155368,-2.040350773114548,17.773869995528635,False,11.500615555932736,0.0,0.7070865612519208,45.0,90.0,0.10746988554013077,tilt,False
0.00424709160356773,-0.1074698856772738,1.237713691635982e-09,0.0,1.0,19.6,FL,0.3594366408646358,False,False,-1.769891525320276,-2.5656287031692733,17.247400092542996,False,10.16960659060449,0.0,0.5787563875958016,45.0,90.0,0.1074698856772738,tilt,False
0.00424709160356773,-0.1074698856772738,7.271820316775538e-10,0.0,1.0,19.6,FR,0.8594366408646358,True,True,-1.7742408164452586,-2.5554842736057943,17.257571307009858,False,10.195591591054134,0.0,0.5807265896105414,45.0,90.0,0.1074698856772738,tilt,False
0.00424709160356773,-0.1074698856772738,1.2993272303195005e-09,0.0,1.0,19.6,RL,0.8594366408646358,True,True,-2.00411031857561,-2.0506966367252986,17.763504481263414,False,11.474766249517348,0.0,0.7051677935177278,45.0,90.0,0.1074698856772738,tilt,False
0.00424709160356773,-0.1074698856772738,1.0669517102646377e-09,0.0,1.0,19.6,RR,0.3594366408646358,False,False,-2.0084693978346566,-2.040350771582225,17.773869997062807,False,11.50061555382035,0.0,0.7070865618937358,45.0,90.0,0.1074698856772738,tilt,False
0.0042470912828595974,-0.10746988578468132,1.1141169949919057e-09,0.0,1.0,19.62,FL,0.3594366408646358,False,False,-1.7698915242993114,-2.5656287056084888,17.247400090102783,False,10.169606599503798,0.0,0.5787563875640807,45.0,90.0,0.10746988578468132,tilt,False
0.0042470912828595974,-0.10746988578468132,6.58345473793381e-10,0.0,1.0,19.62,FR,0.8594366408646358,True,True,-1.7742408183970686,-2.5554842728623024,17.257571307749874,False,10.195591582742175,0.0,0.5807265896999861,45.0,90.0,0.10746988578468132,tilt,False
0.0042470912828595974,-0.10746988578468132,1.1958032324871514e-09,0.0,1.0,19.62,RL,0.8594366408646358,True,True,-2.0041103168943195,-2.050696633237266,17.763504484758048,False,11.474766247036095,0.0,0.705167793764313,45.0,90.0,0.10746988578468132,tilt,False
0.0042470912828595974,-0.10746988578468132,1.0250395932372425e-09,0.0,1.0,19.62,RR,0.3594366408646358,False,False,-2.0084693975570036,-2.040350769857098,17.773869998790413,False,11.500615551547043,0.0,0.7070865615468924,45.0,90.0,0.10746988578468132,tilt,False
0.004247090997323284,-0.10746988576233767,9.775794459965983e-10,0.0,1.0,19.64,FL,0.3594366408646358,False,False,-1.7698915212375315,-2.5656287056774576,17.247400090038788,False,10.169606579681181,0.0,0.5787563880985509,45.0,90.0,0.10746988576233767,tilt,False
0.004247090997323284,-0.10746988576233767,6.513326945808498e-10,0.0,1.0,19.64,FR,0.8594366408646358,True,True,-1.7742408235176568,-2.5554842772923663,17.257571303305244,False,10.195591613440145,0.0,0.5807265892640688,45.0,90.0,0.10746988576233767,tilt,False
0.004247090997323284,-0.10746988576233767,1.0924768156861326e-09,0.0,1.0,19.64,RL,0.8594366408646358,True,True,-2.004110312843796,-2.050696627683337,17.763504490322045,False,11.474766220574141,0.0,0.7051677944185911,45.0,90.0,0.10746988576233767,tilt,False
0.004247090997323284,-0.10746988576233767,9.687341868108145e-10,0.0,1.0,19.64,RR,0.3594366408646358,False,False,-2.008469397009355,-2.0403507682795543,17.773870000370465,False,11.500615549144577,0.0,0.7070865606808711,45.0,90.0,0.10746988576233767,tilt,False
0.004247091277114627,-0.10746988576280099,1.05103018087786e-09,0.0,1.0,19.66,FL,0.3594366408646358,False,False,-1.7698915209816493,-2.5656287086379024,17.247400087073196,False,10.169606631902838,0.0,0.5787563883441817,45.0,90.0,0.10746988576280099,tilt,False
0.004247091277114627,-0.10746988576280099,6.23736227882246e-10,0.0,1.0,19.66,FR,0.8594366408646358,True,True,-1.7742408242925056,-2.555484278288063,17.257571302307532,False,10.19559153446481,0.0,0.5807265890957498,45.0,90.0,0.10746988576280099,tilt,False
0.004247091277114627,-0.10746988576280099,1.1563315760934872e-09,0.0,1.0,19.66,RL,0.8594366408646358,True,True,-2.0041103117402552,-2.050696624894651,17.763504493113995,False,11.474766272617298,0.0,0.7051677944868411,45.0,90.0,0.10746988576280099,tilt,False
0.004247091277114627,-0.10746988576280099,1.0001080796094178e-09,0.0,1.0,19.66,RR,0.3594366408646358,False,False,-2.0084693969379326,-2.0403507669178276,17.77387000173414,False,11.500615556753862,0.0,0.7070865604547596,45.0,90.0,0.10746988576280099,tilt,False
0.004247091642005779,-0.1074698858271383,1.077379915162036e-09,0.0,1.0,19.68,FL,0.3594366408646358,False,False,-1.7698915215568074,-2.565628712415148,17.247400083287914,False,10.1696066373119,0.0,0.5787563884176661,45.0,90.0,0.1074698858271383,tilt,False
0.004247091642005779,-0.1074698858271383,6.274934891776646e-10,0.0,1.0,19.68,FR,0.8594366408646358,True,True,-1.7742408236817684,-2.5554842780427904,17.2575713025545,False,10.195591523503923,0.0,0.5807265890872089,45.0,90.0,0.1074698858271383,tilt,False
0.004247091642005779,-0.1074698858271383,1.179931567494108e-09,0.0,1.0,19.68,RL,0.8594366408646358,True,True,-2.004110311697258,-2.050696622831742,17.763504495178523,False,11.474766286907517,0.0,0.7051677943066393,45.0,90.0,0.1074698858271383,tilt,False
0.004247091642005779,-0.1074698858271383,1.0148931589567365e-09,0.0,1.0,19.68,RR,0.3594366408646358,False,False,-2.008469397078102,-2.0403507655126774,17.77387000314127,False,11.500615562372863,0.0,0.7070865605113217,45.0,90.0,0.1074698858271383,tilt,False
0.004247092006053135,-0.10746988593708318,1.1322001309579083e-09,0.0,1.0,19.7,FL,0.3594366408646358,False,False,-1.7698915230915797,-2.565628717178161,17.24740007851419,False,10.169606687757991,0.0,0.5787563883301259,45.0,90.0,0.10746988593708318,tilt,False
0.004247092006053135,-0.10746988593708318,6.549082421037846e-10,0.0,1.0,19.7,FR,0.8594366408646358,True,True,-1.7742408216228842,-2.5554842757783103,17.25757130482539,False,10.195591452153675,0.0,0.5807265892287395,45.0,90.0,0.10746988593708318,tilt,False
0.004247092006053135,-0.10746988593708318,1.2238375513924078e-09,0.0,1.0,19.7,RL,0.8594366408646358,True,True,-2.0041103127164255,-2.0506966216274556,17.763504496382843,False,11.474766325448963,0.0,0.705167794020901,45.0,90.0,0.10746988593708318,tilt,False
0.004247092006053135,-0.10746988593708318,1.0389242064682675e-09,0.0,1.0,19.7,RR,0.3594366408646358,False,False,-2.0084693973152072,-2.0403507640392795,17.773870004616604,False,11.500615563514362,0.0,0.7070865607045651,45.0,90.0,0.10746988593708318,tilt,False
0.004247092410947855,-0.10746988606293437,1.2233205130183457e-09,0.0,1.0,19.72,FL,0.3594366408646358,False,False,-1.7698915260511046,-2.56562872349967,17.247400072178042,False,10.169606647522048,0.0,0.5787563878200037,45.0,90.0,0.10746988606293437,tilt,False
0.004247092410947855,-0.10746988606293437,7.222357766054578e-10,0.0,1.0,19.72,FR,0.8594366408646358,True,True,-1.7742408175377353,-2.5554842704462213,17.257571310171183,False,10.195591510466363,0.0,0.5807265897646432,45.0,90.0,0.10746988606293437,tilt,False
0.004247092410947855,-0.10746988606293437,1.2965529174663293e-09,0.0,1.0,19.72,RL,0.8594366408646358,True,True,-2.0041103150992834,-2.0506966218042897,17.763504496203524,False,11.474766288210066,0.0,0.7051677933402567,45.0,90.0,0.10746988606293437,tilt,False
0.004247092410947855,-0.10746988606293437,1.0742836827629613e-09,0.0,1.0,19.72,RR,0.3594366408646358,False,False,-2.008469397591334,-2.040350762540763,17.773870006116944,False,11.500615560314504,0.0,0.7070865613660406,45.0,90.0,0.10746988606293437,tilt,False
0.0042470926336176775,-0.10746988619979313,1.260624158809241e-09,0.0,1.0,19.740000000000002,FL,0.3594366408646358,False,False,-1.7698915288512918,-2.565628729836938,17.247400065827232,False,10.169606593788462,0.0,0.5787563871428771,45.0,90.0,0.10746988619979313,tilt,False
0.0042470926336176775,-0.10746988619979313,7.561371017445035e-10,0.0,1.0,19.740000000000002,FR,0.8594366408646358,True,True,-1.774240813772216,-2.5554842641968625,17.25757131643449,False,10.19559158719339,0.0,0.5807265904558894,45.0,90.0,0.10746988619979313,tilt,False
0.0042470926336176775,-0.10746988619979313,1.3252166931352042e-09,0.0,1.0,19.740000000000002,RL,0.8594366408646358,True,True,-2.004110317278311,-2.050696621930734,17.763504496075395,False,11.474766245675296,0.0,0.7051677926546398,45.0,90.0,0.10746988619979313,tilt,False
0.0042470926336176775,-0.10746988619979313,1.0910540129013248e-09,0.0,1.0,19.740000000000002,RR,0.3594366408646358,False,False,-2.0084693977518997,-2.0403507609659535,17.77387000769362,False,11.500615558587329,0.0,0.7070865620627118,45.0,90.0,0.10746988619979313,tilt,False
0.00424709228336014,-0.10746988630497414,1.1319985635641023e-09,0.0,1.0,19.76,FL,0.3594366408646358,False,False,-1.7698915278672178,-2.5656287323655955,17.247400063297615,False,10.169606603069498,0.0,0.5787563870523948,45.0,90.0,0.10746988630497414,tilt,False
0.00424709228336014,-0.10746988630497414,6.772820633397631e-10,0.0,1.0,19.76,FR,0.8594366408646358,True,True,-1.7742408156405445,-2.5554842630793813,17.257571317549015,False,10.195591578436332,0.0,0.5807265905986604,45.0,90.0,0.10746988630497414,tilt,False
0.00424709228336014,-0.10746988630497414,1.22131598069693e-09,0.0,1.0,19.76,RL,0.8594366408646358,True,True,-2.0041103156900193,-2.0506966186042246,17.763504499408324,False,11.474766243221255,0.0,0.7051677928868243,45.0,90.0,0.10746988630497414,tilt,False
0.00424709228336014,-0.10746988630497414,1.0483630133473066e-09,0.0,1.0,19.76,RR,0.3594366408646358,False,False,-2.00846939747067,-2.040350759259329,17.773870009402632,False,11.500615556397513,0.0,0.7070865617404003,45.0,90.0,0.10746988630497414,tilt,False
0.004247091985398142,-0.10746988628153624,9.904209478934018e-10,0.0,1.0,19.78,FL,0.3594366408646358,False,False,-1.7698915247268168,-2.5656287324043876,17.247400063264084,False,10.169606582504738,0.0,0.5787563875462548,45.0,90.0,0.10746988628153624,tilt,False
0.004247091985398142,-0.10746988628153624,6.595321587408768e-10,0.0,1.0,19.78,FR,0.8594366408646358,True,True,-1.7742408207719815,-2.5554842672240174,17.257571313390123,False,10.195591609576837,0.0,0.5807265901967549,45.0,90.0,0.10746988628153624,tilt,False
0.004247091985398142,-0.10746988628153624,1.1166369770302456e-09,0.0,1.0,19.78,RL,0.8594366408646358,True,True,-2.004110311705387,-2.0506966132372746,17.76350450478509,False,11.47476621677461,0.0,0.7051677935449435,45.0,90.0,0.10746988628153624,tilt,False
0.004247091985398142,-0.10746988628153624,9.909577862088196e-10,0.0,1.0,19.78,RR,0.3594366408646358,False,False,-2.0084693969636067,-2.0403507577326265,17.77387001093172,False,11.50061555447317,0.0,0.7070865608822384,45.0,90.0,0.10746988628153624,tilt,False
0.004247092282491841,-0.1074698862791694,1.0667434774860171e-09,0.0,1.0,19.8,FL,0.3594366408646358,False,False,-1.7698915244840074,-2.5656287354431475,17.24740006022007,False,10.169606636831498,0.0,0.5787563877514786,45.0,90.0,0.1074698862791694,tilt,False
0.004247092282491841,-0.1074698862791694,6.389071278667168e-10,0.0,1.0,19.8,FR,0.8594366408646358,True,True,-1.7742408215091383,-2.5554842678741294,17.257571312738527,False,10.195591529153448,0.0,0.5807265900628659,45.0,90.0,0.1074698862791694,tilt,False
0.004247092282491841,-0.1074698862791694,1.1820005758379545e-09,0.0,1.0,19.8,RL,0.8594366408646358,True,True,-2.004110310622188,-2.0506966106430617,17.763504507382297,False,11.47476626838274,0.0,0.7051677936048761,45.0,90.0,0.1074698862791694,tilt,False
0.004247092282491841,-0.1074698862791694,1.0236492418131522e-09,0.0,1.0,19.8,RR,0.3594366408646358,False,False,-2.0084693969033007,-2.0403507563912515,17.773870012274994,False,11.500615561483453,0.0,0.7070865606748548,45.0,90.0,0.1074698862791694,tilt,False
0.004247092680582643,-0.1074698863383969,1.0939977377538932e-09,0.0,1.0,19.82,FL,0.3594366408646358,False,False,-1.7698915250911051,-2.565628739344541,17.247400056310436,False,10.1696066424933,0.0,0.5787563877870658,45.0,90.0,0.1074698863383969,tilt,False
0.004247092680582643,-0.1074698863383969,6.450638573851024e-10,0.0,1.0,19.82,FR,0.8594366408646358,True,True,-1.7742408208609242,-2.555484267276406,17.25757131333857,False,10.195591518112902,0.0,0.5807265900867731,45.0,90.0,0.1074698863383969,tilt,False
0.004247092680582643,-0.1074698863383969,1.2064396200166427e-09,0.0,1.0,19.82,RL,0.8594366408646358,True,True,-2.004110310574507,-2.050696608788691,17.76350450923802,False,11.474766282398278,0.0,0.7051677934129115,45.0,90.0,0.1074698863383969,tilt,False
0.004247092680582643,-0.1074698863383969,1.0392820006537392e-09,0.0,1.0,19.82,RR,0.3594366408646358,False,False,-2.0084693970491148,-2.0403507550056794,17.773870013662535,False,11.500615566990641,0.0,0.7070865607526297,45.0,90.0,0.1074698863383969,tilt,False
0.00424709308828759,-0.10746988644158904,1.1506727178322258e-09,0.0,1.0,19.84,FL,0.3594366408646358,False,False,-1.7698915266843898,-2.565628744294019,17.247400051349857,False,10.169606694784106,0.0,0.5787563876639198,45.0,90.0,0.10746988644158904,tilt,False
0.00424709308828759,-0.10746988644158904,6.764026119186531e-10,0.0,1.0,19.84,FR,0.8594366408646358,True,True,-1.7742408187550394,-2.5554842646428217,17.25757131597928,False,10.195591445433397,0.0,0.5807265902590315,45.0,90.0,0.10746988644158904,tilt,False
0.00424709308828759,-0.10746988644158904,1.251283883470898e-09,0.0,1.0,19.84,RL,0.8594366408646358,True,True,-2.004110311572528,-2.050696607801213,17.763504510225236,False,11.474766320588367,0.0,0.7051677931151742,45.0,90.0,0.10746988644158904,tilt,False
0.00424709308828759,-0.10746988644158904,1.0643635529098377e-09,0.0,1.0,19.84,RR,0.3594366408646358,False,False,-2.008469397282997,-2.0403507535468948,17.77387001512327,False,11.500615567804363,0.0,0.7070865609664032,45.0,90.0,0.10746988644158904,tilt,False
0.004247093544510972,-0.10746988655994663,1.2450278173829546e-09,0.0,1.0,19.86,FL,0.3594366408646358,False,False,-1.7698915297498161,-2.565628750888397,17.247400044740274,False,10.169606652927264,0.0,0.5787563871142041,45.0,90.0,0.10746988655994663,tilt,False
0.004247093544510972,-0.10746988655994663,7.493445161486433e-10,0.0,1.0,19.86,FR,0.8594366408646358,True,True,-1.7742408145951238,-2.5554842589059628,17.257571321730648,False,10.195591504950194,0.0,0.5807265908307082,45.0,90.0,0.10746988655994663,tilt,False
0.004247093544510972,-0.10746988655994663,1.3250316214871271e-09,0.0,1.0,19.86,RL,0.8594366408646358,True,True,-2.004110313924546,-2.050696608196633,17.763504509827058,False,11.47476628338478,0.0,0.705167792413276,45.0,90.0,0.10746988655994663,tilt,False
0.004247093544510972,-0.10746988655994663,1.1010161153482008e-09,0.0,1.0,19.86,RR,0.3594366408646358,False,False,-2.008469397541762,-2.0403507520495854,17.773870016622446,False,11.50061556521393,0.0,0.7070865616561276,45.0,90.0,0.10746988655994663,tilt,False
0.0042470938171492965,-0.10746988668898971,1.2833146148052076e-09,0.0,1.0,19.88,FL,0.3594366408646358,False,False,-1.7698915326427034,-2.565628757522642,17.24740003809188,False,10.16960659707374,0.0,0.5787563863981412,45.0,90.0,0.10746988668898971,tilt,False
0.0042470938171492965,-0.10746988668898971,7.845739510839097e-10,0.0,1.0,19.88,FR,0.8594366408646358,True,True,-1.7742408107646532,-2.55548425225461,17.257571328396736,False,10.19559158327656,0.0,0.5807265915575932,45.0,90.0,0.10746988668898971,tilt,False
0.0042470938171492965,-0.10746988668898971,1.3542426012507027e-09,0.0,1.0,19.88,RL,0.8594366408646358,True,True,-2.0041103160719844,-2.0506966085414926,17.763504509480217,False,11.474766240926005,0.0,0.7051677917078832,45.0,90.0,0.10746988668898971,tilt,False
0.0042470938171492965,-0.10746988668898971,1.1185281883261881e-09,0.0,1.0,19.88,RR,0.3594366408646358,False,False,-2.008469397688829,-2.040350750479366,17.77387001819462,False,11.500615564109275,0.0,0.7070865623787083,45.0,90.0,0.10746988668898971,tilt,False
0.004247093307333084,-0.10746988675186447,1.0399742084846515e-09,0.0,1.0,19.900000000000002,FL,0.3594366408646358,False,False,-1.7698915295054698,-2.5656287578063215,17.24740003781382,False,10.169606603058378,0.0,0.5787563867109591,45.0,90.0,0.10746988675186447,tilt,False
0.004247093307333084,-0.10746988675186447,6.708709180359131e-10,0.0,1.0,19.900000000000002,FR,0.8594366408646358,True,True,-1.7742408157049825,-2.5554842548235652,17.25757132581496,False,10.195591579108285,0.0,0.5807265913210178,45.0,90.0,0.10746988675186447,tilt,False
0.004247093307333084,-0.10746988675186447,1.1667868616495989e-09,0.0,1.0,19.900000000000002,RL,0.8594366408646358,True,True,-2.004110312468485,-2.05069660341883,17.763504514613018,False,11.474766235807476,0.0,0.7051677923870545,45.0,90.0,0.10746988675186447,tilt,False
0.004247093307333084,-0.10746988675186447,1.0319231559768167e-09,0.0,1.0,19.900000000000002,RR,0.3594366408646358,False,False,-2.0084693972803045,-2.0403507488217683,17.773870019854716,False,11.500615562844105,0.0,0.7070865615422679,45.0,90.0,0.10746988675186447,tilt,False
0.004247093198599426,-0.10746988672770352,9.964691225342516e-10,0.0,1.0,19.92,FL,0.3594366408646358,False,False,-1.769891526828632,-2.565628758304718,17.247400037318638,False,10.169606582055486,0.0,0.5787563872040911,45.0,90.0,0.10746988672770352,tilt,False
0.004247093198599426,-0.10746988672770352,6.569155600769654e-10,0.0,1.0,19.92,FR,0.8594366408646358,True,True,-1.7742408200102506,-2.5554842586219295,17.257571322004573,False,10.195591609501804,0.0,0.5807265909159177,45.0,90.0,0.10746988672770352,tilt,False
0.004247093198599426,-0.10746988672770352,1.1404827954076064e-09,0.0,1.0,19.92,RL,0.8594366408646358,True,True,-2.0041103090886088,-2.0506965987070607,17.76350451933289,False,11.47476621032019,0.0,0.7051677929410246,45.0,90.0,0.10746988672770352,tilt,False
0.004247093198599426,-0.10746988672770352,1.0128819140339642e-09,0.0,1.0,19.92,RR,0.3594366408646358,False,False,-2.0084693969513596,-2.040350747396089,17.773870021282615,False,11.500615561372985,0.0,0.7070865607947284,45.0,90.0,0.10746988672770352,tilt,False
0.0042470935858617415,-0.10746988674399907,1.0777681074841322e-09,0.0,1.0,19.94,FL,0.3594366408646358,False,False,-1.7698915269754207,-2.5656287616831404,17.247400033933534,False,10.169606639162609,0.0,0.5787563873865663,45.0,90.0,0.10746988674399907,tilt,False
0.0042470935858617415,-0.10746988674399907,6.484140962022175e-10,0.0,1.0,19.94,FR,0.8594366408646358,True,True,-1.7742408201069926,-2.5554842588523323,17.257571321774442,False,10.195591526734237,0.0,0.5807265908006731,45.0,90.0,0.10746988674399907,tilt,False
0.0042470935858617415,-0.10746988674399907,1.2066356342846635e-09,0.0,1.0,19.94,RL,0.8594366408646358,True,True,-2.0041103084714913,-2.050696596528845,17.763504521513145,False,11.474766262245865,0.0,0.7051677929238347,45.0,90.0,0.10746988674399907,tilt,False
0.0042470935858617415,-0.10746988674399907,1.047577640426553e-09,0.0,1.0,19.94,RR,0.3594366408646358,False,False,-2.008469396998447,-2.0403507460512413,17.77387002262942,False,11.500615567377295,0.0,0.7070865606732466,45.0,90.0,0.10746988674399907,tilt,False
0.004247094004902371,-0.10746988681764716,1.108422967251662e-09,0.0,1.0,19.96,FL,0.3594366408646358,False,False,-1.769891527901378,-2.565628765821622,17.247400029785922,False,10.169606645868527,0.0,0.5787563873824959,45.0,90.0,0.10746988681764716,tilt,False
0.004247094004902371,-0.10746988681764716,6.603016250767935e-10,0.0,1.0,19.96,FR,0.8594366408646358,True,True,-1.7742408189878323,-2.5554842578126986,17.257571322817736,False,10.195591514732385,0.0,0.580726590860186,45.0,90.0,0.10746988681764716,tilt,False
0.004247094004902371,-0.10746988681764716,1.231709283940435e-09,0.0,1.0,19.96,RL,0.8594366408646358,True,True,-2.0041103087605205,-2.0506965949531852,17.76350452308958,False,11.474766276779482,0.0,0.705167792674711,45.0,90.0,0.10746988681764716,tilt,False
0.004247094004902371,-0.10746988681764716,1.0636815563126792e-09,0.0,1.0,19.96,RR,0.3594366408646358,False,False,-2.00846939717883,-2.0403507446283586,17.77387002405428,False,11.50061557232421,0.0,0.7070865608174082,45.0,90.0,0.10746988681764716,tilt,False
0.004247094393710934,-0.10746988692848823,1.169068515514561e-09,0.0,1.0,19.98,FL,0.3594366408646358,False,False,-1.7698915297790532,-2.5656287709797563,17.24740002461607,False,10.16960670071962,0.0,0.5787563872076249,45.0,90.0,0.10746988692848823,tilt,False
0.004247094393710934,-0.10746988692848823,6.981462031691406e-10,0.0,1.0,19.98,FR,0.8594366408646358,True,True,-1.7742408165175445,-2.5554842547125047,17.25757132592616,False,10.1955914399292,0.0,0.5807265910801722,45.0,90.0,0.10746988692848823,tilt,False
0.004247094393710934,-0.10746988692848823,1.2773834738100005e-09,0.0,1.0,19.98,RL,0.8594366408646358,True,True,-2.0041103099963236,-2.050696594164271,17.763504523877913,False,11.474766315305548,0.0,0.7051677923333879,45.0,90.0,0.10746988692848823,tilt,False
0.004247094393710934,-0.10746988692848823,1.0892182541611275e-09,0.0,1.0,19.98,RR,0.3594366408646358,False,False,-2.00846939738953,-2.040350743117973,17.773870025566694,False,11.500615572356285,0.0,0.7070865610838464,45.0,90.0,0.10746988692848823,tilt,False
0.004247094815416497,-0.10746988704971115,1.2680765619773885e-09,0.0,1.0,20.0,FL,0.3594366408646358,False,False,-1.7698915331277598,-2.565628777819934,17.247400017760075,False,10.169606657790446,0.0,0.5787563865928492,45.0,90.0,0.10746988704971115,tilt,False
0.004247094815416497,-0.10746988704971115,7.784175424096608e-10,0.0,1.0,20.0,FR,0.8594366408646358,True,True,-1.774240812044154,-2.5554842484702895,17.25757133218395,False,10.19559150003398,0.0,0.5807265917133249,45.0,90.0,0.10746988704971115,tilt,False
0.004247094815416497,-0.10746988704971115,1.3520567304307734e-09,0.0,1.0,20.0,RL,0.8594366408646358,True,True,-2.0041103125121933,-2.0506965947134117,17.7635045233258,False,11.47476627866729,0.0,0.7051677915863579,45.0,90.0,0.10746988704971115,tilt,False
0.004247094815416497,-0.10746988704971115,1.1266532264923846e-09,0.0,1.0,20.0,RR,0.3594366408646358,False,False,-2.0084693975826116,-2.0403507415569684,17.773870027129618,False,11.50061557003023,0.0,0.7070865618265958,45.0,90.0,0.10746988704971115,tilt,False
0.00424709490681527,-0.10746988718360156,1.2651542622453411e-09,0.0,1.0,20.02,FL,0.3594366408646358,False,False,-1.769891535258604,-2.56562878364985,17.247400011918785,False,10.169606692245052,0.0,0.5787563860511046,45.0,90.0,0.10746988718360156,tilt,False
0.00424709490681527,-0.10746988718360156,7.780555780122839e-10,0.0,1.0,20.02,FR,0.8594366408646358,True,True,-1.774240809353452,-2.5554842427927515,17.257571337872637,False,10.19559145540472,0.0,0.5807265922770398,45.0,90.0,0.10746988718360156,tilt,False
0.00424709490681527,-0.10746988718360156,1.3488153752591192e-09,0.0,1.0,20.02,RL,0.8594366408646358,True,True,-2.0041103139232694,-2.0506965943078646,17.76350452373121,False,11.474766298796034,0.0,0.7051677911783883,45.0,90.0,0.10746988718360156,tilt,False
0.00424709490681527,-0.10746988718360156,1.1303423668704073e-09,0.0,1.0,20.02,RR,0.3594366408646358,False,False,-2.0084693976115813,-2.0403507399144836,17.773870028774173,False,11.500615568774581,0.0,0.7070865622207989,45.0,90.0,0.10746988718360156,tilt,False
0.0042470943484657206,-0.10746988720213367,9.85360054058477e-10,0.0,1.0,20.04,FL,0.3594366408646358,False,False,-1.769891531130833,-2.56562878267089,17.24740001290666,False,10.169606603011724,0.0,0.5787563865096824,45.0,90.0,0.10746988720213367,tilt,False
0.0042470943484657206,-0.10746988720213367,6.857796510444729e-10,0.0,1.0,20.04,FR,0.8594366408646358,True,True,-1.774240815641065,-2.5554842475432706,17.25757133310445,False,10.19559157936489,0.0,0.5807265919020685,45.0,90.0,0.10746988720213367,tilt,False
0.0042470943484657206,-0.10746988720213367,1.1415929269327378e-09,0.0,1.0,20.04,RL,0.8594366408646358,True,True,-2.0041103094713337,-2.0506965883830865,17.76350452966755,False,11.474766229370392,0.0,0.7051677919310725,45.0,90.0,0.10746988720213367,tilt,False
0.0042470943484657206,-0.10746988720213367,1.02520309453163e-09,0.0,1.0,20.04,RR,0.3594366408646358,False,False,-2.0084693971503564,-2.0403507383558868,17.773870030335168,False,11.500615568820024,0.0,0.707086561285197,45.0,90.0,0.10746988720213367,tilt,False
0.004247094335505485,-0.10746988719023354,1.0054413130310196e-09,0.0,1.0,20.06,FL,0.3594366408646358,False,False,-1.7698915289649926,-2.565628783531674,17.247400012047397,False,10.169606581903428,0.0,0.5787563869683482,45.0,90.0,0.10746988719023354,tilt,False
0.004247094335505485,-0.10746988719023354,6.587171140364298e-10,0.0,1.0,20.06,FR,0.8594366408646358,True,True,-1.7742408190881687,-2.5554842509108897,17.257571329726886,False,10.195591608966986,0.0,0.5807265915264321,45.0,90.0,0.10746988719023354,tilt,False
0.004247094335505485,-0.10746988719023354,1.1625376007586374e-09,0.0,1.0,20.06,RL,0.8594366408646358,True,True,-2.004110306724569,-2.0506965841842404,17.763504533873167,False,11.474766204859076,0.0,0.7051677923758976,45.0,90.0,0.10746988719023354,tilt,False
0.004247094335505485,-0.10746988719023354,1.0335323105692458e-09,0.0,1.0,20.06,RR,0.3594366408646358,False,False,-2.0084693969388905,-2.040350736970505,17.77387003172263,False,11.500615567563015,0.0,0.7070865606559312,45.0,90.0,0.10746988719023354,tilt,False
0.004247094749108993,-0.10746988722587182,1.092005775472946e-09,0.0,1.0,20.080000000000002,FL,0.3594366408646358,False,False,-1.7698915295434845,-2.5656287871955485,17.247400008375653,False,10.169606641944416,0.0,0.5787563870972213,45.0,90.0,0.10746988722587182,tilt,False
0.004247094749108993,-0.10746988722587182,6.624976600671064e-10,0.0,1.0,20.080000000000002,FR,0.8594366408646358,True,True,-1.7742408185296537,-2.5554842506512916,17.2575713299884,False,10.195591523763513,0.0,0.5807265914598111,45.0,90.0,0.10746988722587182,tilt,False
0.004247094749108993,-0.10746988722587182,1.2300612731549658e-09,0.0,1.0,20.080000000000002,RL,0.8594366408646358,True,True,-2.004110306571886,-2.0506965823339636,17.76350453572474,False,11.47476625713788,0.0,0.7051677922738017,45.0,90.0,0.10746988722587182,tilt,False
0.004247094749108993,-0.10746988722587182,1.0701253575888973e-09,0.0,1.0,20.080000000000002,RR,0.3594366408646358,False,False,-2.0084693970320795,-2.040350735595997,17.773870033099108,False,11.500615572495047,0.0,0.7070865606297247,45.0,90.0,0.10746988722587182,tilt,False
0.004247095152562096,-0.10746988731197582,1.1257771200120502e-09,0.0,1.0,20.1,FL,0.3594366408646358,False,False,-1.7698915308131045,-2.5656287915510334,17.24740000401026,False,10.169606649682214,0.0,0.5787563870273955,45.0,90.0,0.10746988731197582,tilt,False
0.004247095152562096,-0.10746988731197582,6.796490939185412e-10,0.0,1.0,20.1,FR,0.8594366408646358,True,True,-1.7742408169333332,-2.555484249109816,17.257571331534823,False,10.195591510827212,0.0,0.5807265915801607,45.0,90.0,0.10746988731197582,tilt,False
0.004247095152562096,-0.10746988731197582,1.2561116446335343e-09,0.0,1.0,20.1,RL,0.8594366408646358,True,True,-2.004110307185468,-2.0506965809871938,17.763504537071846,False,11.474766272108608,0.0,0.7051677919584705,45.0,90.0,0.10746988731197582,tilt,False
0.004247095152562096,-0.10746988731197582,1.086910508929903e-09,0.0,1.0,20.1,RR,0.3594366408646358,False,False,-2.008469397204858,-2.0403507341296283,17.773870034567484,False,11.500615576895292,0.0,0.7070865608504854,45.0,90.0,0.10746988731197582,tilt,False
0.004247095509195191,-0.10746988742828795,1.1899487196693636e-09,0.0,1.0,20.12,FL,0.3594366408646358,False,False,-1.76989153298426,-2.565628796925078,17.247399998623976,False,10.169606707048903,0.0,0.5787563867799407,45.0,90.0,0.10746988742828795,tilt,False
0.004247095509195191,-0.10746988742828795,7.234922515260125e-10,0.0,1.0,20.12,FR,0.8594366408646358,True,True,-1.774240814100235,-2.555484245490035,17.25757133516401,False,10.195591433941214,0.0,0.580726591867892,45.0,90.0,0.10746988742828795,tilt,False
0.004247095509195191,-0.10746988742828795,1.3029580946902483e-09,0.0,1.0,20.12,RL,0.8594366408646358,True,True,-2.0041103086407657,-2.0506965803766786,17.763504537681534,False,11.474766310854987,0.0,0.7051677915643452,45.0,90.0,0.10746988742828795,tilt,False
0.004247095509195191,-0.10746988742828795,1.1132549934593396e-09,0.0,1.0,20.12,RR,0.3594366408646358,False,False,-2.0084693973701704,-2.0403507325726933,17.773870036126446,False,11.500615576212626,0.0,0.7070865611797318,45.0,90.0,0.10746988742828795,tilt,False
0.00424709590131804,-0.10746988755030798,1.293329726941638e-09,0.0,1.0,20.14,FL,0.3594366408646358,False,False,-1.769891536615352,-2.5656288040412747,17.247399991491356,False,10.16960666291578,0.0,0.5787563860840965,45.0,90.0,0.10746988755030798,tilt,False
0.00424709590131804,-0.10746988755030798,8.106210682536427e-10,0.0,1.0,20.14,FR,0.8594366408646358,True,True,-1.7742408093227198,-2.5554842386943806,17.257571341976345,False,10.195591494793346,0.0,0.5807265925778368,45.0,90.0,0.10746988755030798,tilt,False
0.00424709590131804,-0.10746988755030798,1.3789445130548974e-09,0.0,1.0,20.14,RL,0.8594366408646358,True,True,-2.0041103112996836,-2.0506965810826103,17.763504536972462,False,11.474766274606303,0.0,0.7051677907632523,45.0,90.0,0.10746988755030798,tilt,False
0.00424709590131804,-0.10746988755030798,1.1518838828434287e-09,0.0,1.0,20.14,RR,0.3594366408646358,False,False,-2.008469397492111,-2.0403507309598097,17.773870037741297,False,11.500615574255681,0.0,0.7070865619852884,45.0,90.0,0.10746988755030798,tilt,False
0.004247095645126153,-0.10746988767156006,1.1710004242021499e-09,0.0,1.0,20.16,FL,0.3594366408646358,False,False,-1.7698915363410506,-2.5656288072958104,17.24739998823346,False,10.169606694870115,0.0,0.5787563858917767,45.0,90.0,0.10746988767156006,tilt,False
0.004247095645126153,-0.10746988767156006,7.238934818328643e-10,0.0,1.0,20.16,FR,0.8594366408646358,True,True,-1.7742408100231977,-2.55548423659244,17.25757134407859,False,10.195591454922747,0.0,0.5807265928127412,45.0,90.0,0.10746988767156006,tilt,False
0.004247095645126153,-0.10746988767156006,1.2883398016594797e-09,0.0,1.0,20.16,RL,0.8594366408646358,True,True,-2.0041103105920275,-2.050696578579255,17.763504539480387,False,11.474766291480583,0.0,0.7051677908500673,45.0,90.0,0.10746988767156006,tilt,False
0.004247095645126153,-0.10746988767156006,1.114129647788001e-09,0.0,1.0,20.16,RR,0.3594366408646358,False,False,-2.0084693973496033,-2.040350729298621,17.773870039404695,False,11.5006155733235,0.0,0.7070865618266143,45.0,90.0,0.10746988767156006,tilt,False
0.0042470952877314665,-0.10746988766196801,9.943490400527721e-10,0.0,1.0,20.18,FL,0.3594366408646358,False,False,-1.7698915329037828,-2.5656288068738076,17.247399988661968,False,10.169606602908404,0.0,0.5787563863177057,45.0,90.0,0.10746988766196801,tilt,False
0.0042470952877314665,-0.10746988766196801,6.830829935202992e-10,0.0,1.0,20.18,FR,0.8594366408646358,True,True,-1.7742408152524314,-2.5554842408790983,17.257571339777133,False,10.19559157937631,0.0,0.5807265924660999,45.0,90.0,0.10746988766196801,tilt,False
0.0042470952877314665,-0.10746988766196801,1.1637391733546636e-09,0.0,1.0,20.18,RL,0.8594366408646358,True,True,-2.004110306819254,-2.0506965733946525,17.763504544674525,False,11.474766223528466,0.0,0.7051677914471065,45.0,90.0,0.10746988766196801,tilt,False
0.0042470952877314665,-0.10746988766196801,1.0436876910827325e-09,0.0,1.0,20.18,RR,0.3594366408646358,False,False,-2.0084693969854435,-2.0403507278617705,17.773870040843676,False,11.500615574486439,0.0,0.7070865610519669,45.0,90.0,0.10746988766196801,tilt,False
0.0042470953711127475,-0.10746988766542806,1.0159382838291234e-09,0.0,1.0,20.2,FL,0.3594366408646358,False,False,-1.7698915312099641,-2.565628808094911,17.247399987440797,False,10.169606581746242,0.0,0.5787563867322686,45.0,90.0,0.10746988766542806,tilt,False
0.0042470953711127475,-0.10746988766542806,6.625975029595391e-10,0.0,1.0,20.2,FR,0.8594366408646358,True,True,-1.774240817921817,-2.5554842437630483,17.257571336885253,False,10.195591608390275,0.0,0.5807265921290415,45.0,90.0,0.10746988766542806,tilt,False
0.0042470953711127475,-0.10746988766542806,1.1848606662132038e-09,0.0,1.0,20.2,RL,0.8594366408646358,True,True,-2.004110304632333,-2.0506965696710475,17.763504548403738,False,11.474766199825146,0.0,0.7051677917862087,45.0,90.0,0.10746988766542806,tilt,False
0.0042470953711127475,-0.10746988766542806,1.0547168154834077e-09,0.0,1.0,20.2,RR,0.3594366408646358,False,False,-2.008469396883511,-2.040350726499881,17.77387004220759,False,11.500615573453931,0.0,0.7070865605389777,45.0,90.0,0.10746988766542806,tilt,False
0.004247095820573538,-0.10746988771709101,1.107993599500056e-09,0.0,1.0,20.22,FL,0.3594366408646358,False,False,-1.769891532195051,-2.5656288120659667,17.24739998346069,False,10.169606644718336,0.0,0.5787563867998808,45.0,90.0,0.10746988771709101,tilt,False
0.004247095820573538,-0.10746988771709101,6.789711048148249e-10,0.0,1.0,20.22,FR,0.8594366408646358,True,True,-1.7742408167702173,-2.55548424296324,17.257571337688642,False,10.195591520774197,0.0,0.5807265921183777,45.0,90.0,0.10746988771709101,tilt,False
0.004247095820573538,-0.10746988771709101,1.2540788370010179e-09,0.0,1.0,20.22,RL,0.8594366408646358,True,True,-2.0041103048782127,-2.0506965681416807,17.76350454993372,False,11.474766252379693,0.0,0.7051677916000959,45.0,90.0,0.10746988771709101,tilt,False
0.004247095820573538,-0.10746988771709101,1.0931321525915475e-09,0.0,1.0,20.22,RR,0.3594366408646358,False,False,-2.0084693970109093,-2.0403507250927775,17.77387004361669,False,11.500615577344234,0.0,0.7070865606078082,45.0,90.0,0.10746988771709101,tilt,False
0.00424709622251451,-0.1074698878120437,1.1448197439657585e-09,0.0,1.0,20.240000000000002,FL,0.3594366408646358,False,False,-1.7698915337905907,-2.5656288166760013,17.24739997883997,False,10.169606653442353,0.0,0.5787563866587833,45.0,90.0,0.1074698878120437,tilt,False
0.00424709622251451,-0.1074698878120437,7.011360361097837e-10,0.0,1.0,20.240000000000002,FR,0.8594366408646358,True,True,-1.7742408147439457,-2.5554842408752885,17.25757133978289,False,10.195591506960398,0.0,0.5807265923049328,45.0,90.0,0.1074698878120437,tilt,False
0.00424709622251451,-0.1074698878120437,1.2812413673137152e-09,0.0,1.0,20.240000000000002,RL,0.8594366408646358,True,True,-2.0041103057673455,-2.0506965670356836,17.763504551039627,False,11.47476626770166,0.0,0.7051677912183624,45.0,90.0,0.1074698878120437,tilt,False
0.00424709622251451,-0.1074698878120437,1.1106020615453747e-09,0.0,1.0,20.240000000000002,RR,0.3594366408646358,False,False,-2.0084693971716416,-2.040350723587197,17.773870045124298,False,11.500615581246578,0.0,0.7070865609058561,45.0,90.0,0.1074698878120437,tilt,False
0.004247096562656595,-0.10746988793108574,1.2124912412654843e-09,0.0,1.0,20.26,FL,0.3594366408646358,False,False,-1.7698915362415608,-2.5656288223123402,17.24739997319078,False,10.169606713310579,0.0,0.5787563863349668,45.0,90.0,0.10746988793108574,tilt,False
0.004247096562656595,-0.10746988793108574,7.508752868234049e-10,0.0,1.0,20.26,FR,0.8594366408646358,True,True,-1.774240811581295,-2.5554842366934567,17.25757134397533,False,10.195591427992142,0.0,0.580726592664122,45.0,90.0,0.10746988793108574,tilt,False
0.004247096562656595,-0.10746988793108574,1.3293046120141678e-09,0.0,1.0,20.26,RL,0.8594366408646358,True,True,-2.0041103074070303,-2.050696566623711,17.763504551450513,False,11.47476630661964,0.0,0.7051677907708267,45.0,90.0,0.10746988793108574,tilt,False
0.004247096562656595,-0.10746988793108574,1.1378269135873093e-09,0.0,1.0,20.26,RR,0.3594366408646358,False,False,-2.008469397292524,-2.040350721988646,17.773870046724937,False,11.500615579880874,0.0,0.7070865612988859,45.0,90.0,0.10746988793108574,tilt,False
0.004247096940534927,-0.10746988805205288,1.3201112396277553e-09,0.0,1.0,20.28,FL,0.3594366408646358,False,False,-1.7698915401432487,-2.5656288297525207,17.247399965733536,False,10.169606667925814,0.0,0.5787563855551904,45.0,90.0,0.10746988805205288,tilt,False
0.004247096940534927,-0.10746988805205288,8.449158977696591e-10,0.0,1.0,20.28,FR,0.8594366408646358,True,True,-1.774240806520333,-2.555484229301481,17.2575713513852,False,10.195591489665105,0.0,0.5807265934535948,45.0,90.0,0.10746988805205288,tilt,False
0.004247096940534927,-0.10746988805205288,1.4066494608016716e-09,0.0,1.0,20.28,RL,0.8594366408646358,True,True,-2.0041103101842532,-2.05069656751063,17.763504550560274,False,11.474766270683828,0.0,0.7051677899148268,45.0,90.0,0.10746988805205288,tilt,False
0.004247096940534927,-0.10746988805205288,1.1777412531581759e-09,0.0,1.0,20.28,RR,0.3594366408646358,False,False,-2.008469397345107,-2.0403507203268707,17.77387004838875,False,11.500615578344293,0.0,0.7070865621683354,45.0,90.0,0.10746988805205288,tilt,False
0.0042470964184589885,-0.1074698881437037,1.0767714017535216e-09,0.0,1.0,20.3,FL,0.3594366408646358,False,False,-1.7698915375576816,-2.565628830489039,17.24739996500127,False,10.169606697123154,0.0,0.578756385729174,45.0,90.0,0.1074698881437037,tilt,False
0.0042470964184589885,-0.1074698881437037,7.010347915238891e-10,0.0,1.0,20.3,FR,0.8594366408646358,True,True,-1.7742408103888914,-2.5554842307900643,17.25757134988669,False,10.195591454161633,0.0,0.5807265933417677,45.0,90.0,0.1074698881437037,tilt,False
0.0042470964184589885,-0.1074698881437037,1.2326680553900741e-09,0.0,1.0,20.3,RL,0.8594366408646358,True,True,-2.0041103075413393,-2.0506965631581395,17.76350455492135,False,11.474766284643657,0.0,0.7051677904686824,45.0,90.0,0.1074698881437037,tilt,False
0.0042470964184589885,-0.1074698881437037,1.0951784043606892e-09,0.0,1.0,20.3,RR,0.3594366408646358,False,False,-2.008469397098953,-2.0403507187372916,17.773870049980516,False,11.500615577949194,0.0,0.7070865614851676,45.0,90.0,0.1074698881437037,tilt,False
0.004247096237292387,-0.10746988812616831,1.0041036754848463e-09,0.0,1.0,20.32,FL,0.3594366408646358,False,False,-1.7698915347568942,-2.5656288305934765,17.247399964901017,False,10.169606602635904,0.0,0.5787563861173741,45.0,90.0,0.10746988812616831,tilt,False
0.004247096237292387,-0.10746988812616831,6.823508458159477e-10,0.0,1.0,20.32,FR,0.8594366408646358,True,True,-1.7742408146350572,-2.5554842345641844,17.25757134610046,False,10.195591579376854,0.0,0.5807265930279664,45.0,90.0,0.10746988812616831,tilt,False
0.004247096237292387,-0.10746988812616831,1.1860104242572483e-09,0.0,1.0,20.32,RL,0.8594366408646358,True,True,-2.0041103044131545,-2.0506965586387995,17.763504559448457,False,11.474766217974361,0.0,0.7051677909225109,45.0,90.0,0.10746988812616831,tilt,False
0.004247096237292387,-0.10746988812616831,1.0633536771170195e-09,0.0,1.0,20.32,RR,0.3594366408646358,False,False,-2.0084693968460963,-2.0403507173779136,17.77387005134188,False,11.50061558006745,0.0,0.7070865608616563,45.0,90.0,0.10746988812616831,tilt,False
0.0042470964004942035,-0.10746988814592175,1.028054601297579e-09,0.0,1.0,20.34,FL,0.3594366408646358,False,False,-1.7698915335151653,-2.565628832170534,17.24739996332238,False,10.169606581501158,0.0,0.5787563864820884,45.0,90.0,0.10746988814592175,tilt,False
0.0042470964004942035,-0.10746988814592175,6.68818771095099e-10,0.0,1.0,20.34,FR,0.8594366408646358,True,True,-1.7742408165903125,-2.5554842369231863,17.257571343735457,False,10.195591607869469,0.0,0.5807265927352037,45.0,90.0,0.10746988814592175,tilt,False
0.0042470964004942035,-0.10746988814592175,1.2077510466131884e-09,0.0,1.0,20.34,RL,0.8594366408646358,True,True,-2.0041103027323217,-2.0506965553565224,17.76350456273529,False,11.47476619501351,0.0,0.7051677911636798,45.0,90.0,0.10746988814592175,tilt,False
0.0042470964004942035,-0.10746988814592175,1.0764934431920485e-09,0.0,1.0,20.34,RR,0.3594366408646358,False,False,-2.008469396833464,-2.040350716024011,17.77387005269777,False,11.500615579179538,0.0,0.7070865604580986,45.0,90.0,0.10746988814592175,tilt,False
0.004247096875622321,-0.10746988821074178,1.1258952029140853e-09,0.0,1.0,20.36,FL,0.3594366408646358,False,False,-1.769891534901171,-2.5656288364631905,17.24739995901959,False,10.169606647483084,0.0,0.578756386483132,45.0,90.0,0.10746988821074178,tilt,False
0.004247096875622321,-0.10746988821074178,6.98029796930546e-10,0.0,1.0,20.36,FR,0.8594366408646358,True,True,-1.7742408148875461,-2.5554842355438243,17.257571345120027,False,10.195591517789937,0.0,0.5807265927859258,45.0,90.0,0.10746988821074178,tilt,False
0.004247096875622321,-0.10746988821074178,1.2787533667914568e-09,0.0,1.0,20.36,RL,0.8594366408646358,True,True,-2.0041103033340555,-2.0506965541365956,17.763504563955216,False,11.474766247872271,0.0,0.7051677908981103,45.0,90.0,0.10746988821074178,tilt,False
0.004247096875622321,-0.10746988821074178,1.116516304734941e-09,0.0,1.0,20.36,RR,0.3594366408646358,False,False,-2.008469396974747,-2.0403507145806863,17.773870054143142,False,11.500615582016698,0.0,0.7070865606178752,45.0,90.0,0.10746988821074178,tilt,False
0.004247097270600129,-0.1074698883119739,1.1656877022945062e-09,0.0,1.0,20.38,FL,0.3594366408646358,False,False,-1.769891536818339,-2.5656288413525195,17.24739995411885,False,10.169606657195684,0.0,0.5787563862662609,45.0,90.0,0.1074698883119739,tilt,False
0.004247097270600129,-0.1074698883119739,7.250976394205551e-10,0.0,1.0,20.38,FR,0.8594366408646358,True,True,-1.7742408124546658,-2.5554842328716076,17.257571347799963,False,10.195591503091958,0.0,0.5807265930431943,45.0,90.0,0.1074698883119739,tilt,False
0.004247097270600129,-0.1074698883119739,1.306983157264602e-09,0.0,1.0,20.38,RL,0.8594366408646358,True,True,-2.0041103044679405,-2.0506965532702224,17.763504564821165,False,11.474766263524161,0.0,0.7051677904525758,45.0,90.0,0.1074698883119739,tilt,False
0.004247097270600129,-0.1074698883119739,1.1346654149022325e-09,0.0,1.0,20.38,RR,0.3594366408646358,False,False,-2.008469397107863,-2.040350713035863,17.773870055690075,False,11.500615585417702,0.0,0.707086560990832,45.0,90.0,0.1074698883119739,tilt,False
0.004247097592489032,-0.10746988843208492,1.2368049438497052e-09,0.0,1.0,20.400000000000002,FL,0.3594366408646358,False,False,-1.7698915395469133,-2.565628847283702,17.247399948174163,False,10.169606719598532,0.0,0.5787563858623905,45.0,90.0,0.10746988843208492,tilt,False
0.004247097592489032,-0.10746988843208492,7.80642153138434e-10,0.0,1.0,20.400000000000002,FR,0.8594366408646358,True,True,-1.7742408089742832,-2.5554842280910703,17.257571352592322,False,10.195591421992473,0.0,0.5807265934775026,45.0,90.0,0.10746988843208492,tilt,False
0.004247097592489032,-0.10746988843208492,1.3562585867771974e-09,0.0,1.0,20.400000000000002,RL,0.8594366408646358,True,True,-2.004110306272698,-2.0506965530641965,17.763504565025848,False,11.474766302603914,0.0,0.7051677899531071,45.0,90.0,0.10746988843208492,tilt,False
0.004247097592489032,-0.10746988843208492,1.1627725016417698e-09,0.0,1.0,20.400000000000002,RR,0.3594366408646358,False,False,-2.0084693971750314,-2.0403507113987454,17.773870057329276,False,11.500615583365168,0.0,0.7070865614463536,45.0,90.0,0.10746988843208492,tilt,False
0.0042470979571369635,-0.10746988855093655,1.348750705044142e-09,0.0,1.0,20.42,FL,0.3594366408646358,False,False,-1.7698915437203977,-2.5656288550871404,17.247399940352942,False,10.169606672918997,0.0,0.578756384995603,45.0,90.0,0.10746988855093655,tilt,False
0.0042470979571369635,-0.10746988855093655,8.815289132920811e-10,0.0,1.0,20.42,FR,0.8594366408646358,True,True,-1.7742408036345754,-2.5554842200658268,17.25757136063664,False,10.195591484541605,0.0,0.5807265943495972,45.0,90.0,0.10746988855093655,tilt,False
0.0042470979571369635,-0.10746988855093655,1.43500759290125e-09,0.0,1.0,20.42,RL,0.8594366408646358,True,True,-2.0041103091557564,-2.0506965541438396,17.763504563942682,False,11.474766266930185,0.0,0.7051677890427556,45.0,90.0,0.10746988855093655,tilt,False
0.0042470979571369635,-0.10746988855093655,1.2040418335175907e-09,0.0,1.0,20.42,RR,0.3594366408646358,False,False,-2.0084693971552205,-2.040350709692676,17.77387005903747,False,11.500615582264617,0.0,0.7070865623793501,45.0,90.0,0.10746988855093655,tilt,False
0.00424709722956809,-0.10746988860616165,9.848277834106227e-10,0.0,1.0,20.44,FL,0.3594366408646358,False,False,-1.7698915389163656,-2.5656288533333176,17.247399942118165,False,10.16960669923169,0.0,0.57875638555219,45.0,90.0,0.10746988860616165,tilt,False
0.00424709722956809,-0.10746988860616165,7.128025586419313e-10,0.0,1.0,20.44,FR,0.8594366408646358,True,True,-1.7742408104559557,-2.555484225161785,17.257571355521083,False,10.195591453086166,0.0,0.5807265938738161,45.0,90.0,0.10746988860616165,tilt,False
0.00424709722956809,-0.10746988860616165,1.181102046795085e-09,0.0,1.0,20.44,RL,0.8594366408646358,True,True,-2.0041103047655704,-2.0506965481428727,17.763504569955582,False,11.474766278276189,0.0,0.7051677900407068,45.0,90.0,0.10746988860616165,tilt,False
0.00424709722956809,-0.10746988860616165,1.0734769817878102e-09,0.0,1.0,20.44,RR,0.3594366408646358,False,False,-2.0084693968790006,-2.0403507082482064,17.773870060483965,False,11.500615582542807,0.0,0.7070865611962397,45.0,90.0,0.10746988860616165,tilt,False
0.004247097195577235,-0.10746988859251543,1.0153102912495375e-09,0.0,1.0,20.46,FL,0.3594366408646358,False,False,-1.7698915367139572,-2.5656288539361096,17.24739994151747,False,10.169606602337481,0.0,0.578756385896751,45.0,90.0,0.10746988859251543,tilt,False
0.004247097195577235,-0.10746988859251543,6.84370102773286e-10,0.0,1.0,20.46,FR,0.8594366408646358,True,True,-1.7742408137860037,-2.5554842283830213,17.25757135229025,False,10.195591579282233,0.0,0.5807265935985703,45.0,90.0,0.10746988859251543,tilt,False
0.004247097195577235,-0.10746988859251543,1.2085034967345205e-09,0.0,1.0,20.46,RL,0.8594366408646358,True,True,-2.004110302239185,-2.050696544218692,17.763504573886078,False,11.474766212736764,0.0,0.7051677903628072,45.0,90.0,0.10746988859251543,tilt,False
0.004247097195577235,-0.10746988859251543,1.083883431492513e-09,0.0,1.0,20.46,RR,0.3594366408646358,False,False,-2.0084693967313756,-2.0403507069361346,17.773870061797936,False,11.500615585495632,0.0,0.7070865607142308,45.0,90.0,0.10746988859251543,tilt,False
0.0042470974203583775,-0.10746988862785192,1.0421201942047252e-09,0.0,1.0,20.48,FL,0.3594366408646358,False,False,-1.7698915359093472,-2.565628855865587,17.24739993958505,False,10.169606581290507,0.0,0.5787563862056696,45.0,90.0,0.10746988862785192,tilt,False
0.0042470974203583775,-0.10746988862785192,6.779220196813303e-10,0.0,1.0,20.48,FR,0.8594366408646358,True,True,-1.7742408150793267,-2.555484230179376,17.257571350489748,False,10.195591607323127,0.0,0.5807265933560802,45.0,90.0,0.10746988862785192,tilt,False
0.0042470974203583775,-0.10746988862785192,1.2311513664229759e-09,0.0,1.0,20.48,RL,0.8594366408646358,True,True,-2.0041103010131205,-2.050696541341733,17.76350457676671,False,11.474766190459682,0.0,0.7051677905129979,45.0,90.0,0.10746988862785192,tilt,False
0.0042470974203583775,-0.10746988862785192,1.0987218283928941e-09,0.0,1.0,20.48,RR,0.3594366408646358,False,False,-2.00846939678221,-2.040350705578238,17.773870063157823,False,11.500615584738151,0.0,0.7070865604136901,45.0,90.0,0.10746988862785192,tilt,False
0.004247097911300914,-0.10746988870317647,1.1458064506096374e-09,0.0,1.0,20.5,FL,0.3594366408646358,False,False,-1.7698915376872377,-2.5656288604936246,17.2473999349458,False,10.16960665032569,0.0,0.5787563861349317,45.0,90.0,0.10746988870317647,tilt,False
0.004247097911300914,-0.10746988870317647,7.199938369249824e-10,0.0,1.0,20.5,FR,0.8594366408646358,True,True,-1.774240812859082,-2.555484228185391,17.25757135249053,False,10.19559151471404,0.0,0.5807265934733749,45.0,90.0,0.10746988870317647,tilt,False
0.004247097911300914,-0.10746988870317647,1.3040035355593288e-09,0.0,1.0,20.5,RL,0.8594366408646358,True,True,-2.004110301930737,-2.0506965404153523,17.763504577692544,False,11.474766243620326,0.0,0.7051677901719138,45.0,90.0,0.10746988870317647,tilt,False
0.004247097911300914,-0.10746988870317647,1.140312640003482e-09,0.0,1.0,20.5,RR,0.3594366408646358,False,False,-2.0084693969141947,-2.040350704094005,17.773870064644097,False,11.500615586503473,0.0,0.7070865606605762,45.0,90.0,0.10746988870317647,tilt,False
0.004247098295668063,-0.10746988880850708,1.1884514796772554e-09,0.0,1.0,20.52,FL,0.3594366408646358,False,False,-1.7698915399204027,-2.565628865687803,17.24739992973944,False,10.169606661014635,0.0,0.5787563858382805,45.0,90.0,0.10746988880850708,tilt,False
0.004247098295668063,-0.10746988880850708,7.516921177050329e-10,0.0,1.0,20.52,FR,0.8594366408646358,True,True,-1.7742408100434106,-2.5554842248986,17.25757135578641,False,10.195591499140862,0.0,0.5807265938054004,45.0,90.0,0.10746988880850708,tilt,False
0.004247098295668063,-0.10746988880850708,1.3332881685329203e-09,0.0,1.0,20.52,RL,0.8594366408646358,True,True,-2.0041103032816325,-2.0506965397859775,17.76350457832112,False,11.474766259560807,0.0,0.7051677896648656,45.0,90.0,0.10746988880850708,tilt,False
0.004247098295668063,-0.10746988880850708,1.1591037924618464e-09,0.0,1.0,20.52,RR,0.3594366408646358,False,False,-2.00846939700601,-2.0403507025102408,17.773870066230018,False,11.500615589411757,0.0,0.7070865611061488,45.0,90.0,0.10746988880850708,tilt,False
0.004247098600200876,-0.10746988892818238,1.2628978838803734e-09,0.0,1.0,20.54,FL,0.3594366408646358,False,False,-1.7698915429222342,-2.565628871946963,17.24739992346611,False,10.169606725968155,0.0,0.578756385351514,45.0,90.0,0.10746988892818238,tilt,False
0.004247098600200876,-0.10746988892818238,8.127814201281663e-10,0.0,1.0,20.54,FR,0.8594366408646358,True,True,-1.7742408062612902,-2.555484219491734,17.25757136120635,False,10.195591415886543,0.0,0.5807265943177442,45.0,90.0,0.10746988892818238,tilt,False
0.004247098600200876,-0.10746988892818238,1.383803698019054e-09,0.0,1.0,20.54,RL,0.8594366408646358,True,True,-2.0041103052318987,-2.0506965397911747,17.76350457831431,False,11.474766298783713,0.0,0.70516778911482,45.0,90.0,0.10746988892818238,tilt,False
0.004247098600200876,-0.10746988892818238,1.1881893780322419e-09,0.0,1.0,20.54,RR,0.3594366408646358,False,False,-2.0084693970136986,-2.040350700837364,17.77387006790505,False,11.500615586682407,0.0,0.7070865616227596,45.0,90.0,0.10746988892818238,tilt,False
0.00424709856291815,-0.10746988905042627,1.249502076856565e-09,0.0,1.0,20.56,FL,0.3594366408646358,False,False,-1.7698915444097316,-2.5656288769867337,17.24739991841738,False,10.169606673872352,0.0,0.5787563848276395,45.0,90.0,0.10746988905042627,tilt,False
0.00424709856291815,-0.10746988905042627,8.055990268448642e-10,0.0,1.0,20.56,FR,0.8594366408646358,True,True,-1.7742408045483444,-2.5554842150115573,17.25757136569421,False,10.195591485767546,0.0,0.5807265948646221,45.0,90.0,0.10746988905042627,tilt,False
0.00424709856291815,-0.10746988905042627,1.375570521043469e-09,0.0,1.0,20.56,RL,0.8594366408646358,True,True,-2.0041103059955447,-2.0506965387752443,17.76350457933154,False,11.474766259624431,0.0,0.705167788744035,45.0,90.0,0.10746988905042627,tilt,False
0.00424709856291815,-0.10746988905042627,1.188483837709416e-09,0.0,1.0,20.56,RR,0.3594366408646358,False,False,-2.0084693969100176,-2.0403506991660962,17.77387006957842,False,11.500615586506001,0.0,0.7070865619660661,45.0,90.0,0.10746988905042627,tilt,False
0.004247098076227171,-0.1074698890619066,9.957629716137505e-10,0.0,1.0,20.580000000000002,FL,0.3594366408646358,False,False,-1.7698915404167417,-2.5656288759090193,17.24739991950375,False,10.169606701305861,0.0,0.5787563853514804,45.0,90.0,0.1074698890619066,tilt,False
0.004247098076227171,-0.1074698890619066,7.095996666806083e-10,0.0,1.0,20.580000000000002,FR,0.8594366408646358,True,True,-1.7742408102341227,-2.5554842195354004,17.257571361154138,False,10.195591451716385,0.0,0.5807265944172242,45.0,90.0,0.1074698890619066,tilt,False
0.004247098076227171,-0.1074698890619066,1.2036433758943506e-09,0.0,1.0,20.580000000000002,RL,0.8594366408646358,True,True,-2.00411030224204,-2.050696533588827,17.76350458452779,False,11.474766272288793,0.0,0.7051677895732751,45.0,90.0,0.1074698890619066,tilt,False
0.004247098076227171,-0.1074698890619066,1.0914867325374194e-09,0.0,1.0,20.580000000000002,RR,0.3594366408646358,False,False,-2.0084693966851037,-2.040350697842523,17.773870070903843,False,11.50061558709026,0.0,0.7070865609568349,45.0,90.0,0.1074698890619066,tilt,False
0.004247098165703015,-0.10746988905844994,1.0280011713659085e-09,0.0,1.0,20.6,FL,0.3594366408646358,False,False,-1.7698915387783405,-2.5656288769877085,17.247399918425195,False,10.16960660206271,0.0,0.5787563856470386,45.0,90.0,0.10746988905844994,tilt,False
0.004247098165703015,-0.10746988905844994,6.894296606656651e-10,0.0,1.0,20.6,FR,0.8594366408646358,True,True,-1.774240812715426,-2.555484222172385,17.25757135850991,False,10.195591579092142,0.0,0.5807265941857165,45.0,90.0,0.10746988905844994,tilt,False
0.004247098165703015,-0.10746988905844994,1.2313869454360213e-09,0.0,1.0,20.6,RL,0.8594366408646358,True,True,-2.004110300267238,-2.050696530200059,17.763504587921574,False,11.474766207753683,0.0,0.7051677897737373,45.0,90.0,0.10746988905844994,tilt,False
0.004247098165703015,-0.10746988905844994,1.105235335872145e-09,0.0,1.0,20.6,RR,0.3594366408646358,False,False,-2.008469396627556,-2.0403506965514,17.77387007219684,False,11.500615590806458,0.0,0.7070865606071204,45.0,90.0,0.10746988905844994,tilt,False
0.0042470984378987515,-0.10746988910775436,1.0579859614544924e-09,0.0,1.0,20.62,FL,0.3594366408646358,False,False,-1.7698915383938947,-2.5656288792692097,17.247399916139436,False,10.169606581116346,0.0,0.5787563858953159,45.0,90.0,0.10746988910775436,tilt,False
0.0042470984378987515,-0.10746988910775436,6.900312490620506e-10,0.0,1.0,20.62,FR,0.8594366408646358,True,True,-1.7742408133985879,-2.5554842233798705,17.25757135730005,False,10.195591606722193,0.0,0.5807265939984149,45.0,90.0,0.10746988910775436,tilt,False
0.0042470984378987515,-0.10746988910775436,1.2551136127017582e-09,0.0,1.0,20.62,RL,0.8594366408646358,True,True,-2.004110299447682,-2.0506965276976716,17.76350459042682,False,11.47476618609455,0.0,0.7051677898392082,45.0,90.0,0.10746988910775436,tilt,False
0.0042470984378987515,-0.10746988910775436,1.1214789785578869e-09,0.0,1.0,20.62,RR,0.3594366408646358,False,False,-2.0084693967209013,-2.040350695181034,17.773870073569167,False,11.500615590146175,0.0,0.707086560403467,45.0,90.0,0.10746988910775436,tilt,False
0.004247098937824875,-0.10746988919107713,1.1676227385897567e-09,0.0,1.0,20.64,FL,0.3594366408646358,False,False,-1.769891540556061,-2.5656288842495387,17.247399911146854,False,10.16960665324884,0.0,0.5787563857488974,45.0,90.0,0.10746988919107713,tilt,False
0.004247098937824875,-0.10746988919107713,7.44737472984651e-10,0.0,1.0,20.64,FR,0.8594366408646358,True,True,-1.7742408106954377,-2.5554842207460604,17.25757135994226,False,10.195591511550338,0.0,0.5807265941863642,45.0,90.0,0.10746988919107713,tilt,False
0.004247098937824875,-0.10746988919107713,1.3298734875106218e-09,0.0,1.0,20.64,RL,0.8594366408646358,True,True,-2.0041103006474064,-2.0506965270533466,17.7635045910701,False,11.47476623955272,0.0,0.7051677894261893,45.0,90.0,0.10746988919107713,tilt,False
0.004247098937824875,-0.10746988919107713,1.1645582342935653e-09,0.0,1.0,20.64,RR,0.3594366408646358,False,False,-2.0084693968300122,-2.040350693655827,17.77387007509649,False,11.500615590839004,0.0,0.7070865607338874,45.0,90.0,0.10746988919107713,tilt,False
0.004247099309917018,-0.10746988929864744,1.2130255762391514e-09,0.0,1.0,20.66,FL,0.3594366408646358,False,False,-1.7698915430998663,-2.565628889775483,17.24739990560799,False,10.169606664905077,0.0,0.5787563853696432,45.0,90.0,0.10746988929864744,tilt,False
0.004247099309917018,-0.10746988929864744,7.807664295606568e-10,0.0,1.0,20.66,FR,0.8594366408646358,True,True,-1.774240807518139,-2.5554842168211653,17.257571363877595,False,10.19559149511909,0.0,0.5807265945961586,45.0,90.0,0.10746988929864744,tilt,False
0.004247099309917018,-0.10746988929864744,1.3601931295695914e-09,0.0,1.0,20.66,RL,0.8594366408646358,True,True,-2.004110302191452,-2.050696526658846,17.7635045914635,False,11.47476625575347,0.0,0.7051677888596432,45.0,90.0,0.10746988929864744,tilt,False
0.004247099309917018,-0.10746988929864744,1.1840335184384239e-09,0.0,1.0,20.66,RR,0.3594366408646358,False,False,-2.0084693968737377,-2.0403506920358625,17.77387007671866,False,11.500615593279658,0.0,0.7070865612500047,45.0,90.0,0.10746988929864744,tilt,False
0.0042470995990020535,-0.10746988941673001,1.2907200327838036e-09,0.0,1.0,20.68,FL,0.3594366408646358,False,False,-1.769891546370552,-2.565628896394511,17.247399898974077,False,10.169606732426335,0.0,0.578756384798071,45.0,90.0,0.10746988941673001,tilt,False
0.0042470995990020535,-0.10746988941673001,8.47166564277722e-10,0.0,1.0,20.68,FR,0.8594366408646358,True,True,-1.7742408034468922,-2.5554842107638684,17.257571369949204,False,10.195591409677876,0.0,0.5807265951886142,45.0,90.0,0.10746988941673001,tilt,False
0.0042470995990020535,-0.10746988941673001,1.411958094992219e-09,0.0,1.0,20.68,RL,0.8594366408646358,True,True,-2.0041103042699007,-2.050696526877532,17.763504591242942,False,11.474766295096298,0.0,0.70516778826018,45.0,90.0,0.10746988941673001,tilt,False
0.0042470995990020535,-0.10746988941673001,1.2141588503579487e-09,0.0,1.0,20.68,RR,0.3594366408646358,False,False,-2.0084693968186325,-2.040350690329193,17.773870078427493,False,11.500615589885241,0.0,0.7070865618263866,45.0,90.0,0.10746988941673001,tilt,False
0.0042470992419872495,-0.10746988951963875,1.1504670073690577e-09,0.0,1.0,20.7,FL,0.3594366408646358,False,False,-1.7698915453025938,-2.565628898730493,17.247399896637532,False,10.169606674558816,0.0,0.5787563846360806,45.0,90.0,0.10746988951963875,tilt,False
0.0042470992419872495,-0.10746988951963875,7.542233871069994e-10,0.0,1.0,20.7,FR,0.8594366408646358,True,True,-1.7742408051187006,-2.5554842098595847,17.257571370850485,False,10.19559148653394,0.0,0.5807265953907966,45.0,90.0,0.10746988951963875,tilt,False
0.0042470992419872495,-0.10746988951963875,1.3198504854374383e-09,0.0,1.0,20.7,RL,0.8594366408646358,True,True,-2.004110303083083,-2.050696524004053,17.763504594121894,False,11.47476625285377,0.0,0.7051677883981559,45.0,90.0,0.10746988951963875,tilt,False
0.0042470992419872495,-0.10746988951963875,1.169711996087616e-09,0.0,1.0,20.7,RR,0.3594366408646358,False,False,-2.0084693966773948,-2.0403506887828153,17.773870079975854,False,11.500615590974203,0.0,0.7070865616102849,45.0,90.0,0.10746988951963875,tilt,False
0.004247098962357895,-0.10746988951233172,1.0075555880440133e-09,0.0,1.0,20.72,FL,0.3594366408646358,False,False,-1.769891542056465,-2.5656288982838227,17.24739989709016,False,10.16960670342191,0.0,0.5787563851231684,45.0,90.0,0.10746988951233172,tilt,False
0.004247098962357895,-0.10746988951233172,7.093113702531329e-10,0.0,1.0,20.72,FR,0.8594366408646358,True,True,-1.7742408097427727,-2.5554842137825924,17.257571366914263,False,10.195591450081794,0.0,0.5807265949754795,45.0,90.0,0.10746988951233172,tilt,False
0.004247098962357895,-0.10746988951233172,1.2262808951683585e-09,0.0,1.0,20.72,RL,0.8594366408646358,True,True,-2.004110299950141,-2.0506965195386564,17.763504598595194,False,11.474766266616497,0.0,0.7051677890734627,45.0,90.0,0.10746988951233172,tilt,False
0.004247098962357895,-0.10746988951233172,1.1108926975113838e-09,0.0,1.0,20.72,RR,0.3594366408646358,False,False,-2.0084693965281217,-2.0403506875338873,17.773870081226466,False,11.50061559158969,0.0,0.7070865607628053,45.0,90.0,0.10746988951233172,tilt,False
0.0042470991532746714,-0.10746988952179576,1.042398298058868e-09,0.0,1.0,20.740000000000002,FL,0.3594366408646358,False,False,-1.7698915409541556,-2.5656288998198407,17.24739989555246,False,10.169606601848354,0.0,0.5787563853645795,45.0,90.0,0.10746988952179576,tilt,False
0.0042470991532746714,-0.10746988952179576,6.976890040751254e-10,0.0,1.0,20.740000000000002,FR,0.8594366408646358,True,True,-1.7742408114397694,-2.555484215810502,17.25757136488131,False,10.195591578797371,0.0,0.5807265947929743,45.0,90.0,0.10746988952179576,tilt,False
0.0042470991532746714,-0.10746988952179576,1.2548106393155445e-09,0.0,1.0,20.740000000000002,RL,0.8594366408646358,True,True,-2.00411029847827,-2.0506965166338618,17.763504601503875,False,11.474766202974141,0.0,0.7051677891612274,45.0,90.0,0.10746988952179576,tilt,False
0.0042470991532746714,-0.10746988952179576,1.1273104830563387e-09,0.0,1.0,20.740000000000002,RR,0.3594366408646358,False,False,-2.0084693965409794,-2.0403506862443943,17.773870082517824,False,11.500615596018392,0.0,0.7070865605370731,45.0,90.0,0.10746988952179576,tilt,False
0.00424709945972025,-0.10746988958301859,1.0756595448541992e-09,0.0,1.0,20.76,FL,0.3594366408646358,False,False,-1.769891540974601,-2.565628902453855,17.24739989291303,False,10.169606581017247,0.0,0.5787563855476782,45.0,90.0,0.10746988958301859,tilt,False
0.00424709945972025,-0.10746988958301859,7.051667589507739e-10,0.0,1.0,20.76,FR,0.8594366408646358,True,True,-1.7742408115578416,-2.555484216406435,17.257571364284793,False,10.195591606066921,0.0,0.5807265946655478,45.0,90.0,0.10746988958301859,tilt,False
0.00424709945972025,-0.10746988958301859,1.279672316851088e-09,0.0,1.0,20.76,RL,0.8594366408646358,True,True,-2.004110298021538,-2.0506965144782736,17.76350460366168,False,11.474766181890974,0.0,0.7051677891474312,45.0,90.0,0.10746988958301859,tilt,False
0.00424709945972025,-0.10746988958301859,1.144732718277769e-09,0.0,1.0,20.76,RR,0.3594366408646358,False,False,-2.0084693966538407,-2.0403506848528687,17.773870083911373,False,11.500615595447826,0.0,0.7070865604248275,45.0,90.0,0.10746988958301859,tilt,False
0.004247099962278745,-0.10746988967219578,1.1912349906319152e-09,0.0,1.0,20.78,FL,0.3594366408646358,False,False,-1.7698915435112803,-2.565628907801487,17.247399887552188,False,10.169606656277603,0.0,0.5787563853219136,45.0,90.0,0.10746988967219578,tilt,False
0.004247099962278745,-0.10746988967219578,7.721851187121028e-10,0.0,1.0,20.78,FR,0.8594366408646358,True,True,-1.7742408083989551,-2.5554842131106508,17.257571367590558,False,10.195591508279536,0.0,0.580726594927917,45.0,90.0,0.10746988967219578,tilt,False
0.004247099962278745,-0.10746988967219578,1.3563306191185728e-09,0.0,1.0,20.78,RL,0.8594366408646358,True,True,-2.0041102994717184,-2.0506965141032265,17.763504604035276,False,11.474766235643058,0.0,0.705167788665507,45.0,90.0,0.10746988967219578,tilt,False
0.004247099962278745,-0.10746988967219578,1.1893019518627564e-09,0.0,1.0,20.78,RR,0.3594366408646358,False,False,-2.0084693967240654,-2.0403506832827634,17.773870085483694,False,11.500615595063435,0.0,0.7070865608355359,45.0,90.0,0.10746988967219578,tilt,False
0.004247100320622666,-0.10746988978058941,1.2392826671216096e-09,0.0,1.0,20.8,FL,0.3594366408646358,False,False,-1.769891546358017,-2.5656289136823385,17.247399881657596,False,10.169606668877714,0.0,0.5787563848573711,45.0,90.0,0.10746988978058941,tilt,False
0.004247100320622666,-0.10746988978058941,8.122915032555293e-10,0.0,1.0,20.8,FR,0.8594366408646358,True,True,-1.7742408048776435,-2.5554842085269285,17.257571372186057,False,10.19559149099945,0.0,0.5807265954182258,45.0,90.0,0.10746988978058941,tilt,False
0.004247100320622666,-0.10746988978058941,1.3877144379471829e-09,0.0,1.0,20.8,RL,0.8594366408646358,True,True,-2.0041103011873806,-2.050696513940041,17.76350460419704,False,11.474766252067102,0.0,0.7051677880411407,45.0,90.0,0.10746988978058941,tilt,False
0.004247100320622666,-0.10746988978058941,1.2094921680126335e-09,0.0,1.0,20.8,RR,0.3594366408646358,False,False,-2.008469396711201,-2.0403506816256587,17.773870087143003,False,11.500615597048684,0.0,0.7070865614202392,45.0,90.0,0.10746988978058941,tilt,False
0.004247100596227567,-0.10746988989622822,1.3201119837496842e-09,0.0,1.0,20.82,FL,0.3594366408646358,False,False,-1.7698915498920684,-2.565628920690625,17.24739987463373,False,10.169606738984431,0.0,0.5787563841991009,45.0,90.0,0.10746988989622822,tilt,False
0.004247100596227567,-0.10746988989622822,8.837736236879202e-10,0.0,1.0,20.82,FR,0.8594366408646358,True,True,-1.7742408005273491,-2.555484201798793,17.25757137892982,False,10.195591403341032,0.0,0.5807265960927461,45.0,90.0,0.10746988989622822,tilt,False
0.004247100596227567,-0.10746988989622822,1.4407299275616897e-09,0.0,1.0,20.82,RL,0.8594366408646358,True,True,-2.0041103033795196,-2.0506965143750158,17.763504603759998,False,11.474766291517074,0.0,0.705167787393149,45.0,90.0,0.10746988989622822,tilt,False
0.004247100596227567,-0.10746988989622822,1.2407466460222678e-09,0.0,1.0,20.82,RR,0.3594366408646358,False,False,-2.0084693965889273,-2.04035067988418,17.773870088886728,False,11.500615592996018,0.0,0.7070865620552175,45.0,90.0,0.10746988989622822,tilt,False
0.004247099990169508,-0.1074698899688586,1.053153351111052e-09,0.0,1.0,20.84,FL,0.3594366408646358,False,False,-1.7698915463805962,-2.5656289203551292,17.24739987497655,False,10.169606675114276,0.0,0.578756384417746,45.0,90.0,0.1074698899688586,tilt,False
0.004247099990169508,-0.1074698899688586,7.3311029551969e-10,0.0,1.0,20.84,FR,0.8594366408646358,True,True,-1.7742408053577492,-2.5554842045028803,17.257571376212546,False,10.195591486910041,0.0,0.5807265959306835,45.0,90.0,0.1074698899688586,tilt,False
0.004247099990169508,-0.1074698899688586,1.2671618946819698e-09,0.0,1.0,20.84,RL,0.8594366408646358,True,True,-2.0041103004130103,-2.0506965098437795,17.76350460830018,False,11.474766246515676,0.0,0.7051677880131634,45.0,90.0,0.1074698899688586,tilt,False
0.004247099990169508,-0.1074698899688586,1.1479863585378735e-09,0.0,1.0,20.84,RR,0.3594366408646358,False,False,-2.008469396469391,-2.04035067852882,17.773870090243786,False,11.500615595585613,0.0,0.707086561306841,45.0,90.0,0.1074698899688586,tilt,False
0.004247099886675117,-0.1074698899579942,1.0203951712257232e-09,0.0,1.0,20.86,FL,0.3594366408646358,False,False,-1.7698915438276661,-2.565628920500024,17.247399874835214,False,10.169606705633537,0.0,0.5787563848632524,45.0,90.0,0.1074698899579942,tilt,False
0.004247099886675117,-0.1074698899579942,7.12243405129271e-10,0.0,1.0,20.86,FR,0.8594366408646358,True,True,-1.7742408089918524,-2.555484207802043,17.25757137290302,False,10.19559144818883,0.0,0.5807265955519476,45.0,90.0,0.1074698899579942,tilt,False
0.004247099886675117,-0.1074698899579942,1.249174562193075e-09,0.0,1.0,20.86,RL,0.8594366408646358,True,True,-2.004110297866003,-2.050696506018822,17.763504612131484,False,11.474766261217471,0.0,0.7051677885473763,45.0,90.0,0.1074698899579942,tilt,False
0.004247099886675117,-0.1074698899579942,1.1315059355848634e-09,0.0,1.0,20.86,RR,0.3594366408646358,False,False,-2.00846939639639,-2.0403506773173237,17.77387009145696,False,11.500615596029144,0.0,0.7070865606097382,45.0,90.0,0.1074698899579942,tilt,False
0.004247100159245,-0.10746988998089614,1.0584673431892895e-09,0.0,1.0,20.88,FL,0.3594366408646358,False,False,-1.7698915432373292,-2.565628922480804,17.247399872851076,False,10.169606601722132,0.0,0.5787563850452255,45.0,90.0,0.10746988998089614,tilt,False
0.004247100159245,-0.10746988998089614,7.09284296129882e-10,0.0,1.0,20.88,FR,0.8594366408646358,True,True,-1.7742408099616982,-2.5554842091995504,17.25757137150261,False,10.195591578396332,0.0,0.5807265954236998,45.0,90.0,0.10746988998089614,tilt,False
0.004247100159245,-0.10746988998089614,1.2787588169288504e-09,0.0,1.0,20.88,RL,0.8594366408646358,True,True,-2.0041102968478692,-2.0506965035535507,17.763504614599682,False,11.474766198375537,0.0,0.705167788530017,45.0,90.0,0.10746988998089614,tilt,False
0.004247100159245,-0.10746988998089614,1.1500943306965756e-09,0.0,1.0,20.88,RR,0.3594366408646358,False,False,-2.0084693964569458,-2.0403506760141474,17.773870092762035,False,11.500615601146102,0.0,0.7070865605005224,45.0,90.0,0.10746988998089614,tilt,False
0.00424710048853861,-0.10746989005179247,1.0951252485200058e-09,0.0,1.0,20.900000000000002,FL,0.3594366408646358,False,False,-1.7698915436506237,-2.5656289254739515,17.247399869851403,False,10.169606580995632,0.0,0.5787563851587533,45.0,90.0,0.10746989005179247,tilt,False
0.00424710048853861,-0.10746989005179247,7.23404687030385e-10,0.0,1.0,20.900000000000002,FR,0.8594366408646358,True,True,-1.7742408095550584,-2.5554842091658063,17.25757137153738,False,10.195591605346374,0.0,0.5807265953606368,45.0,90.0,0.10746989005179247,tilt,False
0.00424710048853861,-0.10746989005179247,1.30479758820757e-09,0.0,1.0,20.900000000000002,RL,0.8594366408646358,True,True,-2.0041102967149618,-2.0506965017215926,17.763504616433238,False,11.474766177815962,0.0,0.7051677884414309,45.0,90.0,0.10746989005179247,tilt,False
0.00424710048853861,-0.10746989005179247,1.1685301433438897e-09,0.0,1.0,20.900000000000002,RR,0.3594366408646358,False,False,-2.0084693965705287,-2.040350674596087,17.77387009418217,False,11.500615600663695,0.0,0.7070865604749415,45.0,90.0,0.10746989005179247,tilt,False
0.00424710098878011,-0.10746989014482619,1.2166395731066524e-09,0.0,1.0,20.92,FL,0.3594366408646358,False,False,-1.7698915465546028,-2.5656289312083156,17.247399864102803,False,10.169606659419408,0.0,0.5787563848501476,45.0,90.0,0.10746989014482619,tilt,False
0.00424710098878011,-0.10746989014482619,8.023467546832888e-10,0.0,1.0,20.92,FR,0.8594366408646358,True,True,-1.7742408059666648,-2.5554842051908158,17.257571375523913,False,10.195591504892398,0.0,0.580726595701023,45.0,90.0,0.10746989014482619,tilt,False
0.00424710098878011,-0.10746989014482619,1.383385673168659e-09,0.0,1.0,20.92,RL,0.8594366408646358,True,True,-2.0041102983889627,-2.050696501606445,17.76350461654651,False,11.474766231856297,0.0,0.7051677878929354,45.0,90.0,0.10746989014482619,tilt,False
0.00424710098878011,-0.10746989014482619,1.2146186895601923e-09,0.0,1.0,20.92,RR,0.3594366408646358,False,False,-2.008469396589146,-2.040350672979061,17.77387009580142,False,11.500615599190924,0.0,0.7070865609632274,45.0,90.0,0.10746989014482619,tilt,False
0.004247101332926346,-0.10746989025272198,1.2671822592396282e-09,0.0,1.0,20.94,FL,0.3594366408646358,False,False,-1.7698915496992749,-2.565628937471545,17.24739985782509,False,10.169606672947266,0.0,0.5787563842978402,45.0,90.0,0.10746989025272198,tilt,False
0.004247101332926346,-0.10746989025272198,8.462315903852799e-10,0.0,1.0,20.94,FR,0.8594366408646358,True,True,-1.7742408021177227,-2.5554841999324043,17.25757138079544,False,10.19559148677745,0.0,0.5807265962744791,45.0,90.0,0.10746989025272198,tilt,False
0.004247101332926346,-0.10746989025272198,1.4158166011700165e-09,0.0,1.0,20.94,RL,0.8594366408646358,True,True,-2.004110300257912,-2.0506965016736,17.763504616477682,False,11.474766248471907,0.0,0.7051677872119325,45.0,90.0,0.10746989025272198,tilt,False
0.004247101332926346,-0.10746989025272198,1.2355725729624863e-09,0.0,1.0,20.94,RR,0.3594366408646358,False,False,-2.0084693965134184,-2.0403506712846213,17.77387009749815,False,11.500615600732415,0.0,0.7070865616149692,45.0,90.0,0.10746989025272198,tilt,False
0.004247101597656109,-0.10746989036511014,1.3511759903430074e-09,0.0,1.0,20.96,FL,0.3594366408646358,False,False,-1.7698915534938089,-2.5656289449011647,17.247399850379065,False,10.169606745661927,0.0,0.5787563835513114,45.0,90.0,0.10746989036511014,tilt,False
0.004247101597656109,-0.10746989036511014,9.225080825687047e-10,0.0,1.0,20.96,FR,0.8594366408646358,True,True,-1.7742407974999548,-2.555484192517193,17.25757138822756,False,10.19559139687402,0.0,0.5807265970328549,45.0,90.0,0.10746989036511014,tilt,False
0.004247101597656109,-0.10746989036511014,1.470121979335486e-09,0.0,1.0,20.96,RL,0.8594366408646358,True,True,-2.004110302551411,-2.0506965023277153,17.76350461582122,False,11.474766288011999,0.0,0.705167786516022,45.0,90.0,0.10746989036511014,tilt,False
0.004247101597656109,-0.10746989036511014,1.2680064006755997e-09,0.0,1.0,20.96,RR,0.3594366408646358,False,False,-2.008469396324892,-2.040350669510093,17.773870099274923,False,11.50061559603416,0.0,0.7070865623076058,45.0,90.0,0.10746989036511014,tilt,False
0.004247100803003837,-0.10746989040378092,9.603642667564478e-10,0.0,1.0,20.98,FL,0.3594366408646358,False,False,-1.7698915476385553,-2.5656289419046034,17.2473998533905,False,10.169606675649643,0.0,0.5787563841693574,45.0,90.0,0.10746989040378092,tilt,False
0.004247100803003837,-0.10746989040378092,7.45805578474259e-10,0.0,1.0,20.98,FR,0.8594366408646358,True,True,-1.7742408052854388,-2.555484198867836,17.25757138185405,False,10.195591486952546,0.0,0.5807265964872148,45.0,90.0,0.10746989040378092,tilt,False
0.004247100803003837,-0.10746989040378092,1.2172049972927388e-09,0.0,1.0,20.98,RL,0.8594366408646358,True,True,-2.0041102979729555,-2.0506964963057026,17.76350462185524,False,11.474766240523698,0.0,0.7051677875952043,45.0,90.0,0.10746989040378092,tilt,False
0.004247100803003837,-0.10746989040378092,1.1234819352054375e-09,0.0,1.0,20.98,RR,0.3594366408646358,False,False,-2.0084693962958875,-2.040350668401445,17.77387010038495,False,11.500615600267688,0.0,0.7070865610511028,45.0,90.0,0.10746989040378092,tilt,False
0.004247100847853049,-0.1074698903979916,1.0347091869203856e-09,0.0,1.0,21.0,FL,0.3594366408646358,False,False,-1.7698915457369686,-2.5656289426102297,17.247399852686154,False,10.169606707991836,0.0,0.5787563845685547,45.0,90.0,0.1074698903979916,tilt,False
0.004247100847853049,-0.1074698903979916,7.185629556012112e-10,0.0,1.0,21.0,FR,0.8594366408646358,True,True,-1.7742408080030705,-2.555484201526025,17.25757137918813,False,10.19559144605554,0.0,0.5807265961499566,45.0,90.0,0.1074698903979916,tilt,False
0.004247100847853049,-0.1074698903979916,1.2725062476561573e-09,0.0,1.0,21.0,RL,0.8594366408646358,True,True,-2.0041102959716675,-2.0506964930525373,17.76350462511337,False,11.474766256053362,0.0,0.7051677879996711,45.0,90.0,0.1074698903979916,tilt,False
0.004247100847853049,-0.1074698903979916,1.153108368311028e-09,0.0,1.0,21.0,RR,0.3594366408646358,False,False,-2.0084693962943714,-2.0403506672045104,17.773870101583555,False,11.50061560040121,0.0,0.7070865604941533,45.0,90.0,0.1074698903979916,tilt,False
0.004247101184712916,-0.1074698904335119,1.0764378409463053e-09,0.0,1.0,21.02,FL,0.3594366408646358,False,False,-1.7698915456386792,-2.5656289450270915,17.247399850264372,False,10.169606601700773,0.0,0.5787563846863952,45.0,90.0,0.1074698904335119,tilt,False
0.004247101184712916,-0.1074698904335119,7.241428074911103e-10,0.0,1.0,21.02,FR,0.8594366408646358,True,True,-1.7742408083014674,-2.555484202276692,17.257571378436584,False,10.19559157788354,0.0,0.5807265960810446,45.0,90.0,0.1074698904335119,tilt,False
0.004247101184712916,-0.1074698904335119,1.30337400402e-09,0.0,1.0,21.02,RL,0.8594366408646358,True,True,-2.0041102953646526,-2.0506964909891465,17.76350462717882,False,11.474766193916867,0.0,0.7051677878839001,45.0,90.0,0.1074698904335119,tilt,False
0.004247101184712916,-0.1074698904335119,1.17348610880968e-09,0.0,1.0,21.02,RR,0.3594366408646358,False,False,-2.008469396385479,-2.0403506658803265,17.77387010290969,False,11.500615606174968,0.0,0.7070865604950182,45.0,90.0,0.1074698904335119,tilt,False
0.004247101527258797,-0.10746989051197185,1.116537238036935e-09,0.0,1.0,21.04,FL,0.3594366408646358,False,False,-1.7698915464328806,-2.565628948385697,17.247399846898144,False,10.16960658105593,0.0,0.5787563847267169,45.0,90.0,0.10746989051197185,tilt,False
0.004247101527258797,-0.10746989051197185,7.445784610708432e-10,0.0,1.0,21.04,FR,0.8594366408646358,True,True,-1.7742408074078106,-2.5554842015969825,17.257571379118936,False,10.195591604559699,0.0,0.580726596086408,45.0,90.0,0.10746989051197185,tilt,False
0.004247101527258797,-0.10746989051197185,1.3306306368631065e-09,0.0,1.0,21.04,RL,0.8594366408646358,True,True,-2.0041102955233594,-2.0506964894598454,17.76350462870917,False,11.474766173837708,0.0,0.7051677877245378,45.0,90.0,0.10746989051197185,tilt,False
0.004247101527258797,-0.10746989051197185,1.1928428391927507e-09,0.0,1.0,21.04,RR,0.3594366408646358,False,False,-2.0084693964866305,-2.0403506644348575,17.77387010435723,False,11.5006156057836,0.0,0.7070865605521435,45.0,90.0,0.10746989051197185,tilt,False
0.004247102021530679,-0.10746989060728707,1.2440264690327666e-09,0.0,1.0,21.06,FL,0.3594366408646358,False,False,-1.7698915496982235,-2.5656289545263817,17.247399840742304,False,10.169606662675816,0.0,0.578756384332523,45.0,90.0,0.10746989060728707,tilt,False
0.004247102021530679,-0.10746989060728707,8.349729927421488e-10,0.0,1.0,21.06,FR,0.8594366408646358,True,True,-1.7742408034102444,-2.555484196923332,17.257571383805654,False,10.195591501393004,0.0,0.5807265965079718,45.0,90.0,0.10746989060728707,tilt,False
0.004247102021530679,-0.10746989060728707,1.4111398752505411e-09,0.0,1.0,21.06,RL,0.8594366408646358,True,True,-2.0041102973978875,-2.050696489594158,17.76350462857266,False,11.474766228167091,0.0,0.7051677871114241,45.0,90.0,0.10746989060728707,tilt,False
0.004247102021530679,-0.10746989060728707,1.240480574246127e-09,0.0,1.0,21.06,RR,0.3594366408646358,False,False,-2.008469396445358,-2.0403506627719414,17.773870106022468,False,11.500615603242556,0.0,0.7070865611160322,45.0,90.0,0.10746989060728707,tilt,False
0.004247102351836015,-0.10746989071376199,1.2969918546940728e-09,0.0,1.0,21.080000000000002,FL,0.3594366408646358,False,False,-1.7698915531354635,-2.565628961196841,17.2473998340565,False,10.169606677120264,0.0,0.5787563836904674,45.0,90.0,0.10746989071376199,tilt,False
0.004247102351836015,-0.10746989071376199,8.823899360954602e-10,0.0,1.0,21.080000000000002,FR,0.8594366408646358,True,True,-1.7742407992462974,-2.5554841909701427,17.257571389773318,False,10.195591482453274,0.0,0.5807265971668649,45.0,90.0,0.10746989071376199,tilt,False
0.004247102351836015,-0.10746989071376199,1.4446312780594673e-09,0.0,1.0,21.080000000000002,RL,0.8594366408646358,True,True,-2.004110299403481,-2.0506964898859907,17.763504628278824,False,11.47476624494576,0.0,0.7051677863746532,45.0,90.0,0.10746989071376199,tilt,False
0.004247102351836015,-0.10746989071376199,1.262266292068887e-09,0.0,1.0,21.080000000000002,RR,0.3594366408646358,False,False,-2.00846939630156,-2.040350661039518,17.773870107757162,False,11.500615604367642,0.0,0.7070865618337756,45.0,90.0,0.10746989071376199,tilt,False
0.004247102233976658,-0.10746989081982987,1.2461333266062755e-09,0.0,1.0,21.1,FL,0.3594366408646358,False,False,-1.7698915541011773,-2.565628965718207,17.24739982952799,False,10.169606747794505,0.0,0.578756383305695,45.0,90.0,0.10746989081982987,tilt,False
0.004247102233976658,-0.10746989081982987,8.448953023637489e-10,0.0,1.0,21.1,FR,0.8594366408646358,True,True,-1.774240798251274,-2.555484187162442,17.25757139358653,False,10.19559139658678,0.0,0.5807265975785785,45.0,90.0,0.10746989081982987,tilt,False
0.004247102233976658,-0.10746989081982987,1.4145725066340276e-09,0.0,1.0,21.1,RL,0.8594366408646358,True,True,-2.0041102997341436,-2.050696488641986,17.76350462952483,False,11.474766281528062,0.0,0.7051677862378706,45.0,90.0,0.10746989081982987,tilt,False
0.004247102233976658,-0.10746989081982987,1.2499220488353322e-09,0.0,1.0,21.1,RR,0.3594366408646358,False,False,-2.0084693961480022,-2.040350659438809,17.7738701093599,False,11.50061560007463,0.0,0.7070865619227106,45.0,90.0,0.10746989081982987,tilt,False
0.004247101676159554,-0.10746989082819587,9.719987877983955e-10,0.0,1.0,21.12,FL,0.3594366408646358,False,False,-1.769891549072318,-2.5656289634032223,17.247399831854977,False,10.169606676228021,0.0,0.5787563838896115,45.0,90.0,0.10746989082819587,tilt,False
0.004247101676159554,-0.10746989082819587,7.419652808454333e-10,0.0,1.0,21.12,FR,0.8594366408646358,True,True,-1.774240804918583,-2.555484192879119,17.257571387850337,False,10.195591486693555,0.0,0.5807265970627827,45.0,90.0,0.10746989082819587,tilt,False
0.004247101676159554,-0.10746989082819587,1.2395453215623965e-09,0.0,1.0,21.12,RL,0.8594366408646358,True,True,-2.0041102957510453,-2.05069648338152,17.76350463479534,False,11.474766234819628,0.0,0.7051677871497415,45.0,90.0,0.10746989082819587,tilt,False
0.004247101676159554,-0.10746989082819587,1.1423085798199543e-09,0.0,1.0,21.12,RR,0.3594366408646358,False,False,-2.0084693961640516,-2.0403506584035815,17.773870110396384,False,11.500615604999302,0.0,0.7070865608402362,45.0,90.0,0.10746989082819587,tilt,False
0.004247101844076897,-0.10746989083202664,1.0506965652044118e-09,0.0,1.0,21.14,FL,0.3594366408646358,False,False,-1.769891547784612,-2.565628964643827,17.247399830613542,False,10.169606710523114,0.0,0.578756384237101,45.0,90.0,0.10746989083202664,tilt,False
0.004247101844076897,-0.10746989083202664,7.283800253905983e-10,0.0,1.0,21.14,FR,0.8594366408646358,True,True,-1.7742408067844064,-2.555484194877243,17.25757138584698,False,10.195591443671645,0.0,0.5807265967723697,45.0,90.0,0.10746989083202664,tilt,False
0.004247101844076897,-0.10746989083202664,1.296442507725314e-09,0.0,1.0,21.14,RL,0.8594366408646358,True,True,-2.004110294250589,-2.050696480640768,17.763504637539874,False,11.47476625110329,0.0,0.7051677874341215,45.0,90.0,0.10746989083202664,tilt,False
0.004247101844076897,-0.10746989083202664,1.1756476429495013e-09,0.0,1.0,21.14,RR,0.3594366408646358,False,False,-2.008469396214782,-2.040350657197411,17.773870111604285,False,11.500615604712026,0.0,0.7070865604142634,45.0,90.0,0.10746989083202664,tilt,False
0.0042471022296249935,-0.10746989087876307,1.0962766183732682e-09,0.0,1.0,21.16,FL,0.3594366408646358,False,False,-1.7698915481577335,-2.5656289674924198,17.247399827758592,False,10.169606601797,0.0,0.5787563842857252,45.0,90.0,0.10746989087876307,tilt,False
0.0042471022296249935,-0.10746989087876307,7.423035373615382e-10,0.0,1.0,21.16,FR,0.8594366408646358,True,True,-1.7742408064572586,-2.5554841949647007,17.25757138576056,False,10.19559157724511,0.0,0.5807265967679285,45.0,90.0,0.10746989087876307,tilt,False
0.0042471022296249935,-0.10746989087876307,1.32863349543494e-09,0.0,1.0,21.16,RL,0.8594366408646358,True,True,-2.004110294011957,-2.050696478944774,17.763504639237205,False,11.47476618958964,0.0,0.7051677872254543,45.0,90.0,0.10746989087876307,tilt,False
0.0042471022296249935,-0.10746989087876307,1.197544415934084e-09,0.0,1.0,21.16,RR,0.3594366408646358,False,False,-2.0084693963116247,-2.040350655840125,17.77387011296359,False,11.500615611147692,0.0,0.7070865605194536,45.0,90.0,0.10746989087876307,tilt,False
0.004247102577172278,-0.10746989096287493,1.1396780059724239e-09,0.0,1.0,21.18,FL,0.3594366408646358,False,False,-1.7698915493184129,-2.565628971226187,17.247399824016203,False,10.16960658121674,0.0,0.5787563842488024,45.0,90.0,0.10746989096287493,tilt,False
0.004247102577172278,-0.10746989096287493,7.687107039311516e-10,0.0,1.0,21.18,FR,0.8594366408646358,True,True,-1.7742408051070468,-2.5554841936245647,17.25757138710493,False,10.195591603673906,0.0,0.5807265968457662,45.0,90.0,0.10746989096287493,tilt,False
0.004247102577172278,-0.10746989096287493,1.3570892916437517e-09,0.0,1.0,21.18,RL,0.8594366408646358,True,True,-2.004110294430872,-2.05069647770122,17.763504640481333,False,11.47476616993573,0.0,0.705167786998493,45.0,90.0,0.10746989096287493,tilt,False
0.004247102577172278,-0.10746989096287493,1.2177384476644306e-09,0.0,1.0,21.18,RR,0.3594366408646358,False,False,-2.0084693963822313,-2.0403506543608882,17.773870114444943,False,11.500615610850241,0.0,0.7070865606556486,45.0,90.0,0.10746989096287493,tilt,False
0.004247103062782433,-0.10746989105912247,1.2730466903651713e-09,0.0,1.0,21.2,FL,0.3594366408646358,False,False,-1.7698915529349644,-2.565628977792472,17.2473998174338,False,10.169606666065668,0.0,0.5787563837660072,45.0,90.0,0.10746989105912247,tilt,False
0.004247103062782433,-0.10746989105912247,8.700322828963707e-10,0.0,1.0,21.2,FR,0.8594366408646358,True,True,-1.7742408007214578,-2.5554841882402464,17.25757139250382,False,10.19559149775603,0.0,0.5807265973515545,45.0,90.0,0.10746989105912247,tilt,False
0.004247103062782433,-0.10746989105912247,1.439530331734081e-09,0.0,1.0,21.2,RL,0.8594366408646358,True,True,-2.0041102964859814,-2.050696478079216,17.76350464010081,False,11.474766224553338,0.0,0.7051677863223974,45.0,90.0,0.10746989105912247,tilt,False
0.004247103062782433,-0.10746989105912247,1.26698665729245e-09,0.0,1.0,21.2,RR,0.3594366408646358,False,False,-2.008469396272146,-2.040350652649018,17.773870116159205,False,11.500615607233447,0.0,0.7070865612930342,45.0,90.0,0.10746989105912247,tilt,False
0.004247103380423489,-0.10746989116332767,1.3283296175737106e-09,0.0,1.0,21.22,FL,0.3594366408646358,False,False,-1.7698915566580418,-2.5656289848963385,17.24739981031374,False,10.169606681402072,0.0,0.5787563830322408,45.0,90.0,0.10746989116332767,tilt,False
0.004247103380423489,-0.10746989116332767,9.207035169267866e-10,0.0,1.0,21.22,FR,0.8594366408646358,True,True,-1.7742407962561755,-2.5554841815815035,17.257571399178374,False,10.19559147800984,0.0,0.5807265980979663,45.0,90.0,0.10746989116332767,tilt,False
0.004247103380423489,-0.10746989116332767,1.474085674607071e-09,0.0,1.0,21.22,RL,0.8594366408646358,True,True,-2.0041102986134636,-2.0506964785960773,17.76350463958168,False,11.474766241465524,0.0,0.7051677855305899,45.0,90.0,0.10746989116332767,tilt,False
0.004247103380423489,-0.10746989116332767,1.289654329027975e-09,0.0,1.0,21.22,RR,0.3594366408646358,False,False,-2.008469396057977,-2.0403506508782296,17.773870117932304,False,11.500615607955844,0.0,0.7070865620756152,45.0,90.0,0.10746989116332767,tilt,False
0.004247102749745976,-0.10746989122151543,1.0207214884495742e-09,0.0,1.0,21.240000000000002,FL,0.3594366408646358,False,False,-1.7698915524013286,-2.5656289835307815,17.247399811689153,False,10.169606745364412,0.0,0.5787563834913043,45.0,90.0,0.10746989122151543,tilt,False
0.004247102749745976,-0.10746989122151543,7.507481807477372e-10,0.0,1.0,21.240000000000002,FR,0.8594366408646358,True,True,-1.7742408018298177,-2.55548418557848,17.25757139516541,False,10.195591401221389,0.0,0.5807265976998102,45.0,90.0,0.10746989122151543,tilt,False
0.004247102749745976,-0.10746989122151543,1.283022268471649e-09,0.0,1.0,21.240000000000002,RL,0.8594366408646358,True,True,-2.0041102954222874,-2.0506964739219513,17.76350464426499,False,11.474766272857629,0.0,0.7051677864230893,45.0,90.0,0.10746989122151543,tilt,False
0.004247102749745976,-0.10746989122151543,1.1790705587384447e-09,0.0,1.0,21.240000000000002,RR,0.3594366408646358,False,False,-2.0084693960967166,-2.0403506497514052,17.773870119060447,False,11.500615605276884,0.0,0.7070865610345449,45.0,90.0,0.10746989122151543,tilt,False
0.004247102561218916,-0.1074698912213463,9.781855304150507e-10,0.0,1.0,21.26,FL,0.3594366408646358,False,False,-1.7698915488813944,-2.565628982285701,17.24739981294116,False,10.169606673270215,0.0,0.5787563840431397,45.0,90.0,0.1074698912213463,tilt,False
0.004247102561218916,-0.1074698912213463,7.304587298697153e-10,0.0,1.0,21.26,FR,0.8594366408646358,True,True,-1.7742408064885389,-2.5554841904469603,17.257571390282667,False,10.195591490133838,0.0,0.5807265972124017,45.0,90.0,0.1074698912213463,tilt,False
0.004247102561218916,-0.1074698912213463,1.2586377794214578e-09,0.0,1.0,21.26,RL,0.8594366408646358,True,True,-2.00411029252039,-2.0506964697141785,17.76350464847987,False,11.474766227756017,0.0,0.7051677870415614,45.0,90.0,0.1074698912213463,tilt,False
0.004247102561218916,-0.1074698912213463,1.1589712103341243e-09,0.0,1.0,21.26,RR,0.3594366408646358,False,False,-2.0084693961902116,-2.0403506487115357,17.773870120101716,False,11.500615610491193,0.0,0.7070865602519637,45.0,90.0,0.1074698912213463,tilt,False
0.004247102877918667,-0.10746989125264977,1.064470359835251e-09,0.0,1.0,21.28,FL,0.3594366408646358,False,False,-1.7698915486935376,-2.5656289842822986,17.24739981094038,False,10.16960671046797,0.0,0.5787563843205124,45.0,90.0,0.10746989125264977,tilt,False
0.004247102877918667,-0.10746989125264977,7.360320057907503e-10,0.0,1.0,21.28,FR,0.8594366408646358,True,True,-1.77424080688552,-2.555484191606578,17.257571389121466,False,10.195591443996815,0.0,0.5807265969877334,45.0,90.0,0.10746989125264977,tilt,False
0.004247102877918667,-0.10746989125264977,1.3174756613087697e-09,0.0,1.0,21.28,RL,0.8594366408646358,True,True,-2.004110291886147,-2.0506964676184314,17.763504650577744,False,11.474766245565224,0.0,0.7051677871197334,45.0,90.0,0.10746989125264977,tilt,False
0.004247102877918667,-0.10746989125264977,1.1963806562979608e-09,0.0,1.0,21.28,RR,0.3594366408646358,False,False,-2.0084693962753484,-2.0403506474232573,17.77387012139188,False,11.50061560926686,0.0,0.7070865600437983,45.0,90.0,0.10746989125264977,tilt,False
0.004247103274163045,-0.10746989132257155,1.1164436116250741e-09,0.0,1.0,21.3,FL,0.3594366408646358,False,False,-1.7698915498939247,-2.565628987682013,17.247399807532233,False,10.169606600144794,0.0,0.5787563842665782,45.0,90.0,0.10746989132257155,tilt,False
0.004247103274163045,-0.10746989132257155,7.61449565907474e-10,0.0,1.0,21.3,FR,0.8594366408646358,True,True,-1.7742408054986711,-2.5554841908679675,17.257571389863816,False,10.195591578452127,0.0,0.5807265970813617,45.0,90.0,0.10746989132257155,tilt,False
0.004247103274163045,-0.10746989132257155,1.351198285411069e-09,0.0,1.0,21.3,RL,0.8594366408646358,True,True,-2.0041102922886203,-2.0506964663269436,17.763504651869674,False,11.474766185345583,0.0,0.705167786756464,45.0,90.0,0.10746989132257155,tilt,False
0.004247103274163045,-0.10746989132257155,1.2195514111173246e-09,0.0,1.0,21.3,RR,0.3594366408646358,False,False,-2.0084693963258875,-2.0403506459712903,17.77387012284597,False,11.500615615905813,0.0,0.7070865603161899,45.0,90.0,0.10746989132257155,tilt,False
0.004247103557124281,-0.10746989142016629,1.1650173116157056e-09,0.0,1.0,21.32,FL,0.3594366408646358,False,False,-1.7698915516854257,-2.565628991854887,17.247399803349477,False,10.169606580281934,0.0,0.5787563841102495,45.0,90.0,0.10746989142016629,tilt,False
0.004247103557124281,-0.10746989142016629,7.958488065185451e-10,0.0,1.0,21.32,FR,0.8594366408646358,True,True,-1.774240803380591,-2.5554841887155746,17.257571392022506,False,10.19559160396537,0.0,0.5807265972738168,45.0,90.0,0.10746989142016629,tilt,False
0.004247103557124281,-0.10746989142016629,1.3809202990868115e-09,0.0,1.0,21.32,RL,0.8594366408646358,True,True,-2.004110293171213,-2.05069646535249,17.763504652844293,False,11.474766166634026,0.0,0.7051677864154016,45.0,90.0,0.10746989142016629,tilt,False
0.004247103557124281,-0.10746989142016629,1.2402612775480008e-09,0.0,1.0,21.32,RR,0.3594366408646358,False,False,-2.0084693962979414,-2.040350644409609,17.77387012440983,False,11.500615615301845,0.0,0.7070865605794401,45.0,90.0,0.10746989142016629,tilt,False
0.0042471039562074165,-0.10746989152261131,1.3055945187670915e-09,0.0,1.0,21.34,FL,0.3594366408646358,False,False,-1.769891555848918,-2.565628998886245,17.247399796300975,False,10.169606668863539,0.0,0.5787563834926525,45.0,90.0,0.10746989152261131,tilt,False
0.0042471039562074165,-0.10746989152261131,9.096414340376751e-10,0.0,1.0,21.34,FR,0.8594366408646358,True,True,-1.7742407983791821,-2.5554841824746917,17.25757139827978,False,10.195591494721056,0.0,0.5807265979096667,45.0,90.0,0.10746989152261131,tilt,False
0.0042471039562074165,-0.10746989152261131,1.465487594256639e-09,0.0,1.0,21.34,RL,0.8594366408646358,True,True,-2.0041102955589105,-2.0506964659356663,17.763504652258398,False,11.47476622191887,0.0,0.7051677856390844,45.0,90.0,0.10746989152261131,tilt,False
0.0042471039562074165,-0.10746989152261131,1.290955696492452e-09,0.0,1.0,21.34,RR,0.3594366408646358,False,False,-2.0084693960480267,-2.0403506426115436,17.773870126210365,False,11.500615610300907,0.0,0.7070865613292248,45.0,90.0,0.10746989152261131,tilt,False
0.0042471039364625745,-0.10746989163375101,1.28114777049794e-09,0.0,1.0,21.36,FL,0.3594366408646358,False,False,-1.7698915580408001,-2.565629004368953,17.24739979080763,False,10.169606681770967,0.0,0.5787563829365843,45.0,90.0,0.10746989163375101,tilt,False
0.0042471039364625745,-0.10746989163375101,8.919874606354899e-10,0.0,1.0,21.36,FR,0.8594366408646358,True,True,-1.7742407958597668,-2.5554841775412562,17.257571403222787,False,10.195591480877182,0.0,0.5807265984858406,45.0,90.0,0.10746989163375101,tilt,False
0.0042471039364625745,-0.10746989163375101,1.4520617373730799e-09,0.0,1.0,21.36,RL,0.8594366408646358,True,True,-2.004110296714882,-2.0506964653695428,17.76350465282492,False,11.474766222881712,0.0,0.7051677852175012,45.0,90.0,0.10746989163375101,tilt,False
0.0042471039364625745,-0.10746989163375101,1.2875851552406931e-09,0.0,1.0,21.36,RR,0.3594366408646358,False,False,-2.0084693958057827,-2.0403506409289798,17.773870127894966,False,11.500615607679245,0.0,0.7070865617190009,45.0,90.0,0.10746989163375101,tilt,False
0.00424710332624179,-0.1074698916579358,9.93133787646578e-10,0.0,1.0,21.38,FL,0.3594366408646358,False,False,-1.769891553479161,-2.5656290023382198,17.247399792849517,False,10.16960674743653,0.0,0.5787563834487792,45.0,90.0,0.1074698916579358,tilt,False
0.00424710332624179,-0.1074698916579358,7.544341446569153e-10,0.0,1.0,21.38,FR,0.8594366408646358,True,True,-1.7742408017880074,-2.5554841825032697,17.257571398243183,False,10.195591399831256,0.0,0.5807265980351083,45.0,90.0,0.1074698916579358,tilt,False
0.00424710332624179,-0.1074698916579358,1.2734083154058176e-09,0.0,1.0,21.38,RL,0.8594366408646358,True,True,-2.0041102933273867,-2.0506964605505225,17.763504657653176,False,11.474766268489457,0.0,0.7051677860910877,45.0,90.0,0.1074698916579358,tilt,False
0.00424710332624179,-0.1074698916579358,1.1763933486869287e-09,0.0,1.0,21.38,RR,0.3594366408646358,False,False,-2.0084693958536195,-2.040350639936961,17.77387012888808,False,11.500615608224189,0.0,0.7070865606894332,45.0,90.0,0.1074698916579358,tilt,False
0.00424710323161979,-0.1074698916653251,9.950763741555463e-10,0.0,1.0,21.400000000000002,FL,0.3594366408646358,False,False,-1.7698915506743766,-2.5656290016509673,17.247399793541575,False,10.16960667425091,0.0,0.5787563839135639,45.0,90.0,0.1074698916653251,tilt,False
0.00424710323161979,-0.1074698916653251,7.356995393820641e-10,0.0,1.0,21.400000000000002,FR,0.8594366408646358,True,True,-1.7742408054821217,-2.555484186613069,17.25757139412183,False,10.195591489052415,0.0,0.5807265976290824,45.0,90.0,0.1074698916653251,tilt,False
0.00424710323161979,-0.1074698916653251,1.2792096179094473e-09,0.0,1.0,21.400000000000002,RL,0.8594366408646358,True,True,-2.004110290989014,-2.0506964568546455,17.763504661355004,False,11.47476622409829,0.0,0.7051677865595971,45.0,90.0,0.1074698916653251,tilt,False
0.00424710323161979,-0.1074698916653251,1.1779303828608665e-09,0.0,1.0,21.400000000000002,RR,0.3594366408646358,False,False,-2.008469395962102,-2.0403506388899753,17.773870129936473,False,11.50061561389169,0.0,0.7070865600694506,45.0,90.0,0.1074698916653251,tilt,False
0.0042471035843584465,-0.10746989170773202,1.0873010159450634e-09,0.0,1.0,21.42,FL,0.3594366408646358,False,False,-1.7698915510515958,-2.565629004149302,17.247399791037417,False,10.169606713583928,0.0,0.5787563840910583,45.0,90.0,0.10746989170773202,tilt,False
0.0042471035843584465,-0.10746989170773202,7.557949350495594e-10,0.0,1.0,21.42,FR,0.8594366408646358,True,True,-1.7742408051558827,-2.555484186987436,17.257571393748048,False,10.195591440870544,0.0,0.580726597498714,45.0,90.0,0.10746989170773202,tilt,False
0.0042471035843584465,-0.10746989170773202,1.34054878737083e-09,0.0,1.0,21.42,RL,0.8594366408646358,True,True,-2.0041102907648183,-2.0506964551312774,17.763504663079726,False,11.474766242464518,0.0,0.7051677865217756,45.0,90.0,0.10746989170773202,tilt,False
0.0042471035843584465,-0.10746989170773202,1.2179501063951533e-09,0.0,1.0,21.42,RR,0.3594366408646358,False,False,-2.008469396025007,-2.040350637564456,17.77387013126391,False,11.500615612120331,0.0,0.707086559990628,45.0,90.0,0.10746989170773202,tilt,False
0.004247103987476067,-0.10746989178316634,1.143069390398125e-09,0.0,1.0,21.44,FL,0.3594366408646358,False,False,-1.769891552691593,-2.565629008013194,17.24739978716389,False,10.169606600601586,0.0,0.5787563839279872,45.0,90.0,0.10746989178316634,tilt,False
0.004247103987476067,-0.10746989178316634,7.886544981229516e-10,0.0,1.0,21.44,FR,0.8594366408646358,True,True,-1.7742408032400716,-2.5554841854639396,17.257571395277104,False,10.195591577402912,0.0,0.5807265976962439,45.0,90.0,0.10746989178316634,tilt,False
0.004247103987476067,-0.10746989178316634,1.3760849940041826e-09,0.0,1.0,21.44,RL,0.8594366408646358,True,True,-2.0041102914493507,-2.0506964541389707,17.763504664072016,False,11.474766182568242,0.0,0.7051677860621732,45.0,90.0,0.10746989178316634,tilt,False
0.004247103987476067,-0.10746989178316634,1.2425823320048562e-09,0.0,1.0,21.44,RR,0.3594366408646358,False,False,-2.008469396027137,-2.040350636074554,17.77387013275598,False,11.500615619523616,0.0,0.7070865603722042,45.0,90.0,0.10746989178316634,tilt,False
0.004247104268459407,-0.10746989188091788,1.1944146499152831e-09,0.0,1.0,21.46,FL,0.3594366408646358,False,False,-1.7698915548197032,-2.565629012639823,17.247399782526436,False,10.169606580632548,0.0,0.5787563836636349,45.0,90.0,0.10746989188091788,tilt,False
0.004247104268459407,-0.10746989188091788,8.279129747172758e-10,0.0,1.0,21.46,FR,0.8594366408646358,True,True,-1.774240800738864,-2.555484182534904,17.25757139821401,False,10.195591602871268,0.0,0.5807265979916068,45.0,90.0,0.10746989188091788,tilt,False
0.004247104268459407,-0.10746989188091788,1.4073708501481505e-09,0.0,1.0,21.46,RL,0.8594366408646358,True,True,-2.0041102925176455,-2.0506964534285874,17.763504664782204,False,11.474766164021528,0.0,0.7051677856468855,45.0,90.0,0.10746989188091788,tilt,False
0.004247104268459407,-0.10746989188091788,1.2645134594103436e-09,0.0,1.0,21.46,RR,0.3594366408646358,False,False,-2.0084693959435302,-2.0403506344840796,17.77387013434867,False,11.500615619177005,0.0,0.7070865607221409,45.0,90.0,0.10746989188091788,tilt,False
0.0042471046773857645,-0.10746989198018188,1.3405113362182265e-09,0.0,1.0,21.48,FL,0.3594366408646358,False,False,-1.7698915593049627,-2.5656290202072802,17.247399774940725,False,10.169606672383333,0.0,0.5787563829342648,45.0,90.0,0.10746989198018188,tilt,False
0.0042471046773857645,-0.10746989198018188,9.518223432450711e-10,0.0,1.0,21.48,FR,0.8594366408646358,True,True,-1.7742407954034825,-2.555484175464806,17.257571405302063,False,10.195591490910838,0.0,0.5807265987345135,45.0,90.0,0.10746989198018188,tilt,False
0.0042471046773857645,-0.10746989198018188,1.4943430219202268e-09,0.0,1.0,21.48,RL,0.8594366408646358,True,True,-2.004110295023884,-2.0506964542670243,17.763504663940665,False,11.474766219414075,0.0,0.7051677847993327,45.0,90.0,0.10746989198018188,tilt,False
0.0042471046773857645,-0.10746989198018188,1.3173404156966705e-09,0.0,1.0,21.48,RR,0.3594366408646358,False,False,-2.008469395622402,-2.0403506326438157,17.773870136191398,False,11.500615613246186,0.0,0.7070865615544443,45.0,90.0,0.10746989198018188,tilt,False
0.004247104325371973,-0.10746989207738414,1.177408873950155e-09,0.0,1.0,21.5,FL,0.3594366408646358,False,False,-1.7698915585921786,-2.565629022750086,17.247399772396612,False,10.169606681278223,0.0,0.5787563827390098,45.0,90.0,0.10746989207738414,tilt,False
0.004247104325371973,-0.10746989207738414,8.28541125362324e-10,0.0,1.0,21.5,FR,0.8594366408646358,True,True,-1.7742407964750628,-2.5554841740992944,17.257571406666095,False,10.195591482437578,0.0,0.5807265989625485,45.0,90.0,0.10746989207738414,tilt,False
0.004247104325371973,-0.10746989207738414,1.3996533930655053e-09,0.0,1.0,21.5,RL,0.8594366408646358,True,True,-2.004110294336066,-2.0506964519958655,17.76350466621614,False,11.474766217486444,0.0,0.7051677849305783,45.0,90.0,0.10746989207738414,tilt,False
0.004247104325371973,-0.10746989207738414,1.2660244416331404e-09,0.0,1.0,21.5,RR,0.3594366408646358,False,False,-2.0084693955252053,-2.040350631242121,17.773870137594734,False,11.500615611800624,0.0,0.7070865613524016,45.0,90.0,0.10746989207738414,tilt,False
0.004247103977818535,-0.10746989207943873,1.008506036819803e-09,0.0,1.0,21.52,FL,0.3594366408646358,False,False,-1.7698915548913299,-2.5656290215125903,17.247399773642066,False,10.169606749477467,0.0,0.5787563832018672,45.0,90.0,0.10746989207943873,tilt,False
0.004247103977818535,-0.10746989207943873,7.558431684612309e-10,0.0,1.0,21.52,FR,0.8594366408646358,True,True,-1.7742408012916753,-2.555484178275936,17.25757140247537,False,10.19559139831397,0.0,0.5807265985566521,45.0,90.0,0.10746989207943873,tilt,False
0.004247103977818535,-0.10746989207943873,1.2960314982263748e-09,0.0,1.0,21.52,RL,0.8594366408646358,True,True,-2.004110291485145,-2.0506964479219265,17.76350467029739,False,11.474766263732455,0.0,0.7051677856264595,45.0,90.0,0.10746989207943873,tilt,False
0.004247103977818535,-0.10746989207943873,1.195713803160661e-09,0.0,1.0,21.52,RR,0.3594366408646358,False,False,-2.008469395612507,-2.0403506302762198,17.773870138561712,False,11.50061561166935,0.0,0.7070865605091069,45.0,90.0,0.10746989207943873,tilt,False
0.004247104028027022,-0.10746989209454559,1.0118666064737342e-09,0.0,1.0,21.54,FL,0.3594366408646358,False,False,-1.769891552672577,-2.565629021417177,17.2473997737401,False,10.169606675028415,0.0,0.57875638360581,45.0,90.0,0.10746989209454559,tilt,False
0.004247104028027022,-0.10746989209454559,7.42331562800094e-10,0.0,1.0,21.54,FR,0.8594366408646358,True,True,-1.7742408041927158,-2.5554841816408866,17.257571399101423,False,10.195591488171557,0.0,0.5807265982065043,45.0,90.0,0.10746989209454559,tilt,False
0.004247104028027022,-0.10746989209454559,1.3027497447906127e-09,0.0,1.0,21.54,RL,0.8594366408646358,True,True,-2.0041102895863654,-2.0506964447492595,17.76350467347482,False,11.47476621985489,0.0,0.7051677859721791,45.0,90.0,0.10746989209454559,tilt,False
0.004247104028027022,-0.10746989209454559,1.2000355361694613e-09,0.0,1.0,21.54,RR,0.3594366408646358,False,False,-2.0084693957782216,-2.0403506292172127,17.773870139622193,False,11.500615617893526,0.0,0.7070865600240034,45.0,90.0,0.10746989209454559,tilt,False
0.004247104455475545,-0.10746989214499367,1.110413030510008e-09,0.0,1.0,21.56,FL,0.3594366408646358,False,False,-1.769891553531508,-2.5656290244555486,17.247399770694297,False,10.169606716468822,0.0,0.5787563837069031,45.0,90.0,0.10746989214499367,tilt,False
0.004247104455475545,-0.10746989214499367,7.769688575724907e-10,0.0,1.0,21.56,FR,0.8594366408646358,True,True,-1.7742408032572037,-2.555484181236682,17.257571399508368,False,10.195591438004872,0.0,0.5807265981477183,45.0,90.0,0.10746989214499367,tilt,False
0.004247104455475545,-0.10746989214499367,1.366336076317021e-09,0.0,1.0,21.56,RL,0.8594366408646358,True,True,-2.004110289681591,-2.0506964434179595,17.763504674806747,False,11.474766238719562,0.0,0.7051677858399368,45.0,90.0,0.10746989214499367,tilt,False
0.004247104455475545,-0.10746989214499367,1.2422382843127934e-09,0.0,1.0,21.56,RR,0.3594366408646358,False,False,-2.0084693958420003,-2.040350627850081,17.773870140991367,False,11.50061561559067,0.0,0.7070865600519608,45.0,90.0,0.10746989214499367,tilt,False
0.004247104889211635,-0.10746989222364349,1.1701369013720833e-09,0.0,1.0,21.580000000000002,FL,0.3594366408646358,False,False,-1.7698915555587578,-2.5656290288180483,17.24739976632091,False,10.169606600746018,0.0,0.5787563834549793,45.0,90.0,0.10746989222364349,tilt,False
0.004247104889211635,-0.10746989222364349,8.172185684672842e-10,0.0,1.0,21.580000000000002,FR,0.8594366408646358,True,True,-1.7742408008832935,-2.5554841789320015,17.257571401820428,False,10.195591576724668,0.0,0.5807265984295169,45.0,90.0,0.10746989222364349,tilt,False
0.004247104889211635,-0.10746989222364349,1.4033205241939665e-09,0.0,1.0,21.580000000000002,RL,0.8594366408646358,True,True,-2.004110290591242,-2.05069644274191,17.76350467548227,False,11.474766179113683,0.0,0.7051677853016514,45.0,90.0,0.10746989222364349,tilt,False
0.004247104889211635,-0.10746989222364349,1.2679594713914836e-09,0.0,1.0,21.580000000000002,RR,0.3594366408646358,False,False,-2.0084693958107893,-2.040350626318306,17.773870142525404,False,11.500615623761055,0.0,0.7070865605240639,45.0,90.0,0.10746989222364349,tilt,False
0.00424710517765382,-0.10746989232053276,1.224379004983977e-09,0.0,1.0,21.6,FL,0.3594366408646358,False,False,-1.769891557995274,-2.5656290339261396,17.24739976120101,False,10.169606580690983,0.0,0.5787563830993802,45.0,90.0,0.10746989232053276,tilt,False
0.00424710517765382,-0.10746989232053276,8.613845602196981e-10,0.0,1.0,21.6,FR,0.8594366408646358,True,True,-1.7742407980357346,-2.555484175227628,17.257571405534257,False,10.195591602120922,0.0,0.5807265988115429,45.0,90.0,0.10746989232053276,tilt,False
0.00424710517765382,-0.10746989232053276,1.4357883925261162e-09,0.0,1.0,21.6,RL,0.8594366408646358,True,True,-2.004110291815454,-2.0506964423068728,17.76350467591673,False,11.47476616077411,0.0,0.705167784826884,45.0,90.0,0.10746989232053276,tilt,False
0.00424710517765382,-0.10746989232053276,1.2907498723092769e-09,0.0,1.0,21.6,RR,0.3594366408646358,False,False,-2.008469395677552,-2.0403506246935157,17.773870144152472,False,11.500615623621616,0.0,0.7070865609449793,45.0,90.0,0.10746989232053276,tilt,False
0.004247105593982605,-0.10746989241644563,1.376356763309934e-09,0.0,1.0,21.62,FL,0.3594366408646358,False,False,-1.7698915627937448,-2.5656290420541725,17.24739975305362,False,10.169606675746467,0.0,0.5787563822712066,45.0,90.0,0.10746989241644563,tilt,False
0.004247105593982605,-0.10746989241644563,9.95295738194853e-10,0.0,1.0,21.62,FR,0.8594366408646358,True,True,-1.774240792378444,-2.555484167328273,17.25757141345318,False,10.195591487285238,0.0,0.58072659964902,45.0,90.0,0.10746989241644563,tilt,False
0.004247105593982605,-0.10746989241644563,1.5248441718140214e-09,0.0,1.0,21.62,RL,0.8594366408646358,True,True,-2.004110294429363,-2.0506964434052026,17.763504674815003,False,11.474766216389947,0.0,0.7051677839200764,45.0,90.0,0.10746989241644563,tilt,False
0.004247105593982605,-0.10746989241644563,1.345502655148223e-09,0.0,1.0,21.62,RR,0.3594366408646358,False,False,-2.008469395281466,-2.0403506228027433,17.773870146045805,False,11.500615616676063,0.0,0.7070865618468645,45.0,90.0,0.10746989241644563,tilt,False
0.004247104780340126,-0.10746989246509395,9.6070097286242e-10,0.0,1.0,21.64,FL,0.3594366408646358,False,False,-1.769891556775649,-2.5656290385561475,17.247399756567447,False,10.169606676166104,0.0,0.578756382940071,45.0,90.0,0.10746989246509395,tilt,False
0.004247104780340126,-0.10746989246509395,7.71728341784955e-10,0.0,1.0,21.64,FR,0.8594366408646358,True,True,-1.7742407999063736,-2.5554841737515552,17.2575714070072,False,10.195591488918653,0.0,0.5807265990426146,45.0,90.0,0.10746989246509395,tilt,False
0.004247104780340126,-0.10746989246509395,1.273708660414117e-09,0.0,1.0,21.64,RL,0.8594366408646358,True,True,-2.0041102904626364,-2.0506964379885217,17.763504680242402,False,11.474766209663942,0.0,0.705167785083856,45.0,90.0,0.10746989246509395,tilt,False
0.004247104780340126,-0.10746989246509395,1.190076451344167e-09,0.0,1.0,21.64,RR,0.3594366408646358,False,False,-2.0084693955468786,-2.0403506220179857,17.77387014683121,False,11.500615617535061,0.0,0.7070865605216994,45.0,90.0,0.10746989246509395,tilt,False
0.00424710479529113,-0.10746989246550992,1.018780723717181e-09,0.0,1.0,21.66,FL,0.3594366408646358,False,False,-1.7698915546354097,-2.56562903845986,17.247399756666518,False,10.169606747911402,0.0,0.5787563833606701,45.0,90.0,0.10746989246550992,tilt,False
0.00424710479529113,-0.10746989246550992,7.518007761360835e-10,0.0,1.0,21.66,FR,0.8594366408646358,True,True,-1.7742408027284564,-2.555484176939092,17.25757140381104,False,10.195591400563014,0.0,0.5807265986751087,45.0,90.0,0.10746989246550992,tilt,False
0.00424710479529113,-0.10746989246550992,1.315788049732641e-09,0.0,1.0,21.66,RL,0.8594366408646358,True,True,-2.0041102886120856,-2.0506964349128047,17.763504683322775,False,11.474766257393949,0.0,0.7051677854862768,45.0,90.0,0.10746989246550992,tilt,False
0.00424710479529113,-0.10746989246550992,1.2133166622930337e-09,0.0,1.0,21.66,RR,0.3594366408646358,False,False,-2.0084693956623005,-2.0403506209844826,17.773870147866106,False,11.50061561614441,0.0,0.7070865599798086,45.0,90.0,0.10746989246550992,tilt,False
0.004247104983248862,-0.1074698925046332,1.0264034324081894e-09,0.0,1.0,21.68,FL,0.3594366408646358,False,False,-1.7698915535091508,-2.5656290391463803,17.24739975597934,False,10.169606673304422,0.0,0.5787563836880288,45.0,90.0,0.1074698925046332,tilt,False
0.004247104983248862,-0.1074698925046332,7.47286729995124e-10,0.0,1.0,21.68,FR,0.8594366408646358,True,True,-1.7742408042158258,-2.555484179397497,17.257571401347327,False,10.195591489899568,0.0,0.5807265983970996,45.0,90.0,0.1074698925046332,tilt,False
0.004247104983248862,-0.1074698925046332,1.323603375817103e-09,0.0,1.0,21.68,RL,0.8594366408646358,True,True,-2.0041102875113896,-2.0506964323680243,17.763504685870807,False,11.474766214899356,0.0,0.705167785630868,45.0,90.0,0.1074698925046332,tilt,False
0.004247104983248862,-0.1074698925046332,1.2204612419432407e-09,0.0,1.0,21.68,RR,0.3594366408646358,False,False,-2.0084693958313666,-2.0403506198377506,17.773870149014535,False,11.500615622336612,0.0,0.7070865597081709,45.0,90.0,0.1074698925046332,tilt,False
0.004247105417260373,-0.10746989257403941,1.1341419345394902e-09,0.0,1.0,21.7,FL,0.3594366408646358,False,False,-1.7698915552251324,-2.565629042820171,17.24739975229593,False,10.169606717761294,0.0,0.5787563836805442,45.0,90.0,0.10746989257403941,tilt,False
0.004247105417260373,-0.10746989257403941,8.001348661074568e-10,0.0,1.0,21.7,FR,0.8594366408646358,True,True,-1.7742408022307226,-2.555484178077067,17.257571402673324,False,10.195591436821767,0.0,0.5807265984424452,45.0,90.0,0.10746989257403941,tilt,False
0.004247105417260373,-0.10746989257403941,1.3894394504014067e-09,0.0,1.0,21.7,RL,0.8594366408646358,True,True,-2.0041102882017263,-2.050696431445901,17.763504686792743,False,11.47476623499305,0.0,0.7051677853482734,45.0,90.0,0.10746989257403941,tilt,False
0.004247105417260373,-0.10746989257403941,1.264462492469002e-09,0.0,1.0,21.7,RR,0.3594366408646358,False,False,-2.0084693958142275,-2.0403506183702715,17.773870150484207,False,11.500615618928922,0.0,0.7070865598995296,45.0,90.0,0.10746989257403941,tilt,False
0.004247105786426185,-0.10746989266310698,1.1996662329259713e-09,0.0,1.0,21.72,FL,0.3594366408646358,False,False,-1.7698915579201362,-2.5656290477255523,17.247399747378164,False,10.169606599985029,0.0,0.5787563832977642,45.0,90.0,0.10746989266310698,tilt,False
0.004247105786426185,-0.10746989266310698,8.495861580563238e-10,0.0,1.0,21.72,FR,0.8594366408646358,True,True,-1.774240799079587,-2.55548417486761,17.2575714058923,False,10.195591577007809,0.0,0.5807265988506455,45.0,90.0,0.10746989266310698,tilt,False
0.004247105786426185,-0.10746989266310698,1.4278239161826268e-09,0.0,1.0,21.72,RL,0.8594366408646358,True,True,-2.0041102895469662,-2.050696431055269,17.763504687182362,False,11.474766176229988,0.0,0.7051677846887227,45.0,90.0,0.10746989266310698,tilt,False
0.004247105786426185,-0.10746989266310698,1.2908391004719334e-09,0.0,1.0,21.72,RR,0.3594366408646358,False,False,-2.008469395657322,-2.040350616752399,17.773870152104347,False,11.50061562741753,0.0,0.7070865605056968,45.0,90.0,0.10746989266310698,tilt,False
0.004247105984029907,-0.10746989276399899,1.2579398105940893e-09,0.0,1.0,21.740000000000002,FL,0.3594366408646358,False,False,-1.7698915608723929,-2.565629053337626,17.247399741753224,False,10.169606580350802,0.0,0.5787563828049916,45.0,90.0,0.10746989276399899,tilt,False
0.004247105984029907,-0.10746989276399899,8.996344114761008e-10,0.0,1.0,21.740000000000002,FR,0.8594366408646358,True,True,-1.7742407956547641,-2.555484170275006,17.2575714104961,False,10.195591601797128,0.0,0.5807265993651584,45.0,90.0,0.10746989276399899,tilt,False
0.004247105984029907,-0.10746989276399899,1.4615180591555381e-09,0.0,1.0,21.740000000000002,RL,0.8594366408646358,True,True,-2.0041102910850275,-2.0506964308435287,17.763504687393276,False,11.474766158488418,0.0,0.7051677841202934,45.0,90.0,0.10746989276399899,tilt,False
0.004247105984029907,-0.10746989276399899,1.3142758976084642e-09,0.0,1.0,21.740000000000002,RR,0.3594366408646358,False,False,-2.0084693953881585,-2.040350615063566,17.77387015379543,False,11.500615627148276,0.0,0.7070865610329133,45.0,90.0,0.10746989276399899,tilt,False
0.004247105907370629,-0.10746989286296943,1.270334210706278e-09,0.0,1.0,21.76,FL,0.3594366408646358,False,False,-1.7698915627524654,-2.565629058398987,17.24739973668251,False,10.169606674397766,0.0,0.5787563822927723,45.0,90.0,0.10746989286296943,tilt,False
0.004247105907370629,-0.10746989286296943,9.135409733610503e-10,0.0,1.0,21.76,FR,0.8594366408646358,True,True,-1.7742407935639228,-2.5554841658468055,17.257571414932436,False,10.19559148994236,0.0,0.5807265998978559,45.0,90.0,0.10746989286296943,tilt,False
0.004247105907370629,-0.10746989286296943,1.470440316391708e-09,0.0,1.0,21.76,RL,0.8594366408646358,True,True,-2.004110291988815,-2.0506964301305644,17.763504688107094,False,11.474766211422695,0.0,0.7051677837767449,45.0,90.0,0.10746989286296943,tilt,False
0.004247105907370629,-0.10746989286296943,1.3227509400331036e-09,0.0,1.0,21.76,RR,0.3594366408646358,False,False,-2.0084693950993895,-2.040350613452355,17.7738701554086,False,11.500615619932065,0.0,0.7070865613379497,45.0,90.0,0.10746989286296943,tilt,False
0.004247105291468792,-0.10746989288217758,9.773058033276855e-10,0.0,1.0,21.78,FL,0.3594366408646358,False,False,-1.7698915577921588,-2.5656290557062102,17.247399739387937,False,10.169606675635668,0.0,0.5787563828811947,45.0,90.0,0.10746989288217758,tilt,False
0.004247105291468792,-0.10746989288217758,7.712118825856292e-10,0.0,1.0,21.78,FR,0.8594366408646358,True,True,-1.7742407997802383,-2.5554841713965812,17.25757140936384,False,10.195591489580025,0.0,0.5807265993670722,45.0,90.0,0.10746989288217758,tilt,False
0.004247105291468792,-0.10746989288217758,1.2930465432561575e-09,0.0,1.0,21.78,RL,0.8594366408646358,True,True,-2.004110288649146,-2.050696425437964,17.763504692808638,False,11.474766205854772,0.0,0.7051677847339791,45.0,90.0,0.10746989288217758,tilt,False
0.004247105291468792,-0.10746989288217758,1.2056989603290574e-09,0.0,1.0,21.78,RR,0.3594366408646358,False,False,-2.0084693953064114,-2.040350612679577,17.77387015618206,False,11.500615620990787,0.0,0.7070865602281556,45.0,90.0,0.10746989288217758,tilt,False
0.0042471054011356,-0.10746989288998905,1.039795351920836e-09,0.0,1.0,21.8,FL,0.3594366408646358,False,False,-1.7698915564186777,-2.565629056263157,17.24739973883141,False,10.16960675063828,0.0,0.5787563832069684,45.0,90.0,0.10746989288998905,tilt,False
0.0042471054011356,-0.10746989288998905,7.645711395202746e-10,0.0,1.0,21.8,FR,0.8594366408646358,True,True,-1.7742408016255053,-2.555484173724393,17.257571407030262,False,10.195591398040662,0.0,0.5807265990890915,45.0,90.0,0.10746989288998905,tilt,False
0.0042471054011356,-0.10746989288998905,1.3371894577333424e-09,0.0,1.0,21.8,RL,0.8594366408646358,True,True,-2.0041102873187935,-2.0506964228613964,17.763504695388754,False,11.474766254277974,0.0,0.7051677849835215,45.0,90.0,0.10746989288998905,tilt,False
0.0042471054011356,-0.10746989288998905,1.2329584938987784e-09,0.0,1.0,21.8,RR,0.3594366408646358,False,False,-2.0084693954009643,-2.0403506116104704,17.77387015725265,False,11.50061561846844,0.0,0.7070865598517727,45.0,90.0,0.10746989288998905,tilt,False
0.004247105621450974,-0.10746989293790324,1.0498161079417613e-09,0.0,1.0,21.82,FL,0.3594366408646358,False,False,-1.769891555836192,-2.565629057479136,17.247399737613158,False,10.169606674834393,0.0,0.5787563834314149,45.0,90.0,0.10746989293790324,tilt,False
0.004247105621450974,-0.10746989293790324,7.64847293484653e-10,0.0,1.0,21.82,FR,0.8594366408646358,True,True,-1.774240802429189,-2.5554841753644557,17.257571405387022,False,10.195591488145547,0.0,0.580726598908661,45.0,90.0,0.10746989293790324,tilt,False
0.004247105621450974,-0.10746989293790324,1.3464113176472764e-09,0.0,1.0,21.82,RL,0.8594366408646358,True,True,-2.0041102865948415,-2.050696420688256,17.763504697564414,False,11.474766212204932,0.0,0.7051677850159223,45.0,90.0,0.10746989293790324,tilt,False
0.004247105621450974,-0.10746989293790324,1.2417258268420284e-09,0.0,1.0,21.82,RR,0.3594366408646358,False,False,-2.008469395539416,-2.0403506104315907,17.77387015843322,False,11.50061562513138,0.0,0.7070865597057139,45.0,90.0,0.10746989293790324,tilt,False
0.004247106065427098,-0.10746989301097754,1.1638284090606014e-09,0.0,1.0,21.84,FL,0.3594366408646358,False,False,-1.7698915580097903,-2.565629061695211,17.247399733386146,False,10.169606721411064,0.0,0.5787563833124413,45.0,90.0,0.10746989301097754,tilt,False
0.004247106065427098,-0.10746989301097754,8.310578788311226e-10,0.0,1.0,21.84,FR,0.8594366408646358,True,True,-1.774240799913687,-2.555484173191659,17.257571407567315,False,10.195591433115156,0.0,0.5807265990605016,45.0,90.0,0.10746989301097754,tilt,False
0.004247106065427098,-0.10746989301097754,1.4148188037011863e-09,0.0,1.0,21.84,RL,0.8594366408646358,True,True,-2.0041102875453243,-2.050696420073276,17.76350469817873,False,11.474766232661862,0.0,0.7051677846407773,45.0,90.0,0.10746989301097754,tilt,False
0.004247106065427098,-0.10746989301097754,1.2878422882967485e-09,0.0,1.0,21.84,RR,0.3594366408646358,False,False,-2.0084693954591537,-2.0403506089198067,17.773870159947272,False,11.500615621206059,0.0,0.7070865600024666,45.0,90.0,0.10746989301097754,tilt,False
0.004247106438986095,-0.10746989309916093,1.2327039999749159e-09,0.0,1.0,21.86,FL,0.3594366408646358,False,False,-1.7698915610695858,-2.5656290671461393,17.247399727921696,False,10.169606600610345,0.0,0.5787563828133887,45.0,90.0,0.10746989309916093,tilt,False
0.004247106438986095,-0.10746989309916093,8.864784450609631e-10,0.0,1.0,21.86,FR,0.8594366408646358,True,True,-1.7742407963618443,-2.555484169127889,17.257571411642317,False,10.195591575820353,0.0,0.5807265995802732,45.0,90.0,0.10746989309916093,tilt,False
0.004247106438986095,-0.10746989309916093,1.4549671744603208e-09,0.0,1.0,21.86,RL,0.8594366408646358,True,True,-2.004110289062767,-2.050696419958916,17.763504698291705,False,11.474766173903928,0.0,0.7051677838994309,45.0,90.0,0.10746989309916093,tilt,False
0.004247106438986095,-0.10746989309916093,1.315657665049346e-09,0.0,1.0,21.86,RR,0.3594366408646358,False,False,-2.008469395233369,-2.04035060726206,17.773870161607338,False,11.500615630622427,0.0,0.7070865607023803,45.0,90.0,0.10746989309916093,tilt,False
0.004247106646921302,-0.10746989319617023,1.2932566607263253e-09,0.0,1.0,21.88,FL,0.3594366408646358,False,False,-1.769891564304172,-2.565629073317678,17.24739972173629,False,10.169606580690747,0.0,0.5787563822094551,45.0,90.0,0.10746989319617023,tilt,False
0.004247106646921302,-0.10746989319617023,9.402423133693074e-10,0.0,1.0,21.88,FR,0.8594366408646358,True,True,-1.7742407926380765,-2.5554841636876438,17.257571417095384,False,10.195591600754774,0.0,0.5807266002013329,45.0,90.0,0.10746989319617023,tilt,False
0.004247106646921302,-0.10746989319617023,1.4902271903672593e-09,0.0,1.0,21.88,RL,0.8594366408646358,True,True,-2.0041102907088946,-2.050696420013404,17.763504698236098,False,11.474766156123597,0.0,0.705167783266575,45.0,90.0,0.10746989319617023,tilt,False
0.004247106646921302,-0.10746989319617023,1.340476522407585e-09,0.0,1.0,21.88,RR,0.3594366408646358,False,False,-2.0084693949043997,-2.0403506055416654,17.773870163330063,False,11.500615630734771,0.0,0.7070865613054294,45.0,90.0,0.10746989319617023,tilt,False
0.004247106268596288,-0.10746989327731342,1.165444134853819e-09,0.0,1.0,21.900000000000002,FL,0.3594366408646358,False,False,-1.7698915632615546,-2.565629075411514,17.247399719642328,False,10.169606673097512,0.0,0.5787563820680601,45.0,90.0,0.10746989327731342,tilt,False
0.004247106268596288,-0.10746989327731342,8.489760305074622e-10,0.0,1.0,21.900000000000002,FR,0.8594366408646358,True,True,-1.7742407940664549,-2.555484162807625,17.25757141797265,False,10.195591492044406,0.0,0.5807266003743352,45.0,90.0,0.10746989327731342,tilt,False
0.004247106268596288,-0.10746989327731342,1.4195322892196484e-09,0.0,1.0,21.900000000000002,RL,0.8594366408646358,True,True,-2.0041102898878846,-2.050696417744354,17.763504700509444,False,11.474766206285283,0.0,0.7051677834757573,45.0,90.0,0.10746989327731342,tilt,False
0.004247106268596288,-0.10746989327731342,1.2988427326570832e-09,0.0,1.0,21.900000000000002,RR,0.3594366408646358,False,False,-2.0084693948374985,-2.0403506042811146,17.773870164591933,False,11.500615623795957,0.0,0.7070865610226089,45.0,90.0,0.10746989327731342,tilt,False
0.004247105908776477,-0.10746989328118435,9.931973191787376e-10,0.0,1.0,21.92,FL,0.3594366408646358,False,False,-1.769891559157303,-2.565629073531375,17.247399721531952,False,10.169606675055622,0.0,0.5787563826060825,45.0,90.0,0.10746989328118435,tilt,False
0.004247105908776477,-0.10746989328118435,7.725012989487756e-10,0.0,1.0,21.92,FR,0.8594366408646358,True,True,-1.7742407992006743,-2.5554841675192694,17.257571413245735,False,10.195591490175063,0.0,0.5807265998895571,45.0,90.0,0.10746989328118435,tilt,False
0.004247105908776477,-0.10746989328118435,1.3154793097656576e-09,0.0,1.0,21.92,RL,0.8594366408646358,True,True,-2.004110287046397,-2.050696413759424,17.763504704501567,False,11.474766201477616,0.0,0.7051677842617864,45.0,90.0,0.10746989328118435,tilt,False
0.004247105908776477,-0.10746989328118435,1.225370906202606e-09,0.0,1.0,21.92,RR,0.3594366408646358,False,False,-2.00846939507493,-2.040350603502751,17.7738701653711,False,11.500615625096025,0.0,0.7070865600933877,45.0,90.0,0.10746989328118435,tilt,False
0.004247106165002179,-0.10746989329594694,1.0607970306204424e-09,0.0,1.0,21.94,FL,0.3594366408646358,False,False,-1.7698915584233101,-2.565629074768601,17.247399720292794,False,10.169606753277073,0.0,0.5787563828643989,45.0,90.0,0.10746989329594694,tilt,False
0.004247106165002179,-0.10746989329594694,7.790709700644808e-10,0.0,1.0,21.94,FR,0.8594366408646358,True,True,-1.7742408002367065,-2.5554841690120544,17.25757141174989,False,10.195591395614244,0.0,0.5807265996745503,45.0,90.0,0.10746989329594694,tilt,False
0.004247106165002179,-0.10746989329594694,1.3617176287748325e-09,0.0,1.0,21.94,RL,0.8594366408646358,True,True,-2.004110286118271,-2.0506964116913418,17.7635047065721,False,11.474766250470683,0.0,0.7051677843853301,45.0,90.0,0.10746989329594694,tilt,False
0.004247106165002179,-0.10746989329594694,1.2559658090634602e-09,0.0,1.0,21.94,RR,0.3594366408646358,False,False,-2.0084693951916215,-2.040350602387754,17.77387016648774,False,11.50061562149167,0.0,0.7070865598547209,45.0,90.0,0.10746989329594694,tilt,False
0.004247106455864259,-0.1074698933499118,1.0733840056256172e-09,0.0,1.0,21.96,FL,0.3594366408646358,False,False,-1.7698915583016923,-2.565629076544441,17.247399718513062,False,10.169606676145017,0.0,0.578756383010502,45.0,90.0,0.1074698933499118,tilt,False
0.004247106455864259,-0.1074698933499118,7.839638728353962e-10,0.0,1.0,21.96,FR,0.8594366408646358,True,True,-1.7742408004699992,-2.555484169853465,17.257571410907417,False,10.195591486659913,0.0,0.5807265995680106,45.0,90.0,0.1074698933499118,tilt,False
0.004247106455864259,-0.1074698933499118,1.3720681320529466e-09,0.0,1.0,21.96,RL,0.8594366408646358,True,True,-2.0041102856857664,-2.0506964099047535,17.76350470836046,False,11.474766208736305,0.0,0.7051677843271061,45.0,90.0,0.1074698933499118,tilt,False
0.004247106455864259,-0.1074698933499118,1.2658805713302938e-09,0.0,1.0,21.96,RR,0.3594366408646358,False,False,-2.008469395326281,-2.040350601168417,17.773870167708864,False,11.500615628665786,0.0,0.7070865598114484,45.0,90.0,0.1074698933499118,tilt,False
0.004247106932502571,-0.10746989342482507,1.1939233576409312e-09,0.0,1.0,21.98,FL,0.3594366408646358,False,False,-1.7698915608820864,-2.5656290813301923,17.24739971371499,False,10.16960672487445,0.0,0.57875638280097,45.0,90.0,0.10746989342482507,tilt,False
0.004247106932502571,-0.10746989342482507,8.633598271343169e-10,0.0,1.0,21.98,FR,0.8594366408646358,True,True,-1.7742407974891683,-2.555484166840153,17.25757141393013,False,10.195591429632115,0.0,0.5807265998060819,45.0,90.0,0.10746989342482507,tilt,False
0.004247106932502571,-0.10746989342482507,1.4426629421446594e-09,0.0,1.0,21.98,RL,0.8594366408646358,True,True,-2.004110286843469,-2.050696409608747,17.76350470865531,False,11.47476622958778,0.0,0.7051677838768817,45.0,90.0,0.10746989342482507,tilt,False
0.004247106932502571,-0.10746989342482507,1.3137719117505182e-09,0.0,1.0,21.98,RR,0.3594366408646358,False,False,-2.008469395198064,-2.040350599602534,17.77387016927712,False,11.500615624189496,0.0,0.7070865601948451,45.0,90.0,0.10746989342482507,tilt,False
0.0042471073182992125,-0.10746989351146723,1.2663280447284223e-09,0.0,1.0,22.0,FL,0.3594366408646358,False,False,-1.7698915642791746,-2.5656290873477783,17.24739970768274,False,10.169606601005372,0.0,0.5787563822026673,45.0,90.0,0.10746989351146723,tilt,False
0.0042471073182992125,-0.10746989351146723,9.246950592502245e-10,0.0,1.0,22.0,FR,0.8594366408646358,True,True,-1.774240793570324,-2.5554841619332724,17.257571418849967,False,10.195591574903558,0.0,0.5807266004209479,45.0,90.0,0.10746989351146723,tilt,False
0.0042471073182992125,-0.10746989351146723,1.4842010039865657e-09,0.0,1.0,22.0,RL,0.8594366408646358,True,True,-2.004110288506833,-2.050696409776984,17.763504708485343,False,11.4747661708621,0.0,0.7051677830681209,45.0,90.0,0.10746989351146723,tilt,False
0.0042471073182992125,-0.10746989351146723,1.342699474029536e-09,0.0,1.0,22.0,RR,0.3594366408646358,False,False,-2.0084693949093366,-2.0403505978949728,17.77387017098713,False,11.50061563448931,0.0,0.7070865609729267,45.0,90.0,0.10746989351146723,tilt,False
0.004247107532056531,-0.10746989360472507,1.3292926258826047e-09,0.0,1.0,22.02,FL,0.3594366408646358,False,False,-1.7698915677860325,-2.565629094091578,17.247399700923996,False,10.169606740409648,0.0,0.5787563815933566,45.0,90.0,0.10746989360472507,tilt,False
0.004247107532056531,-0.10746989360472507,9.821977809693606e-10,0.0,1.0,22.02,FR,0.8594366408646358,True,True,-1.7742407895600179,-2.555484155656658,17.25757142514092,False,10.195591412631453,0.0,0.5807266010461231,45.0,90.0,0.10746989360472507,tilt,False
0.004247107532056531,-0.10746989360472507,1.5206448237429486e-09,0.0,1.0,22.02,RL,0.8594366408646358,True,True,-2.0041102902524504,-2.0506964100963225,17.76350470816451,False,11.474766233570799,0.0,0.7051677825215278,45.0,90.0,0.10746989360472507,tilt,False
0.004247107532056531,-0.10746989360472507,1.3685510363383488e-09,0.0,1.0,22.02,RR,0.3594366408646358,False,False,-2.0084693945197074,-2.0403505961340933,17.773870172750357,False,11.500615621346956,0.0,0.7070865614917392,45.0,90.0,0.10746989360472507,tilt,False
0.004247106736294673,-0.10746989363896642,9.485502153464816e-10,0.0,1.0,22.04,FL,0.3594366408646358,False,False,-1.7698915614122666,-2.565629090002082,17.247399705030627,False,10.169606667215325,0.0,0.5787563822445839,45.0,90.0,0.10746989363896642,tilt,False
0.004247106736294673,-0.10746989363896642,7.867470540329751e-10,0.0,1.0,22.04,FR,0.8594366408646358,True,True,-1.774240797308469,-2.555484162570395,17.257571418203657,False,10.195591498978606,0.0,0.5807266004499282,45.0,90.0,0.10746989363896642,tilt,False
0.004247106736294673,-0.10746989363896642,1.2945092351361307e-09,0.0,1.0,22.04,RL,0.8594366408646358,True,True,-2.004110286370389,-2.0506964049097354,17.763504713361325,False,11.47476619869518,0.0,0.7051677836240094,45.0,90.0,0.10746989363896642,tilt,False
0.004247106736294673,-0.10746989363896642,1.2183948015136297e-09,0.0,1.0,22.04,RR,0.3594366408646358,False,False,-2.008469394952382,-2.0403505955970402,17.773870173287634,False,11.50061562936397,0.0,0.7070865602415886,45.0,90.0,0.10746989363896642,tilt,False
0.004247106720337926,-0.107469893646121,1.0039854544039499e-09,0.0,1.0,22.06,FL,0.3594366408646358,False,False,-1.769891558867441,-2.565629089254954,17.247399705782033,False,10.169606670997993,0.0,0.5787563827369823,45.0,90.0,0.107469893646121,tilt,False
0.004247106720337926,-0.107469893646121,7.688198664311384e-10,0.0,1.0,22.06,FR,0.8594366408646358,True,True,-1.7742408004991008,-2.5554841662448133,17.257571414519294,False,10.195591494384457,0.0,0.5807266000068869,45.0,90.0,0.107469893646121,tilt,False
0.004247106720337926,-0.107469893646121,1.3351834382335349e-09,0.0,1.0,22.06,RL,0.8594366408646358,True,True,-2.004110284463366,-2.050696401860171,17.76350471641558,False,11.474766195572712,0.0,0.705167784125028,45.0,90.0,0.107469893646121,tilt,False
0.004247106720337926,-0.107469893646121,1.243404051111134e-09,0.0,1.0,22.06,RR,0.3594366408646358,False,False,-2.0084693951832633,-2.0403505947098193,17.773870174176004,False,11.500615630301878,0.0,0.7070865596060497,45.0,90.0,0.107469893646121,tilt,False
0.004247107106992641,-0.10746989368222014,1.0799685378822893e-09,0.0,1.0,22.080000000000002,FL,0.3594366408646358,False,False,-1.7698915592809714,-2.5656290913445603,17.247399703687066,False,10.169606753487896,0.0,0.5787563829097149,45.0,90.0,0.10746989368222014,tilt,False
0.004247107106992641,-0.10746989368222014,7.932013677431605e-10,0.0,1.0,22.080000000000002,FR,0.8594366408646358,True,True,-1.774240800117604,-2.5554841667488892,17.257571414015924,False,10.195591395718324,0.0,0.5807265998733189,45.0,90.0,0.10746989368222014,tilt,False
0.004247107106992641,-0.10746989368222014,1.3836048277612448e-09,0.0,1.0,22.080000000000002,RL,0.8594366408646358,True,True,-2.0041102842757175,-2.0506964003912804,17.763504717885475,False,11.47476624596084,0.0,0.7051677840449617,45.0,90.0,0.10746989368222014,tilt,False
0.004247107106992641,-0.10746989368222014,1.2773108520015307e-09,0.0,1.0,22.080000000000002,RR,0.3594366408646358,False,False,-2.008469395248458,-2.04035059347122,17.773870175416477,False,11.500615624960323,0.0,0.7070865595827367,45.0,90.0,0.10746989368222014,tilt,False
0.004247107393754946,-0.10746989375191131,1.0975209421566602e-09,0.0,1.0,22.1,FL,0.3594366408646358,False,False,-1.7698915599952958,-2.565629093765044,17.247399701260605,False,10.16960667595678,0.0,0.5787563829433781,45.0,90.0,0.10746989375191131,tilt,False
0.004247107393754946,-0.10746989375191131,8.052743424446894e-10,0.0,1.0,22.1,FR,0.8594366408646358,True,True,-1.7742407993450726,-2.5554841666640438,17.25757141410245,False,10.195591486740843,0.0,0.5807265998749261,45.0,90.0,0.10746989375191131,tilt,False
0.004247107393754946,-0.10746989375191131,1.395052553795351e-09,0.0,1.0,22.1,RL,0.8594366408646358,True,True,-2.0041102843964924,-2.05069639900049,17.763504719277307,False,11.474766205291061,0.0,0.7051677838403344,45.0,90.0,0.10746989375191131,tilt,False
0.004247107393754946,-0.10746989375191131,1.2879627062001006e-09,0.0,1.0,22.1,RR,0.3594366408646358,False,False,-2.008469395283815,-2.0403505921549603,17.773870176734714,False,11.50061563209295,0.0,0.707086559698449,45.0,90.0,0.10746989375191131,tilt,False
0.004247107803711016,-0.10746989383505465,1.226575778837495e-09,0.0,1.0,22.12,FL,0.3594366408646358,False,False,-1.7698915632637127,-2.565629099160381,17.247399695851357,False,10.169606727553266,0.0,0.5787563825998763,45.0,90.0,0.10746989383505465,tilt,False
0.004247107803711016,-0.10746989383505465,8.997060274516451e-10,0.0,1.0,22.12,FR,0.8594366408646358,True,True,-1.7742407955861454,-2.555484162700138,17.257571418077962,False,10.19559142697402,0.0,0.5807266002426964,45.0,90.0,0.10746989383505465,tilt,False
0.004247107803711016,-0.10746989383505465,1.467777252623325e-09,0.0,1.0,22.12,RL,0.8594366408646358,True,True,-2.0041102859659348,-2.050696398991022,17.763504719285162,False,11.47476622709938,0.0,0.705167783272317,45.0,90.0,0.10746989383505465,tilt,False
0.004247107803711016,-0.10746989383505465,1.3372277893978657e-09,0.0,1.0,22.12,RR,0.3594366408646358,False,False,-2.008469395007581,-2.0403505904956245,17.77387017839645,False,11.50061562658863,0.0,0.707086560211923,45.0,90.0,0.10746989383505465,tilt,False
0.004247108101277611,-0.10746989392440157,1.3036374933166913e-09,0.0,1.0,22.14,FL,0.3594366408646358,False,False,-1.7698915672077418,-2.5656291057670373,17.247399689228843,False,10.169606601076582,0.0,0.5787563818552656,45.0,90.0,0.10746989392440157,tilt,False
0.004247108101277611,-0.10746989392440157,9.677637955094337e-10,0.0,1.0,22.14,FR,0.8594366408646358,True,True,-1.774240791073696,-2.5554841568502553,17.257571423942696,False,10.195591574331608,0.0,0.580726600999687,45.0,90.0,0.10746989392440157,tilt,False
0.004247108101277611,-0.10746989392440157,1.5107476925884004e-09,0.0,1.0,22.14,RL,0.8594366408646358,True,True,-2.004110287930266,-2.050696399391809,17.763504718882388,False,11.4747661687633,0.0,0.7051677823613292,45.0,90.0,0.10746989392440157,tilt,False
0.004247108101277611,-0.10746989392440157,1.367030275731767e-09,0.0,1.0,22.14,RR,0.3594366408646358,False,False,-2.008469394565282,-2.0403505887143862,17.773870180180154,False,11.50061563745333,0.0,0.7070865611039423,45.0,90.0,0.10746989392440157,tilt,False
0.004247107848123539,-0.10746989401344481,1.222993153788105e-09,0.0,1.0,22.16,FL,0.3594366408646358,False,False,-1.7698915677533469,-2.56562910938736,17.247399685603643,False,10.169606740204392,0.0,0.5787563815760113,45.0,90.0,0.10746989401344481,tilt,False
0.004247107848123539,-0.10746989401344481,9.060942336657754e-10,0.0,1.0,22.16,FR,0.8594366408646358,True,True,-1.7742407905887574,-2.55548415408214,17.25757142671382,False,10.195591414040072,0.0,0.5807266013046672,45.0,90.0,0.10746989401344481,tilt,False
0.004247107848123539,-0.10746989401344481,1.4681923518872794e-09,0.0,1.0,22.16,RL,0.8594366408646358,True,True,-2.0041102880722845,-2.050696398043641,17.76350472023296,False,11.47476622890042,0.0,0.7051677823837934,45.0,90.0,0.10746989401344481,tilt,False
0.004247107848123539,-0.10746989401344481,1.3430780079958711e-09,0.0,1.0,22.16,RR,0.3594366408646358,False,False,-2.0084693943600436,-2.0403505873204804,17.77387018157564,False,11.500615624104414,0.0,0.7070865610232547,45.0,90.0,0.10746989401344481,tilt,False
0.004247107241545323,-0.10746989402701704,9.655540954309038e-10,0.0,1.0,22.18,FL,0.3594366408646358,False,False,-1.769891562432506,-2.5656291061179997,17.247399688886894,False,10.169606666095968,0.0,0.5787563821434207,45.0,90.0,0.10746989402701704,tilt,False
0.004247107241545323,-0.10746989402701704,7.866930884230168e-10,0.0,1.0,22.18,FR,0.8594366408646358,True,True,-1.7742407970569758,-2.555484160090143,17.257571420686073,False,10.195591500134716,0.0,0.580726600787825,45.0,90.0,0.10746989402701704,tilt,False
0.004247107241545323,-0.10746989402701704,1.3137036828515335e-09,0.0,1.0,22.18,RL,0.8594366408646358,True,True,-2.0041102847822567,-2.0506963935360973,17.763504724749037,False,11.474766195073078,0.0,0.7051677832817633,45.0,90.0,0.10746989402701704,tilt,False
0.004247107241545323,-0.10746989402701704,1.234552175141637e-09,0.0,1.0,22.18,RR,0.3594366408646358,False,False,-2.008469394728117,-2.0403505867634535,17.773870182132946,False,11.50061563265202,0.0,0.7070865599867964,45.0,90.0,0.10746989402701704,tilt,False
0.004247107314694585,-0.10746989404117524,1.0260220086329496e-09,0.0,1.0,22.2,FL,0.3594366408646358,False,False,-1.7698915606507888,-2.5656291060482985,17.24739968895858,False,10.169606671132655,0.0,0.5787563825394196,45.0,90.0,0.10746989404117524,tilt,False
0.004247107314694585,-0.10746989404117524,7.820008906535963e-10,0.0,1.0,22.2,FR,0.8594366408646358,True,True,-1.774240799302898,-2.5554841628825584,17.257571417886552,False,10.195591494038785,0.0,0.5807266004363589,45.0,90.0,0.10746989404117524,tilt,False
0.004247107314694585,-0.10746989404117524,1.356699259188467e-09,0.0,1.0,22.2,RL,0.8594366408646358,True,True,-2.0041102833558906,-2.050696390962212,17.763504727326623,False,11.474766192633188,0.0,0.7051677836345996,45.0,90.0,0.10746989404117524,tilt,False
0.004247107314694585,-0.10746989404117524,1.263362139788778e-09,0.0,1.0,22.2,RR,0.3594366408646358,False,False,-2.0084693949213586,-2.0403505858272477,17.773870183070432,False,11.500615633377707,0.0,0.7070865595116802,45.0,90.0,0.10746989404117524,tilt,False
0.004247107737083247,-0.10746989408445766,1.107852499884446e-09,0.0,1.0,22.22,FL,0.3594366408646358,False,False,-1.7698915616581254,-2.5656291087589183,17.247399686240776,False,10.169606757095949,0.0,0.578756382602581,45.0,90.0,0.10746989408445766,tilt,False
0.004247107737083247,-0.10746989408445766,8.190015935340874e-10,0.0,1.0,22.22,FR,0.8594366408646358,True,True,-1.7742407982148587,-2.5554841624984457,17.25757141827365,False,10.195591392210336,0.0,0.580726600407675,45.0,90.0,0.10746989408445766,tilt,False
0.004247107737083247,-0.10746989408445766,1.4075508637038632e-09,0.0,1.0,22.22,RL,0.8594366408646358,True,True,-2.004110283517005,-2.0506963898557147,17.76350472843343,False,11.4747662436155,0.0,0.7051677834372927,45.0,90.0,0.10746989408445766,tilt,False
0.004247107737083247,-0.10746989408445766,1.299666117110835e-09,0.0,1.0,22.22,RR,0.3594366408646358,False,False,-2.008469394925931,-2.0403505845308714,17.77387018436876,False,11.500615626825011,0.0,0.707086559618016,45.0,90.0,0.10746989408445766,tilt,False
0.004247108031020669,-0.10746989415661362,1.127515932512098e-09,0.0,1.0,22.240000000000002,FL,0.3594366408646358,False,False,-1.7698915628000869,-2.565629111735447,17.247399683256983,False,10.169606678077258,0.0,0.5787563825233186,45.0,90.0,0.10746989415661362,tilt,False
0.004247108031020669,-0.10746989415661362,8.344422409119263e-10,0.0,1.0,22.240000000000002,FR,0.8594366408646358,True,True,-1.7742407969465295,-2.5554841615599013,17.257571419215772,False,10.19559148438613,0.0,0.5807266005175683,45.0,90.0,0.10746989415661362,tilt,False
0.004247108031020669,-0.10746989415661362,1.4203404299526866e-09,0.0,1.0,22.240000000000002,RL,0.8594366408646358,True,True,-2.0041102838762974,-2.050696388763571,17.76350472952617,False,11.474766203089581,0.0,0.7051677831427289,45.0,90.0,0.10746989415661362,tilt,False
0.004247108031020669,-0.10746989415661362,1.3114069555830994e-09,0.0,1.0,22.240000000000002,RR,0.3594366408646358,False,False,-2.0084693948997714,-2.0403505831741304,17.77387018572752,False,11.500615634538365,0.0,0.7070865598358268,45.0,90.0,0.10746989415661362,tilt,False
0.004247108448993273,-0.10746989423837394,1.2625646936179487e-09,0.0,1.0,22.26,FL,0.3594366408646358,False,False,-1.7698915664474888,-2.5656291177416115,17.24739967723567,False,10.169606731737096,0.0,0.578756382062576,45.0,90.0,0.10746989423837394,tilt,False
0.004247108448993273,-0.10746989423837394,9.402226599056554e-10,0.0,1.0,22.26,FR,0.8594366408646358,True,True,-1.7742407927777635,-2.5554841566974886,17.25757142409159,False,10.195591422710397,0.0,0.5807266009981639,45.0,90.0,0.10746989423837394,tilt,False
0.004247108448993273,-0.10746989423837394,1.4956187275144052e-09,0.0,1.0,22.26,RL,0.8594366408646358,True,True,-2.0041102856062922,-2.0506963890293584,17.763504729258415,False,11.474766225116243,0.0,0.7051677824956711,45.0,90.0,0.10746989423837394,tilt,False
0.004247108448993273,-0.10746989423837394,1.362859596814502e-09,0.0,1.0,22.26,RR,0.3594366408646358,False,False,-2.008469394546582,-2.040350581463745,17.773870187440405,False,11.50061562859503,0.0,0.7070865604396704,45.0,90.0,0.10746989423837394,tilt,False
0.004247108763113263,-0.10746989432387208,1.3425171599684412e-09,0.0,1.0,22.28,FL,0.3594366408646358,False,False,-1.769891570700073,-2.5656291249853416,17.247399669974897,False,10.169606601846455,0.0,0.5787563811992421,45.0,90.0,0.10746989432387208,tilt,False
0.004247108763113263,-0.10746989432387208,1.0129551477626786e-09,0.0,1.0,22.28,FR,0.8594366408646358,True,True,-1.7742407879434465,-2.555484149942881,17.257571430862747,False,10.195591573024513,0.0,0.580726601869655,45.0,90.0,0.10746989432387208,tilt,False
0.004247108763113263,-0.10746989432387208,1.5403245607171794e-09,0.0,1.0,22.28,RL,0.8594366408646358,True,True,-2.004110287670814,-2.050696389695735,17.763504728589762,False,11.474766166516483,0.0,0.7051677815109758,45.0,90.0,0.10746989432387208,tilt,False
0.004247108763113263,-0.10746989432387208,1.3942921208013299e-09,0.0,1.0,22.28,RR,0.3594366408646358,False,False,-2.008469394035411,-2.0403505796343335,17.773870189272372,False,11.50061564056577,0.0,0.7070865614157069,45.0,90.0,0.10746989432387208,tilt,False
0.004247108016449747,-0.10746989437382433,9.960620139324727e-10,0.0,1.0,22.3,FL,0.3594366408646358,False,False,-1.7698915654924021,-2.5656291221678833,17.24739967280595,False,10.169606735326013,0.0,0.5787563817899268,45.0,90.0,0.10746989437382433,tilt,False
0.004247108016449747,-0.10746989437382433,8.002551444276245e-10,0.0,1.0,22.3,FR,0.8594366408646358,True,True,-1.7742407941940055,-2.5554841550067366,17.25757142578009,False,10.195591420377534,0.0,0.5807266013284316,45.0,90.0,0.10746989437382433,tilt,False
0.004247108016449747,-0.10746989437382433,1.3425632479386588e-09,0.0,1.0,22.3,RL,0.8594366408646358,True,True,-2.00411028466458,-2.050696385356727,17.76350473293733,False,11.474766221508386,0.0,0.7051677826295722,45.0,90.0,0.10746989437382433,tilt,False
0.004247108016449747,-0.10746989437382433,1.2623216984992848e-09,0.0,1.0,22.3,RR,0.3594366408646358,False,False,-2.0084693944273195,-2.0403505790524448,17.77387018985442,False,11.5006156286924,0.0,0.707086560163917,45.0,90.0,0.10746989437382433,tilt,False
0.004247107830184514,-0.10746989438038865,9.74839013698109e-10,0.0,1.0,22.32,FL,0.3594366408646358,False,False,-1.7698915618446533,-2.5656291201393393,17.24739967484274,False,10.169606661113404,0.0,0.578756382310146,45.0,90.0,0.10746989438038865,tilt,False
0.004247107830184514,-0.10746989438038865,7.78071762620133e-10,0.0,1.0,22.32,FR,0.8594366408646358,True,True,-1.774240798620947,-2.5554841599045273,17.257571420868405,False,10.195591505294168,0.0,0.5807266008549998,45.0,90.0,0.10746989438038865,tilt,False
0.004247107830184514,-0.10746989438038865,1.3322688458567801e-09,0.0,1.0,22.32,RL,0.8594366408646358,True,True,-2.0041102822824994,-2.0506963818563357,17.76350473644358,False,11.474766189343695,0.0,0.7051677832112303,45.0,90.0,0.10746989438038865,tilt,False
0.004247107830184514,-0.10746989438038865,1.2510074523092056e-09,0.0,1.0,22.32,RR,0.3594366408646358,False,False,-2.00846939477722,-2.0403505783732796,17.77387019053435,False,11.500615637530528,0.0,0.7070865594515875,45.0,90.0,0.10746989438038865,tilt,False
0.004247108092249212,-0.10746989441308362,1.0436367598229484e-09,0.0,1.0,22.34,FL,0.3594366408646358,False,False,-1.7698915612662827,-2.5656291210050286,17.247399673975238,False,10.169606668230198,0.0,0.5787563826229657,45.0,90.0,0.10746989441308362,tilt,False
0.004247108092249212,-0.10746989441308362,7.913301819848161e-10,0.0,1.0,22.34,FR,0.8594366408646358,True,True,-1.7742407993933222,-2.5554841616579544,17.257571419112008,False,10.195591496866891,0.0,0.5807266005825665,45.0,90.0,0.10746989441308362,tilt,False
0.004247108092249212,-0.10746989441308362,1.3778335270672305e-09,0.0,1.0,22.34,RL,0.8594366408646358,True,True,-2.0041102815861604,-2.0506963799356916,17.76350473836634,False,11.474766188221624,0.0,0.7051677833435263,45.0,90.0,0.10746989441308362,tilt,False
0.004247108092249212,-0.10746989441308362,1.2839324366032054e-09,0.0,1.0,22.34,RR,0.3594366408646358,False,False,-2.0084693949305246,-2.040350577305731,17.77387019160351,False,11.50061563759819,0.0,0.7070865592086308,45.0,90.0,0.10746989441308362,tilt,False
0.004247108560394433,-0.10746989447149462,1.1343428960538132e-09,0.0,1.0,22.36,FL,0.3594366408646358,False,False,-1.769891563194747,-2.565629124488697,17.247399670481805,False,10.169606758487504,0.0,0.5787563825703931,45.0,90.0,0.10746989447149462,tilt,False
0.004247108560394433,-0.10746989447149462,8.445424872099239e-10,0.0,1.0,22.36,FR,0.8594366408646358,True,True,-1.7742407972189678,-2.555484160254494,17.257571420521547,False,10.19559139102286,0.0,0.5807266006654936,45.0,90.0,0.10746989447149462,tilt,False
0.004247108560394433,-0.10746989447149462,1.4309135908954545e-09,0.0,1.0,22.36,RL,0.8594366408646358,True,True,-2.004110282298032,-2.0506963792706854,17.76350473903074,False,11.474766240445174,0.0,0.7051677829803592,45.0,90.0,0.10746989447149462,tilt,False
0.004247108560394433,-0.10746989447149462,1.3221423873576603e-09,0.0,1.0,22.36,RR,0.3594366408646358,False,False,-2.0084693948323324,-2.0403505758862415,17.77387019302517,False,11.500615629311786,0.0,0.7070865594930512,45.0,90.0,0.10746989447149462,tilt,False
0.004247108815666159,-0.10746989455161415,1.1582063285986155e-09,0.0,1.0,22.38,FL,0.3594366408646358,False,False,-1.7698915650156897,-2.5656291281082355,17.247399666853337,False,10.16960667870786,0.0,0.5787563823581872,45.0,90.0,0.10746989455161415,tilt,False
0.004247108815666159,-0.10746989455161415,8.654284277155495e-10,0.0,1.0,22.38,FR,0.8594366408646358,True,True,-1.7742407951733368,-2.5554841583481056,17.257571422433845,False,10.195591483602891,0.0,0.5807266009040657,45.0,90.0,0.10746989455161415,tilt,False
0.004247108815666159,-0.10746989455161415,1.44467259023132e-09,0.0,1.0,22.38,RL,0.8594366408646358,True,True,-2.0041102830628126,-2.050696378493644,17.7635047398079,False,11.474766200653937,0.0,0.7051677825614167,45.0,90.0,0.10746989455161415,tilt,False
0.004247108815666159,-0.10746989455161415,1.3342741209881675e-09,0.0,1.0,22.38,RR,0.3594366408646358,False,False,-2.0084693946790346,-2.040350574440207,17.773870194473325,False,11.500615637145213,0.0,0.7070865598475297,45.0,90.0,0.10746989455161415,tilt,False
0.004247109167220963,-0.1074698946360508,1.3009757306372353e-09,0.0,1.0,22.400000000000002,FL,0.3594366408646358,False,False,-1.7698915692382424,-2.565629134776086,17.247399660168956,False,10.169606735047555,0.0,0.578756381751389,45.0,90.0,0.1074698946360508,tilt,False
0.004247109167220963,-0.1074698946360508,9.84198576851522e-10,0.0,1.0,22.400000000000002,FR,0.8594366408646358,True,True,-1.7742407903797788,-2.555484152484022,17.25757142831337,False,10.195591419367245,0.0,0.5807266015264363,45.0,90.0,0.1074698946360508,tilt,False
0.004247109167220963,-0.1074698946360508,1.5221620789092933e-09,0.0,1.0,22.400000000000002,RL,0.8594366408646358,True,True,-2.004110285092536,-2.050696379015154,17.763504739284137,False,11.474766223389057,0.0,0.7051677818090811,45.0,90.0,0.1074698946360508,tilt,False
0.004247109167220963,-0.1074698946360508,1.3873451665770215e-09,0.0,1.0,22.400000000000002,RR,0.3594366408646358,False,False,-2.008469394174015,-2.0403505726443205,17.773870196271783,False,11.500615630338153,0.0,0.7070865605683465,45.0,90.0,0.1074698946360508,tilt,False
0.004247109100155191,-0.10746989472503544,1.2788564763948244e-09,0.0,1.0,22.42,FL,0.3594366408646358,False,False,-1.7698915713920127,-2.565629139953375,17.247399654981734,False,10.169606797277691,0.0,0.5787563812069795,45.0,90.0,0.10746989472503544,tilt,False
0.004247109100155191,-0.10746989472503544,9.684278332954423e-10,0.0,1.0,22.42,FR,0.8594366408646358,True,True,-1.774240788016194,-2.5554841478988357,17.25757143290735,False,10.195591349200877,0.0,0.5807266020877373,45.0,90.0,0.10746989472503544,tilt,False
0.004247109100155191,-0.10746989472503544,1.5125553309085928e-09,0.0,1.0,22.42,RL,0.8594366408646358,True,True,-2.004110286088344,-2.050696378558807,17.763504739740938,False,11.474766247946668,0.0,0.7051677814272425,45.0,90.0,0.10746989472503544,tilt,False
0.004247109100155191,-0.10746989472503544,1.3843388716377445e-09,0.0,1.0,22.42,RR,0.3594366408646358,False,False,-2.008469393798156,-2.040350571084527,17.77387019783346,False,11.500615623170734,0.0,0.7070865609147955,45.0,90.0,0.10746989472503544,tilt,False
0.004247108443139488,-0.10746989474781286,9.836099192912765e-10,0.0,1.0,22.44,FL,0.3594366408646358,False,False,-1.7698915662636774,-2.5656291369206135,17.24739965802804,False,10.169606735348069,0.0,0.5787563817119011,45.0,90.0,0.10746989474781286,tilt,False
0.004247108443139488,-0.10746989474781286,8.013661752043416e-10,0.0,1.0,22.44,FR,0.8594366408646358,True,True,-1.7742407941568166,-2.5554841532992625,17.257571427488305,False,10.195591420683213,0.0,0.5807266016280157,45.0,90.0,0.10746989474781286,tilt,False
0.004247108443139488,-0.10746989474781286,1.3411099370778861e-09,0.0,1.0,22.44,RL,0.8594366408646358,True,True,-2.0041102831024995,-2.0506963743581497,17.763504743949696,False,11.474766217982953,0.0,0.7051677823213928,45.0,90.0,0.10746989474781286,tilt,False
0.004247108443139488,-0.10746989474781286,1.2635571861844646e-09,0.0,1.0,22.44,RR,0.3594366408646358,False,False,-2.0084693941983396,-2.0403505705938776,17.77387019832422,False,11.500615631366774,0.0,0.7070865598953612,45.0,90.0,0.10746989474781286,tilt,False
0.00424710836726408,-0.1074698947588201,9.957373640705646e-10,0.0,1.0,22.46,FL,0.3594366408646358,False,False,-1.7698915634267212,-2.5656291356273493,17.24739965932695,False,10.169606660324336,0.0,0.5787563821356194,45.0,90.0,0.1074698947588201,tilt,False
0.00424710836726408,-0.1074698947588201,7.873450087448218e-10,0.0,1.0,22.46,FR,0.8594366408646358,True,True,-1.7742407975944765,-2.5554841572763936,17.257571423500245,False,10.19559150587861,0.0,0.5807266012464104,45.0,90.0,0.1074698947588201,tilt,False
0.00424710836726408,-0.1074698947588201,1.353117330589848e-09,0.0,1.0,22.46,RL,0.8594366408646358,True,True,-2.0041102812045493,-2.0506963713639927,17.76350474694855,False,11.474766186459263,0.0,0.7051677827437004,45.0,90.0,0.1074698947588201,tilt,False
0.00424710836726408,-0.1074698947588201,1.2703008071200703e-09,0.0,1.0,22.46,RR,0.3594366408646358,False,False,-2.0084693945077934,-2.0403505698609568,17.77387019905798,False,11.500615640476909,0.0,0.7070865593541807,45.0,90.0,0.1074698947588201,tilt,False
0.004247108675148233,-0.1074698947982607,1.0706586490002843e-09,0.0,1.0,22.48,FL,0.3594366408646358,False,False,-1.7698915634672894,-2.5656291371557347,17.247399657794826,False,10.169606668728358,0.0,0.5787563823403815,45.0,90.0,0.1074698947982607,tilt,False
0.004247108675148233,-0.1074698947982607,8.137503639285077e-10,0.0,1.0,22.48,FR,0.8594366408646358,True,True,-1.774240797632696,-2.555484158113814,17.25757142266223,False,10.195591496111293,0.0,0.5807266010774265,45.0,90.0,0.1074698947982607,tilt,False
0.004247108675148233,-0.1074698947982607,1.4011219230472756e-09,0.0,1.0,22.48,RL,0.8594366408646358,True,True,-2.0041102808658167,-2.050696369825605,17.763504748488327,False,11.474766185840167,0.0,0.70516778275574,45.0,90.0,0.1074698947982607,tilt,False
0.004247108675148233,-0.1074698947982607,1.305736440549809e-09,0.0,1.0,22.48,RR,0.3594366408646358,False,False,-2.008469394603099,-2.0403505687353225,17.773870200185325,False,11.500615640279396,0.0,0.7070865592438451,45.0,90.0,0.1074698947982607,tilt,False
0.004247109160087816,-0.10746989485936265,1.1672582624250329e-09,0.0,1.0,22.5,FL,0.3594366408646358,False,False,-1.7698915658980048,-2.565629141291655,17.2473996536476,False,10.169606762519019,0.0,0.578756382169708,45.0,90.0,0.10746989485936265,tilt,False
0.004247109160087816,-0.10746989485936265,8.784848555784996e-10,0.0,1.0,22.5,FR,0.8594366408646358,True,True,-1.7742407948924053,-2.555484155777398,17.25757142500686,False,10.195591387069687,0.0,0.5807266012740493,45.0,90.0,0.10746989485936265,tilt,False
0.004247109160087816,-0.10746989485936265,1.4565682787168754e-09,0.0,1.0,22.5,RL,0.8594366408646358,True,True,-2.004110281830583,-2.0506963694776648,17.763504748835203,False,11.47476623861388,0.0,0.7051677822924174,45.0,90.0,0.10746989485936265,tilt,False
0.004247109160087816,-0.10746989485936265,1.3459512759992988e-09,0.0,1.0,22.5,RR,0.3594366408646358,False,False,-2.008469394426407,-2.040350567256082,17.773870201666853,False,11.500615630801594,0.0,0.7070865596402888,45.0,90.0,0.10746989485936265,tilt,False
0.004247109419462485,-0.10746989493830904,1.1927688882811936e-09,0.0,1.0,22.52,FL,0.3594366408646358,False,False,-1.7698915680830103,-2.565629145523881,17.247399649405228,False,10.169606681038312,0.0,0.5787563818395937,45.0,90.0,0.10746989493830904,tilt,False
0.004247109419462485,-0.10746989493830904,9.018175459334793e-10,0.0,1.0,22.52,FR,0.8594366408646358,True,True,-1.7742407924453072,-2.5554841529704353,17.25757142782149,False,10.195591481035807,0.0,0.5807266016261331,45.0,90.0,0.10746989493830904,tilt,False
0.004247109419462485,-0.10746989493830904,1.4715391547923617e-09,0.0,1.0,22.52,RL,0.8594366408646358,True,True,-2.0041102827627055,-2.0506963689795565,17.763504749333023,False,11.474766198783305,0.0,0.7051677817944745,45.0,90.0,0.10746989493830904,tilt,False
0.004247109419462485,-0.10746989493830904,1.3590736151109237e-09,0.0,1.0,22.52,RR,0.3594366408646358,False,False,-2.008469394205469,-2.040350565769428,17.773870203155674,False,11.500615639300849,0.0,0.7070865600851597,45.0,90.0,0.10746989493830904,tilt,False
0.004247109786381693,-0.10746989501913201,1.3413960034959733e-09,0.0,1.0,22.54,FL,0.3594366408646358,False,False,-1.7698915726433173,-2.565629152877811,17.247399642033436,False,10.16960673942419,0.0,0.5787563811131001,45.0,90.0,0.10746989501913201,tilt,False
0.004247109786381693,-0.10746989501913201,1.0307734697725246e-09,0.0,1.0,22.54,FR,0.8594366408646358,True,True,-1.7742407873012345,-2.555484146155772,17.257571434653443,False,10.19559141490078,0.0,0.5807266023640211,45.0,90.0,0.10746989501913201,tilt,False
0.004247109786381693,-0.10746989501913201,1.5516071667690627e-09,0.0,1.0,22.54,RL,0.8594366408646358,True,True,-2.0041102849046935,-2.050696369774053,17.763504748535965,False,11.474766221649132,0.0,0.7051677809699717,45.0,90.0,0.10746989501913201,tilt,False
0.004247109786381693,-0.10746989501913201,1.414482117294243e-09,0.0,1.0,22.54,RR,0.3594366408646358,False,False,-2.008469393626023,-2.0403505639207777,17.773870205006954,False,11.500615632118505,0.0,0.7070865608886607,45.0,90.0,0.10746989501913201,tilt,False
0.004247109115615918,-0.10746989508010606,1.0423363311263604e-09,0.0,1.0,22.56,FL,0.3594366408646358,False,False,-1.7698915686033128,-2.5656291513435936,17.247399643577637,False,10.169606793119609,0.0,0.5787563814284326,45.0,90.0,0.10746989508010606,tilt,False
0.004247109115615918,-0.10746989508010606,8.253313900610032e-10,0.0,1.0,22.56,FR,0.8594366408646358,True,True,-1.7742407921015926,-2.5554841494701517,17.25757143132494,False,10.195591355042614,0.0,0.5807266020872496,45.0,90.0,0.10746989508010606,tilt,False
0.004247109115615918,-0.10746989508010606,1.3874723255491736e-09,0.0,1.0,22.56,RL,0.8594366408646358,True,True,-2.00411028268907,-2.0506963662355293,17.76350475208151,False,11.474766241057031,0.0,0.7051677817579189,45.0,90.0,0.10746989508010606,tilt,False
0.004247109115615918,-0.10746989508010606,1.304012291673124e-09,0.0,1.0,22.56,RR,0.3594366408646358,False,False,-2.008469393944126,-2.0403505632669154,17.773870205661083,False,11.500615627406791,0.0,0.7070865599971945,45.0,90.0,0.10746989508010606,tilt,False
0.0042471089381681945,-0.10746989508449357,9.94650308832281e-10,0.0,1.0,22.580000000000002,FL,0.3594366408646358,False,False,-1.7698915653310485,-2.5656291496872106,17.247399645241273,False,10.169606731424121,0.0,0.5787563818883203,45.0,90.0,0.10746989508449357,tilt,False
0.0042471089381681945,-0.10746989508449357,7.954785234737529e-10,0.0,1.0,22.580000000000002,FR,0.8594366408646358,True,True,-1.7742407960445565,-2.555484153661695,17.25757142712121,False,10.195591425084526,0.0,0.5807266016691782,45.0,90.0,0.10746989508449357,tilt,False
0.0042471089381681945,-0.10746989508449357,1.359545022908589e-09,0.0,1.0,22.580000000000002,RL,0.8594366408646358,True,True,-2.0041102805997344,-2.0506963631075315,17.763504755214704,False,11.474766212245708,0.0,0.7051677823066782,45.0,90.0,0.10746989508449357,tilt,False
0.0042471089381681945,-0.10746989508449357,1.2791280642509882e-09,0.0,1.0,22.580000000000002,RR,0.3594366408646358,False,False,-2.008469394277665,-2.0403505626214735,17.77387020630718,False,11.500615635701253,0.0,0.7070865593295782,45.0,90.0,0.10746989508449357,tilt,False
0.004247109085744749,-0.10746989511128931,1.0117646030763478e-09,0.0,1.0,22.6,FL,0.3594366408646358,False,False,-1.7698915637855208,-2.5656291493992325,17.24739964553081,False,10.169606656455727,0.0,0.5787563822324153,45.0,90.0,0.10746989511128931,tilt,False
0.004247109085744749,-0.10746989511128931,7.922805249352421e-10,0.0,1.0,22.6,FR,0.8594366408646358,True,True,-1.774240797922714,-2.55548415655979,17.257571424216636,False,10.195591509667121,0.0,0.5807266013633644,45.0,90.0,0.10746989511128931,tilt,False
0.004247109085744749,-0.10746989511128931,1.373550312649803e-09,0.0,1.0,22.6,RL,0.8594366408646358,True,True,-2.0041102794402694,-2.050696360809217,17.763504757516046,False,11.474766182009446,0.0,0.7051677824916686,45.0,90.0,0.10746989511128931,tilt,False
0.004247109085744749,-0.10746989511128931,1.2900810486783261e-09,0.0,1.0,22.6,RR,0.3594366408646358,False,False,-2.0084693945380123,-2.0403505617466697,17.77387020718324,False,11.500615644656733,0.0,0.7070865590368081,45.0,90.0,0.10746989511128931,tilt,False
0.004247109458631085,-0.10746989516545943,1.095903704806817e-09,0.0,1.0,22.62,FL,0.3594366408646358,False,False,-1.769891564796424,-2.5656291517488667,17.247399643174642,False,10.169606666969443,0.0,0.5787563823259542,45.0,90.0,0.10746989516545943,tilt,False
0.004247109458631085,-0.10746989516545943,8.355137944494768e-10,0.0,1.0,22.62,FR,0.8594366408646358,True,True,-1.774240796821789,-2.555484156354603,17.257571424424512,False,10.195591497729419,0.0,0.5807266013017044,45.0,90.0,0.10746989516545943,tilt,False
0.004247109458631085,-0.10746989516545943,1.4238857313466915e-09,0.0,1.0,22.62,RL,0.8594366408646358,True,True,-2.004110279664052,-2.0506963597393124,17.763504758586368,False,11.474766182539252,0.0,0.7051677823315157,45.0,90.0,0.10746989516545943,tilt,False
0.004247109458631085,-0.10746989516545943,1.3276802520771454e-09,0.0,1.0,22.62,RR,0.3594366408646358,False,False,-2.008469394530199,-2.040350560495438,17.77387020843644,False,11.500615643691166,0.0,0.7070865591107398,45.0,90.0,0.10746989516545943,tilt,False
0.004247109920636973,-0.10746989523477635,1.2008621299574278e-09,0.0,1.0,22.64,FL,0.3594366408646358,False,False,-1.7698915679963851,-2.565629156627527,17.24739963828268,False,10.169606765043069,0.0,0.5787563820193169,45.0,90.0,0.10746989523477635,tilt,False
0.004247109920636973,-0.10746989523477635,9.141888693331889e-10,0.0,1.0,22.64,FR,0.8594366408646358,True,True,-1.77424079321873,-2.5554841529779604,17.257571427811957,False,10.195591384683954,0.0,0.5807266016304412,45.0,90.0,0.10746989523477635,tilt,False
0.004247109920636973,-0.10746989523477635,1.4813209245981754e-09,0.0,1.0,22.64,RL,0.8594366408646358,True,True,-2.0041102810507034,-2.050696359728769,17.7635047585953,False,11.474766236445337,0.0,0.7051677817314999,45.0,90.0,0.10746989523477635,tilt,False
0.004247109920636973,-0.10746989523477635,1.3692548653260004e-09,0.0,1.0,22.64,RR,0.3594366408646358,False,False,-2.00846939420829,-2.0403505589068303,17.773870210027475,False,11.500615632515174,0.0,0.7070865596557898,45.0,90.0,0.10746989523477635,tilt,False
0.004247110113191145,-0.10746989531651595,1.229649840077362e-09,0.0,1.0,22.66,FL,0.3594366408646358,False,False,-1.7698915707528642,-2.5656291615259104,17.247399633372723,False,10.169606682462097,0.0,0.5787563815441032,45.0,90.0,0.10746989531651595,tilt,False
0.004247110113191145,-0.10746989531651595,9.413537646766553e-10,0.0,1.0,22.66,FR,0.8594366408646358,True,True,-1.7742407901473882,-2.5554841491776115,17.257571431622,False,10.19559147943209,0.0,0.58072660212373,45.0,90.0,0.10746989531651595,tilt,False
0.004247110113191145,-0.10746989531651595,1.4972595703178942e-09,0.0,1.0,22.66,RL,0.8594366408646358,True,True,-2.0041102822927206,-2.0506963594943834,17.763504758829093,False,11.474766197064914,0.0,0.7051677811271048,45.0,90.0,0.10746989531651595,tilt,False
0.004247110113191145,-0.10746989531651595,1.3828064437685496e-09,0.0,1.0,22.66,RR,0.3594366408646358,False,False,-2.0084693938436997,-2.040350557345482,17.77387021159101,False,11.500615641288881,0.0,0.7070865602188733,45.0,90.0,0.10746989531651595,tilt,False
0.0042471104144477766,-0.10746989539674168,1.3852856311528092e-09,0.0,1.0,22.68,FL,0.3594366408646358,False,False,-1.7698915758114637,-2.5656291696012703,17.247399625278145,False,10.169606743383941,0.0,0.5787563806656426,45.0,90.0,0.10746989539674168,tilt,False
0.0042471104144477766,-0.10746989539674168,1.081366997065496e-09,0.0,1.0,22.68,FR,0.8594366408646358,True,True,-1.7742407844805776,-2.5554841413255835,17.257571439493262,False,10.195591410876947,0.0,0.5807266030096899,45.0,90.0,0.10746989539674168,tilt,False
0.0042471104144477766,-0.10746989539674168,1.5796960655433834e-09,0.0,1.0,22.68,RL,0.8594366408646358,True,True,-2.0041102846623247,-2.0506963605279904,17.76350475779265,False,11.474766220438989,0.0,0.7051677802080957,45.0,90.0,0.10746989539674168,tilt,False
0.0042471104144477766,-0.10746989539674168,1.4401704801252447e-09,0.0,1.0,22.68,RR,0.3594366408646358,False,False,-2.0084693931133915,-2.0403505554197654,17.773870213519395,False,11.500615633397286,0.0,0.7070865611278919,45.0,90.0,0.10746989539674168,tilt,False
0.0042471094757960525,-0.1074698954369063,9.572666070007082e-10,0.0,1.0,22.7,FL,0.3594366408646358,False,False,-1.7698915691319212,-2.5656291650378686,17.247399629860347,False,10.16960679417672,0.0,0.5787563813576353,45.0,90.0,0.1074698954369063,tilt,False
0.0042471094757960525,-0.1074698954369063,8.152155936749223e-10,0.0,1.0,22.7,FR,0.8594366408646358,True,True,-1.7742407922879955,-2.555484148138561,17.257571432656306,False,10.195591354505096,0.0,0.5807266023643379,45.0,90.0,0.1074698954369063,tilt,False
0.0042471094757960525,-0.1074698954369063,1.3370317075300358e-09,0.0,1.0,22.7,RL,0.8594366408646358,True,True,-2.0041102811485594,-2.0506963557398206,17.763504762590497,False,11.474766237828149,0.0,0.7051677814947097,45.0,90.0,0.1074698954369063,tilt,False
0.0042471094757960525,-0.1074698954369063,1.2700353782981207e-09,0.0,1.0,22.7,RR,0.3594366408646358,False,False,-2.0084693937412053,-2.040350555226781,17.773870213711824,False,11.500615629569884,0.0,0.7070865597104357,45.0,90.0,0.1074698954369063,tilt,False
0.004247109431694122,-0.10746989544298287,1.0173130499815897e-09,0.0,1.0,22.72,FL,0.3594366408646358,False,False,-1.7698915667622717,-2.5656291642047746,17.247399630697807,False,10.169606732118455,0.0,0.5787563817194957,45.0,90.0,0.10746989544298287,tilt,False
0.004247109431694122,-0.10746989544298287,8.078844841418272e-10,0.0,1.0,22.72,FR,0.8594366408646358,True,True,-1.7742407951535297,-2.5554841513442326,17.25757142944179,False,10.195591424418534,0.0,0.5807266020399264,45.0,90.0,0.10746989544298287,tilt,False
0.004247109431694122,-0.10746989544298287,1.3804956833178977e-09,0.0,1.0,22.72,RL,0.8594366408646358,True,True,-2.0041102795478847,-2.050696353142402,17.76350476519192,False,11.474766209531445,0.0,0.7051677818697103,45.0,90.0,0.10746989544298287,tilt,False
0.004247109431694122,-0.10746989544298287,1.298330589646096e-09,0.0,1.0,22.72,RR,0.3594366408646358,False,False,-2.0084693940088867,-2.0403505545043554,17.77387021443507,False,11.500615638059099,0.0,0.7070865592275335,45.0,90.0,0.10746989544298287,tilt,False
0.004247109635026347,-0.10746989547629401,1.0377544128548603e-09,0.0,1.0,22.740000000000002,FL,0.3594366408646358,False,False,-1.769891565861631,-2.5656291646090934,17.247399630292975,False,10.169606656206907,0.0,0.5787563819553815,45.0,90.0,0.10746989547629401,tilt,False
0.004247109635026347,-0.10746989547629401,8.114989796399092e-10,0.0,1.0,22.740000000000002,FR,0.8594366408646358,True,True,-1.774240796265203,-2.5554841533108643,17.25757142747116,False,10.195591509642973,0.0,0.580726601837867,45.0,90.0,0.10746989547629401,tilt,False
0.004247109635026347,-0.10746989547629401,1.3962259495584907e-09,0.0,1.0,22.740000000000002,RL,0.8594366408646358,True,True,-2.0041102787536382,-2.0506963512384666,17.76350476709812,False,11.474766179677818,0.0,0.7051677819270106,45.0,90.0,0.10746989547629401,tilt,False
0.004247109635026347,-0.10746989547629401,1.3113728784124545e-09,0.0,1.0,22.740000000000002,RR,0.3594366408646358,False,False,-2.008469394208498,-2.04035055356579,17.773870215375005,False,11.500615647250822,0.0,0.7070865590743258,45.0,90.0,0.10746989547629401,tilt,False
0.0042471100285520385,-0.10746989553345103,1.1280107554108381e-09,0.0,1.0,22.76,FL,0.3594366408646358,False,False,-1.7698915673846107,-2.565629167630118,17.2473996272638,False,10.169606667933266,0.0,0.5787563819326169,45.0,90.0,0.10746989553345103,tilt,False
0.0042471100285520385,-0.10746989553345103,8.66657376727179e-10,0.0,1.0,22.76,FR,0.8594366408646358,True,True,-1.7742407945831595,-2.5554841521657004,17.257571428621162,False,10.195591496495435,0.0,0.5807266018882195,45.0,90.0,0.10746989553345103,tilt,False
0.0042471100285520385,-0.10746989553345103,1.4489339191339266e-09,0.0,1.0,22.76,RL,0.8594366408646358,True,True,-2.004110279237439,-2.0506963504916578,17.763504767844825,False,11.47476618056122,0.0,0.7051677816663338,45.0,90.0,0.10746989553345103,tilt,False
0.0042471100285520385,-0.10746989553345103,1.3510269764744074e-09,0.0,1.0,22.76,RR,0.3594366408646358,False,False,-2.008469394124253,-2.040350552253614,17.773870216689243,False,11.50061564606469,0.0,0.7070865592604336,45.0,90.0,0.10746989553345103,tilt,False
0.004247110502178768,-0.10746989560203142,1.2385360296600609e-09,0.0,1.0,22.78,FL,0.3594366408646358,False,False,-1.7698915710151266,-2.565629173203115,17.24739962167602,False,10.169606769544123,0.0,0.5787563815031501,45.0,90.0,0.10746989560203142,tilt,False
0.004247110502178768,-0.10746989560203142,9.55308971952625e-10,0.0,1.0,22.78,FR,0.8594366408646358,True,True,-1.7742407905158366,-2.5554841478242634,17.25757143297539,False,10.195591380216415,0.0,0.5807266023357034,45.0,90.0,0.10746989560203142,tilt,False
0.004247110502178768,-0.10746989560203142,1.5087051458323205e-09,0.0,1.0,22.78,RL,0.8594366408646358,True,True,-2.0041102808051603,-2.0506963507712674,17.76350476756318,False,11.474766234939851,0.0,0.7051677809783563,45.0,90.0,0.10746989560203142,tilt,False
0.004247110502178768,-0.10746989560203142,1.3945871999445942e-09,0.0,1.0,22.78,RR,0.3594366408646358,False,False,-2.0084693937165756,-2.0403505506021054,17.77387021834326,False,11.500615633746945,0.0,0.7070865599043853,45.0,90.0,0.10746989560203142,tilt,False
0.004247110706035509,-0.10746989568044203,1.2684921971594429e-09,0.0,1.0,22.8,FL,0.3594366408646358,False,False,-1.7698915740843904,-2.5656291787746097,17.24739961609171,False,10.16960668504042,0.0,0.5787563809083892,45.0,90.0,0.10746989568044203,tilt,False
0.004247110706035509,-0.10746989568044203,9.84069114856531e-10,0.0,1.0,22.8,FR,0.8594366408646358,True,True,-1.774240787111775,-2.555484143089367,17.25757143772173,False,10.19559147661486,0.0,0.5807266029444911,45.0,90.0,0.10746989568044203,tilt,False
0.004247110706035509,-0.10746989568044203,1.5258565876828738e-09,0.0,1.0,22.8,RL,0.8594366408646358,True,True,-2.0041102821625847,-2.0506963508079776,17.76350476752555,False,11.474766195340209,0.0,0.7051677803029694,45.0,90.0,0.10746989568044203,tilt,False
0.004247110706035509,-0.10746989568044203,1.409224466732867e-09,0.0,1.0,22.8,RR,0.3594366408646358,False,False,-2.008469393286593,-2.0403505489946134,17.773870219953007,False,11.500615643303927,0.0,0.7070865605488476,45.0,90.0,0.10746989568044203,tilt,False
0.0042471102848932185,-0.10746989574674655,1.1315589606108682e-09,0.0,1.0,22.82,FL,0.3594366408646358,False,False,-1.7698915724936177,-2.565629179875177,17.247399614993274,False,10.169606737424871,0.0,0.5787563808781501,45.0,90.0,0.10746989574674655,tilt,False
0.0042471102848932185,-0.10746989574674655,8.846968531930666e-10,0.0,1.0,22.82,FR,0.8594366408646358,True,True,-1.7742407890486145,-2.5554841432132815,17.257571437592937,False,10.19559141864091,0.0,0.5807266030020757,45.0,90.0,0.10746989574674655,tilt,False
0.0042471102848932185,-0.10746989574674655,1.4543816039817896e-09,0.0,1.0,22.82,RL,0.8594366408646358,True,True,-2.0041102812615277,-2.05069634865172,17.763504769685944,False,11.474766213266227,0.0,0.7051677806316916,45.0,90.0,0.10746989574674655,tilt,False
0.0042471102848932185,-0.10746989574674655,1.3611061300063918e-09,0.0,1.0,22.82,RR,0.3594366408646358,False,False,-2.008469393349314,-2.0403505480614608,17.773870220886945,False,11.500615637778555,0.0,0.7070865601483259,45.0,90.0,0.10746989574674655,tilt,False
0.004247109886716995,-0.10746989575540758,9.658593921684093e-10,0.0,1.0,22.84,FL,0.3594366408646358,False,False,-1.7698915678193914,-2.5656291767743866,17.247399618106087,False,10.169606791084842,0.0,0.5787563815343548,45.0,90.0,0.10746989575540758,tilt,False
0.004247109886716995,-0.10746989575540758,8.040609986117773e-10,0.0,1.0,22.84,FR,0.8594366408646358,True,True,-1.7742407945295393,-2.5554841487618227,17.257571432027422,False,10.195591358264812,0.0,0.5807266023893303,45.0,90.0,0.10746989575540758,tilt,False
0.004247109886716995,-0.10746989575540758,1.3545280446228964e-09,0.0,1.0,22.84,RL,0.8594366408646358,True,True,-2.004110278625071,-2.0506963450012092,17.763504773343048,False,11.474766232246422,0.0,0.7051677815512507,45.0,90.0,0.10746989575540758,tilt,False
0.004247109886716995,-0.10746989575540758,1.2840885970001232e-09,0.0,1.0,22.84,RR,0.3594366408646358,False,False,-2.0084693938725895,-2.040350547690823,17.77387022125768,False,11.500615633518276,0.0,0.707086559102999,45.0,90.0,0.10746989575540758,tilt,False
0.004247110110418705,-0.10746989577418996,1.0347207822004329e-09,0.0,1.0,22.86,FL,0.3594366408646358,False,False,-1.7698915668740294,-2.565629177053101,17.24739961782715,False,10.16960672955945,0.0,0.5787563818195199,45.0,90.0,0.10746989577418996,tilt,False
0.004247110110418705,-0.10746989577418996,8.159021514853683e-10,0.0,1.0,22.86,FR,0.8594366408646358,True,True,-1.7742407957089465,-2.555484150819118,17.257571429966095,False,10.195591427128857,0.0,0.5807266021380649,45.0,90.0,0.10746989577418996,tilt,False
0.004247110110418705,-0.10746989577418996,1.4010647904260989e-09,0.0,1.0,22.86,RL,0.8594366408646358,True,True,-2.004110277771191,-2.050696343145534,17.763504775200918,False,11.474766205080028,0.0,0.70516778166776,45.0,90.0,0.10746989577418996,tilt,False
0.004247110110418705,-0.10746989577418996,1.3180663693772473e-09,0.0,1.0,22.86,RR,0.3594366408646358,False,False,-2.0084693940670486,-2.0403505467943424,17.773870222155505,False,11.50061564180019,0.0,0.7070865588887197,45.0,90.0,0.10746989577418996,tilt,False
0.00424711040193546,-0.10746989582181407,1.0613394461202305e-09,0.0,1.0,22.88,FL,0.3594366408646358,False,False,-1.7698915669991864,-2.56562917832253,17.247399616554205,False,10.169606653550119,0.0,0.5787563819474646,45.0,90.0,0.10746989582181407,tilt,False
0.00424711040193546,-0.10746989582181407,8.293547447407733e-10,0.0,1.0,22.88,FR,0.8594366408646358,True,True,-1.774240795624757,-2.5554841517298548,17.257571429054803,False,10.195591512140695,0.0,0.5807266020403876,45.0,90.0,0.10746989582181407,tilt,False
0.00424711040193546,-0.10746989582181407,1.4184872545965863e-09,0.0,1.0,22.88,RL,0.8594366408646358,True,True,-2.0041102775500454,-2.0506963417375665,17.763504776610095,False,11.474766176262454,0.0,0.7051677815412488,45.0,90.0,0.10746989582181407,tilt,False
0.00424711040193546,-0.10746989582181407,1.3329323519949733e-09,0.0,1.0,22.88,RR,0.3594366408646358,False,False,-2.008469394161879,-2.040350545721166,17.773870223230354,False,11.500615650729852,0.0,0.7070865589308322,45.0,90.0,0.10746989582181407,tilt,False
0.004247110783248549,-0.10746989588726395,1.1603514016142385e-09,0.0,1.0,22.900000000000002,FL,0.3594366408646358,False,False,-1.7698915693201909,-2.565629182113241,17.24739961275317,False,10.16960666725609,0.0,0.5787563817927885,45.0,90.0,0.10746989588726395,tilt,False
0.004247110783248549,-0.10746989588726395,8.991143110672239e-10,0.0,1.0,22.900000000000002,FR,0.8594366408646358,True,True,-1.7742407930478599,-2.5554841495419103,17.257571431250277,False,10.195591496997652,0.0,0.5807266022190781,45.0,90.0,0.10746989588726395,tilt,False
0.004247110783248549,-0.10746989588726395,1.4732405082253857e-09,0.0,1.0,22.900000000000002,RL,0.8594366408646358,True,True,-2.004110278465983,-2.0506963413438397,17.763504777003092,False,11.474766178109236,0.0,0.7051677811409546,45.0,90.0,0.10746989588726395,tilt,False
0.004247110783248549,-0.10746989588726395,1.3740584420744372e-09,0.0,1.0,22.900000000000002,RR,0.3594366408646358,False,False,-2.0084693939316325,-2.0403505442950705,17.77387022465864,False,11.500615648810621,0.0,0.7070865592680874,45.0,90.0,0.10746989588726395,tilt,False
0.0042471111997456285,-0.10746989595905777,1.2782612702384174e-09,0.0,1.0,22.92,FL,0.3594366408646358,False,False,-1.7698915736006418,-2.5656291884357527,17.247399606414234,False,10.169606773087299,0.0,0.5787563812143937,45.0,90.0,0.10746989595905777,tilt,False
0.0042471111997456285,-0.10746989595905777,9.993735601277144e-10,0.0,1.0,22.92,FR,0.8594366408646358,True,True,-1.7742407882785152,-2.5554841441459626,17.2575714366613,False,10.195591376770256,0.0,0.5807266028118535,45.0,90.0,0.10746989595905777,tilt,False
0.0042471111997456285,-0.10746989595905777,1.534934888482013e-09,0.0,1.0,22.92,RL,0.8594366408646358,True,True,-2.0041102803579762,-2.050696341900488,17.76350477644407,False,11.474766233491893,0.0,0.7051677803357951,45.0,90.0,0.10746989595905777,tilt,False
0.0042471111997456285,-0.10746989595905777,1.4189754879972435e-09,0.0,1.0,22.92,RR,0.3594366408646358,False,False,-2.008469393359032,-2.0403505425443496,17.773870226411976,False,11.500615634888259,0.0,0.7070865600402625,45.0,90.0,0.10746989595905777,tilt,False
0.004247111237816059,-0.10746989603881231,1.279972280783157e-09,0.0,1.0,22.94,FL,0.3594366408646358,False,False,-1.7698915763853726,-2.565629193900423,17.24739960093795,False,10.169606732780661,0.0,0.5787563806377332,45.0,90.0,0.10746989603881231,tilt,False
0.004247111237816059,-0.10746989603881231,1.004061275520592e-09,0.0,1.0,22.94,FR,0.8594366408646358,True,True,-1.7742407852270534,-2.5554841393141263,17.257571441503657,False,10.195591423947082,0.0,0.5807266034027284,45.0,90.0,0.10746989603881231,tilt,False
0.004247111237816059,-0.10746989603881231,1.5377044868756858e-09,0.0,1.0,22.94,RL,0.8594366408646358,True,True,-2.00411028159999,-2.050696341801661,17.763504776542568,False,11.474766204673644,0.0,0.7051677798229129,45.0,90.0,0.10746989603881231,tilt,False
0.004247111237816059,-0.10746989603881231,1.4238705745456331e-09,0.0,1.0,22.94,RR,0.3594366408646358,False,False,-2.0084693928825414,-2.0403505409828693,17.773870227975507,False,11.500615639582845,0.0,0.7070865605213902,45.0,90.0,0.10746989603881231,tilt,False
0.0042471104251941665,-0.10746989606841387,9.457843424610318e-10,0.0,1.0,22.96,FL,0.3594366408646358,False,False,-1.7698915700838855,-2.565629189272424,17.24739960558374,False,10.169606731744556,0.0,0.5787563812982957,45.0,90.0,0.10746989606841387,tilt,False
0.0042471104251941665,-0.10746989606841387,8.155090251217865e-10,0.0,1.0,22.96,FR,0.8594366408646358,True,True,-1.7742407925086177,-2.5554841462138365,17.25757143458111,False,10.19559142518563,0.0,0.5807266027847698,45.0,90.0,0.10746989606841387,tilt,False
0.0042471104251941665,-0.10746989606841387,1.3437723729604546e-09,0.0,1.0,22.96,RL,0.8594366408646358,True,True,-2.0041102783871083,-2.050696337368575,17.763504780984295,False,11.47476620778127,0.0,0.7051677809363167,45.0,90.0,0.10746989606841387,tilt,False
0.0042471104251941665,-0.10746989606841387,1.2808758417165242e-09,0.0,1.0,22.96,RR,0.3594366408646358,False,False,-2.008469393554365,-2.0403505408732245,17.773870228084466,False,11.500615641520564,0.0,0.7070865592857976,45.0,90.0,0.10746989606841387,tilt,False
0.004247110324230326,-0.10746989608105946,9.80069903761717e-10,0.0,1.0,22.98,FL,0.3594366408646358,False,False,-1.769891567163534,-2.565629187402316,17.247399607460494,False,10.169606789032722,0.0,0.5787563818634203,45.0,90.0,0.10746989608105946,tilt,False
0.004247110324230326,-0.10746989608105946,8.030112291153898e-10,0.0,1.0,22.98,FR,0.8594366408646358,True,True,-1.774240795933916,-2.555484150518105,17.257571430265525,False,10.195591360694161,0.0,0.5807266022592487,45.0,90.0,0.10746989608105946,tilt,False
0.004247110324230326,-0.10746989608105946,1.3708530174469433e-09,0.0,1.0,22.98,RL,0.8594366408646358,True,True,-2.004110276637879,-2.0506963345576743,17.763504783799625,False,11.47476622841669,0.0,0.705167781538985,45.0,90.0,0.10746989608105946,tilt,False
0.004247110324230326,-0.10746989608105946,1.2989349217207743e-09,0.0,1.0,22.98,RR,0.3594366408646358,False,False,-2.0084693939376104,-2.040350540314758,17.773870228643535,False,11.500615636201479,0.0,0.7070865585669985,45.0,90.0,0.10746989608105946,tilt,False
0.004247110649245171,-0.10746989611608683,1.0589947221680195e-09,0.0,1.0,23.0,FL,0.3594366408646358,False,False,-1.769891567499255,-2.565629188662457,17.247399606196492,False,10.169606728162611,0.0,0.5787563820197517,45.0,90.0,0.10746989611608683,tilt,False
0.004247110649245171,-0.10746989611608683,8.339703312795006e-10,0.0,1.0,23.0,FR,0.8594366408646358,True,True,-1.7742407956231747,-2.555484151412029,17.257571429371634,False,10.195591428561643,0.0,0.5807266021328489,45.0,90.0,0.10746989611608683,tilt,False
0.004247110649245171,-0.10746989611608683,1.420411018212211e-09,0.0,1.0,23.0,RL,0.8594366408646358,True,True,-2.0041102764817573,-2.0506963332531276,17.76350478510513,False,11.474766202403218,0.0,0.7051677814222779,45.0,90.0,0.10746989611608683,tilt,False
0.004247110649245171,-0.10746989611608683,1.3366365992187736e-09,0.0,1.0,23.0,RR,0.3594366408646358,False,False,-2.0084693939810583,-2.0403505392591477,17.773870229700833,False,11.500615644114824,0.0,0.7070865585976622,45.0,90.0,0.10746989611608683,tilt,False
0.0042471109270184665,-0.10746989617495485,1.0914264075127005e-09,0.0,1.0,23.02,FL,0.3594366408646358,False,False,-1.7698915685553027,-2.5656291907397675,17.247399604113255,False,10.169606651915915,0.0,0.5787563819966419,45.0,90.0,0.10746989617495485,tilt,False
0.0042471109270184665,-0.10746989617495485,8.561290946682464e-10,0.0,1.0,23.02,FR,0.8594366408646358,True,True,-1.7742407944784933,-2.555484151232225,17.25757142955387,False,10.195591513558051,0.0,0.5807266021821702,45.0,90.0,0.10746989617495485,tilt,False
0.0042471109270184665,-0.10746989617495485,1.4395370917464089e-09,0.0,1.0,23.02,RL,0.8594366408646358,True,True,-2.0041102767796826,-2.050696332223538,17.763504786135233,False,11.474766174453833,0.0,0.7051677811224532,45.0,90.0,0.10746989617495485,tilt,False
0.0042471109270184665,-0.10746989617495485,1.3528508254892736e-09,0.0,1.0,23.02,RR,0.3594366408646358,False,False,-2.008469393912197,-2.04035053807201,17.773870230889763,False,11.50061565279419,0.0,0.7070865588253091,45.0,90.0,0.10746989617495485,tilt,False
0.004247111246706458,-0.107469896245517,1.1982045525088695e-09,0.0,1.0,23.04,FL,0.3594366408646358,False,False,-1.769891571602452,-2.5656291952969106,17.247399599544003,False,10.16960666743073,0.0,0.5787563816772104,45.0,90.0,0.107469896245517,tilt,False
0.004247111246706458,-0.107469896245517,9.388523738894255e-10,0.0,1.0,23.04,FR,0.8594366408646358,True,True,-1.7742407911025686,-2.555484147955388,17.257571432840635,False,10.195591496592137,0.0,0.580726602521479,45.0,90.0,0.107469896245517,tilt,False
0.004247111246706458,-0.107469896245517,1.4965828553877078e-09,0.0,1.0,23.04,RL,0.8594366408646358,True,True,-2.0041102780771203,-2.0506963321184797,17.763504786239167,False,11.474766177052135,0.0,0.7051677805846002,45.0,90.0,0.107469896245517,tilt,False
0.004247111246706458,-0.107469896245517,1.395658158383297e-09,0.0,1.0,23.04,RR,0.3594366408646358,False,False,-2.0084693935071076,-2.0403505365521846,17.77387023241186,False,11.50061565028596,0.0,0.7070865593120635,45.0,90.0,0.107469896245517,tilt,False
0.0042471115969827415,-0.10746989631807335,1.3225916957862386e-09,0.0,1.0,23.06,FL,0.3594366408646358,False,False,-1.769891576472775,-2.5656292024048772,17.24739959241805,False,10.169606777309172,0.0,0.5787563809265367,45.0,90.0,0.10746989631807335,tilt,False
0.0042471115969827415,-0.10746989631807335,1.0492316053080678e-09,0.0,1.0,23.06,FR,0.8594366408646358,True,True,-1.7742407857051432,-2.555484141451472,17.257571439361794,False,10.195591372570638,0.0,0.5807266032824021,45.0,90.0,0.10746989631807335,tilt,False
0.0042471115969827415,-0.10746989631807335,1.5606419160777103e-09,0.0,1.0,23.06,RL,0.8594366408646358,True,True,-2.004110280245587,-2.0506963329270933,17.763504785427934,False,11.474766233224614,0.0,0.7051677796597798,45.0,90.0,0.10746989631807335,tilt,False
0.0042471115969827415,-0.10746989631807335,1.4424551284115928e-09,0.0,1.0,23.06,RR,0.3594366408646358,False,False,-2.0084693927650137,-2.040350534717159,17.773870234249557,False,11.500615634950842,0.0,0.7070865602151879,45.0,90.0,0.10746989631807335,tilt,False
0.004247111191745042,-0.10746989639212946,1.1766711612539285e-09,0.0,1.0,23.080000000000002,FL,0.3594366408646358,False,False,-1.7698915761048575,-2.5656292046763762,17.247399590145342,False,10.169606731160965,0.0,0.578756380671915,45.0,90.0,0.10746989639212946,tilt,False
0.004247111191745042,-0.10746989639212946,9.317203154318892e-10,0.0,1.0,23.080000000000002,FR,0.8594366408646358,True,True,-1.774240786229144,-2.5554841400668855,17.257571440745654,False,10.195591426330525,0.0,0.5807266035578689,45.0,90.0,0.10746989639212946,tilt,False
0.004247111191745042,-0.10746989639212946,1.4876699888997528e-09,0.0,1.0,23.080000000000002,RL,0.8594366408646358,True,True,-2.004110280030072,-2.050696331358511,17.763504786999576,False,11.47476620158149,0.0,0.7051677797249305,45.0,90.0,0.10746989639212946,tilt,False
0.004247111191745042,-0.10746989639212946,1.39368142720516e-09,0.0,1.0,23.080000000000002,RR,0.3594366408646358,False,False,-2.0084693926386565,-2.0403505336724184,17.77387023529524,False,11.500615641495681,0.0,0.7070865600962648,45.0,90.0,0.10746989639212946,tilt,False
0.004247110607148839,-0.10746989640536755,9.649400538855279e-10,0.0,1.0,23.1,FL,0.3594366408646358,False,False,-1.7698915709192173,-2.565629201036347,17.24739959379956,False,10.169606731238057,0.0,0.5787563812331091,45.0,90.0,0.10746989640536755,tilt,False
0.004247110607148839,-0.10746989640536755,8.184104761138375e-10,0.0,1.0,23.1,FR,0.8594366408646358,True,True,-1.774240792222617,-2.555484145882272,17.257571434911565,False,10.195591425822998,0.0,0.580726603035089,45.0,90.0,0.10746989640536755,tilt,False
0.004247110607148839,-0.10746989640536755,1.3620263450638365e-09,0.0,1.0,23.1,RL,0.8594366408646358,True,True,-2.0041102773223836,-2.050696327578785,17.763504790786435,False,11.474766205461203,0.0,0.7051677806182147,45.0,90.0,0.10746989640536755,tilt,False
0.004247110607148839,-0.10746989640536755,1.296540654508387e-09,0.0,1.0,23.1,RR,0.3594366408646358,False,False,-2.0084693932162083,-2.040350533476544,17.773870235490747,False,11.500615643311779,0.0,0.7070865590900005,45.0,90.0,0.10746989640536755,tilt,False
0.0042471106316703654,-0.10746989642188837,1.0043346612424206e-09,0.0,1.0,23.12,FL,0.3594366408646358,False,False,-1.769891568793671,-2.565629200006022,17.247399594833862,False,10.169606791299657,0.0,0.5787563816903851,45.0,90.0,0.10746989642188837,tilt,False
0.0042471106316703654,-0.10746989642188837,8.171389394114962e-10,0.0,1.0,23.12,FR,0.8594366408646358,True,True,-1.7742407947186136,-2.5554841491599243,17.2575714316257,False,10.1955913585375,0.0,0.5807266026131069,45.0,90.0,0.10746989642188837,tilt,False
0.0042471106316703654,-0.10746989642188837,1.3917423695545843e-09,0.0,1.0,23.12,RL,0.8594366408646358,True,True,-2.004110275975895,-2.050696325244371,17.76350479312427,False,11.474766226747832,0.0,0.7051677810630508,45.0,90.0,0.10746989642188837,tilt,False
0.0042471106316703654,-0.10746989642188837,1.3183654616263118e-09,0.0,1.0,23.12,RR,0.3594366408646358,False,False,-2.0084693935411186,-2.040350532834155,17.773870236133938,False,11.500615637374393,0.0,0.7070865585405272,45.0,90.0,0.10746989642188837,tilt,False
0.004247111026755672,-0.10746989646074771,1.0903589797103345e-09,0.0,1.0,23.14,FL,0.3594366408646358,False,False,-1.7698915697441018,-2.5656292020570097,17.247399592776837,False,10.169606729818545,0.0,0.5787563817255424,45.0,90.0,0.10746989646074771,tilt,False
0.004247111026755672,-0.10746989646074771,8.61993185984536e-10,0.0,1.0,23.14,FR,0.8594366408646358,True,True,-1.7742407937108122,-2.5554841490281928,17.257571431759953,False,10.195591426817556,0.0,0.5807266026037824,45.0,90.0,0.10746989646074771,tilt,False
0.004247111026755672,-0.10746989646074771,1.4441037610042312e-09,0.0,1.0,23.14,RL,0.8594366408646358,True,True,-2.004110276113427,-2.050696324319437,17.763504794049425,False,11.474766200908094,0.0,0.7051677808188341,45.0,90.0,0.10746989646074771,tilt,False
0.004247111026755672,-0.10746989646074771,1.3587665880124944e-09,0.0,1.0,23.14,RR,0.3594366408646358,False,False,-2.0084693935148237,-2.04035053169601,17.7738702372739,False,11.50061564559417,0.0,0.7070865587101507,45.0,90.0,0.10746989646074771,tilt,False
0.004247111343480242,-0.10746989651994852,1.1257095988036025e-09,0.0,1.0,23.16,FL,0.3594366408646358,False,False,-1.7698915712500014,-2.565629204870676,17.24739958995564,False,10.16960665221736,0.0,0.5787563815786523,45.0,90.0,0.10746989651994852,tilt,False
0.004247111343480242,-0.10746989651994852,8.890573397779093e-10,0.0,1.0,23.16,FR,0.8594366408646358,True,True,-1.7742407920680776,-2.555484147855707,17.257571432937045,False,10.19559151297415,0.0,0.5807266027728891,45.0,90.0,0.10746989651994852,tilt,False
0.004247111343480242,-0.10746989651994852,1.4648770780548083e-09,0.0,1.0,23.16,RL,0.8594366408646358,True,True,-2.004110276610651,-2.0506963236105493,17.763504794758347,False,11.474766172947657,0.0,0.7051677804195774,45.0,90.0,0.10746989651994852,tilt,False
0.004247111343480242,-0.10746989651994852,1.3764171377592324e-09,0.0,1.0,23.16,RR,0.3594366408646358,False,False,-2.008469393380171,-2.0403505304434666,17.773870238528385,False,11.50061565470144,0.0,0.707086559048336,45.0,90.0,0.10746989651994852,tilt,False
0.004247111696593803,-0.10746989658798878,1.2380678115261695e-09,0.0,1.0,23.18,FL,0.3594366408646358,False,False,-1.7698915746748207,-2.5656292101945732,17.247399584618087,False,10.169606668730289,0.0,0.5787563811343576,45.0,90.0,0.10746989658798878,tilt,False
0.004247111696593803,-0.10746989658798878,9.814727281892926e-10,0.0,1.0,23.18,FR,0.8594366408646358,True,True,-1.7742407882929758,-2.5554841435624263,17.25757143724225,False,10.19559149502349,0.0,0.5807266032332418,45.0,90.0,0.10746989658798878,tilt,False
0.004247111696593803,-0.10746989658798878,1.5243182631178094e-09,0.0,1.0,23.18,RL,0.8594366408646358,True,True,-2.0041102780428837,-2.0506963238037317,17.763504794563627,False,11.474766175633325,0.0,0.7051677797985875,45.0,90.0,0.10746989658798878,tilt,False
0.004247111696593803,-0.10746989658798878,1.4213071835030158e-09,0.0,1.0,23.18,RR,0.3594366408646358,False,False,-2.008469392905988,-2.04035052885574,17.77387024011849,False,11.50061565215312,0.0,0.7070865596287057,45.0,90.0,0.10746989658798878,tilt,False
0.004247112088027648,-0.10746989665624788,1.3676071668126659e-09,0.0,1.0,23.2,FL,0.3594366408646358,False,False,-1.7698915798843862,-2.565629218124272,17.247399576668872,False,10.16960678215663,0.0,0.57875638025742,45.0,90.0,0.10746989665624788,tilt,False
0.004247112088027648,-0.10746989665624788,1.0999395063147384e-09,0.0,1.0,23.2,FR,0.8594366408646358,True,True,-1.774240782552075,-2.5554841360078164,17.257571444816108,False,10.195591367739745,0.0,0.5807266041168763,45.0,90.0,0.10746989665624788,tilt,False
0.004247112088027648,-0.10746989665624788,1.5907949540519107e-09,0.0,1.0,23.2,RL,0.8594366408646358,True,True,-2.0041102802999915,-2.0506963249058883,17.76350479345849,False,11.474766232150845,0.0,0.7051677787964749,45.0,90.0,0.10746989665624788,tilt,False
0.004247112088027648,-0.10746989665624788,1.4703470708847606e-09,0.0,1.0,23.2,RR,0.3594366408646358,False,False,-2.0084693920954173,-2.040350526944148,17.773870242032913,False,11.500615635782271,0.0,0.7070865606187411,45.0,90.0,0.10746989665624788,tilt,False
0.004247111202067578,-0.10746989669822571,9.611268936513847e-10,0.0,1.0,23.22,FL,0.3594366408646358,False,False,-1.769891573448576,-2.565629213630745,17.247399581180545,False,10.169606724637985,0.0,0.5787563808925263,45.0,90.0,0.10746989669822571,tilt,False
0.004247111202067578,-0.10746989669822571,8.291407467728611e-10,0.0,1.0,23.22,FR,0.8594366408646358,True,True,-1.7742407898868744,-2.5554841424459234,17.257571438355395,False,10.195591433832105,0.0,0.5807266035203849,45.0,90.0,0.10746989669822571,tilt,False
0.004247111202067578,-0.10746989669822571,1.366274188155922e-09,0.0,1.0,23.22,RL,0.8594366408646358,True,True,-2.0041102772180435,-2.05069632065491,17.763504797718,False,11.474766195322186,0.0,0.7051677799980705,45.0,90.0,0.10746989669822571,tilt,False
0.004247111202067578,-0.10746989669822571,1.3057871825048627e-09,0.0,1.0,23.22,RR,0.3594366408646358,False,False,-2.0084693928520068,-2.0403505269360642,17.77387024204006,False,11.500615645907116,0.0,0.7070865593058941,45.0,90.0,0.10746989669822571,tilt,False
0.0042471110571850705,-0.10746989670616451,9.763058969765807e-10,0.0,1.0,23.240000000000002,FL,0.3594366408646358,False,False,-1.7698915700492743,-2.5656292113603247,17.247399583459092,False,10.169606726698824,0.0,0.5787563814001986,45.0,90.0,0.10746989670616451,tilt,False
0.0042471110571850705,-0.10746989670616451,8.138198984927822e-10,0.0,1.0,23.240000000000002,FR,0.8594366408646358,True,True,-1.7742407938161342,-2.555484146972681,17.25757143381614,False,10.195591430627069,0.0,0.580726603047898,45.0,90.0,0.10746989670616451,tilt,False
0.0042471110571850705,-0.10746989670616451,1.3804156534186946e-09,0.0,1.0,23.240000000000002,RL,0.8594366408646358,True,True,-2.004110275302711,-2.050696317826221,17.763504800551324,False,11.474766200623076,0.0,0.7051677805666358,45.0,90.0,0.10746989670616451,tilt,False
0.0042471110571850705,-0.10746989670616451,1.3131215098213784e-09,0.0,1.0,23.240000000000002,RR,0.3594366408646358,False,False,-2.008469393329836,-2.0403505265163826,17.773870242460077,False,11.500615647182945,0.0,0.7070865586319344,45.0,90.0,0.10746989670616451,tilt,False
0.0042471112807477476,-0.10746989673603877,1.0241158606193566e-09,0.0,1.0,23.26,FL,0.3594366408646358,False,False,-1.7698915691986283,-2.565629211393059,17.247399583426265,False,10.16960679050495,0.0,0.5787563817684945,45.0,90.0,0.10746989673603877,tilt,False
0.0042471112807477476,-0.10746989673603877,8.28008204982437e-10,0.0,1.0,23.26,FR,0.8594366408646358,True,True,-1.7742407948338133,-2.55548414908429,17.257571431700672,False,10.195591359563304,0.0,0.5807266027114639,45.0,90.0,0.10746989673603877,tilt,False
0.0042471112807477476,-0.10746989673603877,1.41274225741418e-09,0.0,1.0,23.26,RL,0.8594366408646358,True,True,-2.0041102745986668,-2.050696316124638,17.76350480225485,False,11.474766223296998,0.0,0.7051677807875852,45.0,90.0,0.10746989673603877,tilt,False
0.0042471112807477476,-0.10746989673603877,1.3387381958451799e-09,0.0,1.0,23.26,RR,0.3594366408646358,False,False,-2.008469393550195,-2.040350525691133,17.773870243286627,False,11.50061564003164,0.0,0.7070865583168817,45.0,90.0,0.10746989673603877,tilt,False
0.00424711172744819,-0.1074698967854686,1.1204686334078882e-09,0.0,1.0,23.28,FL,0.3594366408646358,False,False,-1.769891571123665,-2.565629214358503,17.247399580451994,False,10.169606729352466,0.0,0.578756381679525,45.0,90.0,0.1074698967854686,tilt,False
0.00424711172744819,-0.1074698967854686,8.902133355469314e-10,0.0,1.0,23.28,FR,0.8594366408646358,True,True,-1.7742407927286326,-2.5554841478243504,17.25757143296648,False,10.195591427292916,0.0,0.5807266028229294,45.0,90.0,0.1074698967854686,tilt,False
0.00424711172744819,-0.1074698967854686,1.467466493007289e-09,0.0,1.0,23.28,RL,0.8594366408646358,True,True,-2.0041102752316915,-2.05069631564013,17.763504802738755,False,11.474766198376683,0.0,0.7051677803722533,45.0,90.0,0.1074698967854686,tilt,False
0.00424711172744819,-0.1074698967854686,1.3811753954592224e-09,0.0,1.0,23.28,RR,0.3594366408646358,False,False,-2.00846939337675,-2.040350524402247,17.77387024457763,False,11.500615647960252,0.0,0.7070865586684625,45.0,90.0,0.1074698967854686,tilt,False
0.004247112010027608,-0.10746989684984591,1.1609837013391159e-09,0.0,1.0,23.3,FL,0.3594366408646358,False,False,-1.7698915733568403,-2.565629217970971,17.247399576829977,False,10.16960665116969,0.0,0.5787563813903147,45.0,90.0,0.10746989684984591,tilt,False
0.004247112010027608,-0.10746989684984591,9.243662445656721e-10,0.0,1.0,23.3,FR,0.8594366408646358,True,True,-1.7742407902856492,-2.5554841455774358,17.257571435220477,False,10.195591513813408,0.0,0.5807266031308865,45.0,90.0,0.10746989684984591,tilt,False
0.004247112010027608,-0.10746989684984591,1.4893635393679786e-09,0.0,1.0,23.3,RL,0.8594366408646358,True,True,-2.004110276102616,-2.05069631525415,17.763504803124253,False,11.47476617105367,0.0,0.7051677798428617,45.0,90.0,0.10746989684984591,tilt,False
0.004247112010027608,-0.10746989684984591,1.3994595932045575e-09,0.0,1.0,23.3,RR,0.3594366408646358,False,False,-2.0084693930841335,-2.040350523040045,17.773870245941872,False,11.500615656933203,0.0,0.7070865591476221,45.0,90.0,0.10746989684984591,tilt,False
0.004247112298258911,-0.10746989691911978,1.2804629697475918e-09,0.0,1.0,23.32,FL,0.3594366408646358,False,False,-1.7698915773747617,-2.5656292240896805,17.247399570696054,False,10.169606669342471,0.0,0.5787563807928574,45.0,90.0,0.10746989691911978,tilt,False
0.004247112298258911,-0.10746989691911978,1.0278338647855399e-09,0.0,1.0,23.32,FR,0.8594366408646358,True,True,-1.7742407858773075,-2.5554841401987627,17.257571440613248,False,10.19559149418637,0.0,0.5807266037408157,45.0,90.0,0.10746989691911978,tilt,False
0.004247112298258911,-0.10746989691911978,1.55072948333261e-09,0.0,1.0,23.32,RL,0.8594366408646358,True,True,-2.0041102778169533,-2.0506963157137723,17.763504802662794,False,11.474766174354992,0.0,0.7051677791152074,45.0,90.0,0.10746989691911978,tilt,False
0.004247112298258911,-0.10746989691911978,1.4457947457810063e-09,0.0,1.0,23.32,RR,0.3594366408646358,False,False,-2.008469392444961,-2.0403505213579947,17.77387024762638,False,11.500615653866156,0.0,0.7070865598450913,45.0,90.0,0.10746989691911978,tilt,False
0.004247111814211177,-0.1074698969841508,1.1172311453791861e-09,0.0,1.0,23.34,FL,0.3594366408646358,False,False,-1.7698915757858176,-2.5656292248335824,17.247399569954947,False,10.169606646709608,0.0,0.5787563807250673,45.0,90.0,0.1074698969841508,tilt,False
0.004247111814211177,-0.1074698969841508,9.0319268658533e-10,0.0,1.0,23.34,FR,0.8594366408646358,True,True,-1.7742407877482518,-2.5554841405635265,17.25757144024323,False,10.195591520519226,0.0,0.5807266038317411,45.0,90.0,0.1074698969841508,tilt,False
0.004247111814211177,-0.1074698969841508,1.4674714203161985e-09,0.0,1.0,23.34,RL,0.8594366408646358,True,True,-2.0041102770660677,-2.0506963136935585,17.763504804686967,False,11.474766159654457,0.0,0.7051677793845286,45.0,90.0,0.1074698969841508,tilt,False
0.004247111814211177,-0.1074698969841508,1.3868498233688128e-09,0.0,1.0,23.34,RR,0.3594366408646358,False,False,-2.0084693925130868,-2.040350520577057,17.773870248407828,False,11.500615657416189,0.0,0.7070865595127037,45.0,90.0,0.1074698969841508,tilt,False
0.004247111415524433,-0.10746989699462668,9.733070963772822e-10,0.0,1.0,23.36,FL,0.3594366408646358,False,False,-1.7698915716275396,-2.565629221900491,17.247399572899106,False,10.16960671892033,0.0,0.5787563812857213,45.0,90.0,0.10746989699462668,tilt,False
0.004247111415524433,-0.10746989699462668,8.229932529407689e-10,0.0,1.0,23.36,FR,0.8594366408646358,True,True,-1.774240792523203,-2.5554841455622848,17.257571435229302,False,10.195591439966634,0.0,0.5807266033065993,45.0,90.0,0.10746989699462668,tilt,False
0.004247111415524433,-0.10746989699462668,1.3806858678102864e-09,0.0,1.0,23.36,RL,0.8594366408646358,True,True,-2.004110274906521,-2.050696310530741,17.763504807855455,False,11.47476619075882,0.0,0.7051677801781479,45.0,90.0,0.10746989699462668,tilt,False
0.004247111415524433,-0.10746989699462668,1.3166321351065764e-09,0.0,1.0,23.36,RR,0.3594366408646358,False,False,-2.0084693930290944,-2.0403505203165326,17.773870248668224,False,11.500615649388472,0.0,0.707086558612996,45.0,90.0,0.10746989699462668,tilt,False
0.004247111485296246,-0.10746989701348048,9.946452471857527e-10,0.0,1.0,23.38,FL,0.3594366408646358,False,False,-1.769891569815902,-2.5656292208026086,17.24739957400037,False,10.169606723406323,0.0,0.5787563816841073,45.0,90.0,0.10746989701348048,tilt,False
0.004247111485296246,-0.10746989701348048,8.202824329747593e-10,0.0,1.0,23.38,FR,0.8594366408646358,True,True,-1.774240794628998,-2.55548414883373,17.25757143195043,False,10.19559143401459,0.0,0.5807266029398719,45.0,90.0,0.10746989701348048,tilt,False
0.004247111485296246,-0.10746989701348048,1.397620596388197e-09,0.0,1.0,23.38,RL,0.8594366408646358,True,True,-2.004110273772647,-2.0506963084049348,17.76350480998419,False,11.474766197532038,0.0,0.7051677804628665,45.0,90.0,0.10746989701348048,tilt,False
0.004247111485296246,-0.10746989701348048,1.329388322150831e-09,0.0,1.0,23.38,RR,0.3594366408646358,False,False,-2.008469393340588,-2.0403505196957448,17.773870249289846,False,11.50061564969359,0.0,0.7070865582331813,45.0,90.0,0.10746989701348048,tilt,False
0.004247111759300117,-0.10746989705625741,1.051147088625477e-09,0.0,1.0,23.400000000000002,FL,0.3594366408646358,False,False,-1.7698915701197109,-2.5656292217907453,17.24739957300889,False,10.169606791078456,0.0,0.5787563819142991,45.0,90.0,0.10746989705625741,tilt,False
0.004247111759300117,-0.10746989705625741,8.49080766665901e-10,0.0,1.0,23.400000000000002,FR,0.8594366408646358,True,True,-1.7742407943383485,-2.555484149779203,17.25757143100469,False,10.195591359145016,0.0,0.5807266027379324,45.0,90.0,0.10746989705625741,tilt,False
0.004247111759300117,-0.10746989705625741,1.4324403467615951e-09,0.0,1.0,23.400000000000002,RL,0.8594366408646358,True,True,-2.00411027366941,-2.0506963071746513,17.763504811215412,False,11.474766221575203,0.0,0.705167780479799,45.0,90.0,0.10746989705625741,tilt,False
0.004247111759300117,-0.10746989705625741,1.3575833149079906e-09,0.0,1.0,23.400000000000002,RR,0.3594366408646358,False,False,-2.0084693933856665,-2.040350518718474,17.77387025026863,False,11.500615641228238,0.0,0.7070865581336788,45.0,90.0,0.10746989705625741,tilt,False
0.004247112172820566,-0.107469897113134,1.1569410949559923e-09,0.0,1.0,23.42,FL,0.3594366408646358,False,False,-1.7698915729342548,-2.56562922562871,17.24739956915979,False,10.169606730068699,0.0,0.5787563816620822,45.0,90.0,0.107469897113134,tilt,False
0.004247112172820566,-0.107469897113134,9.267698829926401e-10,0.0,1.0,23.42,FR,0.8594366408646358,True,True,-1.7742407912545861,-2.5554841473710774,17.25757143342157,False,10.195591426531065,0.0,0.5807266030090916,45.0,90.0,0.107469897113134,tilt,False
0.004247112172820566,-0.107469897113134,1.4896593907786873e-09,0.0,1.0,23.42,RL,0.8594366408646358,True,True,-2.0041102747528696,-2.050696307032307,17.763504811356604,False,11.474766197387833,0.0,0.7051677799004952,45.0,90.0,0.107469897113134,tilt,False
0.004247112172820566,-0.107469897113134,1.401989861841616e-09,0.0,1.0,23.42,RR,0.3594366408646358,False,False,-2.008469393019456,-2.0403505173055767,17.77387025168383,False,11.500615648955371,0.0,0.7070865586605275,45.0,90.0,0.107469897113134,tilt,False
0.004247112387011042,-0.10746989717998948,1.201579076125515e-09,0.0,1.0,23.44,FL,0.3594366408646358,False,False,-1.7698915758263198,-2.5656292300453956,17.247399564731854,False,10.169606651008,0.0,0.5787563812021755,45.0,90.0,0.10746989717998948,tilt,False
0.004247112387011042,-0.10746989717998948,9.663980183176232e-10,0.0,1.0,23.44,FR,0.8594366408646358,True,True,-1.774240788103336,-2.5554841440209275,17.257571436781056,False,10.195591513722755,0.0,0.5807266034841572,45.0,90.0,0.10746989717998948,tilt,False
0.004247112387011042,-0.10746989717998948,1.5130014183827547e-09,0.0,1.0,23.44,RL,0.8594366408646358,True,True,-2.004110275950679,-2.0506963069159276,17.76350481147217,False,11.474766170427657,0.0,0.7051677792413069,45.0,90.0,0.10746989717998948,tilt,False
0.004247112387011042,-0.10746989717998948,1.4212471140337431e-09,0.0,1.0,23.44,RR,0.3594366408646358,False,False,-2.008469392553211,-2.040350515856094,17.77387025313539,False,11.500615657982706,0.0,0.7070865592805645,45.0,90.0,0.10746989717998948,tilt,False
0.004247112613850975,-0.10746989724843233,1.3272809520706331e-09,0.0,1.0,23.46,FL,0.3594366408646358,False,False,-1.769891580377745,-2.565629236998386,17.247399557762098,False,10.169606670580931,0.0,0.5787563804326367,45.0,90.0,0.10746989724843233,tilt,False
0.004247112613850975,-0.10746989724843233,1.0793206370181755e-09,0.0,1.0,23.46,FR,0.8594366408646358,True,True,-1.7742407831373708,-2.555484137518358,17.25757144329984,False,10.195591492688344,0.0,0.5807266042626086,45.0,90.0,0.10746989724843233,tilt,False
0.004247112613850975,-0.10746989724843233,1.576796877713515e-09,0.0,1.0,23.46,RL,0.8594366408646358,True,True,-2.004110277899915,-2.050696307621558,17.763504810764477,False,11.474766174068195,0.0,0.7051677784038838,45.0,90.0,0.10746989724843233,tilt,False
0.004247112613850975,-0.10746989724843233,1.469626009128792e-09,0.0,1.0,23.46,RR,0.3594366408646358,False,False,-2.008469391757181,-2.0403505140943743,17.77387025489962,False,11.500615654633364,0.0,0.7070865600983831,45.0,90.0,0.10746989724843233,tilt,False
0.004247111809399226,-0.10746989729840094,1.026891810796739e-09,0.0,1.0,23.48,FL,0.3594366408646358,False,False,-1.7698915758706038,-2.5656292346277927,17.24739956014504,False,10.169606642922695,0.0,0.5787563807155056,45.0,90.0,0.10746989729840094,tilt,False
0.004247111809399226,-0.10746989729840094,8.606585864958385e-10,0.0,1.0,23.48,FR,0.8594366408646358,True,True,-1.7742407882523694,-2.5554841413006972,17.25757143950195,False,10.195591524441724,0.0,0.5807266040089086,45.0,90.0,0.10746989729840094,tilt,False
0.004247111809399226,-0.10746989729840094,1.417516798532666e-09,0.0,1.0,23.48,RL,0.8594366408646358,True,True,-2.004110275856556,-2.0506963043650446,17.763504814027687,False,11.474766157103122,0.0,0.705167779206594,45.0,90.0,0.10746989729840094,tilt,False
0.004247111809399226,-0.10746989729840094,1.3516704105842057e-09,0.0,1.0,23.48,RR,0.3594366408646358,False,False,-2.0084693922343204,-2.0403505138628653,17.77387025513056,False,11.500615659940511,0.0,0.7070865592122323,45.0,90.0,0.10746989729840094,tilt,False
0.004247111601353012,-0.10746989730497229,9.966246040053785e-10,0.0,1.0,23.5,FL,0.3594366408646358,False,False,-1.769891572732475,-2.565629232686946,17.247399562093495,False,10.169606718155073,0.0,0.5787563811705184,45.0,90.0,0.10746989730497229,tilt,False
0.004247111601353012,-0.10746989730497229,8.346839360757852e-10,0.0,1.0,23.5,FR,0.8594366408646358,True,True,-1.7742407918626864,-2.5554841451803956,17.257571435610863,False,10.195591440715507,0.0,0.5807266035856458,45.0,90.0,0.10746989730497229,tilt,False
0.004247111601353012,-0.10746989730497229,1.4001416253120557e-09,0.0,1.0,23.5,RL,0.8594366408646358,True,True,-2.0041102741467713,-2.0506963017639968,17.763504816633073,False,11.474766188856963,0.0,0.705167779802096,45.0,90.0,0.10746989730497229,tilt,False
0.004247111601353012,-0.10746989730497229,1.334200962474065e-09,0.0,1.0,23.5,RR,0.3594366408646358,False,False,-2.0084693926571173,-2.0403505134835056,17.773870255510065,False,11.500615651087893,0.0,0.7070865585203986,45.0,90.0,0.10746989730497229,tilt,False
0.004247111775201026,-0.10746989732802974,1.0221523200233385e-09,0.0,1.0,23.52,FL,0.3594366408646358,False,False,-1.76989157164871,-2.5656292324480536,17.24739956233323,False,10.169606723947954,0.0,0.5787563814536342,45.0,90.0,0.10746989732802974,tilt,False
0.004247111775201026,-0.10746989732802974,8.400698122128119e-10,0.0,1.0,23.52,FR,0.8594366408646358,True,True,-1.7742407931371078,-2.555484147397622,17.257571433389085,False,10.195591433394714,0.0,0.5807266033304384,45.0,90.0,0.10746989732802974,tilt,False
0.004247111775201026,-0.10746989732802974,1.4193863727977533e-09,0.0,1.0,23.52,RL,0.8594366408646358,True,True,-2.004110273353975,-2.0506963000617233,17.763504818337424,False,11.474766196090277,0.0,0.7051677799401905,45.0,90.0,0.10746989732802974,tilt,False
0.004247111775201026,-0.10746989732802974,1.3497913617506273e-09,0.0,1.0,23.52,RR,0.3594366408646358,False,False,-2.0084693928969153,-2.040350512764147,17.773870256230467,False,11.500615651016874,0.0,0.7070865582980443,45.0,90.0,0.10746989732802974,tilt,False
0.004247112107093086,-0.10746989737288112,1.0841705791726385e-09,0.0,1.0,23.54,FL,0.3594366408646358,False,False,-1.7698915725002928,-2.5656292342425004,17.24739956053353,False,10.169606794458426,0.0,0.5787563815631284,45.0,90.0,0.10746989737288112,tilt,False
0.004247112107093086,-0.10746989737288112,8.786702914433191e-10,0.0,1.0,23.54,FR,0.8594366408646358,True,True,-1.774240792237383,-2.5554841473090226,17.25757143347989,False,10.195591355814665,0.0,0.5807266032455616,45.0,90.0,0.10746989737288112,tilt,False
0.004247112107093086,-0.10746989737288112,1.456514700343124e-09,0.0,1.0,23.54,RL,0.8594366408646358,True,True,-2.004110273492579,-2.05069629917733,17.763504819222195,False,11.47476622062661,0.0,0.7051677798461322,45.0,90.0,0.10746989737288112,tilt,False
0.004247112107093086,-0.10746989737288112,1.380115256241424e-09,0.0,1.0,23.54,RR,0.3594366408646358,False,False,-2.008469392869191,-2.040350511701858,17.77387025729449,False,11.500615641909384,0.0,0.7070865583203042,45.0,90.0,0.10746989737288112,tilt,False
0.004247112561885188,-0.10746989742881921,1.1965833373439588e-09,0.0,1.0,23.56,FL,0.3594366408646358,False,False,-1.7698915757682308,-2.5656292389029804,17.247399555860127,False,10.169606732516392,0.0,0.5787563811818293,45.0,90.0,0.10746989742881921,tilt,False
0.004247112561885188,-0.10746989742881921,9.677408594803057e-10,0.0,1.0,23.56,FR,0.8594366408646358,True,True,-1.774240788669588,-2.5554841438436076,17.25757143695623,False,10.195591423980222,0.0,0.5807266036423769,45.0,90.0,0.10746989742881921,tilt,False
0.004247112561885188,-0.10746989742881921,1.5163216857254096e-09,0.0,1.0,23.56,RL,0.8594366408646358,True,True,-2.0041102747468296,-2.0506962993454003,17.7635048190525,False,11.47476619636471,0.0,0.7051677791687484,45.0,90.0,0.10746989742881921,tilt,False
0.004247112561885188,-0.10746989742881921,1.426759044382157e-09,0.0,1.0,23.56,RR,0.3594366408646358,False,False,-2.0084693924245327,-2.0403505102035875,17.773870258795174,False,11.500615650071625,0.0,0.7070865589553507,45.0,90.0,0.10746989742881921,tilt,False
0.004247112811440175,-0.10746989749255231,1.243343638034225e-09,0.0,1.0,23.580000000000002,FL,0.3594366408646358,False,False,-1.769891578999986,-2.565629244125272,17.24739955062508,False,10.169606651742818,0.0,0.5787563805952507,45.0,90.0,0.10746989749255231,tilt,False
0.004247112811440175,-0.10746989749255231,1.0105657194091388e-09,0.0,1.0,23.580000000000002,FR,0.8594366408646358,True,True,-1.7742407851615052,-2.5554841394577443,17.257571441353452,False,10.19559151270854,0.0,0.5807266042407493,45.0,90.0,0.10746989749255231,tilt,False
0.004247112811440175,-0.10746989749255231,1.5412240121681672e-09,0.0,1.0,23.580000000000002,RL,0.8594366408646358,True,True,-2.004110276054811,-2.0506962995185085,17.76350481887821,False,11.474766169137652,0.0,0.7051677784294751,45.0,90.0,0.10746989749255231,tilt,False
0.004247112811440175,-0.10746989749255231,1.4474117808655268e-09,0.0,1.0,23.580000000000002,RR,0.3594366408646358,False,False,-2.0084693918962713,-2.040350508681274,17.77387026031973,False,11.500615659690881,0.0,0.7070865596651063,45.0,90.0,0.10746989749255231,tilt,False
0.004247112662509463,-0.10746989755639401,1.2197880034529699e-09,0.0,1.0,23.6,FL,0.3594366408646358,False,False,-1.7698915801197672,-2.5656292478606346,17.247399546883546,False,10.169606666972712,0.0,0.5787563801864605,45.0,90.0,0.10746989755639401,tilt,False
0.004247112662509463,-0.10746989755639401,9.939761747840555e-10,0.0,1.0,23.6,FR,0.8594366408646358,True,True,-1.7742407840110677,-2.555484136422169,17.25757144439372,False,10.195591496864274,0.0,0.5807266046644505,45.0,90.0,0.10746989755639401,tilt,False
0.004247112662509463,-0.10746989755639401,1.5318763926157417e-09,0.0,1.0,23.6,RL,0.8594366408646358,True,True,-2.004110276490837,-2.0506962988503936,17.763504819547407,False,11.47476617014534,0.0,0.7051677782189844,45.0,90.0,0.10746989755639401,tilt,False
0.004247112662509463,-0.10746989755639401,1.4425983703857172e-09,0.0,1.0,23.6,RR,0.3594366408646358,False,False,-2.0084693916004626,-2.040350507488752,17.773870261513583,False,11.50061565788399,0.0,0.7070865598368312,45.0,90.0,0.10746989755639401,tilt,False
0.004247111980703372,-0.10746989757287555,9.368346727678153e-10,0.0,1.0,23.62,FL,0.3594366408646358,False,False,-1.7698915738265133,-2.5656292429347345,17.247399551827296,False,10.1696066346323,0.0,0.5787563809104084,45.0,90.0,0.10746989757287555,tilt,False
0.004247111980703372,-0.10746989757287555,8.28309245970244e-10,0.0,1.0,23.62,FR,0.8594366408646358,True,True,-1.7742407910867168,-2.5554841433606814,17.257571437433143,False,10.195591532996138,0.0,0.5807266039763204,45.0,90.0,0.10746989757287555,tilt,False
0.004247111980703372,-0.10746989757287555,1.3654936623485926e-09,0.0,1.0,23.62,RL,0.8594366408646358,True,True,-2.0041102735397014,-2.0506962949573446,17.76350482344799,False,11.47476615161259,0.0,0.7051677793650577,45.0,90.0,0.10746989757287555,tilt,False
0.004247111980703372,-0.10746989757287555,1.311436200157205e-09,0.0,1.0,23.62,RR,0.3594366408646358,False,False,-2.008469392467231,-2.040350507645793,17.773870261355544,False,11.50061566496931,0.0,0.7070865585831038,45.0,90.0,0.10746989757287555,tilt,False
0.004247112117650361,-0.10746989758527126,1.0135972887916825e-09,0.0,1.0,23.64,FL,0.3594366408646358,False,False,-1.769891572310306,-2.5656292422889875,17.247399552475297,False,10.169606713716298,0.0,0.5787563812954148,45.0,90.0,0.10746989758527126,tilt,False
0.004247112117650361,-0.10746989758527126,8.411143623544278e-10,0.0,1.0,23.64,FR,0.8594366408646358,True,True,-1.7742407928510382,-2.5554841459445763,17.257571434843445,False,10.195591445248184,0.0,0.5807266036200736,45.0,90.0,0.10746989758527126,tilt,False
0.004247112117650361,-0.10746989758527126,1.41996153497235e-09,0.0,1.0,23.64,RL,0.8594366408646358,True,True,-2.004110272536986,-2.0506962931533463,17.763504825254355,False,11.4747661846459,0.0,0.7051677796738126,45.0,90.0,0.10746989758527126,tilt,False
0.004247112117650361,-0.10746989758527126,1.3529098122466153e-09,0.0,1.0,23.64,RR,0.3594366408646358,False,False,-2.008469392762956,-2.0403505070189856,17.773870261983234,False,11.500615654768207,0.0,0.7070865581865937,45.0,90.0,0.10746989758527126,tilt,False
0.004247112428808342,-0.10746989761991786,1.0464137211678549e-09,0.0,1.0,23.66,FL,0.3594366408646358,False,False,-1.7698915723928788,-2.5656292430810863,17.24739955168043,False,10.169606721802955,0.0,0.5787563814733173,45.0,90.0,0.10746989761991786,tilt,False
0.004247112428808342,-0.10746989761991786,8.581169958851017e-10,0.0,1.0,23.66,FR,0.8594366408646358,True,True,-1.7742407928070247,-2.5554841469876446,17.257571433799782,False,10.195591435567417,0.0,0.5807266034670201,45.0,90.0,0.10746989761991786,tilt,False
0.004247112428808342,-0.10746989761991786,1.4412807157983757e-09,0.0,1.0,23.66,RL,0.8594366408646358,True,True,-2.0041102723025728,-2.050696291989604,17.76350482641899,False,11.47476619310241,0.0,0.7051677796085806,45.0,90.0,0.10746989761991786,tilt,False
0.004247112428808342,-0.10746989761991786,1.3709720648707103e-09,0.0,1.0,23.66,RR,0.3594366408646358,False,False,-2.0084693928632893,-2.0403505061138,17.773870262889904,False,11.500615653690678,0.0,0.7070865581776429,45.0,90.0,0.10746989761991786,tilt,False
0.004247112774036766,-0.10746989767205825,1.1167304172217536e-09,0.0,1.0,23.68,FL,0.3594366408646358,False,False,-1.7698915741229913,-2.5656292457708063,17.2473995489829,False,10.169606796075394,0.0,0.578756381452615,45.0,90.0,0.10746989767205825,tilt,False
0.004247112774036766,-0.10746989767205825,9.093264460054327e-10,0.0,1.0,23.68,FR,0.8594366408646358,True,True,-1.774240790939137,-2.555484145779562,17.25757143501299,False,10.195591354329501,0.0,0.5807266035092729,45.0,90.0,0.10746989767205825,tilt,False
0.004247112774036766,-0.10746989767205825,1.4801924135115043e-09,0.0,1.0,23.68,RL,0.8594366408646358,True,True,-2.004110272871038,-2.0506962914883973,17.763504826919874,False,11.47476621886237,0.0,0.7051677793654854,45.0,90.0,0.10746989767205825,tilt,False
0.004247112774036766,-0.10746989767205825,1.4026455244398343e-09,0.0,1.0,23.68,RR,0.3594366408646358,False,False,-2.0084693926730735,-2.0403505049111925,17.77387026409445,False,11.500615643307288,0.0,0.7070865583593132,45.0,90.0,0.10746989767205825,tilt,False
0.004247113182665224,-0.10746989773085723,1.2378202336979316e-09,0.0,1.0,23.7,FL,0.3594366408646358,False,False,-1.7698915781000877,-2.5656292512950403,17.24739954344379,False,10.169606733952413,0.0,0.5787563809193446,45.0,90.0,0.10746989773085723,tilt,False
0.004247113182665224,-0.10746989773085723,1.011509253452174e-09,0.0,1.0,23.7,FR,0.8594366408646358,True,True,-1.7742407866141834,-2.5554841411920965,17.25757143961387,False,10.195591422496317,0.0,0.5807266040550427,45.0,90.0,0.10746989773085723,tilt,False
0.004247113182665224,-0.10746989773085723,1.5419972309919106e-09,0.0,1.0,23.7,RL,0.8594366408646358,True,True,-2.0041102744563255,-2.050696291955471,17.763504826450774,False,11.474766195135619,0.0,0.7051677785622832,45.0,90.0,0.10746989773085723,tilt,False
0.004247113182665224,-0.10746989773085723,1.4507575029122212e-09,0.0,1.0,23.7,RR,0.3594366408646358,False,False,-2.0084693920506234,-2.0403505032956413,17.773870265712567,False,11.500615651365095,0.0,0.7070865591301355,45.0,90.0,0.10746989773085723,tilt,False
0.004247113363842302,-0.10746989779438666,1.2879454458812881e-09,0.0,1.0,23.72,FL,0.3594366408646358,False,False,-1.769891581869857,-2.5656292573379598,17.24739953738653,False,10.169606652018112,0.0,0.5787563801756335,45.0,90.0,0.10746989779438666,tilt,False
0.004247113363842302,-0.10746989779438666,1.0586144044366005e-09,0.0,1.0,23.72,FR,0.8594366408646358,True,True,-1.774240782540501,-2.555484135719304,17.25757144510003,False,10.19559151218835,0.0,0.5807266048074143,45.0,90.0,0.10746989779438666,tilt,False
0.004247113363842302,-0.10746989779438666,1.567977869182528e-09,0.0,1.0,23.72,RL,0.8594366408646358,True,True,-2.004110276009014,-2.0506962923780465,17.763504826026722,False,11.474766168108149,0.0,0.7051677777209964,45.0,90.0,0.10746989779438666,tilt,False
0.004247113363842302,-0.10746989779438666,1.4721876896806703e-09,0.0,1.0,23.72,RR,0.3594366408646358,False,False,-2.008469391364145,-2.0403505016859254,17.773870267324533,False,11.500615661145389,0.0,0.7070865599515154,45.0,90.0,0.10746989779438666,tilt,False
0.004247112583840191,-0.10746989783537304,9.953434585261847e-10,0.0,1.0,23.740000000000002,FL,0.3594366408646358,False,False,-1.7698915768482384,-2.565629254118032,17.247399540620567,False,10.169606658313723,0.0,0.5787563806167554,45.0,90.0,0.10746989783537304,tilt,False
0.004247112583840191,-0.10746989783537304,8.534523651275973e-10,0.0,1.0,23.740000000000002,FR,0.8594366408646358,True,True,-1.774240788169852,-2.5554841404489306,17.257571440352983,False,10.195591506266025,0.0,0.5807266043960897,45.0,90.0,0.10746989783537304,tilt,False
0.004247112583840191,-0.10746989783537304,1.409339915486248e-09,0.0,1.0,23.740000000000002,RL,0.8594366408646358,True,True,-2.004110273797769,-2.0506962890548333,17.763504829356663,False,11.47476616485722,0.0,0.7051677786624149,45.0,90.0,0.10746989783537304,tilt,False
0.004247112583840191,-0.10746989783537304,1.3506152785047076e-09,0.0,1.0,23.740000000000002,RR,0.3594366408646358,False,False,-2.0084693919883363,-2.0403505016393617,17.77387026737026,False,11.500615662051297,0.0,0.7070865589231635,45.0,90.0,0.10746989783537304,tilt,False
0.004247112274472838,-0.10746989784576437,9.482484241777591e-10,0.0,1.0,23.76,FL,0.3594366408646358,False,False,-1.7698915725528481,-2.5656292505904927,17.247399544159776,False,10.169606627286388,0.0,0.5787563812557448,45.0,90.0,0.10746989784576437,tilt,False
0.004247112274472838,-0.10746989784576437,8.229769578217979e-10,0.0,1.0,23.76,FR,0.8594366408646358,True,True,-1.7742407929990864,-2.555484146013729,17.257571434772505,False,10.195591540312776,0.0,0.5807266037898722,45.0,90.0,0.10746989784576437,tilt,False
0.004247112274472838,-0.10746989784576437,1.3803426909167235e-09,0.0,1.0,23.76,RL,0.8594366408646358,True,True,-2.004110271690857,-2.050696286054119,17.76350483236255,False,11.474766147650787,0.0,0.7051677794553517,45.0,90.0,0.10746989784576437,tilt,False
0.004247112274472838,-0.10746989784576437,1.3244154645444357e-09,0.0,1.0,23.76,RR,0.3594366408646358,False,False,-2.00846939264044,-2.0403505015367736,17.773870267472553,False,11.500615668817199,0.0,0.7070865580302292,45.0,90.0,0.10746989784576437,tilt,False
0.004247112559268188,-0.1074698978702712,1.0379507101261523e-09,0.0,1.0,23.78,FL,0.3594366408646358,False,False,-1.7698915724917546,-2.5656292510805243,17.247399543667726,False,10.169606710615733,0.0,0.57875638151656,45.0,90.0,0.1074698978702712,tilt,False
0.004247112559268188,-0.1074698978702712,8.583521674816972e-10,0.0,1.0,23.78,FR,0.8594366408646358,True,True,-1.7742407931279833,-2.5554841473347767,17.25757143345022,False,10.19559144834104,0.0,0.5807266035546893,45.0,90.0,0.1074698978702712,tilt,False
0.004247112559268188,-0.1074698978702712,1.4385884311880348e-09,0.0,1.0,23.78,RL,0.8594366408646358,True,True,-2.004110271374489,-2.050696284841492,17.763504833576185,False,11.4747661821306,0.0,0.7051677795090217,45.0,90.0,0.1074698978702712,tilt,False
0.004247112559268188,-0.1074698978702712,1.3706498127800378e-09,0.0,1.0,23.78,RR,0.3594366408646358,False,False,-2.0084693927373345,-2.0403505007031524,17.773870268307515,False,11.50061565704419,0.0,0.7070865578990154,45.0,90.0,0.1074698978702712,tilt,False
0.0042471128828637725,-0.10746989791455319,1.0777910689382478e-09,0.0,1.0,23.8,FL,0.3594366408646358,False,False,-1.7698915736332477,-2.565629252821798,17.247399541920785,False,10.169606720970242,0.0,0.5787563815436214,45.0,90.0,0.10746989791455319,tilt,False
0.0042471128828637725,-0.10746989791455319,8.857033178762649e-10,0.0,1.0,23.8,FR,0.8594366408646358,True,True,-1.774240791912747,-2.5554841472066254,17.257571433581063,False,10.195591436375159,0.0,0.580726603549346,45.0,90.0,0.10746989791455319,tilt,False
0.0042471128828637725,-0.10746989791455319,1.4618917325316798e-09,0.0,1.0,23.8,RL,0.8594366408646358,True,True,-2.0041102716619115,-2.050696284083522,17.76350483433426,False,11.4747661917238,0.0,0.7051677792545301,45.0,90.0,0.10746989791455319,tilt,False
0.0042471128828637725,-0.10746989791455319,1.39052051915134e-09,0.0,1.0,23.8,RR,0.3594366408646358,False,False,-2.008469392638268,-2.0403504996490267,17.773870269363357,False,11.500615654949408,0.0,0.707086558090051,45.0,90.0,0.10746989791455319,tilt,False
0.004247113175909423,-0.10746989797130174,1.155313608835058e-09,0.0,1.0,23.82,FL,0.3594366408646358,False,False,-1.7698915761611005,-2.5656292563813845,17.247399538351342,False,10.169606798867896,0.0,0.5787563813576571,45.0,90.0,0.10746989797130174,tilt,False
0.004247113175909423,-0.10746989797130174,9.477791536755354e-10,0.0,1.0,23.82,FR,0.8594366408646358,True,True,-1.7742407891801344,-2.5554841448610888,17.257571435934402,False,10.195591351611906,0.0,0.5807266037535883,45.0,90.0,0.10746989797130174,tilt,False
0.004247113175909423,-0.10746989797130174,1.5027483919677054e-09,0.0,1.0,23.82,RL,0.8594366408646358,True,True,-2.0041102726179525,-2.050696283884056,17.763504834533016,False,11.474766218525893,0.0,0.7051677788661772,45.0,90.0,0.10746989797130174,tilt,False
0.004247113175909423,-0.10746989797130174,1.4236993094076136e-09,0.0,1.0,23.82,RR,0.3594366408646358,False,False,-2.0084693922508694,-2.040350498333052,17.77387027068139,False,11.500615643414976,0.0,0.7070865584275203,45.0,90.0,0.10746989797130174,tilt,False
0.004247113519046933,-0.10746989803094237,1.2840267273509368e-09,0.0,1.0,23.84,FL,0.3594366408646358,False,False,-1.769891580781606,-2.5656292627864383,17.24739953192959,False,10.169606736263985,0.0,0.5787563806473491,45.0,90.0,0.10746989803094237,tilt,False
0.004247113519046933,-0.10746989803094237,1.0612904171692343e-09,0.0,1.0,23.84,FR,0.8594366408646358,True,True,-1.7742407841772474,-2.555484139119806,17.257571441691372,False,10.195591420089237,0.0,0.5807266044731565,45.0,90.0,0.10746989803094237,tilt,False
0.004247113519046933,-0.10746989803094237,1.5670029175232432e-09,0.0,1.0,23.84,RL,0.8594366408646358,True,True,-2.0041102744907877,-2.0506962846080015,17.76350483380673,False,11.474766195057974,0.0,0.7051677779351511,45.0,90.0,0.10746989803094237,tilt,False
0.004247113519046933,-0.10746989803094237,1.47380881670558e-09,0.0,1.0,23.84,RR,0.3594366408646358,False,False,-2.0084693914424157,-2.0403504966176325,17.773870272399442,False,11.500615651581287,0.0,0.7070865593360863,45.0,90.0,0.10746989803094237,tilt,False
0.0042471134736245895,-0.10746989809472884,1.2803283212073245e-09,0.0,1.0,23.86,FL,0.3594366408646358,False,False,-1.769891583602634,-2.5656292681757247,17.247399526529144,False,10.169606783903566,0.0,0.5787563800144464,45.0,90.0,0.10746989809472884,tilt,False
0.0042471134736245895,-0.10746989809472884,1.0605827063499892e-09,0.0,1.0,23.86,FR,0.8594366408646358,True,True,-1.7742407811665237,-2.5554841341818744,17.257571446639645,False,10.195591368870295,0.0,0.5807266051164194,45.0,90.0,0.10746989809472884,tilt,False
0.0042471134736245895,-0.10746989809472884,1.5676739979088192e-09,0.0,1.0,23.86,RL,0.8594366408646358,True,True,-2.0041102756666005,-2.0506962846526844,17.763504833761715,False,11.474766209523095,0.0,0.7051677774231133,45.0,90.0,0.10746989809472884,tilt,False
0.0042471134736245895,-0.10746989809472884,1.4766696603306774e-09,0.0,1.0,23.86,RR,0.3594366408646358,False,False,-2.0084693908337568,-2.0403504951868703,17.773870273831992,False,11.500615644638271,0.0,0.7070865598227972,45.0,90.0,0.10746989809472884,tilt,False
0.004247112646350233,-0.10746989811740315,9.538819169682884e-10,0.0,1.0,23.88,FL,0.3594366408646358,False,False,-1.7698915773079609,-2.5656292633992814,17.247399531323797,False,10.169606654987453,0.0,0.5787563805494248,45.0,90.0,0.10746989811740315,tilt,False
0.004247112646350233,-0.10746989811740315,8.440215361012532e-10,0.0,1.0,23.88,FR,0.8594366408646358,True,True,-1.77424078817982,-2.5554841406518514,17.257571440147803,False,10.195591509585089,0.0,0.5807266046115089,45.0,90.0,0.10746989811740315,tilt,False
0.004247112646350233,-0.10746989811740315,1.3834043165616524e-09,0.0,1.0,23.88,RL,0.8594366408646358,True,True,-2.004110272888604,-2.050696280884508,17.763504837537454,False,11.47476616263287,0.0,0.7051677784241658,45.0,90.0,0.10746989811740315,tilt,False
0.004247112646350233,-0.10746989811740315,1.3310907155275208e-09,0.0,1.0,23.88,RR,0.3594366408646358,False,False,-2.008469391691095,-2.040350495440251,17.77387027357728,False,11.500615664193758,0.0,0.7070865587312252,45.0,90.0,0.10746989811740315,tilt,False
0.004247112488818431,-0.1074698981289896,9.710826084012915e-10,0.0,1.0,23.900000000000002,FL,0.3594366408646358,False,False,-1.7698915738996492,-2.5656292608099154,17.24739953392183,False,10.16960662431896,0.0,0.5787563810810261,45.0,90.0,0.1074698981289896,tilt,False
0.004247112488818431,-0.1074698981289896,8.344370487797061e-10,0.0,1.0,23.900000000000002,FR,0.8594366408646358,True,True,-1.7742407920020575,-2.555484145131636,17.257571435655734,False,10.19559154301425,0.0,0.5807266041091333,45.0,90.0,0.1074698981289896,tilt,False
0.004247112488818431,-0.1074698981289896,1.4001500852507141e-09,0.0,1.0,23.900000000000002,RL,0.8594366408646358,True,True,-2.004110271168584,-2.0506962783650753,17.763504840061024,False,11.474766145744837,0.0,0.7051677790441763,45.0,90.0,0.1074698981289896,tilt,False
0.004247112488818431,-0.1074698981289896,1.3428808057260712e-09,0.0,1.0,23.900000000000002,RR,0.3594366408646358,False,False,-2.0084693922558134,-2.040350495217523,17.773870273800025,False,11.500615671102901,0.0,0.7070865580208254,45.0,90.0,0.1074698981289896,tilt,False
0.00424711286117505,-0.10746989815674904,1.0702340721401485e-09,0.0,1.0,23.92,FL,0.3594366408646358,False,False,-1.7698915745268038,-2.5656292621934855,17.247399532533766,False,10.169606710972493,0.0,0.5787563812207446,45.0,90.0,0.10746989815674904,tilt,False
0.00424711286117505,-0.10746989815674904,8.866709859444333e-10,0.0,1.0,23.92,FR,0.8594366408646358,True,True,-1.7742407913670932,-2.5554841453683945,17.257571435420488,False,10.19559144785734,0.0,0.5807266039916305,45.0,90.0,0.10746989815674904,tilt,False
0.00424711286117505,-0.10746989815674904,1.4616785217681253e-09,0.0,1.0,23.92,RL,0.8594366408646358,True,True,-2.0041102711427747,-2.05069627753365,17.763504840892704,False,11.474766180860424,0.0,0.7051677789614423,45.0,90.0,0.10746989815674904,tilt,False
0.00424711286117505,-0.10746989815674904,1.392411805687878e-09,0.0,1.0,23.92,RR,0.3594366408646358,False,False,-2.008469392261462,-2.0403504942692154,17.77387027474989,False,11.50061565840335,0.0,0.7070865580357713,45.0,90.0,0.10746989815674904,tilt,False
0.004247113234950468,-0.1074698982016197,1.1139512019715153e-09,0.0,1.0,23.94,FL,0.3594366408646358,False,False,-1.7698915761788712,-2.5656292647736127,17.247399529946062,False,10.169606722508027,0.0,0.5787563811215984,45.0,90.0,0.1074698982016197,tilt,False
0.004247113234950468,-0.1074698982016197,9.201876817977477e-10,0.0,1.0,23.94,FR,0.8594366408646358,True,True,-1.7742407895981402,-2.555484144190736,17.257571436603186,False,10.19559143473229,0.0,0.5807266041092249,45.0,90.0,0.1074698982016197,tilt,False
0.004247113234950468,-0.1074698982016197,1.486858021723162e-09,0.0,1.0,23.94,RL,0.8594366408646358,True,True,-2.004110271632952,-2.050696277095216,17.763504841330743,False,11.47476619073267,0.0,0.7051677785994698,45.0,90.0,0.1074698982016197,tilt,False
0.004247113234950468,-0.1074698982016197,1.4139748400420144e-09,0.0,1.0,23.94,RR,0.3594366408646358,False,False,-2.0084693920808734,-2.040350493121797,17.773870275899196,False,11.500615655970272,0.0,0.7070865583437946,45.0,90.0,0.1074698982016197,tilt,False
0.004247113565582272,-0.10746989825642489,1.1962058330493879e-09,0.0,1.0,23.96,FL,0.3594366408646358,False,False,-1.7698915791101444,-2.56562926917216,17.24739952553596,False,10.169606803214052,0.0,0.5787563808096063,45.0,90.0,0.10746989825642489,tilt,False
0.004247113565582272,-0.10746989825642489,9.897145778101399e-10,0.0,1.0,23.96,FR,0.8594366408646358,True,True,-1.7742407864417171,-2.5554841407955595,17.257571440008252,False,10.19559134729137,0.0,0.5807266044363752,45.0,90.0,0.10746989825642489,tilt,False
0.004247113565582272,-0.10746989825642489,1.5298270085233008e-09,0.0,1.0,23.96,RL,0.8594366408646358,True,True,-2.00411027272852,-2.0506962771870696,17.763504841237744,False,11.474766217893404,0.0,0.7051677781254412,45.0,90.0,0.10746989825642489,tilt,False
0.004247113565582272,-0.10746989825642489,1.4490080657355953e-09,0.0,1.0,23.96,RR,0.3594366408646358,False,False,-2.008469391621099,-2.0403504917210284,17.7738702773022,False,11.50061564386396,0.0,0.7070865587760952,45.0,90.0,0.10746989825642489,tilt,False
0.004247113951707474,-0.10746989831254342,1.3307754764553278e-09,0.0,1.0,23.98,FL,0.3594366408646358,False,False,-1.7698915840885718,-2.565629276466641,17.247399518223098,False,10.169606739359404,0.0,0.5787563799689678,45.0,90.0,0.10746989831254342,tilt,False
0.004247113951707474,-0.10746989831254342,1.1120887322496527e-09,0.0,1.0,23.98,FR,0.8594366408646358,True,True,-1.7742407810754923,-2.5554841339674104,17.257571446854126,False,10.195591416889963,0.0,0.5807266052833765,45.0,90.0,0.10746989831254342,tilt,False
0.004247113951707474,-0.10746989831254342,1.5966260374021585e-09,0.0,1.0,23.98,RL,0.8594366408646358,True,True,-2.004110274697407,-2.0506962781968454,17.76350484022525,False,11.474766194127586,0.0,0.7051677771123306,45.0,90.0,0.10746989831254342,tilt,False
0.004247113951707474,-0.10746989831254342,1.5014627477127029e-09,0.0,1.0,23.98,RR,0.3594366408646358,False,False,-2.00846939074293,-2.040350489912121,17.77387027911386,False,11.500615652625111,0.0,0.7070865597751373,45.0,90.0,0.10746989831254342,tilt,False
0.00424711326613353,-0.10746989835896388,1.0414179209205134e-09,0.0,1.0,24.0,FL,0.3594366408646358,False,False,-1.769891580111066,-2.5656292746474225,17.24739952005281,False,10.169606777346257,0.0,0.5787563802160923,45.0,90.0,0.10746989835896388,tilt,False
0.00424711326613353,-0.10746989835896388,8.864883829324386e-10,0.0,1.0,24.0,FR,0.8594366408646358,True,True,-1.7742407855059068,-2.5554841369766734,17.25757144383172,False,10.195591376524952,0.0,0.5807266050604543,45.0,90.0,0.10746989835896388,tilt,False
0.00424711326613353,-0.10746989835896388,1.448431330882287e-09,0.0,1.0,24.0,RL,0.8594366408646358,True,True,-2.004110273016651,-2.050696275512829,17.76350484291479,False,11.474766203581483,0.0,0.7051677778564255,45.0,90.0,0.10746989835896388,tilt,False
0.00424711326613353,-0.10746989835896388,1.388008642605904e-09,0.0,1.0,24.0,RR,0.3594366408646358,False,False,-2.008469391250052,-2.040350489732775,17.773870279292613,False,11.500615648674513,0.0,0.7070865589610128,45.0,90.0,0.10746989835896388,tilt,False
