time_s,phase,roll_deg,pitch_deg,voltage_v,phase_rate,safety,FL_j1_target_deg,FL_j1_actual_deg,FL_j2_target_deg,FL_j2_actual_deg,FL_j3_target_deg,FL_j3_actual_deg,FL_normal_force_n,FL_clearance_mm,FL_body_relative_x_from_s_mm,FR_j1_target_deg,FR_j1_actual_deg,FR_j2_target_deg,FR_j2_actual_deg,FR_j3_target_deg,FR_j3_actual_deg,FR_normal_force_n,FR_clearance_mm,FR_body_relative_x_from_s_mm,RL_j1_target_deg,RL_j1_actual_deg,RL_j2_target_deg,RL_j2_actual_deg,RL_j3_target_deg,RL_j3_actual_deg,RL_normal_force_n,RL_clearance_mm,RL_body_relative_x_from_s_mm,RR_j1_target_deg,RR_j1_actual_deg,RR_j2_target_deg,RR_j2_actual_deg,RR_j3_target_deg,RR_j3_actual_deg,RR_normal_force_n,RR_clearance_mm,RR_body_relative_x_from_s_mm
0.0,0.0,0.00011106374153240512,0.005824402132986927,10.78832814163603,1.0,ok,0.0076443657481821345,0.010102095572246502,46.011386135692085,46.063029130796544,90.01601794671119,90.14016923419867,9.232814728723321,-0.6782857459344017,0.06732445541765553,0.007644366053771817,0.010355986973416772,46.0113861168377,46.06308411575389,90.0160179082293,90.14026601131383,9.238962361140619,-0.6783093206858791,0.06731006952512275,0.007644388203962767,0.00925720980461946,46.01138576650513,46.049891131519026,90.01601670486666,90.1158747362964,7.602854581142325,-0.6714986593945698,0.06658685833521583,0.007644388511422964,0.00949446290733422,46.0113857480446,46.04994969960864,90.01601666681127,90.1159781966521,7.609451718396585,-0.6715260336990041,0.06657323227601819
0.02,0.0,0.0010783095371548611,0.06840924069304091,10.760432663750185,1.0,ok,0.0076443657481821345,0.042729870432988724,46.011386135692085,46.146932661251086,90.01601794671119,90.76958469391657,9.914580057102192,-2.0162292203864047,1.1323687391393278,0.007644366053771817,0.04440101812981443,46.0113861168377,46.14735717409694,90.0160179082293,90.77034329240124,9.926839076183738,-2.0169477449827924,1.1322866512528673,0.007644388203962767,0.030259973141261085,46.01138576650513,46.0656858768507,90.01601670486666,90.60572655753612,8.290115158102102,-1.8211857361044927,1.098495397520216,0.007644388511422964,0.03172272935178802,46.0113857480446,46.06613469731507,90.01601666681127,90.60653781561356,8.302938871205422,-1.8220140085594763,1.098436829606697
0.04,0.0,0.0017437788504788812,0.06479403187794232,10.74128303824884,1.0,ok,0.0076443657481821345,0.0746793704395346,46.011386135692085,45.97190379052787,90.01601794671119,90.98388607027282,7.529459999768844,-2.333208236011932,2.321359192430733,0.007644366053771817,0.07649078500545108,46.0113861168377,45.97255562955211,90.0160179082293,90.9852066871479,7.546302004760214,-2.3350166607785625,2.321589262391205,0.007644388203962767,0.05662552943640386,46.01138576650513,45.93097799811739,90.01601670486666,90.88106325009792,7.871549671858785,-2.0731867945775475,2.260239532706654,0.007644388511422964,0.058299917484311126,46.0113857480446,45.93163268433511,90.01601666681127,90.88240290470422,7.886652196081065,-2.0750981469528225,2.26050425485419
0.06,0.0,0.002224010608442546,0.015579818785978467,10.727350658687788,1.0,ok,0.0076443657481821345,0.09608218866342476,46.011386135692085,45.78464197596281,90.01601794671119,91.02118849344056,6.323681745970106,-2.1887437708972417,3.1656571469719785,0.007644366053771817,0.09747418859281981,46.0113861168377,45.78539355618605,90.0160179082293,91.02300892520752,6.343309235591521,-2.1916856901574993,3.166589998896158,0.007644388203962767,0.08240346158880084,46.01138576650513,45.80279134234264,90.01601670486666,91.02924580128823,7.730600279799851,-2.0850236948285055,3.1099794077358576,0.007644388511422964,0.08403671747231227,46.0113857480446,45.80350265352403,90.01601666681127,91.03100567300719,7.747416711701784,-2.087839199636305,3.1109366166846284
0.08,0.0,0.002594952149677595,-0.03864825122002469,10.722601918257906,1.0,ok,0.0076443657481821345,0.11114490442225222,46.011386135692085,45.661848958154415,90.01601794671119,91.00907439689715,5.905969140214759,-1.9397500964715049,3.638222314132522,0.007644366053771817,0.1120531678442786,46.0113861168377,45.66262626068999,90.0160179082293,91.01132491663093,5.9270701017944605,-1.9436476238111553,3.640006943535279,0.007644388203962767,0.10705999541052776,46.01138576650513,45.723104369818664,90.01601670486666,91.10885927647779,7.661840156023282,-2.051813039919241,3.6094943223737297,0.007644388511422964,0.10867121442740141,46.0113857480446,45.72378110480792,90.01601666681127,91.11092929041385,7.680007776572651,-2.0553379026443768,3.6112709539041776
0.1,0.0,0.0028697562113388525,-0.07668443169218137,10.723957281426852,1.0,ok,0.0076443657481821345,0.12369738340733558,46.011386135692085,45.60959388079811,90.01601794671119,90.9907768107653,5.937370400096205,-1.7449447889081835,3.8101691065610677,0.007644366053771817,0.12428714481151316,46.0113861168377,45.61035804030651,90.0160179082293,90.99333709187489,5.958699497138229,-1.7495279466800024,3.8126967935710745,0.007644388203962767,0.13029952497487812,46.01138576650513,45.69109001495034,90.01601670486666,91.14449288688387,7.547599809592883,-2.020448207509674,3.8177202489891036,0.007644388511422964,0.13191500287059832,46.0113857480446,45.69172097354289,90.01601666681127,91.14679123745253,7.566243389749803,-2.0244824300293187,3.820183175811176
0.12,0.0,0.0030423815812722532,-0.0915045167384722,10.727609051316588,1.0,ok,0.0076443657481821345,0.13594820572986263,46.011386135692085,45.601768792124254,90.01601794671119,90.9734845204639,6.1174725592412456,-1.6422115564434687,3.8035197738133517,0.007644366053771817,0.13642156743961098,46.0113861168377,45.60250752273839,90.0160179082293,90.97621945129652,6.1384185265151565,-1.6471802915544558,3.8065399987463886,0.007644388203962767,0.15147122070524602,46.01138576650513,45.6830570784447,90.01601670486666,91.1411115437779,7.338238424912545,-1.9875730842138506,3.8423759458457996,0.007644388511422964,0.15306350839213423,46.0113857480446,45.68366366301797,90.01601666681127,91.14356596764517,7.356901846260042,-1.9919326955830479,3.8452824544329687
0.14,0.0,0.003111556188443485,-0.0880761225912042,10.732096083419824,1.0,ok,0.0076443657481821345,0.1484734343626007,46.011386135692085,45.618815651231024,90.01601794671119,90.96127874595383,6.2818403757863,-1.609894340415568,3.706837586031908,0.007644366053771817,0.1489749522901605,46.0113861168377,45.61950414413115,90.0160179082293,90.96405398373767,6.301654674378801,-1.614997823703234,3.710152736016048,0.007644388203962767,0.17028515459978727,46.01138576650513,45.686884739311544,90.01601670486666,91.11459981714155,7.17181053177753,-1.9477427441940802,3.767833038978985,0.007644388511422964,0.17182403522984271,46.0113857480446,45.68746917736187,90.01601666681127,91.1171235928601,7.190088897740243,-1.9522674457094942,3.7709857398383617
0.16,0.0,0.0030985795547234453,-0.07564492988883695,10.737191422424683,1.0,ok,0.0076443657481821345,0.16118072020593477,46.011386135692085,45.65212959216014,90.01601794671119,90.95387923592509,6.424343137880214,-1.6156483203310923,3.554524811247184,0.007644366053771817,0.1617908225880088,46.0113861168377,45.65275075534154,90.0160179082293,90.95660797897456,6.4428969575530175,-1.6206868952093576,3.5580116675383575,0.007644388203962767,0.1869961212366528,46.01138576650513,45.701639117616125,90.01601670486666,91.08065757846765,7.039735104013168,-1.906536520246388,3.63246539623277,0.007644388511422964,0.18848345192767305,46.0113857480446,45.702184438420204,90.01601666681127,91.08317205363876,7.057145847793541,-1.9110891154216214,3.63576103507432
0.18,0.0,0.0030307096267286745,-0.06079663124124564,10.741527162292702,1.0,ok,0.0076443657481821345,0.17387789148972257,46.011386135692085,45.6903214384587,90.01601794671119,90.94757233240931,6.530664709901136,-1.6376605244949258,3.384750005496123,0.007644366053771817,0.17463044446066264,46.0113861168377,45.6908669328928,90.0160179082293,90.95020541383943,6.547977151613737,-1.642504181671351,3.388333136735117,0.007644388203962767,0.20183552126923468,46.01138576650513,45.72238094441275,90.01601670486666,91.04686972305032,6.933011974383903,-1.8684063494807805,3.473061462087035,0.007644388511422964,0.20328201671736829,46.0113857480446,45.72287704071253,90.01601666681127,91.0493287674017,6.949537284700044,-1.8728743458495887,3.4764394322932546
0.2,0.0,0.0029338846393168303,-0.04677116846197866,10.744253299384265,1.0,ok,0.0076443657481821345,0.18631100924772004,46.011386135692085,45.72421094134306,90.01601794671119,90.94193965004237,6.5971882973200815,-1.6629935976359076,3.233975911910436,0.007644366053771817,0.18720621712233143,46.0113861168377,45.7246795456324,90.0160179082293,90.94445766934456,6.613443681554745,-1.6675791266970232,3.237616774070223,0.007644388203962767,0.21501865756977984,46.01138576650513,45.741874460478215,90.01601670486666,91.01696586506986,6.860525505879108,-1.8355692464326265,3.3272937443442063,0.007644388511422964,0.2164352835319544,46.0113857480446,45.74231650849001,90.01601666681127,91.01934748741236,6.8762430399305305,-1.8398833121308287,3.3307243749227666
0.22,0.0,0.002832053517054797,-0.03558595461947869,10.745204289644201,1.0,ok,0.0076443657481821345,0.19822898808042122,46.011386135692085,45.748875033672434,90.01601794671119,90.93735400229106,6.625932867592374,-1.6847406414635495,3.123086396402547,0.007644366053771817,0.19925023157186336,46.0113861168377,45.7492725775173,90.0160179082293,90.9397612209383,6.641407939621749,-1.6890597644693035,3.1267701635315506,0.007644388203962767,0.22682586767443486,46.01138576650513,45.75634920912378,90.01601670486666,90.99420471251318,6.827056017974059,-1.8098383799586386,3.217732574581161,0.007644388511422964,0.2282225727335119,46.0113857480446,45.7567416572319,90.01601666681127,90.99651087658437,6.842056263251841,-1.8139686946485427,3.2212009754432893
0.24,0.0,0.002743265902136837,-0.02861942085084713,10.74483665673318,1.0,ok,0.0076443657481821345,0.20941983483406243,46.011386135692085,45.76394047707765,90.01601794671119,90.93403663971195,6.616753858188566,-1.6995522157464762,3.0541038736574544,0.007644366053771817,0.21054242878479745,46.0113861168377,45.76428369263004,90.0160179082293,90.93635802971416,6.631631714007927,-1.7036294300943924,3.0578174553181627,0.007644388203962767,0.23759343042402623,46.01138576650513,45.766534323790445,90.01601670486666,90.98124407268573,6.838438784620609,-1.7928039717078765,3.147316842218195,0.007644388511422964,0.23897418038630108,46.0113857480446,45.76689062067461,90.01601666681127,90.98349318690234,6.853118242998027,-1.7967574505719126,3.150807980483006
0.26,0.0,0.0026763627131504908,-0.02563332570553245,10.743723391805114,1.0,ok,0.0076443657481821345,0.2197527908577431,46.011386135692085,45.77265303729044,90.01601794671119,90.93317982840549,6.599254204346914,-1.7065282659458856,3.016459935378357,0.007644366053771817,0.2209410384530469,46.0113861168377,45.77295808057275,90.0160179082293,90.93544726929413,6.613992753505222,-1.7104152543542215,3.0202084267995364,0.007644388203962767,0.24763135411828938,46.01138576650513,45.773602116969705,90.01601670486666,90.97689417905598,6.869288638760905,-1.7852465861476485,3.108657965637085,0.007644388511422964,0.24900225959673325,46.0113857480446,45.77392513541052,90.01601666681127,90.97910133757553,6.883784671919652,-1.7890629561023788,3.11219267383972
0.28,0.0,0.0026330167056420185,-0.02551231241551358,10.742236739945577,1.0,ok,0.0076443657481821345,0.22926163637567615,46.011386135692085,45.77695914286897,90.01601794671119,90.93385286237516,6.580038698179868,-1.7078677527286035,3.0001690464647455,0.007644366053771817,0.23047518780919388,46.0113861168377,45.777232004834204,90.0160179082293,90.93609247315199,6.594833648583927,-1.7116363466667255,3.0039865398540924,0.007644388203962767,0.25712418391438663,46.01138576650513,45.778005090706564,90.01601670486666,90.97807743186915,6.900881542373555,-1.7850358203547676,3.093107133423617,0.007644388511422964,0.2584905685461603,46.0113857480446,45.778296081681304,90.01601666681127,90.98026018284432,6.915345694744872,-1.788757176657517,3.0967185297421373
0.3,0.0,0.0026146361802889236,-0.02704076698297533,10.74061502831352,1.0,ok,0.0076443657481821345,0.23809460171979052,46.011386135692085,45.77815129678329,90.01601794671119,90.93504474083163,6.562797714214308,-1.70602045679406,2.9977253764066623,0.007644366053771817,0.23931049342202385,46.0113861168377,45.778398343773006,90.0160179082293,90.93728000788504,6.577777676436727,-1.7097357799063067,3.001638317693067,0.007644388203962767,0.26618745234000635,46.01138576650513,45.78020407507578,90.01601670486666,90.9821260638344,6.927122800671981,-1.7889315796848284,3.0928820891177597,0.007644388511422964,0.26755328974452613,46.0113857480446,45.78046767635747,90.01601666681127,90.98430406327167,6.941743333655298,-1.792603074832779,3.096594391646862
0.32,0.0,0.002618167338042061,-0.029241473763353405,10.739033923003804,1.0,ok,0.0076443657481821345,0.24633941674410934,46.011386135692085,45.7774170601387,90.01601794671119,90.93620654602906,6.549422011521305,-1.7028128243012919,3.003074821403912,0.007644366053771817,0.24755062831610064,46.0113861168377,45.77764468482492,90.0160179082293,90.93845489462267,6.564637084476634,-1.7065244455491888,3.0070958253949343,0.007644388203962767,0.274847790542079,46.01138576650513,45.780770879991685,90.01601670486666,90.98711359930103,6.945992353737119,-1.794308996269433,3.101389576027347,0.007644388511422964,0.27621496900917497,46.0113857480446,45.781013121606016,90.01601666681127,90.98930327433133,6.960821928849836,-1.797973150492755,3.1052143839078172
0.34,0.0,0.0026361756447258536,-0.031466953917197706,10.737590326783618,1.0,ok,0.0076443657481821345,0.2540583297772934,46.011386135692085,45.775732038308355,90.01601794671119,90.93708806221503,6.54030735625907,-1.6994253512373387,3.0116887164199357,0.007644366053771817,0.2552611713314854,46.0113861168377,45.77594497700685,90.0160179082293,90.9393609395196,6.555757925730097,-1.703165191764274,3.01582389358801,0.007644388203962767,0.2831064718525673,46.01138576650513,45.78028170954706,90.01601670486666,90.99182892318001,6.957721300683251,-1.7995074644949067,3.113602763484935,0.007644388511422964,0.28447437743313764,46.0113857480446,45.78050722276773,90.01601666681127,90.99404124958242,6.97276464214839,-1.8031940138801168,3.117545469893762
0.36,0.0,0.002661550526487951,-0.03336209682360141,10.73632216880557,1.0,ok,0.0076443657481821345,0.2613066798569542,46.011386135692085,45.77379592215174,90.01601794671119,90.93762376263024,6.534988437459746,-1.696508161126986,3.0205713217794363,0.007644366053771817,0.2624992866716083,46.0113861168377,45.77399697568745,90.0160179082293,90.93992693847106,6.550641085901232,-1.700292509211155,3.0248220924980194,0.007644388203962767,0.29096081403227547,46.01138576650513,45.77922793887297,90.01601670486666,90.99565313839427,6.963658128853799,-1.803693540294339,3.126151743449962,0.007644388511422964,0.29232780598359503,46.0113857480446,45.7794396261803,90.01601666681127,90.99789385011772,6.978888539690627,-1.8074186433881119,3.1302132701016836
0.38,0.0,0.0026885724009932674,-0.03478902636390065,10.735228811713284,1.0,ok,0.0076443657481821345,0.26813196421295693,46.011386135692085,45.77203942699873,90.01601794671119,90.93784976589104,6.532595764153555,-1.694328337828562,3.028047557713381,0.007644366053771817,0.2693140293571513,46.0113861168377,45.77222973958445,90.0160179082293,90.94018420330072,6.548399215317641,-1.6981612029974766,3.032411430327037,0.007644388203962767,0.2984111457616361,46.01138576650513,45.77797515504602,90.01601670486666,90.9983936840562,6.965499058002679,-1.806611905355162,3.1371225496386046,0.007644388511422964,0.29977539021696287,46.0113857480446,45.7781744223058,90.01601666681127,91.0006640723058,6.980873069961679,-1.8103805299366018,3.1413001204525504
0.4,0.0,0.0027132407629393523,-0.035749560758502365,10.73428849967894,1.0,ok,0.0076443657481821345,0.2745730453607417,46.011386135692085,45.77067320552985,90.01601794671119,90.93784550301243,6.5321790658046055,-1.6929066399708308,3.033434582315697,0.007644366053771817,0.275745550216968,46.0113861168377,45.77085275416058,90.0160179082293,90.94020863880075,6.548077276496422,-1.696783514438454,3.0379059874018344,0.007644388203962767,0.3054631009364694,46.01138576650513,45.776760184025186,90.01601670486666,91.00012193022161,6.9648353427983585,-1.808350565712647,3.1457093583351634,0.007644388511422964,0.3068229994559205,46.0113857480446,45.77694736718322,90.01601666681127,91.00242001143364,6.98030460797201,-1.8121597577274509,3.149997314752601
0.42,0.0,0.0027332383090916705,-0.03632033920577689,10.733471271162925,1.0,ok,0.0076443657481821345,0.2806608290639794,46.011386135692085,45.769751810996596,90.01601794671119,90.93769711965862,6.532899630744589,-1.692128889137317,3.03670024288491,0.007644366053771817,0.2818256694928135,46.0113861168377,45.76991991657783,90.0160179082293,90.94008425089189,6.548841106154151,-1.6960403255073149,3.0412715211164674,0.007644388203962767,0.31212763693915135,46.01138576650513,45.775710494565644,90.01601670486666,91.00104069587576,6.962935129196779,-1.8091602091336763,3.151842111640768,0.007644388511422964,0.3134820250316057,46.0113857480446,45.77588530859424,90.01601666681127,91.00336247642441,6.978454864330675,-1.8130023192343727,3.1562328638804207
0.44,0.0,0.002666952787091331,-0.03660302725642461,10.732756420317715,1.0,ok,0.0076443657481821345,0.28646420720723,46.011386135692085,45.76926249875293,90.01601794671119,90.93751365788695,6.540116794487053,-1.6918758832895688,3.038136120558921,0.007644366053771817,0.28753470205822873,46.0113861168377,45.76935560364191,90.0160179082293,90.93985537490396,6.54358557331131,-1.6957096272971934,3.0429146609816105,0.007644388203962767,0.3183014330082107,46.01138576650513,45.77492260910596,90.01601670486666,91.00148673225307,6.9713169563011155,-1.809458789747656,3.1558759015199445,0.007644388511422964,0.3197910570941474,46.0113857480446,45.77498607210859,90.01601666681127,91.00367303565103,6.966309853237316,-1.8131144722128185,3.1604165186832347
0.46,0.0,0.0020281767354613776,-0.036669058043271335,10.73213989830882,1.0,ok,0.0076443657481821345,0.2920761277224929,46.011386135692085,45.76917891197034,90.01601794671119,90.93753452951572,6.53926373087897,-1.6923739523112478,3.0383772814285557,0.007644366053771817,0.2928152789591179,46.0113861168377,45.76892455115904,90.0160179082293,90.93943442168487,6.545667629242262,-1.6951576056473405,3.0436009387312666,0.007644388203962767,0.3233552541946062,46.01138576650513,45.77449054977882,90.01601670486666,91.00204145110413,6.9655998838168935,-1.8101358592526837,3.158730880797517,0.007644388511422964,0.3255078019949076,46.0113857480446,45.77411006188994,90.01601666681127,91.00349518185837,6.969685580986278,-1.812246199760479,3.163440298413589
0.48,0.0,0.0017438909243624858,-0.036608962745728856,10.731571395465396,1.0,ok,0.0076443657481821345,0.29716341891031894,46.011386135692085,45.76914011498283,90.01601794671119,90.93746804054985,6.539150118174582,-1.692768563376537,3.03825618913256,0.007644366053771817,0.298031129069017,46.0113861168377,45.76881082280735,90.0160179082293,90.93911209490302,6.547128153765226,-1.6949264219561084,3.0432151287751728,0.007644388203962767,0.3280718414798485,46.01138576650513,45.77398639487234,90.01601670486666,91.00219002970589,6.9630271205593015,-1.8101915841835896,3.160989372047868,0.007644388511422964,0.33026035462314307,46.0113857480446,45.77357135832462,90.01601666681127,91.00344972860516,6.969533907917051,-1.8116701314743606,3.1654091305872987
0.5,0.0,0.0017096062226655475,-0.03650089623202824,10.731039470180697,1.0,ok,0.0076443657481821345,0.30195126054065696,46.011386135692085,45.769186242026144,90.01601794671119,90.93732264268112,6.53871364881012,-1.6929662488601034,3.0376222957874957,0.007644366053771817,0.3029893034002987,46.0113861168377,45.768889246292595,90.0160179082293,90.93888502149667,6.548801562197423,-1.6949903438907843,3.0422644612805305,0.007644388203962767,0.33254083443853033,46.01138576650513,45.77354644911126,90.01601670486666,91.00213455453961,6.960784022027005,-1.8098772542204968,3.162541432680549,0.007644388511422964,0.3346373848011495,46.0113857480446,45.773199047895446,90.01601666681127,91.00338215546368,6.969669161430099,-1.8113595633390753,3.166661505927315
0.52,0.0,0.001833981943592926,-0.03638143640331796,10.73053774460911,1.0,ok,0.0076443657481821345,0.3065019903705281,46.011386135692085,45.76929287262781,90.01601794671119,90.93712746001782,6.538073292041757,-1.6930116853225083,3.0366379193595137,0.007644366053771817,0.3076566648682576,46.0113861168377,45.7690770793663,90.0160179082293,90.93875228602207,6.550400888677262,-1.695236357188771,3.0410846973352723,0.007644388203962767,0.3367649135766244,46.01138576650513,45.77317862251843,90.01601670486666,91.00198127489423,6.958899032368406,-1.8094199007968048,3.1635898947557917,0.007644388511422964,0.3387531340392639,46.0113857480446,45.7729367629406,90.01601666681127,91.00334294952187,6.970132388823383,-1.811227620424686,3.167535594532256
0.54,0.0,0.002044109225985307,-0.036270609565205746,10.730061376910928,1.0,ok,0.0076443657481821345,0.31083280308866346,46.011386135692085,45.76943105113457,90.01601794671119,90.93691252435642,6.5373844515280695,-1.6929534938986377,3.035487025731781,0.007644366053771817,0.3120428452557874,46.0113861168377,45.76931428664073,90.0160179082293,90.93869235878331,6.551724503059105,-1.695565538041604,3.0398723818235442,0.007644388203962767,0.3407530611142852,46.01138576650513,45.772869948159105,90.01601670486666,91.00180294123705,6.957454456647516,-1.8089427286183193,3.164348273900358,0.007644388511422964,0.3426379641218347,46.0113857480446,45.77274276248698,90.01601666681127,91.00335486442621,6.9707385360689855,-1.8112216142307376,3.168250844887366
0.56,0.0,0.0022702198692848906,-0.03617858602135046,10.729612106264229,1.0,ok,0.0076443657481821345,0.31492731430374277,46.011386135692085,45.76958456429653,90.01601794671119,90.93672232036246,6.542569502829809,-1.6928555682196762,3.03433456947394,0.007644366053771817,0.3161727623000595,46.0113861168377,45.7695568907514,90.0160179082293,90.93866231113816,6.547273881985522,-1.6958945796843699,3.0387108893428216,0.007644388203962767,0.3445281148326908,46.01138576650513,45.772606039668354,90.01601670486666,91.00165352030123,6.958593514732099,-1.8085167633283237,3.164993941017491,0.007644388511422964,0.34629788408377843,46.0113857480446,45.772585315141285,90.01601666681127,91.00340756417044,6.969129402637714,-1.8112930960715243,3.16891338341313
0.58,0.0,0.001757895985242044,-0.036143461034901396,10.729224133351881,1.0,ok,0.0076443657481821345,0.31800604060476184,46.011386135692085,45.76983613288936,90.01601794671119,90.93719531800576,6.544379187258474,-1.6934711769331194,3.03427776177978,0.007644366053771817,0.320147420871292,46.0113861168377,45.7696892289149,90.0160179082293,90.93816875458451,6.54547625021798,-1.6955240682747854,3.0369760356910303,0.007644388203962767,0.34839225873046825,46.01138576650513,45.77237430681828,90.01601670486666,91.00189069358147,6.961558869988495,-1.8085302724909456,3.166361712025001,0.007644388511422964,0.3494573443269376,46.0113857480446,45.772427738847824,90.01601666681127,91.00318601090477,6.9666323060713475,-1.8110565012758317,3.1689826175069493
0.6,0.0,0.001449120019831118,-0.03620311959488215,10.728857019407421,1.0,ok,0.0076443657481821345,0.32077472284101105,46.011386135692085,45.76996764770757,90.01601794671119,90.93734560411431,6.541839748917761,-1.693932204069843,3.034003238243571,0.007644366053771817,0.32318302060741105,46.0113861168377,45.7698309493019,90.0160179082293,90.93808136062884,6.546552877397634,-1.6951378690726153,3.0361267140760484,0.007644388203962767,0.35177325877797255,46.01138576650513,45.772178702235465,90.01601670486666,91.00206576402375,6.961137377756201,-1.8087683907218841,3.16745754479883,0.007644388511422964,0.3527146942950903,46.0113857480446,45.77223715054158,90.01601666681127,91.00316738393624,6.968013753971971,-1.8107570652658167,3.169632659363292
0.62,0.0,0.0014557949069452592,-0.03631720532872066,10.728499875459484,1.0,ok,0.0076443657481821345,0.3234557023279109,46.011386135692085,45.7700257421127,90.01601794671119,90.93728957220968,6.539735152034449,-1.6939152541483176,3.0335730838978447,0.007644366053771817,0.32581614571748047,46.0113861168377,45.76992507937382,90.0160179082293,90.93812701506425,6.547583324720924,-1.695024223992831,3.035776235870702,0.007644388203962767,0.35486040862584534,46.01138576650513,45.771983499214336,90.01601670486666,91.00216643520842,6.960383585493904,-1.8088837120083905,3.1683947418331138,0.007644388511422964,0.355903273556205,46.0113857480446,45.77204158907304,90.01601666681127,91.00331988956009,6.9696599491596105,-1.81072104159561,3.170683360966875
0.64,0.0,0.0016485230240674408,-0.03644945658532041,10.728160904651553,1.0,ok,0.0076443657481821345,0.32602725606600713,46.011386135692085,45.770038720181105,90.01601794671119,90.93714188485987,6.537842530544223,-1.6936338795041708,3.033126516261697,0.007644366053771817,0.3282426068422632,46.0113861168377,45.76999817711713,90.0160179082293,90.9382264003429,6.548799107744637,-1.6950999304278167,3.03563573988902,0.007644388203962767,0.35776580672913344,46.01138576650513,45.771775138504054,90.01601670486666,91.00222009061724,6.95945902562317,-1.8088556350179288,3.1692861752578017,0.007644388511422964,0.358930792513944,46.0113857480446,45.77185535013554,90.01601666681127,91.00355818554951,6.971281130096502,-1.810901579299036,3.171890103251085
0.66,0.0,0.0019355170726899434,-0.03658069783760289,10.727841826295696,1.0,ok,0.0076443657481821345,0.32847620651905834,46.011386135692085,45.77002997392279,90.01601794671119,90.93695062250983,6.536284667124396,-1.693244679081187,3.0326750934224487,0.007644366053771817,0.3305113609885723,46.0113861168377,45.77006538727861,90.0160179082293,90.93835054691598,6.549952665727465,-1.6952926467122333,3.0355781369576507,0.007644388203962767,0.36052271093874605,46.01138576650513,45.77156007151106,90.01601670486666,91.00223715143524,6.958554529347996,-1.808725646077078,3.1701277834145225,0.007644388511422964,0.36178220733857236,46.0113857480446,45.7716805583862,90.01601666681127,91.00382739184009,6.972642939939093,-1.8111986243149156,3.1731232032106984
0.68,0.0,0.002245941249539148,-0.036701742533645096,10.727542568576707,1.0,ok,0.0076443657481821345,0.3307977587411855,46.011386135692085,45.77001929214886,90.01601794671119,90.93674753511029,6.535129219323989,-1.692845693585434,3.032208666331526,0.007644366053771817,0.33264587266795154,46.0113861168377,45.77013157017879,90.0160179082293,90.93847480892917,6.550888108742678,-1.6955371166660904,3.0355284518486236,0.007644388203962767,0.36314327385351686,46.01138576650513,45.77134952853606,90.01601670486666,91.00222977740692,6.95779825046386,-1.808544501893026,3.17090044730442,0.007644388511422964,0.3644623925475705,46.0113857480446,45.77151563654614,90.01601666681127,91.00408896671415,6.973640812110737,-1.8115243988281287,3.1743036799523336
0.7000000000000001,0.0,0.0025301837168831116,-0.0368093500310062,10.72726223414474,1.0,ok,0.0076443657481821345,0.33299104849823474,46.011386135692085,45.770019961426556,90.01601794671119,90.93655481009517,6.53437707226444,-1.6924942739594897,3.0317222863485425,0.007644366053771817,0.334662572556281,46.0113861168377,45.77019733765546,90.0160179082293,90.93858066887675,6.551540593458435,-1.6957808351152799,3.0354427623558444,0.007644388203962767,0.36563308506087516,46.01138576650513,45.77115307328149,90.01601670486666,91.00221140521023,6.957254782298576,-1.808355668337324,3.171594826341273,0.007644388511422964,0.3669819028848012,46.0113857480446,45.77135856900648,90.01601666681127,91.0043188847574,6.974263753030706,-1.811818881372492,3.175386308344269
0.72,0.0,0.0027589800094626055,-0.036903608870250924,10.726999507533826,1.0,ok,0.0076443657481821345,0.33505754850759667,46.011386135692085,45.77003865880457,90.01601794671119,90.93638653854848,6.53398116701107,-1.692219003537894,3.0312199300715212,0.007644366053771817,0.33657417816517543,46.0113861168377,45.77026177895473,90.0160179082293,90.93865715145697,6.55191035001473,-1.6959885166340019,3.03530014399675,0.007644388203962767,0.3679958137094474,46.01138576650513,45.77097653523394,90.01601670486666,91.00219406071044,6.956936621990962,-1.8081898842471391,3.1722137067576597,0.007644388511422964,0.36935250215265714,46.0113857480446,45.771207880853275,90.01601666681127,91.00450556626731,6.974558122572941,-1.8120494813228458,3.176351168043073
0.74,0.0,0.002920385291483258,-0.03698623060995349,10.726752934846083,1.0,ok,0.0076443657481821345,0.3370006418536115,46.011386135692085,45.77007675284968,90.01601794671119,90.93624969115963,6.533866766511936,-1.6920281047636856,3.0307113736076365,0.007644366053771817,0.3383904350780817,46.0113861168377,45.77032374092656,90.0160179082293,90.93870031835984,6.5520381792984494,-1.6961419538568216,3.035096318967173,0.007644388203962767,0.37023487671707794,46.01138576650513,45.77082197258658,90.01601670486666,91.00218641986878,6.956819320521503,-1.8080645241425608,3.172767819033362,0.007644388511422964,0.3715855669232612,46.0113857480446,45.771062811216915,90.01601666681127,91.00464693828312,6.974598816009149,-1.8122053536881768,3.177196476156774
0.76,0.0,0.003015506032745358,-0.037059484620253366,10.726521106248983,1.0,ok,0.0076443657481821345,0.338825368600161,46.011386135692085,45.77013202754311,90.01601794671119,90.93614542192975,6.533949340207745,-1.6919161160567457,3.030208066176654,0.007644366053771817,0.34011851496375184,46.0113861168377,45.770382415621974,90.0160179082293,90.93871169927162,6.551984995670099,-1.6962369247085913,3.0348377787168257,0.007644388203962767,0.3723540502270444,46.01138576650513,45.770688503969424,90.01601670486666,91.00219310992806,6.956857078449098,-1.8079853812576243,3.173270890722557,0.007644388511422964,0.3736914889125864,46.0113857480446,45.77092321173229,90.01601666681127,91.00474726247744,6.974468278010288,-1.8122905276851848,3.1779319973710973
0.78,0.0,0.0030539435772952176,-0.03712558136774178,10.726302753882138,1.0,ok,0.0076443657481821345,0.3405380667462243,46.011386135692085,45.77020031787556,90.01601794671119,90.93607068473315,6.534148281000114,-1.69186945340628,3.0297200588148,0.007644366053771817,0.34176348827383973,46.0113861168377,45.77043753152913,90.0160179082293,90.93869638652363,6.551816266843239,-1.6962789730291596,3.034536773821844,0.007644388203962767,0.374357647562356,46.01138576650513,45.77057338800532,90.01601670486666,91.00221502940546,6.956996406667916,-1.8079496045937635,3.1737359559585454,0.007644388511422964,0.3756794857692368,46.0113857480446,45.770789354544874,90.01601666681127,91.00481427659626,6.974242682648171,-1.8123176211651688,3.178573505642268
0.8,0.0,0.0030496471082706576,-0.03718636410392744,10.7260967869877,1.0,ok,0.0076443657481821345,0.3421459124398407,46.011386135692085,45.770276819533386,90.01601794671119,90.93601991918355,6.53439578656954,-1.6918709277231394,3.029254416320404,0.007644366053771817,0.3433288802657879,46.0113861168377,45.77048931163547,90.0160179082293,90.93866124602883,6.551591418607675,-1.696279240186116,3.034207508709419,0.007644388203962767,0.37625049592041543,46.01138576650513,45.770473025079134,90.01601670486666,91.00225027315598,6.95718643272081,-1.807948942351735,3.174173325490165,0.007644388511422964,0.3775576095516992,46.0113857480446,45.77066172421557,90.01601666681127,91.00485693591754,6.973984132342917,-1.8123028357896234,3.179138633991163
0.8200000000000001,0.0,0.0030175880051936717,-0.03724320413323252,10.725902287406647,1.0,ok,0.0076443657481821345,0.3436564379360946,46.011386135692085,45.7703569981305,90.01601794671119,90.93598656060222,6.534641196524878,-1.6919031492918235,3.028814870992602,0.007644366053771817,0.3448172323745911,46.0113861168377,45.77053831328627,90.0160179082293,90.93861347591691,6.551357747974724,-1.696250971267785,3.0338635874980477,0.007644388203962767,0.37803781586586677,46.01138576650513,45.770383733200504,90.01601670486666,91.00229527055896,6.9573854075295625,-1.8079727093567102,3.1745899502289285,0.007644388511422964,0.37933286013202994,46.0113857480446,45.77054083186553,90.01601666681127,91.00488383259825,6.973737531160334,-1.812262398240016,3.1796441309396295
0.84,0.0,0.0029714200983114916,-0.0372970195395307,10.72571848456273,1.0,ok,0.0076443657481821345,0.3450771012558283,46.011386135692085,45.770437118937636,90.01601794671119,90.93596421362997,6.534851673122842,-1.6919508053949464,3.02840227559642,0.007644366053771817,0.3462305955640423,46.0113861168377,45.77058523417641,90.0160179082293,90.93855959468348,6.551148056268245,-1.6962069496522374,3.033516550592058,0.007644388203962767,0.3797250609410258,46.01138576650513,45.7703022577635,90.01601670486666,91.0023458501758,6.957563710759261,-1.8080101315794406,3.1749897062094137,0.007644388511422964,0.3810113501641741,46.0113857480446,45.77042707345105,90.01601666681127,91.00490224278595,6.973530783558072,-1.8122103444200635,3.180104324919747
0.86,0.0,0.0029221040223641665,-0.03734835736633498,10.725544723431213,1.0,ok,0.0076443657481821345,0.34641495426810237,46.011386135692085,45.770514467216266,90.01601794671119,90.93594742797282,6.535010348583158,-1.6920019065669312,3.0280154326317033,0.007644366053771817,0.34757091087521913,46.0113861168377,45.770630740668416,90.0160179082293,90.93850484806151,6.550981043281098,-1.6961578831000204,3.0331752504785814,0.007644388203962767,0.3813177533258983,46.01138576650513,45.770226036817505,90.01601670486666,91.00239806574278,6.957704091637475,-1.8080519285239502,3.175374146692916,0.007644388511422964,0.3825984852358093,46.0113857480446,45.77032064198534,90.01601666681127,91.0049176875466,6.973377091710282,-1.8121574158272287,3.18053050551112
0.88,0.0,0.0028773532712064215,-0.03739749718748292,10.725380433741405,1.0,ok,0.0076443657481821345,0.3476764272713571,46.011386135692085,45.770587346654224,90.01601794671119,90.93593209465037,6.53511303530509,-1.6920481874954338,3.027651983801116,0.007644366053771817,0.34884026197316825,46.0113861168377,45.77067534850103,90.0160179082293,90.93845297150568,6.550863479289482,-1.6961116281289796,3.0328458049616867,0.007644388203962767,0.38282133815510105,46.01138576650513,45.77015327365559,90.01601670486666,91.00244872282137,6.957800047535004,-1.8080911548663918,3.1757433757228224,0.007644388511422964,0.3840991340354946,46.0113857480446,45.77022149325384,90.01601666681127,91.00493387246577,6.973278323116031,-1.8121107914864654,3.1809309249947737
0.9,0.0,0.002841698523163908,-0.037444549713012754,10.72522510456084,1.0,ok,0.0076443657481821345,0.34886722563893174,46.011386135692085,45.77065494061944,90.01601794671119,90.93591553145508,6.535164415742943,-1.69208489447659,3.027309166957676,0.007644366053771817,0.3500410072719757,46.0113861168377,45.770719364384746,90.0160179082293,90.9384062208871,6.550793267338329,-1.6960730687724455,3.032531899507945,0.007644388203962767,0.38424106899298116,46.01138576650513,45.77008287761854,90.01601670486666,91.00249561990175,6.957853208662818,-1.808123426212907,3.1760968254693767,0.007644388511422964,0.385517772882415,46.0113857480446,45.770129356715444,90.01601666681127,91.00495287522205,6.973228656044158,-1.812074382379153,3.1813111652742587
0.92,0.0,0.002816953340320333,-0.037489536764409394,10.725078265588508,1.0,ok,0.0076443657481821345,0.3499923196319478,46.011386135692085,45.77071710710227,90.01601794671119,90.93589634859806,6.535174383957972,-1.6921101934886489,3.0269843538866246,0.007644366053771817,0.3511758134044088,46.0113861168377,45.770762881836525,90.0160179082293,90.9383655791941,6.550762684247533,-1.6960444428646484,3.0322352610377132,0.007644388203962767,0.38558192904219407,46.01138576650513,45.770014330100885,90.01601670486666,91.00253756113545,6.957870443340059,-1.8081467029462048,3.1764338318090166,0.007644388511422964,0.3868585971613884,46.0113857480446,45.77004377856967,90.01601666681127,91.00497546879156,6.973217951710955,-1.8120494478571572,3.1816746747999893
0.9400000000000001,0.0,0.0028028841866723675,-0.0375324481423916,10.724939474787437,1.0,ok,0.0076443657481821345,0.35105600153550703,46.011386135692085,45.770774159956105,90.01601794671119,90.93587418627293,6.535154961086383,-1.6921244036029495,3.026675358493991,0.007644366053771817,0.352247618155907,46.0113861168377,45.77080581622038,90.0160179082293,90.93833105525377,6.550761301087043,-1.6960259198893906,3.0319561776765145,0.007644388203962767,0.3868485868205998,46.01138576650513,45.76994752195948,90.01601670486666,91.0025742151586,6.957861192358666,-1.8081608120006782,3.1767539848803485,0.007644388511422964,0.38812559869866115,46.0113857480446,45.76996418246986,90.01601666681127,91.00500149245828,6.973234524088954,-1.8120353411389054,3.182023340314255
0.96,0.0,0.0027979270006023536,-0.03757327670382908,10.724808311149282,1.0,ok,0.0076443657481821345,0.3520619832765646,46.011386135692085,45.77082667075644,90.01601794671119,90.93584940285668,6.535117988261138,-1.6921292139225017,3.0263805506643147,0.007644366053771817,0.3532595512892971,46.0113861168377,45.77084796138622,90.0160179082293,90.93830200642155,6.550778293695571,-1.6960162669390038,3.031693984733491,0.007644388203962767,0.3880453812452842,46.01138576650513,45.76988259526825,90.01601670486666,91.00260589303664,6.957835332902177,-1.8081668633342236,3.1770572822446272,0.007644388511422964,0.3893226126440235,46.0113857480446,45.76988993452252,90.01601666681127,91.00503020844695,6.973267164031744,-1.8120302436106066,3.182358010125369
0.98,0.0,0.002799839532357984,-0.03761203592860902,10.724684371133108,1.0,ok,0.0076443657481821345,0.35301351074705445,46.011386135692085,45.77087530980988,90.01601794671119,90.93582277264335,6.535073630730812,-1.6921269907308467,3.0260988313662587,0.007644366053771817,0.35421483798740516,46.0113861168377,45.770889051899026,90.0160179082293,90.93827743642913,6.550804033586964,-1.696013482501018,3.0314474733607044,0.007644388203962767,0.3891763291102376,46.01138576650513,45.76981980951585,90.01601670486666,91.00263330566962,6.957801693754047,-1.8081666796589193,3.1773441365407775,0.007644388511422964,0.3904533400277315,46.0113857480446,45.769820402136475,90.01601666681127,91.00506060560365,6.973306415144227,-1.8120317981822862,3.1826789258823096
1.0,0.0,0.0028062244992561824,-0.037648765171484966,10.724567267421202,1.0,ok,0.0076443657481821345,0.3539134763807445,46.011386135692085,45.77092073268171,90.01601794671119,90.93579523070827,6.535029610861838,-1.6921202336628824,3.0258295268131565,0.007644366053771817,0.3551167038196472,46.0113861168377,45.77092881882782,90.0160179082293,90.93825623872601,6.550830984432763,-1.6960153226175425,3.0312152047050347,0.007644388203962767,0.3902451474878021,46.01138576650513,45.769759441554335,90.01601670486666,91.00265734335376,6.957767209614448,-1.8081623156751339,3.177615294404884,0.007644388511422964,0.3915213531147497,46.0113857480446,45.76975500000895,90.01601666681127,91.00509163131524,6.973345192949583,-1.8120375956205241,3.182986048380271
1.02,0.0,0.0028148976233300198,-0.03768352743384479,10.724456628906696,1.0,ok,0.0076443657481821345,0.35476451762095296,46.011386135692085,45.77096351025807,90.01601794671119,90.93576768330414,6.534991021693594,-1.6921112004939163,3.025572250828029,0.007644366053771817,0.3559682937130712,46.0113861168377,45.770967031859165,90.0160179082293,90.93823737233275,6.550854015496003,-1.6960196839606763,3.0309957299364534,0.007644388203962767,0.3912552842008575,46.01138576650513,45.76970172057582,90.01601670486666,91.0026789022213,6.957736616621203,-1.8081557043455252,3.1778717163330192,0.007644388511422964,0.39253009039578596,46.0113857480446,45.769693220238686,90.01601666681127,91.00512234796487,6.973378890461496,-1.812045502036435,3.1832792812748756
1.04,0.0,0.0028241039259977326,-0.0377164034966824,10.724352101147321,1.0,ok,0.0076443657481821345,0.3555690946783011,46.011386135692085,45.77100409542323,90.01601794671119,90.93574088704223,6.53496054808582,-1.6921016917468625,3.025326770967174,0.007644366053771817,0.3567726114526543,46.0113861168377,45.771003524976436,90.0160179082293,90.93821997012924,6.5508702853383785,-1.6960248397727453,3.030787727050399,0.007644388203962767,0.39220995077925164,46.01138576650513,45.76964679417285,90.01601670486666,91.00269876688922,6.957712548906985,-1.8081484370171783,3.178114454328279,0.007644388511422964,0.3934828469794384,46.0113857480446,45.76963464665811,90.01601666681127,91.00515202059415,6.9734051299702,-1.8120538397613517,3.183558606943304
1.06,0.0,0.002832604643780755,-0.037747485084702416,10.72425334681355,1.0,ok,0.0076443657481821345,0.35632954573747644,46.011386135692085,45.771042817241714,90.01601794671119,90.93571538971285,6.534938928375432,-1.692092968670695,3.0250928997247186,0.007644366053771817,0.3575324813920452,46.0113861168377,45.771038206436984,90.0160179082293,90.93820338819566,6.550878855929772,-1.6960295460096524,3.0305900704983846,0.007644388203962767,0.39311215385978343,46.01138576650513,45.769594718775764,90.01601670486666,91.00271754724548,6.957695887954654,-1.8081416630590583,3.1783445501505634,0.007644388511422964,0.39438276468748956,46.0113857480446,45.769578955676785,90.01601666681127,91.0051801485085,6.973423312028891,-1.8120614482119572,3.1838241532313463
1.08,0.0,0.0028396667565618082,-0.03777686865909274,10.72416004589198,1.0,ok,0.0076443657481821345,0.3570481212187558,46.011386135692085,45.771079893327055,90.01601794671119,90.93569151972133,6.53492551482517,-1.6920857698876912,3.024870419881087,0.007644366053771817,0.3582505305982217,46.0113861168377,45.77107105602648,90.0160179082293,90.93818720955954,6.550880179942074,-1.6960330468519005,3.0304018511327357,0.007644388203962767,0.39396472252770776,46.01138576650513,45.76954546691297,90.01601670486666,91.00273566017802,6.957686231915267,-1.808136082849649,3.178562964634757,0.007644388511422964,0.39523282462837117,46.0113857480446,45.769525907155455,90.01601666681127,91.0052064560706,6.973434087802815,-1.8120676575949581,3.1840762104187736
1.1,0.0,0.0028449892623881247,-0.037804650595462355,10.724071895567127,1.0,ok,0.0076443657481821345,0.35772700080586645,46.011386135692085,45.77111545213987,90.01601794671119,90.93566940900938,6.534918826219181,-1.6920803909952937,3.0246590440190237,0.007644366053771817,0.3589291875774176,46.0113861168377,45.77110211361918,90.0160179082293,90.93817121715377,6.550875573055436,-1.696035012605221,3.0302223629427028,0.007644388203962767,0.39477033043695053,46.01138576650513,45.769498944212806,90.01601670486666,91.00275334374035,6.957682380584564,-1.8081320038150495,3.178770539261744,0.007644388511422964,0.3960358436553796,46.0113857480446,45.76947532919228,90.01601666681127,91.0052308577693,6.97343884841489,-1.8120722082855116,3.1843152159482804
1.12,0.0,0.0028485972276680797,-0.037830923926324325,10.723988609803156,1.0,ok,0.0076443657481821345,0.35836829787958946,46.011386135692085,45.77114955868264,90.01601794671119,90.9356490349821,6.534917022995884,-1.6920767953499845,3.0244584026232477,0.007644366053771817,0.3595706928480566,46.0113861168377,45.77113146315574,90.0160179082293,90.93815534985,6.550866747430591,-1.6960354410719414,3.0300510706642028,0.007644388203962767,0.39553151258198294,46.01138576650513,45.76945501031086,90.01601670486666,91.00277069088827,6.957682764934737,-1.8081294307521028,3.1789679852715356,0.007644388511422964,0.39679447503363935,46.0113857480446,45.769427100407356,90.01601666681127,91.00525341072091,6.973439291366011,-1.812075144601289,3.1845417214236837
1.1400000000000001,0.0,0.002850728468184632,-0.037855776487662196,10.723909918695291,1.0,ok,0.0076443657481821345,0.35897405601343163,46.011386135692085,45.77118223898746,90.01601794671119,90.93563026933651,6.534918268898671,-1.6920747309677846,3.0242680525843224,0.007644366053771817,0.3601771166566205,46.0113861168377,45.7711592155725,90.0160179082293,90.93813965300119,6.5508554485536825,-1.696034547961231,3.0298875693142993,0.007644388203962767,0.39625067729568414,46.01138576650513,45.769413499400194,90.01601670486666,91.00278769152969,6.957685781738291,-1.8081281666637201,3.1791558927466435,0.007644388511422964,0.39751121288938884,46.0113857480446,45.769381132600635,90.01601666681127,91.0052742648793,6.973437094062364,-1.8120767052962166,3.1847563529217027
1.16,0.0,0.002851730326860267,-0.037879290152755915,10.723835567674255,1.0,ok,0.0076443657481821345,0.3595462415938101,46.011386135692085,45.77121350061108,90.01601794671119,90.9356129248789,6.53492097007585,-1.6920738361588041,3.0240874976098233,0.007644366053771817,0.3607503797657504,46.0113861168377,45.77118549328858,90.0160179082293,90.9381242318192,6.550843209483961,-1.6960326647778337,3.029731543580022,0.007644388203962767,0.39693011443666787,46.01138576650513,45.769374237734105,90.01601670486666,91.00280427428558,6.957690020082603,-1.8081279069130964,3.1793347515579606,0.007644388511422964,0.39818839958341357,46.0113857480446,45.76933735576209,90.01601666681127,91.0052936180495,6.973433700609311,-1.8120772260062055,3.1849597722815592
1.18,0.0,0.0028519767980398395,-0.03790154080450796,10.723765316640119,1.0,ok,0.0076443657481821345,0.3600867357040292,46.011386135692085,45.77124334787048,90.01601794671119,90.93559679471936,6.534923901639333,-1.692073723860172,3.0239162131905086,0.007644366053771817,0.36129227419561044,46.0113861168377,45.77121041783759,90.0160179082293,90.93810921275335,6.5508312159925675,-1.696030155407608,3.0295827321202284,0.007644388203962767,0.3975720008613794,46.01138576650513,45.76933705675963,90.01601670486666,91.00282034231772,6.957694385703739,-1.8081283162152302,3.179504977036035,0.007644388511422964,0.3988282349860176,46.0113857480446,45.769295706516914,90.01601666681127,91.00531167980576,6.973430211347028,-1.8120770622245055,3.1851526440658526
1.2,0.0,0.002851810103533484,-0.037922598737382754,10.723698939085137,1.0,ok,0.0076443657481821345,0.3605973273903192,46.011386135692085,45.77127179168899,90.01601794671119,90.9355816811574,6.534926243048078,-1.6920740408141142,3.023753670648499,0.007644366053771817,0.3618044818383206,46.0113861168377,45.771234101302404,90.0160179082293,90.93809471525489,6.55082026337734,-1.696027356331127,3.0294408994353814,0.007644388203962767,0.39817840422059403,46.01138576650513,45.7693018016151,90.01601670486666,91.0028358003159,6.9576981408878575,-1.8081290838563753,3.1796669349972992,0.007644388511422964,0.3994327866643085,46.0113857480446,45.76925612031771,90.01601666681127,91.00532864590976,6.973427354832465,-1.8120765358523792,3.185335610477652
1.22,0.0,0.002851506206416205,-0.03794252925209268,10.723636221245766,1.0,ok,0.0076443657481821345,0.36107970947634493,46.011386135692085,45.77129885467228,90.01601794671119,90.935567413868,6.5349275484150064,-1.6920745023136612,3.023599356849538,0.007644366053771817,0.3622885898258468,46.0113861168377,45.77125664148486,90.0160179082293,90.93808083414982,6.550810779892645,-1.6960245405389478,3.029305816104194,0.007644388203962767,0.3987512859474969,46.01138576650513,45.769268335440785,90.01601670486666,91.00285057194353,6.9577008830780604,-1.80812995703113,3.1798209627186824,0.007644388511422964,0.4000040001515366,46.0113857480446,45.769218527120266,90.01601666681127,91.00534468295878,6.973425518094441,-1.8120759042942642,3.185509274730186
1.24,0.0,0.002851260753125322,-0.03796139328351931,10.723576961306847,1.0,ok,0.0076443657481821345,0.3615354773119658,46.011386135692085,45.77132457243745,90.01601794671119,90.9355538585598,6.5349276775963485,-1.692074906216444,3.0234527879978437,0.007644366053771817,0.36274610231458293,46.0113861168377,45.77127812025605,90.0160179082293,90.9380676313711,6.550802891264725,-1.6960219020311778,3.029177246886672,0.007644388203962767,0.39929250407741707,46.01138576650513,45.7692365403554,90.01601670486666,91.00286460859078,6.957702485758017,-1.808130755187206,3.179967384257215,0.007644388511422964,0.4005437086884093,46.0113857480446,45.76918284991761,90.01601666681127,91.00535992178142,6.973424811540318,-1.8120753485045826,3.1856741921497678
1.26,0.0,0.0028511904127654724,-0.03797924796990913,10.723520968667502,1.0,ok,0.0076443657481821345,0.36196613027773655,46.011386135692085,45.77134899234766,90.01601794671119,90.93554091815588,6.534926710332338,-1.692075131365465,3.0233135173650396,0.007644366053771817,0.3631784489121856,46.0113861168377,45.77129860428186,90.0160179082293,90.93805513498995,6.550796503849303,-1.6960195560449636,3.029054945406423,0.007644388203962767,0.3998038163059135,46.01138576650513,45.76920631609961,90.01601670486666,91.002877891187,6.957703022285354,-1.8081313698488053,3.180106519901554,0.007644388511422964,0.401053642057028,46.0113857480446,45.769149005341184,90.01601666681127,91.00537445748074,6.973425148309338,-1.8120749751252032,3.1858308675963007
1.28,0.0,0.002851344239869748,-0.03799614712258121,10.723468063269044,1.0,ok,0.0076443657481821345,0.3623730755201326,46.011386135692085,45.77137217074103,90.01601794671119,90.93552852885202,6.5349248604673384,-1.6920751259075737,3.0231811377488818,0.007644366053771817,0.36358699031467656,46.0113861168377,45.77131814725787,90.0160179082293,90.93804334321482,6.5507913890855844,-1.6960175497167975,3.028938653759139,0.007644388203962767,0.40028688348517794,46.01138576650513,45.76917757731079,90.01601670486666,91.00289042717938,6.957702688646009,-1.8081317548451006,3.180238690489362,0.007644388511422964,0.40153543433461664,46.0113857480446,45.76911690552817,90.01601666681127,91.00538835387972,6.973426322799682,-1.8120748276841923,3.18597975749757
1.3,0.0,0.002851720171416939,-0.03801214158950452,10.72341807498015,1.0,ok,0.0076443657481821345,0.3627576332358077,46.011386135692085,45.7713941695596,90.01601794671119,90.93551665329512,6.534922401499796,-1.6920748904390055,3.023055279957776,0.007644366053771817,0.36397302187367514,46.0113861168377,45.77133679286758,90.0160179082293,90.93803223115508,6.55078725753894,-1.696015878230657,3.028828105352016,0.007644388203962767,0.4007432735969122,46.01138576650513,45.76915025024192,90.01601670486666,91.0029022447295,6.957701735840136,-1.8081319114844168,3.180364217818199,0.007644388511422964,0.4019906305567873,46.0113857480446,45.76908646055414,90.01601666681127,91.00540165031265,6.973428078321422,-1.8120749023109277,3.1861212748011125
1.32,0.0,0.0028522827377488935,-0.03802727952545661,10.723370843032052,1.0,ok,0.0076443657481821345,0.36312104281280977,46.011386135692085,45.77141505304727,90.01601794671119,90.93550527275103,6.534919609450702,-1.6920744599472766,3.0229356087531913,0.007644366053771817,0.36433777581935717,46.0113861168377,45.771354577838096,90.0160179082293,90.93802175852169,6.550783816189813,-1.6960145024674764,3.028723029456004,0.007644388203962767,0.40117446612917734,46.01138576650513,45.769124269531076,90.01601670486666,91.0029133858624,6.957700417700241,-1.8081318723679498,3.180483422524194,0.007644388511422964,0.4024206923916659,46.0113857480446,45.76905758088761,90.01601666681127,91.00541436909717,6.973430158651003,-1.81207516438359,3.186255795368076
1.34,0.0,0.002852979228580565,-0.03804160658974361,10.72332621549626,1.0,ok,0.0076443657481821345,0.36346446922428155,46.011386135692085,45.77143488494527,90.01601794671119,90.93549437963367,6.534916724737007,-1.6920738873321752,3.0228218175603896,0.007644366053771817,0.3646824227731252,46.0113861168377,45.77137153466085,90.0160179082293,90.93801187692652,6.550780806980953,-1.6960133652957134,3.0286231562514643,0.007644388203962767,0.4015818567225719,46.01138576650513,45.76909957541223,90.01601670486666,91.00292389985687,6.957698955913139,-1.808131686472092,3.1805966206894523,0.007644388511422964,0.4028270029888652,46.0113857480446,45.76903017950318,90.01601666681127,91.0054265224922,6.973432342126268,-1.8120755636047772,3.1863836646416344
1.36,0.0,0.002853752690718501,-0.038055166093492555,10.72328404879813,1.0,ok,0.0076443657481821345,0.36378900921081886,46.011386135692085,45.77145372639951,90.01601794671119,90.93548397125713,6.534913931665191,-1.6920732301434551,3.0227136229936944,0.007644366053771817,0.3650080730400884,46.0113861168377,45.771387693733075,90.0160179082293,90.93800253594569,6.550778027810206,-1.6960124047944343,3.0285282215021523,0.007644388203962767,0.4019667619293151,46.01138576650513,45.76907611156601,90.01601670486666,91.0029338376967,6.957697521112702,-1.80813140706473,3.180704120190531,0.007644388511422964,0.4032108711890821,46.0113857480446,45.769004173457155,90.01601666681127,91.0054381184175,6.973434459678358,-1.8120760460535874,3.1865052037784447
1.3800000000000001,0.0,0.002854551101774307,-0.03806799911547796,10.723244207260741,1.0,ok,0.0076443657481821345,0.36409569694454114,46.011386135692085,45.771471634626415,90.01601794671119,90.93547404521861,6.534911352302008,-1.6920725411958895,3.0226107599173604,0.007644366053771817,0.3653157780120754,46.0113861168377,45.77140308483459,90.0160179082293,90.93799368755575,6.550775339090088,-1.6960115636803115,3.0284379703282847,0.007644388203962767,0.40233042393662566,46.01138576650513,45.76905382365669,90.01601670486666,91.00294324798216,6.957696227149329,-1.8081310831163968,3.1808062174844833,0.007644388511422964,0.40357353527172085,46.0113857480446,45.7689794848674,90.01601666681127,91.0054491646141,6.973436399831432,-1.8120765626435282,3.186620714767996
1.4000000000000001,0.0,0.002855332792388634,-0.03808014460079787,10.723206562675076,1.0,ok,0.0076443657481821345,0.3643855090145468,46.011386135692085,45.7714886622682,90.01601794671119,90.93546459646667,6.534909050683364,-1.6920718629921117,3.0225129774503756,0.007644366053771817,0.36560653186341374,46.0113861168377,45.771417737972406,90.0160179082293,90.93798528889789,6.5507726598612965,-1.696010794961799,3.02835215984551,0.007644388203962767,0.4026740151321789,46.01138576650513,45.76903265849498,90.01601670486666,91.00295217436737,6.957695134854982,-1.8081307541758969,3.180903195229401,0.007644388511422964,0.40391616639059086,46.0113857480446,45.76895604134039,90.01601666681127,91.0054596712372,6.9734381044050595,-1.8120770740860312,3.186730484342898
1.42,0.0,0.0028560686625114305,-0.03809163945184802,10.723170993893545,1.0,ok,0.0076443657481821345,0.3646593686935899,46.011386135692085,45.771504857300194,90.01601794671119,90.9354556158664,6.534907043311128,-1.6920712254020858,3.0224200360547124,0.007644366053771817,0.3658812736001045,46.0113861168377,45.7714316836997,90.0160179082293,90.93797730356108,6.550769957502684,-1.6960100643434137,3.0282705606538842,0.007644388203962767,0.4029986424245596,46.01138576650513,45.769012563705125,90.01601670486666,91.00296065436187,6.957694261601186,-1.808130448227082,3.180995320874458,0.007644388511422964,0.4042398718112991,46.0113857480446,45.76893377594856,90.01601666681127,91.00546965207832,6.973439558615871,-1.8120775528842128,3.1868347866900737
1.44,0.0,0.0028567419784496038,-0.03810251861700087,10.72313738644486,1.0,ok,0.0076443657481821345,0.3649181495323474,46.011386135692085,45.77152026332773,90.01601794671119,90.93544708993926,6.534905312431113,-1.6920706458075814,3.02233170565791,0.007644366053771817,0.3661408894353926,46.0113861168377,45.77144495305063,90.0160179082293,90.93796970170808,6.550767234555077,-1.6960093501512188,3.028192957320819,0.007644388203962767,0.4033053512678897,46.01138576650513,45.768993487750464,90.01601670486666,91.00296871920585,6.957693593424119,-1.8081301818081292,3.1810828461768246,0.007644388511422964,0.4045456980262748,46.0113857480446,45.768912626888365,90.01601666681127,91.00547912472818,6.973440778772237,-1.8120779830945664,3.1869338851226168
1.46,0.0,0.002857346592950952,-0.038112815179358925,10.723105632168847,1.0,ok,0.0076443657481821345,0.3651626783802501,46.011386135692085,45.771534920112515,90.01601794671119,90.9354390014083,6.534903819394335,-1.692070130858356,3.022247764638247,0.007644366053771817,0.36638621541115085,46.0113861168377,45.77145757723643,90.0160179082293,90.93796245941057,6.550764515381095,-1.6960086416241902,3.028119148078906,0.007644388203962767,0.40359512937194947,46.01138576650513,45.76897538017387,90.01601670486666,91.00297639448111,6.9576930972359765,-1.808129961613652,3.1811660074782253,0.007644388511422964,0.4048346337897459,46.0113857480446,45.768892536949465,90.01601666681127,91.00548811002375,6.973441799993677,-1.8120783586383498,3.1870280329384935
1.48,0.0,0.0028578843557336025,-0.03812256044598734,10.723075628870259,1.0,ok,0.0076443657481821345,0.3653937379548934,46.011386135692085,45.77154886419352,90.01601794671119,90.93543133019719,6.5349025163045615,-1.6920696790633376,3.0221679994425212,0.007644366053771817,0.3666180401606319,46.0113861168377,45.77146958723215,90.0160179082293,90.93795555754267,6.5507618344886,-1.6960079363513951,3.0280489439862555,0.007644388203962767,0.4038689101041926,46.01138576650513,45.76895819193189,90.01601670486666,91.00298370113579,6.957692731470321,-1.808129786867882,3.1812450265240044,0.007644388511422964,0.4051076130884434,46.0113857480446,45.76887345290903,90.01601666681127,91.0054966311019,6.973442665570951,-1.8120786808767455,3.187117473714612
1.5,0.0,0.0028583623305188616,-0.038131784036980386,10.723047279990713,1.0,ok,0.0076443657481821345,0.365612069082304,46.011386135692085,45.77156212949927,90.01601794671119,90.93542405459084,6.53490135499142,-1.692069283595228,3.0220922046044207,0.007644366053771817,0.366837107707064,46.0113861168377,45.77148101335357,90.0160179082293,90.93794898052238,6.550759227500454,-1.6960072374798234,3.0279821677903493,0.007644388203962767,0.4041275756070946,46.01138576650513,45.76894187573001,90.01601670486666,91.00299065665392,6.957692454274952,-1.808129651893843,3.1813201116049905,0.007644388511422964,0.4053655180454086,46.0113857480446,45.76885532493753,90.01601666681127,91.00550471232422,6.973443418817326,-1.8120789560163892,3.1872024412715474
1.52,0.0,0.0028587902526274584,-0.038140513973262395,10.723020494298098,1.0,ok,0.0076443657481821345,0.3658183727154103,46.011386135692085,45.771574747884756,90.01601794671119,90.93541715234267,6.534900293015286,-1.6920689348586122,3.022020182958718,0.007644366053771817,0.3670441202067122,46.0113861168377,45.77149188489225,90.0160179082293,90.9379427151134,6.550756725075859,-1.69600655113988,3.02791865268931,0.007644388203962767,0.40437195966364453,46.01138576650513,45.76892638629918,90.01601670486666,91.00299727617045,6.957692228987031,-1.8081295484681514,3.181391458825317,0.007644388511422964,0.40560918174362537,46.0113857480446,45.768838106073545,90.01601666681127,91.00551237826448,6.973444097647748,-1.8120791927447206,3.1872831594978166
1.54,0.0,0.0028591784830289723,-0.038148776762034965,10.722995185592715,1.0,ok,0.0076443657481821345,0.36601331181491925,46.011386135692085,45.77158674955802,90.01601794671119,90.93541060159389,6.534899296919048,-1.6920686225713188,3.0219517458900116,0.007644366053771817,0.3672397405673854,46.0113861168377,45.77150222984594,90.0160179082293,90.93793674942059,6.550754349596415,-1.69600588436309,3.027858241137632,0.007644388203962767,0.40460285034678634,46.01138576650513,45.768911680582846,90.01601670486666,91.00300357340917,6.957692027085618,-1.8081294677264776,3.1814592533476183,0.007644388511422964,0.4058393909520376,46.0113857480446,45.76882175179751,90.01601666681127,91.0055196528793,6.97344473168638,-1.812079400333743,3.1873598421790774
1.56,0.0,0.0028595365626999268,-0.038156597479009756,10.722971272429449,1.0,ok,0.0076443657481821345,0.3661975131512717,46.011386135692085,45.7715981633874,90.01601794671119,90.93540438154007,6.534898343210948,-1.6920683372344294,3.0218867135125285,0.007644366053771817,0.3674245948981297,46.0113861168377,45.77151207475541,90.0160179082293,90.93793107214248,6.550752114111376,-1.6960052435882575,3.0278007837916396,0.007644388203962767,0.40482099248691994,46.01138576650513,45.76889771782552,90.01601670486666,91.003009561383,6.957691829071434,-1.8081294015087346,3.1815236705171337,0.007644388511422964,0.4060568887371329,46.0113857480446,45.76880621971226,90.01601666681127,91.00552655891444,6.973445341427694,-1.8120795872973785,3.1874326929176022
1.58,0.0,0.0028598723565991598,-0.0381639998468148,10.722948677855191,1.0,ok,0.0076443657481821345,0.36637156906249696,46.011386135692085,45.77160901709869,90.01601794671119,90.9353984728371,6.534897417723861,-1.6920680710141058,3.021824914719473,0.007644366053771817,0.3675992747689326,46.0113861168377,45.77152144464123,90.0160179082293,90.93792567208764,6.550750022930727,-1.6960046337709915,3.0277461386373217,0.007644388203962767,0.4050270899869378,46.01138576650513,45.76888445957251,90.01601670486666,91.00301525284958,6.957691623865772,-1.8081293431646828,3.1815848768119714,0.007644388511422964,0.40626237694691797,46.0113857480446,45.76879146932224,90.01601666681127,91.00553311755334,6.973445938875994,-1.8120797606014059,3.1875019051883777
1.6,0.0,0.002860191702088056,-0.038171006309290996,10.722927329160798,1.0,ok,0.0076443657481821345,0.36653603918321337,46.011386135692085,45.77161933738252,90.01601794671119,90.93539285777497,6.534896513975371,-1.6920678181099915,3.0217661870862997,0.007644366053771817,0.3677643392781145,46.0113861168377,45.771530363022435,90.0160179082293,90.93792053792659,6.550748073218182,-1.6960040579989573,3.0276941703115403,0.007644388203962767,0.40522180800825036,46.01138576650513,45.76887186959782,90.01601670486666,91.00302066054972,6.95769140729808,-1.808129287885124,3.1816430306062795,0.007644388511422964,0.4064565185592376,46.0113857480446,45.76877746189347,90.01601666681127,91.0055393482773,6.973446529077381,-1.8120799253392024,3.1875676625391645
1.62,0.0,0.0028604984384768117,-0.038177638101613856,10.722907157646784,1.0,ok,0.0076443657481821345,0.3666914521457871,46.011386135692085,45.7716291499364,90.01601794671119,90.93538752027024,6.534895631081807,-1.6920675747347687,3.021710376638731,0.007644366053771817,0.3679203169385883,46.0113861168377,45.77153885199318,90.0160179082293,90.93791565812813,6.550746257039197,-1.696003517497671,3.027644749599878,0.007644388203962767,0.4054057750450478,46.01138576650513,45.7688599137828,90.01601670486666,91.00302579727439,6.957691180199066,-1.8081292326831249,3.1816982827595486,0.007644388511422964,0.40663993989172925,46.0113857480446,45.76876416037279,90.01601666681127,91.00554526889124,6.973447112042032,-1.812080084760085,3.1876301389187898
1.6400000000000001,0.0,0.0028607946854949298,-0.03818391531633995,10.72288809840203,1.0,ok,0.0076443657481821345,0.36683830724580635,46.011386135692085,45.77163847946656,90.01601794671119,90.9353824457343,6.534894771656443,-1.692067338842189,3.0216573375105304,0.007644366053771817,0.3680677074023565,46.0113861168377,45.77154693233494,90.0160179082293,90.93791102102236,6.550744563435408,-1.6960030118941885,3.0275977530744846,0.007644388203962767,0.4055795848985079,46.01138576650513,45.76884855996703,90.01601670486666,91.00303067581466,6.957690946477519,-1.808129176138911,3.181750777060927,0.007644388511422964,0.40681323267546643,46.0113857480446,45.768751529344605,90.01601666681127,91.00555089566012,6.973447684672792,-1.8120802405297218,3.187689499101587
1.6600000000000001,0.0,0.0028610812500684,-0.03818985696558822,10.722870090094759,1.0,ok,0.0076443657481821345,0.36697707605992147,46.011386135692085,45.77164734967018,90.01601794671119,90.93537762087298,6.53489393996808,-1.6920671097188713,3.02160693152953,0.007644366053771817,0.368206983046086,46.0113861168377,45.77155462364249,90.0160179082293,90.93790661493578,6.550742980237386,-1.6960025396136649,3.027553062839666,0.007644388203962767,0.40574379855821985,46.01138576650513,45.76883777778976,90.01601670486666,91.0030353088447,6.957690711445812,-1.808129118026188,3.1818006505674457,0.007644388511422964,0.406976955998023,46.0113857480446,45.76873953500647,90.01601666681127,91.00555624350653,6.973448242441807,-1.8120803931079357,3.187745899172645
1.68,0.0,0.0028613580644707274,-0.03819548103959025,10.722853074775088,1.0,ok,0.0076443657481821345,0.36710820400355726,46.011386135692085,45.771655783214605,90.01601794671119,90.9353730334626,6.534893140519251,-1.6920668875428022,3.021559027766685,0.007644366053771817,0.36833859044051726,46.0113861168377,45.771561944448806,90.0160179082293,90.93790242835234,6.550741495463378,-1.6960020983120307,3.027510566340874,0.007644388203962767,0.405898945994969,46.01138576650513,45.7688275385366,90.01601670486666,91.00303970878069,6.957690480531914,-1.8081290589082761,3.1818480338690893,0.007644388511422964,0.40713163812411907,46.0113857480446,45.76872814514923,90.01601666681127,91.00556132622725,6.973448780679162,-1.8120805421554322,3.187799487041537
1.7,0.0,0.002861624587441697,-0.03820080456189237,10.722836997688537,1.0,ok,0.0076443657481821345,0.3672321118179416,46.011386135692085,45.771663801724074,90.01601794671119,90.93536867213625,6.5348923770888465,-1.692066672977971,3.0215135020780215,0.007644366053771817,0.3684629517239792,46.0113861168377,45.77156891233775,90.0160179082293,90.93789845006734,6.550740098256076,-1.6960016852758213,3.027470156211909,0.007644388203962767,0.406045527867105,46.01138576650513,45.76881781499971,90.01601670486666,91.00304388764606,6.957690258414339,-1.808128999765641,3.1818930513153045,0.007644388511422964,0.40727777820325256,46.0113857480446,45.76871732913214,90.01601666681127,91.00556615669862,6.973449295435098,-1.8120806869053354,3.187850402953579
1.72,0.0,0.002861880127840413,-0.03820584364144311,10.72282180709982,1.0,ok,0.0076443657481821345,0.3673491969791289,46.011386135692085,45.77167142578001,90.01601794671119,90.93536452620165,6.534891652209299,-1.6920664668450338,3.0214702366630486,0.007644366053771817,0.36858046589648735,46.0113861168377,45.77157554403916,90.0160179082293,90.93789466931251,6.550738779386501,-1.6960012977443386,3.0274317301309805,0.007644388203962767,0.40618401714183705,46.01138576650513,45.76880858135708,90.01601670486666,91.0030478569628,6.95769004855699,-1.8081289416979167,3.1819358212241413,0.007644388511422964,0.4074158478739726,46.0113857480446,45.76870705784802,90.01601666681127,91.00557074705145,6.973449783945672,-1.8120808264640993,3.1878987799758285
1.74,0.0,0.0028621240743085478,-0.03821061352180133,10.722807454126363,1.0,ok,0.0076443657481821345,0.36745983502536206,46.011386135692085,45.771678674936325,90.01601794671119,90.9353605855002,6.53489096699822,-1.692066269887306,3.0214291196565544,0.007644366053771817,0.3686915100467541,46.0113861168377,45.77158185550442,90.0160179082293,90.93789107584263,6.5507375314017695,-1.696000933138854,3.027395190672494,0.007644388203962767,0.4063148606326676,46.01138576650513,45.76879981307115,90.01601670486666,91.00305162767842,6.957689853066808,-1.8081288857108475,3.1819764560932775,0.007644388511422964,0.40754629277397764,46.0113857480446,45.76869730367661,90.01601666681127,91.00557510880705,6.973450244774069,-1.8120809600238077,3.187944744450333
1.76,0.0,0.0028623560324223616,-0.03821512862765593,10.72279389258104,1.0,ok,0.0076443657481821345,0.36756438080252263,46.011386135692085,45.77168556774886,90.01601794671119,90.93535684030867,6.534890321247146,-1.692066082627553,3.021390044758543,0.007644366053771817,0.3687964405205289,46.0113861168377,45.77158786196403,90.0160179082293,90.93788765998191,6.550736348517468,-1.6960005891984085,3.0273604451455105,0.007644388203962767,0.4064384804545395,46.01138576650513,45.76879148680597,90.01601670486666,91.00305521012896,6.957689672783794,-1.8081288325887401,3.1820150628174835,0.007644388511422964,0.407669533964287,46.0113857480446,45.76868804042758,90.01601666681127,91.00557925297339,6.97345067771882,-1.8120810869884965,3.187988416400861
1.78,0.0,0.0028625758825863187,-0.03821940260883474,10.722781078823528,1.0,ok,0.0076443657481821345,0.3676631696302022,46.011386135692085,45.77169212181571,90.01601794671119,90.9353532812791,6.534889713670815,-1.692065905309296,3.021352910906688,0.007644366053771817,0.36889559403547956,46.0113861168377,45.77159357797006,90.0160179082293,90.93788441263499,6.550735226352162,-1.6960002640363756,3.0273274054162522,0.007644388203962767,0.40655527539887254,46.01138576650513,45.76878358035955,90.01601670486666,91.0030586140351,6.9576895075161405,-1.8081287828420993,3.1820517429201614,0.007644388511422964,0.4077859692745896,46.0113857480446,45.76867924327497,90.01601666681127,91.00558319010555,6.973451083581378,-1.812081207028863,3.188029909898887
1.8,0.0,0.0028627837754945464,-0.0382234483888463,10.722768970643488,1.0,ok,0.0076443657481821345,0.36775652117243374,46.011386135692085,45.771698353564354,90.01601794671119,90.93534989851047,6.534889140976725,-1.6920657380674573,3.021317620986591,0.007644366053771817,0.3689892915335355,46.0113861168377,45.771599017145725,90.0160179082293,90.93788132439437,6.550734160353912,-1.6959999562550856,3.0272959868511418,0.007644388203962767,0.40666562553676183,46.01138576650513,45.76877607198752,90.01601670486666,91.00306184790229,6.957689351976851,-1.8081287359733578,3.182086593858852,0.007644388511422964,0.4078959778662396,46.0113857480446,45.76867088805143,90.01601666681127,91.00558692974829,6.97345145963684,-1.812081319300586,3.1880693345844033
1.82,0.0,0.0028629800954676735,-0.03822727836604075,10.722757528987879,1.0,ok,0.0076443657481821345,0.3678447378053023,46.011386135692085,45.77170427935651,90.01601794671119,90.93534668492858,6.534888603609253,-1.6920655769872006,3.0212840848602984,0.007644366053771817,0.36907783653603,46.0113861168377,45.771604193273845,90.0160179082293,90.93787838879226,6.550733150495074,-1.6959996611008339,3.0272661111285237,0.007644388203962767,0.4067698904001019,46.01138576650513,45.76876894182918,90.01601670486666,91.00306492134222,6.957689215770095,-1.8081286897910844,3.1821197084047625,0.007644388511422964,0.4079999184167374,46.0113857480446,45.76866295264998,90.01601666681127,91.00559048260986,6.9734518182456675,-1.8120814218735257,3.188106794817125
1.84,0.0,0.0028631654078757106,-0.03823090424760832,10.722746717961526,1.0,ok,0.0076443657481821345,0.36792810136437126,46.011386135692085,45.771709913969836,90.01601794671119,90.93534363143627,6.534888097243959,-1.6920654226395617,3.0212522148934937,0.007644366053771817,0.36916151187743274,46.0113861168377,45.77160911880755,90.0160179082293,90.93787559756713,6.550732193544428,-1.6959993786639371,3.0272377019057997,0.007644388203962767,0.40686840490870074,46.01138576650513,45.76876217091526,90.01601670486666,91.00306784211513,6.957689090961394,-1.808128645643503,3.1821511722433806,0.007644388511422964,0.40809812504407716,46.0113857480446,45.768655416072406,90.01601666681127,91.00559385774676,6.973452155707702,-1.8120815165748074,3.188142387427262
1.86,0.0,0.002863340370046146,-0.038234336808890164,10.72273650244787,1.0,ok,0.0076443657481821345,0.36800687748177763,46.011386135692085,45.771715271637156,90.01601794671119,90.93534073003262,6.534887618639895,-1.692065277079869,3.021221928518336,0.007644366053771817,0.36924058407313426,46.0113861168377,45.771613805816955,90.0160179082293,90.93787294362987,6.550731286598976,-1.6959991107869283,3.027210687419596,0.007644388203962767,0.4069614845856996,46.01138576650513,45.768755741158046,90.01601670486666,91.00307061778967,6.957688973996759,-1.8081286049652054,3.1821810675513875,0.007644388511422964,0.40819091249068,46.0113857480446,45.76864825833099,90.01601666681127,91.00559706406933,6.973452471920565,-1.812081605505212,3.1881762053110885
1.8800000000000001,0.0,0.0028635056784336657,-0.038237586347729155,10.72272684955573,1.0,ok,0.0076443657481821345,0.36808131885724255,46.011386135692085,45.77172036592247,90.01601794671119,90.93533797320136,6.534887161719463,-1.6920651399471716,3.0211931472991784,0.007644366053771817,0.36931530662346446,46.0113861168377,45.77161826582696,90.0160179082293,90.93787042038542,6.550730424048167,-1.6959988570911868,3.0271849995585076,0.007644388203962767,0.4070494295782006,46.01138576650513,45.76874963526953,90.01601670486666,91.003073255565,6.957688860993653,-1.8081285674239125,3.182209472832098,0.007644388511422964,0.4082785801396529,46.0113857480446,45.768641460333626,90.01601666681127,91.00560011009996,6.973452766240581,-1.8120816891445957,3.1882083372602734
1.9000000000000001,0.0,0.002863662022968911,-0.038240662613562,10.722717728642124,1.0,ok,0.0076443657481821345,0.3681516632007957,46.011386135692085,45.77172520969781,90.01601794671119,90.93533535364709,6.534886742583666,-1.6920650112726663,3.0211657964961947,0.007644366053771817,0.3693859179653206,46.0113861168377,45.77162250979752,90.0160179082293,90.9378680214519,6.5507296214367745,-1.695998617652534,3.027160573374349,0.007644388203962767,0.4071325221483705,46.01138576650513,45.76874383695765,90.01601670486666,91.00307576223254,6.957688757568853,-1.808128533279208,3.182236462097338,0.007644388511422964,0.4083614095173261,46.0113857480446,45.7686350040857,90.01601666681127,91.00560300392286,6.973453045995566,-1.812081768566551,3.1882388670936845
1.92,0.0,0.0028638100495862353,-0.03824357488205248,10.722709110579018,1.0,ok,0.0076443657481821345,0.36821813589484476,46.011386135692085,45.77172981526041,90.01601794671119,90.93533286453213,6.534886337015156,-1.6920648899809154,3.021139805043843,0.007644366053771817,0.36945264415814644,46.0113861168377,45.77162654820535,90.0160179082293,90.93786574084855,6.550728855471947,-1.6959983914346075,3.0271373470959206,0.007644388203962767,0.40721102990228,46.01138576650513,45.768738330721,90.01601670486666,91.00307814425516,6.957688663194517,-1.8081285018054263,3.1822621057936984,0.007644388511422964,0.4084396675155545,46.0113857480446,45.768628872453775,90.01601666681127,91.00560575321892,6.973453314459977,-1.8120818438167006,3.188267874612155
1.94,0.0,0.0028639503431182978,-0.0382463319248234,10.72270096764514,1.0,ok,0.0076443657481821345,0.3682809499149568,46.011386135692085,45.77173419428563,90.01601794671119,90.93533049929124,6.534885942026099,-1.6920647753818212,3.021115105333788,0.007644366053771817,0.3695156988158568,46.0113861168377,45.77163039099428,90.0160179082293,90.93786357280588,6.55072812238415,-1.6959981777239854,3.0271152619130994,0.007644388203962767,0.4072852056745757,46.01138576650513,45.76873310183597,90.01601670486666,91.00308040776667,6.957688574858819,-1.8081284725838218,3.182286470858026,0.007644388511422964,0.40851360628226957,46.0113857480446,45.76862304915278,90.01601666681127,91.00560836526388,6.973453570262484,-1.812081915145189,3.188295435649968
1.96,0.0,0.0028640834184309274,-0.03824894203843552,10.722693273400274,1.0,ok,0.0076443657481821345,0.36834030676960333,46.011386135692085,45.771738357855554,90.01601794671119,90.93532825163457,6.534885576311824,-1.692064666973192,3.021091633081147,0.007644366053771817,0.3695752840575211,46.0113861168377,45.77163404759229,90.0160179082293,90.93786151175385,6.550727438775673,-1.6959979759189128,3.0270942618557948,0.007644388203962767,0.4073552886590064,46.01138576650513,45.76872813626559,90.01601670486666,91.00308255854165,6.957688490585984,-1.808128445318056,3.1823096209909196,0.007644388511422964,0.4085834643522046,46.0113857480446,45.768617518645456,90.01601666681127,91.00561084688556,6.973453811363369,-1.8120819828143613,3.188321622360324
1.98,0.0,0.0028642097221490566,-0.038251413074674855,10.722686002536696,1.0,ok,0.0076443657481821345,0.36839639673246083,46.011386135692085,45.771742316538656,90.01601794671119,90.93532611566432,6.534885227698307,-1.6920645642727155,3.0210693272521016,0.007644366053771817,0.3696315907449357,46.0113861168377,45.77163752699045,90.0160179082293,90.9378595524386,6.550726791695231,-1.6959977853631367,3.027074293725507,0.007644388203962767,0.4074215046825772,46.01138576650513,45.76872342072258,90.01601670486666,91.0030846021286,6.957688408678624,-1.8081284197448872,3.1823316166890994,0.007644388511422964,0.40864946692511034,46.0113857480446,45.76861226620549,90.01601666681127,91.00561320459744,6.973454037641913,-1.8120820470147285,3.18834650324612
2.0,0.5,0.002864329640975288,-0.038253752464292995,10.72267913295997,1.0,ok,0.0076443657481821345,0.36844939930728665,46.011386135692085,45.77174608042556,90.01601794671119,90.93532408588132,6.534884898026259,-1.692064466903509,3.0210481299210445,0.007644366053771817,0.36968479895029305,46.0113861168377,45.77164083777846,90.0160179082293,90.93785768993776,6.550726181957409,-1.6959976054421733,3.0270553069720316,0.007644388203962767,0.4074840667574218,46.01138576650513,45.768718942669054,90.01601670486666,91.00308654391058,6.957688333393742,-1.8081283957118583,3.1823525153648333,0.007644388511422964,0.40871182641953313,46.0113857480446,45.76860727791791,90.01601666681127,91.00561544466807,6.9734542543678275,-1.8120821079539682,3.1883701432977585
2.02,0.5083166999334664,0.0028644435119883054,-0.03825596723319449,10.722672642537459,1.0,ok,0.0076443657481821345,0.3684994842844073,46.01115131127073,45.77174965907202,90.01601822776013,90.93532215696179,6.534884594305054,-1.6920643747056658,3.0210279859805844,0.006836542775289407,0.3697350790146824,46.02070345837976,45.77164398808203,90.03031830549027,90.93785591944587,6.5507256151849305,-1.6959974357103127,3.0270372534458856,0.007644388203962767,0.4075431763429536,46.02044220037437,45.768714690133805,90.02985070960558,91.00308838891927,6.95768827149285,-1.8081283732403162,3.1823723716468133,0.007644388511422964,0.4087707437315789,46.01115092362329,45.76860254049256,90.01601694786027,91.005617572945,6.973454468769104,-1.8120821659359867,3.1883926043304864
2.04,0.5167214738450482,0.002864551633892211,-0.03825806403923796,10.72266650910208,1.0,ok,0.0076443657481821345,0.36854681212415147,46.01023695781163,45.771753061618206,90.01601931149727,90.93532032397887,6.534884289235489,-1.6920642873858618,3.0210088431369684,0.001244935840180524,0.3697825919307432,46.10364822411217,45.77164698568241,90.17102694703522,90.93785423650301,6.550725062723735,-1.695997275561887,3.0270200874082107,0.007644388203962767,0.40759902380955676,46.10158206231701,45.768710651800326,90.16733319233978,91.00309014202827,6.957688196688271,-1.8081283521829277,3.1823912374368266,0.007644388511422964,0.4088264086997161,46.01023657016433,45.76859804135247,90.01601803159761,91.00561959505389,6.973454655500453,-1.8120822210428364,3.188413945052843
2.06,0.5252162071104236,0.0028573273900370805,-0.0397574222646996,10.718427290607377,1.0,ok,0.0076443657481821345,0.3695515624422855,46.00789344498485,45.77561329455836,90.01602198029137,90.93523014154246,6.724523281864708,-1.6961188946605297,3.0050636674758824,-0.013733053500747983,0.3686435776228894,46.3569531136279,45.78379701208529,90.60555972381424,90.94900457232923,6.1331957254605864,-1.6847375744931496,3.0022681214894043,0.007644388203962767,0.40666305912355855,46.35007155653625,45.78388164973927,90.59326452729518,91.01834293398089,6.6718724744615265,-1.8007447541591102,3.154417008086746,0.007644388511422964,0.41006151380046735,46.007893057338045,45.77361307725777,90.01602070039229,91.00962130823564,7.278559711604655,-1.8199160674892307,3.176824057820271
2.08,0.5338028462998449,0.0029618532791265513,-0.04461289144217574,10.718053663726065,1.0,ok,0.0076443657481821345,0.37612846133794786,46.00324789569169,45.80105348964617,90.01602671105209,90.94620156156448,7.2400109433161,-1.7245546493676773,2.9256011072352486,-0.04248681673656604,0.3612589269362724,46.75191531630326,45.85071271579142,91.2700442240649,91.02291042226923,5.348119430715172,-1.6258096784321046,2.8937232662228363,0.007644388203962767,0.3999214949181197,46.73587888811944,45.86192703042894,91.24142634185563,91.10304234854166,6.055585646711844,-1.7571582806045725,3.0244507623594377,0.007644388511422964,0.41772380802015835,46.00324750804576,45.798697018726536,90.01602543115415,91.03185336297305,7.893320716585287,-1.8629602432624002,3.1237302301694303
2.1,0.5424834018554004,0.005198509583579639,-0.049224180818722166,10.720563855767752,1.0,ok,0.0076443657481821345,0.3984398206712681,45.99544153843278,45.8600462282609,90.0160328063097,90.97937176664023,8.029112736426002,-1.80313934642699,2.758327886291573,-0.08917477187862018,0.3378737903844523,47.311735784119556,45.998773319175825,92.1933384416651,91.20839944662119,4.562748961395619,-1.5066501603379252,2.702795913783862,0.007644388203962767,0.3754815270045959,47.28104290607774,46.028219013689,92.13866857780047,91.28892368100088,5.396918470139357,-1.6623584755583454,2.7603361240011726,0.007644388511422964,0.4439158854987455,45.99544115078828,45.843283269290005,90.01603152641357,91.07662557154401,8.555362798657463,-1.9572410494682335,3.0407017139623402
2.12,0.5512599509163097,0.01020285459878506,-0.047070444825164585,10.71112485522437,1.0,ok,0.0076443657481821345,0.44423245589783233,45.98383205188491,45.944109081321464,90.01603434194357,91.0376618552514,9.034402833097403,-1.9431715735691752,2.544179737447111,-0.15770588507386055,0.291089604580227,48.01766746048872,46.22307812426217,93.32456531189928,91.5153616369986,3.4966928289961685,-1.3420400090413744,2.4723485693131098,0.007644388203962767,0.3337779237081814,47.96578016435107,46.26127512545157,93.2324999117078,91.55846006349203,4.336363783268156,-1.5234994294605133,2.411641907472062,0.007644388511422964,0.48743476198800934,45.98383166424257,45.89415896502184,90.01603306205011,91.14029265452227,9.488662242654659,-2.090504298941708,2.9735054771059257
2.14,0.5601346403021813,0.007763618129124416,-0.05178744088948651,10.686003841480883,1.0,ok,0.0076443657481821345,0.534981301130003,45.968252033132174,46.07119618968006,90.01602895076617,91.1078257250293,10.176007622393739,-2.140203174030058,2.1803807193647162,-0.2517204996558377,0.1946734132885138,48.83657517444625,46.542769115591106,94.59226100424111,91.9409512815032,2.2437371299061253,-1.1218178201755877,2.1205260736462117,0.007644388203962767,0.2726269358463742,48.75620863465678,46.633646340394364,94.45019303305367,91.97436882037863,3.3431212738380327,-1.3280045249610406,1.8249402094196454,0.007644388511422964,0.5517427733012107,45.96825164549278,45.976347725274806,90.01602767087634,91.24308378213018,10.791580801902008,-2.2829483170768197,2.865116161818726
2.16,0.5691096896649528,0.006601248322870037,-0.060188606489616686,10.668086208902102,1.0,ok,0.0076443657481821345,0.6606719558282612,45.95205861734909,46.23783278960145,90.0160121380126,91.18153051871164,11.238424034217873,-2.385129193244309,1.6631220391990775,-0.37457050260825625,0.05364086451968101,49.70048424104182,46.998717335251605,95.89750175192317,92.51000767290326,1.8809480983946265,-0.7952182489870501,1.5397867769841866,0.007644388203962767,0.18550997991618318,49.58360808966044,47.13194031348444,95.69176557923535,92.4959785912076,2.0726946775544897,-1.089598094832573,0.9690041828832041,0.007644388511422964,0.6437265165254364,45.95205822971266,46.07944142505891,90.01601085812636,91.36261561795217,12.039196359568631,-2.5381338057550473,2.7083267519045497
2.18,0.5781460519869365,-0.010141378718777053,-0.0777193217545478,10.663155321214631,1.0,ok,0.0076443657481821345,0.804001998381234,45.940205659447145,46.412730795356275,90.01599259689962,91.2378139175434,12.081326181342416,-2.6413382554282965,1.0736289615781713,-0.5285221418978733,-0.12147117462710594,50.52355416022919,47.660509837637036,97.13565541648644,93.20149240173976,1.6004958295016132,-0.23479348509479817,0.41015883808256937,0.007644388203962767,0.08989612436682044,50.36178334570554,47.752969573321174,96.85208004352491,93.12105304858667,1.4811072177436058,-0.7433381737391442,-0.14318637792942734,0.007644388511422964,0.7418453135166079,45.94020527181287,46.18468707219696,90.01599131701592,91.46937395392088,12.670907260910793,-2.8200829136941983,2.51470487913405
2.2,0.5871824143089202,0.0068251469561467215,-0.06022904510530332,10.676518333593119,1.0,ok,0.0076443657481821345,0.8991773339813597,45.931575328681134,46.52993215185473,90.01597452480087,91.32715069340118,13.622802144714377,-2.902797126508039,0.7937976283683978,-0.7144098516512215,-0.35731954829438745,51.271467347239884,48.67392517949428,98.20922203119524,93.78059597991013,0.35667750408111826,-0.0006239911381801522,-2.3553279072376645,0.007644388203962767,-0.031752187410457745,51.05603399977687,48.50836251836593,97.8337418610732,93.83485697057904,1.0355052863224707,-0.02083676541039109,-1.5832333584924752,0.007644388511422964,0.8649018345853189,45.93126293195053,46.203210109820596,90.01597253092692,91.52833729901299,12.280603308313925,-3.0371806874230494,2.566707005340313
2.22,0.5962213495223521,0.08675915911852648,0.024148022891117272,10.686056901184962,1.0,ok,0.0076443657481821345,0.946089501464881,45.92850262467025,46.53207172327445,90.01596751434055,91.52100116163412,14.697525597242809,-3.2152259777985837,1.2147300820839202,-0.9334005942350471,-0.5854108560241729,51.90491632930787,49.75616127668498,99.05896125059903,94.48400142020631,0.0,0.10389755907146483,-5.091882063946978,0.007644388203962767,-0.1187981615742786,51.626865052265146,49.53143403963876,98.57649973057012,94.45064253135081,0.0,0.9037471449100387,-4.286204447673442,0.007644388511422964,0.9831475840361261,45.927741119817206,46.09607001205528,90.01596444806142,91.60816060733521,12.575913457765083,-3.1447778242878024,3.174124614329643
2.24,0.60526285909279,0.19975386782487775,0.11169155881995632,10.68279113169578,1.0,ok,0.0076443657481821345,0.9611293847339657,45.933796448660736,46.405448815694854,90.01598009387308,91.70290256445179,14.569455464689417,-3.4844445419841934,2.13045558798558,-1.1861729760430224,-0.7805533885697221,52.40033449070223,50.66562841083239,99.64688617655526,95.34792699452005,0.0,0.5165152267717736,-6.757974878448064,0.007644388203962767,-0.14103899481700022,52.051186899257935,50.42225036505,99.04411751960103,95.24365623261947,0.0,2.3103692130113167,-6.046749932323098,0.007644388511422964,1.053085105208637,45.93244010061777,45.93524773110281,90.0159756820432,91.73542744914411,13.009854846584227,-3.217628436151379,4.103721151109019
2.2600000000000002,0.6143069444870443,0.32022074210414114,0.16597109553982514,10.680522815343906,1.0,ok,0.0076443657481821345,0.9701570252936836,45.95083164255255,46.20809927275641,90.01601670732606,91.82294592229623,13.939727369083016,-3.617696805981882,3.193938732343221,-1.4729804290350188,-0.971384446903881,52.76319665726653,51.403699735549445,99.99656119400181,96.27032781736783,0.0,1.2561988939843414,-7.597789859677545,0.007644388203962767,-0.1496512524626198,52.333856384103385,51.11465501127055,99.25958659156943,96.10201929276668,0.0,3.8496322623268777,-6.8606312442194834,0.007644388511422964,1.0747499134726326,45.94821132134726,45.775817219923205,90.0160105922597,91.88954173231282,13.586377444223272,-3.304141942625818,5.085925257663409
2.2800000000000002,0.6233561859343799,0.4246313096555043,0.1832128132769046,10.670404633885003,1.0,ok,0.0076443657481821345,0.9887730068681415,45.98274082218989,46.004832279099666,90.01605648378445,91.89738037467677,13.21673038743087,-3.609491488464737,4.1792321618370485,-1.7937712826000163,-1.201396586136401,53.02964309260579,51.96858295361965,100.18301486438035,97.17228363823622,0.0,2.177159724807382,-7.79327024725146,0.007644388203962767,-0.15731839790803037,52.511977722584575,51.65590763991793,99.29884093587494,96.92433929444451,0.0,5.266058680415454,-7.151905078136317,0.007644388511422964,1.0668831142619584,45.978582957344,45.63620820932547,90.01605251216256,92.04347922391209,14.071186711398655,-3.4140859886781887,5.986231339152742
2.3000000000000003,0.632410589317105,0.5037145169299067,0.17302959686207056,10.659712869083982,1.0,ok,0.0076443657481821345,1.0122396063704697,46.03258862605133,45.83174751463406,90.01603702153544,91.94261490176608,12.683998069315713,-3.5189832668556553,4.977468323648565,-2.148048665056284,-1.4600748608625496,53.265175919955496,52.415825973515645,100.33193387704617,97.9984138356792,0.0,3.146579741771193,-7.694582305699804,0.007644388203962767,-0.16418361237284432,52.65282750301097,51.97604330071171,99.28943406712257,97.66103279238153,0.0,6.446773666326667,-6.7694763462689265,0.007644388511422964,1.040380215200419,46.02731672629795,45.53850569085861,90.01604391343116,92.19293819778771,14.531674166691811,-3.530937161367608,6.706202195423755
2.32,0.641467575876537,0.5428175663349938,0.14281263668723462,10.653435100794898,1.0,ok,0.0076443657481821345,1.0439170125624053,46.10468054593535,45.7040065227783,90.01582969416938,91.961716703496,12.379824451466817,-3.405698070139872,5.534681614761894,-2.5348458348287557,-1.7264525490197942,53.49563885241092,52.70252004304162,100.49499434226429,98.71859581284248,0.0,4.10164759843646,-7.210030905925397,0.007644388203962767,-0.17256408605971857,52.778510013718225,52.212480146738876,99.28012863358238,98.26216676024926,0.0,7.313014437755588,-6.363290826884444,0.007644388511422964,1.0043049554813284,46.09679982715104,45.48224390420592,90.01586056892484,92.31464781873437,14.940361612421782,-3.650568173549619,7.197794373217048
2.34,0.6505323208172763,0.5479112592250278,0.10451401123331051,10.64470029471367,1.0,ok,0.0076443657481821345,1.070475196990444,46.20081332285903,45.64042524272865,90.01520754192914,91.97533531842502,12.116483730615677,-3.3004653004259956,5.820637499634768,-2.953200367045569,-2.013506305108211,53.71203789586701,52.98331728923163,100.66659393127087,99.3142692199136,0.0,4.95673051920947,-6.976688667260644,0.007644388203962767,-0.18114570468826785,52.886687522461564,52.43610534764514,99.27156927261524,98.69814702184142,0.0,7.858811657450293,-6.270121204302565,0.007644388511422964,0.9764719844654677,46.19166115798444,45.4675797921761,90.01528615492617,92.40218179908706,15.048200585236165,-3.7565761449985073,7.446943930531857
2.36,0.659599654839727,0.519893155320816,0.060698327497521354,10.644380328009968,1.0,ok,0.0076443657481821345,1.0881708996365465,46.32481028747537,45.64766348395519,90.01382200337024,91.98546626926574,12.135555470584382,-3.220247704636213,5.813009743068642,-3.4013827003709802,-2.327318138411145,53.910592034708,53.2381446647179,100.84474509679279,99.79817257418378,0.0,5.704797666941538,-6.887203376580386,0.007644388203962767,-0.18796423662030878,52.972976545981425,52.57645116645397,99.26436190174381,98.96861118496713,0.0,8.072375547074556,-6.218358146231201,0.007644388511422964,0.9600827425534826,46.31367214097706,45.50867779118423,90.01397448327695,92.46504408915455,15.090525338990222,-3.8317854641270745,7.417735225069999
2.38,0.6686721714651137,0.4526978344114305,0.013033022247827547,10.647042266494784,1.0,ok,0.0076443657481821345,1.1037194621780002,46.47863642365831,45.71353597841227,90.01116546480345,91.98693094058851,12.234278437953115,-3.1763707626085367,5.54962505795567,-3.8777333005830577,-2.691230764335984,54.086700569932454,53.440820072419825,101.02783383610105,100.18958804933852,0.0,6.3664440483052305,-6.798856675481607,0.007644388203962767,-0.1938906715240972,53.03502034746429,52.68279219099574,99.25896990296262,99.09699354778581,0.0,7.99776262847815,-6.345612732149925,0.007644388511422964,0.950752863480338,46.465646093596064,45.59187755387495,90.01143255083461,92.492298809616,15.03394898943446,-3.8760192166788916,7.141971774775296
2.4,0.6777498766212502,0.35118192270246856,-0.03716343785906355,10.647680968544364,1.0,ok,0.0076443657481821345,1.111598746016659,46.663585703189305,45.83110504039217,90.00657197504803,91.98667556498282,12.30440436457203,-3.16343001825228,5.073781719354381,-4.380217310760949,-3.0936591219135607,54.236331356620276,53.63620307151203,101.21407054698459,100.48783843827617,0.0,6.934755549114657,-6.883336255095268,0.007644388203962767,-0.19813825618031802,53.071222500650705,52.746050922497325,99.25573717270532,99.15770779772497,0.0,7.769349251309905,-6.455212643217551,0.007644388511422964,0.9464041879364122,46.649830476998545,45.71437571510116,90.0069771871623,92.49077555037024,14.928747377507783,-3.888375380070003,6.645689867344151
2.42,0.6868301782688709,0.21363353783753242,-0.09475466061416686,10.654940110812896,1.0,ok,0.0076443657481821345,1.1158566279360016,46.88103475570465,46.00401196194029,89.99918705278498,91.98713791572725,12.480042455261925,-3.1699369547866714,4.375952593639266,-4.906409985627223,-3.5141070623491526,54.35834790127344,53.84280428840342,101.40368955692858,100.72242509753526,0.0,7.483606961405272,-7.146497763243026,0.007644388203962767,-0.20161885715956884,53.07988939322818,52.80102716211667,99.25494119978174,99.19065742365765,0.0,7.428352299695972,-6.59351345593584,0.007644388511422964,0.9448058695539223,46.86689255969257,45.881237314914564,89.99974811492118,92.4681218439052,14.733852368322795,-3.8811820094008,5.924805232670166
2.44,0.6959130778937472,0.043139847532494974,-0.15767718736384775,10.65436125320619,1.0,ok,0.0076443657481821345,1.1178697880394373,47.13157610322838,46.215659569759694,89.98796392009295,91.98717979612658,12.49470340944056,-3.192386452839587,3.520657860691778,-5.45381115040182,-3.9591698498306234,54.45264271819861,53.99617900044832,101.5974157961613,100.93326255630254,0.0,8.057776294736255,-7.258706517176999,0.007644388203962767,-0.20382136978312007,53.06002458555417,52.844158334815084,99.25670643599453,99.2069631521931,0.0,7.010500959217517,-6.72276510235173,0.007644388511422964,0.9467030221727503,47.11677450510107,46.0725173497369,89.98872142849102,92.42279484895745,14.486975354676204,-3.8510789620556722,5.0557873441000325
2.46,0.7050011779355525,-0.15827331115686427,-0.24074460981320556,10.663474184538915,1.0,ok,0.0076443657481821345,1.1151822210576448,47.413873620044065,46.47977138180843,89.9717425242414,91.98197895016142,12.76714935505419,-3.2140855661365526,2.4418403766560957,-6.019902346703512,-4.428580693573474,54.51415899341715,54.14337209462233,101.78832336828293,101.14967417375355,0.0,8.732699618282162,-7.334527022195919,0.007644388203962767,-0.20408321617718908,53.01246437042633,52.86454133105738,99.26088726940768,99.2155771762525,0.0,6.451589456445417,-6.781873694967938,0.007644388511422964,0.9489538628674683,47.39979001484399,46.33688664434775,89.97267107850722,92.39588034419859,14.467119078507263,-3.8125836687616097,3.9318728211469867
2.48,0.7140918804195869,-0.39165060581151656,-0.3321939604416877,10.669606557269214,1.0,ok,0.0076443657481821345,1.1112248870508583,47.72654026156505,46.760292828187005,89.94925199805256,91.96753345338892,12.836587312959974,-3.2501685715535107,1.2761342469284342,-6.601687013823249,-4.924399101002467,54.542396741074874,54.21599626369954,101.97416495932288,101.35733346886447,0.0,9.463993498795835,-7.148347078796219,0.007644388203962767,-0.20482520262221912,52.937908274575335,52.86082466810174,99.26725278947463,99.2202165272702,0.0,5.825970626024513,-6.757545822038635,0.007644388511422964,0.9518070039512742,47.714410428243546,46.60961809235194,89.95026015194136,92.33907873286452,14.154060561838392,-3.7724767126049823,2.708034876034687
2.5,0.7231825829036214,-0.6509507868320228,-0.4371876832836634,10.66993546553934,1.0,ok,0.0076443657481821345,1.1017911107534708,48.06811765154135,47.06407616040601,89.91910459091251,91.95093323981156,12.993809919937549,-3.286296709031758,0.011464627085705503,-7.196018241767481,-5.428814268432251,54.53847572063135,54.24380458449442,102.15265831757543,101.55548513391224,0.0,10.249935936053559,-6.815028502831027,0.007644388203962767,-0.2042291759700031,52.83685505354212,52.817824987734646,99.27550377072005,99.2226319164014,0.0,5.105312616591733,-6.588007815514302,0.007644388511422964,0.9559859539006204,48.05748822094784,46.913256149448195,89.92017136807061,92.28759931288357,14.04608835904465,-3.722503082080761,1.3701877408449914
2.52,0.7322784947460438,-0.9410655630866811,-0.5652925466709343,10.671668636987807,1.0,ok,0.0076443657481821345,1.093457673562351,48.43480947442382,47.40153481128753,89.88002781091272,91.91917601491669,12.993995193195765,-3.319755033606764,-1.4235436411878244,-7.800155126941685,-5.9511947095977025,54.50418335338321,54.257732432907694,102.32534461093215,101.76914544036576,0.0,11.165782638642607,-6.397159653360407,0.007644388203962767,-0.20320548405466926,52.71201645013984,52.748874543543685,99.28508807485026,99.22400162147225,0.0,4.2490815814619465,-6.321604753689009,0.007644388511422964,0.9610038877600646,48.42703947261679,47.2615987700944,89.8809917997312,92.24340808291672,14.143476273592334,-3.6845171618300996,-0.13290209295122035
2.54,0.7413770135071894,-1.2673854648278229,-0.7087031382329081,10.677770533418025,1.0,ok,0.0076443657481821345,1.0889530638437346,48.82322807946536,47.774008418711134,89.8308142940723,91.8913242543302,13.04277188174133,-3.3418532199713837,-2.9920959681060957,-8.410765523236428,-6.492841538460798,54.441953563522155,54.26615873503917,102.49107242365497,101.96463406104805,0.0,12.144106633221817,-5.9985321690125275,0.007644388203962767,-0.20259072976238082,52.56545161321186,52.66603113035679,99.2954920893927,99.22496222543589,0.0,3.288854204348553,-6.0029923662522355,0.007644388511422964,0.9668746653907554,48.8189318799149,47.62909056346706,89.83147977214672,92.17689455633248,13.905567247700393,-3.6626668310296844,-1.7640698738896066
2.56,0.7504807505912624,-1.6282824379393295,-0.8656622258810934,10.681157152692293,1.0,ok,0.0076443657481821345,1.08345036846515,49.22891432769441,48.16714737307915,89.77048905327715,91.866442573515,13.342826507880968,-3.366647203745375,-4.63798891423306,-9.024806218856163,-7.052555724406914,54.351162041958474,54.25874773801141,102.64402221821994,102.11881670636413,0.0,13.12606031023349,-5.629746847900435,0.007644388203962767,-0.20144423850929113,52.40017135601339,52.558438354742975,99.30613130514777,99.22443427311333,0.0,2.228206894283269,-5.593043783320651,0.007644388511422964,0.9732855186434073,49.22922361794188,48.01377394781495,89.77054275154569,92.10233316903366,13.871767462600712,-3.633719539310791,-3.4842082708639035
2.58,0.7595844876753354,-2.0215162984460173,-1.037456232110062,10.685132380829495,1.0,ok,0.0076443657481821345,1.0742744819691308,49.64728173019728,48.56566977660473,89.69834773977554,91.82466807928259,13.240734442823504,-3.399825779152002,-6.344241282395968,-9.63867490461797,-7.626823587279174,54.2348600091286,54.241889691173114,102.78268482909803,102.27074860710538,0.0,14.201861080638066,-5.231221562499,0.007644388203962767,-0.19984619665589276,52.2191591409953,52.41030343036818,99.31647035566984,99.22475799174349,0.0,1.0881976996583893,-5.026309603245571,0.007644388511422964,0.9802836369473217,49.65279372463364,48.408074581601774,89.69745091314607,92.01395636928616,13.590103371273456,-3.6075895168524164,-5.276067389415551
2.6,0.7686908361661857,-2.45110574783713,-1.2299731690960234,10.692930141109334,1.0,ok,0.0076443657481821345,1.0615158334590684,50.073328853731525,48.99015651144262,89.61406698500964,91.78760151098967,13.601933029211857,-3.4201484244410914,-8.145360392344703,-10.249293650804049,-8.197896665023361,54.0960244713466,54.18540720601819,102.90604740160268,102.39854144356804,0.0,15.332777766225437,-4.737595966535918,0.007644388203962767,-0.19757473308269338,52.025791838779604,52.26456878146904,99.32601629389656,99.23286138113964,2.4539730577814174,-0.1831067979610572,-4.451925922906747,0.007644388511422964,0.9857613981245258,50.08477536782331,48.83747814652027,89.61179732993534,91.94378022129257,13.282240322095316,-3.5712328675542615,-7.170315935262906
2.62,0.7777997975624074,-2.8152832614397933,-1.3593219995981758,10.673568012647692,1.0,ok,0.0076443657481821345,0.9388520502691673,50.50194763745636,49.31656841562306,89.51775893794209,91.7547859822338,13.46874125097832,-3.4582928408914104,-9.537605404294242,-10.8534305247241,-8.74960321974661,53.93892533031966,54.07041049727405,103.01481026851381,102.57574148024979,0.0,16.438404467852415,-3.9236524611259984,0.007644388203962767,-0.1961172418953966,51.82356158806816,52.398443442664146,99.33436566125972,99.29188713545726,3.584126206139167,-0.8565283865369956,-4.835835335709082,0.007644388511422964,1.0006721705491743,50.51999690226692,49.148630630007034,89.51362188473725,91.75162688378234,11.03674618337152,-3.439565175600557,-8.867067646765452
2.64,0.7869113733638844,-3.0650651274979444,-1.4149446809884245,10.664500671226698,1.0,ok,0.0076443657481821345,0.7006105911772189,50.92805465189438,49.55480604099902,89.41001068132513,91.73701807765072,13.1855129818938,-3.4683048955598816,-10.535881908702471,-11.447901417486161,-9.340946918593625,53.76956293943314,53.94924054493007,103.11269270126303,102.72352385485756,0.0,17.253636237798673,-3.1502668846225825,0.007644388203962767,-0.15971775626635235,51.616004938215134,52.52741423264329,99.34122186265319,99.29874034519344,3.756817568596122,-0.9913838389672934,-5.314461003759985,0.007644388511422964,0.9765043274733298,50.953295937908024,49.42244434207923,89.40345350289851,91.53036442943407,10.055302850798126,-3.1689063652591347,-10.482609076712862
2.66,0.7960255650717928,-3.2441832228955225,-1.448258319010798,10.660622545968234,1.0,ok,0.0076443657481821345,0.4394756259244929,51.351402874841504,49.78036855476307,89.29988443422984,91.7193112984666,13.080512014964915,-3.439737053148463,-11.482240268598677,-12.029596232872375,-9.959048390954374,53.58863058449379,53.77383824901316,103.19418850755235,102.84267402524829,0.0,17.86318210236939,-2.2372739574135214,0.007644388203962767,-0.08114455646426602,51.406611477094266,52.58694834185707,99.34640537166909,99.24937282809938,3.7778428225954017,-1.0020120954909486,-5.6508229760055535,0.007644388511422964,0.9080202007512315,51.38463923621143,49.74182281046602,89.29083379289418,91.35574290047013,9.745521386674032,-2.9008856105144676,-12.178216342271037
2.68,0.8051423741886019,-3.365811277495245,-1.4731979229956569,10.647593658709193,1.0,ok,0.0076443657481821345,0.2049948434791143,51.76260063904091,50.01696969202033,89.17933145515414,91.69200845977004,12.869874039199017,-3.407716700473847,-12.496195651476139,-12.595505188786655,-10.574294769358533,53.400881796399815,53.63074678681181,103.25971068027779,102.9419285654207,0.0,18.283509196674565,-1.4874284491748213,0.007644388203962767,0.006428625275371698,51.19792702392442,52.62192489680598,99.34987055264996,99.18416755764316,4.046435736915051,-0.9951478334843701,-5.928209396917961,0.007644388511422964,0.8290331114271536,51.80270026935128,50.09761412257491,89.16715882126942,91.22619640056897,9.50853838364048,-2.7062887705619523,-13.919810791168718
2.7,0.814259183305411,-3.435769209152293,-1.4830572135525661,10.631912806130055,1.0,ok,0.0076443657481821345,0.025145047211809306,52.157871321788114,50.29325943294757,89.05208158156945,91.67656075329458,12.950034453619676,-3.3705141353320145,-13.644724163848682,-13.142591042823703,-11.181067166365445,53.211009991091665,53.46979445919577,103.3123884525045,103.03483553882162,0.0,18.511359605890334,-0.6862338319604533,0.007644388203962767,0.07764207369308757,50.99364172800277,52.64093239203418,99.3516308068344,99.13515153948397,4.372467502275743,-0.9384678721347482,-6.109179973631557,0.007644388511422964,0.7647244079505632,52.20472350047522,50.46071936716829,89.03646210634001,91.1207042015216,9.390921260200622,-2.5771578336930765,-15.637534527141007
2.72,0.8233759924222201,-3.4476617101399176,-1.4685832461603336,10.618335853114237,1.0,ok,0.0076443657481821345,-0.09387705860407798,52.53407651186407,50.58820349280125,88.91965510469903,91.64869434615433,12.900071437438,-3.3544145762973674,-14.899082842701722,-13.668143592978572,-11.772014401246999,53.02322572356805,53.28623021425259,103.35222070647637,103.10447370184377,0.0,18.5190891459772,0.14872578401098346,0.007644388203962767,0.1200759160135068,50.79547528102164,52.617929369504246,99.35182997896736,99.11450905820017,4.68222063274443,-0.7446768196941178,-6.067153681690502,0.007644388511422964,0.7260228612042953,52.58569064374857,50.801535092488535,88.90082873187373,91.01146869553737,9.151617413389914,-2.4915278281559505,-17.275932382662283
2.74,0.8324901841301285,-3.399717954828196,-1.430632120334674,10.616936471982033,1.0,ok,0.0076443657481821345,-0.15885074746707115,52.88827733300164,50.90727330013228,88.78443789642999,91.60749808071922,13.203959358107731,-3.343755193355516,-16.283591729710196,-14.169496443007574,-12.34983193150996,52.84064902209505,53.06555570063593,103.37909671941719,103.15146273973116,0.0,18.306017242473462,1.0728045575362222,0.007644388203962767,0.14482755195076039,50.605503604555054,52.484639783102445,99.35064034399096,99.12878530625673,4.306428859141613,-0.3784278817428217,-5.527005628845949,0.007644388511422964,0.7019311608128471,52.94201967110481,51.14415784910024,88.76316737239615,90.90760973313976,9.562765885627039,-2.434517617825,-18.910966147601986
2.7600000000000002,0.8415991455263502,-3.3061136093015837,-1.3938508971915975,10.639118896287822,1.0,ok,0.0076443657481821345,-0.16294329829694199,53.218080220018194,51.24005347812628,88.64889023421857,91.47518667076064,12.880386423114704,-3.358674651307309,-17.939405853932666,-14.644225164157746,-12.928549348406147,52.6681709216115,52.8790133721555,103.3969675319353,103.20170866441862,0.0,18.072999881616187,1.8765318926307617,0.007644388203962767,0.15177695209457415,50.425422360725435,52.206405138059004,99.348281327713,99.1444471508385,0.0,0.030105550584434704,-4.429226149388288,0.007644388511422964,0.6917926678721891,53.27072770538238,51.51742850623528,88.62645161344741,90.79851164658199,10.42638353501399,-2.446397025218757,-20.68466302887975
2.7800000000000002,0.8507002727009507,-3.3355061395729613,-1.4564014378069814,10.66691093645035,1.0,ok,0.0076443657481821345,0.03571605835802497,53.519370806231336,51.74632587802469,88.51647395867505,91.24482477714693,13.157564411374652,-3.3379442522005163,-20.53665790177736,-15.090179119109994,-13.512015672376648,52.50589866659465,52.72879075955821,103.40798565683308,103.22198743331711,0.0,18.12363046273603,2.483998470227622,0.007644388203962767,0.0676954678329032,50.25967629040726,51.53700233150174,99.34504378142672,99.2027068550963,3.8852619343119867,-0.222286621027315,-1.7423120230570244,0.007644388511422964,0.658838976267487,53.571838593401246,52.07093633703015,88.49269484616461,90.7573464354399,11.614995974937633,-2.6263127666321764,-23.028535539555
2.8000000000000003,0.8597961845433731,-3.2978642978338453,-1.4530128447739061,10.667730253861622,1.0,ok,0.0076443657481821345,0.1808052505994861,53.793064053338284,52.23644715461408,88.38886821162976,91.02299796406845,13.210766080163364,-3.351199352102475,-23.052427243736602,-15.505740634393627,-13.988755446860052,52.35724518955976,52.57283451019301,103.41073623043371,103.24716275453119,0.0,18.022884314990485,3.120310998207726,0.007644388203962767,0.03642372157937108,50.10651000282555,51.44597084771019,99.34118716972095,99.16601537208561,3.5459160573412376,-0.20839345592115616,-1.471916255529837,0.007644388511422964,0.7003083752711177,53.84184948763963,52.4950795569673,88.36540447655771,90.55809363724717,10.4118937089497,-2.761012023575659,-25.228802570308297
2.82,0.8688842845851784,-3.181961410169793,-1.395711076189472,10.711266357253361,1.0,ok,0.0076443657481821345,0.27233832957990817,54.03722883687172,52.714425088975304,88.2688229063276,90.83947895441251,13.4259553221906,-3.374280586570952,-25.430456916483852,-15.889338579588983,-14.505450498169685,52.22238895927796,52.39338798497251,103.40692334992254,103.25464458104865,0.0,17.64148011119486,3.807681839647664,0.007644388203962767,0.012734859227380279,49.96823582944629,51.03828557797648,99.33697700543927,99.14936878873327,0.0,0.1675629468937158,0.05241095504093796,0.007644388511422964,0.7414506647243995,54.08114404693305,52.92769156759824,88.24661534414865,90.39066706114545,12.128744603240925,-2.7633404366282193,-27.39011269022412
2.84,0.8779645862327992,-3.195605124930765,-1.4241642148576465,10.7265110310345,1.0,ok,0.0076443657481821345,0.5143028894729572,54.250334522743294,53.31933865053166,88.15906879498543,90.58716813717238,13.976225671344851,-3.4127801975552714,-28.49664872216384,-16.23985176896006,-15.005878416774596,52.09975333875881,52.249947921344734,103.39696988418312,103.25025256921008,0.0,17.493935421612512,4.337447027857766,0.007644388203962767,-0.08977563842960863,49.84661803766106,50.386745167187335,99.33157910437585,99.19344785666635,2.0926765397275036,-0.031900636770044316,2.639666333431462,0.007644388511422964,0.7626709933452482,54.29104137314239,53.49647953324945,88.13763352679608,90.27445428526522,12.927180406362034,-2.919572206075631,-29.98146399306917
2.86,0.8870396963819486,-3.1551272691992813,-1.3844505070416728,10.71905262936863,1.0,ok,0.0076443657481821345,0.6666231405503009,54.43410765694106,53.87214197603485,88.06062220603026,90.38730690767682,14.496503825324858,-3.5051532626406043,-31.22680921223714,-16.556585485071754,-15.408092882744796,51.95586104815584,52.08797415301549,103.31699912274846,103.2669920937692,0.0,17.185939954102523,4.976616815092677,0.007644388203962767,-0.14290390445118326,49.70433829072885,50.351747094940556,99.25989637119271,99.18993449870021,0.0,0.03171604813616627,2.7673931775640814,0.007644388511422964,0.8451910283047697,54.47086119927074,53.909219957309936,88.04054357669001,90.00862091735077,11.136936158014539,-3.027989424622821,-32.308630139205235
2.88,0.8961096209655257,-3.0470860384214493,-1.2998221336888365,10.706597066898167,1.0,ok,0.0076443657481821345,0.7450022428926956,54.588055484334454,54.36693417082161,87.9753193430338,90.2215757326773,15.181281696500312,-3.6142079068693658,-33.63931036521783,-16.83909322975258,-15.837350475826472,51.71950937033218,51.98078384561011,103.04146231751554,103.253725346435,0.0,16.62532030406303,5.353083888882337,0.007644388203962767,-0.1474134079583306,49.474803597402286,49.93981848619386,98.99614077802934,99.19564132234918,0.0,0.45923401938904873,4.354272696290018,0.007644388511422964,0.9252840846978614,54.623188277303726,54.296478500771904,87.9555812163832,89.77203956250528,12.06314837043288,-3.020796610317247,-34.46504861302499
2.9,0.9051769549879765,-2.9492400812601662,-1.2316323763468249,10.70119811013652,1.0,ok,0.0076443657481821345,0.8333291259184483,54.71517244342412,54.821941344162575,87.90293655474524,90.00498696921498,15.466357811611681,-3.7405222269207354,-36.0185559195349,-17.08738052498143,-16.23262773362575,51.35619783783234,51.84049712275814,102.50417999306461,103.18954375458387,0.0,16.062032090710105,5.7484657851301355,0.007644388203962767,-0.15722068723149651,49.11970742152905,49.60624898490031,98.473967026246,99.19960623178162,0.0,0.8076462266940545,5.6378078816453625,0.007644388511422964,0.9987977862274221,54.74830244252733,54.67643702851647,87.8838515081884,89.54215289216975,11.598690033277075,-3.0368812619501995,-36.578834126480245
2.92,0.9142416999287157,-2.8201316895628836,-1.1429767576200829,10.695938646319497,1.0,ok,0.0076443657481821345,0.891833026500306,54.81796102233894,55.20827604023183,87.84736918835287,89.81232335117973,15.908111664711832,-3.858186664490643,-38.062550083244,-17.301767188864588,-16.574566712337973,50.85788004210284,51.55780413170233,101.69575095684495,103.03638609519918,0.0,15.298811494478416,6.490650263458547,0.007644388203962767,-0.16444468229879292,48.635586202769844,49.337200574752806,97.68387943757104,99.10297495299955,0.0,1.0999971285716588,6.466154703065774,0.007644388511422964,1.0706071753223423,54.85234025791691,54.98554364619908,87.8282134144498,89.32212452621874,11.219481677706208,-3.0104857264709772,-38.38351518029398
2.94,0.923306444869455,-2.638702719808385,-1.0233993195732327,10.701823505064292,1.0,ok,0.0076443657481821345,0.9108036864643277,54.89780587625138,55.50779480224808,87.8024405219281,89.66129880661911,16.004970938199058,-3.9669932318513546,-39.65227551113731,-17.483054023108984,-16.899238226888624,50.24506361914398,51.283019335862186,100.65151735323153,102.75501731220545,0.0,14.18460906100231,6.947221728455633,0.007644388203962767,-0.16714933244632646,48.03797648541634,48.98513418786214,96.6602305272582,98.85244666274407,0.0,1.324820629247367,7.295344473689513,0.007644388511422964,1.1243717071498758,54.93283096606019,55.220835393210265,87.78261055614279,89.12322499565875,10.778523457594213,-2.9487551888520045,-39.837692423374065
2.96,0.9323711898101943,-2.4155929477099076,-0.8864003589690224,10.70175112960902,1.0,ok,0.0076443657481821345,0.9130099632309601,54.95846808723435,55.73713069852335,87.76764460984258,89.55712639979758,16.099191566167583,-4.0433386895439885,-40.84140014231902,-17.632425962611805,-17.1794833583707,49.552215578518336,50.8273042909207,99.43598521092235,102.33250223269302,0.0,12.759574305641289,7.794093516335366,0.007644388203962767,-0.167633706734556,47.35932962398362,48.51953661693495,95.46417249114327,98.43762980721965,0.0,1.383919227170686,8.224588899663043,0.007644388511422964,1.1420968361507586,54.994006705571834,55.41617877349378,87.74727355055413,88.97630009177568,10.588347438399708,-2.8751866916831204,-41.00025319965878
2.98,0.9414359347509336,-2.140476260474468,-0.7299731597201956,10.701756289413456,1.0,ok,0.0076443657481821345,0.9010196142047556,55.00242546161733,55.89935315689583,87.74242873778766,89.50212647168921,16.143739497767875,-4.098164616328583,-41.635685652079424,-17.75155322188447,-17.410011906968595,48.83167709533658,50.223963245993275,98.15625310761008,101.78343757834574,0.0,11.01510136316327,8.943600545047225,0.007644388203962767,-0.1694304722548132,46.65515536853073,47.96806550610641,94.19991556446574,97.86926186103267,0.0,1.295920718457872,9.174343657575163,0.007644388511422964,1.1438447714119417,55.041634483202614,55.55663790561498,87.71975103501227,88.87702513992325,10.726794162047002,-2.8156836298766903,-41.8206145765907
3.0,0.9505032687733843,-1.810556855497387,-0.5554261710975537,10.704536295563576,1.0,ok,0.0076443657481821345,0.8829135360177487,55.03496518559053,55.99180183816617,87.72362191654749,89.4664792553431,16.29055429847156,-4.141674560183925,-42.09889465132097,-17.842638923810824,-17.581463467019496,48.13666558931889,49.59258121845195,96.90865543426177,101.0957773782701,0.0,8.924348523077379,9.92989864428509,0.007644388203962767,-0.17249346775913466,45.97500358869397,47.37311827125398,92.96589694426392,97.17124036942229,0.0,1.1095035358634486,10.033514936393983,0.007644388511422964,1.1382804937148054,55.07780260870051,55.637554779025706,87.6986782643346,88.80043127323232,10.655856991565713,-2.7919473832337496,-42.34210637866939
3.02,0.9595731933569615,-1.424807085829318,-0.3692054435781933,10.706013553980899,1.0,ok,0.0076443657481821345,0.8710344215612511,55.059520580093874,56.015972926862155,87.70935008264739,89.42471341966379,15.980552951368363,-4.168197468512553,-42.30129269899965,-17.908379596935553,-17.745929988682533,47.524313009389395,48.8967891974409,95.7975568396077,100.28914620381883,0.0,6.576125752210782,10.931983695894655,0.007644388203962767,-0.17531725682067906,45.37063498466549,46.727639733245645,91.86531752464451,96.36040251038514,0.0,0.8609995616575064,10.865912970041997,0.007644388511422964,1.1270376236869,55.10261760561473,55.68237249674456,87.68413356148272,88.76909076090342,10.800587052056152,-2.7806139867710704,-42.60295288656113
3.04,0.9686431179405386,-0.9869792428271081,-0.1692337851273911,10.70621720408584,1.0,ok,0.0076443657481821345,0.865171831366373,55.07578093576948,56.014906864882356,87.69987663715268,89.40979066388584,15.773887273722082,-4.154040575370492,-42.33430022216628,-17.952029624969157,-17.86503684917676,47.04017743990236,48.19292843777307,94.9150313142236,99.39933416125844,0.0,3.9927392642384736,11.8101156087482,0.007644388203962767,-0.17877501974571258,44.89233858546776,46.06480186116489,90.99043800369205,95.46674384856411,0.0,0.571417556139011,11.60529203465957,0.007644388511422964,1.1126427822908798,55.11905010719078,55.70743641256222,87.6744786190381,88.77761267381571,11.086958667596,-2.79811393370525,-42.68303499415915
3.06,0.9777130425241157,-0.5022602800493523,0.04804791635236621,10.70518287635975,1.0,ok,0.0076443657481821345,0.8670995674771973,55.08522693660676,56.003389241912366,87.69434062818976,89.41307537912601,15.65236487675261,-4.125921384830041,-42.27946638833979,-17.977461484411645,-17.961827715109052,46.70803929663724,47.55303073641501,94.30674324823511,98.4577050653911,0.0,1.2086081102511483,12.350661501192933,0.007644388203962767,-0.18333807641436003,44.56359601693285,45.472445353236886,90.3864621295285,94.52479336016171,0.0,0.29171539568782423,11.975358168416106,0.007644388511422964,1.0996679354177004,55.12859600244535,55.71543847106603,87.66883628213922,88.80669278427516,11.261855960238144,-2.836307556908604,-42.6420047481007
3.08,0.9867829671076929,-0.0033286064712435047,0.2631779781220421,10.684889746192148,1.0,ok,0.0076443657481821345,0.9074396654242404,55.08956815817813,55.95233271107247,87.69179349300646,89.35530906409704,12.832609297947178,-4.064982007404266,-42.218803497152344,-17.989161280225225,-18.06034040228552,46.53260388756276,47.15560690407752,93.98462353804432,97.75875937189838,7.61913921559009,-1.1276834250116274,12.458666567469162,0.007644388203962767,-0.18260415707219632,44.3897754181224,44.95336747275636,90.06633249169734,93.57654697669885,0.0,0.08129283011398813,12.045724013235809,0.007644388511422964,1.0559551522778747,55.13298314886982,55.71673728295733,87.66624018683235,88.83698924523867,11.190012675884672,-2.879392366043813,-42.569869304054905
3.1,0.99585289169127,0.35719322798048053,0.3360813713887886,10.702551723682172,1.0,ok,0.0076443657481821345,1.0236083208165692,55.08904292999663,55.77917641157792,87.69210022076261,89.01498240794504,8.374017119837072,-3.6600855890103565,-42.37484942410871,-17.992254200849285,-18.165343587911714,46.47832255743999,46.94000084442743,93.88910010100547,97.33658207210351,8.733220770335073,-1.8313913804276563,12.430713299548563,0.007644388203962767,-0.1403063826952961,44.340406110455746,44.558631372246936,89.9710588028751,92.70510314534437,0.4879154597779336,-0.1172097137331872,11.780374372864749,0.007644388511422964,0.9081808596754288,55.13581084512017,55.74499447400044,87.66456774402114,88.82001025744502,10.967727194811912,-2.8937709711248893,-42.72361532088148
3.12,0.004925408316656776,0.6492503645721267,0.3266906383538688,10.711672050629636,1.0,ok,0.007559600124355674,1.0724705882853314,55.106277401616794,55.59637189900542,87.70149671166298,88.66723095831054,6.0442052932747075,-2.9670119344503716,-42.5081507681922,-17.992270868322404,-18.195990963609223,46.47832255743999,46.692473411123,93.88910010100547,96.83326592614065,8.890265616247229,-2.0850317207088027,12.358724854427738,0.007559622580136306,-0.06498609882816996,44.340406110455746,44.244715631490585,89.9710588028751,91.98032665388418,0.7878277692890054,-0.14703824042124405,11.498444712641277,0.0075596228875965035,0.7794570975385512,55.153018369414504,55.768900586692006,87.67398009893041,88.78848959068509,10.837062867056636,-2.872725298028733,-42.89682768017594
3.14,0.013997924942043492,0.8445291411918886,0.28456056240075084,10.705680726544074,1.0,ok,0.005751564818311294,1.0849426441225767,55.50667861164149,55.470267729778165,88.00231161515343,88.40902591111077,4.900282541119316,-2.2983436454053865,-42.64539398535186,-17.99046283301636,-18.20481750352247,46.48001833519548,46.479717014403775,93.88615925670905,96.35434317617771,9.079362419772488,-2.2044143345522698,12.200598150111153,0.005751587274091927,0.0017853194812518889,44.34242039360215,44.03196979994704,89.96889272603214,91.41221411766168,1.296545586129797,-0.2523106860982359,11.14041547773445,0.005751587581552124,0.6767558908957066,55.55294249818664,55.80358346943726,87.97515061324786,88.77066897319946,10.745043042357482,-2.8433297762552843,-43.080047206476294
3.16,0.023070441567430208,0.9375606986770826,0.23156410099030417,10.717936873411261,1.0,ok,-0.0005960080628532784,1.0754266905603165,56.73437756796442,55.42679723409032,88.90638420560407,88.26172682662538,3.8829119972193418,-1.783590932968192,-42.839339786987615,-17.984115260135194,-18.207942269915154,46.491989030586325,46.336000479189224,93.88789026596098,95.95960389821082,9.349629624022022,-2.283190948284608,11.94547108200833,-0.0005959856070726459,0.05227875675611706,44.355448878515574,43.92756893104461,89.97321591101351,91.0181297033709,2.52532693115604,-0.4667282263442728,10.714844770177672,-0.0005959852996124488,0.6049894220740991,56.7791360323024,55.86438637405463,88.88032953601993,88.77446061920227,9.983317487523603,-2.803693998950946,-43.31576064516679
3.18,0.03214295819281692,0.9531217366731191,0.16934426650721826,10.722907946647792,1.0,ok,-0.014019828580785362,1.022430721990043,58.958095588854626,55.51519699295064,90.50787175569982,88.26453719361717,2.359177140056917,-1.3866612818461461,-43.1915042857855,-17.970691439617262,-18.183757436468557,46.517284787002964,46.293135013364164,93.89153175521753,95.67689996634725,9.991187406396978,-2.363249009827716,11.525562463934103,-0.01401980612500473,0.10139067490343152,44.38298260293008,43.94376501442333,89.98233880953144,90.82629790216538,4.596065176570895,-0.7481356856760928,10.233358127818699,-0.014019805817544532,0.5460705657060425,59.00004479192329,56.049339897567975,90.48384626851903,88.88432862930054,8.583030201058534,-2.6899358519733454,-43.7883514862197
3.2,0.04121547481820364,0.9255935130958889,0.09311318901366493,10.702118240006133,1.0,ok,-0.03673780031498272,0.8679150967541973,62.09158382717433,55.90440305327581,92.67665020379265,88.5656965996515,2.349366010910478,-0.8204657559500641,-44.012242363007076,-17.947973467883063,-18.11040715586877,46.560029562621416,46.37744842552505,93.89762901150847,95.50544053216967,10.318624862168734,-2.473111657400041,10.835201155244889,-0.03673777785920209,0.1719665749668673,44.42951821137829,44.09557862036436,89.9977108744435,90.83015521225092,7.280722640066133,-1.0663477302014779,9.621708926173117,-0.036737777551741894,0.46999456004369705,62.129390459573216,56.46336102642414,92.6555226964895,89.17116869935481,6.802013567801772,-2.4609031563473693,-44.740614573095776
3.22,0.050287991443590356,0.8992949328703613,-0.02632470632387991,10.689104802355148,0.926025390625,ok,-0.0706617660673618,0.5468356846475524,65.87324128574193,56.9134657065903,95.14252778276392,89.02136999857211,0.0,0.19635691597286348,-46.94311948702023,-17.914049502130684,-17.998250844755148,46.623669690473605,46.60906258515171,93.90650501801278,95.37026996835976,11.263179446241848,-2.5662426842228587,9.638408950029598,-0.07066174361158117,0.2835607524556565,44.498830620377554,44.391308210628594,90.02042843029763,90.94060321250647,9.889070048116045,-1.490230530774888,8.654660084477989,-0.07066174330412098,0.35305321954547436,65.90533102366828,57.20852163567731,95.12426330454433,89.66753133519165,4.086532802282868,-2.1152185408073976,-46.49150729134924
3.24,0.0586893721955659,0.828431271797144,-0.11945260717086745,10.623137645720837,0.926025390625,ok,-0.1134817638594236,0.06146142323821225,69.64340293152681,58.97745877505779,97.41240210606328,89.29362738115087,0.0,1.3700257798070543,-54.54556860659912,-17.871229504338622,-17.92339059115174,46.70610870096762,46.925980009510035,93.91761753612269,95.3613792129443,13.161149035885183,-2.7643675223641764,8.370225826389632,-0.11348174140364298,0.5219640819686465,44.58380423007691,44.67427091829158,90.04874011217508,91.06359870424313,10.532060878675047,-1.9850075885314011,7.764952957087068,-0.11348174109618278,0.10535629971993181,69.66802194761968,58.37450048223783,97.39883922057554,90.452556806949,5.144611163495765,-1.272289197665852,-49.172546489379464
3.2600000000000002,0.06708835265101216,0.8575362171701797,-0.1803925587814684,10.663938889726081,0.926025390625,ok,-0.16835478405275212,-0.19770237802861618,73.36867757448634,61.47220929237737,99.44583601350658,89.90254035517096,0.0,3.8840529406138495,-62.89207212857506,-17.816356484145295,-17.77870264856544,46.808250818889036,47.241173383326306,93.93118873904922,95.39763158997039,14.555966694284786,-3.0539423681573106,7.2030255410219794,-0.1683547615969715,0.6997602775578944,44.69522882941925,44.90441575259591,90.08470069284908,91.13133702924185,11.936822428428114,-2.3468411286779354,6.9723107793647765,-0.1683547612895113,-0.06915838692918251,73.38786544487678,60.45866710265864,99.43570104662219,91.1420048790859,0.0,0.37121782293782213,-55.6864962458104
3.2800000000000002,0.07548733310645843,1.1455099256374477,-0.26659943647047174,10.685864082645594,0.926025390625,ok,-0.23616341351186354,-0.2748479357476758,76.79429572458375,64.26943180765521,101.1013987182296,90.78999400359764,0.0,7.71505736763488,-71.5193607119903,-17.748547854686183,-17.568718448818768,46.93835873608691,47.47244072599227,93.94750709337315,95.53930609947214,15.616835375756361,-3.397187828124638,6.589805504613134,-0.23616339105608292,0.7089016335463627,44.827866639886516,45.05798008620797,90.12822499298026,91.24132524571183,11.551792744671623,-2.6467978295742975,6.588233192578757,-0.23616339074862272,-0.20202697354984062,76.80602831199816,63.89588124814103,101.09547215174491,91.31826660943038,0.0,2.3911536884781754,-68.68268000448985
3.3000000000000003,0.08388151708112246,1.550307235150874,-0.3717058382585624,10.694061556781163,0.926025390625,ok,-0.31754039624910846,-0.3223617357387004,79.71805478857699,67.3364165133256,102.32855692877806,91.87282817520716,0.0,12.58423809693413,-80.41577420826243,-17.667170871948937,-17.47156482753119,47.090153732071755,47.50353656703099,93.96583148891428,95.69848384599051,15.373133865670008,-3.6859245073046045,6.803711067444818,-0.3175403737933278,0.6384208181899841,44.989332730845604,45.099165319409586,90.17956568842926,91.40342902488447,12.08573612845374,-2.8393750908173585,6.776652650205439,-0.3175403734858676,-0.2727054580648991,79.7250347762978,67.26357874398718,102.32519550794605,92.09557924074215,0.0,5.249596563040935,-79.54740418328593
3.3200000000000003,0.09227330486918578,2.1043627495036,-0.545029449347264,10.709834399344881,0.0,ok,-0.41299373291023384,-0.36214301005603194,82.01308072583667,70.54436354841398,103.1529293515646,93.1411961847809,0.0,18.46592107958018,-89.02747993410091,-17.571717535287814,-17.408770927277804,47.264142900694374,47.43004797587036,93.98575144398009,95.82473123143215,14.26947524664913,-3.8118234516584004,7.3585733288565045,-0.41299371045445316,0.5140122670976967,45.18000627005745,45.096985615935516,90.23842790773126,91.59674686485232,12.37664761812299,-2.9908772553109317,7.20969798996543,-0.412993710146993,-0.3198815929281448,82.01705330727307,70.58800789870041,103.15111022545071,93.24079638688738,0.0,8.226018244163612,-88.92163020726134
3.34,0.09227330486918578,2.8360851414557025,-0.7927357884862425,10.712016453140363,0.0,ok,-0.41299373291023384,-0.4342055257899495,82.01308072583667,73.74572032793732,103.1529293515646,94.58042828765629,0.0,25.067530523985464,-96.79162774029598,-17.571717535287814,-17.354304272643027,47.264142900694374,47.327215238361305,93.98575144398009,95.94931041768724,13.418816150693447,-3.7628307266574756,8.024032713495888,-0.41299371045445316,0.3485033695160409,45.18000627005745,45.087871642470304,90.23842790773126,91.81354980980626,12.915742103186577,-3.120697958114149,7.72160663009977,-0.412993710146993,-0.39676959810751083,82.01705330727307,73.83061801649536,103.15111022545071,94.62972413722784,0.0,10.839762340189434,-96.96314729013217
3.36,0.09227330486918578,3.7620825219006186,-1.1013710874655653,10.711561232907618,0.0,ok,-0.41299373291023384,-0.5097565226549378,82.01308072583667,76.67735575229456,103.1529293515646,96.05873944255681,0.0,31.84685825024479,-103.13116510359075,-17.571717535287814,-17.3014189743253,47.264142900694374,47.19078634040671,93.98575144398009,96.02869647845787,12.524578697792244,-3.629950997379814,8.724913781312765,-0.41299371045445316,0.15535752153103455,45.18000627005745,45.04673915429301,90.23842790773126,91.98180901185773,12.932567597253636,-3.242448096198447,8.257061115786223,-0.412993710146993,-0.4909703653078894,82.01705330727307,76.76557000924942,103.15111022545071,96.08459816615498,0.0,12.543381919814522,-103.36807480697941
3.38,0.09227330486918578,4.847735123405383,-1.455762066309228,10.712582548742787,0.0,ok,-0.41299373291023384,-0.5337937509805689,82.01308072583667,78.98342881058153,103.1529293515646,97.45994800029996,0.0,38.069753643292415,-107.2332258675747,-17.571717535287814,-17.28788454056742,47.264142900694374,47.01785615729082,93.98575144398009,96.05460682987678,11.684848849408601,-3.4578536176057653,9.456538449003126,-0.41299371045445316,0.0004692820781511403,45.18000627005745,44.95950443090555,90.23842790773126,92.08354267294288,12.660587760150326,-3.311945814599114,8.832870797214454,-0.412993710146993,-0.5291720056499525,82.01705330727307,79.06630833708637,103.15111022545071,97.47517574149536,0.0,12.866690126193953,-107.47290441445611
3.4,0.09227330486918578,6.106511629068325,-1.8621448902037407,10.712668688611085,0.0,ok,-0.41299373291023384,-0.5444983911217933,82.01308072583667,80.49746904647293,103.1529293515646,98.73092793453442,0.0,43.246601641985194,-108.84909599412087,-17.571717535287814,-17.292320814959403,47.264142900694374,46.853913201362076,93.98575144398009,96.05069963970865,10.983322854249579,-3.262562702995412,10.09062361179877,-0.41299371045445316,-0.09556524284886075,45.18000627005745,44.86148776671243,90.23842790773126,92.14815938211026,12.398467000093236,-3.322258285939614,9.36995862604273,-0.412993710146993,-0.5408251960540315,82.01705330727307,80.58502575901812,103.15111022545071,98.74097277751905,0.0,11.284801524353671,-109.11342322476392
3.42,0.09227330486918578,7.568266947353444,-2.328765022168788,10.708100696483488,0.0,ok,-0.41299373291023384,-0.5541381526295338,82.01308072583667,81.21702030808835,103.1529293515646,99.85154701301819,0.0,47.303406848074935,-108.17025520278801,-17.571717535287814,-17.301067162704896,47.264142900694374,46.73350768587024,93.98575144398009,96.03269786716919,10.551621919952947,-3.0801179186875673,10.52483546621516,-0.41299371045445316,-0.13776782869332785,45.18000627005745,44.785952508488016,90.23842790773126,92.1993786063254,12.520955025210021,-3.31762667835395,9.785724618427222,-0.412993710146993,-0.545387018995692,82.01705330727307,81.31535798270446,103.15111022545071,99.86020230931027,0.0,7.548106855986224,-108.47111492799743
3.44,0.09227330486918578,9.278587766477933,-2.8678649395661537,10.70595280246204,0.0,ok,-0.41299373291023384,-0.5748318720997582,82.01308072583667,81.47773822688968,103.1529293515646,100.81244945842775,0.0,50.7423802657744,-106.40437272630406,-17.571717535287814,-17.30210862517314,47.264142900694374,46.68275593037096,93.98575144398009,96.01240201096525,10.51700458968091,-2.9486375331097476,10.681353116779924,-0.41299371045445316,-0.14416185980418522,45.18000627005745,44.756600360270795,90.23842790773126,92.24179148210965,12.53298400500048,-3.3191362154305764,9.995218106772285,-0.412993710146993,-0.5492809539277395,82.01705330727307,81.59221789610409,103.15111022545071,100.82154179732981,0.0,1.9680633594855481,-106.7556708640457
3.46,0.09227330486918578,11.116473361860558,-3.342237054895238,10.61907344643734,0.03999999910593033,ok,-0.41299373291023384,-0.5751533401230899,82.0134782798875,81.59011978445007,103.15274785898751,101.60723111040014,0.0,53.85092466981856,-104.60794604304243,-17.571717535287814,-17.475981600724605,47.268497066508544,46.58773186930347,93.9859485539829,96.03040051051792,11.409058332940605,-2.905751779054007,11.094042577449892,-0.41299371045445316,-0.08671185876737267,45.17580781150139,44.56450217570404,90.23830744975449,92.03167119836844,5.26469786112578,-3.2257107968768177,10.317965844677868,-0.412993710146993,-0.637429641112969,82.01665633746691,82.17777725636276,103.15129253125089,102.16527421945037,16.586677550695896,-2.8162476944243506,-105.00348883913114
3.48,0.09263558432346548,12.593108153239092,-3.3768235717563337,10.594051903274735,0.07999999821186066,ok,-0.4174376447818923,-0.5893730215931238,82.09785195159384,81.67440524597049,103.18001866821548,102.19838583180407,0.0,56.0597727505901,-103.27645733568225,-17.567273623416156,-18.21977637449798,47.283079519874796,46.31721601475196,93.98713232845866,96.08715876748951,12.073448937633463,-2.904836423850643,12.283578313793564,-0.41743762232611165,-0.07149060856339214,45.17836458621367,44.23668280160934,90.2408302546529,91.47176704448641,2.290459317635904,-2.286507571628602,10.440532429128735,-0.4174376220186515,-0.6055050595451504,82.09978340564865,82.71965690744979,103.17913729735464,103.5046038536408,16.62004310569888,-4.012971295693042,-103.11682817199225
3.5,0.09335952362307104,13.92225547107595,-3.1863427443778933,10.602563012678027,0.11999999731779099,ok,-0.4263985790005447,-0.6435689774859631,82.26231201992027,81.71923067228458,103.23281945867474,102.62596292471574,0.0,57.889918385741545,-102.26141631405754,-17.558312689197503,-19.008740401070572,47.31014884141121,46.14271281026477,93.98939405783653,96.1147472088326,12.987830129317063,-2.9770048530258255,13.036485090040712,-0.426398556544764,-0.21599476578780663,45.18575201684721,44.29605555350167,90.24597941421968,91.00189218315049,1.0091984224974375,-0.5815721318898279,9.188126753201908,-0.4263985562373038,-0.41327635759209963,82.26231471413337,82.92279430032252,103.23282181292673,104.27752795012607,15.541989330870793,-4.252695802103247,-101.67873076444911
3.52,0.09444388707747167,15.183433317284743,-2.9203771499564257,10.617758236871381,0.1599999964237213,ok,-0.44002238735873,-0.683115624408734,82.49839049262553,81.79541207448032,103.30774474691077,102.8898613127271,0.0,59.75468403288414,-101.79330960220483,-17.544688880839317,-19.582125959191,47.34554963179138,46.11845199264617,93.99252775300415,96.12382047770616,13.990425434464536,-3.144383592370254,13.159380402603226,-0.4400223649029493,-0.46046928654571606,45.20248139913216,44.66175538605206,90.25395610568334,90.52448873092705,0.0,1.3408539214042476,6.662885225338838,-0.44002236459548916,-0.32283828241883344,82.4967292772354,83.04328078711639,103.30850018982429,104.64094772354579,14.8172675460346,-4.173416570068107,-101.08293907351195
3.54,0.09589176567668277,16.45969289225435,-2.6544299374027287,10.63147933301744,0.19999998807907104,tilt,-0.4585909033203385,-0.7164506301941359,82.79390487787146,81.92946490401866,103.40052177237115,103.02915155447566,0.0,61.902322410578286,-101.85068686401196,-17.52612036487771,-19.831646076153643,47.372521846390676,46.210621726854136,93.9958201628503,96.13081974039254,14.377583385543282,-3.3575920444273466,12.817230180473038,-0.45859088086455785,-0.6256371368698374,45.24572921013992,44.89442508168982,90.26537593133408,90.2931270047559,0.0,4.214471795311145,5.207211019836261,-0.4585908805570977,-0.3544253859322342,82.79331544067995,83.20343032310164,103.4007819536339,104.7569485337401,13.871635285984299,-4.010867082811287,-101.27942556286656
3.56,0.09589176567668277,17.798895762944106,-2.4261764452624592,10.650367892121704,0.19999998807907104,tilt,-0.4585547145104435,-0.73462784776775,82.7910498480903,82.15780522573719,103.39948287785454,103.14522471204332,0.0,64.59979388394237,-102.27584119720508,-17.524759408037486,-19.82389152767534,47.37241619612047,46.39694573164742,93.99551125377205,96.12026825046489,14.38374321106385,-3.546036177930728,12.066265038694985,-0.4585546920546628,-0.6991166595222044,45.245788639791435,44.97807805296875,90.26535657626971,90.2252972329629,0.0,7.860983535883256,4.716979987874071,-0.45855469174720265,-0.4316154671696294,82.79046045662034,83.46411016767347,103.39974303882288,104.76275850208657,13.118713530040628,-3.8233799777355784,-102.0915415825927
3.58,0.09589176567668277,19.14198608950489,-2.217758079514745,10.66126873295031,0.19999998807907104,tilt,-0.4583101297170074,-0.7495999656407868,82.77175391458748,82.33895043151821,103.39246143112877,103.22243024589558,0.0,67.40170446805182,-102.651974900962,-17.515561278875275,-19.727329336187033,47.3717021508233,46.61109674556465,93.99342346853369,96.08494491477668,14.327562370086824,-3.6573736663892964,11.153206535915421,-0.45831010726122673,-0.7684439995318948,45.24619029956088,45.00083695628274,90.26522576361151,90.19823674591184,0.0,11.724798457924113,4.565736412379284,-0.45831010695376656,-0.5449157454488612,82.7711648321301,83.715423003017,103.39272145493582,104.66382021956431,12.59159864490684,-3.642808222357491,-103.1548950174589
3.6,0.09589176567668277,20.481901281502235,-1.9978176381080321,10.671141280869879,0.19999998807907104,tilt,-0.4576722960425362,-0.7584086652832175,82.72143354922235,82.4095507342527,103.3741507458965,103.26537589936227,0.0,70.06160378766107,-102.76330835750285,-17.49157419268167,-19.6346896959959,47.36984004758609,46.79501796328618,93.98797889566643,96.03564255440965,14.346785757338582,-3.7086495905294323,10.328757530498638,-0.4576722735867555,-0.8119199335570562,45.247237756857935,45.00853073578071,90.26488462744649,90.18693069437617,0.0,15.772254090104916,4.510328382833883,-0.4576722732792953,-0.63852665389238,82.72084527261485,83.87933958402142,103.37441041201133,104.49570450536851,11.944559337133773,-3.4731199634159373,-104.12838836882088
3.62,0.09589176567668277,21.842431701540146,-1.7580685335310382,10.679044035801812,0.19999998807907104,tilt,-0.4564810672575998,-0.7647201674299245,82.62745439746129,82.42520539616305,103.33995340543987,103.28966838549191,0.0,72.61085201392919,-102.7478281795758,-17.446775511325974,-19.576956362194895,47.36636235259213,46.93027054744493,93.97781052077379,95.98771629692652,14.340242645197096,-3.7334856736864035,9.697724170489558,-0.4564810448018191,-0.8327289383065699,45.24919400553714,45.011763647856064,90.26424751586772,90.18266887309457,0.0,19.999197782083293,4.488190700397715,-0.45648104449435895,-0.6867938886508183,82.62686762587245,83.96301466058468,103.34021240352274,104.3273587568496,11.472719901081868,-3.3104410963416995,-104.84949485033556
3.64,0.09589176567668277,23.251625300101153,-1.4991828365235378,10.677638704922355,0.19999998807907104,tilt,-0.4545999289887324,-0.7700923528149728,82.47904648364242,82.38827333150796,103.28595040732574,103.29129253685844,0.0,75.06170335232598,-102.62411836497907,-17.376031322670816,-19.550064362505093,47.360870523295084,47.01264340589747,93.96175305189408,95.95356427756005,14.451959842598967,-3.758465041606266,9.302866039601982,-0.45459990653295174,-0.8428859979670105,45.252283230965894,45.01251277367515,90.2632414161264,90.18125781429461,0.0,24.368990533079153,4.4822592882631795,-0.45459990622549157,-0.7007175345629895,82.47846208871555,83.98776908748535,103.28620835048069,104.19486009628552,11.410129383432206,-3.175210559997848,-105.2876537816238
3.66,0.09589176567668277,24.739571397759715,-1.2282917302852805,10.676234549324393,0.19999998807907104,tilt,-0.4519149279092562,-0.7759761303737074,82.26721973204141,82.31859403170775,103.20887042302522,103.26418247587108,0.0,77.50776104413248,-102.4724732262389,-17.275056170525225,-19.524960052849046,47.35303188227922,47.048631979793335,93.93883377903188,95.92983324800295,14.27521166899229,-3.767857599179917,9.111577484179566,-0.4519149054534755,-0.8503326761836475,45.25669256851871,45.0287686052336,90.26180538192509,90.18140323458037,0.0,28.919585175718794,4.416228838053426,-0.45191490514601534,-0.7041215351564009,82.26663872939042,83.97665950718432,103.20912686045216,104.09738007942782,11.33403030357685,-3.091425518816162,-105.51739861524462
3.68,0.09589176567668277,26.32280990111287,-0.9369287953881468,10.668031729123527,0.19999998807907104,tilt,-0.4483335902443344,-0.7805647572648824,81.98467864490907,82.20589670934115,103.10605875077037,103.23458102717987,0.0,79.96002124876958,-102.18832230960155,-17.140372382736675,-19.507779359162182,47.342576459923336,47.04165672151908,93.90826334247548,95.91340389909648,14.312980889542636,-3.7585607449756724,9.104175288987825,-0.4483335677885537,-0.8577665698850547,45.26257387961982,45.05011042658126,90.25988995499561,90.17917067679267,0.0,33.72205445272278,4.324110304473827,-0.44833356748109354,-0.7057345506289399,81.98410216698082,83.91910378480135,103.10631317981063,104.02524649139939,11.636082236989722,-3.07035220967802,-105.53104494038124
3.7,0.09589176567668277,28.029873092915242,-0.6137549688341507,10.657610086405727,0.19999998807907104,tilt,-0.44378385664051884,-0.7829999984879069,81.62573827154647,81.98524638034138,102.97544673819641,103.17197864594907,0.0,82.44067062399019,-101.64337177731053,-16.96927001470456,-19.475968512681124,47.32929388483957,46.96689907435363,93.86942664080217,95.8645306260737,14.234376647946442,-3.761930770170601,9.294343793546684,-0.44378383418473816,-0.8640602100760258,45.27004550091187,45.059298692055535,90.25745659542943,90.17694048779784,0.0,38.9471564731521,4.281716771973004,-0.443783833877278,-0.7007422134125796,81.62516754182879,83.76439340931081,102.97569861578096,103.92776573484157,11.583395831521859,-3.07464432936334,-105.30507096950691
3.72,0.09589176567668277,29.929991752958916,-0.2666322406466429,10.65550908917624,0.19999998807907104,tilt,-0.4382129994495722,-0.7727777981030303,81.18623878999634,81.72992965995154,102.8155207001397,103.09500378899817,0.0,85.26725820828054,-101.02314811188398,-16.75976613154526,-19.37768644707077,47.313030222972074,46.85929378529888,93.82187358877117,95.82305309774172,13.80214030604522,-3.7597686302204973,9.627993400333379,-0.4382129769937915,-0.8600709291528185,45.27919402230397,45.06498667298854,90.25447710260241,90.17497450275746,0.0,44.819397530679666,4.253973861424399,-0.43821297668633136,-0.6692622338540866,81.18567509859409,83.55810066733032,102.81576945363027,103.82586684908807,11.652507150796886,-3.0836984247757346,-104.9264354425713
3.74,0.09589176567668277,32.03760750988428,0.11603173651512284,10.650709873190394,0.19999998807907104,tilt,-0.4315865558611538,-0.7616798913658238,80.66346133909273,81.35994538685357,102.62529129141886,103.00715475966658,0.0,88.31539735702184,-100.05601727115868,-16.51056468628728,-19.224614974012,47.29368486296513,46.722358550815756,93.76531001050307,95.7987453882833,13.409366271042801,-3.7162995172184687,10.112001516644126,-0.4315865334053731,-0.8532775428583581,45.29007603899265,45.068116588108026,90.25093304457621,90.17391516941731,0.0,51.36075538425878,4.238639876468719,-0.43158653309791295,-0.641558243003564,80.66290601965167,83.25652994154557,102.62553632885069,103.67822904556841,11.313577317296101,-3.089583997093484,-104.36589866787737
3.7600000000000002,0.09589176567668277,34.36667131198437,0.5246061415498249,10.648695633055524,0.19999998807907104,tilt,-0.4238872493116883,-0.7555734786621804,80.05604292558813,80.99513012454116,102.40426254305297,102.86801217033133,0.0,91.6443893794757,-99.23933872327211,-16.221015957167417,-19.031065591977033,47.27120736730463,46.574939535344996,93.69958843258426,95.76321108605653,12.818162461972367,-3.6447974818260493,10.613175076689574,-0.42388722685590763,-0.8469981610170795,45.30271992273581,45.07365625835044,90.24681518122935,90.17270129095415,0.0,58.51752213313895,4.213111238497741,-0.42388722654844746,-0.6324010430388843,80.0554973335815,82.92076753183555,102.40450326277274,103.51126604193244,11.42216209656046,-3.0899192187973865,-103.74412871764405
3.7800000000000002,0.09589176567668277,36.95241503937555,0.9692690802416212,10.64576008716728,0.19999998807907104,tilt,-0.41511392305126726,-0.7500043250627092,79.36389229045939,80.52132557520217,102.15240124750797,102.67641457007176,0.0,95.21403555228555,-98.20053076876032,-15.891076442155486,-18.797520025308177,47.245594358953845,46.4269725661261,93.62469898095289,95.73393875953204,12.400424032919682,-3.5754776059279196,11.1291059586488,-0.4151139005954866,-0.843815840746319,45.31712757316055,45.077007583114906,90.24212289389078,90.15964926950706,0.0,66.36848722437006,4.170379726822937,-0.4151139002880264,-0.6293912716524485,79.36335778282191,82.49770760033392,102.15263704721367,103.26060164681186,10.971668378048241,-3.0709071263178878,-103.0634368818466
3.8000000000000003,0.09589176567668277,39.840961516129724,1.440426852460604,10.64812905515016,0.19999998807907104,tilt,-0.40528043723645335,-0.7466057989816803,78.58810289767712,79.95663055768776,101.87010529685863,102.48140842961848,0.0,99.15678520800671,-96.86156291272243,-15.52126738179339,-18.504604670151753,47.21688630150607,46.26390197645483,93.54075996644039,95.66794375199059,11.654491125442002,-3.46911064036836,11.627070929864036,-0.40528041478067267,-0.8414143601930708,45.33327622896919,45.080378954860656,90.23686359546585,90.12422442246124,0.0,74.99835754277426,4.077965313986908,-0.4052804144732125,-0.6285197381871523,78.58758081383235,82.0094071343818,101.87033558202091,102.94999013116889,10.33521045977699,-3.009744378667065,-102.32642908232664
3.8200000000000003,0.09589176567668277,43.07111819948462,1.9408005181326495,10.64776075658414,0.19999998807907104,tilt,-0.39441463376069297,-0.7427196470051607,77.73087126697169,79.31789978667521,101.55817396553584,102.2875926021782,0.0,103.4249520195596,-95.26111966510365,-15.1126358294504,-18.164088665520158,47.185164477091746,46.08567602843866,93.44800904852401,95.57075976364618,10.800591278670895,-3.329554378086602,12.119359904130711,-0.3944146113049123,-0.839170577575006,45.35112016790588,45.083719114068536,90.23105217679074,90.10360520463124,0.0,84.4089903696715,4.01848985589448,-0.3944146109974521,-0.6279813481266275,77.73036291116726,81.46240759606677,101.55839815723887,102.60304630727826,9.776317712726241,-2.921842423214114,-101.48656447177929
3.84,0.09589176567668277,46.683893151740804,2.470434809677909,10.645589089432429,0.19999998807907104,tilt,-0.38255724550515285,-0.7386578579900832,76.79541092178144,78.59943291291641,101.21777659751672,102.0473625525919,0.0,107.98974898891991,-93.50310452167943,-14.666713631390786,-17.78555409771619,47.150547802025436,45.90859511483226,93.34679392464976,95.45978241928519,9.857680479375261,-3.1598146357311627,12.578486916362152,-0.3825572230493722,-0.8361611642778307,45.37059249799657,45.12711829190718,90.22471042326094,90.09555990940916,0.0,94.60005680956917,3.8227960456220513,-0.382557222741912,-0.6243382636367639,76.79491754680238,80.84155093818688,101.21799413968736,102.19751738120436,8.92776238141035,-2.7752769119885405,-100.5504216226254
3.86,0.09589176567668277,50.73415713136271,3.0192445974322593,10.638011051574905,0.19999998807907104,tilt,-0.3697608403267916,-0.7343057226503806,75.78586907771212,77.80577339504644,100.85042229073797,101.77988456575483,0.0,112.83733673467161,-91.54527551255818,-14.185477713208703,-17.35579214570117,47.11318974386544,45.73288667290571,93.23756331607389,95.32518108240671,8.619938076063997,-2.947757927293706,12.98297466835635,-0.3697608178710109,-0.8307442397992821,45.39160689174309,45.1996688580879,90.21786645003856,90.08806372913898,0.0,105.48339993451745,3.5088206472471963,-0.3697608175635507,-0.6160562434071034,75.78539186992832,80.14595194661794,100.85063265678275,101.72812251955199,7.928752952881015,-2.5914544287121353,-99.5237585849208
3.88,0.09589176567668277,55.27742404971017,3.5788542930167146,10.634733465672587,0.19999998807907104,tilt,-0.3560886747296214,-0.728811657971889,74.70723620566703,76.96422990704609,100.45792698872879,101.47082953346589,0.0,117.92547937339846,-89.51277643191753,-13.671306969708203,-16.872451883422677,47.073274974800775,45.548681635217534,93.12085718275652,95.15460085811,7.375708250941535,-2.6909709173832606,13.346073111478674,-0.35608865227384073,-0.8213253444816841,45.4140594686365,45.23313316291147,90.21055408895472,90.08469072926682,0.0,117.006551242298,3.3639961496413906,-0.35608865196638056,-0.5998100733431377,74.70677627152907,79.3802176202133,100.45812968752797,101.20319129893034,6.631472254776257,-2.3349990061624046,-98.39318391606783
3.9,0.09589176567668277,60.374254948974084,4.134849654205665,10.631326062321255,0.19999998807907104,tilt,-0.34161373859075944,-0.7195907453916861,73.56527066778901,76.0440851463312,100.04238605697162,101.1504176174142,0.0,123.13218561823244,-87.21511556803905,-13.126946339803212,-16.325588364637138,47.031016582807034,45.346052206763204,92.99729856910632,94.9208894816987,5.9353907556182826,-2.3530951014776003,13.650541840748154,-0.34161371613497876,-0.8034781567414373,45.43783036391825,45.25138834585362,90.20281237759522,90.08365855909405,0.0,128.9191352648644,3.28646099901031,-0.3416137158275186,-0.5791871550411417,73.56482902153078,78.53941916160353,100.04258063833765,100.64090958494326,6.02877374055743,-1.9587855650902048,-97.08642551960361
3.92,0.09589176567668277,66.16429443443769,4.70147261105268,10.644686732441297,0.19999998807907104,tilt,-0.32641754630466757,-0.705112983171832,72.36640334767044,75.0469965445058,99.60613957953328,100.79735217456887,0.0,128.56335949471858,-84.70763463523122,-12.55546134493644,-15.744152140668211,46.98665254249091,45.24513717953873,92.86758328514105,94.64934951795692,5.127556219948242,-1.5698707855156466,13.47433514597704,-0.3264175238488869,-0.7959318182527161,45.462785713776015,45.262157879636305,90.19468491276125,90.07882530958469,0.0,141.37725951380645,3.2313982169988043,-0.3264175235414267,-0.6207904410694716,72.3659809005392,77.53469636474563,99.60632563899124,100.13839195348791,5.2900490254997745,-0.8402994705738118,-95.0301441349593
3.94,0.09589176567668277,72.78882021394867,5.219672569564004,10.835247511278352,0.19999998807907104,tilt,-0.310589191930374,-0.6214515084162059,71.11766310844854,74.00717627513666,99.1517452345926,100.41278549967281,0.0,134.53569820518376,-82.1009103241003,-11.96020255588956,-15.053459477256812,46.94044295666974,45.45448583767564,92.73247184118786,94.14737548318202,0.0,0.1422441895333644,11.580806742851891,-0.3105891694745933,-0.641796680542524,45.48877920699107,45.33597236739569,90.1862193451286,90.08006926158765,0.0,154.79057462694186,2.927820003167297,-0.31058916916713314,-0.43038867773200157,71.11726065912859,75.77876259896894,99.15192241763083,99.92821913401787,0.0,0.031917241854185346,-89.56248644100413
3.96,0.09589176567668277,79.76081826872488,5.322282285333348,10.605834871567081,0.19999998807907104,tilt,-0.2942241611780537,-0.7646709499336299,69.82658306732215,72.886857389741,98.68194418940551,100.15544922714133,0.0,139.21115164403082,-78.83323302278185,-11.344760915022466,-13.95127802675247,46.89266658806356,46.218656848776845,92.59277930695478,93.44975992153593,0.0,1.5747346748327637,7.030218753450806,-0.29422413872227304,-0.2643468607414863,45.515654035906664,45.19241374668474,90.17746674385572,90.14135330715862,0.0,166.00458636317677,3.642380596735717,-0.2942241384148129,-0.4978198094424688,69.82620129385953,73.81242916334001,98.68211219506003,99.77274959698694,3.9798780966149057,-0.047851980041868636,-83.1110426454431
3.98,0.09589176567668277,86.2542410530391,2.3432134802316047,10.756239470847301,0.19999998807907104,tilt,-0.2774233865562503,-1.2317206737819153,68.50112605364694,71.32477141712553,98.19963397583278,99.78970860364558,0.0,157.67962352103993,-74.22497875438424,-10.712932203083447,-13.133609246784507,46.8436181008747,46.40710215898118,92.44936724623098,93.08779321255916,0.0,23.68463810664018,5.478561978133928,-0.27742336410046964,-0.25062395592136205,45.54324444807539,44.8779324421493,90.16848109124278,90.29803390845488,0.0,173.37488825212347,5.275858310310605,-0.27742336379300947,-1.4223429852866387,68.50076550656783,72.46803006884727,98.19979255974175,99.2674570640944,6.438800097749722,-0.5867443404273878,-79.66700952122402
4.0,0.09589176567668277,93.11654041151044,-0.1331040962657473,10.572584469965063,0.19999998807907104,tilt,-0.2602920107263279,-0.8501575066289402,67.14958704673661,70.78233683091253,97.70783298919245,99.15310418868506,0.0,181.08570056834972,-73.94626817438609,-10.06867053253428,-12.107386405700725,46.79360445050223,46.76545059754106,92.30313316083264,92.75242964958781,0.0,47.62460346454611,3.289401966572375,-0.2602919882705472,-1.3819145109686686,45.57137777709175,46.00055221619919,90.15931862132967,90.20594991763056,0.0,180.19114103618872,0.5063938856110783,-0.26029198796308706,-1.7255788218510069,67.14924814372819,71.32665553986517,97.70798196595727,98.88299935617313,0.0,4.776440547392416,-76.58919584418994
4.0200000000000005,0.09589176567668277,98.89554082746865,0.13341516414557694,10.882680740910217,0.19999998807907104,tilt,-0.2429384555445868,-0.4814661116658674,65.78051973016252,69.73961870021864,97.20965376267692,98.66610128643889,0.0,200.45385584291517,-71.45208335477659,-9.416053336907305,-11.508856820656034,46.742942165686614,46.910587804927424,92.15500254391048,92.5107101638438,0.0,67.23164999339461,2.1629890078714853,-0.2429384330888061,-1.2934863702659005,45.59987597142117,46.19155115677264,90.15003732198647,90.05361425593647,0.0,202.38831323624268,-0.6204200628908141,-0.24293843278134594,-1.2586854222388029,65.78020275192995,69.85676106210839,97.20979300770111,98.6125564997232,0.0,25.147200507538695,-71.99833425703738
4.04,0.09589176567668277,104.50530112631238,0.6768148205001764,10.884601625840174,0.19999998807907104,tilt,-0.2254732687860782,-0.3409581935610894,64.40264550678177,68.21877209704833,96.70826985954116,98.27175928030933,0.0,214.54735855389077,-66.92323111065038,-8.759237999411969,-11.015868217970251,46.69195398161419,46.816831821075965,92.00591903553979,92.35778381704627,0.0,83.27589319145795,2.193968623384418,-0.22547324633029753,-0.6618648555990986,45.62855748832253,45.88425617494465,90.14069631810037,90.09135386056353,0.0,223.3902507009712,0.7073526227466542,-0.22547324602283736,-0.6055534264498038,64.40235059436228,68.25759216186995,96.70839931022257,98.25424549770032,0.0,43.75794653273013,-67.10457398294805
4.0600000000000005,0.09589176567668277,110.23758088701037,0.8247853265782328,10.859886098538333,0.19999998807907104,tilt,-0.2080080820275696,-0.443337248596244,63.024771283401016,66.76090464130125,96.20688595640542,97.8743612245557,0.0,227.11794951304253,-62.563570929480754,-8.102422661916632,-10.703256365766316,46.64096579754176,46.7243697926887,91.85683552716911,92.2922723347045,0.0,100.91252569090402,2.4160474689209344,-0.20800805957178892,-0.48061658029748394,45.65723900522388,45.568311691509,90.13135531421426,90.13702367104295,0.0,239.29374068748126,2.098978340962232,-0.20800805926432875,-0.2730817900013891,63.024498436794595,66.80737955890808,96.20700561274406,97.8421936740642,0.0,61.83277173275066,-62.82216763131321
4.08,0.09589176567668277,116.02502096535004,0.8543907850056243,10.879666933266737,0.19999998807907104,tilt,-0.19065449905604087,-0.3789452726805271,61.65570177441796,65.43589251459046,95.70870593211129,97.38008902466719,0.0,238.9900302797521,-58.89108301975665,-7.449804421195839,-10.07386930035968,46.59030343159613,46.66693690609477,91.70870467303226,92.13971095685119,0.0,117.46480468154652,2.2985427910572342,-0.1906544766002602,-0.4245657161084655,45.68573724518998,45.60753080967519,90.1220740000081,90.1074638416844,0.0,252.42282937909593,1.8709055457789558,-0.19065447629280002,-0.17668982831694136,61.65545085262251,65.48005048138685,95.70881585669372,97.37279797373256,0.0,80.5029404510232,-59.07964778781827
4.1,0.09589176567668277,121.95647487694846,0.880314286788498,10.876321270524485,0.19999998807907104,tilt,-0.1735231510159061,-0.3688358278125409,60.3041649599166,64.07715433407506,95.21690574324955,96.89222460695075,0.0,248.6710639377905,-55.0212238414885,-6.8055437957404905,-9.391248730213107,46.540289862353674,46.630034750596494,91.56247082484862,92.01235083886105,0.0,133.1055490338146,2.1521597969103023,-0.17352312856012542,-0.39737453548591084,45.71387052856966,45.662608610123954,90.11291154495795,90.07908508537633,0.0,263.0379495113334,1.5811483780471258,-0.17352312825266525,-0.17321901139945275,60.30393568215671,64.14818294070339,95.21700606070341,96.89397805767337,0.0,99.37903586693815,-55.28956440768845
4.12,0.09589176567668277,127.90692917774746,0.4437348902162711,10.809201800396151,0.19999998807907104,tilt,-0.15672239028899648,-0.41277929016702875,58.97870904244588,62.70666163896058,94.73459592856612,96.51495067439728,0.0,258.39349485971894,-50.77515997211673,-6.173715606348381,-8.208662898767566,46.49124141572982,46.55873992649464,91.41905888273216,91.93366963398522,0.0,148.96690140995696,2.2409667144508427,-0.1567223678332158,-0.23708476106522444,45.741460917920044,45.46654437524226,90.1039258997765,90.14818671016967,0.0,270.9747052301778,2.5343488735656283,-0.15672236752575563,-0.5203903713967106,58.97850099105196,62.73019923861552,94.73468682428222,96.42892274786864,0.0,118.22284465899568,-51.07749678557766
4.14,0.09589176567668277,133.42737812890147,-0.12300444726059233,10.773308297439568,0.19999998807907104,tilt,-0.14035731785199485,-0.24045639845676728,57.68762571270604,61.67748457438771,94.26479368671114,95.92076717487002,0.0,269.9134598495239,-48.333972599930306,-5.558272397840559,-7.517170931113645,46.44346492542862,46.721819931818196,91.27936599267703,91.70794813292152,0.0,168.35973087985616,1.066146967720033,-0.14035729539621417,-0.2569305809524132,45.76833581529067,46.058991522449546,90.09517327620917,90.1761606860819,0.0,278.514318077319,0.17157693624036963,-0.140357295088754,0.08503616204176923,57.687438337222105,61.70600649227997,94.26487540502015,95.95127184502192,0.0,134.750764588779,-48.37520763322104
4.16,0.09589176567668277,138.33416027593424,-0.00140600805810355,10.877011017053935,0.19999998807907104,tilt,-0.12452897737259505,-0.1333860983035592,56.43888656968862,60.26076063532221,93.81039974065976,95.41745133226921,0.0,278.48498782113217,-44.135020171973295,-4.963014131340589,-7.020466057294274,46.39725538017246,46.642920288311636,91.14425466733118,91.53053247719605,0.0,184.63951416004357,0.9808085762163243,-0.12452895491681437,-0.16531694755099016,45.794329285687375,46.038161570002664,90.08670771600801,90.11908289929583,0.0,287.39411912681487,0.12635310933634125,-0.1245289546093542,0.2154620852529977,56.43871919199842,60.26074478816446,93.81047258255684,95.42548304959928,0.0,154.74886103102233,-44.12374084891285
4.18,0.09589176567668277,143.03347474626995,0.000538779946847786,10.878024295896077,0.19999998807907104,tilt,-0.10933279898139697,-0.10416311826088676,55.24002034577454,58.820079678593935,93.37415366211071,94.95183491913325,0.0,284.5055144369399,-39.69534381913814,-4.391529659020726,-6.409252286396042,46.35289138042134,46.544586935951635,91.01453950197327,91.40382058929356,0.0,198.5252891491733,1.084250199078568,-0.1093327765256163,-0.10241160268630047,45.8192846127268,45.921273292630104,90.07858025860551,90.13078909706005,0.0,292.75896903574255,0.6297440860404957,-0.10933277621815612,0.1926162634936785,55.23987216719377,58.78299985182358,93.37421798210751,94.95126812775472,0.0,172.5148256897388,-39.55979549043431
4.2,0.09589176567668277,147.56816368475538,-0.0016260996111586879,10.862815950982887,0.19999998807907104,tilt,-0.09485784894764121,-0.08640757464264352,54.09805371169203,57.49663616601615,92.95861233146425,94.47734908437629,0.0,288.4169777473742,-35.685420936855785,-3.847168506568826,-5.770649504046872,46.310632947862594,46.51397868773416,90.89098076971572,91.25137450104306,0.0,210.73248818190532,0.8547049147082098,-0.09485782649186053,-0.07715098912877849,45.84305553082689,45.904184299067964,90.07083853981452,90.1313323789262,0.0,295.89635203425115,0.7002982204442343,-0.09485782618440036,0.22101784974652214,54.097923821008564,57.463823338922886,92.9586685340201,94.4818348490742,0.0,188.29829289676402,-35.55363509689824
4.22,0.09589176567668277,152.05567363557682,-0.001109578941150287,10.860457245326947,0.19999998807907104,tilt,-0.08118569029791795,-0.08673676951585846,53.01942138774918,56.225571195659505,92.56611722889973,94.02088535805164,0.0,290.42690553151544,-31.79470068811177,-3.33299802434178,-5.129451739794965,46.270718199080434,46.48292143079665,90.77427469570203,91.09647674742457,0.0,221.71603728060654,0.6208446261717349,-0.08118566784213727,-0.07562350682912723,45.86550809631113,45.902248783332084,90.06352618244644,90.12982991949193,0.0,297.05847884505243,0.7048177400905686,-0.0811856675346771,0.25141635532253814,53.019308770702764,56.2109400947917,92.56616576421388,94.02987522543367,0.0,202.72747417254408,-31.723849983046808
4.24,0.09589176567668277,156.60432778479296,6.151655227892146e-05,10.861901061844721,0.19999998807907104,tilt,-0.06838929901445046,-0.09516725276545661,52.00988063988434,55.02213944285477,92.19876332101028,93.57495372751805,0.0,290.47397788860974,-28.108004159648537,-2.851762628706606,-4.498131926915377,46.23336018148544,46.45134555368987,90.66504420573351,90.97421683180264,0.0,231.65244806237004,0.46158894578568477,-0.06838927655866978,-0.08439516481972838,45.8865224672393,45.92137713523072,90.05668221665553,90.12323781976643,0.0,296.2980471209038,0.6119204472011808,-0.06838927625120961,0.27587457747860955,52.00978419001563,55.02525321776308,92.19880468020634,93.58314544318243,0.0,216.00694476633277,-28.110126482321306
4.26,0.09589176567668277,161.29698354433177,-0.0002255868330953045,10.86691174011462,0.19999998807907104,tilt,-0.05653189686401655,-0.10230932715024671,51.074419198489615,53.85990119962174,91.85836555410185,93.14446205407658,0.0,288.4236477214249,-24.514736960963013,-2.4058399081000825,-3.895695493949073,46.19874346585412,46.41021211997438,90.56382896325191,90.86871625643853,0.0,240.6128650030233,0.37902368797429475,-0.05653187440823587,-0.09250168510781155,45.90599482014834,45.94796389476301,90.05034045569425,90.11842626290353,0.0,293.3995655693284,0.49244209754475965,-0.0565318741007757,0.28975099430387835,51.074337729463835,53.87990548148653,91.85840026375774,93.15806587261477,0.0,228.1194660026476,-24.57208407463182
4.28,0.09589176567668277,166.23521679294785,0.0005594518456426006,10.853314143466275,0.19999998807907104,tilt,-0.04566608991453269,-0.11472483888927738,50.21718729373306,52.76413410556826,91.54643412305673,92.72569551356233,0.0,283.9118386845039,-21.129061541514393,-1.9972082251203673,-3.3250173146694584,46.167021631298546,46.37364104945185,90.47107801568369,90.77566591188297,0.0,248.59186494292933,0.3062272373632602,-0.04566606745875201,-0.10086453964332352,45.923838764789615,45.9523461628737,90.04452903516128,90.11032583969696,0.0,288.083451802428,0.4565349202072244,-0.045666067151291845,0.3065892913767335,50.21711955275201,52.80389104748328,91.54646273925144,92.7450385729774,0.0,238.99619611442392,-21.253314702502774
4.3,0.09589176567668277,171.5214614467443,0.0004843834292210484,10.87506874740872,0.19999998807907104,tilt,-0.03583261799461257,-0.10639945782298134,49.44139899715527,51.72522009218493,91.26413857129668,92.33494903679714,0.0,276.3650148450265,-17.879970940487738,-1.6273996873051804,-2.782346868331515,46.13831361441578,46.35769623451311,90.38713911977854,90.68628159084652,0.0,255.33742256930265,0.15796745192397932,-0.03583259553883189,-0.09049856427500878,45.939987397779916,45.94059333531272,90.03926974416783,90.08048921733001,0.0,279.8416912154007,0.43746174598596754,-0.03583259523137172,0.3282674161063713,49.44134367994937,51.77818111072014,91.26416167295577,92.34822529644366,0.0,248.31834563080585,-18.072851286864754
4.32,0.09589176567668277,177.23085639850913,0.00012116537811845696,10.860549611242506,0.19999998807907104,tilt,-0.027059298681638422,-0.0625577649218546,48.74924891012878,50.75446676642188,91.01227747519634,91.95255488147417,0.0,265.0988618882859,-14.864170363038498,-1.2974604335667017,-2.2778511126539693,46.1127006263475,46.31885254007327,90.31224972745083,90.59103322396231,0.0,260.3761372124441,0.09071136845995031,-0.027059276225857742,-0.046326986306874214,45.954395036795475,45.93205116906901,90.034577460545,90.03795486794516,0.0,267.9430028584357,0.37584448194069586,-0.027059275918397574,0.37361160345612665,48.749204677283245,50.817751890259174,91.01229565684524,91.96954300275306,0.0,255.5750656599168,-15.091138006757376
4.34,0.09589176567668277,-177.7476316615125,0.0008472559069085023,10.641459469076013,0.19999998807907104,tilt,-0.0193599712898323,1.000208727721299,48.141828852317445,50.262650545589906,90.7912481284965,91.82663819690397,0.0,253.519383490601,-13.198279393875968,-1.0079109206264754,-2.289186124625556,46.09022306983949,46.44681307619103,90.246527971621,90.60808374832435,0.0,265.26008980745667,-0.3931373797017301,-0.01935994883405162,1.0368764235463046,45.96703895476615,46.297810946490934,90.03045958605091,90.24396599039271,0.0,255.82890355196665,-0.6873094542394764,-0.019359948526591453,-0.04213762995309179,48.141794346932684,50.1302061821538,90.79126199242165,91.73776534332143,0.0,262.1685250208388,-12.841867415404856
4.36,0.09589176567668277,-174.22712090862188,-0.0009474677608567816,10.868907129718012,0.19999998807907104,tilt,-0.012733552017478,0.8270871749817406,47.61905331977169,49.45396371940425,90.60101941783194,91.41648689601465,0.0,252.1240938172143,-10.868731341204473,-0.7587103898255876,-1.7994827512443097,46.070877780821306,46.396024826713244,90.18996460091577,90.43083420704353,0.0,274.19364643032986,-0.595883378228329,-0.012733529561697321,0.8745087983651894,45.97792093152274,46.33104003802968,90.02691554102981,90.15221127384939,0.0,253.88081857752198,-1.025671338084816,-0.012733529254237153,0.03222790459898408,47.61902718631739,49.29301993314986,90.601029565712,91.36529178929716,0.0,272.10862132594616,-10.313478255845638
4.38,0.09589176567668277,-171.1185264256474,0.0004462014304843161,10.897177859648936,0.19999998807907104,tilt,-0.007162700037116554,0.5035807443241135,47.17955424929824,48.58907908786174,90.44109352935871,91.10155322807972,0.0,249.45931447666533,-8.072839625391376,-0.5492067026213796,-1.4483704666704456,46.05461413416568,46.29612269671991,90.14241159336252,90.31487190914338,0.0,280.4310743178625,-0.45685692235422626,-0.0071626775813358745,0.5359053050622081,45.98706944435796,46.18929292410299,90.02393605098959,90.0974749167706,0.0,250.80465017198662,-0.5595193381320862,-0.007162677273875706,-0.004787536784083994,47.17953515415279,48.49530235978118,90.44110055314772,91.06601524080216,0.0,279.1225307376,-7.759777216277852
4.4,0.09589176567668277,-168.4772708865533,0.0003873155938979503,10.864309413175343,0.19999998807907104,tilt,-0.0026129560121306294,0.4390847317384653,46.820613053782274,48.012074594687135,90.31048121761778,90.86791538014435,0.0,245.7490778321789,-6.257258490780765,-0.3781039426790791,-1.14810580709756,46.04133152865816,46.25692082928402,90.1035748027337,90.25259644690942,0.0,284.6295747979847,-0.44406642990774126,-0.00261293355634995,0.46278392903265725,45.99454108276376,46.135752390280295,90.0215026858498,90.08347585503228,0.0,246.76951014229525,-0.36977082572456355,-0.0026129332488897816,-0.05231743975171009,46.82059970686056,47.93506710942697,90.31048568994522,90.82892703041941,0.0,283.8610708433782,-6.0197475645569485
4.42,0.09589176567668277,-166.26453542479683,-0.0012302302095414345,10.850258688062848,0.19999998807907104,tilt,0.0009683972845466737,0.424115132623131,46.53807073341989,47.5343367623006,90.20766909661246,90.65730752402952,0.0,242.1457138540628,-4.789015052593854,-0.24341956702525636,-0.8685819846255134,46.03087606066666,46.217686776712995,90.07300423274404,90.18978939907062,0.0,287.75366330112786,-0.43182435782671,0.0009684197403273531,0.44126868291205756,46.00042241953551,46.12458821513223,90.01958725055991,90.07786535918673,0.0,242.8717986592962,-0.33609136961462727,0.0009684200477875216,-0.05668536770767055,46.53806191124066,47.46878153031431,90.20767156054445,90.6252571792393,0.0,287.2888645145595,-4.581928701588078
4.44,0.09589176567668277,-164.42906171611665,-0.0017865833776613191,10.857553349729576,0.19999998807907104,tilt,0.0036533909823605604,0.4150506626462195,46.326244564177514,47.10123256187811,90.13058932422189,90.4758509465732,0.0,238.84301609520992,-3.432498191276667,-0.14244469248271585,-0.6465065751742606,46.02303744120095,46.15851272832243,90.050085022892,90.16302962999183,0.0,289.97566752243455,-0.2553967065918594,0.0036534134381412398,0.42893596418217644,46.00483174496608,46.12444807842068,90.01815122030656,90.07654786336228,0.0,239.32621687876477,-0.3381593618952683,0.003653413745601408,-0.053552747479465736,46.326239134264846,47.04693830153058,90.13059028243,90.45169350576329,0.0,289.76204230608784,-3.253254115810733
4.46,0.09589176567668277,-162.9246479143773,-0.00017385658804414057,10.853923454017472,0.19999998807907104,tilt,0.005534537284213437,0.41400595099463405,46.177836016615416,46.79384461297082,90.07658609549988,90.34656336964133,0.0,235.89237415596062,-2.468759871529641,-0.07170020173012404,-0.4378657275699972,46.017545588452265,46.13803336557831,90.03402748544241,90.15573972054412,0.0,291.6053303907794,-0.1932803620688095,0.005534559739994116,0.4286983105099074,46.007920983586686,46.1309914720506,90.01714511626892,90.07929050632966,0.0,236.20045553188174,-0.3587920189765115,0.005534560047454284,-0.05454029014260252,46.17783296337488,46.74595425352736,90.07658599877557,90.32472290685693,0.0,291.5524199806536,-2.31012784605697
4.48,0.09589176567668277,-161.72144182139476,-0.0013060670389662557,10.854309962627358,0.19999998807907104,tilt,0.006725746529455401,0.417770293275421,46.08385840639191,46.58856377316898,90.04238931598134,90.26357169302771,0.0,233.37038141830143,-1.816675577899024,-0.026902255206017855,-0.2866645086212419,46.014067950502834,46.12812985015578,90.02385927734136,90.14263457735669,0.0,292.77644643489305,-0.18607429848391255,0.00672576898523608,0.43117173589668245,46.009877200177606,46.13248061496379,90.01650801514067,90.08069520766888,0.0,233.55984660928297,-0.36179738643588033,0.006725769292696249,-0.05831600377670931,46.08385685814533,46.54718165771797,90.04238855123603,90.24254494255851,0.0,292.77104043267053,-1.6824444428503726
4.5,0.09589176567668277,-160.7953367235641,-0.0017107838119950927,10.85250019953029,0.19999998807907104,tilt,0.00736360552411397,0.42156351864458774,46.03353604345105,46.45611556238848,90.02407790386681,90.20798962906797,0.0,231.3235650458468,-1.4001507688744808,-0.0029142167931439644,-0.20943430139872612,46.01220577334541,46.122049362624054,90.01841448834,90.10749066913394,0.0,293.61818539329175,-0.24217282724145472,0.007363627979894649,0.433242896772003,46.01092469905574,46.133460853773485,90.01616686543352,90.08171210105576,0.0,231.44276910199653,-0.363579697851113,0.0073636282873548176,-0.061023104868388404,46.03353530108634,46.4198252172665,90.02407678141508,90.18821657012423,0.0,293.59496644669656,-1.2836512907747066
4.5200000000000005,0.09589176567668277,-160.11988314292628,-0.0018719072309667725,10.853610682927863,0.19999998807907104,tilt,0.0076081834447339625,0.4249340372110859,46.014240652162655,46.334845852949826,90.01705665444321,90.1485008376883,0.0,229.80977901123194,-1.0378554116662608,0.006283653902261932,-0.14411133712055818,46.01149174811287,46.11826687110472,90.01632676176827,90.0873216443666,0.0,294.18228164129175,-0.27372222571245275,0.007608205900514642,0.4345180272607886,46.01132634753857,46.134178941724805,90.01603605645114,90.08233161211422,0.0,229.84997255057257,-0.36516120765894833,0.00760820620797481,-0.06224556741852287,46.01424021880184,46.30205632567317,90.01705539483405,90.12989578890469,0.0,294.17417288664774,-0.9328407481097312
4.54,0.09589176567668277,-159.68366443308307,-0.0018689965704881944,10.854622484605262,0.19999998807907104,tilt,0.007644365748182114,0.4271015695923123,46.011386135692085,46.230271966809276,90.01601794671119,90.11840598334415,0.0,228.79329547647717,-0.6774203903612552,0.007644366053771279,-0.11446587421588385,46.0113861168377,46.115888736118876,90.0160179082293,90.07746418254783,0.0,294.51385357010514,-0.28691689419751976,0.007644388203962793,0.43525000681373044,46.01138576650513,46.13462483632858,90.01601670486666,90.08260207900769,0.0,228.80416832677378,-0.36639863557696994,0.0076443885114229615,-0.06348958545573771,46.0113857480446,46.20007454755173,90.01601666681127,90.10087286603965,0.0,294.5050320263727,-0.5804517408053433
4.5600000000000005,0.09589176567668277,-159.47403813554746,-0.0018660384759413486,10.854563710440555,0.19999998807907104,tilt,0.007644365748182114,0.42847972566109055,46.011386135692085,46.18975821413193,90.01601794671119,90.10247390860658,0.0,228.30205788598084,-0.5473704107130384,0.007644366053771279,-0.10211622948358626,46.0113861168377,46.11415863010315,90.0160179082293,90.0725279027465,0.0,294.6653559296536,-0.29125116558703645,0.007644388203962793,0.4354482031073883,46.01138576650513,46.13484632017758,90.01601670486666,90.082734487939,0.0,228.2955751180345,-0.3670133292610067,0.0076443885114229615,-0.0642852634996054,46.0113857480446,46.16137707815411,90.01601666681127,90.08576990895178,0.0,294.66012105964404,-0.4558931213233808
4.58,0.09589176567668277,-159.48601817584725,-0.0018855540818948546,10.855084230667023,0.19999998807907104,tilt,0.007644365748182114,0.42975245713496696,46.011386135692085,46.17396531983797,90.01601794671119,90.0933045185332,0.0,228.3378544362064,-0.5033449325225203,0.007644366053771279,-0.09416209411176504,46.0113861168377,46.112854590130446,90.0160179082293,90.07000599740587,0.0,294.6633600101096,-0.29178670126417394,0.007644388203962793,0.4354925112570807,46.01138576650513,46.135007322697554,90.01601670486666,90.08280792722226,0.0,228.32134794357594,-0.3675088857189035,0.0076443885114229615,-0.06458287526227163,46.0113857480446,46.146303180597656,90.01601666681127,90.07711926594955,0.0,294.66127433798346,-0.41359399294402244
4.6000000000000005,0.09589176567668277,-159.72021373816662,-0.001896033659315113,10.855639495340583,0.19999998807907104,tilt,0.007644365748182114,0.43093203865046,46.011386135692085,46.16428797209994,90.01601794671119,90.08831812203775,0.0,228.902003954465,-0.4749521700747883,0.007644366053771279,-0.08809678958176238,46.0113861168377,46.11181594189586,90.0160179082293,90.06862406559321,0.0,294.50981812603334,-0.29079647895810523,0.007644388203962793,0.43555910185858276,46.01138576650513,46.13515626162766,90.01601670486666,90.08285490989854,0.0,228.88144041504853,-0.3680151203725446,0.0076443885114229615,-0.06472641751871602,46.0113857480446,46.13688282109184,90.01601666681127,90.07234014683497,0.0,294.5080868817076,-0.3857468122744345
4.62,0.09589176567668277,-160.18189848917527,-0.0018964575534910597,10.856070561957587,0.19999998807907104,tilt,0.007644365748182114,0.43203406110793213,46.011386135692085,46.15726329702651,90.01601794671119,90.0857388653893,0.0,229.99839728103518,-0.45200625440608433,0.007644366053771279,-0.08340109911998954,46.0113861168377,46.110865761687386,90.0160179082293,90.0676849034901,0.0,294.1881779383397,-0.28913730748331146,0.007644388203962793,0.4357388193695115,46.01138576650513,46.135319390075736,90.01601670486666,90.08289527735424,0.0,229.97697483008878,-0.3685973227000039,0.0076443885114229615,-0.06490007482210544,46.0113857480446,46.12980575180978,90.01601666681127,90.0696258512954,0.0,294.1850998679718,-0.36285254502721465
4.64,0.09589176567668277,-160.8811724074059,-0.0018917568723517564,10.856404790456368,0.19999998807907104,tilt,0.007644365748182114,0.43314645864695855,46.011386135692085,46.152064938892906,90.01601794671119,90.08442145897675,0.0,231.63011184028525,-0.43370263737144144,0.007644366053771279,-0.07983303783057911,46.0113861168377,46.109848745877045,90.0160179082293,90.06680721268272,0.0,293.6631365943082,-0.28703681126229785,0.007644388203962793,0.43610679556660187,46.01138576650513,46.13552269147855,90.01601670486666,90.08293102661204,0.0,231.60930696240334,-0.36935941313614995,0.0076443885114229615,-0.06518209640765965,46.0113857480446,46.12417608311765,90.01601666681127,90.06783022052869,0.0,293.65810570020227,-0.3438183454402277
4.66,0.09589176567668277,-161.83316171651663,-0.0018833739359983479,10.856680838753288,0.19999998807907104,tilt,0.007644365748182114,0.434350892267966,46.011386135692085,46.148248354179124,90.01601794671119,90.08373455023542,0.0,233.78216695609964,-0.4196434380789871,0.007644366053771279,-0.07721543309138303,46.0113861168377,46.10862717750451,90.0160179082293,90.06576904357297,0.0,292.87782876737845,-0.28443453840634736,0.007644388203962793,0.4367156835157876,46.01138576650513,46.135778656416306,90.01601670486666,90.08294475176486,0.0,233.76239482690917,-0.3703930985257953,0.0076443885114229615,-0.06561347971883437,46.0113857480446,46.11947037236338,90.01601666681127,90.06631673756132,0.0,292.87081925454623,-0.3279309043573153
4.68,0.09589176567668277,-163.05828037918775,-0.0018706221206503412,10.856937918565235,0.19999998807907104,tilt,0.007644365748182114,0.4357011497237269,46.011386135692085,46.14547882367961,90.01601794671119,90.08332383807348,0.0,236.45318669109312,-0.4092561848558496,0.007644366053771279,-0.0754004625972423,46.0113861168377,46.10706853687442,90.0160179082293,90.06441853766543,0.0,291.7374203021286,-0.2811328870196972,0.007644388203962793,0.43759160978531203,46.01138576650513,46.13607974748612,90.01601670486666,90.0828990773904,0.0,236.43471878373794,-0.3717522680021512,0.0076443885114229615,-0.06621402867394374,46.0113857480446,46.11528174428754,90.01601666681127,90.06471879022884,0.0,291.7285773831867,-0.3143474974538485
4.7,0.09589176567668277,-164.5825556039047,-0.0018515827052416128,10.857219541607547,0.19999998807907104,tilt,0.007644365748182114,0.4372169928501807,46.011386135692085,46.143478319883705,90.01601794671119,90.08296612486106,0.0,239.62757867006277,-0.4019046180873953,0.007644366053771279,-0.07425588941595451,46.0113861168377,46.105033656616456,90.0160179082293,90.06262470196594,0.0,290.11607832701196,-0.27685964680693176,0.007644388203962793,0.43873075994289096,46.01138576650513,46.136394148747556,90.01601670486666,90.08273341285735,0.0,239.6103001186431,-0.37344279333104136,0.0076443885114229615,-0.06698336619847357,46.0113857480446,46.11126476265947,90.01601666681127,90.0627950980669,0.0,290.10584448121045,-0.30219553382251907
4.72,0.09589176567668277,-166.4303869235655,-0.001574669619356153,10.863476174096903,0.19999998807907104,tilt,0.007644365748182114,0.4285340085146324,46.011386135692085,46.13815733681309,90.01601794671119,90.07958659003779,0.0,243.21250827094107,-0.3874818859476714,0.007644366053771279,-0.06428297094433166,46.0113861168377,46.098617400127694,90.0160179082293,90.05757858738394,0.0,287.8382150490058,-0.26217713534548714,0.007644388203962793,0.4282057912594201,46.01138576650513,46.13538300061287,90.01601670486666,90.07826122244312,0.0,243.2033539602201,-0.37908736057520875,0.0076443885114229615,-0.05920897103225829,46.0113857480446,46.10437982779172,90.01601666681127,90.05641824893678,0.0,287.8308269937512,-0.2885301418901476
4.74,0.09589176567668277,-168.64904773951454,-0.0008856870636259206,10.861668352799443,0.19999998807907104,tilt,0.007644365748182114,0.4252303117169521,46.011386135692085,46.1291766432373,90.01601794671119,90.07370497216884,0.0,247.14937288580447,-0.3638336382591201,0.007644366053771279,-0.0590905845724305,46.0113861168377,46.08772166893606,90.0160179082293,90.05027410799599,0.0,284.6747244342504,-0.23409326475837267,0.007644388203962793,0.4268362392009666,46.01138576650513,46.132219658376066,90.01601670486666,90.07497576741575,0.0,247.13850546929865,-0.3734829681478202,0.0076443885114229615,-0.05557267727541964,46.0113857480446,46.09508162741656,90.01601666681127,90.0503902043928,0.0,284.6697192879588,-0.2640823167950057
4.76,0.09589176567668277,-171.28064379388582,0.00021429265468712001,10.878033164529631,0.19999998807907104,tilt,0.007644365748182114,0.4229784656278481,46.011386135692085,46.11875942575999,90.01601794671119,90.06623881275706,0.0,251.27697444977898,-0.3378896156038258,0.007644366053771279,-0.054501906988606075,46.0113861168377,46.07213156369136,90.0160179082293,90.03987371690178,0.0,280.3051038470998,-0.1937156686376562,0.007644388203962793,0.42440744788334417,46.01138576650513,46.1260966599937,90.01601670486666,90.06896295525777,0.0,251.27204980762625,-0.3618603169718293,0.0076443885114229615,-0.0527568553027861,46.0113857480446,46.084144451067196,90.01601666681127,90.04316613328143,0.0,280.3017934990235,-0.2355847518120402
4.78,0.09589176567668277,-174.37906696541174,0.00010012262548272237,10.860938742732435,0.19999998807907104,tilt,0.007644365748182114,0.42636147344059294,46.011386135692085,46.1119641436015,90.01601794671119,90.06055373289735,0.0,255.3651447630548,-0.3229241355560408,0.007644366053771279,-0.0548380021703996,46.0113861168377,46.05533203724691,90.0160179082293,90.03348623891686,0.0,274.3004790747976,-0.1392229085895036,0.007644388203962793,0.4269729164597942,46.01138576650513,46.11826897737901,90.01601670486666,90.06341780480113,0.0,255.36077338289442,-0.342329684317938,0.0076443885114229615,-0.05422343352867931,46.0113857480446,46.06858628186901,90.01601666681127,90.03583906114504,0.0,274.2999749110268,-0.18826664746787736
4.8,0.09589176567668277,-177.9913781883689,-0.00022558107885002512,10.860800675603683,0.19999998807907104,tilt,0.007644365748182114,0.4306111556315579,46.011386135692085,46.10751010855202,90.01601794671119,90.05904161082813,0.0,259.0559895984093,-0.3081858520514458,0.007644366053771279,-0.057123341942870005,46.0113861168377,46.04368382135747,90.0160179082293,90.02565249403676,0.0,266.16608584769455,-0.10903995961542012,0.007644388203962793,0.43042426953178614,46.01138576650513,46.114416362389385,90.01601670486666,90.06111006666924,0.0,259.05227526195677,-0.33182542538018334,0.0076443885114229615,-0.05754494956559779,46.0113857480446,46.063160019349574,90.01601666681127,90.03140954389481,0.0,266.1591022097683,-0.17590436014983113
4.82,0.09589176567668277,178.64566528120974,-0.002374278245414071,10.702453829283364,0.19999998807907104,tilt,0.007644365748182114,0.057232508526373925,46.011386135692085,46.2030212209497,90.01601794671119,90.12289445627253,0.0,263.0047771042116,-0.5460838502751031,0.007644366053771279,0.6853714416099036,46.0113861168377,46.258966307879916,90.0160179082293,90.18084680505645,0.0,257.84013464206976,-0.6611176848452804,0.007644388203962793,0.05635013295616644,46.01138576650513,46.20494681233582,90.01601670486666,90.12415922100709,0.0,262.98718631725507,-0.5511001257357262,0.0076443885114229615,0.6842799029509892,46.0113857480446,46.269842461789885,90.01601666681127,90.18241074195996,0.0,257.82468534665776,-0.7020961939036285
4.84,0.09589176567668277,176.5086153665697,-0.001864727241045815,10.862769449354811,0.19999998807907104,tilt,0.007644365748182114,0.02157307551443867,46.011386135692085,46.184777828745325,90.01601794671119,90.09063099270114,0.0,269.1014307991982,-0.5430457216416829,0.007644366053771279,0.6945277373782732,46.0113861168377,46.294180257760125,90.0160179082293,90.13714005855373,0.0,256.8304162314611,-0.903963707105826,0.007644388203962793,0.02204017034868181,46.01138576650513,46.18612922738548,90.01601670486666,90.09170871395271,0.0,269.0863937269377,-0.54616698057533,0.0076443885114229615,0.6949380352487716,46.0113857480446,46.298886818117836,90.01601666681127,90.1383050298422,0.0,256.81589348679955,-0.9206237349939084
4.86,0.09589176567668277,174.83714293513765,-0.001273679009440919,10.858510664004728,0.19999998807907104,tilt,0.007644365748182114,-0.03192817135333517,46.011386135692085,46.12228453138907,90.01601794671119,90.0667618909566,0.0,273.23725637133407,-0.339333602331765,0.007644366053771279,0.5236377128421825,46.0113861168377,46.204442834932934,90.0160179082293,90.10674836778804,0.0,255.6669119303105,-0.6003857453402428,0.007644388203962793,-0.03185010835769717,46.01138576650513,46.122601907672696,90.01601670486666,90.06721109401117,0.0,273.2275516086882,-0.3396241467828742,0.0076443885114229615,0.5234295157332264,46.0113857480446,46.20589650436262,90.01601666681127,90.10733195630664,0.0,255.65756249057776,-0.6050199209473028
4.88,0.09589176567668277,173.68577343654067,-0.0014366184284423796,10.854591241250155,0.19999998807907104,tilt,0.007644365748182114,-0.05553711596192195,46.011386135692085,46.10431892441567,90.01601794671119,90.05901506371488,0.0,275.7213538277961,-0.2825352429854655,0.007644366053771279,0.4847461333936647,46.0113861168377,46.17890314016174,90.0160179082293,90.09712042541182,0.0,254.42291111599462,-0.5164201660193268,0.007644388203962793,-0.05561869380872144,46.01138576650513,46.10442257868427,90.01601670486666,90.059204983592,0.0,275.71104756702124,-0.28252936188663536,0.0076443885114229615,0.48430002011315354,46.0113857480446,46.17951614726078,90.01601666681127,90.09741499961412,0.0,254.41314412975936,-0.5182554715279786
4.9,0.09589176567668277,173.04759326909843,-0.0016332884383514973,10.853943499609343,0.19999998807907104,tilt,0.007644365748182114,-0.06547529165898833,46.011386135692085,46.09787505248763,90.01601794671119,90.05696613728227,0.0,276.9954666088641,-0.26048200159081714,0.007644366053771279,0.476161162039766,46.0113861168377,46.17040872209313,90.0160179082293,90.09379503363577,0.0,253.62660470783905,-0.4888817940895407,0.007644388203962793,-0.06563058175524905,46.01138576650513,46.09798142345056,90.01601670486666,90.05706517561694,0.0,276.98399248031404,-0.2606898034841487,0.0076443885114229615,0.4757254532597866,46.0113857480446,46.170875939103745,90.01601666681127,90.09395317156118,0.0,253.61570676230062,-0.49042727418111
4.92,0.09589176567668277,172.91527677496788,-0.001720516059728519,10.8538341297243,0.19999998807907104,tilt,0.007644365748182114,-0.07241165333898322,46.011386135692085,46.09463153021012,90.01601794671119,90.05663438990919,0.0,277.24371318707125,-0.24775764867657202,0.007644366053771279,0.47285854869396277,46.0113861168377,46.16586496482806,90.0160179082293,90.09261682890542,0.0,253.44584031950984,-0.4728327991688763,0.007644388203962793,-0.07260263770300912,46.01138576650513,46.09474778573211,90.01601670486666,90.0566895790196,0.0,277.2317312425627,-0.2481036712711493,0.0076443885114229615,0.4724863384009663,46.0113857480446,46.16626406250064,90.01601666681127,90.09270333709688,0.0,253.43436272921883,-0.47426210054413165
4.94,0.09589176567668277,173.287409137595,-0.0017428404483729348,10.853931461020599,0.19999998807907104,tilt,0.007644365748182114,-0.07781948513694427,46.011386135692085,46.0924427528197,90.01601794671119,90.05640577786102,0.0,276.51068323888614,-0.2391628973839044,0.007644366053771279,0.47084706849530944,46.0113861168377,46.16274932433286,90.0160179082293,90.09203221521692,0.0,253.92560637024076,-0.4613320596874859,0.007644388203962793,-0.07802454141734742,46.01138576650513,46.09255830936689,90.01601670486666,90.05643651045243,0.0,276.4986031525319,-0.23956070489067338,0.0076443885114229615,0.47053529701613145,46.0113857480446,46.16308901835652,90.01601666681127,90.09207936838979,0.0,253.9139290322448,-0.46260815458334936
4.96,0.09589176567668277,174.17157103952826,-0.0017338434360203456,10.85422021585765,0.19999998807907104,tilt,0.007644365748182114,-0.08207744048017956,46.011386135692085,46.09038402129117,90.01601794671119,90.05556504196088,0.0,274.72086084302254,-0.23250757007423073,0.007644366053771279,0.4693201855997575,46.0113861168377,46.16031173859632,90.0160179082293,90.09140170815414,0.0,255.02501895523665,-0.4527249450538007,0.007644388203962793,-0.08228154510998903,46.01138576650513,46.09049722276255,90.01601670486666,90.05558256703742,0.0,274.7088851054347,-0.23292546251627022,0.0076443885114229615,0.469057934524423,46.0113857480446,46.16059865367868,90.01601666681127,90.09142774273249,0.0,255.013343653347,-0.45383364339449117
4.98,0.09589176567668277,175.58500297077626,-0.0017051492580243681,10.854750808475703,0.19999998807907104,tilt,0.007644365748182114,-0.08538781133257646,46.011386135692085,46.08785887614391,90.01601794671119,90.05373227329218,0.0,271.72836823317004,-0.22619668761394984,0.007644366053771279,0.4680127654778748,46.0113861168377,46.15815851799263,90.0160179082293,90.09039480181775,0.0,256.65782751133827,-0.4461354327483791,0.007644388203962793,-0.0855801500722884,46.01138576650513,46.08797584466793,90.01601670486666,90.0537433430652,0.0,271.7166175606778,-0.22664484697396126,0.0076443885114229615,0.467790134063769,46.0113857480446,46.15840225992232,90.01601666681127,90.0904101410375,0.0,256.6462758244935,-0.4470923720354958
5.0,0.09589176567668277,177.54535249068317,-0.001872881609908201,10.859961897986324,0.19999998807907104,tilt,0.007644365748182114,-0.08010853224818798,46.011386135692085,46.080097298375385,90.01601794671119,90.04761775596762,0.0,267.24010870447626,-0.20827974653123138,0.007644366053771279,0.45400879712399234,46.0113861168377,46.150657359200885,90.0160179082293,90.08527830014654,0.0,258.6145740216755,-0.42655215962114634,0.007644388203962793,-0.08089149739711167,46.01138576650513,46.07995762236587,90.01601670486666,90.0463053677877,0.0,267.22996144530117,-0.21063758795555887,0.0076443885114229615,0.4532666942460039,46.0113857480446,46.15189826165999,90.01601666681127,90.08413724003587,0.0,258.6047438135111,-0.43418298359765295
5.0200000000000005,0.09589176567668277,-179.91153215662297,-0.0007870480760732895,10.834815639914115,0.19999998807907104,tilt,0.007644365748182114,-0.047359089933420286,46.011386135692085,46.07183217663098,90.01601794671119,90.04944016388522,0.0,260.87259530333813,-0.17115872731290893,0.007644366053771279,0.41696082316318295,46.0113861168377,46.139226437201465,90.0160179082293,90.0799051195653,0.0,260.6364867255483,-0.39084350012641433,0.007644388203962793,-0.04727038697916993,46.01138576650513,46.07614320262217,90.01601670486666,90.05063003051744,0.0,260.86579465051796,-0.1861500633432711,0.0076443885114229615,0.4173197685445546,46.0113857480446,46.14393606478789,90.01601666681127,90.08094023662382,0.0,260.6297932628145,-0.40781804949768796
5.04,0.09589176567668277,-178.4470074246895,-0.00205204922576024,10.835670217073279,0.19999998807907104,tilt,0.007644365748182114,0.6133737592012228,46.011386135692085,46.27418355287322,90.01601794671119,90.14444180918962,0.0,258.4859831381334,-0.8035013241211586,0.007644366053771279,0.061655915212669235,46.0113861168377,46.19298413452108,90.0160179082293,90.10363905537947,0.0,264.2125082741835,-0.5484230284276415,0.007644388203962793,0.613505974027015,46.01138576650513,46.276491752402826,90.01601670486666,90.14542191199216,0.0,258.47030100548307,-0.8107487327689844,0.0076443885114229615,0.06272692105476693,46.0113857480446,46.195858147160465,90.01601666681127,90.10458118368759,0.0,264.1962727919558,-0.5581019263913856
5.0600000000000005,0.09589176567668277,-177.50379046340572,-0.0014057313208735499,10.857200897349056,0.19999998807907104,tilt,0.007644365748182114,0.5196087400156668,46.011386135692085,46.21967029266383,90.01601794671119,90.11261515083046,0.0,258.2606015111485,-0.6494476125595838,0.007644366053771279,-0.0056613724614566815,46.0113861168377,46.13711776479586,90.0160179082293,90.07497410324744,0.0,267.0416877343689,-0.38231359547508115,0.007644388203962793,0.5197204478745997,46.01138576650513,46.22053358113433,90.01601670486666,90.11315981435422,0.0,258.2498370467149,-0.6517591241420595,0.0076443885114229615,-0.0051892733526516565,46.0113857480446,46.138159200199475,90.01601666681127,90.07551055924105,0.0,267.0307654746074,-0.38538446689251327
5.08,0.09589176567668277,-177.10528835917214,-0.0014132276184647434,10.853599873013627,0.19999998807907104,tilt,0.007644365748182114,0.4823180631922562,46.011386135692085,46.18959718647761,90.01601794671119,90.10105980520066,0.0,258.05658488621754,-0.5512984431709778,0.007644366053771279,-0.04786391316002212,46.0113861168377,46.112078798879345,90.0160179082293,90.06287504356932,0.0,268.13641867197,-0.3058474321497029,0.007644388203962793,0.4821073498385632,46.01138576650513,46.18987638487018,90.01601670486666,90.1013045376737,0.0,258.0465909867065,-0.5518845286749396,0.0076443885114229615,-0.047792691572339834,46.0113857480446,46.11243997445334,90.01601666681127,90.0631194591118,0.0,268.12614360816775,-0.30677808129495054
5.1000000000000005,0.09589176567668277,-177.27593814985542,-0.0015637883875339092,10.853506091678486,0.19999998807907104,tilt,0.007644365748182114,0.4741913647773823,46.011386135692085,46.17909768230627,90.01601794671119,90.09677525476232,0.0,258.25177315564383,-0.517718463727973,0.007644366053771279,-0.06389189123877725,46.0113861168377,46.10203794679398,90.0160179082293,90.05762044728229,0.0,267.7748605893432,-0.27610945855849334,0.007644388203962793,0.4739322885653967,46.01138576650513,46.17932680222072,90.01601670486666,90.09689942090846,0.0,258.241010490694,-0.5183695687489553,0.0076443885114229615,-0.06390516999268506,46.0113857480446,46.10232762565849,90.01601666681127,90.0577464632634,0.0,267.76381025799594,-0.2770113767008586
5.12,0.09589176567668277,-178.03063521609815,-0.0016291569542089665,10.853796282430158,0.19999998807907104,tilt,0.007644365748182114,0.4715557017613269,46.011386135692085,46.17312886612114,90.01601794671119,90.09466868861817,0.0,258.94819722670996,-0.49793886869275994,0.007644366053771279,-0.07293660940127589,46.0113861168377,46.095592324523096,90.0160179082293,90.054586361457,0.0,266.00012038695655,-0.2562878824550474,0.007644388203962793,0.4713246758065112,46.01138576650513,46.17336192510342,90.01601670486666,90.09473670171543,0.0,258.9370399322054,-0.4987332453020854,0.0076443885114229615,-0.07302422749137577,46.0113857480446,46.09587760866831,90.01601666681127,90.05465601849959,0.0,265.9887819225083,-0.25729667968205083
5.14,0.09589176567668277,-179.38635748363097,-0.0016260359946883923,10.8544272015527,0.19999998807907104,tilt,0.007644365748182114,0.4700099815329735,46.011386135692085,46.16861616388436,90.01601794671119,90.09290082090882,0.0,260.05673384403576,-0.48339013839091005,0.007644366053771279,-0.07962608821000083,46.0113861168377,46.090045129316266,90.0160179082293,90.05167903194598,0.0,262.65896639568746,-0.23992294308428086,0.007644388203962793,0.46981251636449073,46.01138576650513,46.16884661958559,90.01601670486666,90.09293884480411,0.0,260.04560090861025,-0.4842422331099716,0.0076443885114229615,-0.0797594311677537,46.0113857480446,46.09032711937268,90.01601666681127,90.05171820069603,0.0,262.64775953320435,-0.2409856658240339
5.16,0.09589176567668277,179.37222793788413,-0.00194830622622084,10.803606283612512,0.19999998807907104,tilt,0.007644365748182114,0.15518115236555624,46.011386135692085,46.18666856307586,90.01601794671119,90.10588037203497,0.0,261.8312278024341,-0.5199347224605355,0.007644366053771279,0.4039825420013396,46.0113861168377,46.204907172507696,90.0160179082293,90.1294044936259,0.0,259.4953866526068,-0.5481717458023783,0.007644388203962793,0.15568292999168856,46.01138576650513,46.18663580695324,90.01601670486666,90.10578848526843,0.0,261.81740480705474,-0.5200190878855981,0.0076443885114229615,0.402994580852213,46.0113857480446,46.20505086700276,90.01601666681127,90.12938364484388,0.0,259.48294324629165,-0.5487801468984643
5.18,0.09589176567668277,178.91809571901916,-0.0015717878200301224,10.853756355220098,0.19999998807907104,tilt,0.007644365748182114,0.03258174456639724,46.011386135692085,46.14757108314386,90.01601794671119,90.08043895543881,0.0,263.5034553948017,-0.41383670664682515,0.007644366053771279,0.48303567875410625,46.0113861168377,46.216937831886014,90.0160179082293,90.11384492110116,0.0,259.45904675011593,-0.6345317000008566,0.007644388203962793,0.0329122947571222,46.01138576650513,46.14764176036729,90.01601670486666,90.08053474157774,0.0,263.4920461242414,-0.41391802679391354,0.0076443885114229615,0.48281097607774215,46.0113857480446,46.21706766442678,90.01601666681127,90.11393847416662,0.0,259.44819779356186,-0.6348457432428511
5.2,0.09589176567668277,179.01061719030076,-0.0014618307019304557,10.853222159525616,0.19999998807907104,tilt,0.007644365748182114,-0.03224462150612953,46.011386135692085,46.117168463686966,90.01601794671119,90.06522690518251,0.0,263.48240454428026,-0.32181590566560114,0.007644366053771279,0.4700114971866405,46.0113861168377,46.19335923449909,90.0160179082293,90.10179224187088,0.0,259.69510752435485,-0.5647395545014255,0.007644388203962793,-0.03217568263417229,46.01138576650513,46.117136623617874,90.01601670486666,90.06523819784043,0.0,263.4721294764322,-0.3216605406724804,0.0076443885114229615,0.46980056499874157,46.0113857480446,46.19338007386758,90.01601666681127,90.10180746909668,0.0,259.6851230279881,-0.5647838575195407
5.22,0.09589176567668277,179.7009489998615,-0.0015335910852922942,10.853782408545484,0.19999998807907104,tilt,0.007644365748182114,-0.059743022049992635,46.011386135692085,46.10424252770409,90.01601794671119,90.05743742596681,0.0,261.79561614749423,-0.2856622762635874,0.007644366053771279,0.46600897288342985,46.0113861168377,46.18260032113908,90.0160179082293,90.09702114370229,0.0,260.25319341623964,-0.531300242973598,0.007644388203962793,-0.05971605208372599,46.01138576650513,46.10428456632119,90.01601670486666,90.05743503211623,0.0,261.7849268052766,-0.2858393402810355,0.0076443885114229615,0.46579112522368704,46.0113857480446,46.18267271298394,90.01601666681127,90.09701928425929,0.0,260.2427561730076,-0.5315940165595279
5.24,0.09589176567668277,-179.6823001374673,-0.0004026973531136942,10.833388583853463,0.19999998807907104,tilt,0.007644365748182114,0.3189275409913386,46.011386135692085,46.17602761701452,90.01601794671119,90.10670523759642,0.0,260.0668139342722,-0.4787477465924561,0.007644366053771279,0.1847317781273365,46.0113861168377,46.17999259120202,90.0160179082293,90.09483496536934,0.0,261.25386034121107,-0.518213458574418,0.007644388203962793,0.31789975506727153,46.01138576650513,46.17579690866234,90.01601670486666,90.10609810589187,0.0,260.06610287214414,-0.47914085957223573,0.0076443885114229615,0.18524911083209192,46.0113857480446,46.182437580106196,90.01601666681127,90.097967856639,0.0,261.24513162890423,-0.5211905719379739
5.26,0.09589176567668277,-179.7501908941298,-0.0012358068562397899,10.853064717632892,0.19999998807907104,tilt,0.007644365748182114,0.4243424326578241,46.011386135692085,46.19256738846047,90.01601794671119,90.10157182004963,0.0,260.2238098433065,-0.5608004877389605,0.007644366053771279,0.041152721337770995,46.0113861168377,46.139120715929,90.0160179082293,90.07398503371421,0.0,261.45039402173427,-0.3939587500748909,0.007644388203962793,0.4229644994946609,46.01138576650513,46.19231106133197,90.01601670486666,90.1013299738599,0.0,260.21699520886943,-0.560257610840692,0.0076443885114229615,0.041372262540120074,46.0113857480446,46.14020658298697,90.01601666681127,90.07570059347017,0.0,261.438553451751,-0.39455201348961855
5.28,0.09589176567668277,179.93071116205346,-0.001372271721474389,10.847389021472578,0.19999998807907104,tilt,0.007644365748182114,0.25787600642120095,46.011386135692085,46.18128341075,90.01601794671119,90.09366220693643,0.0,260.70748229414295,-0.5280425744266515,0.007644366053771279,0.19574874485328028,46.0113861168377,46.144942218574954,90.0160179082293,90.087603215251,0.0,260.5557751793448,-0.3911814930414037,0.007644388203962793,0.2574175386973898,46.01138576650513,46.181228741894216,90.01601670486666,90.09352666345882,0.0,260.6986371193984,-0.5281104834966299,0.0076443885114229615,0.19559360885957097,46.0113857480446,46.145458967714255,90.01601666681127,90.08853487656572,0.0,260.54469554973946,-0.3911970739135795
5.3,0.09589176567668277,179.96320298884052,-0.0011151039781948425,10.857391853161973,0.19999998807907104,tilt,0.007644365748182114,0.1686380674545101,46.011386135692085,46.163280597998146,90.01601794671119,90.08584136469035,0.0,260.8166283395378,-0.4695712907365479,0.007644366053771279,0.2758476045872074,46.0113861168377,46.158248553956184,90.0160179082293,90.09133222009432,0.0,260.58097581000874,-0.43938707164309365,0.007644388203962793,0.16850616756557,46.01138576650513,46.163419459898975,90.01601670486666,90.08581329856395,0.0,260.8090771408043,-0.4701986447056272,0.0076443885114229615,0.27577731608079203,46.0113857480446,46.15856377129149,90.01601666681127,90.09181682945442,0.0,260.5724249409058,-0.43958486034956223
5.32,0.09589176567668277,179.99010555354903,-0.0009945035445485955,10.857801914385009,0.19999998807907104,tilt,0.007644365748182114,0.17757907105286794,46.011386135692085,46.15687036668532,90.01601794671119,90.08554498203722,0.0,260.7887851581079,-0.4442085589708711,0.007644366053771279,0.24970695572539728,46.0113861168377,46.155853407411996,90.0160179082293,90.08759195706544,0.0,260.68288159321725,-0.4373109629438321,0.007644388203962793,0.17747347017433507,46.01138576650513,46.15703533021479,90.01601670486666,90.08551496547699,0.0,260.7820616977307,-0.444947916905275,0.0076443885114229615,0.24967031958073718,46.0113857480446,46.156119987609344,90.01601666681127,90.08783000539357,0.0,260.6755983037058,-0.4378652010755546
5.34,0.09589176567668277,179.9980769666121,-0.0009691651289114928,10.857738034100073,0.19999998807907104,tilt,0.007644365748182114,0.18605742425436048,46.011386135692085,46.15351679840017,90.01601794671119,90.08562625203731,0.0,260.7731997323474,-0.43050677116709957,0.007644366053771279,0.23748140776802024,46.0113861168377,46.15244571959552,90.0160179082293,90.08604363492127,0.0,260.7165602676804,-0.4265162243509424,0.007644388203962793,0.1860400764053204,46.01138576650513,46.15367073078109,90.01601670486666,90.08560465157404,0.0,260.76655067195605,-0.4311842874995808,0.0076443885114229615,0.2373859619971339,46.0113857480446,46.1526826622338,90.01601666681127,90.08616126799579,0.0,260.70973420475826,-0.42721849068705353
5.36,0.09589176567668277,179.9997648798608,-0.0009659141259467422,10.857891978885165,0.19999998807907104,tilt,0.007644365748182114,0.19173873424042687,46.011386135692085,46.151083575857484,90.01601794671119,90.08554858598796,0.0,260.76612816315617,-0.4208605185500591,0.007644366053771279,0.23101218775790852,46.0113861168377,46.1500519792525,90.0160179082293,90.08559350046626,0.0,260.7274250751995,-0.4175539905169612,0.007644388203962793,0.19178353170794904,46.01138576650513,46.151224759761455,90.01601670486666,90.0855361175811,0.0,260.75942113225534,-0.4214668713530545,0.0076443885114229615,0.2308710183832888,46.0113857480446,46.1502565662634,90.01601666681127,90.08565190610669,0.0,260.72077238826984,-0.4182557886641125
5.38,0.09589176567668277,-179.9999429947537,-0.0009659786975158456,10.858037724034808,0.19999998807907104,tilt,0.007644365748182114,0.19583335852433156,46.011386135692085,46.14922591371336,90.01601794671119,90.08546921755561,0.0,260.76179346104476,-0.41353487261128197,0.007644366053771279,0.22659529052267596,46.0113861168377,46.14836865981089,90.0160179082293,90.08544323587826,0.0,260.73238424723723,-0.4108808761972005,0.007644388203962793,0.19591290332010924,46.01138576650513,46.14935283023312,90.01601670486666,90.08546231279053,0.0,260.755038001513,-0.4140711577065581,0.0076443885114229615,0.22643517096123703,46.0113857480446,46.14854173660383,90.01601666681127,90.08547238512685,0.0,260.725798130896,-0.4115189201855385
5.4,0.09589176567668277,-179.99990324737806,-0.0009662321241872757,10.858152342915764,0.19999998807907104,tilt,0.007644365748182114,0.19896690124021393,46.011386135692085,46.14781447871188,90.01601794671119,90.0854173013419,0.0,260.7585590963717,-0.40795062434967333,0.007644366053771279,0.22325601628236916,46.0113861168377,46.14713797040374,90.0160179082293,90.0853826554423,0.0,260.73553734734696,-0.4058883599170615,0.007644388203962793,0.19906378412384237,46.01138576650513,46.14792601051989,90.01601670486666,90.085413441753,0.0,260.75177517421173,-0.40841747883732515,0.0076443885114229615,0.22309253618770777,46.0113857480446,46.14728242963459,90.01601666681127,90.08539719430534,0.0,260.7289737681616,-0.4064419487541382
5.42,0.09589176567668277,-179.99990106201358,-0.000966372081005075,10.858239659634199,0.19999998807907104,tilt,0.007644365748182114,0.2014250749725224,46.011386135692085,46.14674735652927,90.01601794671119,90.08538615428618,0.0,260.7560097706328,-0.40371270575198515,0.007644366053771279,0.22064514256779508,46.0113861168377,46.146221281943504,90.0160179082293,90.08535464219219,0.0,260.73787658659927,-0.4021279341039907,0.007644388203962793,0.2015283336757505,46.01138576650513,46.14684348657748,90.01601670486666,90.08538394275598,0.0,260.7492113959504,-0.40411291854028364,0.0076443885114229615,0.22048708597489286,46.0113857480446,46.14634065622506,90.01601666681127,90.08536186065675,0.0,260.73131464469634,-0.4025953651464187
5.44,0.09589176567668277,-179.99990272689476,-0.0009664413028486733,10.858305747993457,0.19999998807907104,tilt,0.007644365748182114,0.20336774083274797,46.011386135692085,46.14594193122743,90.01601794671119,90.08536731627322,0.0,260.75398651397734,-0.40050583884390645,0.007644366053771279,0.2185844442090174,46.0113861168377,46.145534184041246,90.0160179082293,90.0853407677721,0.0,260.73969767750276,-0.39929060926294224,0.007644388203962793,0.20347042614832106,46.01138576650513,46.146023514350745,90.01601670486666,90.08536601041698,0.0,260.7471825132612,-0.4008444018621937,0.0076443885114229615,0.21843677122392363,46.0113857480446,46.14563204809237,90.01601666681127,90.08534432906133,0.0,260.7331269108777,-0.3996784140027909
5.46,0.09589176567668277,-179.99990418666658,-0.0009664791975268795,10.858355712832967,0.19999998807907104,tilt,0.007644365748182114,0.2049057447310947,46.011386135692085,46.14533424441934,90.01601794671119,90.08535548670534,0.0,260.7523835633601,-0.3980828000786085,0.007644366053771279,0.21695416461123251,46.0113861168377,46.14501828519393,90.0160179082293,90.0853337192918,0.0,260.7411344715363,-0.39715050169464305,0.007644388203962793,0.2050035746755639,46.01138576650513,46.145402632729,90.01601670486666,90.08535469056719,0.0,260.7455793932244,-0.3983660323644278,0.0076443885114229615,0.21681946095551632,46.0113857480446,46.14509798969353,90.01601666681127,90.08533546611105,0.0,260.7345499004315,-0.3974683284802827
5.48,0.09589176567668277,-179.99990526969114,-0.0009665031207052012,10.858393491406066,0.19999998807907104,tilt,0.007644365748182114,0.20612379514722193,46.011386135692085,46.144875743691934,90.01601794671119,90.08534773093324,0.0,260.7511159392495,-0.3962534796567163,0.007644366053771279,0.21566371498406983,46.0113861168377,46.144630795616195,90.0160179082293,90.08533012839978,0.0,260.7422726229897,-0.395537529323281,0.007644388203962793,0.20621431066122295,46.01138576650513,46.144932500036276,90.01601670486666,90.08534722966102,0.0,260.74431489348666,-0.396488203506129,0.0076443885114229615,0.21554301900791017,46.0113857480446,46.14469535071378,90.01601666681127,90.08533098402528,0.0,260.7356723280952,-0.3957956599786594
5.5,0.09589176567668277,-179.99990609591913,-0.000966519823070019,10.858422065676766,0.19999998807907104,tilt,0.007644365748182114,0.2070884876934587,46.011386135692085,46.14452977328534,90.01601794671119,90.08534244046028,0.0,260.75011452998626,-0.39487305252994265,0.007644366053771279,0.21464213880993502,46.0113861168377,46.14433976296323,90.0160179082293,90.0853283230091,0.0,260.7431755376864,-0.39432270386347,0.007644388203962793,0.20717047134369052,46.01138576650513,46.14457648768436,90.01601670486666,90.08534211486054,0.0,260.7433184868695,-0.39506601860347934,0.0076443885114229615,0.21453548501975062,46.0113857480446,46.14439179919133,90.01601666681127,90.0853287466406,0.0,260.7365593182989,-0.39453088307314643
5.5200000000000005,0.09589176567668277,-179.99990674124473,-0.0009665320844074334,10.85844368580547,0.19999998807907104,tilt,0.007644365748182114,0.207852511532086,46.011386135692085,46.144268688578656,90.01601794671119,90.08533871004364,0.0,260.7493238233574,-0.3938316676511955,0.007644366053771279,0.21383338921900233,46.0113861168377,46.14412120437501,90.0160179082293,90.08532744618792,0.0,260.7438923060096,-0.3934082408287576,0.007644388203962793,0.20792557477728968,46.01138576650513,46.1443068709821,90.01601670486666,90.08533849232045,0.0,260.7425337258229,-0.39398920447644703,0.0076443885114229615,0.2137401843393068,46.0113857480446,46.144162975697654,90.01601666681127,90.08532766376989,0.0,260.7372608998077,-0.3935751790335451
5.54,0.09589176567668277,-179.99990724983346,-0.0009665412700780214,10.858460049422353,0.19999998807907104,tilt,0.007644365748182114,0.20845759864682625,46.011386135692085,46.144071642000384,90.01601794671119,90.08533601000647,0.0,260.74869962185784,-0.3930461910264249,0.007644366053771279,0.21319311777048863,46.0113861168377,46.14395709727458,90.0160179082293,90.08532705238125,0.0,260.7444614806224,-0.3927201530235791,0.007644388203962793,0.20852188830251847,46.01138576650513,46.14410266592725,90.01601670486666,90.0853358605436,0.0,260.741915798579,-0.39317401870547775,0.0076443885114229615,0.2131124021371441,46.0113857480446,46.143990506513155,90.01601666681127,90.08532717342909,0.0,260.7378161027249,-0.392853374516805
5.5600000000000005,0.09589176567668277,-179.99990765171293,-0.0009665481999517212,10.858472438034545,0.19999998807907104,tilt,0.007644365748182114,0.20893680535681497,46.011386135692085,46.143922910374506,90.01601794671119,90.08533401677313,0.0,260.7482068972683,-0.39245379360258736,0.007644366053771279,0.2126862208435485,46.0113861168377,46.14383389580927,90.0160179082293,90.08532690795501,0.0,260.7449135110719,-0.39220255751093447,0.007644388203962793,0.20899279670666362,46.01138576650513,46.14394798900927,90.01601670486666,90.08533391175888,0.0,260.7414292823675,-0.39255694834583466,0.0076443885114229615,0.2126168477217723,46.0113857480446,46.14386053073059,90.01601666681127,90.08532698444637,0.0,260.7382555809546,-0.3923084204410232
5.58,0.09589176567668277,-179.99990796947577,-0.0009665534381468235,10.858481819636598,0.19999998807907104,tilt,0.007644365748182114,0.20931631481915883,46.011386135692085,46.14381063429726,90.01601794671119,90.08533252388175,0.0,260.74781795169685,-0.39200703368116874,0.007644366053771279,0.21228491060791121,46.0113861168377,46.14374141958304,90.0160179082293,90.08532688964719,0.0,260.7452725151735,-0.39181330117293856,0.007644388203962793,0.20936466785502192,46.01138576650513,46.14383081651015,90.01601670486666,90.0853324485919,0.0,260.7410462363232,-0.3920898628783642,0.0076443885114229615,0.21222566648571245,46.0113857480446,46.143762592651,90.01601666681127,90.08532694552858,0.0,260.738603496133,-0.3918970971374114
5.6000000000000005,0.09589176567668277,-179.99990822075998,-0.0009665573985531795,10.858488925800613,0.19999998807907104,tilt,0.007644365748182114,0.20961686536371057,46.011386135692085,46.14372586797703,90.01601794671119,90.08533139407295,0.0,260.74751090912116,-0.39167010912305456,0.007644366053771279,0.2119671898516262,46.0113861168377,46.14367201845012,90.0160179082293,90.08532693217794,0.0,260.7455576257799,-0.3915206171671015,0.007644388203962793,0.2096583267832454,46.01138576650513,46.14374204593346,90.01601670486666,90.08533133914932,0.0,260.7407446457362,-0.3917363083434655,0.0076443885114229615,0.21191687257682057,46.0113857480446,46.143688806160625,90.01601666681127,90.08532697802059,0.0,260.7388789327871,-0.39158670141886676
5.62,0.09589176567668277,-179.9999084194759,-0.0009665603921643573,10.85849430965716,0.19999998807907104,tilt,0.007644365748182114,0.20985488234776326,46.011386135692085,46.14366186290446,90.01601794671119,90.08533053272375,0.0,260.747268502171,-0.39141601180514574,0.007644366053771279,0.2117156449860253,46.0113861168377,46.14361994440255,90.0160179082293,90.08532700099049,0.0,260.7457840346899,-0.3913005815583126,0.007644388203962793,0.2098902204573808,46.01138576650513,46.14367478582181,90.01601670486666,90.0853304920641,0.0,260.740507175482,-0.39146868421230385,0.0076443885114229615,0.21167311212586604,46.0113857480446,46.143633223958865,90.01601666681127,90.08532704118004,0.0,260.73909698425456,-0.39135250834057556
5.64,0.09589176567668277,-179.99990857661962,-0.000966562654321337,10.858498389564609,0.19999998807907104,tilt,0.007644365748182114,0.21004337488605984,46.011386135692085,46.14361352773882,90.01601794671119,90.08532987261127,0.0,260.74707710536023,-0.3912243724140674,0.007644366053771279,0.21151649071972808,46.0113861168377,46.14358087920217,90.0160179082293,90.08532707795213,0.0,260.7459638102879,-0.39113518540684344,0.007644388203962793,0.21007333793321034,46.01138576650513,46.14362381832061,90.01601670486666,90.08532984214288,0.0,260.74032017960315,-0.39126609777051513,0.0076443885114229615,0.21148068718567362,46.0113857480446,46.14359136143906,90.01601666681127,90.08532711415081,0.0,260.7392695962686,-0.3911758357671713
5.66,0.09589176567668277,-179.99990870088712,-0.0009665643633348395,10.858501482037855,0.19999998807907104,tilt,0.007644365748182114,0.21019264621633427,46.011386135692085,46.143577021037046,90.01601794671119,90.08532936483653,0.0,260.74692596835166,-0.39107983078126574,0.007644366053771279,0.21135881390128777,46.0113861168377,46.14355157918182,90.0160179082293,90.08532715378273,0.0,260.7461065419558,-0.39101087692930414,0.007644388203962793,0.21021793719958384,46.01138576650513,46.143585192445336,90.01601670486666,90.08532934178359,0.0,260.7401729178308,-0.3911127359764732,0.0076443885114229615,0.21132878540003042,46.0113857480446,46.14355983735542,90.01601666681127,90.0853271865511,0.0,260.73940622732584,-0.391042573370054
5.68,0.09589176567668277,-179.9999087991557,-0.0009665656542416555,10.85850382660036,0.19999998807907104,tilt,0.007644365748182114,0.21031085639940172,46.011386135692085,46.1435494441386,90.01601794671119,90.08532897319071,0.0,260.74680660945126,-0.3909708049646132,0.007644366053771279,0.21123397499222848,46.0113861168377,46.143529608187656,90.0160179082293,90.08532722400246,0.0,260.7462198498917,-0.39091746094740976,0.007644388203962793,0.21033211928753007,46.01138576650513,46.143555916252794,90.01601670486666,90.08532895562557,0.0,260.74005693730066,-0.3909966312762858,0.0076443885114229615,0.21120887202547817,46.0113857480446,46.14353610266861,90.01601666681127,90.08532725352538,0.0,260.7395143681439,-0.39094206706039025
5.7,0.09589176567668277,-179.99990887686428,-0.0009665666292255115,10.858505604552882,0.19999998807907104,tilt,0.007644365748182114,0.21040446803422444,46.011386135692085,46.14352860956537,90.01601794671119,90.08532867051116,0.0,260.7467123365708,-0.39088856218857937,0.007644366053771279,0.2111351342988448,46.0113861168377,46.14351313681594,90.0160179082293,90.08532728673667,0.0,260.746309789382,-0.3908472690027365,0.007644388203962793,0.21042228172484534,46.01138576650513,46.14353372385708,90.01601670486666,90.08532865707207,0.0,260.7399655853254,-0.39090872670158316,0.0076443885114229615,0.2111142100782034,46.0113857480446,46.14351823595759,90.01601666681127,90.08532731312366,0.0,260.73959995153245,-0.3908662742342639
5.72,0.09589176567668277,-179.99990893831412,-0.0009665673655567238,10.858506953154977,0.19999998807907104,tilt,0.007644365748182114,0.2104785993003058,46.011386135692085,46.14351286635946,90.01601794671119,90.08532843623063,0.0,260.7466378691903,-0.3908265179618786,0.007644366053771279,0.21105687694928013,46.0113861168377,46.143500791505545,90.0160179082293,90.0853273415117,0.0,260.7463811718195,-0.3907945340643759,0.007644388203962793,0.2104934766842129,46.01138576650513,46.14351689908387,90.01601670486666,90.08532842594013,0.0,260.7398936257602,-0.3908421679958418,0.0076443885114229615,0.21103948159737496,46.0113857480446,46.143504789073816,90.01601666681127,90.08532736490253,0.0,260.7396676764026,-0.39080912473501983
5.74,0.09589176567668277,-179.99990898690675,-0.0009665679216355775,10.858507976344592,0.19999998807907104,tilt,0.007644365748182114,0.2105373035898892,46.011386135692085,46.1435009683524,90.01601794671119,90.08532825467229,0.0,260.7465790401754,-0.39077970749379354,0.007644366053771279,0.21099491602882317,46.0113861168377,46.14349154111855,90.0160179082293,90.08532738858668,0.0,260.7464378198167,-0.3907549196467963,0.007644388203962793,0.2105496938503485,46.01138576650513,46.143504141987314,90.01601670486666,90.08532824681811,0.0,260.7398369370845,-0.3907917677956618,0.0076443885114229615,0.2109804887119043,46.0113857480446,46.14349467071251,90.01601666681127,90.08532740917336,0.0,260.7397212642095,-0.3907660377771849
5.76,0.09589176567668277,-179.9999090253321,-0.0009665683415853236,10.858508752843148,0.19999998807907104,tilt,0.007644365748182114,0.21058379099037572,46.011386135692085,46.14349197480668,90.01601794671119,90.08532811383063,0.0,260.7465325606309,-0.3907443871326022,0.007644366053771279,0.21094585758020964,46.0113861168377,46.14348461170622,90.0160179082293,90.0853274285795,0.0,260.74648277002433,-0.3907251653473276,0.007644388203962793,0.21059408382566594,46.01138576650513,46.14349446780503,90.01601670486666,90.08532810788601,0.0,260.73979227484875,-0.390753600120336,0.0076443885114229615,0.2109339176915094,46.0113857480446,46.14348705859528,90.01601666681127,90.08532744659648,0.0,260.73976366204283,-0.39073355694643763
5.78,0.09589176567668277,-179.99990905571738,-0.0009665686587338459,10.858509342285455,0.19999998807907104,tilt,0.007644365748182114,0.21062060370609514,46.011386135692085,46.14348517546835,90.01601794671119,90.08532800448067,0.0,260.7464958344854,-0.39071773387747144,0.007644366053771279,0.2109070145733604,46.0113861168377,46.143479422463685,90.0160179082293,90.08532746225723,0.0,260.746518434408,-0.39070282009470714,0.007644388203962793,0.21062913457067223,46.01138576650513,46.14348713046308,90.01601670486666,90.08532800005021,0.0,260.7397570847947,-0.3907246935129227,0.0076443885114229615,0.2108971527086858,46.0113857480446,46.14348133323988,90.01601666681127,90.0853274779631,0.0,260.73979720353395,-0.3907090745109698
5.8,0.09589176567668277,-179.9999090797448,-0.0009665688982518569,10.858509789856637,0.19999998807907104,tilt,0.007644365748182114,0.21064975499617142,46.011386135692085,46.14348003402864,90.01601794671119,90.08532791951637,0.0,260.74646681228,-0.3906976188468858,0.007644366053771279,0.21087625963794168,46.0113861168377,46.1434755376117,90.0160179082293,90.08532749041954,0.0,260.7465467284888,-0.3906860414475133,0.007644388203962793,0.21065681075002451,46.01138576650513,46.14348156466235,90.01601670486666,90.08532791629914,0.0,260.73972935583026,-0.39070279884548254,0.0076443885114229615,0.21086812883626482,46.0113857480446,46.14347702801598,90.01601666681127,90.08532750407984,0.0,260.739823736352,-0.39069062324326165
5.82,0.09589176567668277,-179.9999090987447,-0.000966569079147188,10.858510129800608,0.19999998807907104,tilt,0.007644365748182114,0.2106728392146563,46.011386135692085,46.14347614546912,90.01601794671119,90.08532785345379,0.0,260.7464438758743,-0.3906824365034478,0.007644366053771279,0.21085190848008958,46.0113861168377,46.14347263024908,90.0160179082293,90.08532751383581,0.0,260.7465691733169,-0.3906734446123272,0.007644388203962793,0.21067866378114142,46.01138576650513,46.14347734202928,90.01601670486666,90.0853278512175,0.0,260.7397075043723,-0.3906862136267564,0.0076443885114229615,0.21084521601318174,46.0113857480446,46.143473791486265,90.01601666681127,90.08532752570953,0.0,260.73984472324355,-0.3906767192523031
5.84,0.09589176567668277,-179.9999091137689,-0.0009665692157729893,10.858510388075,0.19999998807907104,tilt,0.007644365748182114,0.21069111896201087,46.011386135692085,46.143473203878116,90.01601794671119,90.08532780205482,0.0,260.74642574751425,-0.39067097591380384,0.007644366053771279,0.2108326275886446,46.0113861168377,46.14347045520151,90.0160179082293,90.08532753321337,0.0,260.7465869765469,-0.3906639888802965,0.007644388203962793,0.2106959187437331,46.01138576650513,46.14347413791286,90.01601670486666,90.0853278006177,0.0,260.7396902833457,-0.390673649061285,0.0076443885114229615,0.21082712745335613,46.0113857480446,46.14347135901405,90.01601666681127,90.08532754354393,0.0,260.7398613220958,-0.3906662433435515
5.86,0.09589176567668277,-179.99990912564928,-0.0009665693189673874,10.858510584360678,0.19999998807907104,tilt,0.007644365748182114,0.21070559410796053,46.011386135692085,46.14347097816537,90.01601794671119,90.0853277620402,0.0,260.746411418106,-0.390662323693336,0.007644366053771279,0.21081736116940913,46.0113861168377,46.143468828630525,90.0160179082293,90.08532754918402,0.0,260.74660109688267,-0.3906568922180387,0.007644388203962793,0.2107095430146164,46.01138576650513,46.14347170624079,90.01601670486666,90.08532776125836,0.0,260.7396767105803,-0.39066412945490403,0.0076443885114229615,0.21081284734790315,46.0113857480446,46.14346953135964,90.01601666681127,90.08532755819384,0.0,260.73987444937234,-0.39065835147306105
5.88,0.09589176567668277,-179.99990913504374,-0.0009665693969145284,10.858510733582975,0.19999998807907104,tilt,0.007644365748182114,0.2107170564559734,46.011386135692085,46.1434692937349,90.01601794671119,90.08532773087015,0.0,260.7464000906345,-0.39065579083680246,0.007644366053771279,0.21080527330079787,46.0113861168377,46.14346761272152,90.0160179082293,90.08532756230079,0.0,260.7466122953034,-0.39065156704004567,0.007644388203962793,0.21072030046971751,46.01138576650513,46.14346986047707,90.01601670486666,90.08532773062839,0.0,260.7396660124679,-0.39065691609443953,0.0076443885114229615,0.21080157379597064,46.0113857480446,46.143468158547314,90.01601666681127,90.08532757018915,0.0,260.73988483037374,-0.3906524071689843
5.9,0.09589176567668277,-179.99990914247232,-0.0009665694557941162,10.858510847063505,0.19999998807907104,tilt,0.007644365748182114,0.21072613303567853,46.011386135692085,46.14346801865279,90.01601794671119,90.08532770657602,0.0,260.74639113552075,-0.3906508575525214,0.007644366053771279,0.2107957021393045,46.0113861168377,46.14346670418765,90.0160179082293,90.0853275730408,0.0,260.7466211757715,-0.39064757191328847,0.007644388203962793,0.21072879428765817,46.01138576650513,46.143468459199276,90.01601670486666,90.08532770678121,0.0,260.7396575796195,-0.39065144964567367,0.0076443885114229615,0.2107926737559947,46.0113857480446,46.14346712770624,90.01601666681127,90.08532757998304,0.0,260.73989303905387,-0.3906479305360866
5.92,0.09589176567668277,-179.99990914940295,-0.000966569511377486,10.858510933427235,0.19999998807907104,tilt,0.007644365748182114,0.21073332218238677,46.011386135692085,46.143467053246304,90.01601794671119,90.08532768777005,0.0,260.74638405523507,-0.3906471315677784,0.007644366053771279,0.21078812187850196,46.0113861168377,46.14346602545382,90.0160179082293,90.08532758162733,0.0,260.7466282178079,-0.3906445748502463,0.007644388203962793,0.21073550258007515,46.01138576650513,46.14346739517103,90.01601670486666,90.08532768829897,0.0,260.73965093177435,-0.3906473063900462,0.0076443885114229615,0.21078564564931326,46.0113857480446,46.143466353702756,90.01601666681127,90.08532758775684,0.0,260.73989952978746,-0.3906445593443164
5.94,0.09589176567668277,-179.99990915453546,-0.0009665695494057017,10.85851099912064,0.19999998807907104,tilt,0.007644365748182114,0.2107390159539436,46.011386135692085,46.143466322124816,90.01601794671119,90.08532767305043,0.0,260.74637845546215,-0.3906443173598284,0.007644366053771279,0.21078211875650554,46.0113861168377,46.14346551867722,90.0160179082293,90.08532758870125,0.0,260.7466338028926,-0.39064232667770926,0.007644388203962793,0.210740800245849,46.01138576650513,46.143466587086294,90.01601670486666,90.08532767387315,0.0,260.73964568936617,-0.39064416591422235,0.0076443885114229615,0.21078009614560936,46.0113857480446,46.14346577278631,90.01601666681127,90.08532759416298,0.0,260.73990466307725,-0.3906420207223371
5.96,0.09589176567668277,-179.9999091586003,-0.0009665695778295275,10.858511049158263,0.19999998807907104,tilt,0.007644365748182114,0.2107435253239919,46.011386135692085,46.143465768333904,90.01601794671119,90.08532766164677,0.0,260.7463740267536,-0.39064219140907963,0.007644366053771279,0.21077736466697494,46.0113861168377,46.14346514047237,90.0160179082293,90.0853275943623,0.0,260.74663823180754,-0.39064064089675,0.007644388203962793,0.2107449838410628,46.01138576650513,46.14346597330817,90.01601670486666,90.08532766270129,0.0,260.7396415554876,-0.39064178521242,0.0076443885114229615,0.2107757142011763,46.0113857480446,46.14346533693439,90.01601666681127,90.08532759926459,0.0,260.73990872220344,-0.3906401096994139
5.98,0.09589176567668277,-179.99990916154644,-0.0009665695963668448,10.858511087253051,0.19999998807907104,tilt,0.007644365748182114,0.21074709591590668,46.011386135692085,46.143465348724874,90.01601794671119,90.08532765270151,0.0,260.74637052435395,-0.3906405852539818,0.007644366053771279,0.21077360045050977,46.0113861168377,46.14346485845514,90.0160179082293,90.08532759901182,0.0,260.74664174327944,-0.390639377193025,0.007644388203962793,0.21074828687936473,46.01138576650513,46.143465507013445,90.01601670486666,90.085327653965,0.0,260.739638295911,-0.39063998036595327,0.0076443885114229615,0.21077225491590032,46.0113857480446,46.14346501013549,90.01601666681127,90.08532760345759,0.0,260.73991193134015,-0.3906386714833676
6.0,0.09589176567668277,-179.99990916379377,-0.0009665696093337634,10.858511116264765,0.19999998807907104,tilt,0.007644365748182114,0.21074992311946392,46.011386135692085,46.14346503069616,90.01601794671119,90.08532764569152,0.0,260.7463677545646,-0.39063937158526074,0.007644366053771279,0.2107706200267443,46.0113861168377,46.14346464829431,90.0160179082293,90.08532760280423,0.0,260.7466445269931,-0.39063843018005695,0.007644388203962793,0.2107508946454508,46.01138576650513,46.14346515269047,90.01601670486666,90.08532764713607,0.0,260.7396357258046,-0.39063861189184146,0.0076443885114229615,0.21076952404653956,46.0113857480446,46.143464765212066,90.01601666681127,90.08532760687585,0.0,260.7399144681297,-0.3906375893802938
6.0200000000000005,0.09589176567668277,-179.99990916551997,-0.0009665696184344535,10.858511138370625,0.19999998807907104,tilt,0.007644365748182114,0.21075216161477875,46.011386135692085,46.143464789585344,90.01601794671119,90.08532764019196,0.0,260.7463655641319,-0.3906384543399255,0.007644366053771279,0.21076826026704382,46.0113861168377,46.143464491791036,90.0160179082293,90.08532760589426,0.0,260.7466467335424,-0.390637720710324,0.007644388203962793,0.21075295339415231,46.01138576650513,46.14346488339399,90.01601670486666,90.08532764179249,0.0,260.7396336993436,-0.3906375741495327,0.0076443885114229615,0.21076736829137338,46.0113857480446,46.14346458174228,90.01601666681127,90.08532760965991,0.0,260.73991647321117,-0.3906367754228923
6.04,0.09589176567668277,-179.99990916687412,-0.0009665696249976298,10.858511155240372,0.19999998807907104,tilt,0.007644365748182114,0.21075393402681825,46.011386135692085,46.14346460674377,90.01601794671119,90.08532763591373,0.0,260.74636383180484,-0.3906377609545486,0.007644366053771279,0.21076639186896298,46.0113861168377,46.143464375317755,90.0160179082293,90.08532760836596,0.0,260.7466484824789,-0.3906371894030758,0.007644388203962793,0.21075457874787906,46.01138576650513,46.1434646786839,90.01601670486666,90.08532763764197,0.0,260.739632101489,-0.3906367870611105,0.0076443885114229615,0.2107656664827997,46.0113857480446,46.143464444363055,90.01601666681127,90.08532761188013,0.0,260.73991805792474,-0.39063616336224016
6.0600000000000005,0.09589176567668277,-179.99990916790352,-0.0009665696294924276,10.858511168087793,0.19999998807907104,tilt,0.007644365748182114,0.21075533722104564,46.011386135692085,46.14346446803115,90.01601794671119,90.08532763252582,0.0,260.74636246175805,-0.3906372367602773,0.007644366053771279,0.2107649126875699,46.0113861168377,46.14346428872363,90.0160179082293,90.08532761040223,0.0,260.74664986858136,-0.39063679160450393,0.007644388203962793,0.21075586175653774,46.01138576650513,46.143464523023404,90.01601670486666,90.08532763436708,0.0,260.7396308415798,-0.3906361900547495,0.0076443885114229615,0.21076432320810817,46.0113857480446,46.143464341571715,90.01601666681127,90.08532761371218,0.0,260.73991931028104,-0.39063570319761154
6.08,0.09589176567668277,-179.99990916876328,-0.0009665696329792382,10.858511177901066,0.19999998807907104,tilt,0.007644365748182114,0.2107564482412572,46.011386135692085,46.1434643627803,90.01601794671119,90.08532762990426,0.0,260.74636137820005,-0.39063684033652235,0.007644366053771279,0.210763741505273,46.0113861168377,46.14346422437556,90.0160179082293,90.08532761201042,0.0,260.74665096704973,-0.3906364939151863,0.007644388203962793,0.2107568746597581,46.01138576650513,46.14346440464711,90.01601670486666,90.08532763183591,0.0,260.7396298481281,-0.39063573710360067,0.0076443885114229615,0.2107632627920023,46.0113857480446,46.143464264680986,90.01601666681127,90.08532761515308,0.0,260.73992029991524,-0.3906353573778776
6.1000000000000005,0.09589176567668277,-179.9999091694355,-0.0009665696353427696,10.858511185390698,0.19999998807907104,tilt,0.007644365748182114,0.2107573278319092,46.011386135692085,46.14346428288817,90.01601794671119,90.08532762784667,0.0,260.74636052119695,-0.39063654052018393,0.007644366053771279,0.21076281427622207,46.0113861168377,46.14346417660895,90.0160179082293,90.0853276133097,0.0,260.7466518375166,-0.3906362711945943,0.007644388203962793,0.21075767422614586,46.01138576650513,46.14346431460032,90.01601670486666,90.0853276298551,0.0,260.7396290647596,-0.39063539343164866,0.0076443885114229615,0.2107624257621061,46.0113857480446,46.14346420720723,90.01601666681127,90.08532761631642,0.0,260.73992108189026,-0.3906350975386441
6.12,0.09589176567668277,-179.99990916991715,-0.0009665696367158903,10.858511191109914,0.19999998807907104,tilt,0.007644365748182114,0.2107580241649527,46.011386135692085,46.143464222221574,90.01601794671119,90.08532762622131,0.0,260.7463598433268,-0.39063631373270624,0.007644366053771279,0.21076208021728382,46.0113861168377,46.14346414118848,90.0160179082293,90.08532761436739,0.0,260.74665252729955,-0.39063610461970155,0.007644388203962793,0.2107583053502609,46.01138576650513,46.143464246084825,90.01601670486666,90.08532762829554,0.0,260.739628447002,-0.39063513264508964,0.0076443885114229615,0.21076176509438252,46.0113857480446,46.14346416427773,90.01601666681127,90.08532761726373,0.0,260.73992169977555,-0.39063490235613507
6.140000000000001,0.09589176567668277,-179.99990917033486,-0.0009665696377783046,10.858511195483743,0.19999998807907104,tilt,0.007644365748182114,0.21075857549740876,46.011386135692085,46.14346417614953,90.01601794671119,90.08532762497694,0.0,260.74635930715874,-0.390636142111378,0.007644366053771279,0.21076149900584018,46.0113861168377,46.143464114936855,90.0160179082293,90.0853276151867,0.0,260.7466530738477,-0.3906359801181536,0.007644388203962793,0.21075880359491245,46.01138576650513,46.143464193949725,90.01601670486666,90.08532762710331,0.0,260.73962795986233,-0.3906349346867177,0.0076443885114229615,0.2107612435484059,46.0113857480446,46.14346413222011,90.01601666681127,90.08532761799358,0.0,260.7399221879485,-0.39063475582018503
6.16,0.09589176567668277,-179.9999091706619,-0.0009665696384249898,10.858511198821896,0.19999998807907104,tilt,0.007644365748182114,0.2107590119168625,46.011386135692085,46.14346414113469,90.01601794671119,90.08532762398079,0.0,260.7463588830714,-0.390636012244705,0.007644366053771279,0.2107610389196811,46.0113861168377,46.14346409551773,90.0160179082293,90.08532761586474,0.0,260.7466535068698,-0.39063588707494157,0.007644388203962793,0.2107591968269366,46.01138576650513,46.14346415425681,90.01601670486666,90.08532762615272,0.0,260.7396275757243,-0.39063478442941113,0.0076443885114229615,0.2107608319364524,46.0113857480446,46.14346410831366,90.01601666681127,90.08532761859902,0.0,260.73992257360686,-0.3906346458162624
6.18,0.09589176567668277,-179.99990917084423,-0.0009665696385893143,10.858511201375293,0.19999998807907104,tilt,0.007644365748182114,0.21075935734871853,46.011386135692085,46.143464114509236,90.01601794671119,90.08532762319057,0.0,260.7463585476335,-0.39063591392005104,0.007644366053771279,0.2107606747400521,46.0113861168377,46.14346408117476,90.0160179082293,90.08532761641688,0.0,260.7466538499224,-0.3906358176045954,0.007644388203962793,0.210759507151973,46.01138576650513,46.143464124025,90.01601670486666,90.08532762540112,0.0,260.739627272811,-0.39063467033037536,0.0076443885114229615,0.21076050711179586,46.0113857480446,46.14346409050379,90.01601666681127,90.08532761909224,0.0,260.73992287825325,-0.39063456329796464
6.2,0.09589176567668277,-179.9999091710967,-0.0009665696389019447,10.858511203330787,0.19999998807907104,tilt,0.007644365748182114,0.21075963086639105,46.011386135692085,46.143464094273405,90.01601794671119,90.08532762259024,0.0,260.74635828229805,-0.39063583947640534,0.007644366053771279,0.2107603863699129,46.0113861168377,46.143464070576556,90.0160179082293,90.08532761683904,0.0,260.74665412169713,-0.3906357657391113,0.007644388203962793,0.2107597521559543,46.01138576650513,46.143464101009734,90.01601670486666,90.08532762483145,0.0,260.7396270339337,-0.3906345836895142,0.0076443885114229615,0.21076025066773998,46.0113857480446,46.143464077228415,90.01601666681127,90.0853276194672,0.0,260.73992311890487,-0.39063450140044975
6.22,0.09589176567668277,-179.9999091711885,-0.0009665696388147429,10.858511204827765,0.19999998807907104,tilt,0.007644365748182114,0.21075984730172553,46.011386135692085,46.14346407886409,90.01601794671119,90.08532762209849,0.0,260.74635807241657,-0.39063578307846347,0.007644366053771279,0.2107601581668993,46.0113861168377,46.143464062780616,90.0160179082293,90.08532761719724,0.0,260.74665433698584,-0.39063572706204974,0.007644388203962793,0.21075994544399582,46.01138576650513,46.1434640834618,90.01601670486666,90.08532762436664,0.0,260.7396268455592,-0.3906345178675552,0.0076443885114229615,0.21076004835285211,46.0113857480446,46.14346406736528,90.01601666681127,90.08532761978674,0.0,260.73992330898596,-0.39063445501436034
6.24,0.09589176567668277,-179.99990917132428,-0.0009665696388198379,10.858511205972645,0.19999998807907104,tilt,0.007644365748182114,0.21076001865501753,46.011386135692085,46.14346406714042,90.01601794671119,90.08532762171512,0.0,260.74635790640434,-0.39063574036446447,0.007644366053771279,0.21075997748938372,46.0113861168377,46.14346405704034,90.0160179082293,90.08532761748081,0.0,260.7466545075141,-0.39063569821021216,0.007644388203962793,0.21076009802201162,46.01138576650513,46.14346407009269,90.01601670486666,90.0853276240053,0.0,260.7396266970155,-0.39063446787468425,0.0076443885114229615,0.21075988865127745,46.0113857480446,46.14346406002969,90.01601666681127,90.08532762003917,0.0,260.73992345911006,-0.39063442024189765
6.26,0.09589176567668277,-179.99990917142648,-0.0009665696387650874,10.858511206851034,0.19999998807907104,tilt,0.007644365748182114,0.21076015430646078,46.011386135692085,46.14346405821641,90.01601794671119,90.08532762142889,0.0,260.7463577750801,-0.39063570797387426,0.007644366053771279,0.21075983444922888,46.0113861168377,46.14346405282162,90.0160179082293,90.0853276176925,0.0,260.7466546425914,-0.3906356767320873,0.007644388203962793,0.21076021845361173,46.01138576650513,46.143464059903664,90.01601670486666,90.08532762373642,0.0,260.739626579871,-0.3906344298668374,0.0076443885114229615,0.21075976259756687,46.0113857480446,46.14346405458019,90.01601666681127,90.08532762022611,0.0,260.7399235776788,-0.3906343942186308
6.28,0.09589176567668277,-179.99990917148662,-0.0009665696386653591,10.858511207524446,0.19999998807907104,tilt,0.007644365748182114,0.21076026167565962,46.011386135692085,46.143464051417254,90.01601794671119,90.0853276211951,0.0,260.746357671192,-0.39063568343530863,0.007644366053771279,0.2107597212246807,46.0113861168377,46.143464049730525,90.0160179082293,90.08532761787059,0.0,260.7466547495846,-0.3906356607243089,0.007644388203962793,0.2107603134919378,46.01138576650513,46.143464052132984,90.01601670486666,90.0853276235175,0.0,260.7396264874839,-0.3906344009941276,0.0076443885114229615,0.21075966312175384,46.0113857480446,46.143464050539656,90.01601666681127,90.08532762038398,0.0,260.73992367132274,-0.3906343747239749
6.3,0.09589176567668277,-179.99990917153025,-0.0009665696385544249,10.858511208040575,0.19999998807907104,tilt,0.007644365748182114,0.21076034663737453,46.011386135692085,46.1434640462297,90.01601794671119,90.08532762099378,0.0,260.7463575890069,-0.39063566484395795,0.007644366053771279,0.2107596316223605,46.0113861168377,46.14346404747537,90.0160179082293,90.08532761803004,0.0,260.7466548343298,-0.3906356487973217,0.007644388203962793,0.21076038846821754,46.01138576650513,46.143464046200116,90.01601670486666,90.08532762332926,0.0,260.7396264146217,-0.3906343790602007,0.0076443885114229615,0.21075958464263797,46.0113857480446,46.14346404755207,90.01601666681127,90.08532762052648,0.0,260.7399237452788,-0.39063436012365393
6.32,0.09589176567668277,-179.99990917157933,-0.0009665696384655929,10.858511208437097,0.19999998807907104,tilt,0.007644365748182114,0.21076041391871198,46.011386135692085,46.143464042280186,90.01601794671119,90.0853276208558,0.0,260.74635752398734,-0.3906356507225872,0.007644366053771279,0.21075956066295945,46.0113861168377,46.143464045824146,90.0160179082293,90.08532761813683,0.0,260.7466549014532,-0.3906356399476507,0.007644388203962793,0.21076044766965601,46.01138576650513,46.14346404167864,90.01601670486666,90.08532762320108,0.0,260.7396263571558,-0.39063436236350113,0.0076443885114229615,0.21075952267589046,46.0113857480446,46.143464045336316,90.01601666681127,90.08532762062035,0.0,260.73992380368526,-0.39063434922392837
6.34,0.09589176567668277,-179.99990917163393,-0.0009665696383953305,10.858511208741566,0.19999998807907104,tilt,0.007644365748182114,0.21076046719303473,46.011386135692085,46.143464039271365,90.01601794671119,90.08532762075144,0.0,260.74635747255405,-0.39063564001529105,0.007644366053771279,0.21075950447329705,46.0113861168377,46.143464044618554,90.0160179082293,90.08532761821795,0.0,260.7466549546108,-0.3906356333653882,0.007644388203962793,0.21076049440935216,46.01138576650513,46.143464038231194,90.01601670486666,90.08532762310455,0.0,260.73962631183804,-0.39063434967179234,0.0076443885114229615,0.21075947375295362,46.0113857480446,46.14346404369566,90.01601666681127,90.08532762069119,0.0,260.73992384980386,-0.3906343410713109
6.36,0.09589176567668277,-179.9999091716609,-0.000966569638326944,10.85851120897548,0.19999998807907104,tilt,0.007644365748182114,0.21076050935737947,46.011386135692085,46.14346403697419,90.01601794671119,90.0853276206649,0.0,260.74635743185297,-0.39063563189475903,0.007644366053771279,0.21075945999807183,46.0113861168377,46.14346404374467,90.0160179082293,90.08532761828722,0.0,260.7466549967198,-0.3906356284731627,0.007644388203962793,0.21076053129055367,46.01138576650513,46.14346403559816,90.01601670486666,90.08532762302457,0.0,260.7396262760856,-0.3906343400231771,0.0076443885114229615,0.2107594351479583,46.0113857480446,46.14346404248634,90.01601666681127,90.08532762075197,0.0,260.7399238862314,-0.39063433497657507
6.38,0.09589176567668277,-179.99990917165275,-0.0009665696382556012,10.85851120915534,0.19999998807907104,tilt,0.007644365748182114,0.21076054270363637,46.011386135692085,46.14346403521409,90.01601794671119,90.08532762058708,0.0,260.7463573996527,-0.390635625725666,0.007644366053771279,0.2107594248198996,46.0113861168377,46.14346404311866,90.0160179082293,90.08532761835203,0.0,260.74665503006867,-0.3906356248482845,0.007644388203962793,0.21076056036665028,46.01138576650513,46.14346403358131,90.01601670486666,90.08532762295265,0.0,260.73962624788817,-0.39063433267794156,0.0076443885114229615,0.21075940471066626,46.0113857480446,46.143464041601504,90.01601666681127,90.08532762080955,0.0,260.7399239149957,-0.3906343304306559
6.4,0.09589176567668277,-179.99990917166386,-0.000966569638199673,10.858511209293768,0.19999998807907104,tilt,0.007644365748182114,0.21076056911264976,46.011386135692085,46.14346403387226,90.01601794671119,90.08532762053098,0.0,260.74635737418646,-0.3906356210410522,0.007644366053771279,0.21075939695858997,46.0113861168377,46.14346404266499,90.0160179082293,90.0853276183984,0.0,260.7466550564699,-0.3906356221611007,0.007644388203962793,0.21076058332733738,46.01138576650513,46.14346403204296,90.01601670486666,90.08532762290102,0.0,260.73962622565784,-0.39063432708846824,0.0076443885114229615,0.2107593806750179,46.0113857480446,46.143464040948516,90.01601666681127,90.08532762085038,0.0,260.73992393769936,-0.39063432703878576
6.42,0.09589176567668277,-179.99990917170777,-0.000966569638181392,10.858511209400259,0.19999998807907104,tilt,0.007644365748182114,0.21076059002469505,46.011386135692085,46.14346403284824,90.01601794671119,90.08532762048559,0.0,260.7463573540307,-0.3906356174914194,0.007644366053771279,0.2107593748952436,46.0113861168377,46.143464042338316,90.0160179082293,90.08532761843674,0.0,260.74665507738496,-0.39063562016294906,0.007644388203962793,0.21076060145566794,46.01138576650513,46.14346403086862,90.01601670486666,90.08532762285932,0.0,260.73962620811625,-0.3906343228423925,0.0076443885114229615,0.21075936169777681,46.0113857480446,46.143464040468224,90.01601666681127,90.08532762088413,0.0,260.73992395563357,-0.39063432450198166
6.44,0.09589176567668277,-179.99990917171667,-0.0009665696381614803,10.858511209482298,0.19999998807907104,tilt,0.007644365748182114,0.21076060657868895,46.011386135692085,46.143464032065395,90.01601794671119,90.08532762045434,0.0,260.74635733807565,-0.39063561478488995,0.007644366053771279,0.21075935742848656,46.0113861168377,46.14346404210497,90.0160179082293,90.08532761846271,0.0,260.74665509395504,-0.3906356186945681,0.007644388203962793,0.21076061576315677,46.01138576650513,46.143464029970936,90.01601670486666,90.08532762283092,0.0,260.73962619427294,-0.3906343196004858,0.0076443885114229615,0.21075934671980096,46.0113857480446,46.143464040116434,90.01601666681127,90.08532762090651,0.0,260.7399239698007,-0.3906343226209863
6.46,0.09589176567668277,-179.99990917175109,-0.0009665696381395653,10.858511209545533,0.19999998807907104,tilt,0.007644365748182114,0.21076061970935156,46.011386135692085,46.143464031472234,90.01601794671119,90.08532762043822,0.0,260.7463573254571,-0.39063561273228187,0.007644366053771279,0.21075934357407544,46.0113861168377,46.14346404193345,90.0160179082293,90.08532761847482,0.0,260.746655107072,-0.3906356176044401,0.007644388203962793,0.21076062708271892,46.01138576650513,46.143464029289824,90.01601670486666,90.08532762281668,0.0,260.7396261833588,-0.390634317136318,0.0076443885114229615,0.21075933487059492,46.0113857480446,46.14346403985388,90.01601666681127,90.08532762091619,0.0,260.73992398098216,-0.39063432121555497
6.48,0.09589176567668277,-179.99990917173585,-0.0009665696381091757,10.858511209594305,0.19999998807907104,tilt,0.007644365748182114,0.21076063006559626,46.011386135692085,46.14346403101027,90.01601794671119,90.08532762041297,0.0,260.746357315464,-0.39063561116570167,0.007644366053771279,0.21075933264392402,46.0113861168377,46.14346404182004,90.0160179082293,90.08532761849706,0.0,260.7466551174681,-0.39063561680569014,0.007644388203962793,0.21076063597712544,46.01138576650513,46.14346402876116,90.01601670486666,90.08532762279353,0.0,260.7396261747415,-0.39063431525371284,0.0076443885114229615,0.2107593255577843,46.0113857480446,46.143464039669965,90.01601666681127,90.08532762093586,0.0,260.73992398981903,-0.3906343201757201
6.5,0.09589176567668277,-179.9999091717443,-0.0009665696380808536,10.858511209631892,0.19999998807907104,tilt,0.007644365748182114,0.21076063827328773,46.011386135692085,46.14346403065869,90.01601794671119,90.08532762039994,0.0,260.74635730756944,-0.39063560996799307,0.007644366053771279,0.21075932398112182,46.0113861168377,46.143464041738675,90.0160179082293,90.0853276185078,0.0,260.74665512568765,-0.39063561622296183,0.007644388203962793,0.21076064300702455,46.01138576650513,46.14346402835863,90.01601670486666,90.08532762278196,0.0,260.7396261679569,-0.3906343138133095,0.0076443885114229615,0.21075931819733604,46.0113857480446,46.1434640395344,90.01601666681127,90.08532762094491,0.0,260.73992399678275,-0.39063431940858373
6.5200000000000005,0.09589176567668277,-179.9999091717282,-0.0009665696380605045,10.85851120966086,0.19999998807907104,tilt,0.007644365748182114,0.21076064475270578,46.011386135692085,46.14346403038551,90.01601794671119,90.08532762037889,0.0,260.74635730132644,-0.39063560906457684,0.007644366053771279,0.21075931714083057,46.0113861168377,46.14346404168618,90.0160179082293,90.08532761852717,0.0,260.7466551321935,-0.39063561578647765,0.007644388203962793,0.21076064853685605,46.01138576650513,46.14346402804682,90.01601670486666,90.08532762276253,0.0,260.73962616260815,-0.3906343127233758,0.0076443885114229615,0.21075931240638246,46.0113857480446,46.14346403943998,90.01601666681127,90.08532762096247,0.0,260.73992400227854,-0.39063431883176736
6.54,0.09589176567668277,-179.99990917171465,-0.0009665696380517245,10.858511209683515,0.19999998807907104,tilt,0.007644365748182114,0.2107606498856127,46.011386135692085,46.14346403017674,90.01601794671119,90.08532762036366,0.0,260.74635729638146,-0.3906356083769602,0.007644366053771279,0.2107593117217817,46.0113861168377,46.143464041650034,90.0160179082293,90.08532761854113,0.0,260.7466551373499,-0.3906356154661228,0.007644388203962793,0.21076065290497523,46.01138576650513,46.14346402780859,90.01601670486666,90.08532762274855,0.0,260.73962615838394,-0.39063431189237385,0.0076443885114229615,0.21075930783196714,46.0113857480446,46.14346403937151,90.01601666681127,90.085327620975,0.0,260.739924006622,-0.3906343184041372
6.5600000000000005,0.09589176567668277,-179.99990917173582,-0.0009665696380459971,10.858511209700858,0.19999998807907104,tilt,0.007644365748182114,0.21076065395144924,46.011386135692085,46.14346403001691,90.01601794671119,90.0853276203501,0.0,260.7463572924636,-0.39063560785829177,0.007644366053771279,0.2107593074290112,46.0113861168377,46.14346404162555,90.0160179082293,90.08532761855379,0.0,260.74665514143777,-0.3906356152257595,0.007644388203962793,0.2107606563550664,46.01138576650513,46.14346402762639,90.01601670486666,90.085327622736,0.0,260.7396261550469,-0.3906343112638211,0.0076443885114229615,0.21075930421886446,46.0113857480446,46.14346403932211,90.01601666681127,90.08532762098648,0.0,260.7399240100561,-0.3906343180819505
6.58,0.09589176567668277,-179.99990917176083,-0.0009665696380417452,10.858511209714273,0.19999998807907104,tilt,0.007644365748182114,0.21076065720381257,46.011386135692085,46.14346402990146,90.01601794671119,90.08532762035335,0.0,260.74635728936204,-0.3906356074626083,0.007644366053771279,0.2107593039966766,46.0113861168377,46.143464041602364,90.0160179082293,90.08532761854988,0.0,260.7466551446762,-0.39063561505037203,0.007644388203962793,0.2107606591130117,46.01138576650513,46.14346402749358,90.01601670486666,90.08532762273957,0.0,260.7396261524129,-0.3906343107833721,0.0076443885114229615,0.21075930133210463,46.0113857480446,46.143464039280026,90.01601666681127,90.08532762098213,0.0,260.73992401276894,-0.390634317844335
6.6000000000000005,0.09589176567668277,-179.99990917175893,-0.0009665696380365362,10.858511209724632,0.19999998807907104,tilt,0.007644365748182114,0.21076065975697852,46.011386135692085,46.143464029808385,90.01601794671119,90.08532762034945,0.0,260.7463572869058,-0.39063560715640877,0.007644366053771279,0.2107593013007976,46.0113861168377,46.143464041591194,90.0160179082293,90.08532761855336,0.0,260.74665514724217,-0.39063561492672094,0.007644388203962793,0.21076066126751533,46.01138576650513,46.14346402738755,90.01601670486666,90.08532762273617,0.0,260.7396261503334,-0.39063431041264085,0.0076443885114229615,0.21075929907583157,46.0113857480446,46.14346403925409,90.01601666681127,90.08532762098497,0.0,260.73992401491205,-0.3906343176730276
6.62,0.09589176567668277,-179.99990917176194,-0.0009665696380342403,10.858511209732658,0.19999998807907104,tilt,0.007644365748182114,0.21076066178024813,46.011386135692085,46.143464029737395,90.01601794671119,90.08532762034906,0.0,260.7463572849641,-0.39063560691901533,0.007644366053771279,0.21075929916433989,46.0113861168377,46.14346404158376,90.0160179082293,90.08532761855339,0.0,260.7466551492727,-0.39063561484056764,0.007644388203962793,0.21076066297017815,46.01138576650513,46.143464027306685,90.01601670486666,90.0853276227361,0.0,260.7396261486948,-0.3906343101257037,0.0076443885114229615,0.21075929729273854,46.0113857480446,46.143464039235255,90.01601666681127,90.08532762098464,0.0,260.73992401660246,-0.39063431755020916
6.640000000000001,0.09589176567668277,-179.99990917176868,-0.0009665696380360742,10.858511209738841,0.19999998807907104,tilt,0.007644365748182114,0.21076066338447794,46.011386135692085,46.1434640296835,90.01601794671119,90.08532762035038,0.0,260.74635728343065,-0.3906356067369665,0.007644366053771279,0.21075929747036692,46.0113861168377,46.143464041578746,90.0160179082293,90.08532761855193,0.0,260.74665515087634,-0.39063561477933884,0.007644388203962793,0.21076066431670712,46.01138576650513,46.14346402724528,90.01601670486666,90.08532762273757,0.0,260.73962614740554,-0.3906343099058518,0.0076443885114229615,0.21075929588266396,46.0113857480446,46.14346403922148,90.01601666681127,90.08532762098294,0.0,260.739924017933,-0.3906343174610305
6.66,0.09589176567668277,-179.99990917174634,-0.0009665696380310886,10.85851120974367,0.19999998807907104,tilt,0.007644365748182114,0.21076066462624315,46.011386135692085,46.14346402963611,90.01601794671119,90.0853276203405,0.0,260.74635728222177,-0.39063560659730046,0.007644366053771279,0.2107592961574086,46.0113861168377,46.14346404158179,90.0160179082293,90.0853276185615,0.0,260.7466551521422,-0.3906356147361234,0.007644388203962793,0.2107606653503083,46.01138576650513,46.143464027192465,90.01601670486666,90.08532762272833,0.0,260.7396261463928,-0.39063430973707014,0.0076443885114229615,0.21075929479883038,46.0113857480446,46.14346403921752,90.01601666681127,90.0853276209919,0.0,260.7399240189791,-0.3906343173964155
6.68,0.09589176567668277,-179.99990917172786,-0.0009665696380265921,10.858511209747343,0.19999998807907104,tilt,0.007644365748182114,0.21076066560372125,46.011386135692085,46.14346402959846,90.01601794671119,90.0853276203339,0.0,260.74635728126873,-0.3906356064833638,0.007644366053771279,0.21075929512346203,46.0113861168377,46.143464041586064,90.0160179082293,90.08532761856796,0.0,260.7466551531405,-0.39063561471222585,0.007644388203962793,0.21076066616032085,46.01138576650513,46.14346402715076,90.01601670486666,90.08532762272213,0.0,260.739626145598,-0.3906343096012621,0.0076443885114229615,0.21075929394911602,46.0113857480446,46.143464039216326,90.01601666681127,90.08532762099793,0.0,260.7399240198009,-0.3906343173558646
6.7,0.09589176567668277,-179.99990917171183,-0.0009665696380200848,10.858511209750468,0.19999998807907104,tilt,0.007644365748182114,0.21076066637262844,46.011386135692085,46.14346402956848,90.01601794671119,90.08532762032753,0.0,260.7463572805218,-0.390635606394768,0.007644366053771279,0.21075929430975757,46.0113861168377,46.143464041590924,90.0160179082293,90.08532761857413,0.0,260.7466551539239,-0.3906356146971546,0.007644388203962793,0.21076066679456898,46.01138576650513,46.143464027117744,90.01601670486666,90.08532762271618,0.0,260.7396261449783,-0.3906343094958742,0.0076443885114229615,0.21075929328348297,46.0113857480446,46.143464039216965,90.01601666681127,90.08532762100369,0.0,260.73992402044246,-0.3906343173282756
6.72,0.09589176567668277,-179.9999091717313,-0.0009665696380222323,10.858511209752708,0.19999998807907104,tilt,0.007644365748182114,0.2107606669768048,46.011386135692085,46.14346402954447,90.01601794671119,90.08532762031999,0.0,260.74635727993495,-0.39063560632909833,0.007644366053771279,0.21075929367005797,46.0113861168377,46.1434640415961,90.0160179082293,90.08532761858157,0.0,260.74665515454006,-0.3906356146849421,0.007644388203962793,0.21076066729049975,46.01138576650513,46.14346402709142,90.01601670486666,90.08532762270906,0.0,260.73962614449357,-0.3906343094169651,0.0076443885114229615,0.21075929276275537,46.0113857480446,46.14346403921885,90.01601666681127,90.08532762101075,0.0,260.7399240209448,-0.3906343173065152
6.74,0.09589176567668277,-179.99990917176825,-0.0009665696380289723,10.858511209754436,0.19999998807907104,tilt,0.007644365748182114,0.21076066751725261,46.011386135692085,46.14346402953894,90.01601794671119,90.0853276203315,0.0,260.7463572794594,-0.3906356062946259,0.007644366053771279,0.21075929310145705,46.0113861168377,46.14346404158749,90.0160179082293,90.08532761857015,0.0,260.7466551550393,-0.3906356146606005,0.007644388203962793,0.21076066774622115,46.01138576650513,46.14346402708361,90.01601670486666,90.0853276227201,0.0,260.7396261440995,-0.3906343093720288,0.0076443885114229615,0.21075929228743875,46.0113857480446,46.14346403920827,90.01601666681127,90.08532762099964,0.0,260.73992402135366,-0.39063431727581754
6.76,0.09589176567668277,-179.99990917176586,-0.0009665696380393205,10.858511209755767,0.19999998807907104,tilt,0.007644365748182114,0.21076066792258635,46.011386135692085,46.143464029529895,90.01601794671119,90.08532762033273,0.0,260.7463572790682,-0.39063560626534377,0.007644366053771279,0.21075929267382013,46.0113861168377,46.143464041585986,90.0160179082293,90.08532761856894,0.0,260.7466551554488,-0.3906356146460288,0.007644388203962793,0.21076066808247984,46.01138576650513,46.14346402707307,90.01601670486666,90.08532762272134,0.0,260.73962614377365,-0.3906343093347253,0.0076443885114229615,0.21075929193569778,46.0113857480446,46.14346403920494,90.01601666681127,90.08532762099834,0.0,260.7399240216902,-0.39063431725594455
6.78,0.09589176567668277,-179.99990917176535,-0.0009665696380365168,10.858511209756811,0.19999998807907104,tilt,0.007644365748182114,0.21076066824243922,46.011386135692085,46.14346402952273,90.01601794671119,90.08532762033566,0.0,260.7463572787595,-0.390635606237727,0.007644366053771279,0.21075929233625337,46.0113861168377,46.143464041585155,90.0160179082293,90.08532761856601,0.0,260.746655155772,-0.39063561464044994,0.007644388203962793,0.21076066834683202,46.01138576650513,46.14346402706477,90.01601670486666,90.08532762272422,0.0,260.7396261435178,-0.39063430930108556,0.0076443885114229615,0.21075929165909218,46.0113857480446,46.14346403920269,90.01601666681127,90.08532762099543,0.0,260.7399240219548,-0.3906343172461746
6.8,0.09589176567668277,-179.99990917176845,-0.0009665696380299406,10.858511209757634,0.19999998807907104,tilt,0.007644365748182114,0.21076066849476682,46.011386135692085,46.1434640295171,90.01601794671119,90.08532762033902,0.0,260.74635727852154,-0.3906356062136629,0.007644366053771279,0.21075929206985156,46.0113861168377,46.14346404158473,90.0160179082293,90.08532761856257,0.0,260.746655156022,-0.3906356146394785,0.007644388203962793,0.21076066855465955,46.01138576650513,46.143464027058315,90.01601670486666,90.08532762272746,0.0,260.7396261433225,-0.39063430927271936,0.0076443885114229615,0.21075929144157132,46.0113857480446,46.14346403920117,90.01601666681127,90.08532762099212,0.0,260.7399240221574,-0.3906343172416782
6.82,0.09589176567668277,-179.99990917174318,-0.0009665696380109448,10.858511209758246,0.19999998807907104,tilt,0.007644365748182114,0.2107606686635307,46.011386135692085,46.14346402950622,90.01601794671119,90.0853276203306,0.0,260.7463572783404,-0.3906356061924299,0.007644366053771279,0.21075929188987047,46.0113861168377,46.143464041590946,90.0160179082293,90.08532761857086,0.0,260.74665515621257,-0.3906356146416712,0.007644388203962793,0.21076066868668059,46.01138576650513,46.14346402704715,90.01601670486666,90.08532762271946,0.0,260.73962614317566,-0.39063430924843323,0.0076443885114229615,0.21075929130187013,46.0113857480446,46.143464039206314,90.01601666681127,90.08532762100005,0.0,260.73992402231005,-0.3906343172412896
6.84,0.09589176567668277,-179.99990917172238,-0.000966569638001963,10.858511209758673,0.19999998807907104,tilt,0.007644365748182114,0.2107606687892637,46.011386135692085,46.14346402949626,90.01601794671119,90.08532762032496,0.0,260.74635727820345,-0.39063560616750537,0.007644366053771279,0.21075929175525995,46.0113861168377,46.143464041597454,90.0160179082293,90.08532761857647,0.0,260.74665515635724,-0.3906356146522183,0.007644388203962793,0.21076066878273017,46.01138576650513,46.14346402703701,90.01601670486666,90.08532762271412,0.0,260.7396261430665,-0.3906343092213993,0.0076443885114229615,0.21075929119978054,46.0113857480446,46.14346403921198,90.01601666681127,90.08532762100545,0.0,260.7399240224241,-0.39063431724969955
6.86,0.09589176567668277,-179.99990917172596,-0.0009665696380068998,10.858511209759278,0.19999998807907104,tilt,0.007644365748182114,0.2107606689155837,46.011386135692085,46.14346402949416,90.01601794671119,90.0853276203246,0.0,260.746357278099,-0.39063560616300896,0.007644366053771279,0.21075929162193124,46.0113861168377,46.14346404159704,90.0160179082293,90.08532761857688,0.0,260.7466551564682,-0.3906356146461676,0.007644388203962793,0.21076066888629735,46.01138576650513,46.143464027034504,90.01601670486666,90.08532762271375,0.0,260.73962614298364,-0.39063430921473796,0.0076443885114229615,0.21075929109145133,46.0113857480446,46.14346403921114,90.01601666681127,90.08532762100582,0.0,260.7399240225109,-0.3906343172425941
6.88,0.09589176567668277,-179.99990917174614,-0.0009665696380228718,10.858511209759548,0.19999998807907104,tilt,0.007644365748182114,0.21076066901551876,46.011386135692085,46.14346402949221,90.01601794671119,90.08532762031949,0.0,260.74635727799705,-0.3906356061691152,0.007644366053771279,0.21075929151648254,46.0113861168377,46.14346404159723,90.0160179082293,90.08532761858208,0.0,260.74665515657466,-0.3906356146324286,0.007644388203962793,0.21076066896775986,46.01138576650513,46.14346402703229,90.01601670486666,90.08532762270889,0.0,260.7396261428987,-0.390634309218707,0.0076443885114229615,0.21075929100624266,46.0113857480446,46.1434640392109,90.01601666681127,90.08532762101073,0.0,260.7399240225984,-0.3906343172283555
6.9,0.09589176567668277,-179.9999091717647,-0.0009665696380318058,10.858511209759774,0.19999998807907104,tilt,0.007644365748182114,0.21076066912217958,46.011386135692085,46.14346402949655,90.01601794671119,90.08532762032824,0.0,260.7463572779136,-0.3906356061699756,0.007644366053771279,0.21075929140543656,46.0113861168377,46.1434640415915,90.0160179082293,90.08532761857334,0.0,260.74665515666175,-0.3906356146257395,0.007644388203962793,0.21076066906054358,46.01138576650513,46.14346402703616,90.01601670486666,90.08532762271727,0.0,260.739626142829,-0.39063430921806863,0.0076443885114229615,0.2107592909104704,46.0113857480446,46.1434640392051,90.01601666681127,90.0853276210023,0.0,260.7399240226702,-0.3906343172210558
6.92,0.09589176567668277,-179.99990917175623,-0.0009665696380271013,10.858511209759932,0.19999998807907104,tilt,0.007644365748182114,0.21076066917903466,46.011386135692085,46.14346402949417,90.01601794671119,90.08532762032796,0.0,260.74635727785034,-0.39063560616234283,0.007644366053771279,0.21075929134508622,46.0113861168377,46.14346404159278,90.0160179082293,90.08532761857361,0.0,260.7466551567281,-0.39063561462876484,0.007644388203962793,0.2107606691052913,46.01138576650513,46.143464027033716,90.01601670486666,90.08532762271699,0.0,260.73962614277747,-0.39063430920988074,0.0076443885114229615,0.21075929086336012,46.0113857480446,46.14346403920606,90.01601666681127,90.08532762100253,0.0,260.7399240227239,-0.39063431722322073
6.94,0.09589176567668277,-179.99990917175361,-0.0009665696380279118,10.858511209760096,0.19999998807907104,tilt,0.007644365748182114,0.21076066922073708,46.011386135692085,46.14346402949182,90.01601794671119,90.08532762032998,0.0,260.7463572778072,-0.3906356061492977,0.007644366053771279,0.21075929130060994,46.0113861168377,46.14346404159433,90.0160179082293,90.08532761857154,0.0,260.74665515677384,-0.39063561463870133,0.007644388203962793,0.2107606691372465,46.01138576650513,46.14346402703128,90.01601670486666,90.08532762271898,0.0,260.73962614274365,-0.3906343091962805,0.0076443885114229615,0.21075929082953015,46.0113857480446,46.14346403920737,90.01601666681127,90.08532762100053,0.0,260.7399240227592,-0.3906343172322968
6.96,0.09589176567668277,-179.99990917175572,-0.000966569638021771,10.858511209760165,0.19999998807907104,tilt,0.007644365748182114,0.2107606692518228,46.011386135692085,46.14346402948971,90.01601794671119,90.08532762033285,0.0,260.7463572777806,-0.3906356061349203,0.007644366053771279,0.21075929126728143,46.0113861168377,46.14346404159572,90.0160179082293,90.08532761856857,0.0,260.74665515680203,-0.3906356146502199,0.007644388203962793,0.21076066916056493,46.01138576650513,46.143464027029125,90.01601670486666,90.08532762272176,0.0,260.73962614272483,-0.3906343091817921,0.0076443885114229615,0.21075929080470301,46.0113857480446,46.143464039208574,90.01601666681127,90.08532762099779,0.0,260.7399240227788,-0.3906343172426774
6.98,0.09589176567668277,-179.99990917177624,-0.000966569638015935,10.858511209760202,0.19999998807907104,tilt,0.007644365748182114,0.21076066930976076,46.011386135692085,46.14346402949496,90.01601794671119,90.08532762033985,0.0,260.7463572777544,-0.39063560614222004,0.007644366053771279,0.2107592912075403,46.0113861168377,46.143464041589894,90.0160179082293,90.08532761856155,0.0,260.7466551568303,-0.39063561464061647,0.007644388203962793,0.21076066921349454,46.01138576650513,46.14346402703403,90.01601670486666,90.08532762272846,0.0,260.73962614270374,-0.3906343091881759,0.0076443885114229615,0.21075929075056704,46.0113857480446,46.14346403920296,90.01601666681127,90.08532762099104,0.0,260.73992402280123,-0.39063431723351805
7.0,0.09589176567668277,-179.99990917175163,-0.0009665696380123352,10.858511209760243,0.19999998807907104,tilt,0.007644365748182114,0.21076066932867907,46.011386135692085,46.143464029493096,90.01601794671119,90.08532762033158,0.0,260.7463572777212,-0.3906356061537386,0.007644366053771279,0.21075929118722514,46.0113861168377,46.143464041591415,90.0160179082293,90.0853276185698,0.0,260.7466551568647,-0.3906356146276546,0.007644388203962793,0.2107606692272284,46.01138576650513,46.14346402703225,90.01601670486666,90.08532762272057,0.0,260.73962614267464,-0.3906343091989728,0.0076443885114229615,0.21075929073591707,46.0113857480446,46.143464039204325,90.01601666681127,90.08532762099895,0.0,260.739924022831,-0.3906343172209725
7.0200000000000005,0.09589176567668277,-179.99990917172602,-0.0009665696380038012,10.858511209760511,0.19999998807907104,tilt,0.007644365748182114,0.21076066933588034,46.011386135692085,46.14346402948988,90.01601794671119,90.08532762032478,0.0,260.74635727769487,-0.39063560615601456,0.007644366053771279,0.21075929117888026,46.0113861168377,46.14346404159427,90.0160179082293,90.08532761857649,0.0,260.74665515689225,-0.39063561462412966,0.007644388203962793,0.21076066922995235,46.01138576650513,46.143464027029204,90.01601670486666,90.08532762271412,0.0,260.7396261426521,-0.39063430920105446,0.0076443885114229615,0.21075929073244273,46.0113857480446,46.143464039207004,90.01601666681127,90.08532762100533,0.0,260.7399240228545,-0.3906343172174198
7.04,0.09589176567668277,-179.99990917173585,-0.0009665696380078605,10.858511209760515,0.19999998807907104,tilt,0.007644365748182114,0.21076066933351886,46.011386135692085,46.14346402948566,90.01601794671119,90.08532762031702,0.0,260.74635727767856,-0.39063560615615334,0.007644366053771279,0.21075929118036021,46.0113861168377,46.143464041598286,90.0160179082293,90.08532761858439,0.0,260.74665515690873,-0.39063561462282514,0.007644388203962793,0.21076066922376704,46.01138576650513,46.14346402702516,90.01601670486666,90.0853276227066,0.0,260.7396261426391,-0.39063430920124875,0.0076443885114229615,0.2107592907380595,46.0113857480446,46.143464039210805,90.01601666681127,90.0853276210129,0.0,260.7399240228676,-0.3906343172161708
7.0600000000000005,0.09589176567668277,-179.99990917175128,-0.0009665696380102077,10.858511209760554,0.19999998807907104,tilt,0.007644365748182114,0.21076066935590665,46.011386135692085,46.143464029487724,90.01601794671119,90.085327620324,0.0,260.7463572776734,-0.3906356061494365,0.007644366053771279,0.21075929115727163,46.0113861168377,46.143464041596054,90.0160179082293,90.08532761857738,0.0,260.7466551569145,-0.39063561462893137,0.007644388203962793,0.21076066924406514,46.01138576650513,46.14346402702711,90.01601670486666,90.08532762271331,0.0,260.7396261426364,-0.39063430919475395,0.0076443885114229615,0.21075929071730154,46.0113857480446,46.143464039208666,90.01601666681127,90.08532762100617,0.0,260.7399240228706,-0.3906343172219162
7.08,0.09589176567668277,-179.999909171771,-0.0009665696380135927,10.858511209760538,0.19999998807907104,tilt,0.007644365748182114,0.21076066937709123,46.011386135692085,46.14346402949033,90.01601794671119,90.08532762033185,0.0,260.74635727767566,-0.39063560614302495,0.007644366053771279,0.2107592911355448,46.0113861168377,46.14346404159338,90.0160179082293,90.08532761856966,0.0,260.7466551569124,-0.39063561463476004,0.007644388203962793,0.21076066926379786,46.01138576650513,46.14346402702953,90.01601670486666,90.08532762272078,0.0,260.73962614264076,-0.39063430918831465,0.0076443885114229615,0.2107592906972194,46.0113857480446,46.143464039206116,90.01601666681127,90.08532762099871,0.0,260.7399240228669,-0.39063431722777264
7.1000000000000005,0.09589176567668277,-179.99990917177385,-0.0009665696380226002,10.858511209760492,0.19999998807907104,tilt,0.007644365748182114,0.21076066939986032,46.011386135692085,46.14346402949337,90.01601794671119,90.08532762033379,0.0,260.74635727766145,-0.39063560615171244,0.007644366053771279,0.21075929111236935,46.0113861168377,46.14346404159035,90.0160179082293,90.08532761856786,0.0,260.7466551569273,-0.39063561462576724,0.007644388203962793,0.21076066928547849,46.01138576650513,46.14346402703244,90.01601670486666,90.08532762272259,0.0,260.7396261426278,-0.3906343091968356,0.0076443885114229615,0.21075929067526836,46.0113857480446,46.143464039203174,90.01601666681127,90.08532762099695,0.0,260.73992402288,-0.39063431721908515
7.12,0.09589176567668277,-179.99990917177144,-0.0009665696380371543,10.85851120976048,0.19999998807907104,tilt,0.007644365748182114,0.2107606694174387,46.011386135692085,46.143464029495625,90.01601794671119,90.08532762033673,0.0,260.74635727764206,-0.39063560615476556,0.007644366053771279,0.21075929109453034,46.0113861168377,46.143464041588224,90.0160179082293,90.08532761856502,0.0,260.7466551569469,-0.3906356146229917,0.007644388203962793,0.21076066930201295,46.01138576650513,46.14346402703454,90.01601670486666,90.08532762272542,0.0,260.73962614260944,-0.39063430919950015,0.0076443885114229615,0.21075929065854904,46.0113857480446,46.14346403920105,90.01601666681127,90.08532762099422,0.0,260.7399240228982,-0.3906343172161153
7.140000000000001,0.09589176567668277,-179.99990917177027,-0.0009665696380355221,10.858511209760506,0.19999998807907104,tilt,0.007644365748182114,0.21076066942957353,46.011386135692085,46.14346402949698,90.01601794671119,90.08532762033934,0.0,260.74635727763103,-0.39063560615476556,0.007644366053771279,0.2107592910821378,46.0113861168377,46.14346404158684,90.0160179082293,90.08532761856226,0.0,260.74665515695835,-0.39063561462326923,0.007644388203962793,0.21076066931327309,46.01138576650513,46.14346402703584,90.01601670486666,90.08532762272793,0.0,260.7396261425994,-0.39063430919938913,0.0076443885114229615,0.21075929064709817,46.0113857480446,46.143464039199664,90.01601666681127,90.08532762099163,0.0,260.7399240229085,-0.39063431721594877
7.16,0.09589176567668277,-179.99990917173932,-0.0009665696380203839,10.858511209760463,0.19999998807907104,tilt,0.007644365748182114,0.21076066940688695,46.011386135692085,46.14346402949115,90.01601794671119,90.08532762032863,0.0,260.7463572776306,-0.39063560615440474,0.007644366053771279,0.21075929110456482,46.0113861168377,46.14346404159253,90.0160179082293,90.08532761857288,0.0,260.74665515695915,-0.39063561462318597,0.007644388203962793,0.21076066928879802,46.01138576650513,46.14346402703026,90.01601670486666,90.08532762271771,0.0,260.73962614259983,-0.390634309198834,0.0076443885114229615,0.21075929067139915,46.0113857480446,46.14346403920507,90.01601666681127,90.08532762100177,0.0,260.73992402290855,-0.390634317215921
7.18,0.09589176567668277,-179.99990917171218,-0.0009665696380149901,10.858511209760673,0.19999998807907104,tilt,0.007644365748182114,0.2107606693792496,46.011386135692085,46.143464029484655,90.01601794671119,90.0853276203205,0.0,260.7463572776366,-0.3906356061453564,0.007644366053771279,0.2107592911320084,46.0113861168377,46.14346404159894,90.0160179082293,90.08532761858092,0.0,260.74665515695324,-0.39063561463206775,0.007644388203962793,0.21076066925944162,46.01138576650513,46.14346402702402,90.01601670486666,90.08532762270988,0.0,260.739626142607,-0.39063430919020203,0.0076443885114229615,0.21075929070062874,46.0113857480446,46.143464039211196,90.01601666681127,90.08532762100951,0.0,260.73992402290145,-0.390634317224442
7.2,0.09589176567668277,-179.9999091717214,-0.0009665696380082228,10.858511209760668,0.19999998807907104,tilt,0.007644365748182114,0.21076066934872895,46.011386135692085,46.143464029477784,90.01601794671119,90.08532762031187,0.0,260.74635727764786,-0.39063560613589177,0.007644366053771279,0.21075929116233338,46.0113861168377,46.14346404160565,90.0160179082293,90.08532761858943,0.0,260.74665515694215,-0.3906356146412271,0.007644388203962793,0.21076066922734252,46.01138576650513,46.14346402701743,90.01601670486666,90.08532762270167,0.0,260.7396261426192,-0.39063430918082065,0.0076443885114229615,0.21075929073260802,46.0113857480446,46.143464039217655,90.01601666681127,90.08532762101767,0.0,260.7399240228894,-0.390634317233296
7.22,0.09589176567668277,-179.99990917175404,-0.0009665696380162901,10.858511209760636,0.19999998807907104,tilt,0.007644365748182114,0.21076066938217497,46.011386135692085,46.143464029484726,90.01601794671119,90.0853276203228,0.0,260.7463572776544,-0.39063560614058246,0.007644366053771279,0.2107592911288071,46.0113861168377,46.14346404159876,90.0160179082293,90.08532761857865,0.0,260.7466551569363,-0.3906356146363421,0.007644388203962793,0.21076066926166068,46.01138576650513,46.14346402702404,90.01601670486666,90.08532762271207,0.0,260.73962614262564,-0.39063430918537256,0.0076443885114229615,0.21075929069824634,46.0113857480446,46.14346403921111,90.01601666681127,90.08532762100737,0.0,260.73992402288343,-0.39063431722877184
7.24,0.09589176567668277,-179.9999091717749,-0.0009665696380244245,10.858511209760614,0.19999998807907104,tilt,0.007644365748182114,0.2107606694164562,46.011386135692085,46.14346402949168,90.01601794671119,90.08532762033225,0.0,260.7463572776437,-0.3906356061486871,0.007644366053771279,0.21075929109448488,46.0113861168377,46.14346404159194,90.0160179082293,90.0853276185693,0.0,260.74665515694664,-0.3906356146285428,0.007644388203962793,0.21076066929672463,46.01138576650513,46.14346402703067,90.01601670486666,90.08532762272114,0.0,260.73962614261495,-0.3906343091930331,0.0076443885114229615,0.21075929066315915,46.0113857480446,46.14346403920456,90.01601666681127,90.0853276209984,0.0,260.7399240228938,-0.39063431722113906
7.26,0.09589176567668277,-179.99990917176405,-0.0009665696380252243,10.858511209760579,0.19999998807907104,tilt,0.007644365748182114,0.21076066941643065,46.011386135692085,46.143464029491355,90.01601794671119,90.08532762033144,0.0,260.7463572776332,-0.39063560614915893,0.007644366053771279,0.21075929109447722,46.0113861168377,46.14346404159233,90.0160179082293,90.08532761857018,0.0,260.74665515695693,-0.39063561462818197,0.007644388203962793,0.21076066929628515,46.01138576650513,46.14346402703038,90.01601670486666,90.08532762272037,0.0,260.73962614260466,-0.3906343091936715,0.0076443885114229615,0.21075929066358265,46.0113857480446,46.14346403920491,90.01601666681127,90.08532762099921,0.0,260.7399240229037,-0.390634317220806
7.28,0.09589176567668277,-179.99990917175768,-0.0009665696380189234,10.858511209760582,0.19999998807907104,tilt,0.007644365748182114,0.21076066941235988,46.011386135692085,46.1434640294903,90.01601794671119,90.08532762033256,0.0,260.7463572776303,-0.3906356061422478,0.007644366053771279,0.2107592910984701,46.0113861168377,46.1434640415933,90.0160179082293,90.08532761856894,0.0,260.74665515695995,-0.39063561463506535,0.007644388203962793,0.21076066929179665,46.01138576650513,46.14346402702938,90.01601670486666,90.08532762272145,0.0,260.7396261426025,-0.39063430918687136,0.0076443885114229615,0.21075929066801993,46.0113857480446,46.14346403920583,90.01601666681127,90.08532762099802,0.0,260.7399240229061,-0.3906343172274118
7.3,0.09589176567668277,-179.99990917175543,-0.0009665696380173869,10.858511209760543,0.19999998807907104,tilt,0.007644365748182114,0.21076066940612073,46.011386135692085,46.14346402948897,90.01601794671119,90.08532762033417,0.0,260.7463572776362,-0.39063560613297743,0.007644366053771279,0.21075929110465108,46.0113861168377,46.14346404159456,90.0160179082293,90.08532761856732,0.0,260.7466551569539,-0.39063561464405816,0.007644388203962793,0.21076066928521076,46.01138576650513,46.143464027028124,90.01601670486666,90.08532762272304,0.0,260.7396261426086,-0.3906343091780451,0.0076443885114229615,0.2107592906745725,46.0113857480446,46.14346403920705,90.01601666681127,90.08532762099647,0.0,260.73992402289974,-0.39063431723612707
7.32,0.09589176567668277,-179.99990917175575,-0.0009665696380173904,10.858511209760517,0.19999998807907104,tilt,0.007644365748182114,0.21076066939921062,46.011386135692085,46.14346402948768,90.01601794671119,90.08532762033548,0.0,260.7463572776485,-0.39063560612459525,0.007644366053771279,0.2107592911115027,46.0113861168377,46.143464041595784,90.0160179082293,90.08532761856598,0.0,260.7466551569415,-0.3906356146522738,0.007644388203962793,0.2107606692780567,46.01138576650513,46.14346402702686,90.01601670486666,90.08532762272431,0.0,260.7396261426213,-0.39063430916982944,0.0076443885114229615,0.21075929068168617,46.0113857480446,46.14346403920824,90.01601666681127,90.08532762099523,0.0,260.739924022887,-0.3906343172438431
7.34,0.09589176567668277,-179.99990917173648,-0.000966569638018414,10.85851120976067,0.19999998807907104,tilt,0.007644365748182114,0.2107606693956614,46.011386135692085,46.14346402948672,90.01601794671119,90.08532762032577,0.0,260.74635727765025,-0.3906356061424421,0.007644366053771279,0.2107592911150277,46.0113861168377,46.14346404159679,90.0160179082293,90.08532761857573,0.0,260.7466551569405,-0.39063561463451024,0.007644388203962793,0.2107606692743071,46.01138576650513,46.14346402702594,90.01601670486666,90.08532762271496,0.0,260.73962614262246,-0.3906343091869824,0.0076443885114229615,0.2107592906854168,46.0113857480446,46.14346403920919,90.01601666681127,90.08532762100462,0.0,260.7399240228864,-0.39063431722677344
7.36,0.09589176567668277,-179.99990917174134,-0.0009665696380279967,10.858511209760657,0.19999998807907104,tilt,0.007644365748182114,0.21076066938631488,46.011386135692085,46.14346402948439,90.01601794671119,90.08532762031683,0.0,260.74635727763666,-0.39063560615271165,0.007644366053771279,0.2107592911244035,46.0113861168377,46.14346404159926,90.0160179082293,90.08532761858469,0.0,260.74665515695375,-0.3906356146247125,0.007644388203962793,0.21076066926436213,46.01138576650513,46.1434640270237,90.01601670486666,90.08532762270639,0.0,260.7396261426088,-0.39063430919680786,0.0076443885114229615,0.21075929069537752,46.0113857480446,46.1434640392115,90.01601666681127,90.08532762101319,0.0,260.7399240228998,-0.3906343172172255
7.38,0.09589176567668277,-179.99990917174952,-0.0009665696380226133,10.85851120976066,0.19999998807907104,tilt,0.007644365748182114,0.21076066940147317,46.011386135692085,46.14346402948738,90.01601794671119,90.08532762032272,0.0,260.7463572776288,-0.3906356061521288,0.007644366053771279,0.2107592911092195,46.0113861168377,46.14346404159622,90.0160179082293,90.08532761857873,0.0,260.7466551569617,-0.3906356146252954,0.007644388203962793,0.21076066927987178,46.01138576650513,46.143464027026575,90.01601670486666,90.08532762271201,0.0,260.739626142601,-0.39063430919636377,0.0076443885114229615,0.21075929067984395,46.0113857480446,46.14346403920857,90.01601666681127,90.08532762100745,0.0,260.73992402290764,-0.39063431721769737
7.4,0.09589176567668277,-179.99990917176245,-0.0009665696380159046,10.85851120976065,0.19999998807907104,tilt,0.007644365748182114,0.21076066941480956,46.011386135692085,46.14346402949011,90.01601794671119,90.0853276203294,0.0,260.74635727762944,-0.3906356061486316,0.007644366053771279,0.2107592910958302,46.0113861168377,46.14346404159335,90.0160179082293,90.08532761857198,0.0,260.74665515696125,-0.3906356146283485,0.007644388203962793,0.21076066929362614,46.01138576650513,46.1434640270292,90.01601670486666,90.08532762271847,0.0,260.73962614260165,-0.3906343091929221,0.0076443885114229615,0.210759290666056,46.0113857480446,46.14346403920587,90.01601666681127,90.08532762100101,0.0,260.739924022907,-0.390634317220806
7.42,0.09589176567668277,-179.99990917174964,-0.0009665696380114887,10.858511209760609,0.19999998807907104,tilt,0.007644365748182114,0.21076066939629798,46.011386135692085,46.14346402948626,90.01601794671119,90.08532762032702,0.0,260.74635727763535,-0.3906356061376959,0.007644366053771279,0.21075929111429925,46.0113861168377,46.14346404159712,90.0160179082293,90.08532761857435,0.0,260.74665515695517,-0.39063561463895113,0.007644388203962793,0.21076066927446394,46.01138576650513,46.14346402702555,90.01601670486666,90.08532762271619,0.0,260.73962614260813,-0.3906343091826803,0.0076443885114229615,0.2107592906852011,46.0113857480446,46.1434640392095,90.01601666681127,90.08532762100332,0.0,260.7399240229004,-0.39063431723096453
7.44,0.09589176567668277,-179.9999091717675,-0.0009665696380223984,10.858511209760591,0.19999998807907104,tilt,0.007644365748182114,0.2107606694100572,46.011386135692085,46.14346402948945,90.01601794671119,90.08532762033363,0.0,260.7463572776458,-0.3906356061362526,0.007644366053771279,0.210759291100556,46.0113861168377,46.14346404159401,90.0160179082293,90.08532761856785,0.0,260.7466551569449,-0.39063561464050545,0.007644388203962793,0.21076066928883241,46.01138576650513,46.14346402702854,90.01601670486666,90.0853276227225,0.0,260.7396261426186,-0.3906343091810427,0.0076443885114229615,0.2107592906708427,46.0113857480446,46.14346403920654,90.01601666681127,90.08532762099706,0.0,260.7399240228904,-0.39063431723257436
7.46,0.09589176567668277,-179.99990917176865,-0.0009665696380300848,10.858511209760522,0.19999998807907104,tilt,0.007644365748182114,0.2107606694249933,46.011386135692085,46.14346402949251,90.01601794671119,90.08532762033636,0.0,260.7463572776361,-0.39063560614308046,0.007644366053771279,0.21075929108562416,46.0113861168377,46.143464041590974,90.0160179082293,90.08532761856515,0.0,260.74665515695443,-0.39063561463376084,0.007644388203962793,0.21076066930420606,46.01138576650513,46.143464027031456,90.01601670486666,90.08532762272512,0.0,260.7396261426085,-0.39063430918750974,0.0076443885114229615,0.2107592906554528,46.0113857480446,46.143464039203614,90.01601666681127,90.08532762099442,0.0,260.73992402290014,-0.39063431722613506
7.48,0.09589176567668277,-179.99990917176487,-0.0009665696380284798,10.858511209760493,0.19999998807907104,tilt,0.007644365748182114,0.21076066943581406,46.011386135692085,46.14346402949465,90.01601794671119,90.0853276203381,0.0,260.7463572776249,-0.390635606148132,0.007644366053771279,0.21075929107483157,46.0113861168377,46.14346404158892,90.0160179082293,90.08532761856348,0.0,260.7466551569655,-0.3906356146287926,0.007644388203962793,0.21076066931525586,46.01138576650513,46.1434640270335,90.01601670486666,90.08532762272681,0.0,260.73962614259716,-0.39063430919236697,0.0076443885114229615,0.21075929064442062,46.0113857480446,46.143464039201625,90.01601666681127,90.08532762099277,0.0,260.73992402291134,-0.3906343172214166
7.5,0.09589176567668277,-179.99990917172863,-0.0009665696380193083,10.858511209760698,0.19999998807907104,tilt,0.007644365748182114,0.21076066941172716,46.011386135692085,46.14346402948925,90.01601794671119,90.08532762032473,0.0,260.74635727762376,-0.39063560615551496,0.007644366053771279,0.21075929109890348,46.0113861168377,46.14346404159429,90.0160179082293,90.08532761857671,0.0,260.7466551569668,-0.39063561462168717,0.007644388203962793,0.21076066929020654,46.01138576650513,46.14346402702835,90.01601670486666,90.08532762271399,0.0,260.7396261425959,-0.39063430919944464,0.0076443885114229615,0.21075929066946114,46.0113857480446,46.14346403920674,90.01601666681127,90.08532762100552,0.0,260.7399240229128,-0.3906343172143667
7.5200000000000005,0.09589176567668277,-179.99990917172832,-0.0009665696380128794,10.858511209760685,0.19999998807907104,tilt,0.007644365748182114,0.21076066938163468,46.011386135692085,46.14346402948265,90.01601794671119,90.08532762031356,0.0,260.7463572776251,-0.3906356061528782,0.007644366053771279,0.21075929112894617,46.0113861168377,46.143464041600765,90.0160179082293,90.0853276185877,0.0,260.74665515696546,-0.3906356146242407,0.007644388203962793,0.21076066925899284,46.01138576650513,46.14346402702208,90.01601670486666,90.08532762270335,0.0,260.73962614259756,-0.39063430919680786,0.0076443885114229615,0.21075929070064683,46.0113857480446,46.14346403921294,90.01601666681127,90.08532762101606,0.0,260.7399240229111,-0.3906343172167537
7.54,0.09589176567668277,-179.99990917173503,-0.0009665696380198944,10.85851120976066,0.19999998807907104,tilt,0.007644365748182114,0.2107606693785287,46.011386135692085,46.14346402948217,90.01601794671119,90.08532762031818,0.0,260.7463572776339,-0.3906356061404437,0.007644366053771279,0.21075929113206465,46.0113861168377,46.143464041601256,90.0160179082293,90.08532761858324,0.0,260.74665515695636,-0.39063561463636987,0.007644388203962793,0.21076066925582657,46.01138576650513,46.143464027021615,90.01601670486666,90.08532762270772,0.0,260.73962614260677,-0.390634309185095,0.0076443885114229615,0.21075929070382146,46.0113857480446,46.143464039213406,90.01601666681127,90.0853276210117,0.0,260.7399240229018,-0.3906343172284943
7.5600000000000005,0.09589176567668277,-179.99990917174745,-0.000966569638028505,10.85851120976065,0.19999998807907104,tilt,0.007644365748182114,0.21076066937692073,46.011386135692085,46.14346402948223,90.01601794671119,90.08532762032414,0.0,260.7463572776489,-0.39063560612720427,0.007644366053771279,0.21075929113368147,46.0113861168377,46.14346404160119,90.0160179082293,90.08532761857732,0.0,260.7466551569419,-0.39063561464944274,0.007644388203962793,0.21076066925430828,46.01138576650513,46.14346402702161,90.01601670486666,90.08532762271336,0.0,260.7396261426222,-0.39063430917232744,0.0076443885114229615,0.210759290705331,46.0113857480446,46.14346403921338,90.01601666681127,90.08532762100603,0.0,260.73992402288684,-0.39063431724131736
7.58,0.09589176567668277,-179.999909171778,-0.0009665696380403921,10.858511209760595,0.19999998807907104,tilt,0.007644365748182114,0.21076066941192687,46.011386135692085,46.14346402948993,90.01601794671119,90.08532762033477,0.0,260.74635727765207,-0.3906356061356975,0.007644366053771279,0.21075929109874478,46.0113861168377,46.14346404159369,90.0160179082293,90.08532761856691,0.0,260.7466551569383,-0.3906356146412826,0.007644388203962793,0.21076066929067483,46.01138576650513,46.143464027028884,90.01601670486666,90.08532762272351,0.0,260.7396261426249,-0.39063430918018227,0.0076443885114229615,0.21075929066899873,46.0113857480446,46.1434640392062,90.01601666681127,90.08532762099603,0.0,260.7399240228837,-0.390634317233407
7.6000000000000005,0.09589176567668277,-179.99990917176726,-0.0009665696380384976,10.858511209760564,0.19999998807907104,tilt,0.007644365748182114,0.21076066941481506,46.011386135692085,46.14346402949048,90.01601794671119,90.08532762033335,0.0,260.74635727764115,-0.3906356061412486,0.007644366053771279,0.21075929109588434,46.0113861168377,46.14346404159319,90.0160179082293,90.08532761856826,0.0,260.7466551569493,-0.3906356146360923,0.007644388203962793,0.2107606692935656,46.01138576650513,46.14346402702944,90.01601670486666,90.0853276227222,0.0,260.73962614261376,-0.39063430918551134,0.0076443885114229615,0.2107592906661178,46.0113857480446,46.14346403920567,90.01601666681127,90.08532762099732,0.0,260.73992402289474,-0.390634317228189
7.62,0.09589176567668277,-179.9999091717576,-0.0009665696380258241,10.858511209760593,0.19999998807907104,tilt,0.007644365748182114,0.21076066941306332,46.011386135692085,46.14346402949,90.01601794671119,90.08532762033352,0.0,260.74635727763354,-0.3906356061388061,0.007644366053771279,0.2107592910975792,46.0113861168377,46.14346404159352,90.0160179082293,90.08532761856789,0.0,260.74665515695705,-0.39063561463831276,0.007644388203962793,0.21076066929166842,46.01138576650513,46.14346402702901,90.01601670486666,90.08532762272239,0.0,260.73962614260637,-0.3906343091832354,0.0076443885114229615,0.21075929066796775,46.0113857480446,46.14346403920595,90.01601666681127,90.085327620997,0.0,260.7399240229024,-0.3906343172301874
7.640000000000001,0.09589176567668277,-179.9999091717508,-0.0009665696380189834,10.858511209760506,0.19999998807907104,tilt,0.007644365748182114,0.21076066940781935,46.011386135692085,46.14346402948894,90.01601794671119,90.08532762033371,0.0,260.74635727763473,-0.3906356061339211,0.007644366053771279,0.21075929110279848,46.0113861168377,46.143464041594534,90.0160179082293,90.08532761856772,0.0,260.7466551569557,-0.39063561464300345,0.007644388203962793,0.21076066928624793,46.01138576650513,46.14346402702801,90.01601670486666,90.08532762272263,0.0,260.7396261426077,-0.3906343091784614,0.0076443885114229615,0.21075929067338414,46.0113857480446,46.14346403920696,90.01601666681127,90.08532762099688,0.0,260.739924022901,-0.39063431723476705
7.66,0.09589176567668277,-179.99990917171425,-0.0009665696380132396,10.858511209760708,0.19999998807907104,tilt,0.007644365748182114,0.21076066937048468,46.011386135692085,46.14346402948106,90.01601794671119,90.08532762031966,0.0,260.74635727764615,-0.39063560613228354,0.007644366053771279,0.2107592911401127,46.0113861168377,46.14346404160237,90.0160179082293,90.08532761858167,0.0,260.7466551569443,-0.390635614644641,0.007644388203962793,0.21076066924765707,46.01138576650513,46.1434640270205,90.01601670486666,90.08532762270916,0.0,260.7396261426193,-0.3906343091769904,0.0076443885114229615,0.21075929071197344,46.0113857480446,46.143464039214486,90.01601666681127,90.08532762101031,0.0,260.73992402288934,-0.3906343172362936
7.68,0.09589176567668277,-179.99990917174102,-0.0009665696380162052,10.858511209760689,0.19999998807907104,tilt,0.007644365748182114,0.21076066936195,46.011386135692085,46.14346402947942,90.01601794671119,90.08532762031598,0.0,260.7463572776589,-0.3906356061336158,0.007644366053771279,0.21075929114863126,46.0113861168377,46.143464041603956,90.0160179082293,90.08532761858538,0.0,260.7466551569322,-0.3906356146430312,0.007644388203962793,0.2107606692389845,46.01138576650513,46.14346402701892,90.01601670486666,90.0853276227056,0.0,260.73962614263195,-0.3906343091783504,0.0076443885114229615,0.21075929072064542,46.0113857480446,46.14346403921606,90.01601666681127,90.08532762101385,0.0,260.73992402287735,-0.3906343172350446
7.7,0.09589176567668277,-179.9999091717524,-0.0009665696380250348,10.858511209760662,0.19999998807907104,tilt,0.007644365748182114,0.21076066938438137,46.011386135692085,46.14346402948412,90.01601794671119,90.08532762032121,0.0,260.7463572776512,-0.39063560614172044,0.007644366053771279,0.21075929112622624,46.0113861168377,46.143464041599366,90.0160179082293,90.08532761858027,0.0,260.7466551569394,-0.39063561463512086,0.007644388203962793,0.21076066926217873,46.01138576650513,46.14346402702339,90.01601670486666,90.0853276227106,0.0,260.7396261426238,-0.39063430918606645,0.0076443885114229615,0.21075929069746444,46.0113857480446,46.14346403921165,90.01601666681127,90.0853276210089,0.0,260.7399240228849,-0.39063431722757835
7.72,0.09589176567668277,-179.9999091717604,-0.000966569638029624,10.85851120976064,0.19999998807907104,tilt,0.007644365748182114,0.21076066940428714,46.011386135692085,46.1434640294882,90.01601794671119,90.08532762032745,0.0,260.7463572776386,-0.3906356061449401,0.007644366053771279,0.21075929110633557,46.0113861168377,46.143464041595315,90.0160179082293,90.08532761857408,0.0,260.7466551569517,-0.390635614631929,0.007644388203962793,0.21076066928265794,46.01138576650513,46.1434640270273,90.01601670486666,90.08532762271655,0.0,260.7396261426113,-0.39063430918920283,0.0076443885114229615,0.21075929067698662,46.0113857480446,46.14346403920772,90.01601666681127,90.0853276210029,0.0,260.73992402289736,-0.390634317224442
7.74,0.09589176567668277,-179.99990917177095,-0.000966569638033694,10.858511209760605,0.19999998807907104,tilt,0.007644365748182114,0.21076066942135774,46.011386135692085,46.14346402949176,90.01601794671119,90.08532762033397,0.0,260.7463572776329,-0.39063560614527315,0.007644366053771279,0.2107592910892953,46.0113861168377,46.14346404159181,90.0160179082293,90.08532761856766,0.0,260.7466551569573,-0.3906356146315959,0.007644388203962793,0.21076066930026577,46.01138576650513,46.14346402703072,90.01601670486666,90.08532762272279,0.0,260.7396261426055,-0.3906343091896747,0.0076443885114229615,0.21075929065939378,46.0113857480446,46.143464039204346,90.01601666681127,90.08532762099672,0.0,260.73992402290304,-0.3906343172239979
7.76,0.09589176567668277,-179.99990917175435,-0.0009665696380264801,10.858511209760573,0.19999998807907104,tilt,0.007644365748182114,0.21076066940520619,46.011386135692085,46.14346402948832,90.01601794671119,90.08532762033023,0.0,260.74635727763393,-0.3906356061391114,0.007644366053771279,0.21075929110543284,46.0113861168377,46.143464041595195,90.0160179082293,90.08532761857131,0.0,260.7466551569563,-0.3906356146376466,0.007644388203962793,0.2107606692835308,46.01138576650513,46.143464027027434,90.01601670486666,90.08532762271923,0.0,260.7396261426068,-0.3906343091837905,0.0076443885114229615,0.21075929067611987,46.0113857480446,46.14346403920759,90.01601666681127,90.08532762100023,0.0,260.7399240229017,-0.3906343172298543
7.78,0.09589176567668277,-179.99990917174324,-0.0009665696380233267,10.858511209760543,0.19999998807907104,tilt,0.007644365748182114,0.210760669386677,46.011386135692085,46.14346402948463,90.01601794671119,90.08532762032912,0.0,260.74635727764155,-0.3906356061260663,0.007644366053771279,0.21075929112397568,46.0113861168377,46.14346404159891,90.0160179082293,90.08532761857246,0.0,260.7466551569485,-0.39063561465080276,0.007644388203962793,0.21076066926441048,46.01138576650513,46.14346402702393,90.01601670486666,90.08532762271818,0.0,260.7396261426149,-0.39063430917127273,0.0076443885114229615,0.21075929069525992,46.0113857480446,46.143464039211196,90.01601666681127,90.08532762100134,0.0,260.73992402289343,-0.39063431724264963
7.8,0.09589176567668277,-179.9999091717566,-0.0009665696380219661,10.85851120976053,0.19999998807907104,tilt,0.007644365748182114,0.21076066940133972,46.011386135692085,46.14346402948791,90.01601794671119,90.08532762033347,0.0,260.7463572776502,-0.39063560613009085,0.007644366053771279,0.21075929110929129,46.0113861168377,46.143464041595585,90.0160179082293,90.08532761856809,0.0,260.7466551569406,-0.3906356146466117,0.007644388203962793,0.21076066927974724,46.01138576650513,46.14346402702703,90.01601670486666,90.0853276227223,0.0,260.7396261426233,-0.3906343091750475,0.0076443885114229615,0.21075929067990715,46.0113857480446,46.143464039208055,90.01601666681127,90.08532762099719,0.0,260.73992402288593,-0.3906343172386806
7.82,0.09589176567668277,-179.99990917175373,-0.0009665696380223658,10.85851120976046,0.19999998807907104,tilt,0.007644365748182114,0.2107606694151627,46.011386135692085,46.14346402949067,90.01601794671119,90.0853276203343,0.0,260.7463572776406,-0.39063560613988857,0.007644366053771279,0.21075929109547983,46.0113861168377,46.14346404159288,90.0160179082293,90.0853276185673,0.0,260.7466551569498,-0.39063561463695273,0.007644388203962793,0.21076066929398435,46.01138576650513,46.143464027029694,90.01601670486666,90.08532762272311,0.0,260.73962614261313,-0.39063430918456765,0.0076443885114229615,0.21075929066568322,46.0113857480446,46.143464039205455,90.01601666681127,90.08532762099647,0.0,260.73992402289525,-0.3906343172292992
7.84,0.09589176567668277,-179.99990917174532,-0.0009665696380167276,10.858511209760685,0.19999998807907104,tilt,0.007644365748182114,0.21076066939402607,46.011386135692085,46.14346402948575,90.01601794671119,90.0853276203179,0.0,260.74635727763285,-0.3906356061560978,0.007644366053771279,0.21075929111658698,46.0113861168377,46.14346404159775,90.0160179082293,90.0853276185835,0.0,260.74665515695773,-0.39063561462102103,0.007644388203962793,0.21076066927196516,46.01138576650513,46.14346402702502,90.01601670486666,90.08532762270747,0.0,260.739626142605,-0.39063430919994424,0.0076443885114229615,0.2107592906876919,46.0113857480446,46.14346403921012,90.01601666681127,90.08532762101203,0.0,260.73992402290366,-0.3906343172139781
7.86,0.09589176567668277,-179.99990917174281,-0.0009665696380180209,10.85851120976066,0.19999998807907104,tilt,0.007644365748182114,0.21076066939548604,46.011386135692085,46.14346402948588,90.01601794671119,90.08532762031976,0.0,260.7463572776276,-0.39063560615246185,0.007644366053771279,0.21075929111511968,46.0113861168377,46.143464041597596,90.0160179082293,90.08532761858164,0.0,260.74665515696273,-0.3906356146244905,0.007644388203962793,0.21076066927337916,46.01138576650513,46.14346402702519,90.01601670486666,90.08532762270923,0.0,260.7396261426001,-0.39063430919680786,0.0076443885114229615,0.2107592906862755,46.0113857480446,46.143464039209945,90.01601666681127,90.08532762101026,0.0,260.73992402290844,-0.3906343172172255
7.88,0.09589176567668277,-179.99990917174685,-0.0009665696380207621,10.858511209760655,0.19999998807907104,tilt,0.007644365748182114,0.21076066939506466,46.011386135692085,46.143464029485834,90.01601794671119,90.08532762032388,0.0,260.7463572776309,-0.39063560614302495,0.007644366053771279,0.21075929111552597,46.0113861168377,46.143464041597596,90.0160179082293,90.08532761857758,0.0,260.74665515695926,-0.3906356146336498,0.007644388203962793,0.2107606692729466,46.01138576650513,46.14346402702512,90.01601670486666,90.08532762271315,0.0,260.73962614260375,-0.390634309187593,0.0076443885114229615,0.21075929068669202,46.0113857480446,46.14346403920994,90.01601666681127,90.0853276210063,0.0,260.7399240229047,-0.39063431722607955
7.9,0.09589176567668277,-179.99990917175617,-0.0009665696380244711,10.858511209760604,0.19999998807907104,tilt,0.007644365748182114,0.21076066939472018,46.011386135692085,46.14346402948606,90.01601794671119,90.08532762032915,0.0,260.7463572776415,-0.3906356061320615,0.007644366053771279,0.21075929111589442,46.0113861168377,46.143464041597426,90.0160179082293,90.08532761857238,0.0,260.7466551569488,-0.3906356146447243,0.007644388203962793,0.210760669272699,46.01138576650513,46.1434640270253,90.01601670486666,90.0853276227182,0.0,260.7396261426148,-0.39063430917701814,0.0076443885114229615,0.2107592906869603,46.0113857480446,46.14346403920978,90.01601666681127,90.08532762100138,0.0,260.7399240228938,-0.3906343172365434
7.92,0.09589176567668277,-179.99990917178386,-0.0009665696380331271,10.858511209760584,0.19999998807907104,tilt,0.007644365748182114,0.21076066942989127,46.011386135692085,46.14346402949362,90.01601794671119,90.08532762033887,0.0,260.7463572776425,-0.3906356061420535,0.007644366053771279,0.2107592910807593,46.0113861168377,46.14346404158998,90.0160179082293,90.08532761856274,0.0,260.7466551569484,-0.3906356146348988,0.007644388203962793,0.21076066930920875,46.01138576650513,46.14346402703248,90.01601670486666,90.08532762272748,0.0,260.7396261426151,-0.39063430918651054,0.0076443885114229615,0.21075929065046733,46.0113857480446,46.143464039202655,90.01601666681127,90.08532762099213,0.0,260.7399240228939,-0.3906343172272453
7.94,0.09589176567668277,-179.9999091717689,-0.0009665696380295716,10.858511209760547,0.19999998807907104,tilt,0.007644365748182114,0.21076066943217692,46.011386135692085,46.143464029493884,90.01601794671119,90.08532762033562,0.0,260.74635727762944,-0.39063560615051895,0.007644366053771279,0.2107592910784836,46.0113861168377,46.143464041589745,90.0160179082293,90.08532761856597,0.0,260.74665515696086,-0.3906356146266554,0.007644388203962793,0.21076066931144494,46.01138576650513,46.14346402703276,90.01601670486666,90.08532762272436,0.0,260.7396261426019,-0.39063430919469844,0.0076443885114229615,0.2107592906482359,46.0113857480446,46.14346403920239,90.01601666681127,90.08532762099523,0.0,260.73992402290656,-0.39063431721908515
7.96,0.09589176567668277,-179.99990917175438,-0.0009665696380249926,10.858511209760499,0.19999998807907104,tilt,0.007644365748182114,0.21076066942880065,46.011386135692085,46.14346402949299,90.01601794671119,90.08532762033391,0.0,260.74635727761995,-0.3906356061506022,0.007644366053771279,0.21075929108186137,46.0113861168377,46.14346404159065,90.0160179082293,90.0853276185676,0.0,260.74665515697046,-0.39063561462676644,0.007644388203962793,0.21076066930781506,46.01138576650513,46.14346402703191,90.01601670486666,90.0853276227228,0.0,260.7396261425923,-0.39063430919469844,0.0076443885114229615,0.21075929065186716,46.0113857480446,46.14346403920323,90.01601666681127,90.08532762099676,0.0,260.7399240229162,-0.3906343172191129
7.98,0.09589176567668277,-179.99990917174225,-0.0009665696380157634,10.858511209760533,0.19999998807907104,tilt,0.007644365748182114,0.21076066942091545,46.011386135692085,46.14346402949119,90.01601794671119,90.08532762033184,0.0,260.7463572776202,-0.3906356061477434,0.007644366053771279,0.21075929108971325,46.0113861168377,46.14346404159235,90.0160179082293,90.08532761856956,0.0,260.74665515697035,-0.3906356146295975,0.007644388203962793,0.21076066929961215,46.01138576650513,46.14346402703021,90.01601670486666,90.0853276227208,0.0,260.7396261425929,-0.3906343091920339,0.0076443885114229615,0.21075929066005306,46.0113857480446,46.14346403920488,90.01601666681127,90.08532762099868,0.0,260.73992402291583,-0.39063431722183295
8.0,0.09589176567668277,-179.9999091717314,-0.0009665696380065963,10.85851120976069,0.19999998807907104,tilt,0.007644365748182114,0.21076066938033894,46.011386135692085,46.14346402948238,90.01601794671119,90.08532762031398,0.0,260.7463572776292,-0.39063560615076875,0.007644366053771279,0.21075929113021927,46.0113861168377,46.14346404160101,90.0160179082293,90.08532761858733,0.0,260.74665515696114,-0.39063561462607255,0.007644388203962793,0.21076066925763556,46.01138576650513,46.14346402702183,90.01601670486666,90.08532762270367,0.0,260.739626142602,-0.39063430919505926,0.0076443885114229615,0.2107592907019973,46.0113857480446,46.143464039213185,90.01601666681127,90.08532762101576,0.0,260.73992402290656,-0.390634317218419
8.02,0.09589176567668277,-179.99990917172826,-0.0009665696380016662,10.85851120976068,0.19999998807907104,tilt,0.007644365748182114,0.2107606693653143,46.011386135692085,46.14346402947938,90.01601794671119,90.08532762031483,0.0,260.74635727764,-0.39063560613622483,0.007644366053771279,0.2107592911451991,46.0113861168377,46.143464041603885,90.0160179082293,90.08532761858648,0.0,260.74665515695045,-0.39063561464020014,0.007644388203962793,0.21076066924217313,46.01138576650513,46.14346402701899,90.01601670486666,90.08532762270451,0.0,260.73962614261325,-0.39063430918118147,0.0076443885114229615,0.2107592907174471,46.0113857480446,46.143464039216006,90.01601666681127,90.08532762101488,0.0,260.7399240228956,-0.3906343172324078
8.040000000000001,0.09589176567668277,-179.99990917175504,-0.0009665696380110219,10.858511209760648,0.19999998807907104,tilt,0.007644365748182114,0.21076066938487445,46.011386135692085,46.143464029483916,90.01601794671119,90.08532762032402,0.0,260.7463572776531,-0.3906356061345595,0.007644366053771279,0.21075929112565006,46.0113861168377,46.143464041599444,90.0160179082293,90.08532761857734,0.0,260.7466551569378,-0.3906356146419765,0.007644388203962793,0.21076066926263204,46.01138576650513,46.14346402702326,90.01601670486666,90.08532762271331,0.0,260.73962614262615,-0.3906343091794606,0.0076443885114229615,0.210759290697004,46.0113857480446,46.1434640392118,90.01601666681127,90.08532762100617,0.0,260.7399240228829,-0.39063431723426745
8.06,0.09589176567668277,-179.99990917176714,-0.0009665696380210071,10.858511209760602,0.19999998807907104,tilt,0.007644365748182114,0.2107606694068545,46.011386135692085,46.14346402948865,90.01601794671119,90.08532762033072,0.0,260.74635727764525,-0.3906356061394167,0.007644366053771279,0.2107592911037236,46.0113861168377,46.143464041594854,90.0160179082293,90.0853276185708,0.0,260.7466551569453,-0.3906356146373968,0.007644388203962793,0.21076066928536577,46.01138576650513,46.1434640270278,90.01601670486666,90.08532762271973,0.0,260.73962614261785,-0.3906343091841513,0.0076443885114229615,0.2107592906743109,46.0113857480446,46.143464039207394,90.01601666681127,90.08532762099983,0.0,260.73992402289065,-0.3906343172299098
8.08,0.09589176567668277,-179.99990917177624,-0.0009665696380272477,10.85851120976061,0.19999998807907104,tilt,0.007644365748182114,0.21076066942644878,46.011386135692085,46.143464029492776,90.01601794671119,90.08532762033705,0.0,260.7463572776358,-0.3906356061426086,0.007644366053771279,0.21075929108415567,46.0113861168377,46.14346404159077,90.0160179082293,90.08532761856452,0.0,260.7466551569545,-0.3906356146342882,0.007644388203962793,0.2107606693055726,46.01138576650513,46.14346402703175,90.01601670486666,90.08532762272576,0.0,260.73962614260864,-0.39063430918731545,0.0076443885114229615,0.21075929065411023,46.0113857480446,46.14346403920345,90.01601666681127,90.08532762099374,0.0,260.73992402290014,-0.39063431722696773
8.1,0.09589176567668277,-179.99990917175577,-0.0009665696380169351,10.858511209760588,0.19999998807907104,tilt,0.007644365748182114,0.21076066941202443,46.011386135692085,46.143464029489635,90.01601794671119,90.0853276203319,0.0,260.74635727763246,-0.3906356061409988,0.007644366053771279,0.21075929109853614,46.0113861168377,46.143464041593795,90.0160179082293,90.0853276185696,0.0,260.74665515695784,-0.39063561463562047,0.007644388203962793,0.21076066929059425,46.01138576650513,46.14346402702878,90.01601670486666,90.08532762272081,0.0,260.73962614260535,-0.3906343091858444,0.0076443885114229615,0.21075929066905366,46.0113857480446,46.143464039206336,90.01601666681127,90.08532762099864,0.0,260.7399240229032,-0.3906343172280502
8.120000000000001,0.09589176567668277,-179.99990917173994,-0.000966569638014427,10.858511209760541,0.19999998807907104,tilt,0.007644365748182114,0.21076066939383029,46.011386135692085,46.143464029485884,90.01601794671119,90.0853276203291,0.0,260.74635727763626,-0.3906356061314509,0.007644366053771279,0.21075929111672606,46.0113861168377,46.143464041597525,90.0160179082293,90.08532761857235,0.0,260.746655156954,-0.39063561464519614,0.007644388203962793,0.21076066927177797,46.01138576650513,46.14346402702519,90.01601670486666,90.08532762271817,0.0,260.7396261426095,-0.3906343091766573,0.0076443885114229615,0.21075929068787203,46.0113857480446,46.1434640392099,90.01601666681127,90.0853276210013,0.0,260.73992402289906,-0.3906343172372373
8.14,0.09589176567668277,-179.99990917172755,-0.0009665696380169235,10.858511209760518,0.19999998807907104,tilt,0.007644365748182114,0.21076066937376417,46.011386135692085,46.1434640294819,90.01601794671119,90.08532762032644,0.0,260.74635727764826,-0.39063560612054293,0.007644366053771279,0.21075929113679237,46.0113861168377,46.14346404160148,90.0160179082293,90.08532761857501,0.0,260.74665515694215,-0.39063561465593755,0.007644388203962793,0.210760669251106,46.01138576650513,46.14346402702136,90.01601670486666,90.08532762271562,0.0,260.7396261426219,-0.39063430916608244,0.0076443885114229615,0.21075929070853985,46.0113857480446,46.143464039213725,90.01601666681127,90.0853276210038,0.0,260.7399240228869,-0.39063431724781217
8.16,0.09589176567668277,-179.99990917173332,-0.0009665696380185195,10.858511209760698,0.19999998807907104,tilt,0.007644365748182114,0.21076066938707236,46.011386135692085,46.143464029484804,90.01601794671119,90.08532762032702,0.0,260.7463572776556,-0.39063560613153414,0.007644366053771279,0.21075929112348968,46.0113861168377,46.143464041598605,90.0160179082293,90.08532761857445,0.0,260.74665515693533,-0.3906356146450851,0.007644388203962793,0.2107606692650092,46.01138576650513,46.14346402702407,90.01601670486666,90.08532762271611,0.0,260.73962614262865,-0.39063430917657405,0.0076443885114229615,0.2107592906946302,46.0113857480446,46.143464039211,90.01601666681127,90.08532762100329,0.0,260.7399240228807,-0.3906343172374038
8.18,0.09589176567668277,-179.99990917175907,-0.0009665696380232645,10.858511209760673,0.19999998807907104,tilt,0.007644365748182114,0.21076066939774535,46.011386135692085,46.143464029486786,90.01601794671119,90.08532762032334,0.0,260.74635727764456,-0.3906356061482985,0.007644366053771279,0.21075929111282315,46.0113861168377,46.143464041596665,90.0160179082293,90.08532761857813,0.0,260.746655156946,-0.3906356146284873,0.007644388203962793,0.21076066927596368,46.01138576650513,46.14346402702597,90.01601670486666,90.08532762271258,0.0,260.73962614261706,-0.39063430919250575,0.0076443885114229615,0.210759290683673,46.0113857480446,46.14346403920909,90.01601666681127,90.08532762100683,0.0,260.7399240228918,-0.3906343172213611
8.2,0.09589176567668277,-179.99990917175495,-0.0009665696380213438,10.858511209760644,0.19999998807907104,tilt,0.007644365748182114,0.21076066940361216,46.011386135692085,46.143464029487845,90.01601794671119,90.08532762032499,0.0,260.7463572776337,-0.39063560614902015,0.007644366053771279,0.21075929110695615,46.0113861168377,46.14346404159561,90.0160179082293,90.08532761857647,0.0,260.7466551569567,-0.39063561462782115,0.007644388203962793,0.21076066928190432,46.01138576650513,46.143464027027015,90.01601670486666,90.08532762271422,0.0,260.7396261426063,-0.39063430919331066,0.0076443885114229615,0.21075929067773022,46.0113857480446,46.143464039208,90.01601666681127,90.08532762100528,0.0,260.73992402290236,-0.3906343172202231
8.22,0.09589176567668277,-179.9999091717561,-0.0009665696380209947,10.858511209760628,0.19999998807907104,tilt,0.007644365748182114,0.2107606694061934,46.011386135692085,46.14346402948837,90.01601794671119,90.08532762032861,0.0,260.7463572776311,-0.3906356061429972,0.007644366053771279,0.21075929110437983,46.0113861168377,46.14346404159508,90.0160179082293,90.08532761857288,0.0,260.746655156959,-0.3906356146336498,0.007644388203962793,0.21076066928453055,46.01138576650513,46.143464027027534,90.01601670486666,90.08532762271768,0.0,260.73962614260387,-0.39063430918770403,0.0076443885114229615,0.21075929067510749,46.0113857480446,46.14346403920751,90.01601666681127,90.08532762100178,0.0,260.73992402290463,-0.3906343172260518
8.24,0.09589176567668277,-179.99990917176208,-0.0009665696380213346,10.858511209760605,0.19999998807907104,tilt,0.007644365748182114,0.210760669407392,46.011386135692085,46.1434640294888,90.01601794671119,90.08532762033299,0.0,260.74635727763706,-0.3906356061349481,0.007644366053771279,0.21075929110317862,46.0113861168377,46.14346404159465,90.0160179082293,90.08532761856846,0.0,260.74665515695347,-0.3906356146417822,0.007644388203962793,0.21076066928583057,46.01138576650513,46.14346402702791,90.01601670486666,90.08532762272198,0.0,260.73962614261,-0.39063430917957165,0.0076443885114229615,0.2107592906738062,46.0113857480446,46.14346403920711,90.01601666681127,90.08532762099756,0.0,260.73992402289866,-0.3906343172338511
8.26,0.09589176567668277,-179.99990917177144,-0.0009665696380248335,10.858511209760595,0.19999998807907104,tilt,0.007644365748182114,0.21076066940877566,46.011386135692085,46.14346402948941,90.01601794671119,90.08532762033772,0.0,260.7463572776484,-0.39063560612678794,0.007644366053771279,0.2107592911018073,46.0113861168377,46.143464041594044,90.0160179082293,90.08532761856374,0.0,260.74665515694204,-0.39063561464988683,0.007644388203962793,0.21076066928741005,46.01138576650513,46.143464027028486,90.01601670486666,90.08532762272644,0.0,260.73962614262166,-0.39063430917188335,0.0076443885114229615,0.21075929067223437,46.0113857480446,46.1434640392066,90.01601666681127,90.08532762099307,0.0,260.73992402288695,-0.3906343172417892
8.28,0.09589176567668277,-179.99990917176237,-0.000966569638026689,10.858511209760524,0.19999998807907104,tilt,0.007644365748182114,0.21076066941359262,46.011386135692085,46.14346402949035,90.01601794671119,90.08532762033384,0.0,260.74635727764553,-0.39063560613958326,0.007644366053771279,0.21075929109699007,46.0113861168377,46.143464041593084,90.0160179082293,90.08532761856766,0.0,260.74665515694517,-0.39063561463700824,0.007644388203962793,0.21076066929241816,46.01138576650513,46.14346402702938,90.01601670486666,90.08532762272274,0.0,260.7396261426181,-0.39063430918395703,0.0076443885114229615,0.210759290667216,46.0113857480446,46.143464039205696,90.01601666681127,90.0853276209968,0.0,260.73992402289065,-0.39063431722963227
8.3,0.09589176567668277,-179.9999091717457,-0.0009665696380276121,10.858511209760467,0.19999998807907104,tilt,0.007644365748182114,0.21076066941358038,46.011386135692085,46.14346402949011,90.01601794671119,90.08532762033089,0.0,260.74635727763314,-0.3906356061452454,0.007644366053771279,0.21075929109701327,46.0113861168377,46.14346404159337,90.0160179082293,90.08532761857059,0.0,260.7466551569575,-0.39063561463156815,0.007644388203962793,0.2107606692922482,46.01138576650513,46.143464027029154,90.01601670486666,90.08532762271992,0.0,260.7396261426054,-0.39063430918950814,0.0076443885114229615,0.21075929066738042,46.0113857480446,46.14346403920589,90.01601666681127,90.0853276209996,0.0,260.7399240229033,-0.3906343172239979
8.32,0.09589176567668277,-179.9999091717285,-0.000966569638026347,10.858511209760682,0.19999998807907104,tilt,0.007644365748182114,0.2107606694079176,46.011386135692085,46.143464029488676,90.01601794671119,90.08532762032685,0.0,260.7463572776281,-0.39063560614827075,0.007644366053771279,0.21075929110269664,46.0113861168377,46.14346404159482,90.0160179082293,90.08532761857467,0.0,260.7466551569624,-0.3906356146284873,0.007644388203962793,0.2107606692862627,46.01138576650513,46.14346402702781,90.01601670486666,90.08532762271598,0.0,260.73962614260057,-0.3906343091926445,0.0076443885114229615,0.2107592906733724,46.0113857480446,46.143464039207245,90.01601666681127,90.0853276210035,0.0,260.73992402290816,-0.39063431722094477
8.34,0.09589176567668277,-179.99990917174668,-0.0009665696380251928,10.85851120976068,0.19999998807907104,tilt,0.007644365748182114,0.21076066939754853,46.011386135692085,46.14346402948626,90.01601794671119,90.08532762032063,0.0,260.7463572776291,-0.3906356061521288,0.007644366053771279,0.21075929111305008,46.0113861168377,46.14346404159716,90.0160179082293,90.0853276185808,0.0,260.7466551569613,-0.39063561462457375,0.007644388203962793,0.21076066927549642,46.01138576650513,46.1434640270255,90.01601670486666,90.08532762271003,0.0,260.73962614260165,-0.390634309196336,0.0076443885114229615,0.21075929068412358,46.0113857480446,46.14346403920948,90.01601666681127,90.08532762100943,0.0,260.7399240229071,-0.3906343172171145
8.36,0.09589176567668277,-179.99990917174065,-0.0009665696380171708,10.85851120976067,0.19999998807907104,tilt,0.007644365748182114,0.21076066938462001,46.011386135692085,46.14346402948358,90.01601794671119,90.08532762032071,0.0,260.74635727763524,-0.39063560614063797,0.007644366053771279,0.21075929112594624,46.0113861168377,46.14346404159974,90.0160179082293,90.08532761858068,0.0,260.74665515695517,-0.39063561463575924,0.007644388203962793,0.2107606692621468,46.01138576650513,46.143464027022965,90.01601670486666,90.08532762271011,0.0,260.7396261426082,-0.39063430918537256,0.0076443885114229615,0.21075929069745644,46.0113857480446,46.143464039211985,90.01601666681127,90.0853276210093,0.0,260.73992402290054,-0.3906343172280502
8.38,0.09589176567668277,-179.9999091717649,-0.0009665696380133135,10.858511209760655,0.19999998807907104,tilt,0.007644365748182114,0.21076066940500734,46.011386135692085,46.14346402948812,90.01601794671119,90.0853276203293,0.0,260.74635727764496,-0.3906356061404437,0.007644366053771279,0.2107592911055411,46.0113861168377,46.14346404159517,90.0160179082293,90.0853276185721,0.0,260.74665515694596,-0.39063561463587027,0.007644388203962793,0.21076066928342224,46.01138576650513,46.143464027027264,90.01601670486666,90.08532762271831,0.0,260.7396261426178,-0.39063430918506725,0.0076443885114229615,0.21075929067618285,46.0113857480446,46.14346403920769,90.01601666681127,90.08532762100111,0.0,260.7399240228912,-0.39063431722821673
8.4,0.09589176567668277,-179.99990917177382,-0.0009665696380153084,10.858511209760607,0.19999998807907104,tilt,0.007644365748182114,0.21076066942693744,46.011386135692085,46.1434640294927,90.01601794671119,90.08532762033495,0.0,260.7463572776345,-0.3906356061470495,0.007644366053771279,0.21075929108361857,46.0113861168377,46.14346404159067,90.0160179082293,90.08532761856651,0.0,260.7466551569561,-0.39063561462931995,0.007644388203962793,0.21076066930607482,46.01138576650513,46.14346402703165,90.01601670486666,90.08532762272381,0.0,260.73962614260694,-0.39063430919125675,0.0076443885114229615,0.21075929065355253,46.0113857480446,46.143464039203394,90.01601666681127,90.08532762099577,0.0,260.73992402290173,-0.39063431722208275
8.42,0.09589176567668277,-179.99990917177914,-0.0009665696380194362,10.858511209760602,0.19999998807907104,tilt,0.007644365748182114,0.21076066944551647,46.011386135692085,46.14346402949646,90.01601794671119,90.08532762034002,0.0,260.74635727762296,-0.39063560615146264,0.007644366053771279,0.21075929106502328,46.0113861168377,46.14346404158692,90.0160179082293,90.0853276185614,0.0,260.7466551569677,-0.3906356146249901,0.007644388203962793,0.21076066932519563,46.01138576650513,46.14346402703526,90.01601670486666,90.0853276227287,0.0,260.7396261425951,-0.39063430919561437,0.0076443885114229615,0.2107592906344185,46.0113857480446,46.14346403919976,90.01601666681127,90.08532762099088,0.0,260.7399240229134,-0.3906343172178084
8.44,0.09589176567668277,-179.99990917175384,-0.0009665696380172566,10.858511209760538,0.19999998807907104,tilt,0.007644365748182114,0.2107606694294005,46.011386135692085,46.143464029492854,90.01601794671119,90.08532762033262,0.0,260.7463572776186,-0.3906356061529892,0.007644366053771279,0.21075929108113708,46.0113861168377,46.143464041590505,90.0160179082293,90.0853276185688,0.0,260.74665515697194,-0.3906356146234913,0.007644388203962793,0.21076066930842335,46.01138576650513,46.14346402703185,90.01601670486666,90.08532762272155,0.0,260.73962614259096,-0.39063430919725195,0.0076443885114229615,0.21075929065119495,46.0113857480446,46.143464039203174,90.01601666681127,90.08532762099797,0.0,260.73992402291753,-0.3906343172161708
8.46,0.09589176567668277,-179.99990917173258,-0.0009665696380162497,10.858511209760483,0.19999998807907104,tilt,0.007644365748182114,0.21076066940852903,46.011386135692085,46.14346402948839,90.01601794671119,90.08532762032752,0.0,260.7463572776215,-0.39063560614566173,0.007644366053771279,0.2107592911020197,46.0113861168377,46.14346404159496,90.0160179082293,90.08532761857391,0.0,260.7466551569689,-0.39063561463081875,0.007644388203962793,0.2107606692867873,46.01138576650513,46.14346402702762,90.01601670486666,90.08532762271666,0.0,260.7396261425942,-0.39063430919025754,0.0076443885114229615,0.21075929067284307,46.0113857480446,46.14346403920744,90.01601666681127,90.08532762100286,0.0,260.73992402291435,-0.390634317223193
8.48,0.09589176567668277,-179.9999091717143,-0.0009665696380076385,10.8585112097607,0.19999998807907104,tilt,0.007644365748182114,0.2107606693848888,46.011386135692085,46.14346402948349,90.01601794671119,90.08532762032223,0.0,260.74635727763325,-0.3906356061368077,0.007644366053771279,0.21075929112564507,46.0113861168377,46.14346404159983,90.0160179082293,90.0853276185792,0.0,260.74665515695705,-0.390635614639423,0.007644388203962793,0.21076066926238002,46.01138576650513,46.143464027022944,90.01601670486666,90.08532762271162,0.0,260.73962614260626,-0.39063430918187536,0.0076443885114229615,0.2107592906972502,46.0113857480446,46.14346403921212,90.01601666681127,90.08532762100788,0.0,260.7399240229023,-0.3906343172316862
8.5,0.09589176567668277,-179.99990917173193,-0.0009665696380071768,10.858511209760673,0.19999998807907104,tilt,0.007644365748182114,0.21076066935991095,46.011386135692085,46.14346402947843,90.01601794671119,90.08532762031541,0.0,260.7463572776485,-0.3906356061308125,0.007644366053771279,0.21075929115061326,46.0113861168377,46.1434640416049,90.0160179082293,90.08532761858596,0.0,260.74665515694187,-0.39063561464564023,0.007644388203962793,0.21076066923666967,46.01138576650513,46.14346402701809,90.01601670486666,90.08532762270502,0.0,260.7396261426219,-0.3906343091762132,0.0076443885114229615,0.2107592907229712,46.0113857480446,46.143464039217015,90.01601666681127,90.08532762101441,0.0,260.7399240228867,-0.39063431723776465
8.52,0.09589176567668277,-179.9999091717674,-0.0009665696380121352,10.858511209760632,0.19999998807907104,tilt,0.007644365748182114,0.21076066940080532,46.011386135692085,46.14346402948727,90.01601794671119,90.0853276203273,0.0,260.7463572776511,-0.39063560614133186,0.007644366053771279,0.2107592911097367,46.0113861168377,46.143464041596154,90.0160179082293,90.08532761857408,0.0,260.7466551569397,-0.39063561463545393,0.007644388203962793,0.21076066927914605,46.01138576650513,46.14346402702651,90.01601670486666,90.08532762271648,0.0,260.7396261426237,-0.3906343091860942,0.0076443885114229615,0.21075929068051474,46.0113857480446,46.14346403920868,90.01601666681127,90.08532762100306,0.0,260.7399240228851,-0.39063431722807795
8.540000000000001,0.09589176567668277,-179.99990917176387,-0.0009665696380199487,10.858511209760602,0.19999998807907104,tilt,0.007644365748182114,0.2107606694096121,46.011386135692085,46.14346402948909,90.01601794671119,90.08532762032895,0.0,260.7463572776394,-0.39063560614532866,0.007644366053771279,0.21075929110098385,46.0113861168377,46.143464041594456,90.0160179082293,90.08532761857259,0.0,260.7466551569512,-0.39063561463162366,0.007644388203962793,0.21076066928816006,46.01138576650513,46.143464027028294,90.01601670486666,90.08532762271803,0.0,260.73962614261194,-0.39063430919000774,0.0076443885114229615,0.2107592906715444,46.0113857480446,46.14346403920704,90.01601666681127,90.08532762100157,0.0,260.7399240228968,-0.390634317224442
8.56,0.09589176567668277,-179.99990917176245,-0.0009665696380263271,10.858511209760582,0.19999998807907104,tilt,0.007644365748182114,0.2107606694146356,46.011386135692085,46.143464029490154,90.01601794671119,90.08532762033215,0.0,260.7463572776319,-0.3906356061426086,0.007644366053771279,0.21075929109598854,46.0113861168377,46.143464041593425,90.0160179082293,90.08532761856947,0.0,260.74665515695847,-0.39063561463431595,0.007644388203962793,0.2107606692932733,46.01138576650513,46.143464027029324,90.01601670486666,90.0853276227211,0.0,260.7396261426045,-0.390634309187482,0.0076443885114229615,0.21075929066643836,46.0113857480446,46.14346403920605,90.01601666681127,90.08532762099847,0.0,260.73992402290395,-0.3906343172272453
8.58,0.09589176567668277,-179.99990917176478,-0.0009665696380211889,10.85851120976057,0.19999998807907104,tilt,0.007644365748182114,0.21076066941701888,46.011386135692085,46.143464029490715,90.01601794671119,90.08532762033566,0.0,260.746357277633,-0.390635606137002,0.007644366053771279,0.21075929109357094,46.0113861168377,46.14346404159277,90.0160179082293,90.08532761856584,0.0,260.7466551569573,-0.39063561463975605,0.007644388203962793,0.2107606692957574,46.01138576650513,46.143464027029815,90.01601670486666,90.08532762272448,0.0,260.7396261426059,-0.39063430918206965,0.0076443885114229615,0.21075929066391708,46.0113857480446,46.14346403920541,90.01601666681127,90.08532762099503,0.0,260.7399240229027,-0.39063431723232456
8.6,0.09589176567668277,-179.9999091717391,-0.000966569638012706,10.85851120976053,0.19999998807907104,tilt,0.007644365748182114,0.21076066938753965,46.011386135692085,46.143464029484626,90.01601794671119,90.08532762032749,0.0,260.74635727764155,-0.39063560612978554,0.007644366053771279,0.2107592911230285,46.0113861168377,46.1434640415988,90.0160179082293,90.08532761857398,0.0,260.74665515694886,-0.3906356146468615,0.007644388203962793,0.21076066926530843,46.01138576650513,46.14346402702398,90.01601670486666,90.08532762271665,0.0,260.7396261426148,-0.3906343091749642,0.0076443885114229615,0.21075929069435795,46.0113857480446,46.143464039211196,90.01601666681127,90.08532762100289,0.0,260.7399240228939,-0.39063431723906916
8.620000000000001,0.09589176567668277,-179.99990917174415,-0.0009665696380149584,10.858511209760488,0.19999998807907104,tilt,0.007644365748182114,0.21076066938853077,46.011386135692085,46.14346402948514,90.01601794671119,90.08532762032905,0.0,260.7463572776547,-0.39063560612839776,0.007644366053771279,0.21075929112204375,46.0113861168377,46.14346404159831,90.0160179082293,90.08532761857244,0.0,260.7466551569358,-0.3906356146483603,0.007644388203962793,0.2107606692665106,46.01138576650513,46.143464027024436,90.01601670486666,90.0853276227181,0.0,260.73962614262774,-0.3906343091735487,0.0076443885114229615,0.2107592906931612,46.0113857480446,46.14346403921075,90.01601666681127,90.08532762100143,0.0,260.73992402288076,-0.3906343172404847
8.64,0.09589176567668277,-179.99990917173017,-0.000966569638018006,10.858511209760689,0.19999998807907104,tilt,0.007644365748182114,0.21076066939026147,46.011386135692085,46.14346402948537,90.01601794671119,90.08532762032482,0.0,260.7463572776489,-0.39063560613888937,0.007644366053771279,0.21075929112031774,46.0113861168377,46.14346404159811,90.0160179082293,90.08532761857667,0.0,260.74665515694164,-0.3906356146378964,0.007644388203962793,0.2107606692682611,46.01138576650513,46.14346402702465,90.01601670486666,90.08532762271402,0.0,260.73962614262166,-0.3906343091836795,0.0076443885114229615,0.2107592906914027,46.0113857480446,46.14346403921052,90.01601666681127,90.08532762100542,0.0,260.7399240228872,-0.39063431723057596
8.66,0.09589176567668277,-179.99990917174344,-0.0009665696380207367,10.858511209760664,0.19999998807907104,tilt,0.007644365748182114,0.21076066938661617,46.011386135692085,46.143464029484306,90.01601794671119,90.08532762031852,0.0,260.7463572776373,-0.3906356061486038,0.007644366053771279,0.2107592911239743,46.0113861168377,46.14346404159921,90.0160179082293,90.08532761858298,0.0,260.7466551569531,-0.3906356146283485,0.007644388203962793,0.2107606692643387,46.01138576650513,46.14346402702364,90.01601670486666,90.085327622708,0.0,260.73962614260984,-0.3906343091929776,0.0076443885114229615,0.21075929069532973,46.0113857480446,46.14346403921151,90.01601666681127,90.08532762101146,0.0,260.73992402289883,-0.3906343172210558
8.68,0.09589176567668277,-179.99990917175984,-0.0009665696380236579,10.858511209760653,0.19999998807907104,tilt,0.007644365748182114,0.2107606694091991,46.011386135692085,46.14346402948898,90.01601794671119,90.08532762032651,0.0,260.74635727763234,-0.3906356061503524,0.007644366053771279,0.21075929110140743,46.0113861168377,46.143464041594534,90.0160179082293,90.08532761857502,0.0,260.74665515695807,-0.3906356146265444,0.007644388203962793,0.21076066928765985,46.01138576650513,46.143464027028124,90.01601670486666,90.08532762271564,0.0,260.73962614260483,-0.3906343091947817,0.0076443885114229615,0.21075929067201268,46.0113857480446,46.14346403920701,90.01601666681127,90.08532762100384,0.0,260.7399240229039,-0.3906343172192239
8.700000000000001,0.09589176567668277,-179.99990917175077,-0.0009665696380235833,10.858511209760625,0.19999998807907104,tilt,0.007644365748182114,0.21076066939884983,46.011386135692085,46.1434640294868,90.01601794671119,90.08532762032576,0.0,260.74635727763314,-0.3906356061428029,0.007644366053771279,0.21075929111175573,46.0113861168377,46.14346404159668,90.0160179082293,90.08532761857575,0.0,260.74665515695716,-0.3906356146339274,0.007644388203962793,0.21076066927692275,46.01138576650513,46.14346402702602,90.01601670486666,90.08532762271496,0.0,260.739626142606,-0.3906343091873987,0.0076443885114229615,0.2107592906827434,46.0113857480446,46.14346403920908,90.01601666681127,90.0853276210045,0.0,260.73992402290264,-0.3906343172265514
8.72,0.09589176567668277,-179.99990917174787,-0.0009665696380190971,10.858511209760628,0.19999998807907104,tilt,0.007644365748182114,0.21076066938705365,46.011386135692085,46.143464029484534,90.01601794671119,90.0853276203275,0.0,260.7463572776413,-0.39063560612934145,0.007644366053771279,0.21075929112353142,46.0113861168377,46.1434640415989,90.0160179082293,90.08532761857388,0.0,260.7466551569492,-0.39063561464749985,0.007644388203962793,0.21076066926478088,46.01138576650513,46.143464027023825,90.01601670486666,90.08532762271666,0.0,260.7396261426145,-0.39063430917413156,0.0076443885114229615,0.21075929069486848,46.0113857480446,46.14346403921121,90.01601666681127,90.08532762100278,0.0,260.7399240228941,-0.39063431723940223
8.74,0.09589176567668277,-179.99990917176933,-0.0009665696380205686,10.858511209760582,0.19999998807907104,tilt,0.007644365748182114,0.21076066940950797,46.011386135692085,46.14346402948949,90.01601794671119,90.08532762033505,0.0,260.7463572776482,-0.39063560613322723,0.007644366053771279,0.21075929110108504,46.0113861168377,46.143464041593944,90.0160179082293,90.08532761856644,0.0,260.7466551569427,-0.3906356146434198,0.007644388203962793,0.21076066928818213,46.01138576650513,46.14346402702853,90.01601670486666,90.08532762272391,0.0,260.73962614262103,-0.3906343091777953,0.0076443885114229615,0.21075929067147586,46.0113857480446,46.14346403920652,90.01601666681127,90.08532762099567,0.0,260.739924022888,-0.39063431723557196
8.76,0.09589176567668277,-179.9999091717762,-0.0009665696380313756,10.858511209760518,0.19999998807907104,tilt,0.007644365748182114,0.21076066943166027,46.011386135692085,46.1434640294941,90.01601794671119,90.08532762033995,0.0,260.7463572776372,-0.39063560614158166,0.007644366053771279,0.21075929107896263,46.0113861168377,46.14346404158943,90.0160179082293,90.08532761856158,0.0,260.7466551569534,-0.3906356146352319,0.007644388203962793,0.21076066931103976,46.01138576650513,46.14346402703292,90.01601670486666,90.08532762272857,0.0,260.7396261426098,-0.3906343091858999,0.0076443885114229615,0.2107592906486261,46.0113857480446,46.143464039202186,90.01601666681127,90.085327620991,0.0,260.73992402289895,-0.39063431722777264
8.78,0.09589176567668277,-179.9999091717472,-0.0009665696380302025,10.858511209760472,0.19999998807907104,tilt,0.007644365748182114,0.21076066941893218,46.011386135692085,46.14346402949112,90.01601794671119,90.08532762033056,0.0,260.7463572776288,-0.3906356061502414,0.007644366053771279,0.21075929109169286,46.0113861168377,46.14346404159241,90.0160179082293,90.08532761857096,0.0,260.7466551569618,-0.39063561462676644,0.007644388203962793,0.2107606692977223,46.01138576650513,46.14346402703007,90.01601670486666,90.08532762271959,0.0,260.739626142601,-0.39063430919411557,0.0076443885114229615,0.2107592906619295,46.0113857480446,46.143464039204964,90.01601666681127,90.08532762099992,0.0,260.7399240229077,-0.3906343172194182
8.8,0.09589176567668277,-179.99990917172045,-0.0009665696380262905,10.858511209760689,0.19999998807907104,tilt,0.007644365748182114,0.2107606693998628,46.011386135692085,46.14346402948688,90.01601794671119,90.08532762032318,0.0,260.74635727762654,-0.39063560614896464,0.007644366053771279,0.21075929111077807,46.0113861168377,46.14346404159665,90.0160179082293,90.08532761857835,0.0,260.7466551569639,-0.3906356146279599,0.007644388203962793,0.21076066927787485,46.01138576650513,46.14346402702605,90.01601670486666,90.08532762271251,0.0,260.73962614259904,-0.39063430919300535,0.0076443885114229615,0.21075929068177984,46.0113857480446,46.14346403920899,90.01601666681127,90.085327621007,0.0,260.7399240229097,-0.3906343172205007
8.82,0.09589176567668277,-179.9999091717299,-0.0009665696380193242,10.858511209760687,0.19999998807907104,tilt,0.007644365748182114,0.21076066937629573,46.011386135692085,46.143464029481756,90.01601794671119,90.08532762031496,0.0,260.74635727763086,-0.390635606145856,0.007644366053771279,0.21075929113431902,46.0113861168377,46.1434640416017,90.0160179082293,90.08532761858646,0.0,260.7466551569596,-0.39063561463101304,0.007644388203962793,0.21076066925346668,46.01138576650513,46.14346402702118,90.01601670486666,90.08532762270464,0.0,260.7396261426036,-0.39063430919020203,0.0076443885114229615,0.2107592907061735,46.0113857480446,46.143464039213825,90.01601666681127,90.0853276210148,0.0,260.73992402290514,-0.3906343172233595
8.84,0.09589176567668277,-179.9999091717452,-0.0009665696380142269,10.858511209760671,0.19999998807907104,tilt,0.007644365748182114,0.21076066938160656,46.011386135692085,46.14346402948313,90.01601794671119,90.08532762032166,0.0,260.74635727764195,-0.3906356061365579,0.007644366053771279,0.21075929112899394,46.0113861168377,46.1434640416003,90.0160179082293,90.08532761857974,0.0,260.74665515694835,-0.39063561464025565,0.007644388203962793,0.2107606692590877,46.01138576650513,46.14346402702248,90.01601670486666,90.08532762271106,0.0,260.73962614261495,-0.3906343091812092,0.0076443885114229615,0.21075929070055663,46.0113857480446,46.14346403921253,90.01601666681127,90.08532762100836,0.0,260.73992402289366,-0.3906343172324356
8.86,0.09589176567668277,-179.99990917177848,-0.0009665696380166214,10.858511209760646,0.19999998807907104,tilt,0.007644365748182114,0.2107606694230593,46.011386135692085,46.14346402949191,90.01601794671119,90.08532762033309,0.0,260.74635727764195,-0.39063560614790993,0.007644366053771279,0.2107592910875208,46.0113861168377,46.1434640415915,90.0160179082293,90.08532761856833,0.0,260.7466551569489,-0.39063561462876484,0.007644388203962793,0.21076066930210793,46.01138576650513,46.14346402703089,90.01601670486666,90.08532762272199,0.0,260.7396261426144,-0.39063430919220044,0.0076443885114229615,0.21075929065752763,46.0113857480446,46.14346403920415,90.01601666681127,90.08532762099748,0.0,260.7399240228947,-0.39063431722152764
8.88,0.09589176567668277,-179.9999091717715,-0.0009665696380277639,10.858511209760598,0.19999998807907104,tilt,0.007644365748182114,0.2107606694316416,46.011386135692085,46.14346402949355,90.01601794671119,90.08532762033344,0.0,260.7463572776278,-0.39063560615401616,0.007644366053771279,0.21075929107897004,46.0113861168377,46.14346404158995,90.0160179082293,90.08532761856813,0.0,260.74665515696256,-0.39063561462263086,0.007644388203962793,0.2107606693108494,46.01138576650513,46.14346402703248,90.01601670486666,90.08532762272232,0.0,260.73962614260006,-0.3906343091981679,0.0076443885114229615,0.21075929064880444,46.0113857480446,46.14346403920261,90.01601666681127,90.08532762099723,0.0,260.7399240229085,-0.3906343172155047
8.9,0.09589176567668277,-179.99990917176615,-0.0009665696380233293,10.858511209760595,0.19999998807907104,tilt,0.007644365748182114,0.21076066943548452,46.011386135692085,46.14346402949421,90.01601794671119,90.08532762033529,0.0,260.7463572776183,-0.3906356061526839,0.007644366053771279,0.21075929107511257,46.0113861168377,46.143464041589276,90.0160179082293,90.0853276185662,0.0,260.74665515697217,-0.39063561462412966,0.007644388203962793,0.21076066931470658,46.01138576650513,46.14346402703311,90.01601670486666,90.08532762272412,0.0,260.73962614259045,-0.3906343091968356,0.0076443885114229615,0.2107592906449342,46.0113857480446,46.14346403920192,90.01601666681127,90.08532762099539,0.0,260.7399240229181,-0.3906343172167259
8.92,0.09589176567668277,-179.99990917176416,-0.0009665696380234147,10.858511209760533,0.19999998807907104,tilt,0.007644365748182114,0.21076066943584387,46.011386135692085,46.14346402949426,90.01601794671119,90.08532762033737,0.0,260.7463572776176,-0.390635606148243,0.007644366053771279,0.21075929107476313,46.0113861168377,46.14346404158924,90.0160179082293,90.08532761856422,0.0,260.74665515697245,-0.3906356146284595,0.007644388203962793,0.21076066931505277,46.01138576650513,46.14346402703318,90.01601670486666,90.0853276227261,0.0,260.73962614259017,-0.3906343091927278,0.0076443885114229615,0.21075929064459986,46.0113857480446,46.143464039201895,90.01601666681127,90.08532762099347,0.0,260.739924022918,-0.39063431722094477
8.94,0.09589176567668277,-179.99990917173315,-0.0009665696380201514,10.85851120976052,0.19999998807907104,tilt,0.007644365748182114,0.21076066940374283,46.011386135692085,46.14346402948747,90.01601794671119,90.08532762032644,0.0,260.74635727762626,-0.3906356061441352,0.007644366053771279,0.2107592911068615,46.0113861168377,46.14346404159601,90.0160179082293,90.08532761857508,0.0,260.7466551569639,-0.3906356146325951,0.007644388203962793,0.21076066928184806,46.01138576650513,46.14346402702669,90.01601670486666,90.0853276227156,0.0,260.73962614259904,-0.390634309188842,0.0076443885114229615,0.21075929067780586,46.0113857480446,46.143464039208375,90.01601666681127,90.0853276210039,0.0,260.73992402290946,-0.3906343172248583
8.96,0.09589176567668277,-179.99990917170612,-0.0009665696380113404,10.8585112097607,0.19999998807907104,tilt,0.007644365748182114,0.2107606693686045,46.011386135692085,46.14346402948018,90.01601794671119,90.08532762031821,0.0,260.74635727763956,-0.39063560613189496,0.007644366053771279,0.21075929114197461,46.0113861168377,46.14346404160322,90.0160179082293,90.08532761858326,0.0,260.74665515695057,-0.39063561464455776,0.007644388203962793,0.2107606692455528,46.01138576650513,46.14346402701974,90.01601670486666,90.08532762270768,0.0,260.73962614261296,-0.3906343091771569,0.0076443885114229615,0.21075929071408983,46.0113857480446,46.1434640392153,90.01601666681127,90.08532762101176,0.0,260.7399240228955,-0.3906343172364324
8.98,0.09589176567668277,-179.9999091717372,-0.0009665696380129761,10.858511209760687,0.19999998807907104,tilt,0.007644365748182114,0.2107606693655407,46.011386135692085,46.14346402947971,90.01601794671119,90.08532762031489,0.0,260.7463572776522,-0.3906356061373628,0.007644366053771279,0.21075929114501984,46.0113861168377,46.143464041603664,90.0160179082293,90.08532761858649,0.0,260.74665515693823,-0.3906356146392287,0.007644388203962793,0.21076066924256803,46.01138576650513,46.14346402701926,90.01601670486666,90.08532762270451,0.0,260.739626142625,-0.3906343091823472,0.0076443885114229615,0.21075929071706917,46.0113857480446,46.143464039215786,90.01601666681127,90.08532762101493,0.0,260.739924022883,-0.3906343172314364
9.0,0.09589176567668277,-179.99990917175478,-0.0009665696380136579,10.858511209760689,0.19999998807907104,tilt,0.007644365748182114,0.21076066939287025,46.011386135692085,46.14346402948544,90.01601794671119,90.08532762032303,0.0,260.7463572776448,-0.390635606143247,0.007644366053771279,0.21075929111765251,46.0113861168377,46.14346404159785,90.0160179082293,90.08532761857829,0.0,260.74665515694613,-0.390635614633178,0.007644388203962793,0.210760669270841,46.01138576650513,46.143464027024734,90.01601670486666,90.08532762271237,0.0,260.7396261426175,-0.39063430918775954,0.0076443885114229615,0.21075929068876414,46.0113857480446,46.14346403921023,90.01601666681127,90.08532762100701,0.0,260.7399240228917,-0.390634317225691
9.02,0.09589176567668277,-179.99990917177038,-0.0009665696380167692,10.858511209760648,0.19999998807907104,tilt,0.007644365748182114,0.21076066941847693,46.011386135692085,46.14346402949083,90.01601794671119,90.08532762033127,0.0,260.7463572776357,-0.39063560614741033,0.007644366053771279,0.2107592910920547,46.0113861168377,46.143464041592516,90.0160179082293,90.08532761857022,0.0,260.7466551569547,-0.39063561462882035,0.007644388203962793,0.21076066929728637,46.01138576650513,46.14346402702992,90.01601670486666,90.08532762272023,0.0,260.7396261426083,-0.39063430919200615,0.0076443885114229615,0.21075929066233032,46.0113857480446,46.1434640392051,90.01601666681127,90.0853276209992,0.0,260.73992402290054,-0.3906343172215554
9.040000000000001,0.09589176567668277,-179.99990917175816,-0.0009665696380177699,10.85851120976062,0.19999998807907104,tilt,0.007644365748182114,0.2107606694103488,46.011386135692085,46.143464029489095,90.01601794671119,90.08532762032968,0.0,260.74635727763194,-0.3906356061437466,0.007644366053771279,0.21075929110017855,46.0113861168377,46.14346404159425,90.0160179082293,90.08532761857181,0.0,260.74665515695847,-0.39063561463256735,0.007644388203962793,0.21076066928881976,46.01138576650513,46.14346402702827,90.01601670486666,90.08532762271874,0.0,260.73962614260444,-0.3906343091883424,0.0076443885114229615,0.2107592906707967,46.0113857480446,46.14346403920677,90.01601666681127,90.08532762100074,0.0,260.73992402290406,-0.3906343172251636
9.06,0.09589176567668277,-179.99990917175148,-0.0009665696380153423,10.858511209760604,0.19999998807907104,tilt,0.007644365748182114,0.2107606693994251,46.011386135692085,46.143464029486935,90.01601794671119,90.08532762033037,0.0,260.7463572776355,-0.39063560613297743,0.007644366053771279,0.2107592911110907,46.0113861168377,46.14346404159639,90.0160179082293,90.08532761857103,0.0,260.74665515695494,-0.39063561464330876,0.007644388203962793,0.21076066927754325,46.01138576650513,46.1434640270262,90.01601670486666,90.08532762271946,0.0,260.7396261426086,-0.39063430917801734,0.0076443885114229615,0.21075929068206806,46.0113857480446,46.14346403920881,90.01601666681127,90.08532762100003,0.0,260.7399240228999,-0.3906343172354054
9.08,0.09589176567668277,-179.99990917174915,-0.0009665696380140404,10.858511209760549,0.19999998807907104,tilt,0.007644365748182114,0.21076066938763055,46.011386135692085,46.14346402948478,90.01601794671119,90.08532762033181,0.0,260.7463572776467,-0.3906356061206817,0.007644366053771279,0.21075929112289485,46.0113861168377,46.14346404159855,90.0160179082293,90.08532761856965,0.0,260.74665515694363,-0.39063561465563224,0.007644388203962793,0.21076066926546075,46.01138576650513,46.14346402702414,90.01601670486666,90.08532762272081,0.0,260.73962614262024,-0.3906343091661102,0.0076443885114229615,0.21075929069416818,46.0113857480446,46.143464039210926,90.01601666681127,90.08532762099871,0.0,260.7399240228883,-0.39063431724739583
9.1,0.09589176567668277,-179.99990917176518,-0.0009665696380164038,10.858511209760488,0.19999998807907104,tilt,0.007644365748182114,0.21076066941025595,46.011386135692085,46.14346402948976,90.01601794671119,90.08532762033711,0.0,260.74635727765116,-0.3906356061297023,0.007644366053771279,0.21075929110030073,46.0113861168377,46.14346404159368,90.0160179082293,90.08532761856445,0.0,260.74665515693994,-0.3906356146467782,0.007644388203962793,0.2107606692890226,46.01138576650513,46.14346402702886,90.01601670486666,90.08532762272583,0.0,260.7396261426242,-0.39063430917488096,0.0076443885114229615,0.2107592906706365,46.0113857480446,46.14346403920628,90.01601666681127,90.08532762099371,0.0,260.73992402288513,-0.3906343172389859
9.120000000000001,0.09589176567668277,-179.99990917173497,-0.0009665696380209716,10.858511209760676,0.19999998807907104,tilt,0.007644365748182114,0.2107606694003477,46.011386135692085,46.14346402948743,90.01601794671119,90.08532762032574,0.0,260.7463572776432,-0.3906356061454952,0.007644366053771279,0.210759291110251,46.0113861168377,46.14346404159615,90.0160179082293,90.08532761857587,0.0,260.7466551569473,-0.39063561463145713,0.007644388203962793,0.21076066927865464,46.01138576650513,46.143464027026624,90.01601670486666,90.0853276227149,0.0,260.7396261426156,-0.39063430919006326,0.0076443885114229615,0.2107592906810297,46.0113857480446,46.14346403920859,90.01601666681127,90.08532762100465,0.0,260.7399240228932,-0.3906343172240534
9.14,0.09589176567668277,-179.99990917173636,-0.0009665696380276947,10.858511209760675,0.19999998807907104,tilt,0.007644365748182114,0.21076066938324411,46.011386135692085,46.14346402948348,90.01601794671119,90.08532762031577,0.0,260.74635727763314,-0.3906356061512961,0.007644366053771279,0.21075929112737737,46.0113861168377,46.14346404160009,90.0160179082293,90.08532761858581,0.0,260.74665515695733,-0.39063561462568397,0.007644388203962793,0.21076066926078285,46.01138576650513,46.143464027022866,90.01601670486666,90.08532762270535,0.0,260.7396261426056,-0.39063430919569764,0.0076443885114229615,0.21075929069890165,46.0113857480446,46.14346403921231,90.01601666681127,90.08532762101414,0.0,260.73992402290315,-0.3906343172184745
9.16,0.09589176567668277,-179.99990917174355,-0.0009665696380216943,10.85851120976066,0.19999998807907104,tilt,0.007644365748182114,0.21076066939113983,46.011386135692085,46.14346402948509,90.01601794671119,90.085327620321,0.0,260.74635727763143,-0.3906356061463001,0.007644366053771279,0.21075929111946531,46.0113861168377,46.14346404159842,90.0160179082293,90.0853276185805,0.0,260.746655156959,-0.39063561463051344,0.007644388203962793,0.21076066926891043,46.01138576650513,46.14346402702439,90.01601670486666,90.08532762271037,0.0,260.73962614260415,-0.3906343091908404,0.0076443885114229615,0.21075929069075386,46.0113857480446,46.14346403921072,90.01601666681127,90.08532762100909,0.0,260.7399240229045,-0.39063431722308195
9.18,0.09589176567668277,-179.99990917175614,-0.0009665696380174486,10.858511209760646,0.19999998807907104,tilt,0.007644365748182114,0.21076066939839558,46.011386135692085,46.14346402948677,90.01601794671119,90.08532762032725,0.0,260.74635727763786,-0.39063560613933346,0.007644366053771279,0.21075929111219546,46.0113861168377,46.14346404159671,90.0160179082293,90.08532761857417,0.0,260.7466551569526,-0.3906356146375356,0.007644388203962793,0.21076066927649068,46.01138576650513,46.14346402702598,90.01601670486666,90.08532762271642,0.0,260.7396261426107,-0.390634309183846,0.0076443885114229615,0.21075929068316696,46.0113857480446,46.1434640392091,90.01601666681127,90.08532762100306,0.0,260.739924022898,-0.39063431722988207
9.200000000000001,0.09589176567668277,-179.99990917177277,-0.0009665696380212547,10.858511209760616,0.19999998807907104,tilt,0.007644365748182114,0.21076066940665522,46.011386135692085,46.14346402948883,90.01601794671119,90.08532762033425,0.0,260.7463572776493,-0.3906356061322003,0.007644366053771279,0.2107592911039524,46.0113861168377,46.143464041594655,90.0160179082293,90.08532761856723,0.0,260.74665515694113,-0.390635614644641,0.007644388203962793,0.21076066928519624,46.01138576650513,46.14346402702793,90.01601670486666,90.0853276227231,0.0,260.7396261426223,-0.39063430917707365,0.0076443885114229615,0.21075929067447927,46.0113857480446,46.1434640392072,90.01601666681127,90.08532762099645,0.0,260.73992402288616,-0.3906343172366544
9.22,0.09589176567668277,-179.99990917177203,-0.0009665696380255301,10.858511209760584,0.19999998807907104,tilt,0.007644365748182114,0.2107606694184802,46.011386135692085,46.143464029491305,90.01601794671119,90.08532762033457,0.0,260.7463572776438,-0.390635606141998,0.007644366053771279,0.21075929109214905,46.0113861168377,46.14346404159226,90.0160179082293,90.08532761856698,0.0,260.7466551569472,-0.39063561463500984,0.007644388203962793,0.21076066929744228,46.01138576650513,46.143464027030284,90.01601670486666,90.08532762272337,0.0,260.73962614261643,-0.3906343091865383,0.0076443885114229615,0.21075929066224536,46.0113857480446,46.1434640392049,90.01601666681127,90.08532762099615,0.0,260.7399240228928,-0.39063431722763386
9.24,0.09589176567668277,-179.99990917176535,-0.0009665696380244604,10.85851120976054,0.19999998807907104,tilt,0.007644365748182114,0.2107606694262909,46.011386135692085,46.1434640294928,90.01601794671119,90.0853276203358,0.0,260.74635727763035,-0.39063560614546744,0.007644366053771279,0.21075929108432853,46.0113861168377,46.1434640415908,90.0160179082293,90.0853276185657,0.0,260.7466551569604,-0.39063561463176244,0.007644388203962793,0.2107606693053891,46.01138576650513,46.14346402703171,90.01601670486666,90.0853276227246,0.0,260.73962614260273,-0.39063430918970243,0.0076443885114229615,0.21075929065428128,46.0113857480446,46.14346403920345,90.01601666681127,90.08532762099487,0.0,260.739924022906,-0.3906343172244142
9.26,0.09589176567668277,-179.9999091717593,-0.0009665696380181666,10.858511209760508,0.19999998807907104,tilt,0.007644365748182114,0.2107606694294775,46.011386135692085,46.143464029493295,90.01601794671119,90.08532762033659,0.0,260.74635727762416,-0.39063560614591153,0.007644366053771279,0.21075929108111954,46.0113861168377,46.143464041590214,90.0160179082293,90.08532761856485,0.0,260.74665515696654,-0.3906356146311796,0.007644388203962793,0.21076066930860354,46.01138576650513,46.14346402703223,90.01601670486666,90.08532762272536,0.0,260.7396261425966,-0.39063430919025754,0.0076443885114229615,0.2107592906510533,46.0113857480446,46.14346403920289,90.01601666681127,90.08532762099408,0.0,260.73992402291213,-0.39063431722383135
9.28,0.09589176567668277,-179.9999091717227,-0.0009665696380116856,10.858511209760694,0.19999998807907104,tilt,0.007644365748182114,0.21076066939885105,46.011386135692085,46.1434640294866,90.01601794671119,90.08532762032283,0.0,260.74635727762893,-0.3906356061486038,0.007644366053771279,0.2107592911117268,46.0113861168377,46.14346404159684,90.0160179082293,90.08532761857863,0.0,260.7466551569616,-0.3906356146280987,0.007644388203962793,0.21076066927686835,46.01138576650513,46.143464027025885,90.01601670486666,90.08532762271217,0.0,260.7396261426013,-0.39063430919311637,0.0076443885114229615,0.2107592906827838,46.0113857480446,46.14346403920922,90.01601666681127,90.08532762100731,0.0,260.7399240229073,-0.3906343172207505
9.3,0.09589176567668277,-179.99990917172227,-0.0009665696380096127,10.85851120976069,0.19999998807907104,tilt,0.007644365748182114,0.21076066936345808,46.011386135692085,46.14346402947906,90.01601794671119,90.08532762031149,0.0,260.74635727763547,-0.39063560614233106,0.007644366053771279,0.21075929114709965,46.0113861168377,46.143464041604325,90.0160179082293,90.08532761858989,0.0,260.74665515695483,-0.39063561463437146,0.007644388203962793,0.2107606692402406,46.01138576650513,46.143464027018695,90.01601670486666,90.08532762270136,0.0,260.73962614260836,-0.39063430918701014,0.0076443885114229615,0.21075929071940885,46.0113857480446,46.143464039216404,90.01601666681127,90.08532762101812,0.0,260.7399240229002,-0.3906343172268567
9.32,0.09589176567668277,-179.99990917175148,-0.0009665696380118263,10.858511209760676,0.19999998807907104,tilt,0.007644365748182114,0.2107606693894415,46.011386135692085,46.14346402948473,90.01601794671119,90.08532762032134,0.0,260.7463572776447,-0.3906356061441074,0.007644366053771279,0.21075929112109917,46.0113861168377,46.14346404159861,90.0160179082293,90.08532761858004,0.0,260.7466551569456,-0.39063561463245633,0.007644388203962793,0.21076066926729756,46.01138576650513,46.14346402702408,90.01601670486666,90.08532762271078,0.0,260.7396261426172,-0.3906343091885922,0.0076443885114229615,0.21075929069234092,46.0113857480446,46.14346403921099,90.01601666681127,90.0853276210087,0.0,260.7399240228912,-0.3906343172251636
9.34,0.09589176567668277,-179.99990917176655,-0.0009665696380146637,10.858511209760652,0.19999998807907104,tilt,0.007644365748182114,0.21076066941722882,46.011386135692085,46.14346402949049,90.01601794671119,90.08532762032898,0.0,260.74635727763444,-0.3906356061511851,0.007644366053771279,0.21075929109331798,46.0113861168377,46.1434640415929,90.0160179082293,90.08532761857246,0.0,260.74665515695654,-0.3906356146253509,0.007644388203962793,0.21076066929600024,46.01138576650513,46.143464027029616,90.01601670486666,90.08532762271808,0.0,260.73962614260677,-0.39063430919561437,0.0076443885114229615,0.21075929066364754,46.0113857480446,46.1434640392055,90.01601666681127,90.08532762100145,0.0,260.7399240229024,-0.3906343172182247
9.36,0.09589176567668277,-179.99990917177914,-0.0009665696380236641,10.858511209760618,0.19999998807907104,tilt,0.007644365748182114,0.21076066944237015,46.011386135692085,46.143464029495675,90.01601794671119,90.08532762033641,0.0,260.74635727762296,-0.39063560615631987,0.007644366053771279,0.21075929106819993,46.0113861168377,46.14346404158779,90.0160179082293,90.08532761856513,0.0,260.7466551569677,-0.3906356146202994,0.007644388203962793,0.21076066932191034,46.01138576650513,46.14346402703458,90.01601670486666,90.08532762272522,0.0,260.73962614259517,-0.39063430920049935,0.0076443885114229615,0.21075929063774634,46.0113857480446,46.14346403920059,90.01601666681127,90.0853276209944,0.0,260.7399240229137,-0.39063431721333974
9.38,0.09589176567668277,-179.99990917176294,-0.0009665696380258303,10.858511209760595,0.19999998807907104,tilt,0.007644365748182114,0.21076066943305022,46.011386135692085,46.14346402949358,90.01601794671119,90.0853276203332,0.0,260.7463572776175,-0.39063560615476556,0.007644366053771279,0.21075929107753325,46.0113861168377,46.14346404158991,90.0160179082293,90.08532761856831,0.0,260.7466551569731,-0.3906356146219647,0.007644388203962793,0.21076066931216383,46.01138576650513,46.143464027032564,90.01601670486666,90.08532762272209,0.0,260.7396261425897,-0.3906343091990838,0.0076443885114229615,0.2107592906474934,46.0113857480446,46.14346403920257,90.01601666681127,90.08532762099745,0.0,260.7399240229188,-0.3906343172148108
9.4,0.09589176567668277,-179.99990917175188,-0.0009665696380257038,10.858511209760533,0.19999998807907104,tilt,0.007644365748182114,0.21076066942006974,46.011386135692085,46.14346402949088,90.01601794671119,90.08532762033235,0.0,260.7463572776196,-0.39063560614521764,0.007644366053771279,0.21075929109053237,46.0113861168377,46.143464041592594,90.0160179082293,90.08532761856918,0.0,260.7466551569707,-0.3906356146314294,0.007644388203962793,0.21076066929870804,46.01138576650513,46.14346402702999,90.01601670486666,90.08532762272125,0.0,260.73962614259244,-0.39063430919006326,0.0076443885114229615,0.21075929066095733,46.0113857480446,46.14346403920514,90.01601666681127,90.08532762099827,0.0,260.7399240229161,-0.3906343172238591
9.42,0.09589176567668277,-179.99990917174475,-0.0009665696380181929,10.858511209760545,0.19999998807907104,tilt,0.007644365748182114,0.21076066940541413,46.011386135692085,46.143464029487966,90.01601794671119,90.0853276203319,0.0,260.74635727763,-0.3906356061339489,0.007644366053771279,0.21075929110517408,46.0113861168377,46.143464041595465,90.0160179082293,90.0853276185696,0.0,260.74665515696023,-0.39063561464261487,0.007644388203962793,0.21076066928362233,46.01138576650513,46.14346402702721,90.01601670486666,90.08532762272084,0.0,260.7396261426031,-0.3906343091792108,0.0076443885114229615,0.2107592906760353,46.0113857480446,46.143464039207906,90.01601666681127,90.08532762099865,0.0,260.7399240229053,-0.3906343172346838
9.44,0.09589176567668277,-179.99990917173974,-0.0009665696380112519,10.858511209760486,0.19999998807907104,tilt,0.007644365748182114,0.21076066939049465,46.011386135692085,46.14346402948512,90.01601794671119,90.08532762033089,0.0,260.7463572776466,-0.39063560612415116,0.007644366053771279,0.21075929112005587,46.0113861168377,46.14346404159822,90.0160179082293,90.08532761857057,0.0,260.7466551569438,-0.3906356146521073,0.007644388203962793,0.2107606692683558,46.01138576650513,46.143464027024464,90.01601670486666,90.0853276227198,0.0,260.7396261426202,-0.3906343091698572,0.0076443885114229615,0.21075929069128382,46.0113857480446,46.14346403921058,90.01601666681127,90.08532762099962,0.0,260.73992402288854,-0.39063431724381537
9.46,0.09589176567668277,-179.9999091717474,-0.0009665696380183991,10.858511209760692,0.19999998807907104,tilt,0.007644365748182114,0.21076066937962448,46.011386135692085,46.1434640294827,90.01601794671119,90.08532762031732,0.0,260.7463572776503,-0.390635606144496,0.007644366053771279,0.21075929113093061,46.0113861168377,46.14346404160065,90.0160179082293,90.08532761858407,0.0,260.7466551569402,-0.3906356146319845,0.007644388203962793,0.21076066925717987,46.01138576650513,46.14346402702212,90.01601670486666,90.08532762270683,0.0,260.73962614262325,-0.3906343091891751,0.0076443885114229615,0.21075929070246133,46.0113857480446,46.143464039212915,90.01601666681127,90.0853276210126,0.0,260.7399240228856,-0.39063431722452524
9.48,0.09589176567668277,-179.99990917174972,-0.0009665696380214915,10.858511209760655,0.19999998807907104,tilt,0.007644365748182114,0.21076066939344854,46.011386135692085,46.14346402948549,90.01601794671119,90.08532762032094,0.0,260.74635727763905,-0.39063560614815973,0.007644366053771279,0.21075929111711386,46.0113861168377,46.143464041597866,90.0160179082293,90.0853276185805,0.0,260.7466551569518,-0.39063561462826524,0.007644388203962793,0.21076066927137416,46.01138576650513,46.14346402702483,90.01601670486666,90.08532762271035,0.0,260.7396261426116,-0.3906343091927278,0.0076443885114229615,0.2107592906882642,46.0113857480446,46.14346403921021,90.01601666681127,90.08532762100909,0.0,260.7399240228975,-0.390634317220917
9.5,0.09589176567668277,-179.99990917175504,-0.0009665696380286514,10.858511209760621,0.19999998807907104,tilt,0.007644365748182114,0.2107606694042692,46.011386135692085,46.14346402948782,90.01601794671119,90.08532762032614,0.0,260.74635727763234,-0.39063560614627235,0.007644366053771279,0.2107592911063439,46.0113861168377,46.14346404159568,90.0160179082293,90.08532761857542,0.0,260.7466551569584,-0.3906356146304302,0.007644388203962793,0.21076066928248963,46.01138576650513,46.14346402702702,90.01601670486666,90.08532762271535,0.0,260.7396261426049,-0.3906343091907294,0.0076443885114229615,0.21075929067717716,46.0113857480446,46.14346403920809,90.01601666681127,90.08532762100417,0.0,260.73992402290395,-0.3906343172230542
9.52,0.09589176567668277,-179.99990917176478,-0.0009665696380359826,10.858511209760616,0.19999998807907104,tilt,0.007644365748182114,0.2107606694132983,46.011386135692085,46.14346402948985,90.01601794671119,90.08532762033204,0.0,260.74635727763365,-0.3906356061415539,0.007644366053771279,0.21075929109734667,46.0113861168377,46.14346404159371,90.0160179082293,90.08532761856956,0.0,260.7466551569567,-0.3906356146352874,0.007644388203962793,0.2107606692918462,46.01138576650513,46.14346402702893,90.01601670486666,90.08532762272097,0.0,260.7396261426063,-0.39063430918612196,0.0076443885114229615,0.2107592906678241,46.0113857480446,46.14346403920619,90.01601666681127,90.0853276209986,0.0,260.7399240229022,-0.39063431722757835
9.540000000000001,0.09589176567668277,-179.99990917174813,-0.0009665696380270466,10.858511209760593,0.19999998807907104,tilt,0.007644365748182114,0.21076066939067636,46.011386135692085,46.14346402948522,90.01601794671119,90.085327620328,0.0,260.746357277641,-0.3906356061311178,0.007644366053771279,0.2107592911199477,46.0113861168377,46.14346404159824,90.0160179082293,90.0853276185735,0.0,260.74665515694943,-0.3906356146456125,0.007644388203962793,0.21076066926848927,46.01138576650513,46.143464027024514,90.01601670486666,90.08532762271712,0.0,260.7396261426141,-0.3906343091761577,0.0076443885114229615,0.2107592906911593,46.0113857480446,46.14346403921054,90.01601666681127,90.0853276210024,0.0,260.73992402289446,-0.39063431723737607
9.56,0.09589176567668277,-179.99990917176214,-0.0009665696380261414,10.858511209760579,0.19999998807907104,tilt,0.007644365748182114,0.21076066939986374,46.011386135692085,46.14346402948749,90.01601794671119,90.08532762033322,0.0,260.74635727765235,-0.39063560612884185,0.007644366053771279,0.2107592911107646,46.0113861168377,46.14346404159598,90.0160179082293,90.0853276185683,0.0,260.74665515693795,-0.39063561464780516,0.007644388203962793,0.21076066927818685,46.01138576650513,46.143464027026646,90.01601670486666,90.08532762272206,0.0,260.73962614262547,-0.3906343091740483,0.0076443885114229615,0.21075929068146423,46.0113857480446,46.14346403920842,90.01601666681127,90.08532762099743,0.0,260.7399240228828,-0.39063431723970754
9.58,0.09589176567668277,-179.99990917175876,-0.0009665696380191369,10.858511209760547,0.19999998807907104,tilt,0.007644365748182114,0.21076066941019114,46.011386135692085,46.14346402948958,90.01601794671119,90.08532762033401,0.0,260.74635727764394,-0.3906356061359473,0.007644366053771279,0.21075929110041094,46.0113861168377,46.143464041593845,90.0160179082293,90.08532761856749,0.0,260.74665515694585,-0.3906356146405887,0.007644388203962793,0.21076066928885806,46.01138576650513,46.143464027028664,90.01601670486666,90.08532762272282,0.0,260.7396261426167,-0.39063430918087616,0.0076443885114229615,0.2107592906707791,46.0113857480446,46.14346403920636,90.01601666681127,90.08532762099662,0.0,260.7399240228914,-0.39063431723276865
9.6,0.09589176567668277,-179.9999091717497,-0.0009665696380115127,10.858511209760477,0.19999998807907104,tilt,0.007644365748182114,0.2107606694161242,46.011386135692085,46.14346402949063,90.01601794671119,90.08532762033347,0.0,260.7463572776343,-0.39063560614163717,0.007644366053771279,0.2107592910944361,46.0113861168377,46.14346404159273,90.0160179082293,90.08532761856794,0.0,260.74665515695636,-0.39063561463487106,0.007644388203962793,0.21076066929489592,46.01138576650513,46.14346402702969,90.01601670486666,90.08532762272232,0.0,260.7396261426071,-0.3906343091863995,0.0076443885114229615,0.21075929066472093,46.0113857480446,46.14346403920528,90.01601666681127,90.0853276209971,0.0,260.7399240229019,-0.3906343172271065
9.620000000000001,0.09589176567668277,-179.9999091717396,-0.0009665696380106144,10.85851120976068,0.19999998807907104,tilt,0.007644365748182114,0.21076066938730695,46.011386135692085,46.14346402948419,90.01601794671119,90.08532762031643,0.0,260.74635727763206,-0.39063560615282267,0.007644366053771279,0.2107592911232546,46.0113861168377,46.14346404159919,90.0160179082293,90.08532761858497,0.0,260.7466551569584,-0.3906356146237966,0.007644388203962793,0.21076066926498022,46.01138576650513,46.14346402702361,90.01601670486666,90.08532762270602,0.0,260.7396261426046,-0.39063430919736297,0.0076443885114229615,0.21075929069466118,46.0113857480446,46.14346403921145,90.01601666681127,90.08532762101346,0.0,260.739924022904,-0.3906343172163651
9.64,0.09589176567668277,-179.99990917173668,-0.0009665696380135426,10.858511209760673,0.19999998807907104,tilt,0.007644365748182114,0.2107606693820389,46.011386135692085,46.14346402948308,90.01601794671119,90.08532762031774,0.0,260.7463572776334,-0.39063560614521764,0.007644366053771279,0.21075929112853492,46.0113861168377,46.14346404160034,90.0160179082293,90.08532761858363,0.0,260.746655156957,-0.39063561463162366,0.007644388203962793,0.21076066925949982,46.01138576650513,46.143464027022574,90.01601670486666,90.08532762270734,0.0,260.739626142606,-0.39063430918995223,0.0076443885114229615,0.21075929070015864,46.0113857480446,46.143464039212546,90.01601666681127,90.08532762101214,0.0,260.7399240229024,-0.3906343172239424
9.66,0.09589176567668277,-179.9999091717405,-0.0009665696380121031,10.858511209760668,0.19999998807907104,tilt,0.007644365748182114,0.21076066937604557,46.011386135692085,46.143464029482,90.01601794671119,90.08532762032152,0.0,260.7463572776421,-0.3906356061320615,0.007644366053771279,0.2107592911344828,46.0113861168377,46.1434640416013,90.0160179082293,90.08532761857975,0.0,260.74665515694846,-0.39063561464444674,0.007644388203962793,0.2107606692533744,46.01138576650513,46.143464027021494,90.01601670486666,90.08532762271096,0.0,260.7396261426153,-0.39063430917726794,0.0076443885114229615,0.21075929070624785,46.0113857480446,46.14346403921349,90.01601666681127,90.08532762100847,0.0,260.7399240228933,-0.3906343172361826
9.68,0.09589176567668277,-179.99990917176828,-0.0009665696380178227,10.85851120976062,0.19999998807907104,tilt,0.007644365748182114,0.21076066940515406,46.011386135692085,46.14346402948839,90.01601794671119,90.0853276203312,0.0,260.7463572776479,-0.39063560613727955,0.007644366053771279,0.21075929110540947,46.0113861168377,46.14346404159502,90.0160179082293,90.08532761857028,0.0,260.74665515694267,-0.39063561463925645,0.007644388203962793,0.21076066928365858,46.01138576650513,46.143464027027555,90.01601670486666,90.0853276227202,0.0,260.73962614262075,-0.39063430918206965,0.0076443885114229615,0.2107592906759966,46.0113857480446,46.14346403920753,90.01601666681127,90.08532762099938,0.0,260.7399240228879,-0.39063431723151965
9.700000000000001,0.09589176567668277,-179.99990917178297,-0.0009665696380241346,10.858511209760605,0.19999998807907104,tilt,0.007644365748182114,0.21076066943440078,46.011386135692085,46.14346402949447,90.01601794671119,90.0853276203388,0.0,260.74635727763695,-0.3906356061458005,0.007644366053771279,0.21075929107616223,46.0113861168377,46.14346404158895,90.0160179082293,90.08532761856266,0.0,260.7466551569544,-0.39063561463081875,0.007644388203962793,0.2107606693138677,46.01138576650513,46.14346402703336,90.01601670486666,90.08532762272749,0.0,260.73962614260927,-0.3906343091902298,0.0076443885114229615,0.2107592906457743,46.0113857480446,46.14346403920171,90.01601666681127,90.08532762099203,0.0,260.7399240229,-0.390634317223415
9.72,0.09589176567668277,-179.9999091717639,-0.0009665696380188429,10.85851120976058,0.19999998807907104,tilt,0.007644365748182114,0.2107606694289468,46.011386135692085,46.14346402949312,90.01601794671119,90.0853276203344,0.0,260.74635727762626,-0.3906356061500471,0.007644366053771279,0.2107592910816061,46.0113861168377,46.143464041590306,90.0160179082293,90.08532761856699,0.0,260.74665515696455,-0.3906356146267387,0.007644388203962793,0.2107606693080922,46.01138576650513,46.14346402703207,90.01601670486666,90.0853276227233,0.0,260.7396261425985,-0.3906343091941433,0.0076443885114229615,0.21075929065154342,46.0113857480446,46.143464039202996,90.01601666681127,90.0853276209962,0.0,260.7399240229104,-0.390634317219557
9.74,0.09589176567668277,-179.99990917174836,-0.0009665696380197601,10.858511209760504,0.19999998807907104,tilt,0.007644365748182114,0.21076066941831176,46.011386135692085,46.14346402949078,90.01601794671119,90.08532762033212,0.0,260.74635727762256,-0.39063560614527315,0.007644366053771279,0.21075929109225625,46.0113861168377,46.14346404159265,90.0160179082293,90.08532761856941,0.0,260.7466551569677,-0.3906356146311796,0.007644388203962793,0.2107606692970043,46.01138576650513,46.14346402702987,90.01601670486666,90.08532762272107,0.0,260.7396261425953,-0.39063430918998,0.0076443885114229615,0.2107592906626444,46.0113857480446,46.14346403920524,90.01601666681127,90.08532762099846,0.0,260.73992402291327,-0.39063431722383135
9.76,0.09589176567668277,-179.999909171736,-0.0009665696380232721,10.858511209760486,0.19999998807907104,tilt,0.007644365748182114,0.21076066940435628,46.011386135692085,46.14346402948787,90.01601794671119,90.0853276203297,0.0,260.7463572776287,-0.39063560613847303,0.007644366053771279,0.2107592911062275,46.0113861168377,46.14346404159557,90.0160179082293,90.08532761857178,0.0,260.74665515696165,-0.3906356146381462,0.007644388203962793,0.21076066928256532,46.01138576650513,46.143464027027086,90.01601670486666,90.08532762271874,0.0,260.7396261426016,-0.3906343091834019,0.0076443885114229615,0.21075929067708374,46.0113857480446,46.14346403920802,90.01601666681127,90.08532762100072,0.0,260.73992402290685,-0.3906343172304927
9.78,0.09589176567668277,-179.99990917172514,-0.0009665696380158076,10.858511209760696,0.19999998807907104,tilt,0.007644365748182114,0.21076066938861004,46.011386135692085,46.143464029484655,90.01601794671119,90.08532762032611,0.0,260.74635727764263,-0.3906356061330052,0.007644366053771279,0.21075929112194794,46.0113861168377,46.14346404159869,90.0160179082293,90.0853276185753,0.0,260.74665515694784,-0.3906356146434753,0.007644388203962793,0.21076066926636922,46.01138576650513,46.14346402702401,90.01601670486666,90.0853276227153,0.0,260.7396261426157,-0.39063430917812836,0.0076443885114229615,0.21075929069325833,46.0113857480446,46.14346403921104,90.01601666681127,90.08532762100411,0.0,260.7399240228931,-0.3906343172356552
9.8,0.09589176567668277,-179.9999091717627,-0.0009665696380152064,10.858511209760675,0.19999998807907104,tilt,0.007644365748182114,0.21076066940592736,46.011386135692085,46.143464029488136,90.01601794671119,90.08532762032421,0.0,260.7463572776413,-0.39063560615196224,0.007644366053771279,0.21075929110461641,46.0113861168377,46.143464041595195,90.0160179082293,90.0853276185772,0.0,260.746655156949,-0.39063561462432395,0.007644388203962793,0.21076066928435774,46.01138576650513,46.14346402702731,90.01601670486666,90.08532762271346,0.0,260.7396261426137,-0.390634309196225,0.0076443885114229615,0.21075929067526736,46.0113857480446,46.14346403920774,90.01601666681127,90.08532762100599,0.0,260.7399240228949,-0.39063431721753084
9.82,0.09589176567668277,-179.99990917176228,-0.0009665696380166008,10.858511209760643,0.19999998807907104,tilt,0.007644365748182114,0.21076066941996205,46.011386135692085,46.14346402949088,90.01601794671119,90.085327620327,0.0,260.7463572776273,-0.39063560615720805,0.007644366053771279,0.21075929109059377,46.0113861168377,46.1434640415925,90.0160179082293,90.08532761857448,0.0,260.7466551569632,-0.3906356146191614,0.007644388203962793,0.21076066929873746,46.01138576650513,46.143464027029985,90.01601670486666,90.08532762271616,0.0,260.7396261425995,-0.39063430920155406,0.0076443885114229615,0.21075929066090243,46.0113857480446,46.14346403920513,90.01601666681127,90.08532762100339,0.0,260.7399240229088,-0.39063431721228503
9.84,0.09589176567668277,-179.99990917176441,-0.0009665696380203986,10.858511209760637,0.19999998807907104,tilt,0.007644365748182114,0.21076066943008323,46.011386135692085,46.143464029492904,90.01601794671119,90.08532762033133,0.0,260.7463572776183,-0.3906356061560978,0.007644366053771279,0.2107592910804885,46.0113861168377,46.143464041590555,90.0160179082293,90.08532761857018,0.0,260.74665515697234,-0.3906356146205492,0.007644388203962793,0.21076066930909493,46.01138576650513,46.14346402703193,90.01601670486666,90.08532762272034,0.0,260.73962614259057,-0.3906343092003606,0.0076443885114229615,0.21075929065055626,46.0113857480446,46.14346403920323,90.01601666681127,90.08532762099925,0.0,260.73992402291816,-0.3906343172135618
9.86,0.09589176567668277,-179.99990917177072,-0.0009665696380265329,10.85851120976059,0.19999998807907104,tilt,0.007644365748182114,0.21076066943760444,46.011386135692085,46.14346402949452,90.01601794671119,90.08532762033622,0.0,260.74635727761796,-0.3906356061519345,0.007644366053771279,0.21075929107299968,46.0113861168377,46.14346404158901,90.0160179082293,90.0853276185654,0.0,260.7466551569723,-0.39063561462482355,0.007644388203962793,0.210760669316858,46.01138576650513,46.14346402703345,90.01601670486666,90.08532762272498,0.0,260.73962614259034,-0.3906343091963915,0.0076443885114229615,0.21075929064281235,46.0113857480446,46.143464039201746,90.01601666681127,90.08532762099462,0.0,260.73992402291805,-0.39063431721778064
9.88,0.09589176567668277,-179.99990917174964,-0.0009665696380213261,10.858511209760557,0.19999998807907104,tilt,0.007644365748182114,0.2107606694128694,46.011386135692085,46.14346402948933,90.01601794671119,90.08532762033023,0.0,260.74635727762455,-0.39063560614346904,0.007644366053771279,0.21075929109771394,46.0113861168377,46.143464041594115,90.0160179082293,90.08532761857127,0.0,260.74665515696574,-0.39063561463312246,0.007644388203962793,0.21076066929128318,46.01138576650513,46.1434640270285,90.01601670486666,90.08532762271925,0.0,260.73962614259733,-0.39063430918825914,0.0076443885114229615,0.2107592906683679,46.0113857480446,46.14346403920662,90.01601666681127,90.08532762100025,0.0,260.73992402291117,-0.3906343172256077
9.9,0.09589176567668277,-179.9999091717337,-0.0009665696380191928,10.858511209760536,0.19999998807907104,tilt,0.007644365748182114,0.21076066938626678,46.011386135692085,46.14346402948399,90.01601794671119,90.08532762032702,0.0,260.74635727763643,-0.39063560612809245,0.007644366053771279,0.2107592911243085,46.0113861168377,46.143464041599444,90.0160179082293,90.08532761857447,0.0,260.7466551569538,-0.39063561464844354,0.007644388203962793,0.21076066926383996,46.01138576650513,46.14346402702337,90.01601670486666,90.08532762271616,0.0,260.73962614260995,-0.39063430917352093,0.0076443885114229615,0.21075929069580368,46.0113857480446,46.14346403921172,90.01601666681127,90.08532762100329,0.0,260.7399240228987,-0.3906343172403737
9.92,0.09589176567668277,-179.99990917174222,-0.0009665696380199299,10.858511209760485,0.19999998807907104,tilt,0.007644365748182114,0.21076066939307436,46.011386135692085,46.14346402948571,90.01601794671119,90.08532762032918,0.0,260.74635727764934,-0.39063560613053494,0.007644366053771279,0.2107592911175032,46.0113861168377,46.143464041597696,90.0160179082293,90.08532761857226,0.0,260.7466551569413,-0.3906356146461121,0.007644388203962793,0.21076066927108067,46.01138576650513,46.14346402702497,90.01601670486666,90.08532762271821,0.0,260.73962614262246,-0.39063430917557485,0.0076443885114229615,0.21075929068856097,46.0113857480446,46.143464039210116,90.01601666681127,90.0853276210012,0.0,260.7399240228863,-0.39063431723831976
9.94,0.09589176567668277,-179.99990917173363,-0.0009665696380184046,10.858511209760689,0.19999998807907104,tilt,0.007644365748182114,0.21076066939941107,46.011386135692085,46.143464029486964,90.01601794671119,90.08532762032728,0.0,260.7463572776438,-0.39063560614008286,0.007644366053771279,0.21075929111117417,46.0113861168377,46.14346404159648,90.0160179082293,90.08532761857417,0.0,260.74665515694676,-0.3906356146366474,0.007644388203962793,0.21076066927759876,46.01138576650513,46.143464027026155,90.01601670486666,90.08532762271642,0.0,260.73962614261654,-0.3906343091846509,0.0076443885114229615,0.21075929068204682,46.0113857480446,46.14346403920891,90.01601666681127,90.08532762100306,0.0,260.73992402289224,-0.39063431722902164
9.96,0.09589176567668277,-179.99990917175435,-0.0009665696380196683,10.858511209760675,0.19999998807907104,tilt,0.007644365748182114,0.21076066940090712,46.011386135692085,46.14346402948703,90.01601794671119,90.08532762032237,0.0,260.74635727763575,-0.3906356061514904,0.007644366053771279,0.21075929110965338,46.0113861168377,46.14346404159638,90.0160179082293,90.08532761857906,0.0,260.74665515695517,-0.39063561462518437,0.007644388203962793,0.21076066927905757,46.01138576650513,46.14346402702624,90.01601670486666,90.08532762271172,0.0,260.73962614260813,-0.3906343091956421,0.0076443885114229615,0.21075929068056715,46.0113857480446,46.143464039208794,90.01601666681127,90.08532762100772,0.0,260.739924022901,-0.39063431721814146
9.98,0.09589176567668277,-179.99990917174893,-0.0009665696380207016,10.858511209760636,0.19999998807907104,tilt,0.007644365748182114,0.21076066939819127,46.011386135692085,46.14346402948645,90.01601794671119,90.08532762032331,0.0,260.7463572776319,-0.39063560614691073,0.007644366053771279,0.21075929111239847,46.0113861168377,46.14346404159703,90.0160179082293,90.08532761857822,0.0,260.7466551569585,-0.39063561462981955,0.007644388203962793,0.21076066927618442,46.01138576650513,46.14346402702571,90.01601670486666,90.08532762271261,0.0,260.7396261426046,-0.39063430919134,0.0076443885114229615,0.21075929068346716,46.0113857480446,46.143464039209405,90.01601666681127,90.08532762100691,0.0,260.7399240229041,-0.3906343172224158
10.0,0.09589176567668277,-179.99990917174975,-0.0009665696380185699,10.858511209760637,0.19999998807907104,tilt,0.007644365748182114,0.2107606693935547,46.011386135692085,46.14346402948563,90.01601794671119,90.08532762032642,0.0,260.7463572776361,-0.39063560613639137,0.007644366053771279,0.2107592911170348,46.0113861168377,46.143464041597845,90.0160179082293,90.08532761857504,0.0,260.74665515695426,-0.39063561464044994,0.007644388203962793,0.21076066927142106,46.01138576650513,46.14346402702492,90.01601670486666,90.08532762271567,0.0,260.73962614260904,-0.3906343091811537,0.0076443885114229615,0.21075929068823562,46.0113857480446,46.14346403921019,90.01601666681127,90.08532762100387,0.0,260.73992402289934,-0.3906343172325466
10.02,0.09589176567668277,-179.9999091717556,-0.0009665696380168359,10.85851120976061,0.19999998807907104,tilt,0.007644365748182114,0.21076066938890653,46.011386135692085,46.14346402948499,90.01601794671119,90.08532762033062,0.0,260.7463572776474,-0.3906356061241789,0.007644366053771279,0.2107592911216757,46.0113861168377,46.14346404159847,90.0160179082293,90.08532761857084,0.0,260.7466551569429,-0.39063561465255137,0.007644388203962793,0.21076066926674827,46.01138576650513,46.1434640270243,90.01601670486666,90.08532762271965,0.0,260.7396261426209,-0.39063430916952413,0.0076443885114229615,0.2107592906929106,46.0113857480446,46.14346403921082,90.01601666681127,90.08532762099986,0.0,260.73992402288764,-0.3906343172443427
10.040000000000001,0.09589176567668277,-179.9999091717798,-0.0009665696380231103,10.858511209760545,0.19999998807907104,tilt,0.007644365748182114,0.21076066941953717,46.011386135692085,46.14346402949164,90.01601794671119,90.08532762033914,0.0,260.7463572776497,-0.39063560613308845,0.007644366053771279,0.21075929109105407,46.0113861168377,46.143464041591855,90.0160179082293,90.08532761856237,0.0,260.7466551569408,-0.3906356146437251,0.007644388203962793,0.21076066929859355,46.01138576650513,46.14346402703063,90.01601670486666,90.08532762272775,0.0,260.73962614262257,-0.39063430917812836,0.0076443885114229615,0.21075929066106835,46.0113857480446,46.14346403920451,90.01601666681127,90.08532762099175,0.0,260.73992402288604,-0.39063431723596054
10.06,0.09589176567668277,-179.99990917176027,-0.0009665696380268701,10.858511209760513,0.19999998807907104,tilt,0.007644365748182114,0.2107606694175521,46.011386135692085,46.14346402949108,90.01601794671119,90.08532762033366,0.0,260.7463572776384,-0.3906356061430527,0.007644366053771279,0.2107592910930606,46.0113861168377,46.14346404159248,90.0160179082293,90.08532761856789,0.0,260.7466551569519,-0.3906356146339274,0.007644388203962793,0.21076066929642953,46.01138576650513,46.14346402703007,90.01601670486666,90.08532762272245,0.0,260.73962614261075,-0.39063430918762077,0.0076443885114229615,0.21075929066323928,46.0113857480446,46.14346403920507,90.01601666681127,90.08532762099705,0.0,260.7399240228974,-0.3906343172264126
10.08,0.09589176567668277,-179.99990917174046,-0.0009665696380260692,10.858511209760442,0.19999998807907104,tilt,0.007644365748182114,0.21076066940956176,46.011386135692085,46.14346402948923,90.01601794671119,90.0853276203297,0.0,260.74635727762995,-0.39063560614421844,0.007644366053771279,0.21075929110106426,46.0113861168377,46.14346404159438,90.0160179082293,90.08532761857187,0.0,260.7466551569604,-0.3906356146329837,0.007644388203962793,0.21076066928802403,46.01138576650513,46.1434640270283,90.01601670486666,90.0853276227187,0.0,260.73962614260273,-0.3906343091885922,0.0076443885114229615,0.21075929067164434,46.0113857480446,46.14346403920683,90.01601666681127,90.08532762100083,0.0,260.73992402290594,-0.3906343172252469
10.1,0.09589176567668277,-179.99990917172246,-0.00096656963802368,10.85851120976068,0.19999998807907104,tilt,0.007644365748182114,0.21076066939666913,46.011386135692085,46.1434640294864,90.01601794671119,90.08532762032502,0.0,260.74635727763143,-0.39063560614277515,0.007644366053771279,0.21075929111397732,46.0113861168377,46.14346404159723,90.0160179082293,90.08532761857653,0.0,260.746655156959,-0.3906356146344825,0.007644388203962793,0.21076066927462322,46.01138576650513,46.1434640270256,90.01601670486666,90.08532762271423,0.0,260.73962614260415,-0.39063430918720443,0.0076443885114229615,0.21075929068505556,46.0113857480446,46.143464039209555,90.01601666681127,90.08532762100526,0.0,260.7399240229046,-0.39063431722682895
10.120000000000001,0.09589176567668277,-179.99990917174034,-0.0009665696380256254,10.858511209760668,0.19999998807907104,tilt,0.007644365748182114,0.21076066938032037,46.011386135692085,46.14346402948291,90.01601794671119,90.08532762031847,0.0,260.7463572776384,-0.3906356061428029,0.007644366053771279,0.2107592911303264,46.0113861168377,46.143464041600694,90.0160179082293,90.08532761858302,0.0,260.74665515695204,-0.39063561463451024,0.007644388203962793,0.2107606692577341,46.01138576650513,46.14346402702225,90.01601670486666,90.08532762270795,0.0,260.7396261426113,-0.3906343091871767,0.0076443885114229615,0.21075929070194266,46.0113857480446,46.14346403921289,90.01601666681127,90.08532762101152,0.0,260.7399240228974,-0.39063431722677344
10.14,0.09589176567668277,-179.99990917176268,-0.000966569638023498,10.858511209760659,0.19999998807907104,tilt,0.007644365748182114,0.2107606693944927,46.011386135692085,46.14346402948613,90.01601794671119,90.08532762032686,0.0,260.7463572776499,-0.3906356061375016,0.007644366053771279,0.2107592911161237,46.0113861168377,46.14346404159736,90.0160179082293,90.08532761857455,0.0,260.7466551569405,-0.390635614639534,0.007644388203962793,0.21076066927256393,46.01138576650513,46.14346402702531,90.01601670486666,90.08532762271604,0.0,260.73962614262285,-0.39063430918193087,0.0076443885114229615,0.21075929068708624,46.0113857480446,46.14346403920976,90.01601666681127,90.08532762100344,0.0,260.7399240228857,-0.3906343172317972
10.16,0.09589176567668277,-179.99990917176865,-0.0009665696380238214,10.858511209760618,0.19999998807907104,tilt,0.007644365748182114,0.21076066941234975,46.011386135692085,46.143464029489806,90.01601794671119,90.08532762033008,0.0,260.74635727764274,-0.39063560614577275,0.007644366053771279,0.21075929109825844,46.0113861168377,46.14346404159365,90.0160179082293,90.08532761857137,0.0,260.7466551569476,-0.39063561463101304,0.007644388203962793,0.21076066929104043,46.01138576650513,46.143464027028834,90.01601670486666,90.08532762271912,0.0,260.7396261426151,-0.3906343091899245,0.0076443885114229615,0.21075929066860438,46.0113857480446,46.143464039206215,90.01601666681127,90.08532762100042,0.0,260.7399240228932,-0.3906343172235538
10.18,0.09589176567668277,-179.9999091717701,-0.0009665696380274953,10.85851120976061,0.19999998807907104,tilt,0.007644365748182114,0.21076066942695537,46.011386135692085,46.14346402949273,90.01601794671119,90.08532762033424,0.0,260.7463572776298,-0.3906356061487981,0.007644366053771279,0.21075929108365124,46.0113861168377,46.14346404159073,90.0160179082293,90.08532761856716,0.0,260.7466551569613,-0.39063561462812646,0.007644388203962793,0.21076066930602466,46.01138576650513,46.14346402703165,90.01601670486666,90.08532762272316,0.0,260.7396261426021,-0.3906343091927278,0.0076443885114229615,0.21075929065361135,46.0113857480446,46.14346403920337,90.01601666681127,90.08532762099632,0.0,260.7399240229071,-0.39063431722077824
10.200000000000001,0.09589176567668277,-179.99990917177323,-0.0009665696380310475,10.85851120976058,0.19999998807907104,tilt,0.007644365748182114,0.21076066943781308,46.011386135692085,46.14346402949494,90.01601794671119,90.08532762033846,0.0,260.7463572776232,-0.3906356061486316,0.007644366053771279,0.21075929107280267,46.0113861168377,46.143464041588544,90.0160179082293,90.085327618563,0.0,260.7466551569677,-0.39063561462826524,0.007644388203962793,0.21076066931718562,46.01138576650513,46.14346402703379,90.01601670486666,90.08532762272718,0.0,260.7396261425955,-0.39063430919270004,0.0076443885114229615,0.21075929064244778,46.0113857480446,46.143464039201255,90.01601666681127,90.08532762099233,0.0,260.73992402291327,-0.39063431722083375
10.22,0.09589176567668277,-179.99990917174753,-0.0009665696380176841,10.858511209760549,0.19999998807907104,tilt,0.007644365748182114,0.21076066941506402,46.011386135692085,46.14346402949005,90.01601794671119,90.08532762033057,0.0,260.74635727762495,-0.390635606145745,0.007644366053771279,0.21075929109553215,46.0113861168377,46.143464041593404,90.0160179082293,90.08532761857089,0.0,260.7466551569655,-0.39063561463101304,0.007644388203962793,0.21076066929361828,46.01138576650513,46.14346402702914,90.01601670486666,90.08532762271963,0.0,260.7396261425975,-0.390634309190091,0.0076443885114229615,0.2107592906660155,46.0113857480446,46.143464039205895,90.01601666681127,90.0853276209999,0.0,260.73992402291117,-0.39063431722333175
10.24,0.09589176567668277,-179.99990917172627,-0.000966569638005157,10.858511209760477,0.19999998807907104,tilt,0.007644365748182114,0.21076066938877383,46.011386135692085,46.14346402948457,90.01601794671119,90.08532762032522,0.0,260.7463572776331,-0.39063560613464277,0.007644366053771279,0.21075929112178138,46.0113861168377,46.14346404159878,90.0160179082293,90.08532761857623,0.0,260.7466551569573,-0.39063561464175445,0.007644388203962793,0.21076066926645354,46.01138576650513,46.14346402702393,90.01601670486666,90.0853276227145,0.0,260.73962614260614,-0.39063430917951614,0.0076443885114229615,0.21075929069317387,46.0113857480446,46.143464039211096,90.01601666681127,90.085327621005,0.0,260.7399240229025,-0.3906343172339344
10.26,0.09589176567668277,-179.99990917172948,-0.0009665696380041879,10.858511209760698,0.19999998807907104,tilt,0.007644365748182114,0.2107606693944691,46.011386135692085,46.14346402948588,90.01601794671119,90.08532762032497,0.0,260.7463572776439,-0.39063560614063797,0.007644366053771279,0.2107592911160762,46.0113861168377,46.14346404159747,90.0160179082293,90.08532761857641,0.0,260.7466551569465,-0.39063561463581475,0.007644388203962793,0.21076066927249953,46.01138576650513,46.143464027025146,90.01601670486666,90.08532762271425,0.0,260.7396261426166,-0.39063430918526154,0.0076443885114229615,0.2107592906871382,46.0113857480446,46.1434640392099,90.01601666681127,90.08532762100525,0.0,260.7399240228919,-0.3906343172283
10.28,0.09589176567668277,-179.99990917174947,-0.0009665696380154266,10.858511209760673,0.19999998807907104,tilt,0.007644365748182114,0.21076066939864005,46.011386135692085,46.14346402948646,90.01601794671119,90.08532762032,0.0,260.7463572776335,-0.39063560615440474,0.007644366053771279,0.21075929111192815,46.0113861168377,46.14346404159694,90.0160179082293,90.08532761858145,0.0,260.74665515695693,-0.3906356146222145,0.007644388203962793,0.21076066927671802,46.01138576650513,46.143464027025736,90.01601670486666,90.08532762270946,0.0,260.73962614260586,-0.3906343091986675,0.0076443885114229615,0.21075929068294227,46.0113857480446,46.143464039209384,90.01601666681127,90.08532762101008,0.0,260.73992402290276,-0.39063431721519937
10.3,0.09589176567668277,-179.99990917176783,-0.0009665696380293353,10.858511209760628,0.19999998807907104,tilt,0.007644365748182114,0.2107606694293465,46.011386135692085,46.14346402949283,90.01601794671119,90.08532762032895,0.0,260.74635727762285,-0.3906356061611771,0.007644366053771279,0.21075929108128208,46.0113861168377,46.14346404159073,90.0160179082293,90.08532761857268,0.0,260.7466551569679,-0.3906356146157475,0.007644388203962793,0.2107606693083828,46.01138576650513,46.14346402703181,90.01601670486666,90.08532762271801,0.0,260.73962614259483,-0.39063430920505127,0.0076443885114229615,0.21075929065130924,46.0113857480446,46.143464039203394,90.01601666681127,90.08532762100162,0.0,260.7399240229138,-0.39063431720884334
10.32,0.09589176567668277,-179.99990917175916,-0.0009665696380321538,10.858511209760618,0.19999998807907104,tilt,0.007644365748182114,0.21076066942583235,46.011386135692085,46.14346402949195,90.01601794671119,90.0853276203287,0.0,260.7463572776172,-0.3906356061580407,0.007644366053771279,0.21075929108481212,46.0113861168377,46.14346404159164,90.0160179082293,90.08532761857289,0.0,260.7466551569732,-0.39063561461902263,0.007644388203962793,0.21076066930463594,46.01138576650513,46.14346402703098,90.01601670486666,90.08532762271776,0.0,260.73962614258954,-0.3906343092021092,0.0076443885114229615,0.21075929065504828,46.0113857480446,46.14346403920422,90.01601666681127,90.08532762100181,0.0,260.7399240229192,-0.3906343172119242
10.34,0.09589176567668277,-179.9999091717564,-0.0009665696380324974,10.8585112097606,0.19999998807907104,tilt,0.007644365748182114,0.21076066941960325,46.011386135692085,46.143464029490715,90.01601794671119,90.08532762033079,0.0,260.74635727761984,-0.3906356061480487,0.007644366053771279,0.21075929109107494,46.0113861168377,46.143464041592935,90.0160179082293,90.08532761857083,0.0,260.7466551569705,-0.3906356146291534,0.007644388203962793,0.21076066929817514,46.01138576650513,46.143464027029786,90.01601670486666,90.08532762271977,0.0,260.7396261425924,-0.39063430919256126,0.0076443885114229615,0.21075929066152524,46.0113857480446,46.14346403920541,90.01601666681127,90.0853276209998,0.0,260.739924022916,-0.39063431722152764
10.36,0.09589176567668277,-179.99990917175842,-0.0009665696380250316,10.858511209760593,0.19999998807907104,tilt,0.007644365748182114,0.2107606694126304,46.011386135692085,46.14346402948946,90.01601794671119,90.08532762033371,0.0,260.74635727762984,-0.3906356061361971,0.007644366053771279,0.21075929109803418,46.0113861168377,46.143464041594115,90.0160179082293,90.08532761856786,0.0,260.7466551569602,-0.390635614640783,0.007644388203962793,0.21076066929105725,46.01138576650513,46.143464027028585,90.01601670486666,90.08532762272256,0.0,260.7396261426031,-0.39063430918118147,0.0076443885114229615,0.21075929066863328,46.0113857480446,46.14346403920658,90.01601666681127,90.08532762099699,0.0,260.7399240229053,-0.39063431723282416
10.38,0.09589176567668277,-179.99990917176345,-0.0009665696380217358,10.858511209760536,0.19999998807907104,tilt,0.007644365748182114,0.21076066940638116,46.011386135692085,46.14346402948854,90.01601794671119,90.08532762033676,0.0,260.74635727764536,-0.39063560612540016,0.007644366053771279,0.2107592911042642,46.0113861168377,46.14346404159498,90.0160179082293,90.0853276185648,0.0,260.7466551569449,-0.39063561465144114,0.007644388203962793,0.21076066928477918,46.01138576650513,46.143464027027676,90.01601670486666,90.08532762272543,0.0,260.73962614261876,-0.39063430917077313,0.0076443885114229615,0.21075929067490315,46.0113857480446,46.143464039207466,90.01601666681127,90.08532762099406,0.0,260.73992402288974,-0.390634317243177
10.4,0.09589176567668277,-179.99990917174958,-0.0009665696380185631,10.858511209760515,0.19999998807907104,tilt,0.007644365748182114,0.21076066940428637,46.011386135692085,46.14346402948808,90.01601794671119,90.08532762033008,0.0,260.7463572776471,-0.39063560613852855,0.007644366053771279,0.2107592911063327,46.0113861168377,46.143464041595394,90.0160179082293,90.08532761857137,0.0,260.74665515694335,-0.39063561463836827,0.007644388203962793,0.21076066928268777,46.01138576650513,46.14346402702721,90.01601670486666,90.08532762271903,0.0,260.73962614261984,-0.3906343091832354,0.0076443885114229615,0.21075929067697632,46.0113857480446,46.143464039207885,90.01601666681127,90.08532762100036,0.0,260.73992402288883,-0.390634317230798
10.42,0.09589176567668277,-179.99990917172724,-0.0009665696380152727,10.858511209760703,0.19999998807907104,tilt,0.007644365748182114,0.21076066939747207,46.011386135692085,46.143464029486445,90.01601794671119,90.08532762032434,0.0,260.7463572776379,-0.390635606144496,0.007644366053771279,0.2107592911131209,46.0113861168377,46.14346404159699,90.0160179082293,90.08532761857707,0.0,260.74665515695233,-0.3906356146322343,0.007644388203962793,0.21076066927551787,46.01138576650513,46.143464027025665,90.01601670486666,90.0853276227136,0.0,260.73962614261046,-0.3906343091889253,0.0076443885114229615,0.2107592906841266,46.0113857480446,46.143464039209356,90.01601666681127,90.08532762100579,0.0,260.7399240228983,-0.39063431722477504
10.44,0.09589176567668277,-179.99990917173793,-0.0009665696380149114,10.858511209760685,0.19999998807907104,tilt,0.007644365748182114,0.21076066938493138,46.011386135692085,46.14346402948357,90.01601794671119,90.0853276203171,0.0,260.7463572776323,-0.39063560614871484,0.007644366053771279,0.21075929112563202,46.0113861168377,46.143464041599835,90.0160179082293,90.08532761858426,0.0,260.74665515695847,-0.39063561462807095,0.007644388203962793,0.21076066926244463,46.01138576650513,46.14346402702295,90.01601670486666,90.0853276227067,0.0,260.7396261426049,-0.39063430919294984,0.0076443885114229615,0.2107592906971822,46.0113857480446,46.14346403921206,90.01601666681127,90.08532762101271,0.0,260.73992402290406,-0.39063431722069497
10.46,0.09589176567668277,-179.9999091717536,-0.0009665696380250292,10.858511209760636,0.19999998807907104,tilt,0.007644365748182114,0.21076066939958915,46.011386135692085,46.14346402948678,90.01601794671119,90.08532762032455,0.0,260.7463572776343,-0.3906356061455507,0.007644366053771279,0.21075929111102704,46.0113861168377,46.14346404159672,90.0160179082293,90.08532761857698,0.0,260.7466551569561,-0.39063561463131835,0.007644388203962793,0.2107606692776411,46.01138576650513,46.14346402702604,90.01601670486666,90.08532762271382,0.0,260.7396261426069,-0.39063430919000774,0.0076443885114229615,0.21075929068202573,46.0113857480446,46.143464039209064,90.01601666681127,90.08532762100576,0.0,260.7399240229016,-0.3906343172235538
10.48,0.09589176567668277,-179.99990917174435,-0.0009665696380308213,10.858511209760632,0.19999998807907104,tilt,0.007644365748182114,0.21076066938287366,46.011386135692085,46.14346402948349,90.01601794671119,90.08532762032351,0.0,260.7463572776412,-0.3906356061339211,0.007644366053771279,0.21075929112777145,46.0113861168377,46.143464041600076,90.0160179082293,90.08532761857802,0.0,260.746655156949,-0.3906356146431422,0.007644388203962793,0.210760669260385,46.01138576650513,46.14346402702282,90.01601670486666,90.08532762271281,0.0,260.7396261426144,-0.39063430917868347,0.0076443885114229615,0.21075929069929142,46.0113857480446,46.143464039212276,90.01601666681127,90.08532762100675,0.0,260.73992402289394,-0.39063431723507236
10.5,0.09589176567668277,-179.99990917176558,-0.000966569638025815,10.858511209760632,0.19999998807907104,tilt,0.007644365748182114,0.21076066939911478,46.011386135692085,46.143464029487205,90.01601794671119,90.08532762033116,0.0,260.74635727765207,-0.39063560613233905,0.007644366053771279,0.21075929111151812,46.0113861168377,46.14346404159632,90.0160179082293,90.08532761857035,0.0,260.74665515693835,-0.39063561464461327,0.007644388203962793,0.2107606692773857,46.01138576650513,46.143464027026354,90.01601670486666,90.0853276227201,0.0,260.73962614262496,-0.39063430917718467,0.0076443885114229615,0.21075929068227717,46.0113857480446,46.143464039208716,90.01601666681127,90.0853276209994,0.0,260.7399240228835,-0.39063431723651565
10.52,0.09589176567668277,-179.99990917177078,-0.0009665696380187407,10.858511209760588,0.19999998807907104,tilt,0.007644365748182114,0.21076066941688368,46.011386135692085,46.14346402949088,90.01601794671119,90.08532762033545,0.0,260.74635727764263,-0.39063560613822323,0.007644366053771279,0.21075929109371122,46.0113861168377,46.14346404159256,90.0160179082293,90.085327618566,0.0,260.74665515694767,-0.3906356146385348,0.007644388203962793,0.21076066929575843,46.01138576650513,46.1434640270299,90.01601670486666,90.08532762272421,0.0,260.7396261426154,-0.39063430918295783,0.0076443885114229615,0.21075929066388024,46.0113857480446,46.14346403920513,90.01601666681127,90.08532762099522,0.0,260.7399240228931,-0.3906343172307425
10.540000000000001,0.09589176567668277,-179.99990917177178,-0.0009665696380199033,10.858511209760561,0.19999998807907104,tilt,0.007644365748182114,0.2107606694311253,46.011386135692085,46.14346402949378,90.01601794671119,90.08532762033904,0.0,260.74635727763166,-0.39063560614233106,0.007644366053771279,0.2107592910794693,46.0113861168377,46.14346404158968,90.0160179082293,90.08532761856249,0.0,260.7466551569581,-0.39063561463426044,0.007644388203962793,0.21076066931040624,46.01138576650513,46.14346402703269,90.01601670486666,90.08532762272766,0.0,260.7396261426041,-0.39063430918706565,0.0076443885114229615,0.21075929064923968,46.0113857480446,46.14346403920234,90.01601666681127,90.08532762099182,0.0,260.7399240229037,-0.39063431722657915
10.56,0.09589176567668277,-179.99990917174134,-0.0009665696380140491,10.858511209760515,0.19999998807907104,tilt,0.007644365748182114,0.21076066941074637,46.011386135692085,46.14346402948925,90.01601794671119,90.0853276203289,0.0,260.7463572776294,-0.39063560614607806,0.007644366053771279,0.21075929109980854,46.0113861168377,46.143464041594115,90.0160179082293,90.08532761857253,0.0,260.74665515696137,-0.3906356146303469,0.007644388203962793,0.21076066928923845,46.01138576650513,46.143464027028415,90.01601670486666,90.08532762271793,0.0,260.7396261426021,-0.39063430919086817,0.0076443885114229615,0.21075929067038385,46.0113857480446,46.14346403920659,90.01601666681127,90.08532762100145,0.0,260.7399240229072,-0.39063431722283215
10.58,0.09589176567668277,-179.99990917171434,-0.0009665696380123794,10.858511209760694,0.19999998807907104,tilt,0.007644365748182114,0.21076066938514273,46.011386135692085,46.14346402948381,90.01601794671119,90.08532762032107,0.0,260.74635727763336,-0.39063560614086,0.007644366053771279,0.21075929112542185,46.0113861168377,46.1434640415996,90.0160179082293,90.08532761858034,0.0,260.7466551569573,-0.3906356146359813,0.007644388203962793,0.21076066926270687,46.01138576650513,46.143464027023235,90.01601670486666,90.08532762271048,0.0,260.73962614260614,-0.39063430918562236,0.0076443885114229615,0.21075929069693095,46.0113857480446,46.14346403921185,90.01601666681127,90.08532762100894,0.0,260.73992402290264,-0.3906343172282445
10.6,0.09589176567668277,-179.9999091717236,-0.0009665696380157416,10.858511209760666,0.19999998807907104,tilt,0.007644365748182114,0.2107606693562857,46.011386135692085,46.143464029477805,90.01601794671119,90.08532762031268,0.0,260.74635727764286,-0.39063560613428194,0.007644366053771279,0.2107592911542971,46.0113861168377,46.14346404160565,90.0160179082293,90.08532761858875,0.0,260.74665515694755,-0.3906356146425316,0.007644388203962793,0.21076066923288633,46.01138576650513,46.14346402701747,90.01601670486666,90.08532762270247,0.0,260.7396261426159,-0.39063430917932185,0.0076443885114229615,0.21075929072677463,46.0113857480446,46.14346403921768,90.01601666681127,90.08532762101706,0.0,260.7399240228926,-0.3906343172346005
10.620000000000001,0.09589176567668277,-179.9999091717563,-0.0009665696380206682,10.858511209760659,0.19999998807907104,tilt,0.007644365748182114,0.21076066939111512,46.011386135692085,46.143464029485315,90.01601794671119,90.08532762032358,0.0,260.74635727764786,-0.3906356061414429,0.007644366053771279,0.2107592911194673,46.0113861168377,46.143464041598136,90.0160179082293,90.08532761857782,0.0,260.74665515694255,-0.39063561463545393,0.007644388203962793,0.2107606692690811,46.01138576650513,46.14346402702459,90.01601670486666,90.0853276227129,0.0,260.7396261426204,-0.39063430918595543,0.0076443885114229615,0.21075929069057037,46.0113857480446,46.14346403921053,90.01601666681127,90.0853276210066,0.0,260.7399240228881,-0.39063431722796693
10.64,0.09589176567668277,-179.9999091717772,-0.0009665696380296195,10.858511209760607,0.19999998807907104,tilt,0.007644365748182114,0.21076066942654517,46.011386135692085,46.14346402949274,90.01601794671119,90.0853276203331,0.0,260.7463572776365,-0.3906356061513516,0.007644366053771279,0.21075929108409341,46.0113861168377,46.14346404159087,90.0160179082293,90.08532761856844,0.0,260.74665515695415,-0.390635614625795,0.007644388203962793,0.21076066930568124,46.01138576650513,46.14346402703167,90.01601670486666,90.08532762272202,0.0,260.7396261426088,-0.3906343091953368,0.0076443885114229615,0.2107592906540068,46.0113857480446,46.14346403920354,90.01601666681127,90.08532762099762,0.0,260.73992402289986,-0.3906343172185578
10.66,0.09589176567668277,-179.99990917176635,-0.0009665696380344934,10.858511209760616,0.19999998807907104,tilt,0.007644365748182114,0.2107606694274229,46.011386135692085,46.14346402949276,90.01601794671119,90.08532762033225,0.0,260.74635727762575,-0.39063560615335,0.007644366053771279,0.21075929108325397,46.0113861168377,46.143464041590924,90.0160179082293,90.08532761856927,0.0,260.74665515696574,-0.39063561462418517,0.007644388203962793,0.21076066930644097,46.01138576650513,46.14346402703169,90.01601670486666,90.08532762272122,0.0,260.7396261425979,-0.39063430919730746,0.0076443885114229615,0.2107592906532609,46.0113857480446,46.14346403920356,90.01601666681127,90.08532762099836,0.0,260.73992402291157,-0.3906343172169202
10.68,0.09589176567668277,-179.99990917175998,-0.0009665696380361631,10.858511209760572,0.19999998807907104,tilt,0.007644365748182114,0.21076066942408267,46.011386135692085,46.143464029492,90.01601794671119,90.0853276203335,0.0,260.7463572776217,-0.3906356061473548,0.007644366053771279,0.21075929108660274,46.0113861168377,46.143464041591685,90.0160179082293,90.08532761856813,0.0,260.7466551569686,-0.39063561462993057,0.007644388203962793,0.21076066930290832,46.01138576650513,46.14346402703095,90.01601670486666,90.08532762272235,0.0,260.73962614259426,-0.3906343091916731,0.0076443885114229615,0.21075929065678087,46.0113857480446,46.143464039204225,90.01601666681127,90.08532762099719,0.0,260.73992402291435,-0.39063431722238806
10.700000000000001,0.09589176567668277,-179.99990917175776,-0.0009665696380313676,10.858511209760534,0.19999998807907104,tilt,0.007644365748182114,0.2107606694184418,46.011386135692085,46.14346402949089,90.01601794671119,90.08532762033515,0.0,260.746357277627,-0.3906356061390004,0.007644366053771279,0.21075929109224323,46.0113861168377,46.14346404159275,90.0160179082293,90.08532761856644,0.0,260.7466551569632,-0.39063561463825724,0.007644388203962793,0.21076066929710097,46.01138576650513,46.14346402702989,90.01601670486666,90.08532762272397,0.0,260.7396261425998,-0.39063430918351294,0.0076443885114229615,0.21075929066258073,46.0113857480446,46.14346403920525,90.01601666681127,90.08532762099559,0.0,260.7399240229085,-0.39063431723032616
10.72,0.09589176567668277,-179.99990917175808,-0.0009665696380277,10.858511209760517,0.19999998807907104,tilt,0.007644365748182114,0.21076066941204297,46.011386135692085,46.14346402948982,90.01601794671119,90.08532762033649,0.0,260.746357277639,-0.3906356061314509,0.007644366053771279,0.2107592910986547,46.0113861168377,46.14346404159386,90.0160179082293,90.08532761856516,0.0,260.74665515695114,-0.3906356146458345,0.007644388203962793,0.21076066929060544,46.01138576650513,46.143464027028834,90.01601670486666,90.08532762272522,0.0,260.7396261426123,-0.390634309176241,0.0076443885114229615,0.21075929066909213,46.0113857480446,46.14346403920633,90.01601666681127,90.08532762099432,0.0,260.73992402289645,-0.3906343172378757
10.74,0.09589176567668277,-179.9999091717388,-0.0009665696380166117,10.858511209760698,0.19999998807907104,tilt,0.007644365748182114,0.2107606694088779,46.011386135692085,46.143464029488904,90.01601794671119,90.08532762032668,0.0,260.74635727764024,-0.390635606149603,0.007644366053771279,0.21075929110177297,46.0113861168377,46.14346404159467,90.0160179082293,90.0853276185748,0.0,260.74665515695017,-0.39063561462751584,0.007644388203962793,0.21076066928736853,46.01138576650513,46.143464027027974,90.01601670486666,90.0853276227158,0.0,260.7396261426125,-0.3906343091937825,0.0076443885114229615,0.2107592906722996,46.0113857480446,46.14346403920713,90.01601666681127,90.08532762100367,0.0,260.7399240228961,-0.39063431722013986
10.76,0.09589176567668277,-179.99990917174367,-0.0009665696380146047,10.858511209760675,0.19999998807907104,tilt,0.007644365748182114,0.21076066939981206,46.011386135692085,46.14346402948654,90.01601794671119,90.0853276203177,0.0,260.7463572776263,-0.3906356061599281,0.007644366053771279,0.21075929111079142,46.0113861168377,46.14346404159694,90.0160179082293,90.08532761858369,0.0,260.74665515696404,-0.390635614617163,0.007644388203962793,0.2107606692778172,46.01138576650513,46.14346402702578,90.01601670486666,90.08532762270725,0.0,260.7396261425985,-0.39063430920380227,0.0076443885114229615,0.21075929068182622,46.0113857480446,46.143464039209285,90.01601666681127,90.08532762101224,0.0,260.73992402291003,-0.3906343172098148
10.78,0.09589176567668277,-179.99990917175185,-0.0009665696380202706,10.858511209760653,0.19999998807907104,tilt,0.007644365748182114,0.21076066941528007,46.011386135692085,46.14346402948965,90.01601794671119,90.08532762032364,0.0,260.74635727761824,-0.3906356061596783,0.007644366053771279,0.2107592910953303,46.0113861168377,46.143464041593866,90.0160179082293,90.08532761857776,0.0,260.7466551569724,-0.3906356146174683,0.007644388203962793,0.21076066929371248,46.01138576650513,46.14346402702876,90.01601670486666,90.08532762271298,0.0,260.7396261425905,-0.3906343092034692,0.0076443885114229615,0.21075929066593807,46.0113857480446,46.14346403920632,90.01601666681127,90.0853276210066,0.0,260.73992402291793,-0.39063431721003683
10.8,0.09589176567668277,-179.99990917176478,-0.0009665696380189822,10.85851120976063,0.19999998807907104,tilt,0.007644365748182114,0.21076066942884256,46.011386135692085,46.143464029492485,90.01601794671119,90.08532762033032,0.0,260.7463572776189,-0.3906356061566252,0.007644366053771279,0.210759291081743,46.0113861168377,46.14346404159101,90.0160179082293,90.0853276185711,0.0,260.74665515697217,-0.3906356146204104,0.007644388203962793,0.21076066930774875,46.01138576650513,46.1434640270315,90.01601670486666,90.08532762271938,0.0,260.7396261425911,-0.39063430920069364,0.0076443885114229615,0.21075929065188562,46.0113857480446,46.14346403920358,90.01601666681127,90.08532762100013,0.0,260.7399240229178,-0.39063431721295117
10.82,0.09589176567668277,-179.99990917175197,-0.0009665696380234065,10.858511209760602,0.19999998807907104,tilt,0.007644365748182114,0.21076066941049215,46.011386135692085,46.14346402948877,90.01601794671119,90.08532762032803,0.0,260.74635727762455,-0.39063560614602255,0.007644366053771279,0.21075929110013433,46.0113861168377,46.14346404159484,90.0160179082293,90.08532761857353,0.0,260.7466551569659,-0.3906356146310963,0.007644388203962793,0.21076066928877898,46.01138576650513,46.14346402702793,90.01601670486666,90.0853276227171,0.0,260.73962614259733,-0.39063430919070163,0.0076443885114229615,0.2107592906708948,46.0113857480446,46.14346403920725,90.01601666681127,90.08532762100243,0.0,260.7399240229114,-0.3906343172233595
10.84,0.09589176567668277,-179.99990917174514,-0.0009665696380287195,10.858511209760573,0.19999998807907104,tilt,0.007644365748182114,0.2107606693912597,46.011386135692085,46.14346402948507,90.01601794671119,90.08532762032833,0.0,260.7463572776363,-0.3906356061297578,0.007644366053771279,0.2107592911193909,46.0113861168377,46.143464041598556,90.0160179082293,90.08532761857323,0.0,260.74665515695403,-0.3906356146474721,0.007644388203962793,0.2107606692689713,46.01138576650513,46.14346402702435,90.01601670486666,90.0853276227174,0.0,260.7396261426096,-0.3906343091747977,0.0076443885114229615,0.21075929069071478,46.0113857480446,46.14346403921085,90.01601666681127,90.08532762100212,0.0,260.73992402289883,-0.39063431723931896
10.86,0.09589176567668277,-179.9999091717627,-0.0009665696380246879,10.85851120976056,0.19999998807907104,tilt,0.007644365748182114,0.210760669406535,46.011386135692085,46.14346402948857,90.01601794671119,90.08532762033427,0.0,260.74635727764684,-0.3906356061311178,0.007644366053771279,0.21075929110408415,46.0113861168377,46.143464041594946,90.0160179082293,90.0853276185672,0.0,260.74665515694346,-0.39063561464589003,0.007644388203962793,0.21076066928498333,46.01138576650513,46.143464027027676,90.01601670486666,90.08532762272309,0.0,260.7396261426201,-0.39063430917612996,0.0076443885114229615,0.2107592906746693,46.0113857480446,46.14346403920745,90.01601666681127,90.08532762099634,0.0,260.7399240228887,-0.39063431723801445
10.88,0.09589176567668277,-179.99990917176495,-0.0009665696380195182,10.85851120976051,0.19999998807907104,tilt,0.007644365748182114,0.21076066942193783,46.011386135692085,46.14346402949179,90.01601794671119,90.08532762033725,0.0,260.7463572776393,-0.3906356061380012,0.007644366053771279,0.21075929108866492,46.0113861168377,46.1434640415917,90.0160179082293,90.08532761856424,0.0,260.7466551569512,-0.39063561463881236,0.007644388203962793,0.21076066930090706,46.01138576650513,46.14346402703076,90.01601670486666,90.08532762272596,0.0,260.73962614261205,-0.3906343091826803,0.0076443885114229615,0.21075929065873952,46.0113857480446,46.143464039204325,90.01601666681127,90.08532762099352,0.0,260.73992402289656,-0.3906343172310478
10.9,0.09589176567668277,-179.99990917173037,-0.000966569638010747,10.858511209760696,0.19999998807907104,tilt,0.007644365748182114,0.21076066940306132,46.011386135692085,46.14346402948754,90.01601794671119,90.08532762032468,0.0,260.7463572776346,-0.39063560614840953,0.007644366053771279,0.21075929110752126,46.0113861168377,46.14346404159593,90.0160179082293,90.08532761857676,0.0,260.74665515695597,-0.3906356146284595,0.007644388203962793,0.21076066928127307,46.01138576650513,46.14346402702676,90.01601670486666,90.08532762271393,0.0,260.73962614260705,-0.39063430919275555,0.0076443885114229615,0.2107592906783719,46.0113857480446,46.14346403920834,90.01601666681127,90.08532762100548,0.0,260.7399240229018,-0.3906343172211113
10.92,0.09589176567668277,-179.9999091717305,-0.000966569638011944,10.858511209760659,0.19999998807907104,tilt,0.007644365748182114,0.21076066937765445,46.011386135692085,46.14346402948199,90.01601794671119,90.08532762031408,0.0,260.74635727763155,-0.3906356061487981,0.007644366053771279,0.21075929113291708,46.0113861168377,46.143464041601476,90.0160179082293,90.08532761858739,0.0,260.74665515695904,-0.3906356146279877,0.007644388203962793,0.21076066925489723,46.01138576650513,46.1434640270215,90.01601670486666,90.08532762270377,0.0,260.7396261426043,-0.3906343091934772,0.0076443885114229615,0.21075929070475433,46.0113857480446,46.14346403921365,90.01601666681127,90.08532762101572,0.0,260.73992402290463,-0.3906343172206117
10.94,0.09589176567668277,-179.99990917173736,-0.0009665696380195834,10.858511209760657,0.19999998807907104,tilt,0.007644365748182114,0.21076066937847512,46.011386135692085,46.143464029482345,90.01601794671119,90.08532762031889,0.0,260.7463572776368,-0.39063560613947224,0.007644366053771279,0.21075929113212175,46.0113861168377,46.143464041601185,90.0160179082293,90.08532761858258,0.0,260.7466551569539,-0.39063561463756336,0.007644388203962793,0.21076066925577766,46.01138576650513,46.143464027021814,90.01601670486666,90.08532762270842,0.0,260.7396261426096,-0.3906343091843456,0.0076443885114229615,0.2107592907038902,46.0113857480446,46.14346403921337,90.01601666681127,90.08532762101116,0.0,260.739924022899,-0.39063431722957676
10.96,0.09589176567668277,-179.99990917174983,-0.0009665696380216035,10.858511209760637,0.19999998807907104,tilt,0.007644365748182114,0.2107606693800021,46.011386135692085,46.14346402948299,90.01601794671119,90.08532762032496,0.0,260.7463572776484,-0.3906356061285088,0.007644366053771279,0.21075929113059852,46.0113861168377,46.14346404160052,90.0160179082293,90.08532761857651,0.0,260.7466551569421,-0.39063561464844354,0.007644388203962793,0.21076066925749637,46.01138576650513,46.1434640270224,90.01601670486666,90.08532762271423,0.0,260.7396261426216,-0.390634309173743,0.0076443885114229615,0.21075929070217123,46.0113857480446,46.14346403921275,90.01601666681127,90.08532762100535,0.0,260.73992402288684,-0.39063431724015163
10.98,0.09589176567668277,-179.99990917178044,-0.0009665696380249378,10.85851120976063,0.19999998807907104,tilt,0.007644365748182114,0.21076066941754812,46.011386135692085,46.143464029491014,90.01601794671119,90.08532762033562,0.0,260.7463572776492,-0.39063560613838977,0.007644366053771279,0.210759291093045,46.0113861168377,46.14346404159244,90.0160179082293,90.0853276185659,0.0,260.7466551569412,-0.39063561463820173,0.007644388203962793,0.21076066929648962,46.01138576650513,46.143464027030056,90.01601670486666,90.08532762272436,0.0,260.73962614262194,-0.3906343091832909,0.0076443885114229615,0.21075929066316154,46.0113857480446,46.14346403920505,90.01601666681127,90.08532762099513,0.0,260.7399240228866,-0.39063431723052044
11.0,0.09589176567668277,-179.99990917176973,-0.0009665696380254031,10.858511209760598,0.19999998807907104,tilt,0.007644365748182114,0.21076066942245134,46.011386135692085,46.1434640294919,90.01601794671119,90.08532762033428,0.0,260.74635727763643,-0.39063560614521764,0.007644366053771279,0.21075929108814098,46.0113861168377,46.14346404159156,90.0160179082293,90.08532761856718,0.0,260.7466551569542,-0.3906356146315959,0.007644388203962793,0.21076066930145254,46.01138576650513,46.14346402703089,90.01601670486666,90.08532762272309,0.0,260.73962614260904,-0.39063430918970243,0.0076443885114229615,0.21075929065819277,46.0113857480446,46.143464039204176,90.01601666681127,90.08532762099638,0.0,260.73992402289974,-0.39063431722402564
11.02,0.09589176567668277,-179.99990917176004,-0.0009665696380211857,10.85851120976058,0.19999998807907104,tilt,0.007644365748182114,0.21076066942234445,46.011386135692085,46.143464029491746,90.01601794671119,90.08532762033452,0.0,260.74635727762745,-0.3906356061439964,0.007644366053771279,0.2107592910882264,46.0113861168377,46.143464041591656,90.0160179082293,90.08532761856688,0.0,260.7466551569635,-0.3906356146326784,0.007644388203962793,0.21076066930123172,46.01138576650513,46.14346402703075,90.01601670486666,90.08532762272331,0.0,260.7396261426002,-0.39063430918861997,0.0076443885114229615,0.21075929065839366,46.0113857480446,46.14346403920424,90.01601666681127,90.08532762099605,0.0,260.73992402290907,-0.39063431722513586
11.040000000000001,0.09589176567668277,-179.99990917175325,-0.0009665696380187201,10.85851120976049,0.19999998807907104,tilt,0.007644365748182114,0.2107606694183934,46.011386135692085,46.1434640294909,90.01601794671119,90.08532762033475,0.0,260.74635727762734,-0.3906356061399441,0.007644366053771279,0.21075929109217784,46.0113861168377,46.14346404159251,90.0160179082293,90.08532761856671,0.0,260.7466551569633,-0.3906356146366752,0.007644388203962793,0.210760669297123,46.01138576650513,46.14346402702998,90.01601670486666,90.08532762272357,0.0,260.7396261426003,-0.3906343091847897,0.0076443885114229615,0.21075929066250937,46.0113857480446,46.14346403920507,90.01601666681127,90.08532762099588,0.0,260.73992402290855,-0.3906343172289106
11.06,0.09589176567668277,-179.9999091717166,-0.0009665696380193289,10.858511209760694,0.19999998807907104,tilt,0.007644365748182114,0.21076066938200502,46.011386135692085,46.143464029483226,90.01601794671119,90.08532762032071,0.0,260.7463572776379,-0.3906356061390559,0.007644366053771279,0.2107592911285895,46.0113861168377,46.14346404160024,90.0160179082293,90.08532761858072,0.0,260.7466551569527,-0.3906356146377854,0.007644388203962793,0.21076066925948303,46.01138576650513,46.14346402702262,90.01601670486666,90.08532762271011,0.0,260.7396261426107,-0.3906343091839015,0.0076443885114229615,0.21075929070016886,46.0113857480446,46.14346403921247,90.01601666681127,90.0853276210094,0.0,260.739924022898,-0.3906343172298543
11.08,0.09589176567668277,-179.99990917174338,-0.0009665696380281006,10.858511209760682,0.19999998807907104,tilt,0.007644365748182114,0.21076066937421764,46.011386135692085,46.14346402948174,90.01601794671119,90.08532762031696,0.0,260.7463572776496,-0.39063560614127635,0.007644366053771279,0.21075929113639827,46.0113861168377,46.14346404160179,90.0160179082293,90.08532761858444,0.0,260.7466551569408,-0.39063561463595353,0.007644388203962793,0.21076066925155412,46.01138576650513,46.14346402702114,90.01601670486666,90.08532762270654,0.0,260.7396261426222,-0.3906343091856779,0.0076443885114229615,0.2107592907081031,46.0113857480446,46.14346403921394,90.01601666681127,90.08532762101296,0.0,260.73992402288604,-0.39063431722802244
11.1,0.09589176567668277,-179.99990917175475,-0.0009665696380263885,10.858511209760653,0.19999998807907104,tilt,0.007644365748182114,0.21076066939723967,46.011386135692085,46.14346402948646,90.01601794671119,90.08532762032218,0.0,260.74635727764144,-0.39063560614940873,0.007644366053771279,0.21075929111338143,46.0113861168377,46.14346404159703,90.0160179082293,90.08532761857927,0.0,260.7466551569489,-0.3906356146274881,0.007644388203962793,0.21076066927534984,46.01138576650513,46.143464027025665,90.01601670486666,90.08532762271152,0.0,260.73962614261376,-0.3906343091935882,0.0076443885114229615,0.2107592906843036,46.0113857480446,46.143464039209405,90.01601666681127,90.08532762100799,0.0,260.7399240228945,-0.3906343172200566
11.120000000000001,0.09589176567668277,-179.9999091717628,-0.0009665696380274645,10.85851120976064,0.19999998807907104,tilt,0.007644365748182114,0.21076066941763497,46.011386135692085,46.14346402949063,90.01601794671119,90.08532762032837,0.0,260.74635727762876,-0.39063560615315573,0.007644366053771279,0.2107592910930126,46.0113861168377,46.14346404159295,90.0160179082293,90.08532761857313,0.0,260.7466551569617,-0.3906356146240464,0.007644388203962793,0.21076066929632548,46.01138576650513,46.14346402702967,90.01601670486666,90.08532762271749,0.0,260.739626142601,-0.39063430919719644,0.0076443885114229615,0.21075929066334584,46.0113857480446,46.143464039205476,90.01601666681127,90.08532762100205,0.0,260.73992402290753,-0.3906343172167259
11.14,0.09589176567668277,-179.9999091717733,-0.0009665696380291627,10.85851120976062,0.19999998807907104,tilt,0.007644365748182114,0.21076066943502916,46.011386135692085,46.14346402949421,90.01601794671119,90.08532762033488,0.0,260.74635727762274,-0.39063560615357207,0.007644366053771279,0.21075929107561864,46.0113861168377,46.143464041589354,90.0160179082293,90.08532761856662,0.0,260.7466551569679,-0.3906356146234635,0.007644388203962793,0.21076066931426404,46.01138576650513,46.14346402703309,90.01601670486666,90.0853276227237,0.0,260.7396261425951,-0.39063430919769604,0.0076443885114229615,0.21075929064540114,46.0113857480446,46.14346403920201,90.01601666681127,90.08532762099583,0.0,260.73992402291367,-0.39063431721608755
11.16,0.09589176567668277,-179.99990917175668,-0.0009665696380264454,10.858511209760586,0.19999998807907104,tilt,0.007644365748182114,0.21076066941907212,46.011386135692085,46.143464029490794,90.01601794671119,90.08532762033116,0.0,260.7463572776236,-0.39063560614757686,0.007644366053771279,0.2107592910915547,46.0113861168377,46.143464041592715,90.0160179082293,90.08532761857033,0.0,260.746655156967,-0.39063561462937546,0.007644388203962793,0.21076066929771972,46.01138576650513,46.14346402702983,90.01601670486666,90.08532762272017,0.0,260.739626142596,-0.39063430919181186,0.0076443885114229615,0.210759290661926,46.0113857480446,46.14346403920521,90.01601666681127,90.08532762099934,0.0,260.73992402291265,-0.39063431722177744
11.18,0.09589176567668277,-179.99990917174554,-0.0009665696380309603,10.858511209760538,0.19999998807907104,tilt,0.007644365748182114,0.2107606694006974,46.011386135692085,46.14346402948711,90.01601794671119,90.08532762033008,0.0,260.746357277631,-0.39063560613447623,0.007644366053771279,0.21075929110995353,46.0113861168377,46.14346404159643,90.0160179082293,90.08532761857153,0.0,260.7466551569593,-0.39063561464236507,0.007644388203962793,0.21076066927874174,46.01138576650513,46.1434640270263,90.01601670486666,90.08532762271909,0.0,260.739626142604,-0.39063430917926634,0.0076443885114229615,0.21075929068091662,46.0113857480446,46.143464039208766,90.01601666681127,90.08532762100043,0.0,260.73992402290446,-0.3906343172343507
11.200000000000001,0.09589176567668277,-179.9999091717589,-0.000966569638034972,10.858511209760524,0.19999998807907104,tilt,0.007644365748182114,0.2107606694155309,46.011386135692085,46.14346402949044,90.01601794671119,90.08532762033444,0.0,260.74635727763905,-0.3906356061386118,0.007644366053771279,0.2107592910951348,46.0113861168377,46.14346404159314,90.0160179082293,90.08532761856713,0.0,260.7466551569511,-0.39063561463836827,0.007644388203962793,0.2107606692942354,46.01138576650513,46.143464027029395,90.01601670486666,90.08532762272321,0.0,260.7396261426119,-0.3906343091830411,0.0076443885114229615,0.2107592906654162,46.0113857480446,46.14346403920563,90.01601666681127,90.08532762099622,0.0,260.73992402289656,-0.3906343172305482
11.22,0.09589176567668277,-179.99990917175603,-0.0009665696380213861,10.858511209760477,0.19999998807907104,tilt,0.007644365748182114,0.21076066942941524,46.011386135692085,46.14346402949313,90.01601794671119,90.08532762033518,0.0,260.7463572776295,-0.3906356061483818,0.007644366053771279,0.2107592910811978,46.0113861168377,46.14346404159035,90.0160179082293,90.08532761856627,0.0,260.74665515696074,-0.39063561462857055,0.007644388203962793,0.2107606693085392,46.01138576650513,46.14346402703201,90.01601670486666,90.08532762272397,0.0,260.7396261426021,-0.390634309192478,0.0076443885114229615,0.2107592906510742,46.0113857480446,46.14346403920292,90.01601666681127,90.08532762099549,0.0,260.7399240229065,-0.39063431722077824
11.24,0.09589176567668277,-179.99990917174756,-0.0009665696380199927,10.858511209760675,0.19999998807907104,tilt,0.007644365748182114,0.21076066940826033,46.011386135692085,46.14346402948823,90.01601794671119,90.08532762031888,0.0,260.7463572776217,-0.3906356061644245,0.007644366053771279,0.21075929110235878,46.0113861168377,46.143464041595294,90.0160179082293,90.08532761858261,0.0,260.74665515696864,-0.39063561461258334,0.007644388203962793,0.21076066928649714,46.01138576650513,46.14346402702737,90.01601670486666,90.08532762270836,0.0,260.7396261425937,-0.3906343092080211,0.0076443885114229615,0.2107592906731401,46.0113857480446,46.14346403920765,90.01601666681127,90.08532762101119,0.0,260.739924022915,-0.3906343172053184
11.26,0.09589176567668277,-179.99990917174503,-0.0009665696380213225,10.858511209760668,0.19999998807907104,tilt,0.007644365748182114,0.21076066940970223,46.011386135692085,46.14346402948837,90.01601794671119,90.08532762032065,0.0,260.7463572776168,-0.3906356061610383,0.007644366053771279,0.21075929110091296,46.0113861168377,46.14346404159515,90.0160179082293,90.08532761858076,0.0,260.74665515697376,-0.3906356146161638,0.007644388203962793,0.2107606692878891,46.01138576650513,46.14346402702753,90.01601670486666,90.08532762271011,0.0,260.7396261425889,-0.3906343092046627,0.0076443885114229615,0.21075929067174784,46.0113857480446,46.143464039207515,90.01601666681127,90.08532762100944,0.0,260.7399240229198,-0.3906343172087323
11.28,0.09589176567668277,-179.99990917174907,-0.0009665696380129082,10.85851120976065,0.19999998807907104,tilt,0.007644365748182114,0.21076066940921578,46.011386135692085,46.143464029488264,90.01601794671119,90.08532762032473,0.0,260.74635727762023,-0.3906356061513794,0.007644366053771279,0.21075929110133962,46.0113861168377,46.14346404159514,90.0160179082293,90.08532761857668,0.0,260.7466551569703,-0.39063561462532315,0.007644388203962793,0.21076066928740048,46.01138576650513,46.14346402702744,90.01601670486666,90.08532762271399,0.0,260.7396261425928,-0.3906343091956699,0.0076443885114229615,0.21075929067220212,46.0113857480446,46.14346403920752,90.01601666681127,90.08532762100546,0.0,260.73992402291594,-0.39063431721769737
11.3,0.09589176567668277,-179.99990917175842,-0.0009665696380193505,10.858511209760616,0.19999998807907104,tilt,0.007644365748182114,0.2107606694088468,46.011386135692085,46.14346402948849,90.01601794671119,90.08532762033002,0.0,260.74635727763064,-0.3906356061404159,0.007644366053771279,0.21075929110173403,46.0113861168377,46.14346404159499,90.0160179082293,90.08532761857151,0.0,260.74665515695943,-0.3906356146362311,0.007644388203962793,0.2107606692871284,46.01138576650513,46.143464027027626,90.01601670486666,90.08532762271908,0.0,260.7396261426034,-0.39063430918501174,0.0076443885114229615,0.21075929067250523,46.0113857480446,46.143464039207416,90.01601666681127,90.0853276210005,0.0,260.7399240229047,-0.39063431722838327
11.32,0.09589176567668277,-179.99990917177152,-0.0009665696380331241,10.858511209760596,0.19999998807907104,tilt,0.007644365748182114,0.21076066941000307,46.011386135692085,46.1434640294892,90.01601794671119,90.08532762033585,0.0,260.74635727764553,-0.39063560613028514,0.007644366053771279,0.21075929110061634,46.0113861168377,46.14346404159434,90.0160179082293,90.08532761856576,0.0,260.74665515694437,-0.3906356146465284,0.007644388203962793,0.21076066928851137,46.01138576650513,46.14346402702825,90.01601670486666,90.08532762272459,0.0,260.7396261426187,-0.39063430917507524,0.0076443885114229615,0.21075929067113988,46.0113857480446,46.14346403920682,90.01601666681127,90.08532762099493,0.0,260.7399240228894,-0.3906343172384308
11.34,0.09589176567668277,-179.99990917176683,-0.0009665696380269639,10.858511209760554,0.19999998807907104,tilt,0.007644365748182114,0.21076066941537025,46.011386135692085,46.14346402949035,90.01601794671119,90.0853276203341,0.0,260.74635727764394,-0.39063560613902815,0.007644366053771279,0.21075929109521813,46.0113861168377,46.14346404159309,90.0160179082293,90.0853276185674,0.0,260.74665515694613,-0.39063561463756336,0.007644388203962793,0.21076066929412926,46.01138576650513,46.14346402702933,90.01601670486666,90.08532762272293,0.0,260.7396261426167,-0.3906343091834297,0.0076443885114229615,0.21075929066548957,46.0113857480446,46.14346403920563,90.01601666681127,90.0853276209965,0.0,260.73992402289167,-0.39063431722996533
11.36,0.09589176567668277,-179.9999091717554,-0.0009665696380225184,10.858511209760529,0.19999998807907104,tilt,0.007644365748182114,0.21076066941697186,46.011386135692085,46.143464029490616,90.01601794671119,90.08532762033347,0.0,260.7463572776332,-0.39063560614158166,0.007644366053771279,0.21075929109363367,46.0113861168377,46.143464041592885,90.0160179082293,90.08532761856807,0.0,260.74665515695705,-0.39063561463512086,0.007644388203962793,0.21076066929568799,46.01138576650513,46.14346402702964,90.01601670486666,90.08532762272236,0.0,260.7396261426058,-0.39063430918606645,0.0076443885114229615,0.21075929066395144,46.0113857480446,46.14346403920541,90.01601666681127,90.08532762099712,0.0,260.73992402290264,-0.3906343172276061
11.38,0.09589176567668277,-179.99990917174406,-0.000966569638016523,10.858511209760476,0.19999998807907104,tilt,0.007644365748182114,0.21076066941395064,46.011386135692085,46.143464029489884,90.01601794671119,90.08532762033204,0.0,260.7463572776293,-0.39063560614177595,0.007644366053771279,0.2107592910966379,46.0113861168377,46.14346404159356,90.0160179082293,90.08532761856948,0.0,260.7466551569612,-0.39063561463487106,0.007644388203962793,0.2107606692925026,46.01138576650513,46.143464027029,90.01601670486666,90.08532762272097,0.0,260.73962614260205,-0.3906343091864273,0.0076443885114229615,0.2107592906671329,46.0113857480446,46.14346403920607,90.01601666681127,90.08532762099851,0.0,260.73992402290673,-0.39063431722727304
11.4,0.09589176567668277,-179.9999091717334,-0.000966569638011122,10.858511209760707,0.19999998807907104,tilt,0.007644365748182114,0.21076066937744514,46.011386135692085,46.143464029481905,90.01601794671119,90.08532762031443,0.0,260.7463572776346,-0.39063560614766013,0.007644366053771279,0.2107592911330681,46.0113861168377,46.14346404160134,90.0160179082293,90.08532761858683,0.0,260.7466551569563,-0.3906356146287093,0.007644388203962793,0.21076066925470885,46.01138576650513,46.1434640270214,90.01601670486666,90.08532762270413,0.0,260.7396261426073,-0.39063430919225595,0.0076443885114229615,0.2107592907048742,46.0113857480446,46.14346403921357,90.01601666681127,90.08532762101524,0.0,260.73992402290185,-0.39063431722127784
11.42,0.09589176567668277,-179.99990917173034,-0.0009665696380177697,10.858511209760666,0.19999998807907104,tilt,0.007644365748182114,0.21076066936579646,46.011386135692085,46.14346402947967,90.01601794671119,90.0853276203155,0.0,260.7463572776419,-0.3906356061358085,0.007644366053771279,0.21075929114474992,46.0113861168377,46.14346404160366,90.0160179082293,90.08532761858586,0.0,260.74665515694863,-0.3906356146405887,0.007644388203962793,0.21076066924269846,46.01138576650513,46.14346402701923,90.01601670486666,90.08532762270517,0.0,260.739626142615,-0.3906343091807374,0.0076443885114229615,0.21075929071691615,46.0113857480446,46.143464039215814,90.01601666681127,90.08532762101429,0.0,260.7399240228938,-0.39063431723296294
11.44,0.09589176567668277,-179.99990917175717,-0.0009665696380275441,10.85851120976066,0.19999998807907104,tilt,0.007644365748182114,0.21076066938810825,46.011386135692085,46.14346402948471,90.01601794671119,90.08532762032485,0.0,260.746357277652,-0.3906356061360583,0.007644366053771279,0.21075929112246752,46.0113861168377,46.14346404159869,90.0160179082293,90.08532761857661,0.0,260.7466551569384,-0.3906356146405332,0.007644388203962793,0.21076066926596854,46.01138576650513,46.14346402702398,90.01601670486666,90.08532762271403,0.0,260.73962614262496,-0.39063430918082065,0.0076443885114229615,0.21075929069365534,46.0113857480446,46.14346403921106,90.01601666681127,90.08532762100545,0.0,260.73992402288343,-0.39063431723276865
11.46,0.09589176567668277,-179.99990917176927,-0.0009665696380221564,10.858511209760644,0.19999998807907104,tilt,0.007644365748182114,0.21076066941222346,46.011386135692085,46.14346402948969,90.01601794671119,90.08532762033151,0.0,260.7463572776422,-0.39063560614208126,0.007644366053771279,0.21075929109831767,46.0113861168377,46.1434640415936,90.0160179082293,90.08532761856989,0.0,260.7466551569481,-0.39063561463420493,0.007644388203962793,0.21076066929089854,46.01138576650513,46.143464027028784,90.01601670486666,90.08532762272043,0.0,260.73962614261484,-0.39063430918676034,0.0076443885114229615,0.21075929066869312,46.0113857480446,46.14346403920617,90.01601666681127,90.08532762099898,0.0,260.73992402289366,-0.3906343172266902
11.48,0.09589176567668277,-179.9999091717784,-0.0009665696380204137,10.858511209760604,0.19999998807907104,tilt,0.007644365748182114,0.21076066943349403,46.011386135692085,46.143464029494105,90.01601794671119,90.0853276203379,0.0,260.7463572776313,-0.39063560614632786,0.007644366053771279,0.21075929107704622,46.0113861168377,46.14346404158921,90.0160179082293,90.08532761856361,0.0,260.74665515695887,-0.39063561462976404,0.007644388203962793,0.21076066931283383,46.01138576650513,46.143464027033,90.01601670486666,90.08532762272654,0.0,260.7396261426039,-0.3906343091909237,0.0076443885114229615,0.21075929064676466,46.0113857480446,46.14346403920196,90.01601666681127,90.08532762099294,0.0,260.73992402290463,-0.3906343172224158
11.5,0.09589176567668277,-179.99990917175788,-0.0009665696380137082,10.858511209760618,0.19999998807907104,tilt,0.007644365748182114,0.21076066942035795,46.011386135692085,46.14346402949121,90.01601794671119,90.08532762033272,0.0,260.74635727762666,-0.390635606145856,0.007644366053771279,0.2107592910901519,46.0113861168377,46.14346404159206,90.0160179082293,90.0853276185687,0.0,260.74665515696347,-0.39063561463031915,0.007644388203962793,0.21076066929917162,46.01138576650513,46.143464027030255,90.01601670486666,90.08532762272159,0.0,260.73962614259926,-0.3906343091904241,0.0076443885114229615,0.21075929066041504,46.0113857480446,46.143464039204694,90.01601666681127,90.0853276209978,0.0,260.7399240229091,-0.3906343172229987
11.52,0.09589176567668277,-179.99990917174205,-0.0009665696380122735,10.858511209760533,0.19999998807907104,tilt,0.007644365748182114,0.21076066940316984,46.011386135692085,46.143464029487625,90.01601794671119,90.08532762032995,0.0,260.7463572776298,-0.39063560613683546,0.007644366053771279,0.21075929110731728,46.0113861168377,46.14346404159561,90.0160179082293,90.08532761857148,0.0,260.74665515696086,-0.3906356146390344,0.007644388203962793,0.21076066928137988,46.01138576650513,46.14346402702683,90.01601670486666,90.08532762271894,0.0,260.73962614260296,-0.39063430918187536,0.0076443885114229615,0.21075929067819824,46.0113857480446,46.143464039208105,90.01601666681127,90.08532762100045,0.0,260.73992402290617,-0.3906343172314919
11.540000000000001,0.09589176567668277,-179.99990917172963,-0.0009665696380168476,10.858511209760504,0.19999998807907104,tilt,0.007644365748182114,0.2107606693839133,46.011386135692085,46.14346402948381,90.01601794671119,90.08532762032733,0.0,260.746357277641,-0.3906356061267324,0.007644366053771279,0.21075929112660435,46.0113861168377,46.143464041599515,90.0160179082293,90.08532761857414,0.0,260.7466551569496,-0.3906356146495815,0.007644388203962793,0.21076066926152584,46.01138576650513,46.14346402702316,90.01601670486666,90.08532762271643,0.0,260.7396261426145,-0.39063430917193886,0.0076443885114229615,0.21075929069807847,46.0113857480446,46.143464039211864,90.01601666681127,90.08532762100307,0.0,260.7399240228942,-0.39063431724151165
11.56,0.09589176567668277,-179.9999091717354,-0.0009665696380170454,10.858511209760685,0.19999998807907104,tilt,0.007644365748182114,0.2107606693978902,46.011386135692085,46.143464029486786,90.01601794671119,90.08532762032787,0.0,260.74635727764746,-0.3906356061380012,0.007644366053771279,0.21075929111263286,46.0113861168377,46.14346404159654,90.0160179082293,90.08532761857357,0.0,260.74665515694323,-0.39063561463825724,0.007644388203962793,0.21076066927610784,46.01138576650513,46.14346402702598,90.01601670486666,90.08532762271693,0.0,260.73962614262024,-0.39063430918276354,0.0076443885114229615,0.2107592906834963,46.0113857480446,46.143464039209036,90.01601666681127,90.08532762100259,0.0,260.7399240228884,-0.390634317230687
11.58,0.09589176567668277,-179.99990917176117,-0.0009665696380166529,10.858511209760696,0.19999998807907104,tilt,0.007644365748182114,0.21076066940907115,46.011386135692085,46.14346402948878,90.01601794671119,90.08532762032408,0.0,260.74635727763615,-0.39063560615501536,0.007644366053771279,0.21075929110142627,46.0113861168377,46.1434640415945,90.0160179082293,90.08532761857721,0.0,260.7466551569545,-0.3906356146214929,0.007644388203962793,0.21076066928758114,46.01138576650513,46.14346402702792,90.01601670486666,90.08532762271335,0.0,260.73962614260836,-0.3906343091990838,0.0076443885114229615,0.21075929067200141,46.0113857480446,46.14346403920704,90.01601666681127,90.08532762100609,0.0,260.73992402290025,-0.3906343172143112
11.6,0.09589176567668277,-179.99990917175708,-0.0009665696380072363,10.858511209760682,0.19999998807907104,tilt,0.007644365748182114,0.21076066941533775,46.011386135692085,46.14346402948987,90.01601794671119,90.0853276203257,0.0,260.7463572776251,-0.39063560615590354,0.007644366053771279,0.21075929109512442,46.0113861168377,46.14346404159335,90.0160179082293,90.08532761857555,0.0,260.7466551569656,-0.39063561462027163,0.007644388203962793,0.21076066929393544,46.01138576650513,46.143464027028976,90.01601670486666,90.08532762271494,0.0,260.73962614259744,-0.390634309200083,0.0076443885114229615,0.21075929066563384,46.0113857480446,46.14346403920593,90.01601666681127,90.08532762100445,0.0,260.73992402291145,-0.390634317213312
11.620000000000001,0.09589176567668277,-179.99990917175822,-0.0009665696380044503,10.85851120976065,0.19999998807907104,tilt,0.007644365748182114,0.21076066941825186,46.011386135692085,46.143464029490424,90.01601794671119,90.0853276203294,0.0,260.74635727762205,-0.3906356061499916,0.007644366053771279,0.21075929109219743,46.0113861168377,46.14346404159278,90.0160179082293,90.08532761857197,0.0,260.74665515696825,-0.3906356146259615,0.007644388203962793,0.21076066929690723,46.01138576650513,46.143464027029566,90.01601670486666,90.08532762271847,0.0,260.7396261425945,-0.3906343091945319,0.0076443885114229615,0.21075929066267318,46.0113857480446,46.143464039205384,90.01601666681127,90.08532762100097,0.0,260.739924022914,-0.3906343172188076
11.64,0.09589176567668277,-179.99990917176422,-0.0009665696380062353,10.858511209760609,0.19999998807907104,tilt,0.007644365748182114,0.21076066941970487,46.011386135692085,46.14346402949083,90.01601794671119,90.08532762033386,0.0,260.7463572776278,-0.39063560614163717,0.007644366053771279,0.2107592910907278,46.0113861168377,46.14346404159234,90.0160179082293,90.08532761856752,0.0,260.7466551569631,-0.39063561463412166,0.007644388203962793,0.21076066929847,46.01138576650513,46.143464027029985,90.01601670486666,90.08532762272276,0.0,260.73962614260057,-0.3906343091866771,0.0076443885114229615,0.21075929066111124,46.0113857480446,46.14346403920498,90.01601666681127,90.08532762099672,0.0,260.7399240229083,-0.39063431722657915
11.66,0.09589176567668277,-179.99990917177357,-0.0009665696380160075,10.85851120976057,0.19999998807907104,tilt,0.007644365748182114,0.21076066942131677,46.011386135692085,46.14346402949154,90.01601794671119,90.08532762033863,0.0,260.74635727763894,-0.39063560613383785,0.007644366053771279,0.210759291089167,46.0113861168377,46.1434640415918,90.0160179082293,90.08532761856293,0.0,260.7466551569514,-0.3906356146421708,0.007644388203962793,0.2107606693002767,46.01138576650513,46.14346402703061,90.01601670486666,90.08532762272729,0.0,260.739626142612,-0.3906343091790443,0.0076443885114229615,0.21075929065934917,46.0113857480446,46.14346403920448,90.01601666681127,90.08532762099229,0.0,260.73992402289656,-0.39063431723462827
11.68,0.09589176567668277,-179.9999091717645,-0.0009665696380186823,10.858511209760513,0.19999998807907104,tilt,0.007644365748182114,0.2107606694263255,46.011386135692085,46.14346402949252,90.01601794671119,90.08532762033475,0.0,260.74635727763564,-0.39063560614677195,0.007644366053771279,0.21075929108418376,46.0113861168377,46.14346404159085,90.0160179082293,90.08532761856678,0.0,260.74665515695483,-0.39063561462951424,0.007644388203962793,0.21076066930547538,46.01138576650513,46.14346402703153,90.01601670486666,90.08532762272357,0.0,260.73962614260813,-0.39063430919125675,0.0076443885114229615,0.2107592906541644,46.0113857480446,46.14346403920359,90.01601666681127,90.08532762099601,0.0,260.73992402290037,-0.3906343172224158
11.700000000000001,0.09589176567668277,-179.99990917174784,-0.0009665696380230106,10.858511209760477,0.19999998807907104,tilt,0.007644365748182114,0.21076066942644708,46.011386135692085,46.14346402949233,90.01601794671119,90.08532762033182,0.0,260.7463572776231,-0.39063560615251736,0.007644366053771279,0.21075929108409433,46.0113861168377,46.143464041591116,90.0160179082293,90.08532761856974,0.0,260.74665515696745,-0.3906356146239631,0.007644388203962793,0.21076066930543472,46.01138576650513,46.14346402703134,90.01601670486666,90.08532762272078,0.0,260.7396261425952,-0.39063430919680786,0.0076443885114229615,0.2107592906542149,46.0113857480446,46.143464039203764,90.01601666681127,90.08532762099881,0.0,260.7399240229131,-0.39063431721678143
11.72,0.09589176567668277,-179.99990917173056,-0.0009665696380266409,10.858511209760671,0.19999998807907104,tilt,0.007644365748182114,0.21076066942089072,46.011386135692085,46.143464029490936,90.01601794671119,90.08532762032776,0.0,260.74635727761796,-0.390635606155848,0.007644366053771279,0.21075929108970207,46.0113861168377,46.143464041592594,90.0160179082293,90.08532761857379,0.0,260.7466551569724,-0.3906356146210488,0.007644388203962793,0.21076066929954504,46.01138576650513,46.14346402703002,90.01601670486666,90.08532762271692,0.0,260.7396261425902,-0.390634309199972,0.0076443885114229615,0.21075929066012544,46.0113857480446,46.14346403920513,90.01601666681127,90.08532762100278,0.0,260.73992402291816,-0.39063431721364505
11.74,0.09589176567668277,-179.99990917174875,-0.0009665696380339743,10.858511209760684,0.19999998807907104,tilt,0.007644365748182114,0.2107606694105759,46.011386135692085,46.14346402948854,90.01601794671119,90.08532762032148,0.0,260.74635727761927,-0.39063560615990034,0.007644366053771279,0.21075929110002906,46.0113861168377,46.14346404159497,90.0160179082293,90.08532761858001,0.0,260.7466551569714,-0.39063561461702423,0.007644388203962793,0.2107606692888157,46.01138576650513,46.14346402702769,90.01601670486666,90.08532762271088,0.0,260.73962614259125,-0.390634309203719,0.0076443885114229615,0.21075929067083685,46.0113857480446,46.14346403920736,90.01601666681127,90.08532762100866,0.0,260.73992402291725,-0.3906343172097315
11.76,0.09589176567668277,-179.99990917174276,-0.0009665696380318105,10.858511209760644,0.19999998807907104,tilt,0.007644365748182114,0.21076066939769167,46.011386135692085,46.14346402948592,90.01601794671119,90.08532762032156,0.0,260.7463572776254,-0.3906356061486316,0.007644366053771279,0.21075929111290345,46.0113861168377,46.143464041597575,90.0160179082293,90.08532761857992,0.0,260.74665515696535,-0.3906356146282097,0.007644388203962793,0.21076066927549036,46.01138576650513,46.14346402702513,90.01601670486666,90.08532762271096,0.0,260.7396261425981,-0.39063430919270004,0.0076443885114229615,0.2107592906841342,46.0113857480446,46.143464039209825,90.01601666681127,90.08532762100852,0.0,260.7399240229109,-0.3906343172206117
11.78,0.09589176567668277,-179.99990917174338,-0.0009665696380313624,10.858511209760609,0.19999998807907104,tilt,0.007644365748182114,0.2107606693848027,46.011386135692085,46.143464029483575,90.01601794671119,90.08532762032432,0.0,260.74635727763757,-0.39063560613247783,0.007644366053771279,0.21075929112582437,46.0113861168377,46.14346404159999,90.0160179082293,90.08532761857724,0.0,260.7466551569529,-0.3906356146444745,0.007644388203962793,0.21076066926225448,46.01138576650513,46.14346402702285,90.01601670486666,90.08532762271359,0.0,260.73962614261075,-0.39063430917712916,0.0076443885114229615,0.210759290697388,46.0113857480446,46.143464039212155,90.01601666681127,90.0853276210059,0.0,260.7399240228979,-0.39063431723626585
11.8,0.09589176567668277,-179.99990917176814,-0.0009665696380301462,10.858511209760616,0.19999998807907104,tilt,0.007644365748182114,0.21076066940737365,46.011386135692085,46.143464029488676,90.01601794671119,90.08532762033288,0.0,260.74635727764684,-0.3906356061346983,0.007644366053771279,0.21075929110327205,46.0113861168377,46.143464041594946,90.0160179082293,90.08532761856866,0.0,260.74665515694363,-0.3906356146425871,0.007644388203962793,0.21076066928581175,46.01138576650513,46.14346402702769,90.01601670486666,90.08532762272178,0.0,260.7396261426197,-0.39063430917912756,0.0076443885114229615,0.21075929067384036,46.0113857480446,46.14346403920733,90.01601666681127,90.08532762099772,0.0,260.73992402288883,-0.3906343172343507
11.82,0.09589176567668277,-179.9999091717791,-0.0009665696380300124,10.858511209760552,0.19999998807907104,tilt,0.007644365748182114,0.21076066943055496,46.011386135692085,46.143464029493586,90.01601794671119,90.08532762033926,0.0,260.74635727763814,-0.39063560614113757,0.007644366053771279,0.21075929108009822,46.0113861168377,46.14346404159004,90.0160179082293,90.08532761856236,0.0,260.7466551569522,-0.39063561463606455,0.007644388203962793,0.2107606693097855,46.01138576650513,46.143464027032415,90.01601670486666,90.08532762272786,0.0,260.73962614261086,-0.39063430918545583,0.0076443885114229615,0.21075929064987134,46.0113857480446,46.143464039202634,90.01601666681127,90.08532762099166,0.0,260.7399240228978,-0.3906343172281612
11.84,0.09589176567668277,-179.99990917175535,-0.0009665696380293764,10.858511209760513,0.19999998807907104,tilt,0.007644365748182114,0.21076066941956667,46.011386135692085,46.14346402949117,90.01601794671119,90.08532762033262,0.0,260.74635727763047,-0.39063560614582826,0.007644366053771279,0.2107592910911111,46.0113861168377,46.14346404159252,90.0160179082293,90.08532761856902,0.0,260.74665515696006,-0.39063561463151264,0.007644388203962793,0.21076066929831322,46.01138576650513,46.14346402703011,90.01601670486666,90.08532762272151,0.0,260.73962614260296,-0.39063430919006326,0.0076443885114229615,0.21075929066136434,46.0113857480446,46.143464039204986,90.01601666681127,90.08532762099804,0.0,260.7399240229058,-0.3906343172236926
11.86,0.09589176567668277,-179.99990917173452,-0.0009665696380200546,10.858511209760506,0.19999998807907104,tilt,0.007644365748182114,0.21076066940324395,46.011386135692085,46.14346402948764,90.01601794671119,90.08532762032793,0.0,260.74635727762893,-0.3906356061414984,0.007644366053771279,0.2107592911074112,46.0113861168377,46.14346404159596,90.0160179082293,90.08532761857361,0.0,260.7466551569615,-0.39063561463570373,0.007644388203962793,0.2107606692813686,46.01138576650513,46.143464027026766,90.01601670486666,90.08532762271702,0.0,260.7396261426016,-0.3906343091858444,0.0076443885114229615,0.2107592906782977,46.0113857480446,46.1434640392083,90.01601666681127,90.08532762100248,0.0,260.7399240229071,-0.3906343172278004
11.88,0.09589176567668277,-179.9999091717163,-0.0009665696380173172,10.858511209760675,0.19999998807907104,tilt,0.007644365748182114,0.21076066938339363,46.011386135692085,46.14346402948351,90.01601794671119,90.08532762032289,0.0,260.7463572776373,-0.3906356061354199,0.007644366053771279,0.2107592911272484,46.0113861168377,46.14346404160006,90.0160179082293,90.08532761857869,0.0,260.7466551569536,-0.39063561464161567,0.007644388203962793,0.21076066926085554,46.01138576650513,46.14346402702281,90.01601670486666,90.08532762271219,0.0,260.7396261426103,-0.39063430918001574,0.0076443885114229615,0.21075929069880764,46.0113857480446,46.14346403921225,90.01601666681127,90.08532762100732,0.0,260.7399240228989,-0.3906343172335458
11.9,0.09589176567668277,-179.99990917173398,-0.0009665696380293167,10.858511209760675,0.19999998807907104,tilt,0.007644365748182114,0.21076066936143048,46.011386135692085,46.14346402947905,90.01601794671119,90.08532762031612,0.0,260.7463572776496,-0.39063560613172843,0.007644366053771279,0.21075929114922767,46.0113861168377,46.14346404160456,90.0160179082293,90.08532761858537,0.0,260.74665515694113,-0.39063561464555696,0.007644388203962793,0.21076066923822576,46.01138576650513,46.143464027018496,90.01601670486666,90.08532762270573,0.0,260.73962614262274,-0.39063430917626873,0.0076443885114229615,0.21075929072144065,46.0113857480446,46.14346403921655,90.01601666681127,90.08532762101376,0.0,260.73992402288616,-0.3906343172374038
11.92,0.09589176567668277,-179.9999091717695,-0.0009665696380335111,10.85851120976066,0.19999998807907104,tilt,0.007644365748182114,0.21076066940478824,46.011386135692085,46.14346402948828,90.01601794671119,90.08532762032813,0.0,260.74635727764945,-0.3906356061436911,0.007644366053771279,0.21075929110587474,46.0113861168377,46.14346404159532,90.0160179082293,90.08532761857336,0.0,260.7466551569411,-0.3906356146336498,0.007644388203962793,0.21076066928322107,46.01138576650513,46.143464027027285,90.01601670486666,90.0853276227172,0.0,260.73962614262194,-0.39063430918770403,0.0076443885114229615,0.21075929067643365,46.0113857480446,46.143464039207714,90.01601666681127,90.08532762100229,0.0,260.73992402288667,-0.3906343172257465
11.94,0.09589176567668277,-179.99990917176595,-0.0009665696380250888,10.858511209760625,0.19999998807907104,tilt,0.007644365748182114,0.21076066941547722,46.011386135692085,46.14346402949034,90.01601794671119,90.08532762032975,0.0,260.74635727763604,-0.3906356061487981,0.007644366053771279,0.2107592910951693,46.0113861168377,46.1434640415932,90.0160179082293,90.08532761857177,0.0,260.74665515695443,-0.39063561462826524,0.007644388203962793,0.21076066929417156,46.01138576650513,46.14346402702932,90.01601670486666,90.08532762271878,0.0,260.7396261426084,-0.39063430919275555,0.0076443885114229615,0.21075929066547702,46.0113857480446,46.14346403920568,90.01601666681127,90.08532762100077,0.0,260.7399240229002,-0.39063431722052844
11.96,0.09589176567668277,-179.99990917176453,-0.0009665696380278415,10.858511209760572,0.19999998807907104,tilt,0.007644365748182114,0.21076066942201951,46.011386135692085,46.14346402949167,90.01601794671119,90.08532762033302,0.0,260.746357277627,-0.39063560614707726,0.007644366053771279,0.21075929108864713,46.0113861168377,46.14346404159194,90.0160179082293,90.0853276185686,0.0,260.7466551569632,-0.3906356146300416,0.007644388203962793,0.21076066930084292,46.01138576650513,46.1434640270306,90.01601670486666,90.08532762272189,0.0,260.7396261425996,-0.3906343091911735,0.0076443885114229615,0.2107592906588246,46.0113857480446,46.14346403920444,90.01601666681127,90.08532762099767,0.0,260.7399240229088,-0.3906343172222493
11.98,0.09589176567668277,-179.9999091717669,-0.0009665696380271795,10.858511209760563,0.19999998807907104,tilt,0.007644365748182114,0.2107606694256395,46.011386135692085,46.14346402949248,90.01601794671119,90.08532762033656,0.0,260.74635727762706,-0.39063560614246984,0.007644366053771279,0.21075929108502406,46.0113861168377,46.14346404159114,90.0160179082293,90.08532761856502,0.0,260.74665515696324,-0.3906356146346768,0.007644388203962793,0.21076066930458684,46.01138576650513,46.14346402703138,90.01601670486666,90.08532762272529,0.0,260.7396261425995,-0.39063430918687136,0.0076443885114229615,0.21075929065508053,46.0113857480446,46.143464039203685,90.01601666681127,90.08532762099424,0.0,260.7399240229086,-0.39063431722688446
12.0,0.09589176567668277,-179.99990917174114,-0.0009665696380232112,10.85851120976051,0.19999998807907104,tilt,0.007644365748182114,0.2107606693970655,46.011386135692085,46.14346402948654,90.01601794671119,90.08532762032836,0.0,260.74635727763484,-0.390635606135864,0.007644366053771279,0.21075929111358246,46.0113861168377,46.14346404159707,90.0160179082293,90.08532761857316,0.0,260.74665515695574,-0.39063561464144914,0.007644388203962793,0.2107606692750527,46.01138576650513,46.14346402702567,90.01601670486666,90.08532762271744,0.0,260.7396261426078,-0.3906343091803488,0.0076443885114229615,0.21075929068460758,46.0113857480446,46.1434640392094,90.01601666681127,90.0853276210021,0.0,260.7399240229008,-0.39063431723332376
12.02,0.09589176567668277,-179.9999091717462,-0.0009665696380219997,10.85851120976048,0.19999998807907104,tilt,0.007644365748182114,0.21076066939879595,46.011386135692085,46.14346402948715,90.01601794671119,90.08532762032993,0.0,260.7463572776474,-0.3906356061348093,0.007644366053771279,0.2107592911118578,46.0113861168377,46.143464041596474,90.0160179082293,90.08532761857158,0.0,260.74665515694335,-0.39063561464244834,0.007644388203962793,0.21076066927700615,46.01138576650513,46.14346402702624,90.01601670486666,90.08532762271892,0.0,260.7396261426203,-0.3906343091793496,0.0076443885114229615,0.21075929068266472,46.0113857480446,46.14346403920886,90.01601666681127,90.0853276210006,0.0,260.73992402288843,-0.3906343172344062
12.040000000000001,0.09589176567668277,-179.9999091717322,-0.0009665696380120775,10.858511209760694,0.19999998807907104,tilt,0.007644365748182114,0.21076066940112298,46.011386135692085,46.14346402948739,90.01601794671119,90.08532762032566,0.0,260.7463572776409,-0.39063560614557846,0.007644366053771279,0.21075929110949979,46.0113861168377,46.14346404159614,90.0160179082293,90.08532761857577,0.0,260.7466551569496,-0.3906356146315959,0.007644388203962793,0.21076066927937437,46.01138576650513,46.143464027026525,90.01601670486666,90.08532762271484,0.0,260.7396261426135,-0.39063430918975794,0.0076443885114229615,0.210759290680287,46.0113857480446,46.14346403920855,90.01601666681127,90.08532762100467,0.0,260.73992402289525,-0.3906343172239424
12.06,0.09589176567668277,-179.99990917174554,-0.0009665696380105139,10.858511209760685,0.19999998807907104,tilt,0.007644365748182114,0.21076066939796617,46.011386135692085,46.143464029486296,90.01601794671119,90.08532762031923,0.0,260.74635727762893,-0.39063560615545945,0.007644366053771279,0.21075929111260022,46.0113861168377,46.14346404159711,90.0160179082293,90.08532761858206,0.0,260.74665515696176,-0.3906356146214929,0.007644388203962793,0.21076066927595846,46.01138576650513,46.14346402702556,90.01601670486666,90.08532762270877,0.0,260.73962614260114,-0.3906343091994169,0.0076443885114229615,0.21075929068367122,46.0113857480446,46.143464039209455,90.01601666681127,90.08532762101068,0.0,260.7399240229075,-0.3906343172141724
12.08,0.09589176567668277,-179.999909171762,-0.000966569638008705,10.858511209760671,0.19999998807907104,tilt,0.007644365748182114,0.21076066942103744,46.011386135692085,46.143464029491035,90.01601794671119,90.08532762032726,0.0,260.7463572776237,-0.3906356061573746,0.007644366053771279,0.21075929108950242,46.0113861168377,46.143464041592324,90.0160179082293,90.08532761857404,0.0,260.74665515696705,-0.39063561461932794,0.007644388203962793,0.21076066929978815,46.01138576650513,46.143464027030106,90.01601670486666,90.08532762271643,0.0,260.73962614259585,-0.39063430920144304,0.0076443885114229615,0.21075929065983723,46.0113857480446,46.143464039204886,90.01601666681127,90.08532762100302,0.0,260.739924022913,-0.3906343172120075
12.1,0.09589176567668277,-179.99990917175293,-0.0009665696380134152,10.85851120976065,0.19999998807907104,tilt,0.007644365748182114,0.21076066941107394,46.011386135692085,46.14346402948891,90.01601794671119,90.0853276203266,0.0,260.74635727762416,-0.3906356061498806,0.007644366053771279,0.2107592910994694,46.0113861168377,46.14346404159447,90.0160179082293,90.08532761857484,0.0,260.74665515696626,-0.39063561462662766,0.007644388203962793,0.21076066928944504,46.01138576650513,46.14346402702813,90.01601670486666,90.08532762271577,0.0,260.73962614259665,-0.3906343091944764,0.0076443885114229615,0.21075929067019325,46.0113857480446,46.143464039206926,90.01601666681127,90.08532762100371,0.0,260.739924022912,-0.3906343172190574
12.120000000000001,0.09589176567668277,-179.99990917175006,-0.0009665696380164483,10.858511209760604,0.19999998807907104,tilt,0.007644365748182114,0.2107606693995526,46.011386135692085,46.14346402948668,90.01601794671119,90.08532762032843,0.0,260.74635727763183,-0.3906356061363636,0.007644366053771279,0.21075929111097397,46.0113861168377,46.143464041596665,90.0160179082293,90.08532761857305,0.0,260.7466551569587,-0.3906356146399226,0.007644388203962793,0.21076066927757955,46.01138576650513,46.14346402702598,90.01601670486666,90.08532762271754,0.0,260.73962614260483,-0.3906343091814035,0.0076443885114229615,0.2107592906820451,46.0113857480446,46.14346403920904,90.01601666681127,90.08532762100195,0.0,260.7399240229039,-0.3906343172321025
12.14,0.09589176567668277,-179.99990917177152,-0.0009665696380253104,10.858511209760579,0.19999998807907104,tilt,0.007644365748182114,0.21076066942228122,46.011386135692085,46.143464029491696,90.01601794671119,90.085327620336,0.0,260.74635727763825,-0.3906356061404992,0.007644366053771279,0.21075929108826919,46.0113861168377,46.14346404159171,90.0160179082293,90.08532761856554,0.0,260.74665515695216,-0.3906356146359258,0.007644388203962793,0.21076066930124887,46.01138576650513,46.14346402703068,90.01601670486666,90.08532762272473,0.0,260.7396261426109,-0.390634309185095,0.0076443885114229615,0.21075929065838142,46.0113857480446,46.14346403920433,90.01601666681127,90.08532762099478,0.0,260.7399240228976,-0.3906343172283
12.16,0.09589176567668277,-179.9999091717784,-0.0009665696380292688,10.858511209760547,0.19999998807907104,tilt,0.007644365748182114,0.21076066944463695,46.011386135692085,46.14346402949633,90.01601794671119,90.08532762034088,0.0,260.74635727762717,-0.3906356061489924,0.007644366053771279,0.21075929106596347,46.0113861168377,46.14346404158719,90.0160179082293,90.08532761856075,0.0,260.7466551569631,-0.39063561462762686,0.007644388203962793,0.21076066932431378,46.01138576650513,46.14346402703512,90.01601670486666,90.08532762272942,0.0,260.7396261425996,-0.39063430919331066,0.0076443885114229615,0.21075929063534832,46.0113857480446,46.14346403919997,90.01601666681127,90.08532762099013,0.0,260.7399240229089,-0.39063431722033415
12.18,0.09589176567668277,-179.99990917174935,-0.0009665696380227559,10.858511209760474,0.19999998807907104,tilt,0.007644365748182114,0.2107606694320149,46.011386135692085,46.143464029493344,90.01601794671119,90.08532762033147,0.0,260.74635727761853,-0.39063560615765214,0.007644366053771279,0.21075929107858127,46.0113861168377,46.14346404159016,90.0160179082293,90.08532761857003,0.0,260.7466551569717,-0.39063561461918916,0.007644388203962793,0.21076066931110665,46.01138576650513,46.1434640270323,90.01601670486666,90.08532762272043,0.0,260.73962614259074,-0.3906343092016651,0.0076443885114229615,0.21075929064854826,46.0113857480446,46.143464039202776,90.01601666681127,90.08532762099912,0.0,260.7399240229177,-0.39063431721195196
12.200000000000001,0.09589176567668277,-179.99990917172255,-0.0009665696380277497,10.858511209760685,0.19999998807907104,tilt,0.007644365748182114,0.21076066941301166,46.011386135692085,46.143464029489145,90.01601794671119,90.08532762032408,0.0,260.74635727761637,-0.3906356061566252,0.007644366053771279,0.21075929109761435,46.0113861168377,46.14346404159441,90.0160179082293,90.08532761857745,0.0,260.74665515697404,-0.3906356146204659,0.007644388203962793,0.21076066929131726,46.01138576650513,46.14346402702828,90.01601670486666,90.08532762271335,0.0,260.7396261425886,-0.39063430920063813,0.0076443885114229615,0.2107592906683441,46.0113857480446,46.143464039206805,90.01601666681127,90.0853276210062,0.0,260.7399240229199,-0.3906343172130067
12.22,0.09589176567668277,-179.999909171732,-0.000966569638029443,10.858511209760685,0.19999998807907104,tilt,0.007644365748182114,0.2107606693894798,46.011386135692085,46.143464029484036,90.01601794671119,90.08532762031577,0.0,260.74635727762063,-0.39063560615371085,0.007644366053771279,0.2107592911211445,46.0113861168377,46.14346404159947,90.0160179082293,90.08532761858564,0.0,260.7466551569698,-0.39063561462332475,0.007644388203962793,0.2107606692669282,46.01138576650513,46.143464027023384,90.01601670486666,90.08532762270542,0.0,260.7396261425933,-0.3906343091977793,0.0076443885114229615,0.21075929069271707,46.0113857480446,46.14346403921163,90.01601666681127,90.08532762101405,0.0,260.73992402291543,-0.39063431721569897
12.24,0.09589176567668277,-179.99990917174728,-0.0009665696380150458,10.858511209760685,0.19999998807907104,tilt,0.007644365748182114,0.21076066939479127,46.011386135692085,46.143464029485315,90.01601794671119,90.08532762032243,0.0,260.746357277632,-0.3906356061440519,0.007644366053771279,0.21075929111575106,46.0113861168377,46.14346404159801,90.0160179082293,90.08532761857882,0.0,260.7466551569588,-0.39063561463256735,0.007644388203962793,0.21076066927254908,46.01138576650513,46.143464027024585,90.01601670486666,90.08532762271177,0.0,260.73962614260495,-0.3906343091885367,0.0076443885114229615,0.21075929068703317,46.0113857480446,46.143464039210265,90.01601666681127,90.08532762100754,0.0,260.7399240229042,-0.3906343172246085
12.26,0.09589176567668277,-179.99990917176683,-0.0009665696380154739,10.858511209760636,0.19999998807907104,tilt,0.007644365748182114,0.2107606694023662,46.011386135692085,46.14346402948733,90.01601794671119,90.08532762033016,0.0,260.74635727764684,-0.3906356061351701,0.007644366053771279,0.2107592911081784,46.0113861168377,46.14346404159601,90.0160179082293,90.08532761857123,0.0,260.7466551569436,-0.3906356146412826,0.007644388203962793,0.21076066928060125,46.01138576650513,46.14346402702652,90.01601670486666,90.08532762271915,0.0,260.73962614261984,-0.3906343091801545,0.0076443885114229615,0.2107592906790023,46.0113857480446,46.14346403920842,90.01601666681127,90.08532762100026,0.0,260.7399240228888,-0.3906343172332405
12.280000000000001,0.09589176567668277,-179.99990917176962,-0.0009665696380129454,10.858511209760634,0.19999998807907104,tilt,0.007644365748182114,0.21076066941429125,46.011386135692085,46.143464029489934,90.01601794671119,90.08532762033195,0.0,260.7463572776431,-0.3906356061421923,0.007644366053771279,0.21075929109624897,46.0113861168377,46.14346404159344,90.0160179082293,90.08532761856942,0.0,260.7466551569473,-0.39063561463451024,0.007644388203962793,0.2107606692929977,46.01138576650513,46.14346402702901,90.01601670486666,90.08532762272087,0.0,260.7396261426158,-0.39063430918676034,0.0076443885114229615,0.21075929066661866,46.0113857480446,46.14346403920598,90.01601666681127,90.08532762099853,0.0,260.73992402289286,-0.3906343172267457
12.3,0.09589176567668277,-179.9999091717672,-0.0009665696380118634,10.858511209760596,0.19999998807907104,tilt,0.007644365748182114,0.2107606694232196,46.011386135692085,46.14346402949177,90.01601794671119,90.08532762033485,0.0,260.7463572776318,-0.39063560614333026,0.007644366053771279,0.21075929108730704,46.0113861168377,46.143464041591606,90.0160179082293,90.08532761856658,0.0,260.74665515695847,-0.39063561463312246,0.007644388203962793,0.21076066930215517,46.01138576650513,46.14346402703081,90.01601670486666,90.08532762272367,0.0,260.7396261426045,-0.39063430918806485,0.0076443885114229615,0.210759290657465,46.0113857480446,46.143464039204225,90.01601666681127,90.08532762099577,0.0,260.739924022904,-0.3906343172256632
12.32,0.09589176567668277,-179.99990917176598,-0.0009665696380164923,10.858511209760554,0.19999998807907104,tilt,0.007644365748182114,0.210760669428487,46.011386135692085,46.14346402949293,90.01601794671119,90.08532762033758,0.0,260.746357277627,-0.3906356061421923,0.007644366053771279,0.21075929108207406,46.0113861168377,46.14346404159055,90.0160179082293,90.08532761856398,0.0,260.7466551569632,-0.39063561463451024,0.007644388203962793,0.21076066930756507,46.01138576650513,46.143464027031946,90.01601670486666,90.08532762272624,0.0,260.73962614259995,-0.3906343091870934,0.0076443885114229615,0.21075929065209228,46.0113857480446,46.1434640392032,90.01601666681127,90.08532762099328,0.0,260.73992402290867,-0.39063431722688446
12.34,0.09589176567668277,-179.99990917173508,-0.0009665696380110803,10.858511209760511,0.19999998807907104,tilt,0.007644365748182114,0.21076066940046637,46.011386135692085,46.143464029487006,90.01601794671119,90.08532762032692,0.0,260.74635727763155,-0.39063560614108206,0.007644366053771279,0.21075929111008518,46.0113861168377,46.143464041596474,90.0160179082293,90.08532761857452,0.0,260.74665515695864,-0.39063561463587027,0.007644388203962793,0.21076066927856518,46.01138576650513,46.14346402702628,90.01601670486666,90.08532762271606,0.0,260.7396261426045,-0.39063430918595543,0.0076443885114229615,0.21075929068109447,46.0113857480446,46.14346403920887,90.01601666681127,90.08532762100346,0.0,260.739924022904,-0.3906343172279392
12.36,0.09589176567668277,-179.99990917170808,-0.0009665696380116363,10.858511209760684,0.19999998807907104,tilt,0.007644365748182114,0.21076066936865107,46.011386135692085,46.143464029480405,90.01601794671119,90.08532762031881,0.0,260.7463572776422,-0.39063560613147863,0.007644366053771279,0.21075929114190534,46.0113861168377,46.14346404160307,90.0160179082293,90.08532761858261,0.0,260.74665515694886,-0.3906356146453904,0.007644388203962793,0.21076066924567657,46.01138576650513,46.14346402701997,90.01601670486666,90.08532762270835,0.0,260.73962614261524,-0.39063430917662956,0.0076443885114229615,0.2107592907139863,46.0113857480446,46.14346403921518,90.01601666681127,90.08532762101116,0.0,260.73992402289394,-0.3906343172373483
12.38,0.09589176567668277,-179.99990917173923,-0.0009665696380218411,10.858511209760666,0.19999998807907104,tilt,0.007644365748182114,0.21076066936831214,46.011386135692085,46.14346402948047,90.01601794671119,90.08532762031567,0.0,260.7463572776518,-0.3906356061388061,0.007644366053771279,0.21075929114226669,46.0113861168377,46.143464041603046,90.0160179082293,90.08532761858582,0.0,260.74665515693886,-0.39063561463806296,0.007644388203962793,0.21076066924547207,46.01138576650513,46.143464027019995,90.01601670486666,90.08532762270526,0.0,260.73962614262473,-0.3906343091836517,0.0076443885114229615,0.2107592907141971,46.0113857480446,46.14346403921519,90.01601666681127,90.08532762101429,0.0,260.73992402288394,-0.3906343172302984
12.4,0.09589176567668277,-179.99990917175688,-0.0009665696380216864,10.858511209760653,0.19999998807907104,tilt,0.007644365748182114,0.21076066939786592,46.011386135692085,46.14346402948664,90.01601794671119,90.08532762032398,0.0,260.7463572776419,-0.39063560614616133,0.007644366053771279,0.21075929111272337,46.0113861168377,46.14346404159691,90.0160179082293,90.08532761857757,0.0,260.74665515694846,-0.39063561463076324,0.007644388203962793,0.2107606692760143,46.01138576650513,46.14346402702589,90.01601670486666,90.08532762271322,0.0,260.73962614261455,-0.3906343091907294,0.0076443885114229615,0.21075929068365526,46.0113857480446,46.14346403920928,90.01601666681127,90.08532762100633,0.0,260.7399240228941,-0.39063431722327624
12.42,0.09589176567668277,-179.9999091717725,-0.0009665696380283664,10.858511209760623,0.19999998807907104,tilt,0.007644365748182114,0.21076066942522464,46.011386135692085,46.143464029492335,90.01601794671119,90.08532762033217,0.0,260.7463572776314,-0.3906356061517957,0.007644366053771279,0.2107592910853935,46.0113861168377,46.14346404159127,90.0160179082293,90.08532761856942,0.0,260.74665515695875,-0.39063561462532315,0.007644388203962793,0.21076066930423898,46.01138576650513,46.1434640270313,90.01601670486666,90.08532762272108,0.0,260.73962614260375,-0.39063430919594744,0.0076443885114229615,0.21075929065544066,46.0113857480446,46.14346403920385,90.01601666681127,90.08532762099848,0.0,260.7399240229047,-0.39063431721803044
12.44,0.09589176567668277,-179.99990917176027,-0.0009665696380340799,10.858511209760586,0.19999998807907104,tilt,0.007644365748182114,0.21076066941844235,46.011386135692085,46.14346402949085,90.01601794671119,90.08532762033062,0.0,260.7463572776265,-0.3906356061489924,0.007644366053771279,0.21075929109222402,46.0113861168377,46.14346404159285,90.0160179082293,90.08532761857103,0.0,260.74665515696404,-0.39063561462832075,0.007644388203962793,0.21076066929712736,46.01138576650513,46.143464027029864,90.01601670486666,90.08532762271957,0.0,260.73962614259904,-0.39063430919319964,0.0076443885114229615,0.210759290662575,46.0113857480446,46.14346403920531,90.01601666681127,90.08532762099999,0.0,260.7399240229097,-0.39063431722063946
12.46,0.09589176567668277,-179.99990917175356,-0.0009665696380255161,10.85851120976061,0.19999998807907104,tilt,0.007644365748182114,0.2107606694085745,46.011386135692085,46.14346402948885,90.01601794671119,90.08532762033128,0.0,260.7463572776293,-0.39063560613902815,0.007644366053771279,0.21075929110206645,46.0113861168377,46.14346404159478,90.0160179082293,90.0853276185702,0.0,260.74665515696125,-0.390635614638396,0.007644388203962793,0.21076066928691795,46.01138576650513,46.14346402702791,90.01601670486666,90.08532762272026,0.0,260.73962614260205,-0.39063430918345743,0.0076443885114229615,0.21075929067275653,46.0113857480446,46.14346403920717,90.01601666681127,90.08532762099921,0.0,260.7399240229066,-0.3906343172302429
12.48,0.09589176567668277,-179.99990917175126,-0.0009665696380108317,10.85851120976058,0.19999998807907104,tilt,0.007644365748182114,0.21076066939759766,46.011386135692085,46.143464029486694,90.01601794671119,90.08532762033262,0.0,260.74635727763985,-0.3906356061269267,0.007644366053771279,0.21075929111296068,46.0113861168377,46.1434640415967,90.0160179082293,90.08532761856871,0.0,260.746655156951,-0.39063561464980356,0.007644388203962793,0.2107606692756743,46.01138576650513,46.14346402702589,90.01601670486666,90.08532762272155,0.0,260.7396261426132,-0.3906343091719944,0.0076443885114229615,0.21075929068394827,46.0113857480446,46.143464039209086,90.01601666681127,90.08532762099789,0.0,260.73992402289576,-0.3906343172414839
12.5,0.09589176567668277,-179.9999091717673,-0.0009665696380155407,10.858511209760511,0.19999998807907104,tilt,0.007644365748182114,0.2107606694209452,46.011386135692085,46.143464029491724,90.01601794671119,90.08532762033796,0.0,260.74635727764314,-0.39063560613614157,0.007644366053771279,0.21075929108961108,46.0113861168377,46.143464041591656,90.0160179082293,90.08532761856351,0.0,260.74665515694744,-0.39063561464025565,0.007644388203962793,0.2107606692999718,46.01138576650513,46.14346402703069,90.01601670486666,90.08532762272665,0.0,260.739626142616,-0.39063430918082065,0.0076443885114229615,0.21075929065965754,46.0113857480446,46.143464039204325,90.01601666681127,90.08532762099293,0.0,260.7399240228927,-0.39063431723246334
12.52,0.09589176567668277,-179.99990917173704,-0.0009665696380147978,10.858511209760705,0.19999998807907104,tilt,0.007644365748182114,0.21076066941156396,46.011386135692085,46.143464029489394,90.01601794671119,90.08532762032647,0.0,260.7463572776349,-0.39063560615221204,0.007644366053771279,0.2107592910989878,46.0113861168377,46.14346404159399,90.0160179082293,90.08532761857491,0.0,260.74665515695574,-0.39063561462443497,0.007644388203962793,0.21076066929014506,46.01138576650513,46.143464027028514,90.01601670486666,90.0853276227157,0.0,260.7396261426071,-0.39063430919619724,0.0076443885114229615,0.210759290669484,46.0113857480446,46.14346403920653,90.01601666681127,90.08532762100386,0.0,260.7399240229015,-0.39063431721719777
12.540000000000001,0.09589176567668277,-179.9999091717384,-0.0009665696380111638,10.858511209760705,0.19999998807907104,tilt,0.007644365748182114,0.2107606693948166,46.011386135692085,46.14346402948544,90.01601794671119,90.08532762031643,0.0,260.7463572776246,-0.39063560615820725,0.007644366053771279,0.21075929111568462,46.0113861168377,46.14346404159783,90.0160179082293,90.08532761858481,0.0,260.7466551569662,-0.3906356146183565,0.007644388203962793,0.21076066927265122,46.01138576650513,46.14346402702476,90.01601670486666,90.0853276227061,0.0,260.73962614259676,-0.39063430920199815,0.0076443885114229615,0.21075929068694327,46.0113857480446,46.14346403921018,90.01601666681127,90.08532762101333,0.0,260.7399240229121,-0.3906343172112303
12.56,0.09589176567668277,-179.99990917174566,-0.0009665696380088981,10.858511209760676,0.19999998807907104,tilt,0.007644365748182114,0.21076066940305158,46.011386135692085,46.1434640294871,90.01601794671119,90.08532762032172,0.0,260.74635727762245,-0.390635606153239,0.007644366053771279,0.21075929110743732,46.0113861168377,46.143464041596154,90.0160179082293,90.08532761857958,0.0,260.746655156968,-0.39063561462307494,0.007644388203962793,0.2107606692811284,46.01138576650513,46.14346402702639,90.01601670486666,90.08532762271115,0.0,260.739626142595,-0.39063430919755726,0.0076443885114229615,0.21075929067846685,46.0113857480446,46.143464039208574,90.01601666681127,90.08532762100832,0.0,260.73992402291367,-0.3906343172157267
12.58,0.09589176567668277,-179.9999091717583,-0.0009665696380072454,10.858511209760668,0.19999998807907104,tilt,0.007644365748182114,0.21076066941060623,46.011386135692085,46.14346402948882,90.01601794671119,90.0853276203281,0.0,260.7463572776285,-0.3906356061461058,0.007644366053771279,0.21075929109988112,46.0113861168377,46.143464041594434,90.0160179082293,90.08532761857327,0.0,260.74665515696194,-0.3906356146299861,0.007644388203962793,0.21076066928901244,46.01138576650513,46.143464027028045,90.01601670486666,90.08532762271723,0.0,260.7396261426012,-0.3906343091908404,0.0076443885114229615,0.21075929067059856,46.0113857480446,46.14346403920699,90.01601666681127,90.08532762100222,0.0,260.73992402290725,-0.39063431722277664
12.6,0.09589176567668277,-179.9999091717749,-0.0009665696380036602,10.858511209760646,0.19999998807907104,tilt,0.007644365748182114,0.21076066941904828,46.011386135692085,46.14346402949081,90.01601794671119,90.08532762033504,0.0,260.7463572776399,-0.39063560613888937,0.007644366053771279,0.2107592910913699,46.0113861168377,46.14346404159229,90.0160179082293,90.08532761856627,0.0,260.7466551569507,-0.39063561463681395,0.007644388203962793,0.21076066929791398,46.01138576650513,46.143464027029935,90.01601670486666,90.08532762272387,0.0,260.73962614261274,-0.3906343091839015,0.0076443885114229615,0.21075929066165475,46.0113857480446,46.14346403920499,90.01601666681127,90.08532762099559,0.0,260.739924022896,-0.3906343172292437
12.620000000000001,0.09589176567668277,-179.99990917177414,-0.0009665696380073586,10.858511209760605,0.19999998807907104,tilt,0.007644365748182114,0.210760669431027,46.011386135692085,46.14346402949328,90.01601794671119,90.08532762033532,0.0,260.746357277634,-0.39063560614871484,0.007644366053771279,0.21075929107939945,46.0113861168377,46.14346404158985,90.0160179082293,90.08532761856603,0.0,260.7466551569566,-0.3906356146269607,0.007644388203962793,0.2107606693103241,46.01138576650513,46.143464027032316,90.01601670486666,90.0853276227242,0.0,260.73962614260637,-0.3906343091932829,0.0076443885114229615,0.21075929064926344,46.0113857480446,46.14346403920266,90.01601666681127,90.08532762099536,0.0,260.73992402290224,-0.39063431721994557
12.64,0.09589176567668277,-179.99990917176746,-0.0009665696380111495,10.85851120976059,0.19999998807907104,tilt,0.007644365748182114,0.21076066943899402,46.011386135692085,46.143464029494815,90.01601794671119,90.08532762033666,0.0,260.7463572776204,-0.3906356061522398,0.007644366053771279,0.21075929107143979,46.0113861168377,46.143464041588366,90.0160179082293,90.08532761856475,0.0,260.74665515697,-0.3906356146236023,0.007644388203962793,0.2107606693184279,46.01138576650513,46.14346402703379,90.01601670486666,90.08532762272546,0.0,260.7396261425926,-0.3906343091965858,0.0076443885114229615,0.21075929064116478,46.0113857480446,46.1434640392012,90.01601666681127,90.0853276209941,0.0,260.7399240229158,-0.3906343172165594
12.66,0.09589176567668277,-179.99990917176146,-0.0009665696380036627,10.858511209760545,0.19999998807907104,tilt,0.007644365748182114,0.21076066944229185,46.011386135692085,46.143464029495334,90.01601794671119,90.0853276203374,0.0,260.74635727761427,-0.39063560615271165,0.007644366053771279,0.21075929106810773,46.0113861168377,46.14346404158778,90.0160179082293,90.0853276185639,0.0,260.7466551569763,-0.3906356146229917,0.007644388203962793,0.21076066932175472,46.01138576650513,46.14346402703432,90.01601670486666,90.08532762272621,0.0,260.73962614258636,-0.39063430919719644,0.0076443885114229615,0.2107592906378199,46.0113857480446,46.14346403920064,90.01601666681127,90.08532762099331,0.0,260.7399240229221,-0.39063431721589326
12.68,0.09589176567668277,-179.99990917172474,-0.0009665696379966827,10.858511209760715,0.19999998807907104,tilt,0.007644365748182114,0.21076066941170496,46.011386135692085,46.14346402948867,90.01601794671119,90.08532762032358,0.0,260.7463572776189,-0.390635606155737,0.007644366053771279,0.21075929109868752,46.0113861168377,46.143464041594434,90.0160179082293,90.0853276185777,0.0,260.74665515697154,-0.3906356146199941,0.007644388203962793,0.2107606692900586,46.01138576650513,46.14346402702799,90.01601670486666,90.08532762271298,0.0,260.73962614259113,-0.39063430920024955,0.0076443885114229615,0.21075929066952942,46.0113857480446,46.143464039207025,90.01601666681127,90.08532762100654,0.0,260.7399240229174,-0.3906343172131732
12.700000000000001,0.09589176567668277,-179.9999091717243,-0.0009665696380042273,10.858511209760685,0.19999998807907104,tilt,0.007644365748182114,0.2107606693763196,46.011386135692085,46.14346402948118,90.01601794671119,90.0853276203123,0.0,260.7463572776255,-0.390635606149492,0.007644366053771279,0.21075929113409775,46.0113861168377,46.143464041602,90.0160179082293,90.08532761858906,0.0,260.74665515696483,-0.3906356146264056,0.007644388203962793,0.21076066925342687,46.01138576650513,46.143464027020826,90.01601670486666,90.08532762270211,0.0,260.73962614259824,-0.39063430919444864,0.0076443885114229615,0.21075929070618635,46.0113857480446,46.14346403921425,90.01601666681127,90.08532762101738,0.0,260.7399240229103,-0.3906343172193627
12.72,0.09589176567668277,-179.99990917173096,-0.0009665696380051816,10.858511209760676,0.19999998807907104,tilt,0.007644365748182114,0.210760669368867,46.011386135692085,46.143464029479944,90.01601794671119,90.08532762031663,0.0,260.7463572776388,-0.390635606134504,0.007644366053771279,0.21075929114156347,46.0113861168377,46.14346404160327,90.0160179082293,90.0853276185847,0.0,260.74665515695193,-0.3906356146416434,0.007644388203962793,0.21076066924582748,46.01138576650513,46.14346402701963,90.01601670486666,90.08532762270629,0.0,260.7396261426121,-0.39063430917987696,0.0076443885114229615,0.2107592907137962,46.0113857480446,46.14346403921547,90.01601666681127,90.08532762101318,0.0,260.73992402289684,-0.3906343172339899
12.74,0.09589176567668277,-179.99990917176126,-0.0009665696380183534,10.858511209760643,0.19999998807907104,tilt,0.007644365748182114,0.2107606693976147,46.011386135692085,46.14346402948635,90.01601794671119,90.08532762032695,0.0,260.74635727764723,-0.39063560613827875,0.007644366053771279,0.21075929111285974,46.0113861168377,46.143464041596964,90.0160179082293,90.08532761857451,0.0,260.7466551569434,-0.3906356146378964,0.007644388203962793,0.21076066927576473,46.01138576650513,46.143464027025686,90.01601670486666,90.08532762271608,0.0,260.7396261426201,-0.39063430918345743,0.0076443885114229615,0.2107592906838763,46.0113857480446,46.14346403920946,90.01601666681127,90.08532762100339,0.0,260.7399240228887,-0.3906343172306037
12.76,0.09589176567668277,-179.99990917177922,-0.0009665696380280735,10.858511209760621,0.19999998807907104,tilt,0.007644365748182114,0.21076066942738803,46.011386135692085,46.14346402949268,90.01601794671119,90.08532762033553,0.0,260.74635727763825,-0.390635606145634,0.007644366053771279,0.21075929108313032,46.0113861168377,46.14346404159071,90.0160179082293,90.08532761856596,0.0,260.7466551569523,-0.39063561463076324,0.007644388203962793,0.21076066930654477,46.01138576650513,46.1434640270317,90.01601670486666,90.08532762272432,0.0,260.73962614261075,-0.39063430919031306,0.0076443885114229615,0.210759290653103,46.0113857480446,46.143464039203444,90.01601666681127,90.08532762099516,0.0,260.739924022898,-0.39063431722363706
12.780000000000001,0.09589176567668277,-179.99990917176447,-0.0009665696380247937,10.8585112097606,0.19999998807907104,tilt,0.007644365748182114,0.21076066942313637,46.011386135692085,46.143464029491696,90.01601794671119,90.08532762033308,0.0,260.74635727762916,-0.3906356061471328,0.007644366053771279,0.21075929108739008,46.0113861168377,46.14346404159169,90.0160179082293,90.0853276185684,0.0,260.7466551569612,-0.3906356146293477,0.007644388203962793,0.210760669302038,46.01138576650513,46.14346402703076,90.01601670486666,90.08532762272199,0.0,260.73962614260165,-0.3906343091916731,0.0076443885114229615,0.2107592906575994,46.0113857480446,46.143464039204325,90.01601666681127,90.0853276209975,0.0,260.73992402290696,-0.39063431722213826
12.8,0.09589176567668277,-179.99990917175376,-0.0009665696380270608,10.858511209760552,0.19999998807907104,tilt,0.007644365748182114,0.21076066941466523,46.011386135692085,46.143464029489955,90.01601794671119,90.08532762033268,0.0,260.7463572776271,-0.39063560614058246,0.007644366053771279,0.21075929109588937,46.0113861168377,46.143464041593475,90.0160179082293,90.08532761856881,0.0,260.7466551569633,-0.3906356146359813,0.007644388203962793,0.21076066929322065,46.01138576650513,46.143464027029076,90.01601670486666,90.08532762272159,0.0,260.7396261425999,-0.39063430918537256,0.0076443885114229615,0.21075929066642235,46.0113857480446,46.143464039206,90.01601666681127,90.08532762099792,0.0,260.7399240229086,-0.39063431722827224
12.82,0.09589176567668277,-179.9999091717467,-0.0009665696380265987,10.858511209760534,0.19999998807907104,tilt,0.007644365748182114,0.21076066940372665,46.011386135692085,46.14346402948781,90.01601794671119,90.08532762033244,0.0,260.746357277634,-0.39063560613208925,0.007644366053771279,0.2107592911068393,46.0113861168377,46.14346404159563,90.0160179082293,90.08532761856905,0.0,260.7466551569564,-0.39063561464455776,0.007644388203962793,0.21076066928194537,46.01138576650513,46.143464027027015,90.01601670486666,90.08532762272141,0.0,260.73962614260705,-0.3906343091771569,0.0076443885114229615,0.21075929067769106,46.0113857480446,46.143464039208034,90.01601666681127,90.08532762099811,0.0,260.73992402290156,-0.3906343172364324
12.84,0.09589176567668277,-179.99990917174173,-0.0009665696380218541,10.858511209760447,0.19999998807907104,tilt,0.007644365748182114,0.21076066939180613,46.011386135692085,46.14346402948559,90.01601794671119,90.08532762033158,0.0,260.74635727764775,-0.390635606124623,0.007644366053771279,0.21075929111876562,46.0113861168377,46.14346404159786,90.0160179082293,90.08532761856993,0.0,260.74665515694295,-0.390635614652024,0.007644388203962793,0.2107606692697461,46.01138576650513,46.14346402702486,90.01601670486666,90.08532762272056,0.0,260.7396261426211,-0.3906343091698572,0.0076443885114229615,0.210759290689892,46.0113857480446,46.14346403921019,90.01601666681127,90.08532762099898,0.0,260.73992402288786,-0.3906343172436211
12.86,0.09589176567668277,-179.9999091717494,-0.000966569638028425,10.858511209760664,0.19999998807907104,tilt,0.007644365748182114,0.21076066938334165,46.011386135692085,46.14346402948366,90.01601794671119,90.08532762031813,0.0,260.746357277649,-0.39063560614671644,0.007644366053771279,0.21075929112727762,46.0113861168377,46.14346404159993,90.0160179082293,90.0853276185834,0.0,260.7466551569416,-0.3906356146304024,0.007644388203962793,0.21076066926102827,46.01138576650513,46.14346402702299,90.01601670486666,90.08532762270762,0.0,260.73962614262155,-0.3906343091910347,0.0076443885114229615,0.21075929069864194,46.0113857480446,46.143464039212155,90.01601666681127,90.08532762101194,0.0,260.739924022887,-0.39063431722283215
12.88,0.09589176567668277,-179.99990917175177,-0.0009665696380270188,10.858511209760678,0.19999998807907104,tilt,0.007644365748182114,0.2107606693991225,46.011386135692085,46.14346402948678,90.01601794671119,90.08532762032169,0.0,260.7463572776358,-0.390635606151879,0.007644366053771279,0.21075929111149472,46.0113861168377,46.1434640415968,90.0160179082293,90.0853276185797,0.0,260.74665515695506,-0.3906356146255452,0.007644388203962793,0.2107606692772203,46.01138576650513,46.14346402702598,90.01601670486666,90.08532762271108,0.0,260.7396261426081,-0.3906343091959197,0.0076443885114229615,0.21075929068243315,46.0113857480446,46.143464039209114,90.01601666681127,90.08532762100836,0.0,260.7399240229007,-0.3906343172179749
12.9,0.09589176567668277,-179.9999091717571,-0.0009665696380206032,10.858511209760657,0.19999998807907104,tilt,0.007644365748182114,0.2107606694114647,46.011386135692085,46.14346402948922,90.01601794671119,90.0853276203269,0.0,260.74635727762774,-0.39063560615051895,0.007644366053771279,0.21075929109911684,46.0113861168377,46.14346404159423,90.0160179082293,90.0853276185745,0.0,260.7466551569631,-0.39063561462643337,0.007644388203962793,0.21076066928990295,46.01138576650513,46.143464027028365,90.01601670486666,90.08532762271604,0.0,260.7396261426002,-0.3906343091948927,0.0076443885114229615,0.2107592906697226,46.0113857480446,46.14346403920666,90.01601666681127,90.08532762100337,0.0,260.7399240229087,-0.3906343172188076
12.92,0.09589176567668277,-179.99990917176686,-0.0009665696380228791,10.85851120976063,0.19999998807907104,tilt,0.007644365748182114,0.2107606694217079,46.011386135692085,46.143464029491405,90.01601794671119,90.08532762033279,0.0,260.7463572776279,-0.3906356061465499,0.007644366053771279,0.2107592910888638,46.0113861168377,46.143464041592,90.0160179082293,90.08532761856863,0.0,260.7466551569626,-0.39063561463018037,0.007644388203962793,0.21076066930051038,46.01138576650513,46.14346402703042,90.01601670486666,90.08532762272169,0.0,260.7396261426006,-0.3906343091908404,0.0076443885114229615,0.21075929065910573,46.0113857480446,46.14346403920457,90.01601666681127,90.08532762099772,0.0,260.7399240229082,-0.3906343172226934
12.94,0.09589176567668277,-179.99990917175015,-0.000966569638018288,10.858511209760588,0.19999998807907104,tilt,0.007644365748182114,0.21076066940000449,46.011386135692085,46.14346402948696,90.01601794671119,90.08532762032881,0.0,260.7463572776343,-0.39063560613672443,0.007644366053771279,0.21075929111055217,46.0113861168377,46.14346404159643,90.0160179082293,90.08532761857256,0.0,260.74665515695636,-0.3906356146400336,0.007644388203962793,0.21076066927809212,46.01138576650513,46.14346402702616,90.01601670486666,90.08532762271788,0.0,260.73962614260734,-0.39063430918137576,0.0076443885114229615,0.2107592906815211,46.0113857480446,46.143464039208816,90.01601666681127,90.08532762100157,0.0,260.73992402290133,-0.3906343172319915
12.96,0.09589176567668277,-179.99990917176422,-0.000966569638021324,10.858511209760561,0.19999998807907104,tilt,0.007644365748182114,0.2107606694099774,46.011386135692085,46.14346402948934,90.01601794671119,90.085327620334,0.0,260.7463572776454,-0.39063560613497583,0.007644366053771279,0.2107592911005775,46.0113861168377,46.143464041594044,90.0160179082293,90.0853276185674,0.0,260.7466551569454,-0.39063561464161567,0.007644388203962793,0.2107606692885861,46.01138576650513,46.14346402702841,90.01601670486666,90.08532762272287,0.0,260.7396261426181,-0.39063430917962716,0.0076443885114229615,0.2107592906710265,46.0113857480446,46.14346403920657,90.01601666681127,90.08532762099662,0.0,260.7399240228907,-0.39063431723362907
12.98,0.09589176567668277,-179.99990917176086,-0.0009665696380287941,10.858511209760499,0.19999998807907104,tilt,0.007644365748182114,0.21076066942101096,46.011386135692085,46.143464029491625,90.01601794671119,90.08532762033492,0.0,260.7463572776362,-0.3906356061425531,0.007644366053771279,0.2107592910895982,46.0113861168377,46.1434640415919,90.0160179082293,90.08532761856665,0.0,260.74665515695415,-0.39063561463420493,0.007644388203962793,0.21076066929995382,46.01138576650513,46.143464027030596,90.01601670486666,90.08532762272372,0.0,260.73962614260876,-0.3906343091870379,0.0076443885114229615,0.21075929065969545,46.0113857480446,46.14346403920448,90.01601666681127,90.08532762099588,0.0,260.73992402289963,-0.3906343172264959
13.0,0.09589176567668277,-179.99990917175177,-0.0009665696380269987,10.858511209760465,0.19999998807907104,tilt,0.007644365748182114,0.21076066942749297,46.011386135692085,46.14346402949282,90.01601794671119,90.08532762033438,0.0,260.74635727762586,-0.39063560614882586,0.007644366053771279,0.21075929108313798,46.0113861168377,46.14346404159077,90.0160179082293,90.08532761856719,0.0,260.7466551569646,-0.3906356146282097,0.007644388203962793,0.21076066930652787,46.01138576650513,46.143464027031726,90.01601670486666,90.08532762272323,0.0,260.7396261425981,-0.3906343091929221,0.0076443885114229615,0.2107592906531311,46.0113857480446,46.14346403920338,90.01601666681127,90.08532762099634,0.0,260.7399240229104,-0.3906343172207227
13.02,0.09589176567668277,-179.99990917174165,-0.000966569638025757,10.85851120976068,0.19999998807907104,tilt,0.007644365748182114,0.21076066939900975,46.011386135692085,46.1434640294864,90.01601794671119,90.08532762031727,0.0,260.7463572776233,-0.3906356061602334,0.007644366053771279,0.2107592911116174,46.0113861168377,46.14346404159715,90.0160179082293,90.0853276185842,0.0,260.7466551569671,-0.39063561461682994,0.007644388203962793,0.2107606692769359,46.01138576650513,46.14346402702562,90.01601670486666,90.08532762270683,0.0,260.7396261425955,-0.3906343092041076,0.0076443885114229615,0.2107592906827193,46.0113857480446,46.14346403920946,90.01601666681127,90.08532762101268,0.0,260.73992402291304,-0.39063431720964825
13.040000000000001,0.09589176567668277,-179.99990917173872,-0.0009665696380199833,10.858511209760671,0.19999998807907104,tilt,0.007644365748182114,0.2107606693940127,46.011386135692085,46.143464029485266,90.01601794671119,90.0853276203186,0.0,260.7463572776243,-0.39063560615251736,0.007644366053771279,0.2107592911166009,46.0113861168377,46.14346404159822,90.0160179082293,90.08532761858281,0.0,260.74665515696597,-0.3906356146244905,0.007644388203962793,0.21076066927172774,46.01138576650513,46.14346402702456,90.01601670486666,90.08532762270809,0.0,260.73962614259693,-0.39063430919669684,0.0076443885114229615,0.21075929068792026,46.0113857480446,46.143464039210485,90.01601666681127,90.08532762101136,0.0,260.7399240229117,-0.3906343172170035
13.06,0.09589176567668277,-179.9999091717426,-0.0009665696380136282,10.858511209760662,0.19999998807907104,tilt,0.007644365748182114,0.2107606693882666,46.011386135692085,46.1434640294842,90.01601794671119,90.0853276203224,0.0,260.7463572776328,-0.39063560613947224,0.007644366053771279,0.21075929112230704,46.0113861168377,46.14346404159918,90.0160179082293,90.085327618579,0.0,260.7466551569574,-0.3906356146371748,0.007644388203962793,0.2107606692658541,46.01138576650513,46.143464027023555,90.01601670486666,90.08532762271176,0.0,260.7396261426058,-0.39063430918420683,0.0076443885114229615,0.2107592906937736,46.0113857480446,46.14346403921144,90.01601666681127,90.08532762100765,0.0,260.73992402290276,-0.39063431722927144
13.08,0.09589176567668277,-179.99990917175188,-0.0009665696380118231,10.858511209760639,0.19999998807907104,tilt,0.007644365748182114,0.21076066938365148,46.011386135692085,46.14346402948362,90.01601794671119,90.08532762032749,0.0,260.7463572776475,-0.39063560612553894,0.007644366053771279,0.2107592911268894,46.0113861168377,46.1434640415997,90.0160179082293,90.08532761857391,0.0,260.74665515694323,-0.3906356146508305,0.007644388203962793,0.21076066926125228,46.01138576650513,46.14346402702299,90.01601670486666,90.08532762271659,0.0,260.73962614262103,-0.3906343091708564,0.0076443885114229615,0.21075929069836316,46.0113857480446,46.143464039212006,90.01601666681127,90.0853276210028,0.0,260.739924022888,-0.3906343172427329
13.1,0.09589176567668277,-179.99990917177942,-0.0009665696380201494,10.858511209760616,0.19999998807907104,tilt,0.007644365748182114,0.2107606694152901,46.011386135692085,46.143464029490545,90.01601794671119,90.0853276203371,0.0,260.7463572776514,-0.39063560613314396,0.007644366053771279,0.21075929109526362,46.0113861168377,46.14346404159282,90.0160179082293,90.0853276185644,0.0,260.74665515693914,-0.39063561464325325,0.007644388203962793,0.21076066929416548,46.01138576650513,46.143464027029594,90.01601670486666,90.08532762272577,0.0,260.73962614262433,-0.39063430917818387,0.0076443885114229615,0.2107592906654612,46.0113857480446,46.143464039205455,90.01601666681127,90.08532762099367,0.0,260.73992402288445,-0.39063431723557196
13.120000000000001,0.09589176567668277,-179.9999091717645,-0.0009665696380104803,10.858511209760609,0.19999998807907104,tilt,0.007644365748182114,0.21076066941482735,46.011386135692085,46.14346402949032,90.01601794671119,90.0853276203337,0.0,260.74635727764127,-0.3906356061397498,0.007644366053771279,0.21075929109567812,46.0113861168377,46.14346404159295,90.0160179082293,90.08532761856763,0.0,260.7466551569494,-0.39063561463650864,0.007644388203962793,0.2107606692936203,46.01138576650513,46.143464027029424,90.01601670486666,90.08532762272262,0.0,260.73962614261404,-0.3906343091845954,0.0076443885114229615,0.21075929066598073,46.0113857480446,46.14346403920556,90.01601666681127,90.0853276209968,0.0,260.73992402289485,-0.3906343172289106
13.14,0.09589176567668277,-179.99990917175003,-0.0009665696380064937,10.85851120976056,0.19999998807907104,tilt,0.007644365748182114,0.21076066940930166,46.011386135692085,46.14346402948909,90.01601794671119,90.08532762033207,0.0,260.7463572776337,-0.3906356061383065,0.007644366053771279,0.2107592911011865,46.0113861168377,46.14346404159416,90.0160179082293,90.08532761856935,0.0,260.74665515695676,-0.3906356146377299,0.007644388203962793,0.21076066928781967,46.01138576650513,46.14346402702829,90.01601670486666,90.08532762272105,0.0,260.7396261426065,-0.39063430918320763,0.0076443885114229615,0.21075929067178487,46.0113857480446,46.143464039206734,90.01601666681127,90.08532762099838,0.0,260.7399240229023,-0.3906343172303539
13.16,0.09589176567668277,-179.99990917173793,-0.0009665696380078153,10.85851120976052,0.19999998807907104,tilt,0.007644365748182114,0.21076066939977528,46.011386135692085,46.14346402948709,90.01601794671119,90.08532762033003,0.0,260.74635727763547,-0.3906356061344485,0.007644366053771279,0.21075929111071054,46.0113861168377,46.14346404159616,90.0160179082293,90.08532761857137,0.0,260.74665515695494,-0.3906356146416434,0.007644388203962793,0.21076066927795248,46.01138576650513,46.143464027026376,90.01601670486666,90.08532762271916,0.0,260.73962614260824,-0.39063430917943287,0.0076443885114229615,0.2107592906816602,46.0113857480446,46.14346403920866,90.01601666681127,90.08532762100035,0.0,260.73992402290025,-0.3906343172340454
13.18,0.09589176567668277,-179.9999091717271,-0.0009665696380058269,10.858511209760698,0.19999998807907104,tilt,0.007644365748182114,0.21076066935799526,46.011386135692085,46.14346402947818,90.01601794671119,90.08532762031224,0.0,260.74635727764576,-0.3906356061368632,0.007644366053771279,0.21075929115246483,46.0113861168377,46.143464041605014,90.0160179082293,90.08532761858905,0.0,260.74665515694466,-0.3906356146391454,0.007644388203962793,0.21076066923475523,46.01138576650513,46.14346402701786,90.01601670486666,90.08532762270208,0.0,260.73962614261876,-0.3906343091818476,0.0076443885114229615,0.2107592907248488,46.0113857480446,46.14346403921716,90.01601666681127,90.08532762101736,0.0,260.73992402288985,-0.3906343172317417
13.200000000000001,0.09589176567668277,-179.99990917175177,-0.0009665696380104106,10.858511209760666,0.19999998807907104,tilt,0.007644365748182114,0.21076066937398652,46.011386135692085,46.143464029481926,90.01601794671119,90.08532762032122,0.0,260.74635727765826,-0.39063560613239456,0.007644366053771279,0.21075929113649403,46.0113861168377,46.14346404160135,90.0160179082293,90.08532761858015,0.0,260.74665515693255,-0.3906356146438361,0.007644388203962793,0.2107606692514835,46.01138576650513,46.143464027021395,90.01601670486666,90.08532762271068,0.0,260.7396261426314,-0.39063430917737896,0.0076443885114229615,0.2107592907081408,46.0113857480446,46.143464039213704,90.01601666681127,90.08532762100884,0.0,260.7399240228777,-0.39063431723632136
13.22,0.09589176567668277,-179.99990917176058,-0.0009665696380135473,10.858511209760648,0.19999998807907104,tilt,0.007644365748182114,0.21076066939384983,46.011386135692085,46.143464029486104,90.01601794671119,90.08532762032553,0.0,260.74635727765104,-0.39063560614038817,0.007644366053771279,0.2107592911166544,46.0113861168377,46.143464041597255,90.0160179082293,90.08532761857589,0.0,260.7466551569394,-0.3906356146360923,0.007644388203962793,0.21076066927203935,46.01138576650513,46.14346402702538,90.01601670486666,90.08532762271476,0.0,260.73962614262376,-0.3906343091850395,0.0076443885114229615,0.21075929068760407,46.0113857480446,46.14346403920977,90.01601666681127,90.08532762100472,0.0,260.739924022885,-0.3906343172289106
13.24,0.09589176567668277,-179.9999091717655,-0.0009665696380212483,10.858511209760639,0.19999998807907104,tilt,0.007644365748182114,0.21076066941090274,46.011386135692085,46.14346402948958,90.01601794671119,90.08532762033087,0.0,260.74635727763837,-0.3906356061430527,0.007644366053771279,0.2107592910996188,46.0113861168377,46.143464041593795,90.0160179082293,90.08532761857059,0.0,260.7466551569521,-0.39063561463345553,0.007644388203962793,0.2107606692895669,46.01138576650513,46.14346402702873,90.01601670486666,90.08532762271986,0.0,260.7396261426109,-0.3906343091878428,0.0076443885114229615,0.21075929067007573,46.0113857480446,46.14346403920637,90.01601666681127,90.0853276209996,0.0,260.7399240228977,-0.3906343172261073
13.26,0.09589176567668277,-179.99990917177252,-0.0009665696380259273,10.858511209760588,0.19999998807907104,tilt,0.007644365748182114,0.2107606694247546,46.011386135692085,46.14346402949247,90.01601794671119,90.08532762033636,0.0,260.7463572776324,-0.39063560614283066,0.007644366053771279,0.2107592910857976,46.0113861168377,46.14346404159097,90.0160179082293,90.08532761856522,0.0,260.74665515695784,-0.3906356146335388,0.007644388203962793,0.210760669303839,46.01138576650513,46.143464027031484,90.01601670486666,90.08532762272512,0.0,260.73962614260506,-0.3906343091876763,0.0076443885114229615,0.21075929065581328,46.0113857480446,46.14346403920362,90.01601666681127,90.08532762099439,0.0,260.7399240229035,-0.39063431722621833
13.280000000000001,0.09589176567668277,-179.9999091717516,-0.0009665696380149803,10.858511209760602,0.19999998807907104,tilt,0.007644365748182114,0.210760669405262,46.011386135692085,46.14346402948831,90.01601794671119,90.0853276203307,0.0,260.74635727763393,-0.39063560613802895,0.007644366053771279,0.21075929110527516,46.0113861168377,46.14346404159507,90.0160179082293,90.08532761857076,0.0,260.7466551569563,-0.39063561463836827,0.007644388203962793,0.21076066928364842,46.01138576650513,46.14346402702751,90.01601670486666,90.0853276227197,0.0,260.7396261426068,-0.39063430918301334,0.0076443885114229615,0.21075929067599666,46.0113857480446,46.14346403920756,90.01601666681127,90.08532762099978,0.0,260.73992402290173,-0.390634317230687
13.3,0.09589176567668277,-179.99990917173568,-0.0009665696380052815,10.858511209760549,0.19999998807907104,tilt,0.007644365748182114,0.2107606693828577,46.011386135692085,46.143464029483745,90.01601794671119,90.0853276203276,0.0,260.74635727764183,-0.39063560612578874,0.007644366053771279,0.21075929112763822,46.0113861168377,46.14346404159955,90.0160179082293,90.08532761857377,0.0,260.7466551569485,-0.3906356146505252,0.007644388203962793,0.21076066926051856,46.01138576650513,46.14346402702313,90.01601670486666,90.08532762271679,0.0,260.7396261426152,-0.3906343091709952,0.0076443885114229615,0.210759290699107,46.0113857480446,46.143464039211885,90.01601666681127,90.08532762100269,0.0,260.73992402289343,-0.3906343172425386
13.32,0.09589176567668277,-179.99990917174424,-0.0009665696380130491,10.858511209760476,0.19999998807907104,tilt,0.007644365748182114,0.21076066939310173,46.011386135692085,46.1434640294861,90.01601794671119,90.08532762032995,0.0,260.7463572776515,-0.3906356061303129,0.007644366053771279,0.2107592911174083,46.0113861168377,46.143464041597255,90.0160179082293,90.08532761857151,0.0,260.7466551569393,-0.3906356146459733,0.007644388203962793,0.21076066927127296,46.01138576650513,46.14346402702532,90.01601670486666,90.08532762271898,0.0,260.73962614262445,-0.39063430917538056,0.0076443885114229615,0.21075929068836136,46.0113857480446,46.1434640392097,90.01601666681127,90.08532762100059,0.0,260.7399240228844,-0.39063431723801445
13.34,0.09589176567668277,-179.99990917173568,-0.0009665696380170277,10.858511209760689,0.19999998807907104,tilt,0.007644365748182114,0.2107606694021785,46.011386135692085,46.14346402948782,90.01601794671119,90.08532762032809,0.0,260.74635727764337,-0.39063560614188697,0.007644366053771279,0.21075929110834601,46.0113861168377,46.14346404159557,90.0160179082293,90.08532761857334,0.0,260.74665515694727,-0.3906356146347323,0.007644388203962793,0.21076066928058043,46.01138576650513,46.143464027026965,90.01601670486666,90.08532762271719,0.0,260.7396261426159,-0.39063430918631625,0.0076443885114229615,0.21075929067905164,46.0113857480446,46.14346403920809,90.01601666681127,90.08532762100235,0.0,260.73992402289275,-0.39063431722727304
13.36,0.09589176567668277,-179.99990917175646,-0.0009665696380200413,10.858511209760673,0.19999998807907104,tilt,0.007644365748182114,0.21076066940588367,46.011386135692085,46.14346402948825,90.01601794671119,90.08532762032318,0.0,260.74635727763297,-0.39063560615476556,0.007644366053771279,0.21075929110465408,46.0113861168377,46.14346404159519,90.0160179082293,90.08532761857822,0.0,260.7466551569576,-0.39063561462207574,0.007644388203962793,0.2107606692842809,46.01138576650513,46.14346402702741,90.01601670486666,90.08532762271253,0.0,260.7396261426052,-0.39063430919869524,0.0076443885114229615,0.21075929067535656,46.0113857480446,46.143464039207664,90.01601666681127,90.08532762100698,0.0,260.73992402290344,-0.39063431721494957
13.38,0.09589176567668277,-179.99990917175103,-0.0009665696380222237,10.858511209760648,0.19999998807907104,tilt,0.007644365748182114,0.21076066940486674,46.011386135692085,46.14346402948787,90.01601794671119,90.0853276203241,0.0,260.7463572776276,-0.39063560615115733,0.007644366053771279,0.21075929110567843,46.0113861168377,46.143464041595536,90.0160179082293,90.08532761857734,0.0,260.74665515696273,-0.3906356146254897,0.007644388203962793,0.210760669283128,46.01138576650513,46.14346402702708,90.01601670486666,90.08532762271338,0.0,260.7396261426001,-0.3906343091953923,0.0076443885114229615,0.21075929067650476,46.0113857480446,46.14346403920797,90.01601666681127,90.0853276210061,0.0,260.73992402290844,-0.39063431721814146
13.4,0.09589176567668277,-179.9999091717518,-0.0009665696380207191,10.858511209760644,0.19999998807907104,tilt,0.007644365748182114,0.21076066940156798,46.011386135692085,46.143464029487255,90.01601794671119,90.08532762032728,0.0,260.74635727763064,-0.39063560614133186,0.007644366053771279,0.21075929110898278,46.0113861168377,46.14346404159616,90.0160179082293,90.08532761857414,0.0,260.7466551569597,-0.39063561463537066,0.007644388203962793,0.21076066927971476,46.01138576650513,46.14346402702648,90.01601670486666,90.08532762271642,0.0,260.73962614260347,-0.39063430918601094,0.0076443885114229615,0.21075929067991805,46.0113857480446,46.143464039208546,90.01601666681127,90.08532762100303,0.0,260.739924022905,-0.39063431722757835
13.42,0.09589176567668277,-179.99990917175768,-0.0009665696380181063,10.858511209760607,0.19999998807907104,tilt,0.007644365748182114,0.2107606693979658,46.011386135692085,46.14346402948678,90.01601794671119,90.08532762033148,0.0,260.74635727764104,-0.39063560612984105,0.007644366053771279,0.2107592911125846,46.0113861168377,46.14346404159661,90.0160179082293,90.08532761856993,0.0,260.7466551569492,-0.3906356146467227,0.007644388203962793,0.21076066927609557,46.01138576650513,46.143464027026,90.01601670486666,90.08532762272046,0.0,260.7396261426141,-0.39063430917488096,0.0076443885114229615,0.2107592906835415,46.0113857480446,46.143464039209036,90.01601666681127,90.08532762099908,0.0,260.7399240228941,-0.3906343172385418
13.44,0.09589176567668277,-179.9999091717819,-0.0009665696380231626,10.858511209760563,0.19999998807907104,tilt,0.007644365748182114,0.21076066942946034,46.011386135692085,46.14346402949353,90.01601794671119,90.08532762034001,0.0,260.74635727764263,-0.3906356061391947,0.007644366053771279,0.21075929108109553,46.0113861168377,46.14346404158989,90.0160179082293,90.08532761856148,0.0,260.74665515694807,-0.3906356146373968,0.007644388203962793,0.21076066930881102,46.01138576650513,46.14346402703243,90.01601670486666,90.08532762272861,0.0,260.7396261426153,-0.3906343091837905,0.0076443885114229615,0.21075929065082383,46.0113857480446,46.143464039202634,90.01601666681127,90.08532762099095,0.0,260.73992402289355,-0.3906343172297988
13.46,0.09589176567668277,-179.9999091717623,-0.0009665696380299324,10.858511209760518,0.19999998807907104,tilt,0.007644365748182114,0.2107606694281037,46.011386135692085,46.143464029493046,90.01601794671119,90.08532762033448,0.0,260.74635727763086,-0.39063560614951975,0.007644366053771279,0.21075929108249264,46.0113861168377,46.14346404159048,90.0160179082293,90.08532761856709,0.0,260.7466551569596,-0.3906356146272938,0.007644388203962793,0.21076066930727266,46.01138576650513,46.14346402703199,90.01601670486666,90.08532762272334,0.0,260.7396261426031,-0.390634309193727,0.0076443885114229615,0.21075929065237975,46.0113857480446,46.14346403920314,90.01601666681127,90.08532762099625,0.0,260.7399240229055,-0.3906343172199178
13.48,0.09589176567668277,-179.9999091717425,-0.0009665696380294306,10.858511209760467,0.19999998807907104,tilt,0.007644365748182114,0.21076066942059357,46.011386135692085,46.143464029491255,90.01601794671119,90.08532762033052,0.0,260.7463572776219,-0.39063560615096304,0.007644366053771279,0.21075929109003047,46.0113861168377,46.143464041592324,90.0160179082293,90.08532761857109,0.0,260.7466551569685,-0.39063561462601704,0.007644388203962793,0.21076066929934403,46.01138576650513,46.143464027030255,90.01601670486666,90.08532762271953,0.0,260.73962614259403,-0.3906343091950315,0.0076443885114229615,0.21075929066031654,46.0113857480446,46.14346403920486,90.01601666681127,90.08532762100003,0.0,260.7399240229143,-0.3906343172186688
13.5,0.09589176567668277,-179.99990917172443,-0.0009665696380273005,10.858511209760698,0.19999998807907104,tilt,0.007644365748182114,0.2107606694080221,46.011386135692085,46.143464029488435,90.01601794671119,90.0853276203258,0.0,260.74635727762296,-0.3906356061496308,0.007644366053771279,0.21075929110260308,46.0113861168377,46.143464041595095,90.0160179082293,90.08532761857569,0.0,260.74665515696756,-0.39063561462732155,0.007644388203962793,0.21076066928625864,46.01138576650513,46.143464027027555,90.01601670486666,90.08532762271497,0.0,260.73962614259545,-0.390634309193838,0.0076443885114229615,0.21075929067338564,46.0113857480446,46.14346403920748,90.01601666681127,90.08532762100448,0.0,260.73992402291316,-0.39063431721969577
13.52,0.09589176567668277,-179.9999091717423,-0.0009665696380198942,10.85851120976069,0.19999998807907104,tilt,0.007644365748182114,0.2107606693918886,46.011386135692085,46.1434640294849,90.01601794671119,90.08532762031922,0.0,260.7463572776296,-0.390635606149603,0.007644366053771279,0.21075929111869943,46.0113861168377,46.14346404159852,90.0160179082293,90.08532761858217,0.0,260.7466551569609,-0.390635614627155,0.007644388203962793,0.21076066926958856,46.01138576650513,46.14346402702417,90.01601670486666,90.08532762270866,0.0,260.7396261426024,-0.39063430919381026,0.0076443885114229615,0.21075929069003083,46.0113857480446,46.14346403921076,90.01601666681127,90.0853276210107,0.0,260.73992402290656,-0.3906343172196125
13.540000000000001,0.09589176567668277,-179.99990917173628,-0.0009665696380104983,10.858511209760664,0.19999998807907104,tilt,0.007644365748182114,0.21076066937434873,46.011386135692085,46.14346402948138,90.01601794671119,90.08532762031912,0.0,260.74635727764013,-0.39063560613497583,0.007644366053771279,0.21075929113620048,46.0113861168377,46.14346404160193,90.0160179082293,90.08532761858224,0.0,260.74665515695017,-0.39063561464144914,0.007644388203962793,0.2107606692515244,46.01138576650513,46.14346402702084,90.01601670486666,90.08532762270862,0.0,260.7396261426133,-0.3906343091797937,0.0076443885114229615,0.21075929070808486,46.0113857480446,46.14346403921408,90.01601666681127,90.08532762101078,0.0,260.73992402289537,-0.39063431723351805
13.56,0.09589176567668277,-179.9999091717604,-0.0009665696380211655,10.858511209760621,0.19999998807907104,tilt,0.007644365748182114,0.21076066939094146,46.011386135692085,46.143464029485315,90.01601794671119,90.08532762032762,0.0,260.74635727765326,-0.39063560613233905,0.007644366053771279,0.21075929111963412,46.0113861168377,46.143464041598094,90.0160179082293,90.08532761857387,0.0,260.7466551569371,-0.39063561464411367,0.007644388203962793,0.21076066926890966,46.01138576650513,46.14346402702453,90.01601670486666,90.0853276227167,0.0,260.73962614262643,-0.3906343091771569,0.0076443885114229615,0.2107592906907217,46.0113857480446,46.14346403921047,90.01601666681127,90.08532762100279,0.0,260.7399240228823,-0.3906343172362381
13.58,0.09589176567668277,-179.99990917176925,-0.000966569638029524,10.858511209760591,0.19999998807907104,tilt,0.007644365748182114,0.21076066940976418,46.011386135692085,46.143464029489365,90.01601794671119,90.08532762033319,0.0,260.7463572776458,-0.39063560613689097,0.007644366053771279,0.21075929110085728,46.0113861168377,46.14346404159416,90.0160179082293,90.08532761856836,0.0,260.7466551569447,-0.3906356146399226,0.007644388203962793,0.21076066928837994,46.01138576650513,46.143464027028415,90.01601670486666,90.08532762272208,0.0,260.73962614261865,-0.39063430918151454,0.0076443885114229615,0.21075929067128069,46.0113857480446,46.14346403920667,90.01601666681127,90.08532762099746,0.0,260.73992402288997,-0.3906343172321858
13.6,0.09589176567668277,-179.99990917177448,-0.0009665696380374612,10.858511209760564,0.19999998807907104,tilt,0.007644365748182114,0.21076066942586869,46.011386135692085,46.14346402949279,90.01601794671119,90.08532762033829,0.0,260.74635727763626,-0.39063560613988857,0.007644366053771279,0.21075929108479627,46.0113861168377,46.14346404159083,90.0160179082293,90.08532761856338,0.0,260.7466551569537,-0.390635614637147,0.007644388203962793,0.21076066930496923,46.01138576650513,46.143464027031676,90.01601670486666,90.08532762272694,0.0,260.7396261426091,-0.39063430918426234,0.0076443885114229615,0.21075929065470828,46.0113857480446,46.14346403920344,90.01601666681127,90.08532762099262,0.0,260.7399240228994,-0.39063431722938247
13.620000000000001,0.09589176567668277,-179.9999091717493,-0.0009665696380315519,10.85851120976053,0.19999998807907104,tilt,0.007644365748182114,0.21076066940790067,46.011386135692085,46.14346402948892,90.01601794671119,90.08532762033086,0.0,260.74635727763393,-0.39063560614027715,0.007644366053771279,0.21075929110276825,46.0113861168377,46.1434640415947,90.0160179082293,90.08532761857076,0.0,260.74665515695625,-0.39063561463675844,0.007644388203962793,0.21076066928631051,46.01138576650513,46.14346402702798,90.01601670486666,90.08532762271983,0.0,260.7396261426067,-0.3906343091846509,0.0076443885114229615,0.2107592906733615,46.0113857480446,46.143464039207124,90.01601666681127,90.08532762099969,0.0,260.73992402290173,-0.39063431722907715
13.64,0.09589176567668277,-179.99990917172815,-0.0009665696380159621,10.85851120976053,0.19999998807907104,tilt,0.007644365748182114,0.21076066938558366,46.011386135692085,46.143464029484235,90.01601794671119,90.0853276203257,0.0,260.7463572776383,-0.3906356061321725,0.007644366053771279,0.21075929112503552,46.0113861168377,46.14346404159927,90.0160179082293,90.08532761857573,0.0,260.7466551569521,-0.39063561464486307,0.007644388203962793,0.21076066926322307,46.01138576650513,46.143464027023505,90.01601670486666,90.08532762271496,0.0,260.7396261426114,-0.3906343091767406,0.0076443885114229615,0.21075929069641955,46.0113857480446,46.143464039211516,90.01601666681127,90.08532762100452,0.0,260.73992402289724,-0.39063431723682096
13.66,0.09589176567668277,-179.99990917170993,-0.0009665696380056654,10.858511209760696,0.19999998807907104,tilt,0.007644365748182114,0.2107606693608616,46.011386135692085,46.14346402947915,90.01601794671119,90.0853276203204,0.0,260.74635727765116,-0.39063560612259685,0.007644366053771279,0.2107592911497172,46.0113861168377,46.14346404160422,90.0160179082293,90.08532761858096,0.0,260.7466551569392,-0.39063561465405017,0.007644388203962793,0.21076066923773495,46.01138576650513,46.143464027018695,90.01601670486666,90.08532762270988,0.0,260.7396261426246,-0.39063430916783104,0.0076443885114229615,0.21075929072189994,46.0113857480446,46.143464039216326,90.01601666681127,90.08532762100958,0.0,260.73992402288405,-0.39063431724575826
13.68,0.09589176567668277,-179.99990917174455,-0.0009665696380115535,10.858511209760684,0.19999998807907104,tilt,0.007644365748182114,0.21076066936890428,46.011386135692085,46.14346402948084,90.01601794671119,90.08532762031784,0.0,260.7463572776566,-0.3906356061354477,0.007644366053771279,0.2107592911416435,46.0113861168377,46.14346404160248,90.0160179082293,90.0853276185835,0.0,260.74665515693414,-0.3906356146410328,0.007644388203962793,0.21076066924619394,46.01138576650513,46.14346402702028,90.01601670486666,90.08532762270742,0.0,260.73962614262945,-0.39063430917993247,0.0076443885114229615,0.21075929071342556,46.0113857480446,46.14346403921469,90.01601666681127,90.08532762101201,0.0,260.7399240228795,-0.390634317233407
13.700000000000001,0.09589176567668277,-179.99990917176802,-0.0009665696380143649,10.858511209760666,0.19999998807907104,tilt,0.007644365748182114,0.21076066940642246,46.011386135692085,46.14346402948864,90.01601794671119,90.08532762032797,0.0,260.74635727764553,-0.390635606145634,0.007644366053771279,0.2107592911041113,46.0113861168377,46.14346404159467,90.0160179082293,90.08532761857344,0.0,260.7466551569449,-0.3906356146306522,0.007644388203962793,0.21076066928498208,46.01138576650513,46.14346402702778,90.01601670486666,90.08532762271709,0.0,260.7396261426181,-0.39063430919000774,0.0076443885114229615,0.21075929067463137,46.0113857480446,46.14346403920721,90.01601666681127,90.08532762100236,0.0,260.7399240228906,-0.3906343172234428
13.72,0.09589176567668277,-179.9999091717607,-0.0009665696380090494,10.858511209760652,0.19999998807907104,tilt,0.007644365748182114,0.2107606694096123,46.011386135692085,46.14346402948911,90.01601794671119,90.08532762032847,0.0,260.7463572776348,-0.3906356061465499,0.007644366053771279,0.2107592911008909,46.0113861168377,46.143464041594115,90.0160179082293,90.0853276185729,0.0,260.74665515695574,-0.39063561462956975,0.007644388203962793,0.21076066928817164,46.01138576650513,46.14346402702831,90.01601670486666,90.08532762271763,0.0,260.7396261426072,-0.39063430919095143,0.0076443885114229615,0.21075929067143356,46.0113857480446,46.143464039206656,90.01601666681127,90.08532762100184,0.0,260.7399240229014,-0.39063431722233255
13.74,0.09589176567668277,-179.99990917175825,-0.0009665696380140976,10.858511209760591,0.19999998807907104,tilt,0.007644365748182114,0.21076066940913407,46.011386135692085,46.143464029489046,90.01601794671119,90.08532762033104,0.0,260.7463572776318,-0.3906356061404159,0.007644366053771279,0.21075929110140373,46.0113861168377,46.143464041594285,90.0160179082293,90.08532761857039,0.0,260.7466551569586,-0.390635614635898,0.007644388203962793,0.21076066928763273,46.01138576650513,46.143464027028244,90.01601670486666,90.08532762272009,0.0,260.7396261426046,-0.3906343091852338,0.0076443885114229615,0.2107592906720125,46.0113857480446,46.1434640392068,90.01601666681127,90.0853276209995,0.0,260.73992402290395,-0.3906343172281057
13.76,0.09589176567668277,-179.99990917176032,-0.0009665696380181535,10.858511209760566,0.19999998807907104,tilt,0.007644365748182114,0.21076066940685442,46.011386135692085,46.143464029488754,90.01601794671119,90.08532762033418,0.0,260.74635727763757,-0.39063560613208925,0.007644366053771279,0.21075929110369615,46.0113861168377,46.143464041594626,90.0160179082293,90.08532761856723,0.0,260.7466551569529,-0.39063561464444674,0.007644388203962793,0.2107606692853256,46.01138576650513,46.14346402702793,90.01601670486666,90.08532762272314,0.0,260.73962614261046,-0.39063430917701814,0.0076443885114229615,0.21075929067432977,46.0113857480446,46.143464039207146,90.01601666681127,90.08532762099647,0.0,260.73992402289787,-0.3906343172364324
13.780000000000001,0.09589176567668277,-179.9999091717654,-0.0009665696380236528,10.858511209760538,0.19999998807907104,tilt,0.007644365748182114,0.21076066940438237,46.011386135692085,46.14346402948856,90.01601794671119,90.08532762033741,0.0,260.74635727764934,-0.3906356061239846,0.007644366053771279,0.21075929110620165,46.0113861168377,46.143464041594875,90.0160179082293,90.08532761856408,0.0,260.7466551569412,-0.3906356146526624,0.007644388203962793,0.2107606692829026,46.01138576650513,46.14346402702771,90.01601670486666,90.0853276227262,0.0,260.7396261426225,-0.3906343091691633,0.0076443885114229615,0.21075929067677462,46.0113857480446,46.14346403920743,90.01601666681127,90.08532762099345,0.0,260.73992402288593,-0.390634317244426
13.8,0.09589176567668277,-179.99990917175154,-0.0009665696380154837,10.85851120976047,0.19999998807907104,tilt,0.007644365748182114,0.21076066940526958,46.011386135692085,46.143464029488605,90.01601794671119,90.0853276203308,0.0,260.7463572776482,-0.3906356061390004,0.007644366053771279,0.21075929110527772,46.0113861168377,46.143464041594754,90.0160179082293,90.0853276185706,0.0,260.74665515694244,-0.39063561463750784,0.007644388203962793,0.21076066928385515,46.01138576650513,46.14346402702774,90.01601670486666,90.08532762271984,0.0,260.7396261426209,-0.3906343091836795,0.0076443885114229615,0.21075929067578983,46.0113857480446,46.14346403920735,90.01601666681127,90.08532762099966,0.0,260.739924022888,-0.3906343172301596
13.82,0.09589176567668277,-179.99990917172914,-0.00096656963801474,10.858511209760687,0.19999998807907104,tilt,0.007644365748182114,0.2107606694008626,46.011386135692085,46.14346402948743,90.01601794671119,90.08532762032513,0.0,260.7463572776368,-0.39063560614696624,0.007644366053771279,0.21075929110971417,46.0113861168377,46.143464041596054,90.0160179082293,90.08532761857633,0.0,260.74665515695375,-0.39063561462993057,0.007644388203962793,0.21076066927913148,46.01138576650513,46.143464027026624,90.01601670486666,90.08532762271444,0.0,260.7396261426091,-0.3906343091910902,0.0076443885114229615,0.2107592906805386,46.0113857480446,46.143464039208546,90.01601666681127,90.08532762100513,0.0,260.73992402289946,-0.39063431722283215
13.84,0.09589176567668277,-179.99990917173986,-0.0009665696380200889,10.85851120976067,0.19999998807907104,tilt,0.007644365748182114,0.2107606693902201,46.011386135692085,46.14346402948486,90.01601794671119,90.0853276203179,0.0,260.7463572776293,-0.3906356061523786,0.007644366053771279,0.21075929112035713,46.0113861168377,46.14346404159862,90.0160179082293,90.0853276185835,0.0,260.7466551569613,-0.390635614624657,0.007644388203962793,0.2107606692679759,46.01138576650513,46.1434640270242,90.01601670486666,90.08532762270745,0.0,260.73962614260154,-0.39063430919661357,0.0076443885114229615,0.21075929069168756,46.0113857480446,46.143464039210954,90.01601666681127,90.08532762101203,0.0,260.739924022907,-0.39063431721744757
13.86,0.09589176567668277,-179.99990917175558,-0.0009665696380241586,10.858511209760657,0.19999998807907104,tilt,0.007644365748182114,0.21076066940641555,46.011386135692085,46.14346402948825,90.01601794671119,90.08532762032532,0.0,260.74635727762995,-0.3906356061499361,0.007644366053771279,0.21075929110416963,46.0113861168377,46.14346404159521,90.0160179082293,90.08532761857612,0.0,260.7466551569607,-0.39063561462687746,0.007644388203962793,0.21076066928473,46.01138576650513,46.143464027027434,90.01601670486666,90.08532762271453,0.0,260.7396261426024,-0.3906343091943931,0.0076443885114229615,0.21075929067492746,46.0113857480446,46.14346403920769,90.01601666681127,90.08532762100495,0.0,260.7399240229063,-0.3906343172196125
13.88,0.09589176567668277,-179.99990917174637,-0.0009665696380266822,10.858511209760643,0.19999998807907104,tilt,0.007644365748182114,0.21076066939088028,46.011386135692085,46.14346402948508,90.01601794671119,90.08532762032429,0.0,260.7463572776358,-0.39063560613888937,0.007644366053771279,0.2107592911197158,46.0113861168377,46.14346404159837,90.0160179082293,90.08532761857717,0.0,260.74665515695455,-0.39063561463781316,0.007644388203962793,0.21076066926866951,46.01138576650513,46.14346402702439,90.01601670486666,90.08532762271355,0.0,260.7396261426087,-0.39063430918362396,0.0076443885114229615,0.2107592906909845,46.0113857480446,46.1434640392107,90.01601666681127,90.08532762100593,0.0,260.73992402289974,-0.3906343172301874
13.9,0.09589176567668277,-179.9999091717676,-0.0009665696380325386,10.858511209760621,0.19999998807907104,tilt,0.007644365748182114,0.21076066940812507,46.011386135692085,46.14346402948898,90.01601794671119,90.08532762033201,0.0,260.7463572776459,-0.39063560613783466,0.007644366053771279,0.21075929110248487,46.0113861168377,46.14346404159448,90.0160179082293,90.08532761856951,0.0,260.74665515694494,-0.39063561463875685,0.007644388203962793,0.21076066928667211,46.01138576650513,46.143464027028045,90.01601670486666,90.08532762272091,0.0,260.7396261426189,-0.3906343091825415,0.0076443885114229615,0.21075929067297247,46.0113857480446,46.14346403920701,90.01601666681127,90.08532762099861,0.0,260.73992402289025,-0.39063431723102005
13.92,0.09589176567668277,-179.99990917177283,-0.0009665696380364774,10.858511209760556,0.19999998807907104,tilt,0.007644365748182114,0.2107606694267105,46.011386135692085,46.143464029492854,90.01601794671119,90.08532762033639,0.0,260.7463572776356,-0.390635606144496,0.007644366053771279,0.2107592910839328,46.0113861168377,46.14346404159071,90.0160179082293,90.08532761856523,0.0,260.74665515695483,-0.3906356146324008,0.007644388203962793,0.2107606693058485,46.01138576650513,46.14346402703175,90.01601670486666,90.0853276227251,0.0,260.73962614260813,-0.390634309188731,0.0076443885114229615,0.21075929065380736,46.0113857480446,46.14346403920336,90.01601666681127,90.08532762099452,0.0,260.7399240229004,-0.3906343172247473
13.94,0.09589176567668277,-179.99990917177382,-0.0009665696380382966,10.858511209760541,0.19999998807907104,tilt,0.007644365748182114,0.21076066944157826,46.011386135692085,46.14346402949586,90.01601794671119,90.08532762033992,0.0,260.7463572776242,-0.3906356061491312,0.007644366053771279,0.21075929106908706,46.0113861168377,46.14346404158778,90.0160179082293,90.08532761856166,0.0,260.74665515696626,-0.39063561462801544,0.007644388203962793,0.2107606693211095,46.01138576650513,46.143464027034604,90.01601670486666,90.08532762272851,0.0,260.7396261425964,-0.39063430919325515,0.0076443885114229615,0.2107592906385454,46.0113857480446,46.143464039200474,90.01601666681127,90.08532762099105,0.0,260.739924022912,-0.39063431722038966
13.96,0.09589176567668277,-179.9999091717433,-0.0009665696380257816,10.858511209760517,0.19999998807907104,tilt,0.007644365748182114,0.21076066942162097,46.011386135692085,46.1434640294914,90.01601794671119,90.08532762032975,0.0,260.74635727762114,-0.390635606153239,0.007644366053771279,0.21075929108902988,46.0113861168377,46.143464041592196,90.0160179082293,90.08532761857172,0.0,260.7466551569694,-0.39063561462401863,0.007644388203962793,0.21076066930035825,46.01138576650513,46.14346402703036,90.01601670486666,90.08532762271876,0.0,260.73962614259347,-0.3906343091972797,0.0076443885114229615,0.2107592906592884,46.0113857480446,46.14346403920468,90.01601666681127,90.08532762100074,0.0,260.7399240229151,-0.39063431721633735
13.98,0.09589176567668277,-179.99990917171624,-0.0009665696380152589,10.858511209760687,0.19999998807907104,tilt,0.007644365748182114,0.21076066939630242,46.011386135692085,46.14346402948592,90.01601794671119,90.08532762032186,0.0,260.7463572776249,-0.39063560614796544,0.007644366053771279,0.2107592911143363,46.0113861168377,46.14346404159764,90.0160179082293,90.08532761857958,0.0,260.7466551569656,-0.3906356146293477,0.007644388203962793,0.21076066927411538,46.01138576650513,46.14346402702519,90.01601670486666,90.08532762271128,0.0,260.73962614259744,-0.39063430919220044,0.0076443885114229615,0.21075929068553834,46.0113857480446,46.14346403920991,90.01601666681127,90.08532762100825,0.0,260.73992402291117,-0.39063431722158315
