Command line invocation:
    /Applications/Xcode.app/Contents/Developer/usr/bin/xcodebuild -project apps/ios/SpotOMGController/SpotOMGController.xcodeproj -scheme SpotOMGController -destination "generic/platform=iOS Simulator" -derivedDataPath artifacts/s-native-v6-2-5/ios-build CODE_SIGNING_ALLOWED=NO build

Build settings from command line:
    CODE_SIGNING_ALLOWED = NO

2026-09-15 21:46:08.281 xcodebuild[86187:5419672] [MT] IDERunDestination: Supported platforms for the buildables in the current scheme is empty.
ComputePackagePrebuildTargetDependencyGraph

Prepare packages

CreateBuildRequest

SendProjectDescription

CreateBuildOperation

ComputeTargetDependencyGraph
note: Building targets in dependency order
note: Target dependency graph (1 target)
    Target 'SpotOMGController' in project 'SpotOMGController' (no dependencies)

GatherProvisioningInputs

CreateBuildDescription

ExecuteExternalTool /usr/bin/clang -v -E -dM -isysroot /Applications/Xcode.app/Contents/Developer/Platforms/iPhoneSimulator.platform/Developer/SDKs/iPhoneSimulator26.5.sdk -x c -c /dev/null

ExecuteExternalTool /Applications/Xcode.app/Contents/Developer/usr/bin/actool --print-asset-tag-combinations --output-format xml1 /Users/etnlwind/project/spot_omg/apps/ios/SpotOMGController/SpotOMGController/Resources/Assets.xcassets

ExecuteExternalTool /Applications/Xcode.app/Contents/Developer/usr/bin/actool --version --output-format xml1

ExecuteExternalTool /Applications/Xcode.app/Contents/Developer/Toolchains/XcodeDefault.xctoolchain/usr/bin/swiftc --version

ExecuteExternalTool /Applications/Xcode.app/Contents/Developer/Toolchains/XcodeDefault.xctoolchain/usr/bin/ld -version_details

Build description signature: 4eb4b00a6c88ddfbd6155d61ce544093
Build description path: /Users/etnlwind/project/spot_omg/artifacts/s-native-v6-2-5/ios-build/Build/Intermediates.noindex/XCBuildData/4eb4b00a6c88ddfbd6155d61ce544093.xcbuilddata
CreateBuildDirectory /Users/etnlwind/project/spot_omg/artifacts/s-native-v6-2-5/ios-build/Build/Products
    cd /Users/etnlwind/project/spot_omg/apps/ios/SpotOMGController/SpotOMGController.xcodeproj
    builtin-create-build-directory /Users/etnlwind/project/spot_omg/artifacts/s-native-v6-2-5/ios-build/Build/Products

CreateBuildDirectory /Users/etnlwind/project/spot_omg/artifacts/s-native-v6-2-5/ios-build/Build/Intermediates.noindex
    cd /Users/etnlwind/project/spot_omg/apps/ios/SpotOMGController/SpotOMGController.xcodeproj
    builtin-create-build-directory /Users/etnlwind/project/spot_omg/artifacts/s-native-v6-2-5/ios-build/Build/Intermediates.noindex

CreateBuildDirectory /Users/etnlwind/project/spot_omg/artifacts/s-native-v6-2-5/ios-build/Build/Intermediates.noindex/SwiftExplicitPrecompiledModules
    cd /Users/etnlwind/project/spot_omg/apps/ios/SpotOMGController/SpotOMGController.xcodeproj
    builtin-create-build-directory /Users/etnlwind/project/spot_omg/artifacts/s-native-v6-2-5/ios-build/Build/Intermediates.noindex/SwiftExplicitPrecompiledModules

CreateBuildDirectory /Users/etnlwind/project/spot_omg/artifacts/s-native-v6-2-5/ios-build/Build/Products/Debug-iphonesimulator
    cd /Users/etnlwind/project/spot_omg/apps/ios/SpotOMGController/SpotOMGController.xcodeproj
    builtin-create-build-directory /Users/etnlwind/project/spot_omg/artifacts/s-native-v6-2-5/ios-build/Build/Products/Debug-iphonesimulator

CreateBuildDirectory /Users/etnlwind/project/spot_omg/artifacts/s-native-v6-2-5/ios-build/Build/Intermediates.noindex/ExplicitPrecompiledModules
    cd /Users/etnlwind/project/spot_omg/apps/ios/SpotOMGController/SpotOMGController.xcodeproj
    builtin-create-build-directory /Users/etnlwind/project/spot_omg/artifacts/s-native-v6-2-5/ios-build/Build/Intermediates.noindex/ExplicitPrecompiledModules

CreateBuildDirectory /Users/etnlwind/project/spot_omg/artifacts/s-native-v6-2-5/ios-build/Build/Intermediates.noindex/EagerLinkingTBDs/Debug-iphonesimulator
    cd /Users/etnlwind/project/spot_omg/apps/ios/SpotOMGController/SpotOMGController.xcodeproj
    builtin-create-build-directory /Users/etnlwind/project/spot_omg/artifacts/s-native-v6-2-5/ios-build/Build/Intermediates.noindex/EagerLinkingTBDs/Debug-iphonesimulator

WriteAuxiliaryFile /Users/etnlwind/project/spot_omg/artifacts/s-native-v6-2-5/ios-build/Build/Intermediates.noindex/SpotOMGController.build/Debug-iphonesimulator/SpotOMGController-e064f74df51ff402795221d1e951cda3-VFS-iphonesimulator/all-product-headers.yaml
    cd /Users/etnlwind/project/spot_omg/apps/ios/SpotOMGController/SpotOMGController.xcodeproj
    write-file /Users/etnlwind/project/spot_omg/artifacts/s-native-v6-2-5/ios-build/Build/Intermediates.noindex/SpotOMGController.build/Debug-iphonesimulator/SpotOMGController-e064f74df51ff402795221d1e951cda3-VFS-iphonesimulator/all-product-headers.yaml

WriteAuxiliaryFile /Users/etnlwind/project/spot_omg/artifacts/s-native-v6-2-5/ios-build/Build/Intermediates.noindex/SpotOMGController.build/Debug-iphonesimulator/SpotOMGController.build/SpotOMGController-project-headers.hmap (in target 'SpotOMGController' from project 'SpotOMGController')
    cd /Users/etnlwind/project/spot_omg/apps/ios/SpotOMGController
    write-file /Users/etnlwind/project/spot_omg/artifacts/s-native-v6-2-5/ios-build/Build/Intermediates.noindex/SpotOMGController.build/Debug-iphonesimulator/SpotOMGController.build/SpotOMGController-project-headers.hmap

WriteAuxiliaryFile /Users/etnlwind/project/spot_omg/artifacts/s-native-v6-2-5/ios-build/Build/Intermediates.noindex/SpotOMGController.build/Debug-iphonesimulator/SpotOMGController.build/SpotOMGController-DebugDylibPath-normal-x86_64.txt (in target 'SpotOMGController' from project 'SpotOMGController')
    cd /Users/etnlwind/project/spot_omg/apps/ios/SpotOMGController
    write-file /Users/etnlwind/project/spot_omg/artifacts/s-native-v6-2-5/ios-build/Build/Intermediates.noindex/SpotOMGController.build/Debug-iphonesimulator/SpotOMGController.build/SpotOMGController-DebugDylibPath-normal-x86_64.txt

WriteAuxiliaryFile /Users/etnlwind/project/spot_omg/artifacts/s-native-v6-2-5/ios-build/Build/Intermediates.noindex/SpotOMGController.build/Debug-iphonesimulator/SpotOMGController.build/SpotOMGController-all-target-headers.hmap (in target 'SpotOMGController' from project 'SpotOMGController')
    cd /Users/etnlwind/project/spot_omg/apps/ios/SpotOMGController
    write-file /Users/etnlwind/project/spot_omg/artifacts/s-native-v6-2-5/ios-build/Build/Intermediates.noindex/SpotOMGController.build/Debug-iphonesimulator/SpotOMGController.build/SpotOMGController-all-target-headers.hmap

WriteAuxiliaryFile /Users/etnlwind/project/spot_omg/artifacts/s-native-v6-2-5/ios-build/Build/Intermediates.noindex/SpotOMGController.build/Debug-iphonesimulator/SpotOMGController.build/SpotOMGController-generated-files.hmap (in target 'SpotOMGController' from project 'SpotOMGController')
    cd /Users/etnlwind/project/spot_omg/apps/ios/SpotOMGController
    write-file /Users/etnlwind/project/spot_omg/artifacts/s-native-v6-2-5/ios-build/Build/Intermediates.noindex/SpotOMGController.build/Debug-iphonesimulator/SpotOMGController.build/SpotOMGController-generated-files.hmap

WriteAuxiliaryFile /Users/etnlwind/project/spot_omg/artifacts/s-native-v6-2-5/ios-build/Build/Intermediates.noindex/SpotOMGController.build/Debug-iphonesimulator/SpotOMGController.build/SpotOMGController.hmap (in target 'SpotOMGController' from project 'SpotOMGController')
    cd /Users/etnlwind/project/spot_omg/apps/ios/SpotOMGController
    write-file /Users/etnlwind/project/spot_omg/artifacts/s-native-v6-2-5/ios-build/Build/Intermediates.noindex/SpotOMGController.build/Debug-iphonesimulator/SpotOMGController.build/SpotOMGController.hmap

WriteAuxiliaryFile /Users/etnlwind/project/spot_omg/artifacts/s-native-v6-2-5/ios-build/Build/Intermediates.noindex/SpotOMGController.build/Debug-iphonesimulator/SpotOMGController.build/SpotOMGController-all-non-framework-target-headers.hmap (in target 'SpotOMGController' from project 'SpotOMGController')
    cd /Users/etnlwind/project/spot_omg/apps/ios/SpotOMGController
    write-file /Users/etnlwind/project/spot_omg/artifacts/s-native-v6-2-5/ios-build/Build/Intermediates.noindex/SpotOMGController.build/Debug-iphonesimulator/SpotOMGController.build/SpotOMGController-all-non-framework-target-headers.hmap

WriteAuxiliaryFile /Users/etnlwind/project/spot_omg/artifacts/s-native-v6-2-5/ios-build/Build/Intermediates.noindex/SpotOMGController.build/Debug-iphonesimulator/SpotOMGController.build/SpotOMGController-own-target-headers.hmap (in target 'SpotOMGController' from project 'SpotOMGController')
    cd /Users/etnlwind/project/spot_omg/apps/ios/SpotOMGController
    write-file /Users/etnlwind/project/spot_omg/artifacts/s-native-v6-2-5/ios-build/Build/Intermediates.noindex/SpotOMGController.build/Debug-iphonesimulator/SpotOMGController.build/SpotOMGController-own-target-headers.hmap

WriteAuxiliaryFile /Users/etnlwind/project/spot_omg/artifacts/s-native-v6-2-5/ios-build/Build/Intermediates.noindex/SpotOMGController.build/Debug-iphonesimulator/SpotOMGController.build/SpotOMGController-DebugDylibPath-normal-arm64.txt (in target 'SpotOMGController' from project 'SpotOMGController')
    cd /Users/etnlwind/project/spot_omg/apps/ios/SpotOMGController
    write-file /Users/etnlwind/project/spot_omg/artifacts/s-native-v6-2-5/ios-build/Build/Intermediates.noindex/SpotOMGController.build/Debug-iphonesimulator/SpotOMGController.build/SpotOMGController-DebugDylibPath-normal-arm64.txt

WriteAuxiliaryFile /Users/etnlwind/project/spot_omg/artifacts/s-native-v6-2-5/ios-build/Build/Intermediates.noindex/SpotOMGController.build/Debug-iphonesimulator/SpotOMGController.build/SpotOMGController-DebugDylibInstallName-normal-x86_64.txt (in target 'SpotOMGController' from project 'SpotOMGController')
    cd /Users/etnlwind/project/spot_omg/apps/ios/SpotOMGController
    write-file /Users/etnlwind/project/spot_omg/artifacts/s-native-v6-2-5/ios-build/Build/Intermediates.noindex/SpotOMGController.build/Debug-iphonesimulator/SpotOMGController.build/SpotOMGController-DebugDylibInstallName-normal-x86_64.txt

WriteAuxiliaryFile /Users/etnlwind/project/spot_omg/artifacts/s-native-v6-2-5/ios-build/Build/Intermediates.noindex/SpotOMGController.build/Debug-iphonesimulator/SpotOMGController.build/SpotOMGController-DebugDylibInstallName-normal-arm64.txt (in target 'SpotOMGController' from project 'SpotOMGController')
    cd /Users/etnlwind/project/spot_omg/apps/ios/SpotOMGController
    write-file /Users/etnlwind/project/spot_omg/artifacts/s-native-v6-2-5/ios-build/Build/Intermediates.noindex/SpotOMGController.build/Debug-iphonesimulator/SpotOMGController.build/SpotOMGController-DebugDylibInstallName-normal-arm64.txt

WriteAuxiliaryFile /Users/etnlwind/project/spot_omg/artifacts/s-native-v6-2-5/ios-build/Build/Intermediates.noindex/SpotOMGController.build/Debug-iphonesimulator/SpotOMGController.build/SpotOMGController.DependencyStaticMetadataFileList (in target 'SpotOMGController' from project 'SpotOMGController')
    cd /Users/etnlwind/project/spot_omg/apps/ios/SpotOMGController
    write-file /Users/etnlwind/project/spot_omg/artifacts/s-native-v6-2-5/ios-build/Build/Intermediates.noindex/SpotOMGController.build/Debug-iphonesimulator/SpotOMGController.build/SpotOMGController.DependencyStaticMetadataFileList

WriteAuxiliaryFile /Users/etnlwind/project/spot_omg/artifacts/s-native-v6-2-5/ios-build/Build/Intermediates.noindex/SpotOMGController.build/Debug-iphonesimulator/SpotOMGController.build/Objects-normal/x86_64/SpotOMGController_const_extract_protocols.json (in target 'SpotOMGController' from project 'SpotOMGController')
    cd /Users/etnlwind/project/spot_omg/apps/ios/SpotOMGController
    write-file /Users/etnlwind/project/spot_omg/artifacts/s-native-v6-2-5/ios-build/Build/Intermediates.noindex/SpotOMGController.build/Debug-iphonesimulator/SpotOMGController.build/Objects-normal/x86_64/SpotOMGController_const_extract_protocols.json

WriteAuxiliaryFile /Users/etnlwind/project/spot_omg/artifacts/s-native-v6-2-5/ios-build/Build/Intermediates.noindex/SpotOMGController.build/Debug-iphonesimulator/SpotOMGController.build/SpotOMGController.DependencyMetadataFileList (in target 'SpotOMGController' from project 'SpotOMGController')
    cd /Users/etnlwind/project/spot_omg/apps/ios/SpotOMGController
    write-file /Users/etnlwind/project/spot_omg/artifacts/s-native-v6-2-5/ios-build/Build/Intermediates.noindex/SpotOMGController.build/Debug-iphonesimulator/SpotOMGController.build/SpotOMGController.DependencyMetadataFileList

WriteAuxiliaryFile /Users/etnlwind/project/spot_omg/artifacts/s-native-v6-2-5/ios-build/Build/Intermediates.noindex/SpotOMGController.build/Debug-iphonesimulator/SpotOMGController.build/Objects-normal/x86_64/SpotOMGController.SwiftConstValuesFileList (in target 'SpotOMGController' from project 'SpotOMGController')
    cd /Users/etnlwind/project/spot_omg/apps/ios/SpotOMGController
    write-file /Users/etnlwind/project/spot_omg/artifacts/s-native-v6-2-5/ios-build/Build/Intermediates.noindex/SpotOMGController.build/Debug-iphonesimulator/SpotOMGController.build/Objects-normal/x86_64/SpotOMGController.SwiftConstValuesFileList

WriteAuxiliaryFile /Users/etnlwind/project/spot_omg/artifacts/s-native-v6-2-5/ios-build/Build/Intermediates.noindex/SpotOMGController.build/Debug-iphonesimulator/SpotOMGController.build/Objects-normal/x86_64/SpotOMGController.SwiftFileList (in target 'SpotOMGController' from project 'SpotOMGController')
    cd /Users/etnlwind/project/spot_omg/apps/ios/SpotOMGController
    write-file /Users/etnlwind/project/spot_omg/artifacts/s-native-v6-2-5/ios-build/Build/Intermediates.noindex/SpotOMGController.build/Debug-iphonesimulator/SpotOMGController.build/Objects-normal/x86_64/SpotOMGController.SwiftFileList

WriteAuxiliaryFile /Users/etnlwind/project/spot_omg/artifacts/s-native-v6-2-5/ios-build/Build/Intermediates.noindex/SpotOMGController.build/Debug-iphonesimulator/SpotOMGController.build/Objects-normal/x86_64/SpotOMGController.LinkFileList (in target 'SpotOMGController' from project 'SpotOMGController')
    cd /Users/etnlwind/project/spot_omg/apps/ios/SpotOMGController
    write-file /Users/etnlwind/project/spot_omg/artifacts/s-native-v6-2-5/ios-build/Build/Intermediates.noindex/SpotOMGController.build/Debug-iphonesimulator/SpotOMGController.build/Objects-normal/x86_64/SpotOMGController.LinkFileList

WriteAuxiliaryFile /Users/etnlwind/project/spot_omg/artifacts/s-native-v6-2-5/ios-build/Build/Intermediates.noindex/SpotOMGController.build/Debug-iphonesimulator/SpotOMGController.build/Objects-normal/x86_64/SpotOMGController-OutputFileMap.json (in target 'SpotOMGController' from project 'SpotOMGController')
    cd /Users/etnlwind/project/spot_omg/apps/ios/SpotOMGController
    write-file /Users/etnlwind/project/spot_omg/artifacts/s-native-v6-2-5/ios-build/Build/Intermediates.noindex/SpotOMGController.build/Debug-iphonesimulator/SpotOMGController.build/Objects-normal/x86_64/SpotOMGController-OutputFileMap.json

WriteAuxiliaryFile /Users/etnlwind/project/spot_omg/artifacts/s-native-v6-2-5/ios-build/Build/Intermediates.noindex/SpotOMGController.build/Debug-iphonesimulator/SpotOMGController.build/Objects-normal/arm64/SpotOMGController.SwiftFileList (in target 'SpotOMGController' from project 'SpotOMGController')
    cd /Users/etnlwind/project/spot_omg/apps/ios/SpotOMGController
    write-file /Users/etnlwind/project/spot_omg/artifacts/s-native-v6-2-5/ios-build/Build/Intermediates.noindex/SpotOMGController.build/Debug-iphonesimulator/SpotOMGController.build/Objects-normal/arm64/SpotOMGController.SwiftFileList

MkDir /Users/etnlwind/project/spot_omg/artifacts/s-native-v6-2-5/ios-build/Build/Products/Debug-iphonesimulator/SpotOMGController.app (in target 'SpotOMGController' from project 'SpotOMGController')
    cd /Users/etnlwind/project/spot_omg/apps/ios/SpotOMGController
    /bin/mkdir -p /Users/etnlwind/project/spot_omg/artifacts/s-native-v6-2-5/ios-build/Build/Products/Debug-iphonesimulator/SpotOMGController.app

WriteAuxiliaryFile /Users/etnlwind/project/spot_omg/artifacts/s-native-v6-2-5/ios-build/Build/Intermediates.noindex/SpotOMGController.build/Debug-iphonesimulator/SpotOMGController.build/Objects-normal/arm64/SpotOMGController_const_extract_protocols.json (in target 'SpotOMGController' from project 'SpotOMGController')
    cd /Users/etnlwind/project/spot_omg/apps/ios/SpotOMGController
    write-file /Users/etnlwind/project/spot_omg/artifacts/s-native-v6-2-5/ios-build/Build/Intermediates.noindex/SpotOMGController.build/Debug-iphonesimulator/SpotOMGController.build/Objects-normal/arm64/SpotOMGController_const_extract_protocols.json

WriteAuxiliaryFile /Users/etnlwind/project/spot_omg/artifacts/s-native-v6-2-5/ios-build/Build/Intermediates.noindex/SpotOMGController.build/Debug-iphonesimulator/SpotOMGController.build/Objects-normal/arm64/SpotOMGController.LinkFileList (in target 'SpotOMGController' from project 'SpotOMGController')
    cd /Users/etnlwind/project/spot_omg/apps/ios/SpotOMGController
    write-file /Users/etnlwind/project/spot_omg/artifacts/s-native-v6-2-5/ios-build/Build/Intermediates.noindex/SpotOMGController.build/Debug-iphonesimulator/SpotOMGController.build/Objects-normal/arm64/SpotOMGController.LinkFileList

WriteAuxiliaryFile /Users/etnlwind/project/spot_omg/artifacts/s-native-v6-2-5/ios-build/Build/Intermediates.noindex/SpotOMGController.build/Debug-iphonesimulator/SpotOMGController.build/Objects-normal/arm64/SpotOMGController-OutputFileMap.json (in target 'SpotOMGController' from project 'SpotOMGController')
    cd /Users/etnlwind/project/spot_omg/apps/ios/SpotOMGController
    write-file /Users/etnlwind/project/spot_omg/artifacts/s-native-v6-2-5/ios-build/Build/Intermediates.noindex/SpotOMGController.build/Debug-iphonesimulator/SpotOMGController.build/Objects-normal/arm64/SpotOMGController-OutputFileMap.json

WriteAuxiliaryFile /Users/etnlwind/project/spot_omg/artifacts/s-native-v6-2-5/ios-build/Build/Intermediates.noindex/SpotOMGController.build/Debug-iphonesimulator/SpotOMGController.build/Objects-normal/arm64/SpotOMGController.SwiftConstValuesFileList (in target 'SpotOMGController' from project 'SpotOMGController')
    cd /Users/etnlwind/project/spot_omg/apps/ios/SpotOMGController
    write-file /Users/etnlwind/project/spot_omg/artifacts/s-native-v6-2-5/ios-build/Build/Intermediates.noindex/SpotOMGController.build/Debug-iphonesimulator/SpotOMGController.build/Objects-normal/arm64/SpotOMGController.SwiftConstValuesFileList

MkDir /Users/etnlwind/project/spot_omg/artifacts/s-native-v6-2-5/ios-build/Build/Intermediates.noindex/SpotOMGController.build/Debug-iphonesimulator/SpotOMGController.build/assetcatalog_output/thinned (in target 'SpotOMGController' from project 'SpotOMGController')
    cd /Users/etnlwind/project/spot_omg/apps/ios/SpotOMGController
    /bin/mkdir -p /Users/etnlwind/project/spot_omg/artifacts/s-native-v6-2-5/ios-build/Build/Intermediates.noindex/SpotOMGController.build/Debug-iphonesimulator/SpotOMGController.build/assetcatalog_output/thinned

MkDir /Users/etnlwind/project/spot_omg/artifacts/s-native-v6-2-5/ios-build/Build/Intermediates.noindex/SpotOMGController.build/Debug-iphonesimulator/SpotOMGController.build/assetcatalog_output/unthinned (in target 'SpotOMGController' from project 'SpotOMGController')
    cd /Users/etnlwind/project/spot_omg/apps/ios/SpotOMGController
    /bin/mkdir -p /Users/etnlwind/project/spot_omg/artifacts/s-native-v6-2-5/ios-build/Build/Intermediates.noindex/SpotOMGController.build/Debug-iphonesimulator/SpotOMGController.build/assetcatalog_output/unthinned

Ld /Users/etnlwind/project/spot_omg/artifacts/s-native-v6-2-5/ios-build/Build/Intermediates.noindex/SpotOMGController.build/Debug-iphonesimulator/SpotOMGController.build/Objects-normal/arm64/Binary/__preview.dylib normal arm64 (in target 'SpotOMGController' from project 'SpotOMGController')
    cd /Users/etnlwind/project/spot_omg/apps/ios/SpotOMGController
    /Applications/Xcode.app/Contents/Developer/Toolchains/XcodeDefault.xctoolchain/usr/bin/clang -Xlinker -reproducible -target arm64-apple-ios17.0-simulator -dynamiclib -isysroot /Applications/Xcode.app/Contents/Developer/Platforms/iPhoneSimulator.platform/Developer/SDKs/iPhoneSimulator26.5.sdk -Os -L/Users/etnlwind/project/spot_omg/artifacts/s-native-v6-2-5/ios-build/Build/Products/Debug-iphonesimulator -F/Users/etnlwind/project/spot_omg/artifacts/s-native-v6-2-5/ios-build/Build/Products/Debug-iphonesimulator -install_name @rpath/SpotOMGController.debug.dylib -Xlinker -dead_strip -rdynamic -Xlinker -objc_abi_version -Xlinker 2 -Xlinker -debug_variant -Xlinker -dependency_info -Xlinker /Users/etnlwind/project/spot_omg/artifacts/s-native-v6-2-5/ios-build/Build/Intermediates.noindex/SpotOMGController.build/Debug-iphonesimulator/SpotOMGController.build/Objects-normal/arm64/SpotOMGController_dependency_info.dat -o /Users/etnlwind/project/spot_omg/artifacts/s-native-v6-2-5/ios-build/Build/Intermediates.noindex/SpotOMGController.build/Debug-iphonesimulator/SpotOMGController.build/Objects-normal/arm64/Binary/__preview.dylib

GenerateAssetSymbols /Users/etnlwind/project/spot_omg/apps/ios/SpotOMGController/SpotOMGController/Resources/Assets.xcassets (in target 'SpotOMGController' from project 'SpotOMGController')
    cd /Users/etnlwind/project/spot_omg/apps/ios/SpotOMGController
    /Applications/Xcode.app/Contents/Developer/usr/bin/actool /Users/etnlwind/project/spot_omg/apps/ios/SpotOMGController/SpotOMGController/Resources/Assets.xcassets --compile /Users/etnlwind/project/spot_omg/artifacts/s-native-v6-2-5/ios-build/Build/Products/Debug-iphonesimulator/SpotOMGController.app --output-format human-readable-text --notices --warnings --export-dependency-info /Users/etnlwind/project/spot_omg/artifacts/s-native-v6-2-5/ios-build/Build/Intermediates.noindex/SpotOMGController.build/Debug-iphonesimulator/SpotOMGController.build/assetcatalog_dependencies --output-partial-info-plist /Users/etnlwind/project/spot_omg/artifacts/s-native-v6-2-5/ios-build/Build/Intermediates.noindex/SpotOMGController.build/Debug-iphonesimulator/SpotOMGController.build/assetcatalog_generated_info.plist --app-icon AppIcon --compress-pngs --enable-on-demand-resources YES --development-region ko --target-device iphone --minimum-deployment-target 17.0 --platform iphonesimulator --bundle-identifier com.etnlwind.spotomg.controller --generate-swift-asset-symbol-extensions NO --generate-swift-asset-symbols /Users/etnlwind/project/spot_omg/artifacts/s-native-v6-2-5/ios-build/Build/Intermediates.noindex/SpotOMGController.build/Debug-iphonesimulator/SpotOMGController.build/DerivedSources/GeneratedAssetSymbols.swift --generate-objc-asset-symbols /Users/etnlwind/project/spot_omg/artifacts/s-native-v6-2-5/ios-build/Build/Intermediates.noindex/SpotOMGController.build/Debug-iphonesimulator/SpotOMGController.build/DerivedSources/GeneratedAssetSymbols.h --generate-asset-symbol-index /Users/etnlwind/project/spot_omg/artifacts/s-native-v6-2-5/ios-build/Build/Intermediates.noindex/SpotOMGController.build/Debug-iphonesimulator/SpotOMGController.build/DerivedSources/GeneratedAssetSymbols-Index.plist
/* com.apple.actool.compilation-results */
/Users/etnlwind/project/spot_omg/artifacts/s-native-v6-2-5/ios-build/Build/Intermediates.noindex/SpotOMGController.build/Debug-iphonesimulator/SpotOMGController.build/DerivedSources/GeneratedAssetSymbols-Index.plist
/Users/etnlwind/project/spot_omg/artifacts/s-native-v6-2-5/ios-build/Build/Intermediates.noindex/SpotOMGController.build/Debug-iphonesimulator/SpotOMGController.build/DerivedSources/GeneratedAssetSymbols.h
/Users/etnlwind/project/spot_omg/artifacts/s-native-v6-2-5/ios-build/Build/Intermediates.noindex/SpotOMGController.build/Debug-iphonesimulator/SpotOMGController.build/DerivedSources/GeneratedAssetSymbols.swift


Ld /Users/etnlwind/project/spot_omg/artifacts/s-native-v6-2-5/ios-build/Build/Intermediates.noindex/SpotOMGController.build/Debug-iphonesimulator/SpotOMGController.build/Objects-normal/x86_64/Binary/__preview.dylib normal x86_64 (in target 'SpotOMGController' from project 'SpotOMGController')
    cd /Users/etnlwind/project/spot_omg/apps/ios/SpotOMGController
    /Applications/Xcode.app/Contents/Developer/Toolchains/XcodeDefault.xctoolchain/usr/bin/clang -Xlinker -reproducible -target x86_64-apple-ios17.0-simulator -dynamiclib -isysroot /Applications/Xcode.app/Contents/Developer/Platforms/iPhoneSimulator.platform/Developer/SDKs/iPhoneSimulator26.5.sdk -Os -L/Users/etnlwind/project/spot_omg/artifacts/s-native-v6-2-5/ios-build/Build/Products/Debug-iphonesimulator -F/Users/etnlwind/project/spot_omg/artifacts/s-native-v6-2-5/ios-build/Build/Products/Debug-iphonesimulator -install_name @rpath/SpotOMGController.debug.dylib -Xlinker -dead_strip -rdynamic -Xlinker -objc_abi_version -Xlinker 2 -Xlinker -debug_variant -Xlinker -dependency_info -Xlinker /Users/etnlwind/project/spot_omg/artifacts/s-native-v6-2-5/ios-build/Build/Intermediates.noindex/SpotOMGController.build/Debug-iphonesimulator/SpotOMGController.build/Objects-normal/x86_64/SpotOMGController_dependency_info.dat -o /Users/etnlwind/project/spot_omg/artifacts/s-native-v6-2-5/ios-build/Build/Intermediates.noindex/SpotOMGController.build/Debug-iphonesimulator/SpotOMGController.build/Objects-normal/x86_64/Binary/__preview.dylib

CompileAssetCatalogVariant thinned /Users/etnlwind/project/spot_omg/artifacts/s-native-v6-2-5/ios-build/Build/Products/Debug-iphonesimulator/SpotOMGController.app /Users/etnlwind/project/spot_omg/apps/ios/SpotOMGController/SpotOMGController/Resources/Assets.xcassets (in target 'SpotOMGController' from project 'SpotOMGController')
    cd /Users/etnlwind/project/spot_omg/apps/ios/SpotOMGController
    /Applications/Xcode.app/Contents/Developer/usr/bin/actool /Users/etnlwind/project/spot_omg/apps/ios/SpotOMGController/SpotOMGController/Resources/Assets.xcassets --compile /Users/etnlwind/project/spot_omg/artifacts/s-native-v6-2-5/ios-build/Build/Intermediates.noindex/SpotOMGController.build/Debug-iphonesimulator/SpotOMGController.build/assetcatalog_output/thinned --output-format human-readable-text --notices --warnings --export-dependency-info /Users/etnlwind/project/spot_omg/artifacts/s-native-v6-2-5/ios-build/Build/Intermediates.noindex/SpotOMGController.build/Debug-iphonesimulator/SpotOMGController.build/assetcatalog_dependencies_thinned --output-partial-info-plist /Users/etnlwind/project/spot_omg/artifacts/s-native-v6-2-5/ios-build/Build/Intermediates.noindex/SpotOMGController.build/Debug-iphonesimulator/SpotOMGController.build/assetcatalog_generated_info.plist_thinned --app-icon AppIcon --compress-pngs --enable-on-demand-resources YES --development-region ko --target-device iphone --minimum-deployment-target 17.0 --platform iphonesimulator
/* com.apple.actool.compilation-results */
/Users/etnlwind/project/spot_omg/artifacts/s-native-v6-2-5/ios-build/Build/Intermediates.noindex/SpotOMGController.build/Debug-iphonesimulator/SpotOMGController.build/assetcatalog_generated_info.plist_thinned
/Users/etnlwind/project/spot_omg/artifacts/s-native-v6-2-5/ios-build/Build/Intermediates.noindex/SpotOMGController.build/Debug-iphonesimulator/SpotOMGController.build/assetcatalog_output/thinned/AppIcon60x60@2x.png
/Users/etnlwind/project/spot_omg/artifacts/s-native-v6-2-5/ios-build/Build/Intermediates.noindex/SpotOMGController.build/Debug-iphonesimulator/SpotOMGController.build/assetcatalog_output/thinned/AppIcon76x76@2x~ipad.png
/Users/etnlwind/project/spot_omg/artifacts/s-native-v6-2-5/ios-build/Build/Intermediates.noindex/SpotOMGController.build/Debug-iphonesimulator/SpotOMGController.build/assetcatalog_output/thinned/Assets.car


SwiftDriver SpotOMGController normal arm64 com.apple.xcode.tools.swift.compiler (in target 'SpotOMGController' from project 'SpotOMGController')
    cd /Users/etnlwind/project/spot_omg/apps/ios/SpotOMGController
    builtin-SwiftDriver -- /Applications/Xcode.app/Contents/Developer/Toolchains/XcodeDefault.xctoolchain/usr/bin/swiftc -module-name SpotOMGController -Onone @/Users/etnlwind/project/spot_omg/artifacts/s-native-v6-2-5/ios-build/Build/Intermediates.noindex/SpotOMGController.build/Debug-iphonesimulator/SpotOMGController.build/Objects-normal/arm64/SpotOMGController.SwiftFileList -enable-bare-slash-regex -enable-experimental-feature DebugDescriptionMacro -sdk /Applications/Xcode.app/Contents/Developer/Platforms/iPhoneSimulator.platform/Developer/SDKs/iPhoneSimulator26.5.sdk -target arm64-apple-ios17.0-simulator -g -module-cache-path /Users/etnlwind/project/spot_omg/artifacts/s-native-v6-2-5/ios-build/ModuleCache.noindex -Xfrontend -serialize-debugging-options -profile-coverage-mapping -profile-generate -enable-testing -index-store-path /Users/etnlwind/project/spot_omg/artifacts/s-native-v6-2-5/ios-build/Index.noindex/DataStore -swift-version 5 -I /Users/etnlwind/project/spot_omg/artifacts/s-native-v6-2-5/ios-build/Build/Products/Debug-iphonesimulator -F /Users/etnlwind/project/spot_omg/artifacts/s-native-v6-2-5/ios-build/Build/Products/Debug-iphonesimulator -emit-localized-strings -emit-localized-strings-path /Users/etnlwind/project/spot_omg/artifacts/s-native-v6-2-5/ios-build/Build/Intermediates.noindex/SpotOMGController.build/Debug-iphonesimulator/SpotOMGController.build/Objects-normal/arm64 -c -j12 -enable-batch-mode -incremental -output-file-map /Users/etnlwind/project/spot_omg/artifacts/s-native-v6-2-5/ios-build/Build/Intermediates.noindex/SpotOMGController.build/Debug-iphonesimulator/SpotOMGController.build/Objects-normal/arm64/SpotOMGController-OutputFileMap.json -use-frontend-parseable-output -save-temps -no-color-diagnostics -explicit-module-build -module-cache-path /Users/etnlwind/project/spot_omg/artifacts/s-native-v6-2-5/ios-build/Build/Intermediates.noindex/SwiftExplicitPrecompiledModules -clang-scanner-module-cache-path /Users/etnlwind/project/spot_omg/artifacts/s-native-v6-2-5/ios-build/ModuleCache.noindex -sdk-module-cache-path /Users/etnlwind/project/spot_omg/artifacts/s-native-v6-2-5/ios-build/ModuleCache.noindex -serialize-diagnostics -emit-dependencies -emit-module -emit-module-path /Users/etnlwind/project/spot_omg/artifacts/s-native-v6-2-5/ios-build/Build/Intermediates.noindex/SpotOMGController.build/Debug-iphonesimulator/SpotOMGController.build/Objects-normal/arm64/SpotOMGController.swiftmodule -validate-clang-modules-once -clang-build-session-file /Users/etnlwind/project/spot_omg/artifacts/s-native-v6-2-5/ios-build/ModuleCache.noindex/Session.modulevalidation -Xcc -I/Users/etnlwind/project/spot_omg/artifacts/s-native-v6-2-5/ios-build/Build/Intermediates.noindex/SpotOMGController.build/Debug-iphonesimulator/SpotOMGController.build/swift-overrides.hmap -emit-const-values -Xfrontend -const-gather-protocols-file -Xfrontend /Users/etnlwind/project/spot_omg/artifacts/s-native-v6-2-5/ios-build/Build/Intermediates.noindex/SpotOMGController.build/Debug-iphonesimulator/SpotOMGController.build/Objects-normal/arm64/SpotOMGController_const_extract_protocols.json -Xcc -iquote -Xcc /Users/etnlwind/project/spot_omg/artifacts/s-native-v6-2-5/ios-build/Build/Intermediates.noindex/SpotOMGController.build/Debug-iphonesimulator/SpotOMGController.build/SpotOMGController-generated-files.hmap -Xcc -I/Users/etnlwind/project/spot_omg/artifacts/s-native-v6-2-5/ios-build/Build/Intermediates.noindex/SpotOMGController.build/Debug-iphonesimulator/SpotOMGController.build/SpotOMGController-own-target-headers.hmap -Xcc -I/Users/etnlwind/project/spot_omg/artifacts/s-native-v6-2-5/ios-build/Build/Intermediates.noindex/SpotOMGController.build/Debug-iphonesimulator/SpotOMGController.build/SpotOMGController-all-target-headers.hmap -Xcc -iquote -Xcc /Users/etnlwind/project/spot_omg/artifacts/s-native-v6-2-5/ios-build/Build/Intermediates.noindex/SpotOMGController.build/Debug-iphonesimulator/SpotOMGController.build/SpotOMGController-project-headers.hmap -Xcc -I/Users/etnlwind/project/spot_omg/artifacts/s-native-v6-2-5/ios-build/Build/Products/Debug-iphonesimulator/include -Xcc -I/Users/etnlwind/project/spot_omg/artifacts/s-native-v6-2-5/ios-build/Build/Intermediates.noindex/SpotOMGController.build/Debug-iphonesimulator/SpotOMGController.build/DerivedSources-normal/arm64 -Xcc -I/Users/etnlwind/project/spot_omg/artifacts/s-native-v6-2-5/ios-build/Build/Intermediates.noindex/SpotOMGController.build/Debug-iphonesimulator/SpotOMGController.build/DerivedSources/arm64 -Xcc -I/Users/etnlwind/project/spot_omg/artifacts/s-native-v6-2-5/ios-build/Build/Intermediates.noindex/SpotOMGController.build/Debug-iphonesimulator/SpotOMGController.build/DerivedSources -emit-objc-header -emit-objc-header-path /Users/etnlwind/project/spot_omg/artifacts/s-native-v6-2-5/ios-build/Build/Intermediates.noindex/SpotOMGController.build/Debug-iphonesimulator/SpotOMGController.build/Objects-normal/arm64/SpotOMGController-Swift.h -working-directory /Users/etnlwind/project/spot_omg/apps/ios/SpotOMGController -experimental-emit-module-separately -disable-cmo

SwiftDriver SpotOMGController normal x86_64 com.apple.xcode.tools.swift.compiler (in target 'SpotOMGController' from project 'SpotOMGController')
    cd /Users/etnlwind/project/spot_omg/apps/ios/SpotOMGController
    builtin-SwiftDriver -- /Applications/Xcode.app/Contents/Developer/Toolchains/XcodeDefault.xctoolchain/usr/bin/swiftc -module-name SpotOMGController -Onone @/Users/etnlwind/project/spot_omg/artifacts/s-native-v6-2-5/ios-build/Build/Intermediates.noindex/SpotOMGController.build/Debug-iphonesimulator/SpotOMGController.build/Objects-normal/x86_64/SpotOMGController.SwiftFileList -enable-bare-slash-regex -enable-experimental-feature DebugDescriptionMacro -sdk /Applications/Xcode.app/Contents/Developer/Platforms/iPhoneSimulator.platform/Developer/SDKs/iPhoneSimulator26.5.sdk -target x86_64-apple-ios17.0-simulator -g -module-cache-path /Users/etnlwind/project/spot_omg/artifacts/s-native-v6-2-5/ios-build/ModuleCache.noindex -Xfrontend -serialize-debugging-options -profile-coverage-mapping -profile-generate -enable-testing -index-store-path /Users/etnlwind/project/spot_omg/artifacts/s-native-v6-2-5/ios-build/Index.noindex/DataStore -swift-version 5 -I /Users/etnlwind/project/spot_omg/artifacts/s-native-v6-2-5/ios-build/Build/Products/Debug-iphonesimulator -F /Users/etnlwind/project/spot_omg/artifacts/s-native-v6-2-5/ios-build/Build/Products/Debug-iphonesimulator -emit-localized-strings -emit-localized-strings-path /Users/etnlwind/project/spot_omg/artifacts/s-native-v6-2-5/ios-build/Build/Intermediates.noindex/SpotOMGController.build/Debug-iphonesimulator/SpotOMGController.build/Objects-normal/x86_64 -c -j12 -enable-batch-mode -incremental -output-file-map /Users/etnlwind/project/spot_omg/artifacts/s-native-v6-2-5/ios-build/Build/Intermediates.noindex/SpotOMGController.build/Debug-iphonesimulator/SpotOMGController.build/Objects-normal/x86_64/SpotOMGController-OutputFileMap.json -use-frontend-parseable-output -save-temps -no-color-diagnostics -explicit-module-build -module-cache-path /Users/etnlwind/project/spot_omg/artifacts/s-native-v6-2-5/ios-build/Build/Intermediates.noindex/SwiftExplicitPrecompiledModules -clang-scanner-module-cache-path /Users/etnlwind/project/spot_omg/artifacts/s-native-v6-2-5/ios-build/ModuleCache.noindex -sdk-module-cache-path /Users/etnlwind/project/spot_omg/artifacts/s-native-v6-2-5/ios-build/ModuleCache.noindex -serialize-diagnostics -emit-dependencies -emit-module -emit-module-path /Users/etnlwind/project/spot_omg/artifacts/s-native-v6-2-5/ios-build/Build/Intermediates.noindex/SpotOMGController.build/Debug-iphonesimulator/SpotOMGController.build/Objects-normal/x86_64/SpotOMGController.swiftmodule -validate-clang-modules-once -clang-build-session-file /Users/etnlwind/project/spot_omg/artifacts/s-native-v6-2-5/ios-build/ModuleCache.noindex/Session.modulevalidation -Xcc -I/Users/etnlwind/project/spot_omg/artifacts/s-native-v6-2-5/ios-build/Build/Intermediates.noindex/SpotOMGController.build/Debug-iphonesimulator/SpotOMGController.build/swift-overrides.hmap -emit-const-values -Xfrontend -const-gather-protocols-file -Xfrontend /Users/etnlwind/project/spot_omg/artifacts/s-native-v6-2-5/ios-build/Build/Intermediates.noindex/SpotOMGController.build/Debug-iphonesimulator/SpotOMGController.build/Objects-normal/x86_64/SpotOMGController_const_extract_protocols.json -Xcc -iquote -Xcc /Users/etnlwind/project/spot_omg/artifacts/s-native-v6-2-5/ios-build/Build/Intermediates.noindex/SpotOMGController.build/Debug-iphonesimulator/SpotOMGController.build/SpotOMGController-generated-files.hmap -Xcc -I/Users/etnlwind/project/spot_omg/artifacts/s-native-v6-2-5/ios-build/Build/Intermediates.noindex/SpotOMGController.build/Debug-iphonesimulator/SpotOMGController.build/SpotOMGController-own-target-headers.hmap -Xcc -I/Users/etnlwind/project/spot_omg/artifacts/s-native-v6-2-5/ios-build/Build/Intermediates.noindex/SpotOMGController.build/Debug-iphonesimulator/SpotOMGController.build/SpotOMGController-all-target-headers.hmap -Xcc -iquote -Xcc /Users/etnlwind/project/spot_omg/artifacts/s-native-v6-2-5/ios-build/Build/Intermediates.noindex/SpotOMGController.build/Debug-iphonesimulator/SpotOMGController.build/SpotOMGController-project-headers.hmap -Xcc -I/Users/etnlwind/project/spot_omg/artifacts/s-native-v6-2-5/ios-build/Build/Products/Debug-iphonesimulator/include -Xcc -I/Users/etnlwind/project/spot_omg/artifacts/s-native-v6-2-5/ios-build/Build/Intermediates.noindex/SpotOMGController.build/Debug-iphonesimulator/SpotOMGController.build/DerivedSources-normal/x86_64 -Xcc -I/Users/etnlwind/project/spot_omg/artifacts/s-native-v6-2-5/ios-build/Build/Intermediates.noindex/SpotOMGController.build/Debug-iphonesimulator/SpotOMGController.build/DerivedSources/x86_64 -Xcc -I/Users/etnlwind/project/spot_omg/artifacts/s-native-v6-2-5/ios-build/Build/Intermediates.noindex/SpotOMGController.build/Debug-iphonesimulator/SpotOMGController.build/DerivedSources -emit-objc-header -emit-objc-header-path /Users/etnlwind/project/spot_omg/artifacts/s-native-v6-2-5/ios-build/Build/Intermediates.noindex/SpotOMGController.build/Debug-iphonesimulator/SpotOMGController.build/Objects-normal/x86_64/SpotOMGController-Swift.h -working-directory /Users/etnlwind/project/spot_omg/apps/ios/SpotOMGController -experimental-emit-module-separately -disable-cmo

CreateUniversalBinary /Users/etnlwind/project/spot_omg/artifacts/s-native-v6-2-5/ios-build/Build/Products/Debug-iphonesimulator/SpotOMGController.app/__preview.dylib normal arm64\ x86_64 (in target 'SpotOMGController' from project 'SpotOMGController')
    cd /Users/etnlwind/project/spot_omg/apps/ios/SpotOMGController
    /Applications/Xcode.app/Contents/Developer/Toolchains/XcodeDefault.xctoolchain/usr/bin/lipo -create /Users/etnlwind/project/spot_omg/artifacts/s-native-v6-2-5/ios-build/Build/Intermediates.noindex/SpotOMGController.build/Debug-iphonesimulator/SpotOMGController.build/Objects-normal/arm64/Binary/__preview.dylib /Users/etnlwind/project/spot_omg/artifacts/s-native-v6-2-5/ios-build/Build/Intermediates.noindex/SpotOMGController.build/Debug-iphonesimulator/SpotOMGController.build/Objects-normal/x86_64/Binary/__preview.dylib -output /Users/etnlwind/project/spot_omg/artifacts/s-native-v6-2-5/ios-build/Build/Products/Debug-iphonesimulator/SpotOMGController.app/__preview.dylib

SwiftExplicitDependencyGeneratePcm x86_64 /Users/etnlwind/project/spot_omg/artifacts/s-native-v6-2-5/ios-build/ModuleCache.noindex/DeveloperToolsSupport-36ETFW9B9H0H7ZBLVQLY3KUE9.pcm

SwiftExplicitDependencyGeneratePcm x86_64 /Users/etnlwind/project/spot_omg/artifacts/s-native-v6-2-5/ios-build/ModuleCache.noindex/_SwiftConcurrencyShims-3G36KD95QM3MZJEYC324IUYW9.pcm

SwiftExplicitDependencyGeneratePcm x86_64 /Users/etnlwind/project/spot_omg/artifacts/s-native-v6-2-5/ios-build/ModuleCache.noindex/_Builtin_stddef-DJMW9D69QTDBP2XIUL945O64B.pcm

SwiftExplicitDependencyGeneratePcm x86_64 /Users/etnlwind/project/spot_omg/artifacts/s-native-v6-2-5/ios-build/ModuleCache.noindex/_Builtin_stdarg-54M23MKB419PH2XX6TOD65MZ.pcm

SwiftExplicitDependencyGeneratePcm x86_64 /Users/etnlwind/project/spot_omg/artifacts/s-native-v6-2-5/ios-build/ModuleCache.noindex/SwiftShims-81I9RQEOIUYGHZ6SPGIGD94GV.pcm

SwiftExplicitDependencyGeneratePcm x86_64 /Users/etnlwind/project/spot_omg/artifacts/s-native-v6-2-5/ios-build/ModuleCache.noindex/_AvailabilityInternal-66O0FNPEA7FX4U0KAH6CP6427.pcm

SwiftExplicitDependencyGeneratePcm x86_64 /Users/etnlwind/project/spot_omg/artifacts/s-native-v6-2-5/ios-build/ModuleCache.noindex/_Builtin_float-3MXY6U7IZGDGS558YPXZ8U1GO.pcm

SwiftExplicitDependencyGeneratePcm x86_64 /Users/etnlwind/project/spot_omg/artifacts/s-native-v6-2-5/ios-build/ModuleCache.noindex/ptrauth-EIUMMGOUNWXZV6TQVCSS1WIUK.pcm

SwiftExplicitDependencyGeneratePcm x86_64 /Users/etnlwind/project/spot_omg/artifacts/s-native-v6-2-5/ios-build/ModuleCache.noindex/_Builtin_stdbool-2GBLFD0BZT6XRDG6KUIL73AFH.pcm

SwiftExplicitDependencyGeneratePcm x86_64 /Users/etnlwind/project/spot_omg/artifacts/s-native-v6-2-5/ios-build/ModuleCache.noindex/ptrcheck-D4Q702BX7CB8X69FWDZVB2HF0.pcm

SwiftExplicitDependencyGeneratePcm arm64 /Users/etnlwind/project/spot_omg/artifacts/s-native-v6-2-5/ios-build/ModuleCache.noindex/ptrauth-CM6O061RBIEOUXIDPBIHDFVAG.pcm

SwiftExplicitDependencyGeneratePcm arm64 /Users/etnlwind/project/spot_omg/artifacts/s-native-v6-2-5/ios-build/ModuleCache.noindex/ptrcheck-2OXVRX066OCNRSM2O0V7243L4.pcm

SwiftExplicitDependencyGeneratePcm arm64 /Users/etnlwind/project/spot_omg/artifacts/s-native-v6-2-5/ios-build/ModuleCache.noindex/_Builtin_float-7T12HWCAS09DU1789A28WZ03D.pcm

SwiftExplicitDependencyGeneratePcm arm64 /Users/etnlwind/project/spot_omg/artifacts/s-native-v6-2-5/ios-build/ModuleCache.noindex/_Builtin_stdarg-D7LAP2YN2OINLGH2PVK4XJ6E0.pcm

SwiftExplicitDependencyGeneratePcm arm64 /Users/etnlwind/project/spot_omg/artifacts/s-native-v6-2-5/ios-build/ModuleCache.noindex/_Builtin_stdbool-D8HF3YIY2HEBETK82IY2OL7GA.pcm

SwiftExplicitDependencyGeneratePcm arm64 /Users/etnlwind/project/spot_omg/artifacts/s-native-v6-2-5/ios-build/ModuleCache.noindex/SwiftShims-5AS6SO5PF2F1NI0N7OJ1SI4GH.pcm

SwiftExplicitDependencyGeneratePcm arm64 /Users/etnlwind/project/spot_omg/artifacts/s-native-v6-2-5/ios-build/ModuleCache.noindex/_Builtin_stddef-B5LCF72UU4P53KXIS7XU2WZR9.pcm

SwiftExplicitDependencyGeneratePcm arm64 /Users/etnlwind/project/spot_omg/artifacts/s-native-v6-2-5/ios-build/ModuleCache.noindex/DeveloperToolsSupport-418SVWDD1EPFTDTPCU0079AFL.pcm

SwiftExplicitDependencyGeneratePcm arm64 /Users/etnlwind/project/spot_omg/artifacts/s-native-v6-2-5/ios-build/ModuleCache.noindex/_SwiftConcurrencyShims-41N6WTVUMKQTCIMU1ND2C2HEU.pcm

SwiftExplicitDependencyGeneratePcm arm64 /Users/etnlwind/project/spot_omg/artifacts/s-native-v6-2-5/ios-build/ModuleCache.noindex/_AvailabilityInternal-F5DLHTHAZX3PCI8F77C73F2XG.pcm

SwiftExplicitDependencyGeneratePcm x86_64 /Users/etnlwind/project/spot_omg/artifacts/s-native-v6-2-5/ios-build/ModuleCache.noindex/_DarwinFoundation1-4YI3BY2YMZQWY9O48TDFNQVDX.pcm

SwiftExplicitDependencyGeneratePcm arm64 /Users/etnlwind/project/spot_omg/artifacts/s-native-v6-2-5/ios-build/ModuleCache.noindex/_DarwinFoundation1-CDP106VZ2ACXTURQ11VCZKE3G.pcm

SwiftExplicitDependencyGeneratePcm x86_64 /Users/etnlwind/project/spot_omg/artifacts/s-native-v6-2-5/ios-build/ModuleCache.noindex/_Builtin_limits-DL2DPQTGK9J4FH8KAQSK4TC9M.pcm

SwiftExplicitDependencyGeneratePcm x86_64 /Users/etnlwind/project/spot_omg/artifacts/s-native-v6-2-5/ios-build/ModuleCache.noindex/_DarwinFoundation2-6P9T768ZP63VCXIO1WPYOGAW9.pcm

SwiftExplicitDependencyGeneratePcm arm64 /Users/etnlwind/project/spot_omg/artifacts/s-native-v6-2-5/ios-build/ModuleCache.noindex/_DarwinFoundation2-D20E0P6ADR1O1SRUGANOH2CLJ.pcm

SwiftExplicitDependencyGeneratePcm arm64 /Users/etnlwind/project/spot_omg/artifacts/s-native-v6-2-5/ios-build/ModuleCache.noindex/_Builtin_limits-DME1P1ZDTNEZQSD05OBEJNOIN.pcm

SwiftExplicitDependencyGeneratePcm x86_64 /Users/etnlwind/project/spot_omg/artifacts/s-native-v6-2-5/ios-build/ModuleCache.noindex/sys_types-7JFM14LDUUW8CQWTX5KXWJKQ6.pcm

SwiftExplicitDependencyGeneratePcm x86_64 /Users/etnlwind/project/spot_omg/artifacts/s-native-v6-2-5/ios-build/ModuleCache.noindex/_Builtin_tgmath-6D8I36FU9C9BT25B2MZZ48F80.pcm

SwiftExplicitDependencyGeneratePcm x86_64 /Users/etnlwind/project/spot_omg/artifacts/s-native-v6-2-5/ios-build/ModuleCache.noindex/_Builtin_stdint-2Z4SJGZ2FAI9EVE4MAY2HZN7J.pcm

SwiftExplicitDependencyGeneratePcm x86_64 /Users/etnlwind/project/spot_omg/artifacts/s-native-v6-2-5/ios-build/ModuleCache.noindex/_DarwinFoundation3-EMW9VOYOMQCY3BI2EFYJT47PZ.pcm

SwiftExplicitDependencyGeneratePcm x86_64 /Users/etnlwind/project/spot_omg/artifacts/s-native-v6-2-5/ios-build/ModuleCache.noindex/_Builtin_stdatomic-7ZNRLW2FHD7UVIDWXU66TQBQ0.pcm

SwiftExplicitDependencyGeneratePcm arm64 /Users/etnlwind/project/spot_omg/artifacts/s-native-v6-2-5/ios-build/ModuleCache.noindex/sys_types-B0Z56AOC8ZOEKO4WH7Y7WL8MS.pcm

SwiftExplicitDependencyGeneratePcm arm64 /Users/etnlwind/project/spot_omg/artifacts/s-native-v6-2-5/ios-build/ModuleCache.noindex/_Builtin_tgmath-EF87VZFNL6YU0OQ2J7EIG8ZD6.pcm

SwiftExplicitDependencyGeneratePcm arm64 /Users/etnlwind/project/spot_omg/artifacts/s-native-v6-2-5/ios-build/ModuleCache.noindex/_Builtin_stdint-10NP3OUMKX2UVQC3OZAPVGIKI.pcm

SwiftExplicitDependencyGeneratePcm arm64 /Users/etnlwind/project/spot_omg/artifacts/s-native-v6-2-5/ios-build/ModuleCache.noindex/_Builtin_stdatomic-1Z82WGUQ6I1JKPWZZUFXA92GD.pcm

SwiftExplicitDependencyGeneratePcm arm64 /Users/etnlwind/project/spot_omg/artifacts/s-native-v6-2-5/ios-build/ModuleCache.noindex/_DarwinFoundation3-E8CBSWLHIK1ZMLLWM5MKL86ZO.pcm

SwiftExplicitDependencyGeneratePcm arm64 /Users/etnlwind/project/spot_omg/artifacts/s-native-v6-2-5/ios-build/ModuleCache.noindex/_Builtin_intrinsics-2L9NFRST7X5IH2M6NQ0HNEQ82.pcm

SwiftExplicitDependencyGeneratePcm x86_64 /Users/etnlwind/project/spot_omg/artifacts/s-native-v6-2-5/ios-build/ModuleCache.noindex/_Builtin_inttypes-9N5D8GO5A53PF6583RNI31WSV.pcm

SwiftExplicitDependencyGeneratePcm x86_64 /Users/etnlwind/project/spot_omg/artifacts/s-native-v6-2-5/ios-build/ModuleCache.noindex/_Builtin_intrinsics-EP19VDD5ISRKSX8XFKAQ7JEU9.pcm

SwiftExplicitDependencyGeneratePcm x86_64 /Users/etnlwind/project/spot_omg/artifacts/s-native-v6-2-5/ios-build/ModuleCache.noindex/Darwin-2NLQSUVKGBFM5B0MONTBK2NTF.pcm

SwiftExplicitDependencyGeneratePcm arm64 /Users/etnlwind/project/spot_omg/artifacts/s-native-v6-2-5/ios-build/ModuleCache.noindex/_Builtin_inttypes-2I7PSX4R8G141ZI4TPJIZZF36.pcm

SwiftExplicitDependencyGeneratePcm arm64 /Users/etnlwind/project/spot_omg/artifacts/s-native-v6-2-5/ios-build/ModuleCache.noindex/Darwin-67T9EPD3HXFFALDL1O8Y9HJKY.pcm

SwiftExplicitDependencyGeneratePcm arm64 /Users/etnlwind/project/spot_omg/artifacts/s-native-v6-2-5/ios-build/ModuleCache.noindex/simd-D7DZGEDZG1UKMN602LK24XH5R.pcm

SwiftExplicitDependencyGeneratePcm x86_64 /Users/etnlwind/project/spot_omg/artifacts/s-native-v6-2-5/ios-build/ModuleCache.noindex/MachO-9QILHTZM06OICVBEZNDXBW8PX.pcm

SwiftExplicitDependencyGeneratePcm x86_64 /Users/etnlwind/project/spot_omg/artifacts/s-native-v6-2-5/ios-build/ModuleCache.noindex/ObjectiveC-6WJEHOLK0EXNJRCO5MTMF53IH.pcm

SwiftExplicitDependencyGeneratePcm x86_64 /Users/etnlwind/project/spot_omg/artifacts/s-native-v6-2-5/ios-build/ModuleCache.noindex/simd-ARKVX9TJJICXLNFOASJX2UJ6S.pcm

SwiftExplicitDependencyGeneratePcm x86_64 /Users/etnlwind/project/spot_omg/artifacts/s-native-v6-2-5/ios-build/ModuleCache.noindex/os_object-B6E53SQ3ZGSML0RHMPRAHLNDM.pcm

SwiftExplicitDependencyGeneratePcm arm64 /Users/etnlwind/project/spot_omg/artifacts/s-native-v6-2-5/ios-build/ModuleCache.noindex/MachO-B7EKUV5C9G6FFVLMZZVBWODXC.pcm

SwiftExplicitDependencyGeneratePcm arm64 /Users/etnlwind/project/spot_omg/artifacts/s-native-v6-2-5/ios-build/ModuleCache.noindex/ObjectiveC-EOV2FZ8CAO3P7ZYUQRWOTO9J.pcm

SwiftExplicitDependencyGeneratePcm x86_64 /Users/etnlwind/project/spot_omg/artifacts/s-native-v6-2-5/ios-build/ModuleCache.noindex/os_workgroup-3IMLYXU58ILGGKNRPEPIJS9II.pcm

SwiftExplicitDependencyGeneratePcm arm64 /Users/etnlwind/project/spot_omg/artifacts/s-native-v6-2-5/ios-build/ModuleCache.noindex/os_object-66PNGOHMZFYPX28O2G4RUG3NN.pcm

SwiftExplicitDependencyGeneratePcm x86_64 /Users/etnlwind/project/spot_omg/artifacts/s-native-v6-2-5/ios-build/ModuleCache.noindex/Dispatch-BLC5HUU5NQUO8NYVFPM7569L8.pcm

SwiftExplicitDependencyGeneratePcm arm64 /Users/etnlwind/project/spot_omg/artifacts/s-native-v6-2-5/ios-build/ModuleCache.noindex/os_workgroup-DA766DQXEXK9S8ENBRF798BBD.pcm

SwiftExplicitDependencyGeneratePcm x86_64 /Users/etnlwind/project/spot_omg/artifacts/s-native-v6-2-5/ios-build/ModuleCache.noindex/XPC-7KYK48YYEIWR8EDS55XTWZDH5.pcm

SwiftExplicitDependencyGeneratePcm x86_64 /Users/etnlwind/project/spot_omg/artifacts/s-native-v6-2-5/ios-build/ModuleCache.noindex/CoreFoundation-19R4OYMJEEX6U0Q6CDCTXH4RB.pcm

SwiftExplicitDependencyGeneratePcm x86_64 /Users/etnlwind/project/spot_omg/artifacts/s-native-v6-2-5/ios-build/ModuleCache.noindex/dnssd-9B2WZY5NBA07PCP8B9FWLA7GC.pcm

SwiftExplicitDependencyGeneratePcm arm64 /Users/etnlwind/project/spot_omg/artifacts/s-native-v6-2-5/ios-build/ModuleCache.noindex/Spatial-EZMK39DU1JWK1C65J6LT29W3M.pcm

SwiftExplicitDependencyGeneratePcm arm64 /Users/etnlwind/project/spot_omg/artifacts/s-native-v6-2-5/ios-build/ModuleCache.noindex/Dispatch-9TPT3Z717ZF2WZDCCMZMC3A7I.pcm

SwiftExplicitDependencyGeneratePcm x86_64 /Users/etnlwind/project/spot_omg/artifacts/s-native-v6-2-5/ios-build/ModuleCache.noindex/os-3FLJAJ406FZBFMI693SYAVFKB.pcm

SwiftExplicitDependencyGeneratePcm arm64 /Users/etnlwind/project/spot_omg/artifacts/s-native-v6-2-5/ios-build/ModuleCache.noindex/dnssd-5RP6HECNHU5QQKS3WAJO7KIEE.pcm

SwiftExplicitDependencyGeneratePcm arm64 /Users/etnlwind/project/spot_omg/artifacts/s-native-v6-2-5/ios-build/ModuleCache.noindex/CoreFoundation-4T3O6UWZTYPSW85PCPVS9J96M.pcm

SwiftExplicitDependencyGeneratePcm arm64 /Users/etnlwind/project/spot_omg/artifacts/s-native-v6-2-5/ios-build/ModuleCache.noindex/XPC-ACJJTN2MO31Q0X8D8G4SU3NGT.pcm

SwiftExplicitDependencyGeneratePcm x86_64 /Users/etnlwind/project/spot_omg/artifacts/s-native-v6-2-5/ios-build/ModuleCache.noindex/Security-DD26PE1BPE1WHYO8NUYUJW9Q4.pcm

SwiftExplicitDependencyGeneratePcm x86_64 /Users/etnlwind/project/spot_omg/artifacts/s-native-v6-2-5/ios-build/ModuleCache.noindex/CFNetwork-8BYYJ3PJYPXA3MQO49W2D4806.pcm

SwiftExplicitDependencyGeneratePcm x86_64 /Users/etnlwind/project/spot_omg/artifacts/s-native-v6-2-5/ios-build/ModuleCache.noindex/CoreGraphics-AH5IVEV2FAC3TWVKMAWAABUOY.pcm

SwiftExplicitDependencyGeneratePcm x86_64 /Users/etnlwind/project/spot_omg/artifacts/s-native-v6-2-5/ios-build/ModuleCache.noindex/Spatial-CPNRGKG7L5Q0B2G32K3X5QRE7.pcm

SwiftExplicitDependencyGeneratePcm arm64 /Users/etnlwind/project/spot_omg/artifacts/s-native-v6-2-5/ios-build/ModuleCache.noindex/os-CRTTXQRPDN729NL18JW3E6VPY.pcm

SwiftExplicitDependencyGeneratePcm x86_64 /Users/etnlwind/project/spot_omg/artifacts/s-native-v6-2-5/ios-build/ModuleCache.noindex/Foundation-8RI68K7VHJJGVCENN5NAPLMH8.pcm

SwiftExplicitDependencyGeneratePcm x86_64 /Users/etnlwind/project/spot_omg/artifacts/s-native-v6-2-5/ios-build/ModuleCache.noindex/CoreText-C7ORUWE11QAYI28J959S8SOSO.pcm

SwiftExplicitDependencyGeneratePcm x86_64 /Users/etnlwind/project/spot_omg/artifacts/s-native-v6-2-5/ios-build/ModuleCache.noindex/ImageIO-3BNX0OBGLJEY3BK2P1XG7883E.pcm

SwiftExplicitDependencyGeneratePcm arm64 /Users/etnlwind/project/spot_omg/artifacts/s-native-v6-2-5/ios-build/ModuleCache.noindex/CoreGraphics-6JQ1UYSFS5XHW16WU0JE54J9W.pcm

SwiftExplicitDependencyGeneratePcm arm64 /Users/etnlwind/project/spot_omg/artifacts/s-native-v6-2-5/ios-build/ModuleCache.noindex/Security-DI3IIU36VUN6O8Y30P3FK04N9.pcm

SwiftExplicitDependencyGeneratePcm arm64 /Users/etnlwind/project/spot_omg/artifacts/s-native-v6-2-5/ios-build/ModuleCache.noindex/CFNetwork-1JMQ3HEE1EAM7E7Z1YIVJZ9Y9.pcm

SwiftExplicitDependencyGeneratePcm arm64 /Users/etnlwind/project/spot_omg/artifacts/s-native-v6-2-5/ios-build/ModuleCache.noindex/Foundation-22U9LXZWI8XZEKMN8KKC2YR6E.pcm

SwiftExplicitDependencyGeneratePcm arm64 /Users/etnlwind/project/spot_omg/artifacts/s-native-v6-2-5/ios-build/ModuleCache.noindex/CoreText-2O31U8QW0DR7FPGDHGL57JMOS.pcm

SwiftExplicitDependencyGeneratePcm arm64 /Users/etnlwind/project/spot_omg/artifacts/s-native-v6-2-5/ios-build/ModuleCache.noindex/ImageIO-CFUC2X0XWX0UTID2KWEIA7GKB.pcm

SwiftExplicitDependencyGeneratePcm x86_64 /Users/etnlwind/project/spot_omg/artifacts/s-native-v6-2-5/ios-build/ModuleCache.noindex/CoreTransferable-29NSN5CNAN7V9G4OCYG8F84CG.pcm

SwiftExplicitDependencyGeneratePcm x86_64 /Users/etnlwind/project/spot_omg/artifacts/s-native-v6-2-5/ios-build/ModuleCache.noindex/UserNotifications-9HLUED78WUCQQ7JWVE3TBM4MX.pcm

SwiftExplicitDependencyGeneratePcm x86_64 /Users/etnlwind/project/spot_omg/artifacts/s-native-v6-2-5/ios-build/ModuleCache.noindex/IOSurface-5ALYPEQNEUJC103WU1WBWRRC5.pcm

SwiftExplicitDependencyGeneratePcm x86_64 /Users/etnlwind/project/spot_omg/artifacts/s-native-v6-2-5/ios-build/ModuleCache.noindex/DataDetection-12Y4IB076PVJ2FB4PZ9GHC4VC.pcm

SwiftExplicitDependencyGeneratePcm x86_64 /Users/etnlwind/project/spot_omg/artifacts/s-native-v6-2-5/ios-build/ModuleCache.noindex/Network-69V3MGCXDEN3X102CPQPAM5FW.pcm

SwiftExplicitDependencyGeneratePcm x86_64 /Users/etnlwind/project/spot_omg/artifacts/s-native-v6-2-5/ios-build/ModuleCache.noindex/CoreData-BUA59VSM86NMO6NKF5373KXRY.pcm

SwiftExplicitDependencyGeneratePcm x86_64 /Users/etnlwind/project/spot_omg/artifacts/s-native-v6-2-5/ios-build/ModuleCache.noindex/OSLog-MAY8OCMOJ9FCQ7D5ZZXYCL7B.pcm

SwiftExplicitDependencyGeneratePcm x86_64 /Users/etnlwind/project/spot_omg/artifacts/s-native-v6-2-5/ios-build/ModuleCache.noindex/FileProvider-3EZAKSKUSMZS5KRZKNUNHSZP6.pcm

SwiftExplicitDependencyGeneratePcm x86_64 /Users/etnlwind/project/spot_omg/artifacts/s-native-v6-2-5/ios-build/ModuleCache.noindex/Accessibility-BC4DZDU83BYMI58FC4HGNMOU8.pcm

SwiftExplicitDependencyGeneratePcm x86_64 /Users/etnlwind/project/spot_omg/artifacts/s-native-v6-2-5/ios-build/ModuleCache.noindex/Symbols-4WBVOTCWAND6H9S48Z5PFG2C1.pcm

SwiftExplicitDependencyGeneratePcm x86_64 /Users/etnlwind/project/spot_omg/artifacts/s-native-v6-2-5/ios-build/ModuleCache.noindex/UniformTypeIdentifiers-9KHUBDZS9IRUIIXXY8X9Z6AX.pcm

SwiftExplicitDependencyGeneratePcm x86_64 /Users/etnlwind/project/spot_omg/artifacts/s-native-v6-2-5/ios-build/ModuleCache.noindex/CoreBluetooth-6PPH4SY13JGLJLFLPFN0MGJSD.pcm

SwiftExplicitDependencyGeneratePcm x86_64 /Users/etnlwind/project/spot_omg/artifacts/s-native-v6-2-5/ios-build/ModuleCache.noindex/OpenGLES-E28TXDWTT2B3AT5XV10BXOTMI.pcm

SwiftExplicitDependencyGeneratePcm x86_64 /Users/etnlwind/project/spot_omg/artifacts/s-native-v6-2-5/ios-build/ModuleCache.noindex/UIUtilities-VLQ71UEQM51V34F34LJE3S86.pcm

SwiftExplicitDependencyGeneratePcm x86_64 /Users/etnlwind/project/spot_omg/artifacts/s-native-v6-2-5/ios-build/ModuleCache.noindex/Metal-4UBQ12IJXVQWIAKGXVY9GN3WT.pcm

SwiftExplicitDependencyGeneratePcm arm64 /Users/etnlwind/project/spot_omg/artifacts/s-native-v6-2-5/ios-build/ModuleCache.noindex/UserNotifications-C5CXL4DV2K0LYTJ6GL6Y6SR9I.pcm

SwiftExplicitDependencyGeneratePcm arm64 /Users/etnlwind/project/spot_omg/artifacts/s-native-v6-2-5/ios-build/ModuleCache.noindex/OpenGLES-CFBYLEAICF76Y94MZ44R1LV69.pcm

SwiftExplicitDependencyGeneratePcm arm64 /Users/etnlwind/project/spot_omg/artifacts/s-native-v6-2-5/ios-build/ModuleCache.noindex/Network-CC3F2D2QF4TDNQ1GRD5JC3XXB.pcm

SwiftExplicitDependencyGeneratePcm arm64 /Users/etnlwind/project/spot_omg/artifacts/s-native-v6-2-5/ios-build/ModuleCache.noindex/CoreData-DU1HISX8UXBHNITABJF2MSCEV.pcm

SwiftExplicitDependencyGeneratePcm arm64 /Users/etnlwind/project/spot_omg/artifacts/s-native-v6-2-5/ios-build/ModuleCache.noindex/IOSurface-85WBZG2C64X2L83QNO50US730.pcm

SwiftExplicitDependencyGeneratePcm arm64 /Users/etnlwind/project/spot_omg/artifacts/s-native-v6-2-5/ios-build/ModuleCache.noindex/FileProvider-9KPPUNT9T6OFKSGGWSF4ZUZSC.pcm

SwiftExplicitDependencyGeneratePcm arm64 /Users/etnlwind/project/spot_omg/artifacts/s-native-v6-2-5/ios-build/ModuleCache.noindex/DataDetection-EKAEZFR5AFI55MGHPTWU1Q0J9.pcm

SwiftExplicitDependencyGeneratePcm arm64 /Users/etnlwind/project/spot_omg/artifacts/s-native-v6-2-5/ios-build/ModuleCache.noindex/Accessibility-8Q5FROYY5WUY5YI1L2LZOVVVS.pcm

SwiftExplicitDependencyGeneratePcm arm64 /Users/etnlwind/project/spot_omg/artifacts/s-native-v6-2-5/ios-build/ModuleCache.noindex/UniformTypeIdentifiers-36JWRP88KTQZQ874YP9Y4DFCP.pcm

SwiftExplicitDependencyGeneratePcm arm64 /Users/etnlwind/project/spot_omg/artifacts/s-native-v6-2-5/ios-build/ModuleCache.noindex/Symbols-1GHTBEOEOYY9WIFXGGFKN9QTF.pcm

SwiftExplicitDependencyGeneratePcm arm64 /Users/etnlwind/project/spot_omg/artifacts/s-native-v6-2-5/ios-build/ModuleCache.noindex/CoreTransferable-2YWAH0KLBL6J145FLD5VVRMPX.pcm

SwiftExplicitDependencyGeneratePcm arm64 /Users/etnlwind/project/spot_omg/artifacts/s-native-v6-2-5/ios-build/ModuleCache.noindex/CoreBluetooth-1J6LKIDW57FCOIKN4YG9XHFSS.pcm

SwiftExplicitDependencyGeneratePcm arm64 /Users/etnlwind/project/spot_omg/artifacts/s-native-v6-2-5/ios-build/ModuleCache.noindex/UIUtilities-8E01RTHWKKODXQ765MEOS1V7Z.pcm

SwiftExplicitDependencyGeneratePcm arm64 /Users/etnlwind/project/spot_omg/artifacts/s-native-v6-2-5/ios-build/ModuleCache.noindex/Metal-8HWBSE2APQCWUZPMDQC3UOKDA.pcm

SwiftExplicitDependencyGeneratePcm arm64 /Users/etnlwind/project/spot_omg/artifacts/s-native-v6-2-5/ios-build/ModuleCache.noindex/OSLog-7FRU8WTRVRU09IZ03SJ5R19D.pcm

SwiftExplicitDependencyGeneratePcm x86_64 /Users/etnlwind/project/spot_omg/artifacts/s-native-v6-2-5/ios-build/ModuleCache.noindex/CoreVideo-537ILGVNAOSQJQ7UFGTJV4OAB.pcm

SwiftExplicitDependencyGeneratePcm x86_64 /Users/etnlwind/project/spot_omg/artifacts/s-native-v6-2-5/ios-build/ModuleCache.noindex/QuartzCore-EM87E75GYG92C3A975GZ7SMM2.pcm

SwiftExplicitDependencyGeneratePcm x86_64 /Users/etnlwind/project/spot_omg/artifacts/s-native-v6-2-5/ios-build/ModuleCache.noindex/CoreImage-7U6CSHZQNCVQY2J1G20KLSYYV.pcm

SwiftExplicitDependencyGeneratePcm arm64 /Users/etnlwind/project/spot_omg/artifacts/s-native-v6-2-5/ios-build/ModuleCache.noindex/CoreVideo-7F5F24CKI4LX09P56GYGGI3DW.pcm

SwiftExplicitDependencyGeneratePcm x86_64 /Users/etnlwind/project/spot_omg/artifacts/s-native-v6-2-5/ios-build/ModuleCache.noindex/SwiftUICore-3NULQNZZAEQ93S0NKPOQHYKOL.pcm

SwiftExplicitDependencyGeneratePcm x86_64 /Users/etnlwind/project/spot_omg/artifacts/s-native-v6-2-5/ios-build/ModuleCache.noindex/UIKit-5U2ERRBBGS4H468WQEEE8AB7T.pcm

SwiftExplicitDependencyGeneratePcm arm64 /Users/etnlwind/project/spot_omg/artifacts/s-native-v6-2-5/ios-build/ModuleCache.noindex/CoreImage-214XJNXT01P030MQZSYOKAUSN.pcm

SwiftExplicitDependencyGeneratePcm arm64 /Users/etnlwind/project/spot_omg/artifacts/s-native-v6-2-5/ios-build/ModuleCache.noindex/QuartzCore-37021Z6F21S2E39H5CMWR0RUL.pcm

SwiftExplicitDependencyGeneratePcm arm64 /Users/etnlwind/project/spot_omg/artifacts/s-native-v6-2-5/ios-build/ModuleCache.noindex/SwiftUICore-DRMTMRV1YYH2ZFXOY55X7OLQN.pcm

SwiftExplicitDependencyGeneratePcm arm64 /Users/etnlwind/project/spot_omg/artifacts/s-native-v6-2-5/ios-build/ModuleCache.noindex/UIKit-5N1G3F64HD2LZQG4UOX0A0WOB.pcm

SwiftExplicitDependencyGeneratePcm x86_64 /Users/etnlwind/project/spot_omg/artifacts/s-native-v6-2-5/ios-build/ModuleCache.noindex/SwiftUI-9MONM2DZIQJKKP5YME3Y70OJA.pcm

SwiftEmitModule normal x86_64 Emitting\ module\ for\ SpotOMGController (in target 'SpotOMGController' from project 'SpotOMGController')

EmitSwiftModule normal x86_64 (in target 'SpotOMGController' from project 'SpotOMGController')
    cd /Users/etnlwind/project/spot_omg/apps/ios/SpotOMGController
    

SwiftCompile normal x86_64 Compiling\ VirtualJoystick.swift /Users/etnlwind/project/spot_omg/apps/ios/SpotOMGController/SpotOMGController/Views/VirtualJoystick.swift (in target 'SpotOMGController' from project 'SpotOMGController')

SwiftCompile normal x86_64 /Users/etnlwind/project/spot_omg/apps/ios/SpotOMGController/SpotOMGController/Views/VirtualJoystick.swift (in target 'SpotOMGController' from project 'SpotOMGController')
    cd /Users/etnlwind/project/spot_omg/apps/ios/SpotOMGController
    

SwiftCompile normal x86_64 Compiling\ SimulatorVideoView.swift /Users/etnlwind/project/spot_omg/apps/ios/SpotOMGController/SpotOMGController/Views/SimulatorVideoView.swift (in target 'SpotOMGController' from project 'SpotOMGController')

SwiftCompile normal x86_64 /Users/etnlwind/project/spot_omg/apps/ios/SpotOMGController/SpotOMGController/Views/SimulatorVideoView.swift (in target 'SpotOMGController' from project 'SpotOMGController')
    cd /Users/etnlwind/project/spot_omg/apps/ios/SpotOMGController
    

SwiftCompile normal x86_64 Compiling\ ControlView.swift /Users/etnlwind/project/spot_omg/apps/ios/SpotOMGController/SpotOMGController/Views/ControlView.swift (in target 'SpotOMGController' from project 'SpotOMGController')

SwiftCompile normal x86_64 /Users/etnlwind/project/spot_omg/apps/ios/SpotOMGController/SpotOMGController/Views/ControlView.swift (in target 'SpotOMGController' from project 'SpotOMGController')
    cd /Users/etnlwind/project/spot_omg/apps/ios/SpotOMGController
    

SwiftCompile normal x86_64 Compiling\ RobotCommand.swift /Users/etnlwind/project/spot_omg/apps/ios/SpotOMGController/SpotOMGController/Protocol/RobotCommand.swift (in target 'SpotOMGController' from project 'SpotOMGController')

SwiftCompile normal x86_64 /Users/etnlwind/project/spot_omg/apps/ios/SpotOMGController/SpotOMGController/Protocol/RobotCommand.swift (in target 'SpotOMGController' from project 'SpotOMGController')
    cd /Users/etnlwind/project/spot_omg/apps/ios/SpotOMGController
    

SwiftCompile normal x86_64 Compiling\ SpotOMGControllerApp.swift /Users/etnlwind/project/spot_omg/apps/ios/SpotOMGController/SpotOMGController/App/SpotOMGControllerApp.swift (in target 'SpotOMGController' from project 'SpotOMGController')

SwiftCompile normal x86_64 /Users/etnlwind/project/spot_omg/apps/ios/SpotOMGController/SpotOMGController/App/SpotOMGControllerApp.swift (in target 'SpotOMGController' from project 'SpotOMGController')
    cd /Users/etnlwind/project/spot_omg/apps/ios/SpotOMGController
    

SwiftCompile normal x86_64 Compiling\ ConnectionState.swift /Users/etnlwind/project/spot_omg/apps/ios/SpotOMGController/SpotOMGController/Models/ConnectionState.swift (in target 'SpotOMGController' from project 'SpotOMGController')

SwiftCompile normal x86_64 /Users/etnlwind/project/spot_omg/apps/ios/SpotOMGController/SpotOMGController/Models/ConnectionState.swift (in target 'SpotOMGController' from project 'SpotOMGController')
    cd /Users/etnlwind/project/spot_omg/apps/ios/SpotOMGController
    

SwiftCompile normal x86_64 Compiling\ ConsoleView.swift /Users/etnlwind/project/spot_omg/apps/ios/SpotOMGController/SpotOMGController/Views/ConsoleView.swift (in target 'SpotOMGController' from project 'SpotOMGController')

SwiftCompile normal x86_64 /Users/etnlwind/project/spot_omg/apps/ios/SpotOMGController/SpotOMGController/Views/ConsoleView.swift (in target 'SpotOMGController' from project 'SpotOMGController')
    cd /Users/etnlwind/project/spot_omg/apps/ios/SpotOMGController
    

SwiftCompile normal x86_64 Compiling\ RobotBluetoothManager.swift /Users/etnlwind/project/spot_omg/apps/ios/SpotOMGController/SpotOMGController/BLE/RobotBluetoothManager.swift (in target 'SpotOMGController' from project 'SpotOMGController')

SwiftCompile normal x86_64 /Users/etnlwind/project/spot_omg/apps/ios/SpotOMGController/SpotOMGController/BLE/RobotBluetoothManager.swift (in target 'SpotOMGController' from project 'SpotOMGController')
    cd /Users/etnlwind/project/spot_omg/apps/ios/SpotOMGController
    

SwiftCompile normal x86_64 Compiling\ GeneratedAssetSymbols.swift /Users/etnlwind/project/spot_omg/artifacts/s-native-v6-2-5/ios-build/Build/Intermediates.noindex/SpotOMGController.build/Debug-iphonesimulator/SpotOMGController.build/DerivedSources/GeneratedAssetSymbols.swift (in target 'SpotOMGController' from project 'SpotOMGController')

SwiftCompile normal x86_64 /Users/etnlwind/project/spot_omg/artifacts/s-native-v6-2-5/ios-build/Build/Intermediates.noindex/SpotOMGController.build/Debug-iphonesimulator/SpotOMGController.build/DerivedSources/GeneratedAssetSymbols.swift (in target 'SpotOMGController' from project 'SpotOMGController')
    cd /Users/etnlwind/project/spot_omg/apps/ios/SpotOMGController
    

SwiftCompile normal x86_64 Compiling\ ContentView.swift /Users/etnlwind/project/spot_omg/apps/ios/SpotOMGController/SpotOMGController/Views/ContentView.swift (in target 'SpotOMGController' from project 'SpotOMGController')

SwiftCompile normal x86_64 /Users/etnlwind/project/spot_omg/apps/ios/SpotOMGController/SpotOMGController/Views/ContentView.swift (in target 'SpotOMGController' from project 'SpotOMGController')
    cd /Users/etnlwind/project/spot_omg/apps/ios/SpotOMGController
    

SwiftExplicitDependencyGeneratePcm arm64 /Users/etnlwind/project/spot_omg/artifacts/s-native-v6-2-5/ios-build/ModuleCache.noindex/SwiftUI-8NHVUJF6NVUI9T52181X7EQM6.pcm

SwiftDriverJobDiscovery normal x86_64 Emitting module for SpotOMGController (in target 'SpotOMGController' from project 'SpotOMGController')

SwiftDriver\ Compilation\ Requirements SpotOMGController normal x86_64 com.apple.xcode.tools.swift.compiler (in target 'SpotOMGController' from project 'SpotOMGController')
    cd /Users/etnlwind/project/spot_omg/apps/ios/SpotOMGController
    builtin-Swift-Compilation-Requirements -- /Applications/Xcode.app/Contents/Developer/Toolchains/XcodeDefault.xctoolchain/usr/bin/swiftc -module-name SpotOMGController -Onone @/Users/etnlwind/project/spot_omg/artifacts/s-native-v6-2-5/ios-build/Build/Intermediates.noindex/SpotOMGController.build/Debug-iphonesimulator/SpotOMGController.build/Objects-normal/x86_64/SpotOMGController.SwiftFileList -enable-bare-slash-regex -enable-experimental-feature DebugDescriptionMacro -sdk /Applications/Xcode.app/Contents/Developer/Platforms/iPhoneSimulator.platform/Developer/SDKs/iPhoneSimulator26.5.sdk -target x86_64-apple-ios17.0-simulator -g -module-cache-path /Users/etnlwind/project/spot_omg/artifacts/s-native-v6-2-5/ios-build/ModuleCache.noindex -Xfrontend -serialize-debugging-options -profile-coverage-mapping -profile-generate -enable-testing -index-store-path /Users/etnlwind/project/spot_omg/artifacts/s-native-v6-2-5/ios-build/Index.noindex/DataStore -swift-version 5 -I /Users/etnlwind/project/spot_omg/artifacts/s-native-v6-2-5/ios-build/Build/Products/Debug-iphonesimulator -F /Users/etnlwind/project/spot_omg/artifacts/s-native-v6-2-5/ios-build/Build/Products/Debug-iphonesimulator -emit-localized-strings -emit-localized-strings-path /Users/etnlwind/project/spot_omg/artifacts/s-native-v6-2-5/ios-build/Build/Intermediates.noindex/SpotOMGController.build/Debug-iphonesimulator/SpotOMGController.build/Objects-normal/x86_64 -c -j12 -enable-batch-mode -incremental -output-file-map /Users/etnlwind/project/spot_omg/artifacts/s-native-v6-2-5/ios-build/Build/Intermediates.noindex/SpotOMGController.build/Debug-iphonesimulator/SpotOMGController.build/Objects-normal/x86_64/SpotOMGController-OutputFileMap.json -use-frontend-parseable-output -save-temps -no-color-diagnostics -explicit-module-build -module-cache-path /Users/etnlwind/project/spot_omg/artifacts/s-native-v6-2-5/ios-build/Build/Intermediates.noindex/SwiftExplicitPrecompiledModules -clang-scanner-module-cache-path /Users/etnlwind/project/spot_omg/artifacts/s-native-v6-2-5/ios-build/ModuleCache.noindex -sdk-module-cache-path /Users/etnlwind/project/spot_omg/artifacts/s-native-v6-2-5/ios-build/ModuleCache.noindex -serialize-diagnostics -emit-dependencies -emit-module -emit-module-path /Users/etnlwind/project/spot_omg/artifacts/s-native-v6-2-5/ios-build/Build/Intermediates.noindex/SpotOMGController.build/Debug-iphonesimulator/SpotOMGController.build/Objects-normal/x86_64/SpotOMGController.swiftmodule -validate-clang-modules-once -clang-build-session-file /Users/etnlwind/project/spot_omg/artifacts/s-native-v6-2-5/ios-build/ModuleCache.noindex/Session.modulevalidation -Xcc -I/Users/etnlwind/project/spot_omg/artifacts/s-native-v6-2-5/ios-build/Build/Intermediates.noindex/SpotOMGController.build/Debug-iphonesimulator/SpotOMGController.build/swift-overrides.hmap -emit-const-values -Xfrontend -const-gather-protocols-file -Xfrontend /Users/etnlwind/project/spot_omg/artifacts/s-native-v6-2-5/ios-build/Build/Intermediates.noindex/SpotOMGController.build/Debug-iphonesimulator/SpotOMGController.build/Objects-normal/x86_64/SpotOMGController_const_extract_protocols.json -Xcc -iquote -Xcc /Users/etnlwind/project/spot_omg/artifacts/s-native-v6-2-5/ios-build/Build/Intermediates.noindex/SpotOMGController.build/Debug-iphonesimulator/SpotOMGController.build/SpotOMGController-generated-files.hmap -Xcc -I/Users/etnlwind/project/spot_omg/artifacts/s-native-v6-2-5/ios-build/Build/Intermediates.noindex/SpotOMGController.build/Debug-iphonesimulator/SpotOMGController.build/SpotOMGController-own-target-headers.hmap -Xcc -I/Users/etnlwind/project/spot_omg/artifacts/s-native-v6-2-5/ios-build/Build/Intermediates.noindex/SpotOMGController.build/Debug-iphonesimulator/SpotOMGController.build/SpotOMGController-all-target-headers.hmap -Xcc -iquote -Xcc /Users/etnlwind/project/spot_omg/artifacts/s-native-v6-2-5/ios-build/Build/Intermediates.noindex/SpotOMGController.build/Debug-iphonesimulator/SpotOMGController.build/SpotOMGController-project-headers.hmap -Xcc -I/Users/etnlwind/project/spot_omg/artifacts/s-native-v6-2-5/ios-build/Build/Products/Debug-iphonesimulator/include -Xcc -I/Users/etnlwind/project/spot_omg/artifacts/s-native-v6-2-5/ios-build/Build/Intermediates.noindex/SpotOMGController.build/Debug-iphonesimulator/SpotOMGController.build/DerivedSources-normal/x86_64 -Xcc -I/Users/etnlwind/project/spot_omg/artifacts/s-native-v6-2-5/ios-build/Build/Intermediates.noindex/SpotOMGController.build/Debug-iphonesimulator/SpotOMGController.build/DerivedSources/x86_64 -Xcc -I/Users/etnlwind/project/spot_omg/artifacts/s-native-v6-2-5/ios-build/Build/Intermediates.noindex/SpotOMGController.build/Debug-iphonesimulator/SpotOMGController.build/DerivedSources -emit-objc-header -emit-objc-header-path /Users/etnlwind/project/spot_omg/artifacts/s-native-v6-2-5/ios-build/Build/Intermediates.noindex/SpotOMGController.build/Debug-iphonesimulator/SpotOMGController.build/Objects-normal/x86_64/SpotOMGController-Swift.h -working-directory /Users/etnlwind/project/spot_omg/apps/ios/SpotOMGController -experimental-emit-module-separately -disable-cmo

SwiftEmitModule normal arm64 Emitting\ module\ for\ SpotOMGController (in target 'SpotOMGController' from project 'SpotOMGController')

EmitSwiftModule normal arm64 (in target 'SpotOMGController' from project 'SpotOMGController')
    cd /Users/etnlwind/project/spot_omg/apps/ios/SpotOMGController
    

SwiftDriverJobDiscovery normal arm64 Emitting module for SpotOMGController (in target 'SpotOMGController' from project 'SpotOMGController')

Copy /Users/etnlwind/project/spot_omg/artifacts/s-native-v6-2-5/ios-build/Build/Products/Debug-iphonesimulator/SpotOMGController.swiftmodule/x86_64-apple-ios-simulator.swiftmodule /Users/etnlwind/project/spot_omg/artifacts/s-native-v6-2-5/ios-build/Build/Intermediates.noindex/SpotOMGController.build/Debug-iphonesimulator/SpotOMGController.build/Objects-normal/x86_64/SpotOMGController.swiftmodule (in target 'SpotOMGController' from project 'SpotOMGController')
    cd /Users/etnlwind/project/spot_omg/apps/ios/SpotOMGController
    builtin-copy -exclude .DS_Store -exclude CVS -exclude .svn -exclude .git -exclude .hg -strip-unsigned-binaries -strip-deterministic -strip-tool /Applications/Xcode.app/Contents/Developer/Toolchains/XcodeDefault.xctoolchain/usr/bin/strip -resolve-src-symlinks -rename /Users/etnlwind/project/spot_omg/artifacts/s-native-v6-2-5/ios-build/Build/Intermediates.noindex/SpotOMGController.build/Debug-iphonesimulator/SpotOMGController.build/Objects-normal/x86_64/SpotOMGController.swiftmodule /Users/etnlwind/project/spot_omg/artifacts/s-native-v6-2-5/ios-build/Build/Products/Debug-iphonesimulator/SpotOMGController.swiftmodule/x86_64-apple-ios-simulator.swiftmodule

SwiftDriver\ Compilation\ Requirements SpotOMGController normal arm64 com.apple.xcode.tools.swift.compiler (in target 'SpotOMGController' from project 'SpotOMGController')
    cd /Users/etnlwind/project/spot_omg/apps/ios/SpotOMGController
    builtin-Swift-Compilation-Requirements -- /Applications/Xcode.app/Contents/Developer/Toolchains/XcodeDefault.xctoolchain/usr/bin/swiftc -module-name SpotOMGController -Onone @/Users/etnlwind/project/spot_omg/artifacts/s-native-v6-2-5/ios-build/Build/Intermediates.noindex/SpotOMGController.build/Debug-iphonesimulator/SpotOMGController.build/Objects-normal/arm64/SpotOMGController.SwiftFileList -enable-bare-slash-regex -enable-experimental-feature DebugDescriptionMacro -sdk /Applications/Xcode.app/Contents/Developer/Platforms/iPhoneSimulator.platform/Developer/SDKs/iPhoneSimulator26.5.sdk -target arm64-apple-ios17.0-simulator -g -module-cache-path /Users/etnlwind/project/spot_omg/artifacts/s-native-v6-2-5/ios-build/ModuleCache.noindex -Xfrontend -serialize-debugging-options -profile-coverage-mapping -profile-generate -enable-testing -index-store-path /Users/etnlwind/project/spot_omg/artifacts/s-native-v6-2-5/ios-build/Index.noindex/DataStore -swift-version 5 -I /Users/etnlwind/project/spot_omg/artifacts/s-native-v6-2-5/ios-build/Build/Products/Debug-iphonesimulator -F /Users/etnlwind/project/spot_omg/artifacts/s-native-v6-2-5/ios-build/Build/Products/Debug-iphonesimulator -emit-localized-strings -emit-localized-strings-path /Users/etnlwind/project/spot_omg/artifacts/s-native-v6-2-5/ios-build/Build/Intermediates.noindex/SpotOMGController.build/Debug-iphonesimulator/SpotOMGController.build/Objects-normal/arm64 -c -j12 -enable-batch-mode -incremental -output-file-map /Users/etnlwind/project/spot_omg/artifacts/s-native-v6-2-5/ios-build/Build/Intermediates.noindex/SpotOMGController.build/Debug-iphonesimulator/SpotOMGController.build/Objects-normal/arm64/SpotOMGController-OutputFileMap.json -use-frontend-parseable-output -save-temps -no-color-diagnostics -explicit-module-build -module-cache-path /Users/etnlwind/project/spot_omg/artifacts/s-native-v6-2-5/ios-build/Build/Intermediates.noindex/SwiftExplicitPrecompiledModules -clang-scanner-module-cache-path /Users/etnlwind/project/spot_omg/artifacts/s-native-v6-2-5/ios-build/ModuleCache.noindex -sdk-module-cache-path /Users/etnlwind/project/spot_omg/artifacts/s-native-v6-2-5/ios-build/ModuleCache.noindex -serialize-diagnostics -emit-dependencies -emit-module -emit-module-path /Users/etnlwind/project/spot_omg/artifacts/s-native-v6-2-5/ios-build/Build/Intermediates.noindex/SpotOMGController.build/Debug-iphonesimulator/SpotOMGController.build/Objects-normal/arm64/SpotOMGController.swiftmodule -validate-clang-modules-once -clang-build-session-file /Users/etnlwind/project/spot_omg/artifacts/s-native-v6-2-5/ios-build/ModuleCache.noindex/Session.modulevalidation -Xcc -I/Users/etnlwind/project/spot_omg/artifacts/s-native-v6-2-5/ios-build/Build/Intermediates.noindex/SpotOMGController.build/Debug-iphonesimulator/SpotOMGController.build/swift-overrides.hmap -emit-const-values -Xfrontend -const-gather-protocols-file -Xfrontend /Users/etnlwind/project/spot_omg/artifacts/s-native-v6-2-5/ios-build/Build/Intermediates.noindex/SpotOMGController.build/Debug-iphonesimulator/SpotOMGController.build/Objects-normal/arm64/SpotOMGController_const_extract_protocols.json -Xcc -iquote -Xcc /Users/etnlwind/project/spot_omg/artifacts/s-native-v6-2-5/ios-build/Build/Intermediates.noindex/SpotOMGController.build/Debug-iphonesimulator/SpotOMGController.build/SpotOMGController-generated-files.hmap -Xcc -I/Users/etnlwind/project/spot_omg/artifacts/s-native-v6-2-5/ios-build/Build/Intermediates.noindex/SpotOMGController.build/Debug-iphonesimulator/SpotOMGController.build/SpotOMGController-own-target-headers.hmap -Xcc -I/Users/etnlwind/project/spot_omg/artifacts/s-native-v6-2-5/ios-build/Build/Intermediates.noindex/SpotOMGController.build/Debug-iphonesimulator/SpotOMGController.build/SpotOMGController-all-target-headers.hmap -Xcc -iquote -Xcc /Users/etnlwind/project/spot_omg/artifacts/s-native-v6-2-5/ios-build/Build/Intermediates.noindex/SpotOMGController.build/Debug-iphonesimulator/SpotOMGController.build/SpotOMGController-project-headers.hmap -Xcc -I/Users/etnlwind/project/spot_omg/artifacts/s-native-v6-2-5/ios-build/Build/Products/Debug-iphonesimulator/include -Xcc -I/Users/etnlwind/project/spot_omg/artifacts/s-native-v6-2-5/ios-build/Build/Intermediates.noindex/SpotOMGController.build/Debug-iphonesimulator/SpotOMGController.build/DerivedSources-normal/arm64 -Xcc -I/Users/etnlwind/project/spot_omg/artifacts/s-native-v6-2-5/ios-build/Build/Intermediates.noindex/SpotOMGController.build/Debug-iphonesimulator/SpotOMGController.build/DerivedSources/arm64 -Xcc -I/Users/etnlwind/project/spot_omg/artifacts/s-native-v6-2-5/ios-build/Build/Intermediates.noindex/SpotOMGController.build/Debug-iphonesimulator/SpotOMGController.build/DerivedSources -emit-objc-header -emit-objc-header-path /Users/etnlwind/project/spot_omg/artifacts/s-native-v6-2-5/ios-build/Build/Intermediates.noindex/SpotOMGController.build/Debug-iphonesimulator/SpotOMGController.build/Objects-normal/arm64/SpotOMGController-Swift.h -working-directory /Users/etnlwind/project/spot_omg/apps/ios/SpotOMGController -experimental-emit-module-separately -disable-cmo

Copy /Users/etnlwind/project/spot_omg/artifacts/s-native-v6-2-5/ios-build/Build/Products/Debug-iphonesimulator/SpotOMGController.swiftmodule/x86_64-apple-ios-simulator.swiftdoc /Users/etnlwind/project/spot_omg/artifacts/s-native-v6-2-5/ios-build/Build/Intermediates.noindex/SpotOMGController.build/Debug-iphonesimulator/SpotOMGController.build/Objects-normal/x86_64/SpotOMGController.swiftdoc (in target 'SpotOMGController' from project 'SpotOMGController')
    cd /Users/etnlwind/project/spot_omg/apps/ios/SpotOMGController
    builtin-copy -exclude .DS_Store -exclude CVS -exclude .svn -exclude .git -exclude .hg -strip-unsigned-binaries -strip-deterministic -strip-tool /Applications/Xcode.app/Contents/Developer/Toolchains/XcodeDefault.xctoolchain/usr/bin/strip -resolve-src-symlinks -rename /Users/etnlwind/project/spot_omg/artifacts/s-native-v6-2-5/ios-build/Build/Intermediates.noindex/SpotOMGController.build/Debug-iphonesimulator/SpotOMGController.build/Objects-normal/x86_64/SpotOMGController.swiftdoc /Users/etnlwind/project/spot_omg/artifacts/s-native-v6-2-5/ios-build/Build/Products/Debug-iphonesimulator/SpotOMGController.swiftmodule/x86_64-apple-ios-simulator.swiftdoc

Copy /Users/etnlwind/project/spot_omg/artifacts/s-native-v6-2-5/ios-build/Build/Products/Debug-iphonesimulator/SpotOMGController.swiftmodule/x86_64-apple-ios-simulator.abi.json /Users/etnlwind/project/spot_omg/artifacts/s-native-v6-2-5/ios-build/Build/Intermediates.noindex/SpotOMGController.build/Debug-iphonesimulator/SpotOMGController.build/Objects-normal/x86_64/SpotOMGController.abi.json (in target 'SpotOMGController' from project 'SpotOMGController')
    cd /Users/etnlwind/project/spot_omg/apps/ios/SpotOMGController
    builtin-copy -exclude .DS_Store -exclude CVS -exclude .svn -exclude .git -exclude .hg -strip-unsigned-binaries -strip-deterministic -strip-tool /Applications/Xcode.app/Contents/Developer/Toolchains/XcodeDefault.xctoolchain/usr/bin/strip -resolve-src-symlinks -rename /Users/etnlwind/project/spot_omg/artifacts/s-native-v6-2-5/ios-build/Build/Intermediates.noindex/SpotOMGController.build/Debug-iphonesimulator/SpotOMGController.build/Objects-normal/x86_64/SpotOMGController.abi.json /Users/etnlwind/project/spot_omg/artifacts/s-native-v6-2-5/ios-build/Build/Products/Debug-iphonesimulator/SpotOMGController.swiftmodule/x86_64-apple-ios-simulator.abi.json

SwiftMergeGeneratedHeaders /Users/etnlwind/project/spot_omg/artifacts/s-native-v6-2-5/ios-build/Build/Intermediates.noindex/SpotOMGController.build/Debug-iphonesimulator/SpotOMGController.build/DerivedSources/SpotOMGController-Swift.h /Users/etnlwind/project/spot_omg/artifacts/s-native-v6-2-5/ios-build/Build/Intermediates.noindex/SpotOMGController.build/Debug-iphonesimulator/SpotOMGController.build/Objects-normal/arm64/SpotOMGController-Swift.h /Users/etnlwind/project/spot_omg/artifacts/s-native-v6-2-5/ios-build/Build/Intermediates.noindex/SpotOMGController.build/Debug-iphonesimulator/SpotOMGController.build/Objects-normal/x86_64/SpotOMGController-Swift.h (in target 'SpotOMGController' from project 'SpotOMGController')
    cd /Users/etnlwind/project/spot_omg/apps/ios/SpotOMGController
    builtin-swiftHeaderTool -arch arm64 /Users/etnlwind/project/spot_omg/artifacts/s-native-v6-2-5/ios-build/Build/Intermediates.noindex/SpotOMGController.build/Debug-iphonesimulator/SpotOMGController.build/Objects-normal/arm64/SpotOMGController-Swift.h -arch x86_64 /Users/etnlwind/project/spot_omg/artifacts/s-native-v6-2-5/ios-build/Build/Intermediates.noindex/SpotOMGController.build/Debug-iphonesimulator/SpotOMGController.build/Objects-normal/x86_64/SpotOMGController-Swift.h -o /Users/etnlwind/project/spot_omg/artifacts/s-native-v6-2-5/ios-build/Build/Intermediates.noindex/SpotOMGController.build/Debug-iphonesimulator/SpotOMGController.build/DerivedSources/SpotOMGController-Swift.h

Copy /Users/etnlwind/project/spot_omg/artifacts/s-native-v6-2-5/ios-build/Build/Products/Debug-iphonesimulator/SpotOMGController.swiftmodule/arm64-apple-ios-simulator.swiftmodule /Users/etnlwind/project/spot_omg/artifacts/s-native-v6-2-5/ios-build/Build/Intermediates.noindex/SpotOMGController.build/Debug-iphonesimulator/SpotOMGController.build/Objects-normal/arm64/SpotOMGController.swiftmodule (in target 'SpotOMGController' from project 'SpotOMGController')
    cd /Users/etnlwind/project/spot_omg/apps/ios/SpotOMGController
    builtin-copy -exclude .DS_Store -exclude CVS -exclude .svn -exclude .git -exclude .hg -strip-unsigned-binaries -strip-deterministic -strip-tool /Applications/Xcode.app/Contents/Developer/Toolchains/XcodeDefault.xctoolchain/usr/bin/strip -resolve-src-symlinks -rename /Users/etnlwind/project/spot_omg/artifacts/s-native-v6-2-5/ios-build/Build/Intermediates.noindex/SpotOMGController.build/Debug-iphonesimulator/SpotOMGController.build/Objects-normal/arm64/SpotOMGController.swiftmodule /Users/etnlwind/project/spot_omg/artifacts/s-native-v6-2-5/ios-build/Build/Products/Debug-iphonesimulator/SpotOMGController.swiftmodule/arm64-apple-ios-simulator.swiftmodule

Copy /Users/etnlwind/project/spot_omg/artifacts/s-native-v6-2-5/ios-build/Build/Products/Debug-iphonesimulator/SpotOMGController.swiftmodule/arm64-apple-ios-simulator.swiftdoc /Users/etnlwind/project/spot_omg/artifacts/s-native-v6-2-5/ios-build/Build/Intermediates.noindex/SpotOMGController.build/Debug-iphonesimulator/SpotOMGController.build/Objects-normal/arm64/SpotOMGController.swiftdoc (in target 'SpotOMGController' from project 'SpotOMGController')
    cd /Users/etnlwind/project/spot_omg/apps/ios/SpotOMGController
    builtin-copy -exclude .DS_Store -exclude CVS -exclude .svn -exclude .git -exclude .hg -strip-unsigned-binaries -strip-deterministic -strip-tool /Applications/Xcode.app/Contents/Developer/Toolchains/XcodeDefault.xctoolchain/usr/bin/strip -resolve-src-symlinks -rename /Users/etnlwind/project/spot_omg/artifacts/s-native-v6-2-5/ios-build/Build/Intermediates.noindex/SpotOMGController.build/Debug-iphonesimulator/SpotOMGController.build/Objects-normal/arm64/SpotOMGController.swiftdoc /Users/etnlwind/project/spot_omg/artifacts/s-native-v6-2-5/ios-build/Build/Products/Debug-iphonesimulator/SpotOMGController.swiftmodule/arm64-apple-ios-simulator.swiftdoc

Copy /Users/etnlwind/project/spot_omg/artifacts/s-native-v6-2-5/ios-build/Build/Products/Debug-iphonesimulator/SpotOMGController.swiftmodule/arm64-apple-ios-simulator.abi.json /Users/etnlwind/project/spot_omg/artifacts/s-native-v6-2-5/ios-build/Build/Intermediates.noindex/SpotOMGController.build/Debug-iphonesimulator/SpotOMGController.build/Objects-normal/arm64/SpotOMGController.abi.json (in target 'SpotOMGController' from project 'SpotOMGController')
    cd /Users/etnlwind/project/spot_omg/apps/ios/SpotOMGController
    builtin-copy -exclude .DS_Store -exclude CVS -exclude .svn -exclude .git -exclude .hg -strip-unsigned-binaries -strip-deterministic -strip-tool /Applications/Xcode.app/Contents/Developer/Toolchains/XcodeDefault.xctoolchain/usr/bin/strip -resolve-src-symlinks -rename /Users/etnlwind/project/spot_omg/artifacts/s-native-v6-2-5/ios-build/Build/Intermediates.noindex/SpotOMGController.build/Debug-iphonesimulator/SpotOMGController.build/Objects-normal/arm64/SpotOMGController.abi.json /Users/etnlwind/project/spot_omg/artifacts/s-native-v6-2-5/ios-build/Build/Products/Debug-iphonesimulator/SpotOMGController.swiftmodule/arm64-apple-ios-simulator.abi.json

Copy /Users/etnlwind/project/spot_omg/artifacts/s-native-v6-2-5/ios-build/Build/Products/Debug-iphonesimulator/SpotOMGController.swiftmodule/Project/x86_64-apple-ios-simulator.swiftsourceinfo /Users/etnlwind/project/spot_omg/artifacts/s-native-v6-2-5/ios-build/Build/Intermediates.noindex/SpotOMGController.build/Debug-iphonesimulator/SpotOMGController.build/Objects-normal/x86_64/SpotOMGController.swiftsourceinfo (in target 'SpotOMGController' from project 'SpotOMGController')
    cd /Users/etnlwind/project/spot_omg/apps/ios/SpotOMGController
    builtin-copy -exclude .DS_Store -exclude CVS -exclude .svn -exclude .git -exclude .hg -strip-unsigned-binaries -strip-deterministic -strip-tool /Applications/Xcode.app/Contents/Developer/Toolchains/XcodeDefault.xctoolchain/usr/bin/strip -resolve-src-symlinks -rename /Users/etnlwind/project/spot_omg/artifacts/s-native-v6-2-5/ios-build/Build/Intermediates.noindex/SpotOMGController.build/Debug-iphonesimulator/SpotOMGController.build/Objects-normal/x86_64/SpotOMGController.swiftsourceinfo /Users/etnlwind/project/spot_omg/artifacts/s-native-v6-2-5/ios-build/Build/Products/Debug-iphonesimulator/SpotOMGController.swiftmodule/Project/x86_64-apple-ios-simulator.swiftsourceinfo

Copy /Users/etnlwind/project/spot_omg/artifacts/s-native-v6-2-5/ios-build/Build/Products/Debug-iphonesimulator/SpotOMGController.swiftmodule/Project/arm64-apple-ios-simulator.swiftsourceinfo /Users/etnlwind/project/spot_omg/artifacts/s-native-v6-2-5/ios-build/Build/Intermediates.noindex/SpotOMGController.build/Debug-iphonesimulator/SpotOMGController.build/Objects-normal/arm64/SpotOMGController.swiftsourceinfo (in target 'SpotOMGController' from project 'SpotOMGController')
    cd /Users/etnlwind/project/spot_omg/apps/ios/SpotOMGController
    builtin-copy -exclude .DS_Store -exclude CVS -exclude .svn -exclude .git -exclude .hg -strip-unsigned-binaries -strip-deterministic -strip-tool /Applications/Xcode.app/Contents/Developer/Toolchains/XcodeDefault.xctoolchain/usr/bin/strip -resolve-src-symlinks -rename /Users/etnlwind/project/spot_omg/artifacts/s-native-v6-2-5/ios-build/Build/Intermediates.noindex/SpotOMGController.build/Debug-iphonesimulator/SpotOMGController.build/Objects-normal/arm64/SpotOMGController.swiftsourceinfo /Users/etnlwind/project/spot_omg/artifacts/s-native-v6-2-5/ios-build/Build/Products/Debug-iphonesimulator/SpotOMGController.swiftmodule/Project/arm64-apple-ios-simulator.swiftsourceinfo

SwiftCompile normal arm64 Compiling\ ControlView.swift /Users/etnlwind/project/spot_omg/apps/ios/SpotOMGController/SpotOMGController/Views/ControlView.swift (in target 'SpotOMGController' from project 'SpotOMGController')
SwiftCompile normal arm64 /Users/etnlwind/project/spot_omg/apps/ios/SpotOMGController/SpotOMGController/Views/ControlView.swift (in target 'SpotOMGController' from project 'SpotOMGController')
    cd /Users/etnlwind/project/spot_omg/apps/ios/SpotOMGController
    

SwiftCompile normal arm64 Compiling\ ConsoleView.swift /Users/etnlwind/project/spot_omg/apps/ios/SpotOMGController/SpotOMGController/Views/ConsoleView.swift (in target 'SpotOMGController' from project 'SpotOMGController')

SwiftCompile normal arm64 /Users/etnlwind/project/spot_omg/apps/ios/SpotOMGController/SpotOMGController/Views/ConsoleView.swift (in target 'SpotOMGController' from project 'SpotOMGController')
    cd /Users/etnlwind/project/spot_omg/apps/ios/SpotOMGController
    

SwiftDriverJobDiscovery normal x86_64 Compiling GeneratedAssetSymbols.swift (in target 'SpotOMGController' from project 'SpotOMGController')

SwiftCompile normal arm64 Compiling\ SpotOMGControllerApp.swift /Users/etnlwind/project/spot_omg/apps/ios/SpotOMGController/SpotOMGController/App/SpotOMGControllerApp.swift (in target 'SpotOMGController' from project 'SpotOMGController')

SwiftCompile normal arm64 /Users/etnlwind/project/spot_omg/apps/ios/SpotOMGController/SpotOMGController/App/SpotOMGControllerApp.swift (in target 'SpotOMGController' from project 'SpotOMGController')
    cd /Users/etnlwind/project/spot_omg/apps/ios/SpotOMGController
    

SwiftDriverJobDiscovery normal x86_64 Compiling ConnectionState.swift (in target 'SpotOMGController' from project 'SpotOMGController')

SwiftCompile normal arm64 Compiling\ RobotConnectionTrace.swift /Users/etnlwind/project/spot_omg/apps/ios/SpotOMGController/SpotOMGController/BLE/RobotConnectionTrace.swift (in target 'SpotOMGController' from project 'SpotOMGController')

SwiftCompile normal arm64 /Users/etnlwind/project/spot_omg/apps/ios/SpotOMGController/SpotOMGController/BLE/RobotConnectionTrace.swift (in target 'SpotOMGController' from project 'SpotOMGController')
    cd /Users/etnlwind/project/spot_omg/apps/ios/SpotOMGController
    

SwiftDriverJobDiscovery normal x86_64 Compiling RobotCommand.swift (in target 'SpotOMGController' from project 'SpotOMGController')

SwiftCompile normal arm64 Compiling\ RobotCommand.swift /Users/etnlwind/project/spot_omg/apps/ios/SpotOMGController/SpotOMGController/Protocol/RobotCommand.swift (in target 'SpotOMGController' from project 'SpotOMGController')

SwiftCompile normal arm64 /Users/etnlwind/project/spot_omg/apps/ios/SpotOMGController/SpotOMGController/Protocol/RobotCommand.swift (in target 'SpotOMGController' from project 'SpotOMGController')
    cd /Users/etnlwind/project/spot_omg/apps/ios/SpotOMGController
    

SwiftDriverJobDiscovery normal x86_64 Compiling RobotBluetoothManager.swift (in target 'SpotOMGController' from project 'SpotOMGController')

SwiftDriverJobDiscovery normal x86_64 Compiling ContentView.swift (in target 'SpotOMGController' from project 'SpotOMGController')

SwiftCompile normal arm64 Compiling\ VirtualJoystick.swift /Users/etnlwind/project/spot_omg/apps/ios/SpotOMGController/SpotOMGController/Views/VirtualJoystick.swift (in target 'SpotOMGController' from project 'SpotOMGController')

SwiftCompile normal arm64 /Users/etnlwind/project/spot_omg/apps/ios/SpotOMGController/SpotOMGController/Views/VirtualJoystick.swift (in target 'SpotOMGController' from project 'SpotOMGController')
    cd /Users/etnlwind/project/spot_omg/apps/ios/SpotOMGController
    

SwiftCompile normal arm64 Compiling\ ContentView.swift /Users/etnlwind/project/spot_omg/apps/ios/SpotOMGController/SpotOMGController/Views/ContentView.swift (in target 'SpotOMGController' from project 'SpotOMGController')

SwiftCompile normal arm64 /Users/etnlwind/project/spot_omg/apps/ios/SpotOMGController/SpotOMGController/Views/ContentView.swift (in target 'SpotOMGController' from project 'SpotOMGController')
    cd /Users/etnlwind/project/spot_omg/apps/ios/SpotOMGController
    

SwiftDriverJobDiscovery normal x86_64 Compiling VirtualJoystick.swift (in target 'SpotOMGController' from project 'SpotOMGController')

SwiftCompile normal arm64 Compiling\ ConnectionState.swift /Users/etnlwind/project/spot_omg/apps/ios/SpotOMGController/SpotOMGController/Models/ConnectionState.swift (in target 'SpotOMGController' from project 'SpotOMGController')

SwiftCompile normal arm64 /Users/etnlwind/project/spot_omg/apps/ios/SpotOMGController/SpotOMGController/Models/ConnectionState.swift (in target 'SpotOMGController' from project 'SpotOMGController')
    cd /Users/etnlwind/project/spot_omg/apps/ios/SpotOMGController
    

SwiftDriverJobDiscovery normal x86_64 Compiling ConsoleView.swift (in target 'SpotOMGController' from project 'SpotOMGController')

SwiftCompile normal arm64 Compiling\ SimulatorVideoView.swift /Users/etnlwind/project/spot_omg/apps/ios/SpotOMGController/SpotOMGController/Views/SimulatorVideoView.swift (in target 'SpotOMGController' from project 'SpotOMGController')

SwiftCompile normal arm64 /Users/etnlwind/project/spot_omg/apps/ios/SpotOMGController/SpotOMGController/Views/SimulatorVideoView.swift (in target 'SpotOMGController' from project 'SpotOMGController')
    cd /Users/etnlwind/project/spot_omg/apps/ios/SpotOMGController
    

SwiftDriverJobDiscovery normal x86_64 Compiling SpotOMGControllerApp.swift (in target 'SpotOMGController' from project 'SpotOMGController')

SwiftCompile normal arm64 Compiling\ GeneratedAssetSymbols.swift /Users/etnlwind/project/spot_omg/artifacts/s-native-v6-2-5/ios-build/Build/Intermediates.noindex/SpotOMGController.build/Debug-iphonesimulator/SpotOMGController.build/DerivedSources/GeneratedAssetSymbols.swift (in target 'SpotOMGController' from project 'SpotOMGController')

SwiftCompile normal arm64 /Users/etnlwind/project/spot_omg/artifacts/s-native-v6-2-5/ios-build/Build/Intermediates.noindex/SpotOMGController.build/Debug-iphonesimulator/SpotOMGController.build/DerivedSources/GeneratedAssetSymbols.swift (in target 'SpotOMGController' from project 'SpotOMGController')
    cd /Users/etnlwind/project/spot_omg/apps/ios/SpotOMGController
    

SwiftDriverJobDiscovery normal arm64 Compiling RobotConnectionTrace.swift (in target 'SpotOMGController' from project 'SpotOMGController')

SwiftCompile normal x86_64 Compiling\ RobotConnectionTrace.swift /Users/etnlwind/project/spot_omg/apps/ios/SpotOMGController/SpotOMGController/BLE/RobotConnectionTrace.swift (in target 'SpotOMGController' from project 'SpotOMGController')

SwiftCompile normal x86_64 /Users/etnlwind/project/spot_omg/apps/ios/SpotOMGController/SpotOMGController/BLE/RobotConnectionTrace.swift (in target 'SpotOMGController' from project 'SpotOMGController')
    cd /Users/etnlwind/project/spot_omg/apps/ios/SpotOMGController
    

SwiftDriverJobDiscovery normal arm64 Compiling RobotCommand.swift (in target 'SpotOMGController' from project 'SpotOMGController')

SwiftCompile normal arm64 Compiling\ RobotBluetoothManager.swift /Users/etnlwind/project/spot_omg/apps/ios/SpotOMGController/SpotOMGController/BLE/RobotBluetoothManager.swift (in target 'SpotOMGController' from project 'SpotOMGController')
SwiftCompile normal arm64 /Users/etnlwind/project/spot_omg/apps/ios/SpotOMGController/SpotOMGController/BLE/RobotBluetoothManager.swift (in target 'SpotOMGController' from project 'SpotOMGController')
    cd /Users/etnlwind/project/spot_omg/apps/ios/SpotOMGController
    

SwiftDriverJobDiscovery normal x86_64 Compiling SimulatorVideoView.swift (in target 'SpotOMGController' from project 'SpotOMGController')

SwiftDriverJobDiscovery normal arm64 Compiling GeneratedAssetSymbols.swift (in target 'SpotOMGController' from project 'SpotOMGController')

SwiftDriverJobDiscovery normal x86_64 Compiling ControlView.swift (in target 'SpotOMGController' from project 'SpotOMGController')

SwiftDriverJobDiscovery normal x86_64 Compiling RobotConnectionTrace.swift (in target 'SpotOMGController' from project 'SpotOMGController')

SwiftDriver\ Compilation SpotOMGController normal x86_64 com.apple.xcode.tools.swift.compiler (in target 'SpotOMGController' from project 'SpotOMGController')
    cd /Users/etnlwind/project/spot_omg/apps/ios/SpotOMGController
    builtin-Swift-Compilation -- /Applications/Xcode.app/Contents/Developer/Toolchains/XcodeDefault.xctoolchain/usr/bin/swiftc -module-name SpotOMGController -Onone @/Users/etnlwind/project/spot_omg/artifacts/s-native-v6-2-5/ios-build/Build/Intermediates.noindex/SpotOMGController.build/Debug-iphonesimulator/SpotOMGController.build/Objects-normal/x86_64/SpotOMGController.SwiftFileList -enable-bare-slash-regex -enable-experimental-feature DebugDescriptionMacro -sdk /Applications/Xcode.app/Contents/Developer/Platforms/iPhoneSimulator.platform/Developer/SDKs/iPhoneSimulator26.5.sdk -target x86_64-apple-ios17.0-simulator -g -module-cache-path /Users/etnlwind/project/spot_omg/artifacts/s-native-v6-2-5/ios-build/ModuleCache.noindex -Xfrontend -serialize-debugging-options -profile-coverage-mapping -profile-generate -enable-testing -index-store-path /Users/etnlwind/project/spot_omg/artifacts/s-native-v6-2-5/ios-build/Index.noindex/DataStore -swift-version 5 -I /Users/etnlwind/project/spot_omg/artifacts/s-native-v6-2-5/ios-build/Build/Products/Debug-iphonesimulator -F /Users/etnlwind/project/spot_omg/artifacts/s-native-v6-2-5/ios-build/Build/Products/Debug-iphonesimulator -emit-localized-strings -emit-localized-strings-path /Users/etnlwind/project/spot_omg/artifacts/s-native-v6-2-5/ios-build/Build/Intermediates.noindex/SpotOMGController.build/Debug-iphonesimulator/SpotOMGController.build/Objects-normal/x86_64 -c -j12 -enable-batch-mode -incremental -output-file-map /Users/etnlwind/project/spot_omg/artifacts/s-native-v6-2-5/ios-build/Build/Intermediates.noindex/SpotOMGController.build/Debug-iphonesimulator/SpotOMGController.build/Objects-normal/x86_64/SpotOMGController-OutputFileMap.json -use-frontend-parseable-output -save-temps -no-color-diagnostics -explicit-module-build -module-cache-path /Users/etnlwind/project/spot_omg/artifacts/s-native-v6-2-5/ios-build/Build/Intermediates.noindex/SwiftExplicitPrecompiledModules -clang-scanner-module-cache-path /Users/etnlwind/project/spot_omg/artifacts/s-native-v6-2-5/ios-build/ModuleCache.noindex -sdk-module-cache-path /Users/etnlwind/project/spot_omg/artifacts/s-native-v6-2-5/ios-build/ModuleCache.noindex -serialize-diagnostics -emit-dependencies -emit-module -emit-module-path /Users/etnlwind/project/spot_omg/artifacts/s-native-v6-2-5/ios-build/Build/Intermediates.noindex/SpotOMGController.build/Debug-iphonesimulator/SpotOMGController.build/Objects-normal/x86_64/SpotOMGController.swiftmodule -validate-clang-modules-once -clang-build-session-file /Users/etnlwind/project/spot_omg/artifacts/s-native-v6-2-5/ios-build/ModuleCache.noindex/Session.modulevalidation -Xcc -I/Users/etnlwind/project/spot_omg/artifacts/s-native-v6-2-5/ios-build/Build/Intermediates.noindex/SpotOMGController.build/Debug-iphonesimulator/SpotOMGController.build/swift-overrides.hmap -emit-const-values -Xfrontend -const-gather-protocols-file -Xfrontend /Users/etnlwind/project/spot_omg/artifacts/s-native-v6-2-5/ios-build/Build/Intermediates.noindex/SpotOMGController.build/Debug-iphonesimulator/SpotOMGController.build/Objects-normal/x86_64/SpotOMGController_const_extract_protocols.json -Xcc -iquote -Xcc /Users/etnlwind/project/spot_omg/artifacts/s-native-v6-2-5/ios-build/Build/Intermediates.noindex/SpotOMGController.build/Debug-iphonesimulator/SpotOMGController.build/SpotOMGController-generated-files.hmap -Xcc -I/Users/etnlwind/project/spot_omg/artifacts/s-native-v6-2-5/ios-build/Build/Intermediates.noindex/SpotOMGController.build/Debug-iphonesimulator/SpotOMGController.build/SpotOMGController-own-target-headers.hmap -Xcc -I/Users/etnlwind/project/spot_omg/artifacts/s-native-v6-2-5/ios-build/Build/Intermediates.noindex/SpotOMGController.build/Debug-iphonesimulator/SpotOMGController.build/SpotOMGController-all-target-headers.hmap -Xcc -iquote -Xcc /Users/etnlwind/project/spot_omg/artifacts/s-native-v6-2-5/ios-build/Build/Intermediates.noindex/SpotOMGController.build/Debug-iphonesimulator/SpotOMGController.build/SpotOMGController-project-headers.hmap -Xcc -I/Users/etnlwind/project/spot_omg/artifacts/s-native-v6-2-5/ios-build/Build/Products/Debug-iphonesimulator/include -Xcc -I/Users/etnlwind/project/spot_omg/artifacts/s-native-v6-2-5/ios-build/Build/Intermediates.noindex/SpotOMGController.build/Debug-iphonesimulator/SpotOMGController.build/DerivedSources-normal/x86_64 -Xcc -I/Users/etnlwind/project/spot_omg/artifacts/s-native-v6-2-5/ios-build/Build/Intermediates.noindex/SpotOMGController.build/Debug-iphonesimulator/SpotOMGController.build/DerivedSources/x86_64 -Xcc -I/Users/etnlwind/project/spot_omg/artifacts/s-native-v6-2-5/ios-build/Build/Intermediates.noindex/SpotOMGController.build/Debug-iphonesimulator/SpotOMGController.build/DerivedSources -emit-objc-header -emit-objc-header-path /Users/etnlwind/project/spot_omg/artifacts/s-native-v6-2-5/ios-build/Build/Intermediates.noindex/SpotOMGController.build/Debug-iphonesimulator/SpotOMGController.build/Objects-normal/x86_64/SpotOMGController-Swift.h -working-directory /Users/etnlwind/project/spot_omg/apps/ios/SpotOMGController -experimental-emit-module-separately -disable-cmo

Ld /Users/etnlwind/project/spot_omg/artifacts/s-native-v6-2-5/ios-build/Build/Intermediates.noindex/SpotOMGController.build/Debug-iphonesimulator/SpotOMGController.build/Objects-normal/x86_64/Binary/SpotOMGController.debug.dylib normal x86_64 (in target 'SpotOMGController' from project 'SpotOMGController')
    cd /Users/etnlwind/project/spot_omg/apps/ios/SpotOMGController
    /Applications/Xcode.app/Contents/Developer/Toolchains/XcodeDefault.xctoolchain/usr/bin/clang -Xlinker -reproducible -target x86_64-apple-ios17.0-simulator -dynamiclib -isysroot /Applications/Xcode.app/Contents/Developer/Platforms/iPhoneSimulator.platform/Developer/SDKs/iPhoneSimulator26.5.sdk -Os -L/Users/etnlwind/project/spot_omg/artifacts/s-native-v6-2-5/ios-build/Build/Intermediates.noindex/EagerLinkingTBDs/Debug-iphonesimulator -L/Users/etnlwind/project/spot_omg/artifacts/s-native-v6-2-5/ios-build/Build/Products/Debug-iphonesimulator -F/Users/etnlwind/project/spot_omg/artifacts/s-native-v6-2-5/ios-build/Build/Intermediates.noindex/EagerLinkingTBDs/Debug-iphonesimulator -F/Users/etnlwind/project/spot_omg/artifacts/s-native-v6-2-5/ios-build/Build/Products/Debug-iphonesimulator -filelist /Users/etnlwind/project/spot_omg/artifacts/s-native-v6-2-5/ios-build/Build/Intermediates.noindex/SpotOMGController.build/Debug-iphonesimulator/SpotOMGController.build/Objects-normal/x86_64/SpotOMGController.LinkFileList -install_name @rpath/SpotOMGController.debug.dylib -Xlinker -rpath -Xlinker /usr/lib/swift -Xlinker -dead_strip -Xlinker -object_path_lto -Xlinker /Users/etnlwind/project/spot_omg/artifacts/s-native-v6-2-5/ios-build/Build/Intermediates.noindex/SpotOMGController.build/Debug-iphonesimulator/SpotOMGController.build/Objects-normal/x86_64/SpotOMGController_lto.o -rdynamic -Xlinker -objc_abi_version -Xlinker 2 -Xlinker -debug_variant -Xlinker -dependency_info -Xlinker /Users/etnlwind/project/spot_omg/artifacts/s-native-v6-2-5/ios-build/Build/Intermediates.noindex/SpotOMGController.build/Debug-iphonesimulator/SpotOMGController.build/Objects-normal/x86_64/SpotOMGController_dependency_info.dat -fobjc-link-runtime -fprofile-instr-generate -L/Applications/Xcode.app/Contents/Developer/Toolchains/XcodeDefault.xctoolchain/usr/lib/swift/iphonesimulator -L/usr/lib/swift -Xlinker -add_ast_path -Xlinker /Users/etnlwind/project/spot_omg/artifacts/s-native-v6-2-5/ios-build/Build/Intermediates.noindex/SpotOMGController.build/Debug-iphonesimulator/SpotOMGController.build/Objects-normal/x86_64/SpotOMGController.swiftmodule @/Users/etnlwind/project/spot_omg/artifacts/s-native-v6-2-5/ios-build/Build/Intermediates.noindex/SpotOMGController.build/Debug-iphonesimulator/SpotOMGController.build/Objects-normal/x86_64/SpotOMGController-linker-args.resp -Xlinker -alias -Xlinker _main -Xlinker ___debug_main_executable_dylib_entry_point -o /Users/etnlwind/project/spot_omg/artifacts/s-native-v6-2-5/ios-build/Build/Intermediates.noindex/SpotOMGController.build/Debug-iphonesimulator/SpotOMGController.build/Objects-normal/x86_64/Binary/SpotOMGController.debug.dylib

SwiftDriverJobDiscovery normal arm64 Compiling ConnectionState.swift (in target 'SpotOMGController' from project 'SpotOMGController')

ConstructStubExecutorLinkFileList /Users/etnlwind/project/spot_omg/artifacts/s-native-v6-2-5/ios-build/Build/Intermediates.noindex/SpotOMGController.build/Debug-iphonesimulator/SpotOMGController.build/SpotOMGController-ExecutorLinkFileList-normal-x86_64.txt (in target 'SpotOMGController' from project 'SpotOMGController')
    cd /Users/etnlwind/project/spot_omg/apps/ios/SpotOMGController
    construct-stub-executor-link-file-list /Users/etnlwind/project/spot_omg/artifacts/s-native-v6-2-5/ios-build/Build/Intermediates.noindex/SpotOMGController.build/Debug-iphonesimulator/SpotOMGController.build/Objects-normal/x86_64/Binary/SpotOMGController.debug.dylib /Applications/Xcode.app/Contents/Developer/Platforms/iPhoneSimulator.platform/Developer/usr/lib/libPreviewsJITStubExecutor_no_swift_entry_point.a /Applications/Xcode.app/Contents/Developer/Platforms/iPhoneSimulator.platform/Developer/usr/lib/libPreviewsJITStubExecutor.a --output /Users/etnlwind/project/spot_omg/artifacts/s-native-v6-2-5/ios-build/Build/Intermediates.noindex/SpotOMGController.build/Debug-iphonesimulator/SpotOMGController.build/SpotOMGController-ExecutorLinkFileList-normal-x86_64.txt
note: Using stub executor library with Swift entry point. (in target 'SpotOMGController' from project 'SpotOMGController')

Ld /Users/etnlwind/project/spot_omg/artifacts/s-native-v6-2-5/ios-build/Build/Intermediates.noindex/SpotOMGController.build/Debug-iphonesimulator/SpotOMGController.build/Objects-normal/x86_64/Binary/SpotOMGController normal x86_64 (in target 'SpotOMGController' from project 'SpotOMGController')
    cd /Users/etnlwind/project/spot_omg/apps/ios/SpotOMGController
    /Applications/Xcode.app/Contents/Developer/Toolchains/XcodeDefault.xctoolchain/usr/bin/clang -Xlinker -reproducible -target x86_64-apple-ios17.0-simulator -isysroot /Applications/Xcode.app/Contents/Developer/Platforms/iPhoneSimulator.platform/Developer/SDKs/iPhoneSimulator26.5.sdk -Os -L/Users/etnlwind/project/spot_omg/artifacts/s-native-v6-2-5/ios-build/Build/Products/Debug-iphonesimulator -F/Users/etnlwind/project/spot_omg/artifacts/s-native-v6-2-5/ios-build/Build/Products/Debug-iphonesimulator -Xlinker -rpath -Xlinker @executable_path -rdynamic -Xlinker -objc_abi_version -Xlinker 2 -Xlinker -debug_variant -e ___debug_blank_executor_main -Xlinker -sectcreate -Xlinker __TEXT -Xlinker __debug_dylib -Xlinker /Users/etnlwind/project/spot_omg/artifacts/s-native-v6-2-5/ios-build/Build/Intermediates.noindex/SpotOMGController.build/Debug-iphonesimulator/SpotOMGController.build/SpotOMGController-DebugDylibPath-normal-x86_64.txt -Xlinker -sectcreate -Xlinker __TEXT -Xlinker __debug_instlnm -Xlinker /Users/etnlwind/project/spot_omg/artifacts/s-native-v6-2-5/ios-build/Build/Intermediates.noindex/SpotOMGController.build/Debug-iphonesimulator/SpotOMGController.build/SpotOMGController-DebugDylibInstallName-normal-x86_64.txt -Xlinker -filelist -Xlinker /Users/etnlwind/project/spot_omg/artifacts/s-native-v6-2-5/ios-build/Build/Intermediates.noindex/SpotOMGController.build/Debug-iphonesimulator/SpotOMGController.build/SpotOMGController-ExecutorLinkFileList-normal-x86_64.txt /Users/etnlwind/project/spot_omg/artifacts/s-native-v6-2-5/ios-build/Build/Intermediates.noindex/SpotOMGController.build/Debug-iphonesimulator/SpotOMGController.build/Objects-normal/x86_64/Binary/SpotOMGController.debug.dylib -o /Users/etnlwind/project/spot_omg/artifacts/s-native-v6-2-5/ios-build/Build/Intermediates.noindex/SpotOMGController.build/Debug-iphonesimulator/SpotOMGController.build/Objects-normal/x86_64/Binary/SpotOMGController

SwiftDriverJobDiscovery normal arm64 Compiling SpotOMGControllerApp.swift (in target 'SpotOMGController' from project 'SpotOMGController')

SwiftDriverJobDiscovery normal arm64 Compiling VirtualJoystick.swift (in target 'SpotOMGController' from project 'SpotOMGController')

SwiftDriverJobDiscovery normal arm64 Compiling ConsoleView.swift (in target 'SpotOMGController' from project 'SpotOMGController')

SwiftDriverJobDiscovery normal arm64 Compiling ContentView.swift (in target 'SpotOMGController' from project 'SpotOMGController')

SwiftDriverJobDiscovery normal arm64 Compiling SimulatorVideoView.swift (in target 'SpotOMGController' from project 'SpotOMGController')

LinkAssetCatalog /Users/etnlwind/project/spot_omg/apps/ios/SpotOMGController/SpotOMGController/Resources/Assets.xcassets (in target 'SpotOMGController' from project 'SpotOMGController')
    cd /Users/etnlwind/project/spot_omg/apps/ios/SpotOMGController
    builtin-linkAssetCatalog --thinned /Users/etnlwind/project/spot_omg/artifacts/s-native-v6-2-5/ios-build/Build/Intermediates.noindex/SpotOMGController.build/Debug-iphonesimulator/SpotOMGController.build/assetcatalog_output/thinned --thinned-dependencies /Users/etnlwind/project/spot_omg/artifacts/s-native-v6-2-5/ios-build/Build/Intermediates.noindex/SpotOMGController.build/Debug-iphonesimulator/SpotOMGController.build/assetcatalog_dependencies_thinned --thinned-info-plist-content /Users/etnlwind/project/spot_omg/artifacts/s-native-v6-2-5/ios-build/Build/Intermediates.noindex/SpotOMGController.build/Debug-iphonesimulator/SpotOMGController.build/assetcatalog_generated_info.plist_thinned --unthinned /Users/etnlwind/project/spot_omg/artifacts/s-native-v6-2-5/ios-build/Build/Intermediates.noindex/SpotOMGController.build/Debug-iphonesimulator/SpotOMGController.build/assetcatalog_output/unthinned --unthinned-dependencies /Users/etnlwind/project/spot_omg/artifacts/s-native-v6-2-5/ios-build/Build/Intermediates.noindex/SpotOMGController.build/Debug-iphonesimulator/SpotOMGController.build/assetcatalog_dependencies_unthinned --unthinned-info-plist-content /Users/etnlwind/project/spot_omg/artifacts/s-native-v6-2-5/ios-build/Build/Intermediates.noindex/SpotOMGController.build/Debug-iphonesimulator/SpotOMGController.build/assetcatalog_generated_info.plist_unthinned --output /Users/etnlwind/project/spot_omg/artifacts/s-native-v6-2-5/ios-build/Build/Products/Debug-iphonesimulator/SpotOMGController.app --plist-output /Users/etnlwind/project/spot_omg/artifacts/s-native-v6-2-5/ios-build/Build/Intermediates.noindex/SpotOMGController.build/Debug-iphonesimulator/SpotOMGController.build/assetcatalog_generated_info.plist
note: Emplaced /Users/etnlwind/project/spot_omg/artifacts/s-native-v6-2-5/ios-build/Build/Products/Debug-iphonesimulator/SpotOMGController.app/AppIcon60x60@2x.png (in target 'SpotOMGController' from project 'SpotOMGController')
note: Emplaced /Users/etnlwind/project/spot_omg/artifacts/s-native-v6-2-5/ios-build/Build/Products/Debug-iphonesimulator/SpotOMGController.app/Assets.car (in target 'SpotOMGController' from project 'SpotOMGController')
note: Emplaced /Users/etnlwind/project/spot_omg/artifacts/s-native-v6-2-5/ios-build/Build/Products/Debug-iphonesimulator/SpotOMGController.app/AppIcon76x76@2x~ipad.png (in target 'SpotOMGController' from project 'SpotOMGController')

ProcessInfoPlistFile /Users/etnlwind/project/spot_omg/artifacts/s-native-v6-2-5/ios-build/Build/Products/Debug-iphonesimulator/SpotOMGController.app/Info.plist /Users/etnlwind/project/spot_omg/apps/ios/SpotOMGController/SpotOMGController/Resources/Info.plist (in target 'SpotOMGController' from project 'SpotOMGController')
    cd /Users/etnlwind/project/spot_omg/apps/ios/SpotOMGController
    builtin-infoPlistUtility /Users/etnlwind/project/spot_omg/apps/ios/SpotOMGController/SpotOMGController/Resources/Info.plist -producttype com.apple.product-type.application -genpkginfo /Users/etnlwind/project/spot_omg/artifacts/s-native-v6-2-5/ios-build/Build/Products/Debug-iphonesimulator/SpotOMGController.app/PkgInfo -expandbuildsettings -format binary -platform iphonesimulator -additionalcontentfile /Users/etnlwind/project/spot_omg/artifacts/s-native-v6-2-5/ios-build/Build/Intermediates.noindex/SpotOMGController.build/Debug-iphonesimulator/SpotOMGController.build/assetcatalog_generated_info.plist -o /Users/etnlwind/project/spot_omg/artifacts/s-native-v6-2-5/ios-build/Build/Products/Debug-iphonesimulator/SpotOMGController.app/Info.plist

SwiftDriverJobDiscovery normal arm64 Compiling ControlView.swift (in target 'SpotOMGController' from project 'SpotOMGController')

SwiftDriverJobDiscovery normal arm64 Compiling RobotBluetoothManager.swift (in target 'SpotOMGController' from project 'SpotOMGController')

SwiftDriver\ Compilation SpotOMGController normal arm64 com.apple.xcode.tools.swift.compiler (in target 'SpotOMGController' from project 'SpotOMGController')
    cd /Users/etnlwind/project/spot_omg/apps/ios/SpotOMGController
    builtin-Swift-Compilation -- /Applications/Xcode.app/Contents/Developer/Toolchains/XcodeDefault.xctoolchain/usr/bin/swiftc -module-name SpotOMGController -Onone @/Users/etnlwind/project/spot_omg/artifacts/s-native-v6-2-5/ios-build/Build/Intermediates.noindex/SpotOMGController.build/Debug-iphonesimulator/SpotOMGController.build/Objects-normal/arm64/SpotOMGController.SwiftFileList -enable-bare-slash-regex -enable-experimental-feature DebugDescriptionMacro -sdk /Applications/Xcode.app/Contents/Developer/Platforms/iPhoneSimulator.platform/Developer/SDKs/iPhoneSimulator26.5.sdk -target arm64-apple-ios17.0-simulator -g -module-cache-path /Users/etnlwind/project/spot_omg/artifacts/s-native-v6-2-5/ios-build/ModuleCache.noindex -Xfrontend -serialize-debugging-options -profile-coverage-mapping -profile-generate -enable-testing -index-store-path /Users/etnlwind/project/spot_omg/artifacts/s-native-v6-2-5/ios-build/Index.noindex/DataStore -swift-version 5 -I /Users/etnlwind/project/spot_omg/artifacts/s-native-v6-2-5/ios-build/Build/Products/Debug-iphonesimulator -F /Users/etnlwind/project/spot_omg/artifacts/s-native-v6-2-5/ios-build/Build/Products/Debug-iphonesimulator -emit-localized-strings -emit-localized-strings-path /Users/etnlwind/project/spot_omg/artifacts/s-native-v6-2-5/ios-build/Build/Intermediates.noindex/SpotOMGController.build/Debug-iphonesimulator/SpotOMGController.build/Objects-normal/arm64 -c -j12 -enable-batch-mode -incremental -output-file-map /Users/etnlwind/project/spot_omg/artifacts/s-native-v6-2-5/ios-build/Build/Intermediates.noindex/SpotOMGController.build/Debug-iphonesimulator/SpotOMGController.build/Objects-normal/arm64/SpotOMGController-OutputFileMap.json -use-frontend-parseable-output -save-temps -no-color-diagnostics -explicit-module-build -module-cache-path /Users/etnlwind/project/spot_omg/artifacts/s-native-v6-2-5/ios-build/Build/Intermediates.noindex/SwiftExplicitPrecompiledModules -clang-scanner-module-cache-path /Users/etnlwind/project/spot_omg/artifacts/s-native-v6-2-5/ios-build/ModuleCache.noindex -sdk-module-cache-path /Users/etnlwind/project/spot_omg/artifacts/s-native-v6-2-5/ios-build/ModuleCache.noindex -serialize-diagnostics -emit-dependencies -emit-module -emit-module-path /Users/etnlwind/project/spot_omg/artifacts/s-native-v6-2-5/ios-build/Build/Intermediates.noindex/SpotOMGController.build/Debug-iphonesimulator/SpotOMGController.build/Objects-normal/arm64/SpotOMGController.swiftmodule -validate-clang-modules-once -clang-build-session-file /Users/etnlwind/project/spot_omg/artifacts/s-native-v6-2-5/ios-build/ModuleCache.noindex/Session.modulevalidation -Xcc -I/Users/etnlwind/project/spot_omg/artifacts/s-native-v6-2-5/ios-build/Build/Intermediates.noindex/SpotOMGController.build/Debug-iphonesimulator/SpotOMGController.build/swift-overrides.hmap -emit-const-values -Xfrontend -const-gather-protocols-file -Xfrontend /Users/etnlwind/project/spot_omg/artifacts/s-native-v6-2-5/ios-build/Build/Intermediates.noindex/SpotOMGController.build/Debug-iphonesimulator/SpotOMGController.build/Objects-normal/arm64/SpotOMGController_const_extract_protocols.json -Xcc -iquote -Xcc /Users/etnlwind/project/spot_omg/artifacts/s-native-v6-2-5/ios-build/Build/Intermediates.noindex/SpotOMGController.build/Debug-iphonesimulator/SpotOMGController.build/SpotOMGController-generated-files.hmap -Xcc -I/Users/etnlwind/project/spot_omg/artifacts/s-native-v6-2-5/ios-build/Build/Intermediates.noindex/SpotOMGController.build/Debug-iphonesimulator/SpotOMGController.build/SpotOMGController-own-target-headers.hmap -Xcc -I/Users/etnlwind/project/spot_omg/artifacts/s-native-v6-2-5/ios-build/Build/Intermediates.noindex/SpotOMGController.build/Debug-iphonesimulator/SpotOMGController.build/SpotOMGController-all-target-headers.hmap -Xcc -iquote -Xcc /Users/etnlwind/project/spot_omg/artifacts/s-native-v6-2-5/ios-build/Build/Intermediates.noindex/SpotOMGController.build/Debug-iphonesimulator/SpotOMGController.build/SpotOMGController-project-headers.hmap -Xcc -I/Users/etnlwind/project/spot_omg/artifacts/s-native-v6-2-5/ios-build/Build/Products/Debug-iphonesimulator/include -Xcc -I/Users/etnlwind/project/spot_omg/artifacts/s-native-v6-2-5/ios-build/Build/Intermediates.noindex/SpotOMGController.build/Debug-iphonesimulator/SpotOMGController.build/DerivedSources-normal/arm64 -Xcc -I/Users/etnlwind/project/spot_omg/artifacts/s-native-v6-2-5/ios-build/Build/Intermediates.noindex/SpotOMGController.build/Debug-iphonesimulator/SpotOMGController.build/DerivedSources/arm64 -Xcc -I/Users/etnlwind/project/spot_omg/artifacts/s-native-v6-2-5/ios-build/Build/Intermediates.noindex/SpotOMGController.build/Debug-iphonesimulator/SpotOMGController.build/DerivedSources -emit-objc-header -emit-objc-header-path /Users/etnlwind/project/spot_omg/artifacts/s-native-v6-2-5/ios-build/Build/Intermediates.noindex/SpotOMGController.build/Debug-iphonesimulator/SpotOMGController.build/Objects-normal/arm64/SpotOMGController-Swift.h -working-directory /Users/etnlwind/project/spot_omg/apps/ios/SpotOMGController -experimental-emit-module-separately -disable-cmo

Ld /Users/etnlwind/project/spot_omg/artifacts/s-native-v6-2-5/ios-build/Build/Intermediates.noindex/SpotOMGController.build/Debug-iphonesimulator/SpotOMGController.build/Objects-normal/arm64/Binary/SpotOMGController.debug.dylib normal arm64 (in target 'SpotOMGController' from project 'SpotOMGController')
    cd /Users/etnlwind/project/spot_omg/apps/ios/SpotOMGController
    /Applications/Xcode.app/Contents/Developer/Toolchains/XcodeDefault.xctoolchain/usr/bin/clang -Xlinker -reproducible -target arm64-apple-ios17.0-simulator -dynamiclib -isysroot /Applications/Xcode.app/Contents/Developer/Platforms/iPhoneSimulator.platform/Developer/SDKs/iPhoneSimulator26.5.sdk -Os -L/Users/etnlwind/project/spot_omg/artifacts/s-native-v6-2-5/ios-build/Build/Intermediates.noindex/EagerLinkingTBDs/Debug-iphonesimulator -L/Users/etnlwind/project/spot_omg/artifacts/s-native-v6-2-5/ios-build/Build/Products/Debug-iphonesimulator -F/Users/etnlwind/project/spot_omg/artifacts/s-native-v6-2-5/ios-build/Build/Intermediates.noindex/EagerLinkingTBDs/Debug-iphonesimulator -F/Users/etnlwind/project/spot_omg/artifacts/s-native-v6-2-5/ios-build/Build/Products/Debug-iphonesimulator -filelist /Users/etnlwind/project/spot_omg/artifacts/s-native-v6-2-5/ios-build/Build/Intermediates.noindex/SpotOMGController.build/Debug-iphonesimulator/SpotOMGController.build/Objects-normal/arm64/SpotOMGController.LinkFileList -install_name @rpath/SpotOMGController.debug.dylib -Xlinker -rpath -Xlinker /usr/lib/swift -Xlinker -dead_strip -Xlinker -object_path_lto -Xlinker /Users/etnlwind/project/spot_omg/artifacts/s-native-v6-2-5/ios-build/Build/Intermediates.noindex/SpotOMGController.build/Debug-iphonesimulator/SpotOMGController.build/Objects-normal/arm64/SpotOMGController_lto.o -rdynamic -Xlinker -objc_abi_version -Xlinker 2 -Xlinker -debug_variant -Xlinker -dependency_info -Xlinker /Users/etnlwind/project/spot_omg/artifacts/s-native-v6-2-5/ios-build/Build/Intermediates.noindex/SpotOMGController.build/Debug-iphonesimulator/SpotOMGController.build/Objects-normal/arm64/SpotOMGController_dependency_info.dat -fobjc-link-runtime -fprofile-instr-generate -L/Applications/Xcode.app/Contents/Developer/Toolchains/XcodeDefault.xctoolchain/usr/lib/swift/iphonesimulator -L/usr/lib/swift -Xlinker -add_ast_path -Xlinker /Users/etnlwind/project/spot_omg/artifacts/s-native-v6-2-5/ios-build/Build/Intermediates.noindex/SpotOMGController.build/Debug-iphonesimulator/SpotOMGController.build/Objects-normal/arm64/SpotOMGController.swiftmodule @/Users/etnlwind/project/spot_omg/artifacts/s-native-v6-2-5/ios-build/Build/Intermediates.noindex/SpotOMGController.build/Debug-iphonesimulator/SpotOMGController.build/Objects-normal/arm64/SpotOMGController-linker-args.resp -Xlinker -alias -Xlinker _main -Xlinker ___debug_main_executable_dylib_entry_point -o /Users/etnlwind/project/spot_omg/artifacts/s-native-v6-2-5/ios-build/Build/Intermediates.noindex/SpotOMGController.build/Debug-iphonesimulator/SpotOMGController.build/Objects-normal/arm64/Binary/SpotOMGController.debug.dylib

CreateUniversalBinary /Users/etnlwind/project/spot_omg/artifacts/s-native-v6-2-5/ios-build/Build/Products/Debug-iphonesimulator/SpotOMGController.app/SpotOMGController.debug.dylib normal arm64\ x86_64 (in target 'SpotOMGController' from project 'SpotOMGController')
    cd /Users/etnlwind/project/spot_omg/apps/ios/SpotOMGController
    /Applications/Xcode.app/Contents/Developer/Toolchains/XcodeDefault.xctoolchain/usr/bin/lipo -create /Users/etnlwind/project/spot_omg/artifacts/s-native-v6-2-5/ios-build/Build/Intermediates.noindex/SpotOMGController.build/Debug-iphonesimulator/SpotOMGController.build/Objects-normal/arm64/Binary/SpotOMGController.debug.dylib /Users/etnlwind/project/spot_omg/artifacts/s-native-v6-2-5/ios-build/Build/Intermediates.noindex/SpotOMGController.build/Debug-iphonesimulator/SpotOMGController.build/Objects-normal/x86_64/Binary/SpotOMGController.debug.dylib -output /Users/etnlwind/project/spot_omg/artifacts/s-native-v6-2-5/ios-build/Build/Products/Debug-iphonesimulator/SpotOMGController.app/SpotOMGController.debug.dylib

ConstructStubExecutorLinkFileList /Users/etnlwind/project/spot_omg/artifacts/s-native-v6-2-5/ios-build/Build/Intermediates.noindex/SpotOMGController.build/Debug-iphonesimulator/SpotOMGController.build/SpotOMGController-ExecutorLinkFileList-normal-arm64.txt (in target 'SpotOMGController' from project 'SpotOMGController')
    cd /Users/etnlwind/project/spot_omg/apps/ios/SpotOMGController
    construct-stub-executor-link-file-list /Users/etnlwind/project/spot_omg/artifacts/s-native-v6-2-5/ios-build/Build/Intermediates.noindex/SpotOMGController.build/Debug-iphonesimulator/SpotOMGController.build/Objects-normal/arm64/Binary/SpotOMGController.debug.dylib /Applications/Xcode.app/Contents/Developer/Platforms/iPhoneSimulator.platform/Developer/usr/lib/libPreviewsJITStubExecutor_no_swift_entry_point.a /Applications/Xcode.app/Contents/Developer/Platforms/iPhoneSimulator.platform/Developer/usr/lib/libPreviewsJITStubExecutor.a --output /Users/etnlwind/project/spot_omg/artifacts/s-native-v6-2-5/ios-build/Build/Intermediates.noindex/SpotOMGController.build/Debug-iphonesimulator/SpotOMGController.build/SpotOMGController-ExecutorLinkFileList-normal-arm64.txt
note: Using stub executor library with Swift entry point. (in target 'SpotOMGController' from project 'SpotOMGController')

Ld /Users/etnlwind/project/spot_omg/artifacts/s-native-v6-2-5/ios-build/Build/Intermediates.noindex/SpotOMGController.build/Debug-iphonesimulator/SpotOMGController.build/Objects-normal/arm64/Binary/SpotOMGController normal arm64 (in target 'SpotOMGController' from project 'SpotOMGController')
    cd /Users/etnlwind/project/spot_omg/apps/ios/SpotOMGController
    /Applications/Xcode.app/Contents/Developer/Toolchains/XcodeDefault.xctoolchain/usr/bin/clang -Xlinker -reproducible -target arm64-apple-ios17.0-simulator -isysroot /Applications/Xcode.app/Contents/Developer/Platforms/iPhoneSimulator.platform/Developer/SDKs/iPhoneSimulator26.5.sdk -Os -L/Users/etnlwind/project/spot_omg/artifacts/s-native-v6-2-5/ios-build/Build/Products/Debug-iphonesimulator -F/Users/etnlwind/project/spot_omg/artifacts/s-native-v6-2-5/ios-build/Build/Products/Debug-iphonesimulator -Xlinker -rpath -Xlinker @executable_path -rdynamic -Xlinker -objc_abi_version -Xlinker 2 -Xlinker -debug_variant -e ___debug_blank_executor_main -Xlinker -sectcreate -Xlinker __TEXT -Xlinker __debug_dylib -Xlinker /Users/etnlwind/project/spot_omg/artifacts/s-native-v6-2-5/ios-build/Build/Intermediates.noindex/SpotOMGController.build/Debug-iphonesimulator/SpotOMGController.build/SpotOMGController-DebugDylibPath-normal-arm64.txt -Xlinker -sectcreate -Xlinker __TEXT -Xlinker __debug_instlnm -Xlinker /Users/etnlwind/project/spot_omg/artifacts/s-native-v6-2-5/ios-build/Build/Intermediates.noindex/SpotOMGController.build/Debug-iphonesimulator/SpotOMGController.build/SpotOMGController-DebugDylibInstallName-normal-arm64.txt -Xlinker -filelist -Xlinker /Users/etnlwind/project/spot_omg/artifacts/s-native-v6-2-5/ios-build/Build/Intermediates.noindex/SpotOMGController.build/Debug-iphonesimulator/SpotOMGController.build/SpotOMGController-ExecutorLinkFileList-normal-arm64.txt /Users/etnlwind/project/spot_omg/artifacts/s-native-v6-2-5/ios-build/Build/Intermediates.noindex/SpotOMGController.build/Debug-iphonesimulator/SpotOMGController.build/Objects-normal/arm64/Binary/SpotOMGController.debug.dylib -o /Users/etnlwind/project/spot_omg/artifacts/s-native-v6-2-5/ios-build/Build/Intermediates.noindex/SpotOMGController.build/Debug-iphonesimulator/SpotOMGController.build/Objects-normal/arm64/Binary/SpotOMGController

GenerateDSYMFile /Users/etnlwind/project/spot_omg/artifacts/s-native-v6-2-5/ios-build/Build/Products/Debug-iphonesimulator/SpotOMGController.app.dSYM /Users/etnlwind/project/spot_omg/artifacts/s-native-v6-2-5/ios-build/Build/Products/Debug-iphonesimulator/SpotOMGController.app/SpotOMGController.debug.dylib (in target 'SpotOMGController' from project 'SpotOMGController')
    cd /Users/etnlwind/project/spot_omg/apps/ios/SpotOMGController
    /Applications/Xcode.app/Contents/Developer/Toolchains/XcodeDefault.xctoolchain/usr/bin/dsymutil /Users/etnlwind/project/spot_omg/artifacts/s-native-v6-2-5/ios-build/Build/Products/Debug-iphonesimulator/SpotOMGController.app/SpotOMGController.debug.dylib -o /Users/etnlwind/project/spot_omg/artifacts/s-native-v6-2-5/ios-build/Build/Products/Debug-iphonesimulator/SpotOMGController.app.dSYM

CreateUniversalBinary /Users/etnlwind/project/spot_omg/artifacts/s-native-v6-2-5/ios-build/Build/Products/Debug-iphonesimulator/SpotOMGController.app/SpotOMGController normal arm64\ x86_64 (in target 'SpotOMGController' from project 'SpotOMGController')
    cd /Users/etnlwind/project/spot_omg/apps/ios/SpotOMGController
    /Applications/Xcode.app/Contents/Developer/Toolchains/XcodeDefault.xctoolchain/usr/bin/lipo -create /Users/etnlwind/project/spot_omg/artifacts/s-native-v6-2-5/ios-build/Build/Intermediates.noindex/SpotOMGController.build/Debug-iphonesimulator/SpotOMGController.build/Objects-normal/arm64/Binary/SpotOMGController /Users/etnlwind/project/spot_omg/artifacts/s-native-v6-2-5/ios-build/Build/Intermediates.noindex/SpotOMGController.build/Debug-iphonesimulator/SpotOMGController.build/Objects-normal/x86_64/Binary/SpotOMGController -output /Users/etnlwind/project/spot_omg/artifacts/s-native-v6-2-5/ios-build/Build/Products/Debug-iphonesimulator/SpotOMGController.app/SpotOMGController

GenerateDSYMFile /Users/etnlwind/project/spot_omg/artifacts/s-native-v6-2-5/ios-build/Build/Products/Debug-iphonesimulator/SpotOMGController.app.dSYM /Users/etnlwind/project/spot_omg/artifacts/s-native-v6-2-5/ios-build/Build/Products/Debug-iphonesimulator/SpotOMGController.app/SpotOMGController (in target 'SpotOMGController' from project 'SpotOMGController')
    cd /Users/etnlwind/project/spot_omg/apps/ios/SpotOMGController
    /Applications/Xcode.app/Contents/Developer/Toolchains/XcodeDefault.xctoolchain/usr/bin/dsymutil -q /Users/etnlwind/project/spot_omg/artifacts/s-native-v6-2-5/ios-build/Build/Products/Debug-iphonesimulator/SpotOMGController.app/SpotOMGController -o /Users/etnlwind/project/spot_omg/artifacts/s-native-v6-2-5/ios-build/Build/Products/Debug-iphonesimulator/SpotOMGController.app.dSYM

CopySwiftLibs /Users/etnlwind/project/spot_omg/artifacts/s-native-v6-2-5/ios-build/Build/Products/Debug-iphonesimulator/SpotOMGController.app (in target 'SpotOMGController' from project 'SpotOMGController')
    cd /Users/etnlwind/project/spot_omg/apps/ios/SpotOMGController
    builtin-swiftStdLibTool --copy --verbose --scan-executable /Users/etnlwind/project/spot_omg/artifacts/s-native-v6-2-5/ios-build/Build/Products/Debug-iphonesimulator/SpotOMGController.app/SpotOMGController.debug.dylib --scan-folder /Users/etnlwind/project/spot_omg/artifacts/s-native-v6-2-5/ios-build/Build/Products/Debug-iphonesimulator/SpotOMGController.app/Frameworks --scan-folder /Users/etnlwind/project/spot_omg/artifacts/s-native-v6-2-5/ios-build/Build/Products/Debug-iphonesimulator/SpotOMGController.app/PlugIns --scan-folder /Users/etnlwind/project/spot_omg/artifacts/s-native-v6-2-5/ios-build/Build/Products/Debug-iphonesimulator/SpotOMGController.app/SystemExtensions --scan-folder /Users/etnlwind/project/spot_omg/artifacts/s-native-v6-2-5/ios-build/Build/Products/Debug-iphonesimulator/SpotOMGController.app/Extensions --platform iphonesimulator --toolchain /Applications/Xcode.app/Contents/Developer/Toolchains/XcodeDefault.xctoolchain --destination /Users/etnlwind/project/spot_omg/artifacts/s-native-v6-2-5/ios-build/Build/Products/Debug-iphonesimulator/SpotOMGController.app/Frameworks --strip-bitcode --strip-bitcode-tool /Applications/Xcode.app/Contents/Developer/Toolchains/XcodeDefault.xctoolchain/usr/bin/bitcode_strip --emit-dependency-info /Users/etnlwind/project/spot_omg/artifacts/s-native-v6-2-5/ios-build/Build/Intermediates.noindex/SpotOMGController.build/Debug-iphonesimulator/SpotOMGController.build/SwiftStdLibToolInputDependencies.dep --filter-for-swift-os --back-deploy-swift-span
Ignoring --strip-bitcode because --sign was not passed

ExtractAppIntentsMetadata (in target 'SpotOMGController' from project 'SpotOMGController')
    cd /Users/etnlwind/project/spot_omg/apps/ios/SpotOMGController
    /Applications/Xcode.app/Contents/Developer/Toolchains/XcodeDefault.xctoolchain/usr/bin/appintentsmetadataprocessor --toolchain-dir /Applications/Xcode.app/Contents/Developer/Toolchains/XcodeDefault.xctoolchain --module-name SpotOMGController --sdk-root /Applications/Xcode.app/Contents/Developer/Platforms/iPhoneSimulator.platform/Developer/SDKs/iPhoneSimulator26.5.sdk --xcode-version 17F113 --platform-family iOS --deployment-target 17.0 --bundle-identifier com.etnlwind.spotomg.controller --output /Users/etnlwind/project/spot_omg/artifacts/s-native-v6-2-5/ios-build/Build/Products/Debug-iphonesimulator/SpotOMGController.app --target-triple arm64-apple-ios17.0-simulator --target-triple x86_64-apple-ios17.0-simulator --binary-file /Users/etnlwind/project/spot_omg/artifacts/s-native-v6-2-5/ios-build/Build/Products/Debug-iphonesimulator/SpotOMGController.app/SpotOMGController --dependency-file /Users/etnlwind/project/spot_omg/artifacts/s-native-v6-2-5/ios-build/Build/Intermediates.noindex/SpotOMGController.build/Debug-iphonesimulator/SpotOMGController.build/Objects-normal/arm64/SpotOMGController_dependency_info.dat --dependency-file /Users/etnlwind/project/spot_omg/artifacts/s-native-v6-2-5/ios-build/Build/Intermediates.noindex/SpotOMGController.build/Debug-iphonesimulator/SpotOMGController.build/Objects-normal/x86_64/SpotOMGController_dependency_info.dat --stringsdata-file /Users/etnlwind/project/spot_omg/artifacts/s-native-v6-2-5/ios-build/Build/Intermediates.noindex/SpotOMGController.build/Debug-iphonesimulator/SpotOMGController.build/Objects-normal/arm64/ExtractedAppShortcutsMetadata.stringsdata --stringsdata-file /Users/etnlwind/project/spot_omg/artifacts/s-native-v6-2-5/ios-build/Build/Intermediates.noindex/SpotOMGController.build/Debug-iphonesimulator/SpotOMGController.build/Objects-normal/x86_64/ExtractedAppShortcutsMetadata.stringsdata --source-file-list /Users/etnlwind/project/spot_omg/artifacts/s-native-v6-2-5/ios-build/Build/Intermediates.noindex/SpotOMGController.build/Debug-iphonesimulator/SpotOMGController.build/Objects-normal/arm64/SpotOMGController.SwiftFileList --source-file-list /Users/etnlwind/project/spot_omg/artifacts/s-native-v6-2-5/ios-build/Build/Intermediates.noindex/SpotOMGController.build/Debug-iphonesimulator/SpotOMGController.build/Objects-normal/x86_64/SpotOMGController.SwiftFileList --metadata-file-list /Users/etnlwind/project/spot_omg/artifacts/s-native-v6-2-5/ios-build/Build/Intermediates.noindex/SpotOMGController.build/Debug-iphonesimulator/SpotOMGController.build/SpotOMGController.DependencyMetadataFileList --static-metadata-file-list /Users/etnlwind/project/spot_omg/artifacts/s-native-v6-2-5/ios-build/Build/Intermediates.noindex/SpotOMGController.build/Debug-iphonesimulator/SpotOMGController.build/SpotOMGController.DependencyStaticMetadataFileList --swift-const-vals-list /Users/etnlwind/project/spot_omg/artifacts/s-native-v6-2-5/ios-build/Build/Intermediates.noindex/SpotOMGController.build/Debug-iphonesimulator/SpotOMGController.build/Objects-normal/arm64/SpotOMGController.SwiftConstValuesFileList --swift-const-vals-list /Users/etnlwind/project/spot_omg/artifacts/s-native-v6-2-5/ios-build/Build/Intermediates.noindex/SpotOMGController.build/Debug-iphonesimulator/SpotOMGController.build/Objects-normal/x86_64/SpotOMGController.SwiftConstValuesFileList --compile-time-extraction --deployment-aware-processing --validate-assistant-intents --no-app-shortcuts-localization
2026-09-15 21:46:15.822 appintentsmetadataprocessor[86413:5420840] Starting appintentsmetadataprocessor export
2026-09-15 21:46:15.824 appintentsmetadataprocessor[86413:5420840] warning: Metadata extraction skipped. No AppIntents.framework dependency found.

AppIntentsSSUTraining (in target 'SpotOMGController' from project 'SpotOMGController')
    cd /Users/etnlwind/project/spot_omg/apps/ios/SpotOMGController
    /Applications/Xcode.app/Contents/Developer/Toolchains/XcodeDefault.xctoolchain/usr/bin/appintentsnltrainingprocessor --infoplist-path /Users/etnlwind/project/spot_omg/artifacts/s-native-v6-2-5/ios-build/Build/Products/Debug-iphonesimulator/SpotOMGController.app/Info.plist --temp-dir-path /Users/etnlwind/project/spot_omg/artifacts/s-native-v6-2-5/ios-build/Build/Intermediates.noindex/SpotOMGController.build/Debug-iphonesimulator/SpotOMGController.build/ssu --bundle-id com.etnlwind.spotomg.controller --product-path /Users/etnlwind/project/spot_omg/artifacts/s-native-v6-2-5/ios-build/Build/Products/Debug-iphonesimulator/SpotOMGController.app --extracted-metadata-path /Users/etnlwind/project/spot_omg/artifacts/s-native-v6-2-5/ios-build/Build/Products/Debug-iphonesimulator/SpotOMGController.app/Metadata.appintents --metadata-file-list /Users/etnlwind/project/spot_omg/artifacts/s-native-v6-2-5/ios-build/Build/Intermediates.noindex/SpotOMGController.build/Debug-iphonesimulator/SpotOMGController.build/SpotOMGController.DependencyMetadataFileList --source-file /Users/etnlwind/project/spot_omg/artifacts/s-native-v6-2-5/ios-build/Build/Products/Debug-iphonesimulator/SpotOMGController.app/Info.plist --archive-ssu-assets
2026-09-15 21:46:15.840 appintentsnltrainingprocessor[86418:5420860] Parsing options for appintentsnltrainingprocessor
2026-09-15 21:46:15.840 appintentsnltrainingprocessor[86418:5420860] Starting AppIntents SSU YAML Generation
2026-09-15 21:46:15.840 appintentsnltrainingprocessor[86418:5420860] No AppShortcuts found - Skipping.

RegisterExecutionPolicyException /Users/etnlwind/project/spot_omg/artifacts/s-native-v6-2-5/ios-build/Build/Products/Debug-iphonesimulator/SpotOMGController.app (in target 'SpotOMGController' from project 'SpotOMGController')
    cd /Users/etnlwind/project/spot_omg/apps/ios/SpotOMGController
    builtin-RegisterExecutionPolicyException /Users/etnlwind/project/spot_omg/artifacts/s-native-v6-2-5/ios-build/Build/Products/Debug-iphonesimulator/SpotOMGController.app

Validate /Users/etnlwind/project/spot_omg/artifacts/s-native-v6-2-5/ios-build/Build/Products/Debug-iphonesimulator/SpotOMGController.app (in target 'SpotOMGController' from project 'SpotOMGController')
    cd /Users/etnlwind/project/spot_omg/apps/ios/SpotOMGController
    builtin-validationUtility /Users/etnlwind/project/spot_omg/artifacts/s-native-v6-2-5/ios-build/Build/Products/Debug-iphonesimulator/SpotOMGController.app -shallow-bundle -infoplist-subpath Info.plist

Touch /Users/etnlwind/project/spot_omg/artifacts/s-native-v6-2-5/ios-build/Build/Products/Debug-iphonesimulator/SpotOMGController.app (in target 'SpotOMGController' from project 'SpotOMGController')
    cd /Users/etnlwind/project/spot_omg/apps/ios/SpotOMGController
    /usr/bin/touch -c /Users/etnlwind/project/spot_omg/artifacts/s-native-v6-2-5/ios-build/Build/Products/Debug-iphonesimulator/SpotOMGController.app

** BUILD SUCCEEDED **

