/Users/etnlwind/project/spot_omg/simulation/mujoco/runtime/cad_physics.py:170: RuntimeWarning: divide by zero encountered in matmul
  local=points@pad_rotation
/Users/etnlwind/project/spot_omg/simulation/mujoco/runtime/cad_physics.py:170: RuntimeWarning: overflow encountered in matmul
  local=points@pad_rotation
/Users/etnlwind/project/spot_omg/simulation/mujoco/runtime/cad_physics.py:170: RuntimeWarning: invalid value encountered in matmul
  local=points@pad_rotation
/Users/etnlwind/project/spot_omg/simulation/mujoco/runtime/standing_pose.py:15: RuntimeWarning: divide by zero encountered in matmul
  world=self.vertices[i] @ d.geom_xmat[f].reshape(3,3).T+d.geom_xpos[f]
/Users/etnlwind/project/spot_omg/simulation/mujoco/runtime/standing_pose.py:15: RuntimeWarning: overflow encountered in matmul
  world=self.vertices[i] @ d.geom_xmat[f].reshape(3,3).T+d.geom_xpos[f]
/Users/etnlwind/project/spot_omg/simulation/mujoco/runtime/standing_pose.py:15: RuntimeWarning: invalid value encountered in matmul
  world=self.vertices[i] @ d.geom_xmat[f].reshape(3,3).T+d.geom_xpos[f]
/Users/etnlwind/project/spot_omg/simulation/mujoco/runtime/cad_physics.py:94: RuntimeWarning: divide by zero encountered in matmul
  return float(np.max(model.mesh_vert[start:start+count]@local))
/Users/etnlwind/project/spot_omg/simulation/mujoco/runtime/cad_physics.py:94: RuntimeWarning: overflow encountered in matmul
  return float(np.max(model.mesh_vert[start:start+count]@local))
/Users/etnlwind/project/spot_omg/simulation/mujoco/runtime/cad_physics.py:94: RuntimeWarning: invalid value encountered in matmul
  return float(np.max(model.mesh_vert[start:start+count]@local))
READY: W = repeat 100% / Space = Stop / mouse = camera. No hardware connection.
2026-09-15 23:35:15.730 mjpython[90068:5505948] TSM AdjustCapsLockLEDForKeyTransitionHandling - _ISSetPhysicalKeyboardCapsLockLED Inhibit
2026-09-15 23:35:15.732 mjpython[90068:5505948] error messaging the mach port for IMKCFRunLoopWakeUpReliable
PLAY: s_native_v6_2_5 / 100% / body supported
$SPOTDRIVE started seq=1 watchdog=800ms
$SPOTDRIVE stopped reason=requested
OK
#
PLAY: s_native_v6_2_5 / 100% / body supported
$SPOTDRIVE started seq=47 watchdog=800ms
$SPOTDRIVE stopped reason=requested
OK
#
PLAY: s_native_v6_2_5 / 100% / body supported
$SPOTDRIVE started seq=93 watchdog=800ms
$SPOTDRIVE stopped reason=requested
OK
#
PLAY: s_native_v6_2_5 / 100% / body supported
$SPOTDRIVE started seq=139 watchdog=800ms
$SPOTDRIVE stopped reason=requested
OK
#
PLAY: s_native_v6_2_5 / 100% / body supported
$SPOTDRIVE started seq=185 watchdog=800ms
$SPOTDRIVE stopped reason=requested
OK
#
PLAY: s_native_v6_2_5 / 100% / body supported
$SPOTDRIVE started seq=231 watchdog=800ms
$SPOTDRIVE stopped reason=requested
OK
#
PLAY: s_native_v6_2_5 / 100% / body supported
$SPOTDRIVE started seq=277 watchdog=800ms
$SPOTDRIVE stopped reason=requested
OK
#
PLAY: s_native_v6_2_5 / 100% / body supported
$SPOTDRIVE started seq=323 watchdog=800ms
$SPOTDRIVE stopped reason=requested
OK
#
PLAY: s_native_v6_2_5 / 100% / body supported
$SPOTDRIVE started seq=365 watchdog=800ms
$SPOTDRIVE stopped reason=requested
OK
#
PLAY: s_native_v6_2_5 / 100% / body supported
$SPOTDRIVE started seq=407 watchdog=800ms
$SPOTDRIVE stopped reason=requested
OK
#
PLAY: s_native_v6_2_5 / 100% / body supported
$SPOTDRIVE started seq=449 watchdog=800ms
$SPOTDRIVE stopped reason=requested
OK
#
PLAY: s_native_v6_2_5 / 100% / body supported
$SPOTDRIVE started seq=491 watchdog=800ms
$SPOTDRIVE stopped reason=requested
OK
#
PLAY: s_native_v6_2_5 / 100% / body supported
$SPOTDRIVE started seq=533 watchdog=800ms
$SPOTDRIVE stopped reason=requested
OK
#
PLAY: s_native_v6_2_5 / 100% / body supported
$SPOTDRIVE started seq=575 watchdog=800ms
$SPOTDRIVE stopped reason=requested
OK
#
PLAY: s_native_v6_2_5 / 100% / body supported
$SPOTDRIVE started seq=617 watchdog=800ms
$SPOTDRIVE stopped reason=requested
OK
#
PLAY: s_native_v6_2_5 / 100% / body supported
$SPOTDRIVE started seq=659 watchdog=800ms
$SPOTDRIVE stopped reason=requested
OK
#
PLAY: s_native_v6_2_5 / 100% / body supported
$SPOTDRIVE started seq=701 watchdog=800ms
$SPOTDRIVE stopped reason=requested
OK
#
PLAY: s_native_v6_2_5 / 100% / body supported
$SPOTDRIVE started seq=743 watchdog=800ms
$SPOTDRIVE stopped reason=requested
OK
#
PLAY: s_native_v6_2_5 / 100% / body supported
$SPOTDRIVE started seq=785 watchdog=800ms
$SPOTDRIVE stopped reason=requested
OK
#
PLAY: s_native_v6_2_5 / 100% / body supported
$SPOTDRIVE started seq=827 watchdog=800ms
$SPOTDRIVE stopped reason=requested
OK
#
PLAY: s_native_v6_2_5 / 100% / body supported
$SPOTDRIVE started seq=869 watchdog=800ms
$SPOTDRIVE stopped reason=requested
OK
#
PLAY: s_native_v6_2_5 / 100% / body supported
$SPOTDRIVE started seq=911 watchdog=800ms
$SPOTDRIVE stopped reason=requested
OK
#
PLAY: s_native_v6_2_5 / 100% / body supported
$SPOTDRIVE started seq=953 watchdog=800ms
$SPOTDRIVE stopped reason=requested
OK
#
PLAY: s_native_v6_2_5 / 100% / body supported
$SPOTDRIVE started seq=995 watchdog=800ms
$SPOTDRIVE stopped reason=requested
OK
#
PLAY: s_native_v6_2_5 / 100% / body supported
$SPOTDRIVE started seq=1037 watchdog=800ms
$SPOTDRIVE stopped reason=requested
OK
#
PLAY: s_native_v6_2_5 / 100% / body supported
$SPOTDRIVE started seq=1079 watchdog=800ms
$SPOTDRIVE stopped reason=requested
OK
#
PLAY: s_native_v6_2_5 / 100% / body supported
$SPOTDRIVE started seq=1121 watchdog=800ms
$SPOTDRIVE stopped reason=requested
OK
#
PLAY: s_native_v6_2_5 / 100% / body supported
$SPOTDRIVE started seq=1163 watchdog=800ms
$SPOTDRIVE stopped reason=requested
OK
#
PLAY: s_native_v6_2_5 / 100% / body supported
$SPOTDRIVE started seq=1205 watchdog=800ms
$SPOTDRIVE stopped reason=requested
OK
#
PLAY: s_native_v6_2_5 / 100% / body supported
$SPOTDRIVE started seq=1247 watchdog=800ms
$SPOTDRIVE stopped reason=requested
OK
#
PLAY: s_native_v6_2_5 / 100% / body supported
$SPOTDRIVE started seq=1289 watchdog=800ms
$SPOTDRIVE stopped reason=requested
OK
#
PLAY: s_native_v6_2_5 / 100% / body supported
$SPOTDRIVE started seq=1331 watchdog=800ms
$SPOTDRIVE stopped reason=requested
OK
#
PLAY: s_native_v6_2_5 / 100% / body supported
$SPOTDRIVE started seq=1373 watchdog=800ms
$SPOTDRIVE stopped reason=requested
OK
#
PLAY: s_native_v6_2_5 / 100% / body supported
$SPOTDRIVE started seq=1415 watchdog=800ms
$SPOTDRIVE stopped reason=requested
OK
#
PLAY: s_native_v6_2_5 / 100% / body supported
$SPOTDRIVE started seq=1457 watchdog=800ms
$SPOTDRIVE stopped reason=requested
OK
#
PLAY: s_native_v6_2_5 / 100% / body supported
$SPOTDRIVE started seq=1499 watchdog=800ms
$SPOTDRIVE stopped reason=requested
OK
#
PLAY: s_native_v6_2_5 / 100% / body supported
$SPOTDRIVE started seq=1541 watchdog=800ms
$SPOTDRIVE stopped reason=requested
OK
#
PLAY: s_native_v6_2_5 / 100% / body supported
$SPOTDRIVE started seq=1583 watchdog=800ms
$SPOTDRIVE stopped reason=requested
OK
#
PLAY: s_native_v6_2_5 / 100% / body supported
$SPOTDRIVE started seq=1625 watchdog=800ms
$SPOTDRIVE stopped reason=requested
OK
#
PLAY: s_native_v6_2_5 / 100% / body supported
$SPOTDRIVE started seq=1667 watchdog=800ms
$SPOTDRIVE stopped reason=requested
OK
#
PLAY: s_native_v6_2_5 / 100% / body supported
$SPOTDRIVE started seq=1709 watchdog=800ms
$SPOTDRIVE stopped reason=requested
OK
#
PLAY: s_native_v6_2_5 / 100% / body supported
$SPOTDRIVE started seq=1751 watchdog=800ms
$SPOTDRIVE stopped reason=requested
OK
#
PLAY: s_native_v6_2_5 / 100% / body supported
$SPOTDRIVE started seq=1793 watchdog=800ms
$SPOTDRIVE stopped reason=requested
OK
#
PLAY: s_native_v6_2_5 / 100% / body supported
$SPOTDRIVE started seq=1835 watchdog=800ms
$SPOTDRIVE stopped reason=requested
OK
#
PLAY: s_native_v6_2_5 / 100% / body supported
$SPOTDRIVE started seq=1877 watchdog=800ms
$SPOTDRIVE stopped reason=requested
OK
#
PLAY: s_native_v6_2_5 / 100% / body supported
$SPOTDRIVE started seq=1919 watchdog=800ms
$SPOTDRIVE stopped reason=requested
OK
#
PLAY: s_native_v6_2_5 / 100% / body supported
$SPOTDRIVE started seq=1961 watchdog=800ms
$SPOTDRIVE stopped reason=requested
OK
#
PLAY: s_native_v6_2_5 / 100% / body supported
$SPOTDRIVE started seq=2003 watchdog=800ms
$SPOTDRIVE stopped reason=requested
OK
#
PLAY: s_native_v6_2_5 / 100% / body supported
$SPOTDRIVE started seq=2045 watchdog=800ms
$SPOTDRIVE stopped reason=requested
OK
#
PLAY: s_native_v6_2_5 / 100% / body supported
$SPOTDRIVE started seq=2087 watchdog=800ms
$SPOTDRIVE stopped reason=requested
OK
#
PLAY: s_native_v6_2_5 / 100% / body supported
$SPOTDRIVE started seq=2129 watchdog=800ms
$SPOTDRIVE stopped reason=requested
OK
#
PLAY: s_native_v6_2_5 / 100% / body supported
$SPOTDRIVE started seq=2171 watchdog=800ms
$SPOTDRIVE stopped reason=requested
OK
#
PLAY: s_native_v6_2_5 / 100% / body supported
$SPOTDRIVE started seq=2213 watchdog=800ms
$SPOTDRIVE stopped reason=requested
OK
#
PLAY: s_native_v6_2_5 / 100% / body supported
$SPOTDRIVE started seq=2255 watchdog=800ms
$SPOTDRIVE stopped reason=requested
OK
#
PLAY: s_native_v6_2_5 / 100% / body supported
$SPOTDRIVE started seq=2297 watchdog=800ms
$SPOTDRIVE stopped reason=requested
OK
#
PLAY: s_native_v6_2_5 / 100% / body supported
$SPOTDRIVE started seq=2339 watchdog=800ms
$SPOTDRIVE stopped reason=requested
OK
#
PLAY: s_native_v6_2_5 / 100% / body supported
$SPOTDRIVE started seq=2381 watchdog=800ms
$SPOTDRIVE stopped reason=requested
OK
#
PLAY: s_native_v6_2_5 / 100% / body supported
$SPOTDRIVE started seq=2423 watchdog=800ms
$SPOTDRIVE stopped reason=requested
OK
#
PLAY: s_native_v6_2_5 / 100% / body supported
$SPOTDRIVE started seq=2465 watchdog=800ms
$SPOTDRIVE stopped reason=requested
OK
#
PLAY: s_native_v6_2_5 / 100% / body supported
$SPOTDRIVE started seq=2507 watchdog=800ms
$SPOTDRIVE stopped reason=requested
OK
#
PLAY: s_native_v6_2_5 / 100% / body supported
$SPOTDRIVE started seq=2549 watchdog=800ms
$SPOTDRIVE stopped reason=requested
OK
#
PLAY: s_native_v6_2_5 / 100% / body supported
$SPOTDRIVE started seq=2591 watchdog=800ms
$SPOTDRIVE stopped reason=requested
OK
#
PLAY: s_native_v6_2_5 / 100% / body supported
$SPOTDRIVE started seq=2633 watchdog=800ms
$SPOTDRIVE stopped reason=requested
OK
#
PLAY: s_native_v6_2_5 / 100% / body supported
$SPOTDRIVE started seq=2675 watchdog=800ms
$SPOTDRIVE stopped reason=requested
OK
#
PLAY: s_native_v6_2_5 / 100% / body supported
$SPOTDRIVE started seq=2717 watchdog=800ms
$SPOTDRIVE stopped reason=requested
OK
#
PLAY: s_native_v6_2_5 / 100% / body supported
$SPOTDRIVE started seq=2759 watchdog=800ms
$SPOTDRIVE stopped reason=requested
OK
#
PLAY: s_native_v6_2_5 / 100% / body supported
$SPOTDRIVE started seq=2801 watchdog=800ms
$SPOTDRIVE stopped reason=requested
OK
#
PLAY: s_native_v6_2_5 / 100% / body supported
$SPOTDRIVE started seq=2843 watchdog=800ms
$SPOTDRIVE stopped reason=requested
OK
#
PLAY: s_native_v6_2_5 / 100% / body supported
$SPOTDRIVE started seq=2885 watchdog=800ms
$SPOTDRIVE stopped reason=requested
OK
#
PLAY: s_native_v6_2_5 / 100% / body supported
$SPOTDRIVE started seq=2927 watchdog=800ms
$SPOTDRIVE stopped reason=requested
OK
#
PLAY: s_native_v6_2_5 / 100% / body supported
$SPOTDRIVE started seq=2969 watchdog=800ms
$SPOTDRIVE stopped reason=requested
OK
#
PLAY: s_native_v6_2_5 / 100% / body supported
$SPOTDRIVE started seq=3011 watchdog=800ms
$SPOTDRIVE stopped reason=requested
OK
#
PLAY: s_native_v6_2_5 / 100% / body supported
$SPOTDRIVE started seq=3057 watchdog=800ms
$SPOTDRIVE stopped reason=requested
OK
#
PLAY: s_native_v6_2_5 / 100% / body supported
$SPOTDRIVE started seq=3103 watchdog=800ms
$SPOTDRIVE stopped reason=requested
OK
#
PLAY: s_native_v6_2_5 / 100% / body supported
$SPOTDRIVE started seq=3149 watchdog=800ms
$SPOTDRIVE stopped reason=requested
OK
#
PLAY: s_native_v6_2_5 / 100% / body supported
$SPOTDRIVE started seq=3195 watchdog=800ms
$SPOTDRIVE stopped reason=requested
OK
#
PLAY: s_native_v6_2_5 / 100% / body supported
$SPOTDRIVE started seq=3241 watchdog=800ms
$SPOTDRIVE stopped reason=requested
OK
#
PLAY: s_native_v6_2_5 / 100% / body supported
$SPOTDRIVE started seq=3287 watchdog=800ms
$SPOTDRIVE stopped reason=requested
OK
#
PLAY: s_native_v6_2_5 / 100% / body supported
$SPOTDRIVE started seq=3333 watchdog=800ms
$SPOTDRIVE stopped reason=requested
OK
#
PLAY: s_native_v6_2_5 / 100% / body supported
$SPOTDRIVE started seq=3379 watchdog=800ms
$SPOTDRIVE stopped reason=requested
OK
#
PLAY: s_native_v6_2_5 / 100% / body supported
$SPOTDRIVE started seq=3425 watchdog=800ms
$SPOTDRIVE stopped reason=requested
OK
#
PLAY: s_native_v6_2_5 / 100% / body supported
$SPOTDRIVE started seq=3471 watchdog=800ms
$SPOTDRIVE stopped reason=requested
OK
#
PLAY: s_native_v6_2_5 / 100% / body supported
$SPOTDRIVE started seq=3517 watchdog=800ms
$SPOTDRIVE stopped reason=requested
OK
#
PLAY: s_native_v6_2_5 / 100% / body supported
$SPOTDRIVE started seq=3563 watchdog=800ms
$SPOTDRIVE stopped reason=requested
OK
#
PLAY: s_native_v6_2_5 / 100% / body supported
$SPOTDRIVE started seq=3609 watchdog=800ms
$SPOTDRIVE stopped reason=requested
OK
#
PLAY: s_native_v6_2_5 / 100% / body supported
$SPOTDRIVE started seq=3655 watchdog=800ms
$SPOTDRIVE stopped reason=requested
OK
#
PLAY: s_native_v6_2_5 / 100% / body supported
$SPOTDRIVE started seq=3701 watchdog=800ms
$SPOTDRIVE stopped reason=requested
OK
#
PLAY: s_native_v6_2_5 / 100% / body supported
$SPOTDRIVE started seq=3747 watchdog=800ms
$SPOTDRIVE stopped reason=requested
OK
#
PLAY: s_native_v6_2_5 / 100% / body supported
$SPOTDRIVE started seq=3793 watchdog=800ms
$SPOTDRIVE stopped reason=requested
OK
#
PLAY: s_native_v6_2_5 / 100% / body supported
$SPOTDRIVE started seq=3839 watchdog=800ms
$SPOTDRIVE stopped reason=requested
OK
#
PLAY: s_native_v6_2_5 / 100% / body supported
$SPOTDRIVE started seq=3885 watchdog=800ms
$SPOTDRIVE stopped reason=requested
OK
#
PLAY: s_native_v6_2_5 / 100% / body supported
$SPOTDRIVE started seq=3931 watchdog=800ms
$SPOTDRIVE stopped reason=requested
OK
#
PLAY: s_native_v6_2_5 / 100% / body supported
$SPOTDRIVE started seq=3977 watchdog=800ms
$SPOTDRIVE stopped reason=requested
OK
#
PLAY: s_native_v6_2_5 / 100% / body supported
$SPOTDRIVE started seq=4023 watchdog=800ms
$SPOTDRIVE stopped reason=requested
OK
#
PLAY: s_native_v6_2_5 / 100% / body supported
$SPOTDRIVE started seq=4069 watchdog=800ms
$SPOTDRIVE stopped reason=requested
OK
#
PLAY: s_native_v6_2_5 / 100% / body supported
$SPOTDRIVE started seq=4115 watchdog=800ms
$SPOTDRIVE stopped reason=requested
OK
#
PLAY: s_native_v6_2_5 / 100% / body supported
$SPOTDRIVE started seq=4161 watchdog=800ms
$SPOTDRIVE stopped reason=requested
OK
#
PLAY: s_native_v6_2_5 / 100% / body supported
$SPOTDRIVE started seq=4207 watchdog=800ms
$SPOTDRIVE stopped reason=requested
OK
#
PLAY: s_native_v6_2_5 / 100% / body supported
$SPOTDRIVE started seq=4253 watchdog=800ms
$SPOTDRIVE stopped reason=requested
OK
#
PLAY: s_native_v6_2_5 / 100% / body supported
$SPOTDRIVE started seq=4299 watchdog=800ms
$SPOTDRIVE stopped reason=requested
OK
#
PLAY: s_native_v6_2_5 / 100% / body supported
$SPOTDRIVE started seq=4345 watchdog=800ms
$SPOTDRIVE stopped reason=requested
OK
#
PLAY: s_native_v6_2_5 / 100% / body supported
$SPOTDRIVE started seq=4391 watchdog=800ms
$SPOTDRIVE stopped reason=requested
OK
#
PLAY: s_native_v6_2_5 / 100% / body supported
$SPOTDRIVE started seq=4437 watchdog=800ms
$SPOTDRIVE stopped reason=requested
OK
#
PLAY: s_native_v6_2_5 / 100% / body supported
$SPOTDRIVE started seq=4483 watchdog=800ms
$SPOTDRIVE stopped reason=requested
OK
#
PLAY: s_native_v6_2_5 / 100% / body supported
$SPOTDRIVE started seq=4529 watchdog=800ms
$SPOTDRIVE stopped reason=requested
OK
#
PLAY: s_native_v6_2_5 / 100% / body supported
$SPOTDRIVE started seq=4575 watchdog=800ms
$SPOTDRIVE stopped reason=requested
OK
#
PLAY: s_native_v6_2_5 / 100% / body supported
$SPOTDRIVE started seq=4621 watchdog=800ms
$SPOTDRIVE stopped reason=requested
OK
#
PLAY: s_native_v6_2_5 / 100% / body supported
$SPOTDRIVE started seq=4667 watchdog=800ms
$SPOTDRIVE stopped reason=requested
OK
#
PLAY: s_native_v6_2_5 / 100% / body supported
$SPOTDRIVE started seq=4713 watchdog=800ms
$SPOTDRIVE stopped reason=requested
OK
#
PLAY: s_native_v6_2_5 / 100% / body supported
$SPOTDRIVE started seq=4759 watchdog=800ms
$SPOTDRIVE stopped reason=requested
OK
#
PLAY: s_native_v6_2_5 / 100% / body supported
$SPOTDRIVE started seq=4805 watchdog=800ms
$SPOTDRIVE stopped reason=requested
OK
#
PLAY: s_native_v6_2_5 / 100% / body supported
$SPOTDRIVE started seq=4851 watchdog=800ms
$SPOTDRIVE stopped reason=requested
OK
#
PLAY: s_native_v6_2_5 / 100% / body supported
$SPOTDRIVE started seq=4897 watchdog=800ms
$SPOTDRIVE stopped reason=requested
OK
#
PLAY: s_native_v6_2_5 / 100% / body supported
$SPOTDRIVE started seq=4943 watchdog=800ms
$SPOTDRIVE stopped reason=requested
OK
#
PLAY: s_native_v6_2_5 / 100% / body supported
$SPOTDRIVE started seq=4989 watchdog=800ms
$SPOTDRIVE stopped reason=requested
OK
#
PLAY: s_native_v6_2_5 / 100% / body supported
$SPOTDRIVE started seq=5035 watchdog=800ms
$SPOTDRIVE stopped reason=requested
OK
#
PLAY: s_native_v6_2_5 / 100% / body supported
$SPOTDRIVE started seq=5081 watchdog=800ms
$SPOTDRIVE stopped reason=requested
OK
#
PLAY: s_native_v6_2_5 / 100% / body supported
$SPOTDRIVE started seq=5127 watchdog=800ms
$SPOTDRIVE stopped reason=requested
OK
#
PLAY: s_native_v6_2_5 / 100% / body supported
$SPOTDRIVE started seq=5173 watchdog=800ms
$SPOTDRIVE stopped reason=requested
OK
#
PLAY: s_native_v6_2_5 / 100% / body supported
$SPOTDRIVE started seq=5219 watchdog=800ms
$SPOTDRIVE stopped reason=requested
OK
#
PLAY: s_native_v6_2_5 / 100% / body supported
$SPOTDRIVE started seq=5265 watchdog=800ms
$SPOTDRIVE stopped reason=requested
OK
#
PLAY: s_native_v6_2_5 / 100% / body supported
$SPOTDRIVE started seq=5311 watchdog=800ms
$SPOTDRIVE stopped reason=requested
OK
#
PLAY: s_native_v6_2_5 / 100% / body supported
$SPOTDRIVE started seq=5357 watchdog=800ms
$SPOTDRIVE stopped reason=requested
OK
#
PLAY: s_native_v6_2_5 / 100% / body supported
$SPOTDRIVE started seq=5403 watchdog=800ms
$SPOTDRIVE stopped reason=requested
OK
#
PLAY: s_native_v6_2_5 / 100% / body supported
$SPOTDRIVE started seq=5449 watchdog=800ms
$SPOTDRIVE stopped reason=requested
OK
#
PLAY: s_native_v6_2_5 / 100% / body supported
$SPOTDRIVE started seq=5495 watchdog=800ms
$SPOTDRIVE stopped reason=requested
OK
#
PLAY: s_native_v6_2_5 / 100% / body supported
$SPOTDRIVE started seq=5541 watchdog=800ms
$SPOTDRIVE stopped reason=requested
OK
#
PLAY: s_native_v6_2_5 / 100% / body supported
$SPOTDRIVE started seq=5587 watchdog=800ms
$SPOTDRIVE stopped reason=requested
OK
#
PLAY: s_native_v6_2_5 / 100% / body supported
$SPOTDRIVE started seq=5633 watchdog=800ms
$SPOTDRIVE stopped reason=requested
OK
#
PLAY: s_native_v6_2_5 / 100% / body supported
$SPOTDRIVE started seq=5679 watchdog=800ms
$SPOTDRIVE stopped reason=requested
OK
#
PLAY: s_native_v6_2_5 / 100% / body supported
$SPOTDRIVE started seq=5725 watchdog=800ms
$SPOTDRIVE stopped reason=requested
OK
#
PLAY: s_native_v6_2_5 / 100% / body supported
$SPOTDRIVE started seq=5771 watchdog=800ms
$SPOTDRIVE stopped reason=requested
OK
#
PLAY: s_native_v6_2_5 / 100% / body supported
$SPOTDRIVE started seq=5817 watchdog=800ms
$SPOTDRIVE stopped reason=requested
OK
#
PLAY: s_native_v6_2_5 / 100% / body supported
$SPOTDRIVE started seq=5863 watchdog=800ms
$SPOTDRIVE stopped reason=requested
OK
#
PLAY: s_native_v6_2_5 / 100% / body supported
$SPOTDRIVE started seq=5909 watchdog=800ms
$SPOTDRIVE stopped reason=requested
OK
#
PLAY: s_native_v6_2_5 / 100% / body supported
$SPOTDRIVE started seq=5955 watchdog=800ms
$SPOTDRIVE stopped reason=requested
OK
#
PLAY: s_native_v6_2_5 / 100% / body supported
$SPOTDRIVE started seq=6001 watchdog=800ms
$SPOTDRIVE stopped reason=requested
OK
#
PLAY: s_native_v6_2_5 / 100% / body supported
$SPOTDRIVE started seq=6047 watchdog=800ms
$SPOTDRIVE stopped reason=requested
OK
#
PLAY: s_native_v6_2_5 / 100% / body supported
$SPOTDRIVE started seq=6093 watchdog=800ms
$SPOTDRIVE stopped reason=requested
OK
#
PLAY: s_native_v6_2_5 / 100% / body supported
$SPOTDRIVE started seq=6139 watchdog=800ms
$SPOTDRIVE stopped reason=requested
OK
#
PLAY: s_native_v6_2_5 / 100% / body supported
$SPOTDRIVE started seq=6185 watchdog=800ms
$SPOTDRIVE stopped reason=requested
OK
#
PLAY: s_native_v6_2_5 / 100% / body supported
$SPOTDRIVE started seq=6231 watchdog=800ms
$SPOTDRIVE stopped reason=requested
OK
#
PLAY: s_native_v6_2_5 / 100% / body supported
$SPOTDRIVE started seq=6277 watchdog=800ms
$SPOTDRIVE stopped reason=requested
OK
#
PLAY: s_native_v6_2_5 / 100% / body supported
$SPOTDRIVE started seq=6323 watchdog=800ms
$SPOTDRIVE stopped reason=requested
OK
#
PLAY: s_native_v6_2_5 / 100% / body supported
$SPOTDRIVE started seq=6369 watchdog=800ms
$SPOTDRIVE stopped reason=requested
OK
#
PLAY: s_native_v6_2_5 / 100% / body supported
$SPOTDRIVE started seq=6415 watchdog=800ms
$SPOTDRIVE stopped reason=requested
OK
#
PLAY: s_native_v6_2_5 / 100% / body supported
$SPOTDRIVE started seq=6461 watchdog=800ms
$SPOTDRIVE stopped reason=requested
OK
#
PLAY: s_native_v6_2_5 / 100% / body supported
$SPOTDRIVE started seq=6507 watchdog=800ms
$SPOTDRIVE stopped reason=requested
OK
#
PLAY: s_native_v6_2_5 / 100% / body supported
$SPOTDRIVE started seq=6553 watchdog=800ms
$SPOTDRIVE stopped reason=requested
OK
#
PLAY: s_native_v6_2_5 / 100% / body supported
$SPOTDRIVE started seq=6599 watchdog=800ms
$SPOTDRIVE stopped reason=requested
OK
#
PLAY: s_native_v6_2_5 / 100% / body supported
$SPOTDRIVE started seq=6645 watchdog=800ms
$SPOTDRIVE stopped reason=requested
OK
#
PLAY: s_native_v6_2_5 / 100% / body supported
$SPOTDRIVE started seq=6691 watchdog=800ms
$SPOTDRIVE stopped reason=requested
OK
#
PLAY: s_native_v6_2_5 / 100% / body supported
$SPOTDRIVE started seq=6737 watchdog=800ms
$SPOTDRIVE stopped reason=requested
OK
#
PLAY: s_native_v6_2_5 / 100% / body supported
$SPOTDRIVE started seq=6783 watchdog=800ms
$SPOTDRIVE stopped reason=requested
OK
#
PLAY: s_native_v6_2_5 / 100% / body supported
$SPOTDRIVE started seq=6829 watchdog=800ms
$SPOTDRIVE stopped reason=requested
OK
#
PLAY: s_native_v6_2_5 / 100% / body supported
$SPOTDRIVE started seq=6875 watchdog=800ms
$SPOTDRIVE stopped reason=requested
OK
#
PLAY: s_native_v6_2_5 / 100% / body supported
$SPOTDRIVE started seq=6921 watchdog=800ms
$SPOTDRIVE stopped reason=requested
OK
#
PLAY: s_native_v6_2_5 / 100% / body supported
$SPOTDRIVE started seq=6967 watchdog=800ms
$SPOTDRIVE stopped reason=requested
OK
#
PLAY: s_native_v6_2_5 / 100% / body supported
$SPOTDRIVE started seq=7013 watchdog=800ms
$SPOTDRIVE stopped reason=requested
OK
#
PLAY: s_native_v6_2_5 / 100% / body supported
$SPOTDRIVE started seq=7059 watchdog=800ms
$SPOTDRIVE stopped reason=requested
OK
#
PLAY: s_native_v6_2_5 / 100% / body supported
$SPOTDRIVE started seq=7105 watchdog=800ms
$SPOTDRIVE stopped reason=requested
OK
#
PLAY: s_native_v6_2_5 / 100% / body supported
$SPOTDRIVE started seq=7151 watchdog=800ms
$SPOTDRIVE stopped reason=requested
OK
#
PLAY: s_native_v6_2_5 / 100% / body supported
$SPOTDRIVE started seq=7197 watchdog=800ms
$SPOTDRIVE stopped reason=requested
OK
#
PLAY: s_native_v6_2_5 / 100% / body supported
$SPOTDRIVE started seq=7243 watchdog=800ms
$SPOTDRIVE stopped reason=requested
OK
#
PLAY: s_native_v6_2_5 / 100% / body supported
$SPOTDRIVE started seq=7289 watchdog=800ms
$SPOTDRIVE stopped reason=requested
OK
#
PLAY: s_native_v6_2_5 / 100% / body supported
$SPOTDRIVE started seq=7335 watchdog=800ms
$SPOTDRIVE stopped reason=requested
OK
#
PLAY: s_native_v6_2_5 / 100% / body supported
$SPOTDRIVE started seq=7381 watchdog=800ms
$SPOTDRIVE stopped reason=requested
OK
#
PLAY: s_native_v6_2_5 / 100% / body supported
$SPOTDRIVE started seq=7427 watchdog=800ms
$SPOTDRIVE stopped reason=requested
OK
#
PLAY: s_native_v6_2_5 / 100% / body supported
$SPOTDRIVE started seq=7473 watchdog=800ms
$SPOTDRIVE stopped reason=requested
OK
#
PLAY: s_native_v6_2_5 / 100% / body supported
$SPOTDRIVE started seq=7519 watchdog=800ms
$SPOTDRIVE stopped reason=requested
OK
#
PLAY: s_native_v6_2_5 / 100% / body supported
$SPOTDRIVE started seq=7565 watchdog=800ms
$SPOTDRIVE stopped reason=requested
OK
#
PLAY: s_native_v6_2_5 / 100% / body supported
$SPOTDRIVE started seq=7611 watchdog=800ms
$SPOTDRIVE stopped reason=requested
OK
#
PLAY: s_native_v6_2_5 / 100% / body supported
$SPOTDRIVE started seq=7657 watchdog=800ms
$SPOTDRIVE stopped reason=requested
OK
#
PLAY: s_native_v6_2_5 / 100% / body supported
$SPOTDRIVE started seq=7703 watchdog=800ms
$SPOTDRIVE stopped reason=requested
OK
#
PLAY: s_native_v6_2_5 / 100% / body supported
$SPOTDRIVE started seq=7749 watchdog=800ms
$SPOTDRIVE stopped reason=requested
OK
#
PLAY: s_native_v6_2_5 / 100% / body supported
$SPOTDRIVE started seq=7795 watchdog=800ms
$SPOTDRIVE stopped reason=requested
OK
#
PLAY: s_native_v6_2_5 / 100% / body supported
$SPOTDRIVE started seq=7841 watchdog=800ms
$SPOTDRIVE stopped reason=requested
OK
#
PLAY: s_native_v6_2_5 / 100% / body supported
$SPOTDRIVE started seq=7887 watchdog=800ms
$SPOTDRIVE stopped reason=requested
OK
#
PLAY: s_native_v6_2_5 / 100% / body supported
$SPOTDRIVE started seq=7933 watchdog=800ms
$SPOTDRIVE stopped reason=requested
OK
#
PLAY: s_native_v6_2_5 / 100% / body supported
$SPOTDRIVE started seq=7979 watchdog=800ms
$SPOTDRIVE stopped reason=requested
OK
#
PLAY: s_native_v6_2_5 / 100% / body supported
$SPOTDRIVE started seq=8025 watchdog=800ms
$SPOTDRIVE stopped reason=requested
OK
#
PLAY: s_native_v6_2_5 / 100% / body supported
$SPOTDRIVE started seq=8071 watchdog=800ms
$SPOTDRIVE stopped reason=requested
OK
#
PLAY: s_native_v6_2_5 / 100% / body supported
$SPOTDRIVE started seq=8117 watchdog=800ms
$SPOTDRIVE stopped reason=requested
OK
#
PLAY: s_native_v6_2_5 / 100% / body supported
$SPOTDRIVE started seq=8163 watchdog=800ms
$SPOTDRIVE stopped reason=requested
OK
#
PLAY: s_native_v6_2_5 / 100% / body supported
$SPOTDRIVE started seq=8209 watchdog=800ms
$SPOTDRIVE stopped reason=requested
OK
#
PLAY: s_native_v6_2_5 / 100% / body supported
$SPOTDRIVE started seq=8255 watchdog=800ms
$SPOTDRIVE stopped reason=requested
OK
#
PLAY: s_native_v6_2_5 / 100% / body supported
$SPOTDRIVE started seq=8301 watchdog=800ms
$SPOTDRIVE stopped reason=requested
OK
#
PLAY: s_native_v6_2_5 / 100% / body supported
$SPOTDRIVE started seq=8347 watchdog=800ms
$SPOTDRIVE stopped reason=requested
OK
#
PLAY: s_native_v6_2_5 / 100% / body supported
$SPOTDRIVE started seq=8393 watchdog=800ms
$SPOTDRIVE stopped reason=requested
OK
#
PLAY: s_native_v6_2_5 / 100% / body supported
$SPOTDRIVE started seq=8439 watchdog=800ms
$SPOTDRIVE stopped reason=requested
OK
#
PLAY: s_native_v6_2_5 / 100% / body supported
$SPOTDRIVE started seq=8485 watchdog=800ms
$SPOTDRIVE stopped reason=requested
OK
#
PLAY: s_native_v6_2_5 / 100% / body supported
$SPOTDRIVE started seq=8531 watchdog=800ms
$SPOTDRIVE stopped reason=requested
OK
#
PLAY: s_native_v6_2_5 / 100% / body supported
$SPOTDRIVE started seq=8577 watchdog=800ms
$SPOTDRIVE stopped reason=requested
OK
#
PLAY: s_native_v6_2_5 / 100% / body supported
$SPOTDRIVE started seq=8623 watchdog=800ms
$SPOTDRIVE stopped reason=requested
OK
#
PLAY: s_native_v6_2_5 / 100% / body supported
$SPOTDRIVE started seq=8669 watchdog=800ms
$SPOTDRIVE stopped reason=requested
OK
#
PLAY: s_native_v6_2_5 / 100% / body supported
$SPOTDRIVE started seq=8715 watchdog=800ms
$SPOTDRIVE stopped reason=requested
OK
#
PLAY: s_native_v6_2_5 / 100% / body supported
$SPOTDRIVE started seq=8761 watchdog=800ms
$SPOTDRIVE stopped reason=requested
OK
#
PLAY: s_native_v6_2_5 / 100% / body supported
$SPOTDRIVE started seq=8807 watchdog=800ms
$SPOTDRIVE stopped reason=requested
OK
#
PLAY: s_native_v6_2_5 / 100% / body supported
$SPOTDRIVE started seq=8853 watchdog=800ms
$SPOTDRIVE stopped reason=requested
OK
#
PLAY: s_native_v6_2_5 / 100% / body supported
$SPOTDRIVE started seq=8899 watchdog=800ms
$SPOTDRIVE stopped reason=requested
OK
#
PLAY: s_native_v6_2_5 / 100% / body supported
$SPOTDRIVE started seq=8945 watchdog=800ms
$SPOTDRIVE stopped reason=requested
OK
#
PLAY: s_native_v6_2_5 / 100% / body supported
$SPOTDRIVE started seq=8991 watchdog=800ms
$SPOTDRIVE stopped reason=requested
OK
#
PLAY: s_native_v6_2_5 / 100% / body supported
$SPOTDRIVE started seq=9037 watchdog=800ms
$SPOTDRIVE stopped reason=requested
OK
#
PLAY: s_native_v6_2_5 / 100% / body supported
$SPOTDRIVE started seq=9083 watchdog=800ms
$SPOTDRIVE stopped reason=requested
OK
#
PLAY: s_native_v6_2_5 / 100% / body supported
$SPOTDRIVE started seq=9129 watchdog=800ms
$SPOTDRIVE stopped reason=requested
OK
#
PLAY: s_native_v6_2_5 / 100% / body supported
$SPOTDRIVE started seq=9175 watchdog=800ms
$SPOTDRIVE stopped reason=requested
OK
#
PLAY: s_native_v6_2_5 / 100% / body supported
$SPOTDRIVE started seq=9221 watchdog=800ms
$SPOTDRIVE stopped reason=requested
OK
#
PLAY: s_native_v6_2_5 / 100% / body supported
$SPOTDRIVE started seq=9267 watchdog=800ms
$SPOTDRIVE stopped reason=requested
OK
#
PLAY: s_native_v6_2_5 / 100% / body supported
$SPOTDRIVE started seq=9313 watchdog=800ms
$SPOTDRIVE stopped reason=requested
OK
#
PLAY: s_native_v6_2_5 / 100% / body supported
$SPOTDRIVE started seq=9359 watchdog=800ms
$SPOTDRIVE stopped reason=requested
OK
#
PLAY: s_native_v6_2_5 / 100% / body supported
$SPOTDRIVE started seq=9405 watchdog=800ms
$SPOTDRIVE stopped reason=requested
OK
#
PLAY: s_native_v6_2_5 / 100% / body supported
$SPOTDRIVE started seq=9451 watchdog=800ms
$SPOTDRIVE stopped reason=requested
OK
#
PLAY: s_native_v6_2_5 / 100% / body supported
$SPOTDRIVE started seq=9497 watchdog=800ms
$SPOTDRIVE stopped reason=requested
OK
#
PLAY: s_native_v6_2_5 / 100% / body supported
$SPOTDRIVE started seq=9543 watchdog=800ms
$SPOTDRIVE stopped reason=requested
OK
#
PLAY: s_native_v6_2_5 / 100% / body supported
$SPOTDRIVE started seq=9589 watchdog=800ms
$SPOTDRIVE stopped reason=requested
OK
#
PLAY: s_native_v6_2_5 / 100% / body supported
$SPOTDRIVE started seq=9635 watchdog=800ms
$SPOTDRIVE stopped reason=requested
OK
#
PLAY: s_native_v6_2_5 / 100% / body supported
$SPOTDRIVE started seq=9681 watchdog=800ms
$SPOTDRIVE stopped reason=requested
OK
#
PLAY: s_native_v6_2_5 / 100% / body supported
$SPOTDRIVE started seq=9727 watchdog=800ms
$SPOTDRIVE stopped reason=requested
OK
#
PLAY: s_native_v6_2_5 / 100% / body supported
$SPOTDRIVE started seq=9773 watchdog=800ms
$SPOTDRIVE stopped reason=requested
OK
#
PLAY: s_native_v6_2_5 / 100% / body supported
$SPOTDRIVE started seq=9819 watchdog=800ms
$SPOTDRIVE stopped reason=requested
OK
#
PLAY: s_native_v6_2_5 / 100% / body supported
$SPOTDRIVE started seq=9865 watchdog=800ms
$SPOTDRIVE stopped reason=requested
OK
#
PLAY: s_native_v6_2_5 / 100% / body supported
$SPOTDRIVE started seq=9911 watchdog=800ms
$SPOTDRIVE stopped reason=requested
OK
#
PLAY: s_native_v6_2_5 / 100% / body supported
$SPOTDRIVE started seq=9957 watchdog=800ms
$SPOTDRIVE stopped reason=requested
OK
#
PLAY: s_native_v6_2_5 / 100% / body supported
$SPOTDRIVE started seq=10003 watchdog=800ms
$SPOTDRIVE stopped reason=requested
OK
#
PLAY: s_native_v6_2_5 / 100% / body supported
$SPOTDRIVE started seq=10049 watchdog=800ms
$SPOTDRIVE stopped reason=requested
OK
#
PLAY: s_native_v6_2_5 / 100% / body supported
$SPOTDRIVE started seq=10095 watchdog=800ms
$SPOTDRIVE stopped reason=requested
OK
#
PLAY: s_native_v6_2_5 / 100% / body supported
$SPOTDRIVE started seq=10141 watchdog=800ms
$SPOTDRIVE stopped reason=requested
OK
#
PLAY: s_native_v6_2_5 / 100% / body supported
$SPOTDRIVE started seq=10187 watchdog=800ms
$SPOTDRIVE stopped reason=requested
OK
#
PLAY: s_native_v6_2_5 / 100% / body supported
$SPOTDRIVE started seq=10233 watchdog=800ms
$SPOTDRIVE stopped reason=requested
OK
#
PLAY: s_native_v6_2_5 / 100% / body supported
$SPOTDRIVE started seq=10279 watchdog=800ms
$SPOTDRIVE stopped reason=requested
OK
#
PLAY: s_native_v6_2_5 / 100% / body supported
$SPOTDRIVE started seq=10325 watchdog=800ms
$SPOTDRIVE stopped reason=requested
OK
#
PLAY: s_native_v6_2_5 / 100% / body supported
$SPOTDRIVE started seq=10371 watchdog=800ms
$SPOTDRIVE stopped reason=requested
OK
#
PLAY: s_native_v6_2_5 / 100% / body supported
$SPOTDRIVE started seq=10417 watchdog=800ms
$SPOTDRIVE stopped reason=requested
OK
#
PLAY: s_native_v6_2_5 / 100% / body supported
$SPOTDRIVE started seq=10463 watchdog=800ms
$SPOTDRIVE stopped reason=requested
OK
#
PLAY: s_native_v6_2_5 / 100% / body supported
$SPOTDRIVE started seq=10509 watchdog=800ms
$SPOTDRIVE stopped reason=requested
OK
#
PLAY: s_native_v6_2_5 / 100% / body supported
$SPOTDRIVE started seq=10555 watchdog=800ms
$SPOTDRIVE stopped reason=requested
OK
#
PLAY: s_native_v6_2_5 / 100% / body supported
$SPOTDRIVE started seq=10601 watchdog=800ms
$SPOTDRIVE stopped reason=requested
OK
#
PLAY: s_native_v6_2_5 / 100% / body supported
$SPOTDRIVE started seq=10647 watchdog=800ms
$SPOTDRIVE stopped reason=requested
OK
#
PLAY: s_native_v6_2_5 / 100% / body supported
$SPOTDRIVE started seq=10693 watchdog=800ms
$SPOTDRIVE stopped reason=requested
OK
#
PLAY: s_native_v6_2_5 / 100% / body supported
$SPOTDRIVE started seq=10739 watchdog=800ms
$SPOTDRIVE stopped reason=requested
OK
#
PLAY: s_native_v6_2_5 / 100% / body supported
$SPOTDRIVE started seq=10785 watchdog=800ms
$SPOTDRIVE stopped reason=requested
OK
#
PLAY: s_native_v6_2_5 / 100% / body supported
$SPOTDRIVE started seq=10831 watchdog=800ms
$SPOTDRIVE stopped reason=requested
OK
#
PLAY: s_native_v6_2_5 / 100% / body supported
$SPOTDRIVE started seq=10877 watchdog=800ms
$SPOTDRIVE stopped reason=requested
OK
#
PLAY: s_native_v6_2_5 / 100% / body supported
$SPOTDRIVE started seq=10923 watchdog=800ms
$SPOTDRIVE stopped reason=requested
OK
#
PLAY: s_native_v6_2_5 / 100% / body supported
$SPOTDRIVE started seq=10969 watchdog=800ms
$SPOTDRIVE stopped reason=requested
OK
#
PLAY: s_native_v6_2_5 / 100% / body supported
$SPOTDRIVE started seq=11015 watchdog=800ms
$SPOTDRIVE stopped reason=requested
OK
#
PLAY: s_native_v6_2_5 / 100% / body supported
$SPOTDRIVE started seq=11061 watchdog=800ms
$SPOTDRIVE stopped reason=requested
OK
#
PLAY: s_native_v6_2_5 / 100% / body supported
$SPOTDRIVE started seq=11107 watchdog=800ms
$SPOTDRIVE stopped reason=requested
OK
#
PLAY: s_native_v6_2_5 / 100% / body supported
$SPOTDRIVE started seq=11153 watchdog=800ms
$SPOTDRIVE stopped reason=requested
OK
#
PLAY: s_native_v6_2_5 / 100% / body supported
$SPOTDRIVE started seq=11199 watchdog=800ms
$SPOTDRIVE stopped reason=requested
OK
#
PLAY: s_native_v6_2_5 / 100% / body supported
$SPOTDRIVE started seq=11245 watchdog=800ms
$SPOTDRIVE stopped reason=requested
OK
#
PLAY: s_native_v6_2_5 / 100% / body supported
$SPOTDRIVE started seq=11291 watchdog=800ms
$SPOTDRIVE stopped reason=requested
OK
#
PLAY: s_native_v6_2_5 / 100% / body supported
$SPOTDRIVE started seq=11337 watchdog=800ms
$SPOTDRIVE stopped reason=requested
OK
#
PLAY: s_native_v6_2_5 / 100% / body supported
$SPOTDRIVE started seq=11383 watchdog=800ms
$SPOTDRIVE stopped reason=requested
OK
#
PLAY: s_native_v6_2_5 / 100% / body supported
$SPOTDRIVE started seq=11429 watchdog=800ms
$SPOTDRIVE stopped reason=requested
OK
#
PLAY: s_native_v6_2_5 / 100% / body supported
$SPOTDRIVE started seq=11475 watchdog=800ms
$SPOTDRIVE stopped reason=requested
OK
#
PLAY: s_native_v6_2_5 / 100% / body supported
$SPOTDRIVE started seq=11521 watchdog=800ms
$SPOTDRIVE stopped reason=requested
OK
#
PLAY: s_native_v6_2_5 / 100% / body supported
$SPOTDRIVE started seq=11567 watchdog=800ms
$SPOTDRIVE stopped reason=requested
OK
#
PLAY: s_native_v6_2_5 / 100% / body supported
$SPOTDRIVE started seq=11613 watchdog=800ms
$SPOTDRIVE stopped reason=requested
OK
#
PLAY: s_native_v6_2_5 / 100% / body supported
$SPOTDRIVE started seq=11659 watchdog=800ms
$SPOTDRIVE stopped reason=requested
OK
#
PLAY: s_native_v6_2_5 / 100% / body supported
$SPOTDRIVE started seq=11705 watchdog=800ms
$SPOTDRIVE stopped reason=requested
OK
#
PLAY: s_native_v6_2_5 / 100% / body supported
$SPOTDRIVE started seq=11751 watchdog=800ms
$SPOTDRIVE stopped reason=requested
OK
#
PLAY: s_native_v6_2_5 / 100% / body supported
$SPOTDRIVE started seq=11797 watchdog=800ms
$SPOTDRIVE stopped reason=requested
OK
#
PLAY: s_native_v6_2_5 / 100% / body supported
$SPOTDRIVE started seq=11843 watchdog=800ms
$SPOTDRIVE stopped reason=requested
OK
#
PLAY: s_native_v6_2_5 / 100% / body supported
$SPOTDRIVE started seq=11889 watchdog=800ms
$SPOTDRIVE stopped reason=requested
OK
#
PLAY: s_native_v6_2_5 / 100% / body supported
$SPOTDRIVE started seq=11935 watchdog=800ms
$SPOTDRIVE stopped reason=requested
OK
#
PLAY: s_native_v6_2_5 / 100% / body supported
$SPOTDRIVE started seq=11981 watchdog=800ms
$SPOTDRIVE stopped reason=requested
OK
#
PLAY: s_native_v6_2_5 / 100% / body supported
$SPOTDRIVE started seq=12027 watchdog=800ms
$SPOTDRIVE stopped reason=requested
OK
#
PLAY: s_native_v6_2_5 / 100% / body supported
$SPOTDRIVE started seq=12073 watchdog=800ms
$SPOTDRIVE stopped reason=requested
OK
#
PLAY: s_native_v6_2_5 / 100% / body supported
$SPOTDRIVE started seq=12119 watchdog=800ms
$SPOTDRIVE stopped reason=requested
OK
#
PLAY: s_native_v6_2_5 / 100% / body supported
$SPOTDRIVE started seq=12165 watchdog=800ms
$SPOTDRIVE stopped reason=requested
OK
#
PLAY: s_native_v6_2_5 / 100% / body supported
$SPOTDRIVE started seq=12211 watchdog=800ms
$SPOTDRIVE stopped reason=requested
OK
#
PLAY: s_native_v6_2_5 / 100% / body supported
$SPOTDRIVE started seq=12257 watchdog=800ms
$SPOTDRIVE stopped reason=requested
OK
#
PLAY: s_native_v6_2_5 / 100% / body supported
$SPOTDRIVE started seq=12303 watchdog=800ms
$SPOTDRIVE stopped reason=requested
OK
#
PLAY: s_native_v6_2_5 / 100% / body supported
$SPOTDRIVE started seq=12349 watchdog=800ms
$SPOTDRIVE stopped reason=requested
OK
#
PLAY: s_native_v6_2_5 / 100% / body supported
$SPOTDRIVE started seq=12395 watchdog=800ms
$SPOTDRIVE stopped reason=requested
OK
#
PLAY: s_native_v6_2_5 / 100% / body supported
$SPOTDRIVE started seq=12441 watchdog=800ms
$SPOTDRIVE stopped reason=requested
OK
#
PLAY: s_native_v6_2_5 / 100% / body supported
$SPOTDRIVE started seq=12487 watchdog=800ms
$SPOTDRIVE stopped reason=requested
OK
#
PLAY: s_native_v6_2_5 / 100% / body supported
$SPOTDRIVE started seq=12533 watchdog=800ms
$SPOTDRIVE stopped reason=requested
OK
#
PLAY: s_native_v6_2_5 / 100% / body supported
$SPOTDRIVE started seq=12579 watchdog=800ms
$SPOTDRIVE stopped reason=requested
OK
#
PLAY: s_native_v6_2_5 / 100% / body supported
$SPOTDRIVE started seq=12625 watchdog=800ms
$SPOTDRIVE stopped reason=requested
OK
#
PLAY: s_native_v6_2_5 / 100% / body supported
$SPOTDRIVE started seq=12671 watchdog=800ms
$SPOTDRIVE stopped reason=requested
OK
#
PLAY: s_native_v6_2_5 / 100% / body supported
$SPOTDRIVE started seq=12717 watchdog=800ms
$SPOTDRIVE stopped reason=requested
OK
#
PLAY: s_native_v6_2_5 / 100% / body supported
$SPOTDRIVE started seq=12763 watchdog=800ms
$SPOTDRIVE stopped reason=requested
OK
#
PLAY: s_native_v6_2_5 / 100% / body supported
$SPOTDRIVE started seq=12809 watchdog=800ms
$SPOTDRIVE stopped reason=requested
OK
#
PLAY: s_native_v6_2_5 / 100% / body supported
$SPOTDRIVE started seq=12855 watchdog=800ms
$SPOTDRIVE stopped reason=requested
OK
#
PLAY: s_native_v6_2_5 / 100% / body supported
$SPOTDRIVE started seq=12901 watchdog=800ms
$SPOTDRIVE stopped reason=requested
OK
#
PLAY: s_native_v6_2_5 / 100% / body supported
$SPOTDRIVE started seq=12947 watchdog=800ms
$SPOTDRIVE stopped reason=requested
OK
#
PLAY: s_native_v6_2_5 / 100% / body supported
$SPOTDRIVE started seq=12993 watchdog=800ms
$SPOTDRIVE stopped reason=requested
OK
#
PLAY: s_native_v6_2_5 / 100% / body supported
$SPOTDRIVE started seq=13039 watchdog=800ms
$SPOTDRIVE stopped reason=requested
OK
#
PLAY: s_native_v6_2_5 / 100% / body supported
$SPOTDRIVE started seq=13085 watchdog=800ms
$SPOTDRIVE stopped reason=requested
OK
#
PLAY: s_native_v6_2_5 / 100% / body supported
$SPOTDRIVE started seq=13131 watchdog=800ms
$SPOTDRIVE stopped reason=requested
OK
#
PLAY: s_native_v6_2_5 / 100% / body supported
$SPOTDRIVE started seq=13177 watchdog=800ms
$SPOTDRIVE stopped reason=requested
OK
#
PLAY: s_native_v6_2_5 / 100% / body supported
$SPOTDRIVE started seq=13223 watchdog=800ms
$SPOTDRIVE stopped reason=requested
OK
#
PLAY: s_native_v6_2_5 / 100% / body supported
$SPOTDRIVE started seq=13269 watchdog=800ms
$SPOTDRIVE stopped reason=requested
OK
#
PLAY: s_native_v6_2_5 / 100% / body supported
$SPOTDRIVE started seq=13315 watchdog=800ms
$SPOTDRIVE stopped reason=requested
OK
#
PLAY: s_native_v6_2_5 / 100% / body supported
$SPOTDRIVE started seq=13361 watchdog=800ms
$SPOTDRIVE stopped reason=requested
OK
#
PLAY: s_native_v6_2_5 / 100% / body supported
$SPOTDRIVE started seq=13407 watchdog=800ms
$SPOTDRIVE stopped reason=requested
OK
#
PLAY: s_native_v6_2_5 / 100% / body supported
$SPOTDRIVE started seq=13453 watchdog=800ms
$SPOTDRIVE stopped reason=requested
OK
#
PLAY: s_native_v6_2_5 / 100% / body supported
$SPOTDRIVE started seq=13499 watchdog=800ms
$SPOTDRIVE stopped reason=requested
OK
#
PLAY: s_native_v6_2_5 / 100% / body supported
$SPOTDRIVE started seq=13545 watchdog=800ms
$SPOTDRIVE stopped reason=requested
OK
#
PLAY: s_native_v6_2_5 / 100% / body supported
$SPOTDRIVE started seq=13591 watchdog=800ms
$SPOTDRIVE stopped reason=requested
OK
#
PLAY: s_native_v6_2_5 / 100% / body supported
$SPOTDRIVE started seq=13637 watchdog=800ms
$SPOTDRIVE stopped reason=requested
OK
#
PLAY: s_native_v6_2_5 / 100% / body supported
$SPOTDRIVE started seq=13683 watchdog=800ms
$SPOTDRIVE stopped reason=requested
OK
#
PLAY: s_native_v6_2_5 / 100% / body supported
$SPOTDRIVE started seq=13729 watchdog=800ms
$SPOTDRIVE stopped reason=requested
OK
#
PLAY: s_native_v6_2_5 / 100% / body supported
$SPOTDRIVE started seq=13775 watchdog=800ms
$SPOTDRIVE stopped reason=requested
OK
#
PLAY: s_native_v6_2_5 / 100% / body supported
$SPOTDRIVE started seq=13821 watchdog=800ms
$SPOTDRIVE stopped reason=requested
OK
#
PLAY: s_native_v6_2_5 / 100% / body supported
$SPOTDRIVE started seq=13867 watchdog=800ms
$SPOTDRIVE stopped reason=requested
OK
#
PLAY: s_native_v6_2_5 / 100% / body supported
$SPOTDRIVE started seq=13913 watchdog=800ms
$SPOTDRIVE stopped reason=requested
OK
#
PLAY: s_native_v6_2_5 / 100% / body supported
$SPOTDRIVE started seq=13959 watchdog=800ms
$SPOTDRIVE stopped reason=requested
OK
#
PLAY: s_native_v6_2_5 / 100% / body supported
$SPOTDRIVE started seq=14005 watchdog=800ms
$SPOTDRIVE stopped reason=requested
OK
#
PLAY: s_native_v6_2_5 / 100% / body supported
$SPOTDRIVE started seq=14051 watchdog=800ms
$SPOTDRIVE stopped reason=requested
OK
#
PLAY: s_native_v6_2_5 / 100% / body supported
$SPOTDRIVE started seq=14097 watchdog=800ms
$SPOTDRIVE stopped reason=requested
OK
#
PLAY: s_native_v6_2_5 / 100% / body supported
$SPOTDRIVE started seq=14143 watchdog=800ms
$SPOTDRIVE stopped reason=requested
OK
#
PLAY: s_native_v6_2_5 / 100% / body supported
$SPOTDRIVE started seq=14189 watchdog=800ms
$SPOTDRIVE stopped reason=requested
OK
#
PLAY: s_native_v6_2_5 / 100% / body supported
$SPOTDRIVE started seq=14235 watchdog=800ms
$SPOTDRIVE stopped reason=requested
OK
#
PLAY: s_native_v6_2_5 / 100% / body supported
$SPOTDRIVE started seq=14281 watchdog=800ms
$SPOTDRIVE stopped reason=requested
OK
#
PLAY: s_native_v6_2_5 / 100% / body supported
$SPOTDRIVE started seq=14327 watchdog=800ms
$SPOTDRIVE stopped reason=requested
OK
#
PLAY: s_native_v6_2_5 / 100% / body supported
$SPOTDRIVE started seq=14373 watchdog=800ms
$SPOTDRIVE stopped reason=requested
OK
#
PLAY: s_native_v6_2_5 / 100% / body supported
$SPOTDRIVE started seq=14419 watchdog=800ms
$SPOTDRIVE stopped reason=requested
OK
#
PLAY: s_native_v6_2_5 / 100% / body supported
$SPOTDRIVE started seq=14465 watchdog=800ms
$SPOTDRIVE stopped reason=requested
OK
#
PLAY: s_native_v6_2_5 / 100% / body supported
$SPOTDRIVE started seq=14511 watchdog=800ms
$SPOTDRIVE stopped reason=requested
OK
#
PLAY: s_native_v6_2_5 / 100% / body supported
$SPOTDRIVE started seq=14557 watchdog=800ms
$SPOTDRIVE stopped reason=requested
OK
#
PLAY: s_native_v6_2_5 / 100% / body supported
$SPOTDRIVE started seq=14603 watchdog=800ms
$SPOTDRIVE stopped reason=requested
OK
#
PLAY: s_native_v6_2_5 / 100% / body supported
$SPOTDRIVE started seq=14649 watchdog=800ms
$SPOTDRIVE stopped reason=requested
OK
#
PLAY: s_native_v6_2_5 / 100% / body supported
$SPOTDRIVE started seq=14695 watchdog=800ms
$SPOTDRIVE stopped reason=requested
OK
#
PLAY: s_native_v6_2_5 / 100% / body supported
$SPOTDRIVE started seq=14741 watchdog=800ms
$SPOTDRIVE stopped reason=requested
OK
#
PLAY: s_native_v6_2_5 / 100% / body supported
$SPOTDRIVE started seq=14787 watchdog=800ms
$SPOTDRIVE stopped reason=requested
OK
#
PLAY: s_native_v6_2_5 / 100% / body supported
$SPOTDRIVE started seq=14833 watchdog=800ms
$SPOTDRIVE stopped reason=requested
OK
#
PLAY: s_native_v6_2_5 / 100% / body supported
$SPOTDRIVE started seq=14879 watchdog=800ms
$SPOTDRIVE stopped reason=requested
OK
#
PLAY: s_native_v6_2_5 / 100% / body supported
$SPOTDRIVE started seq=14925 watchdog=800ms
$SPOTDRIVE stopped reason=requested
OK
#
PLAY: s_native_v6_2_5 / 100% / body supported
$SPOTDRIVE started seq=14971 watchdog=800ms
$SPOTDRIVE stopped reason=requested
OK
#
PLAY: s_native_v6_2_5 / 100% / body supported
$SPOTDRIVE started seq=15017 watchdog=800ms
$SPOTDRIVE stopped reason=requested
OK
#
PLAY: s_native_v6_2_5 / 100% / body supported
$SPOTDRIVE started seq=15063 watchdog=800ms
$SPOTDRIVE stopped reason=requested
OK
#
PLAY: s_native_v6_2_5 / 100% / body supported
$SPOTDRIVE started seq=15109 watchdog=800ms
$SPOTDRIVE stopped reason=requested
OK
#
PLAY: s_native_v6_2_5 / 100% / body supported
$SPOTDRIVE started seq=15155 watchdog=800ms
$SPOTDRIVE stopped reason=requested
OK
#
PLAY: s_native_v6_2_5 / 100% / body supported
$SPOTDRIVE started seq=15201 watchdog=800ms
$SPOTDRIVE stopped reason=requested
OK
#
PLAY: s_native_v6_2_5 / 100% / body supported
$SPOTDRIVE started seq=15247 watchdog=800ms
$SPOTDRIVE stopped reason=requested
OK
#
PLAY: s_native_v6_2_5 / 100% / body supported
$SPOTDRIVE started seq=15293 watchdog=800ms
$SPOTDRIVE stopped reason=requested
OK
#
PLAY: s_native_v6_2_5 / 100% / body supported
$SPOTDRIVE started seq=15339 watchdog=800ms
$SPOTDRIVE stopped reason=requested
OK
#
PLAY: s_native_v6_2_5 / 100% / body supported
$SPOTDRIVE started seq=15385 watchdog=800ms
$SPOTDRIVE stopped reason=requested
OK
#
PLAY: s_native_v6_2_5 / 100% / body supported
$SPOTDRIVE started seq=15431 watchdog=800ms
$SPOTDRIVE stopped reason=requested
OK
#
PLAY: s_native_v6_2_5 / 100% / body supported
$SPOTDRIVE started seq=15477 watchdog=800ms
$SPOTDRIVE stopped reason=requested
OK
#
PLAY: s_native_v6_2_5 / 100% / body supported
$SPOTDRIVE started seq=15523 watchdog=800ms
$SPOTDRIVE stopped reason=requested
OK
#
PLAY: s_native_v6_2_5 / 100% / body supported
$SPOTDRIVE started seq=15569 watchdog=800ms
$SPOTDRIVE stopped reason=requested
OK
#
PLAY: s_native_v6_2_5 / 100% / body supported
$SPOTDRIVE started seq=15615 watchdog=800ms
$SPOTDRIVE stopped reason=requested
OK
#
PLAY: s_native_v6_2_5 / 100% / body supported
$SPOTDRIVE started seq=15661 watchdog=800ms
$SPOTDRIVE stopped reason=requested
OK
#
PLAY: s_native_v6_2_5 / 100% / body supported
$SPOTDRIVE started seq=15707 watchdog=800ms
$SPOTDRIVE stopped reason=requested
OK
#
PLAY: s_native_v6_2_5 / 100% / body supported
$SPOTDRIVE started seq=15753 watchdog=800ms
$SPOTDRIVE stopped reason=requested
OK
#
PLAY: s_native_v6_2_5 / 100% / body supported
$SPOTDRIVE started seq=15799 watchdog=800ms
$SPOTDRIVE stopped reason=requested
OK
#
PLAY: s_native_v6_2_5 / 100% / body supported
$SPOTDRIVE started seq=15845 watchdog=800ms
$SPOTDRIVE stopped reason=requested
OK
#
PLAY: s_native_v6_2_5 / 100% / body supported
$SPOTDRIVE started seq=15891 watchdog=800ms
$SPOTDRIVE stopped reason=requested
OK
#
PLAY: s_native_v6_2_5 / 100% / body supported
$SPOTDRIVE started seq=15937 watchdog=800ms
$SPOTDRIVE stopped reason=requested
OK
#
PLAY: s_native_v6_2_5 / 100% / body supported
$SPOTDRIVE started seq=15983 watchdog=800ms
$SPOTDRIVE stopped reason=requested
OK
#
PLAY: s_native_v6_2_5 / 100% / body supported
$SPOTDRIVE started seq=16029 watchdog=800ms
$SPOTDRIVE stopped reason=requested
OK
#
PLAY: s_native_v6_2_5 / 100% / body supported
$SPOTDRIVE started seq=16075 watchdog=800ms
$SPOTDRIVE stopped reason=requested
OK
#
PLAY: s_native_v6_2_5 / 100% / body supported
$SPOTDRIVE started seq=16121 watchdog=800ms
$SPOTDRIVE stopped reason=requested
OK
#
PLAY: s_native_v6_2_5 / 100% / body supported
$SPOTDRIVE started seq=16167 watchdog=800ms
$SPOTDRIVE stopped reason=requested
OK
#
PLAY: s_native_v6_2_5 / 100% / body supported
$SPOTDRIVE started seq=16213 watchdog=800ms
$SPOTDRIVE stopped reason=requested
OK
#
PLAY: s_native_v6_2_5 / 100% / body supported
$SPOTDRIVE started seq=16259 watchdog=800ms
$SPOTDRIVE stopped reason=requested
OK
#
PLAY: s_native_v6_2_5 / 100% / body supported
$SPOTDRIVE started seq=16305 watchdog=800ms
$SPOTDRIVE stopped reason=requested
OK
#
PLAY: s_native_v6_2_5 / 100% / body supported
$SPOTDRIVE started seq=16351 watchdog=800ms
$SPOTDRIVE stopped reason=requested
OK
#
PLAY: s_native_v6_2_5 / 100% / body supported
$SPOTDRIVE started seq=16397 watchdog=800ms
$SPOTDRIVE stopped reason=requested
OK
#
PLAY: s_native_v6_2_5 / 100% / body supported
$SPOTDRIVE started seq=16443 watchdog=800ms
$SPOTDRIVE stopped reason=requested
OK
#
PLAY: s_native_v6_2_5 / 100% / body supported
$SPOTDRIVE started seq=16489 watchdog=800ms
$SPOTDRIVE stopped reason=requested
OK
#
PLAY: s_native_v6_2_5 / 100% / body supported
$SPOTDRIVE started seq=16535 watchdog=800ms
$SPOTDRIVE stopped reason=requested
OK
#
PLAY: s_native_v6_2_5 / 100% / body supported
$SPOTDRIVE started seq=16581 watchdog=800ms
$SPOTDRIVE stopped reason=requested
OK
#
PLAY: s_native_v6_2_5 / 100% / body supported
$SPOTDRIVE started seq=16627 watchdog=800ms
$SPOTDRIVE stopped reason=requested
OK
#
PLAY: s_native_v6_2_5 / 100% / body supported
$SPOTDRIVE started seq=16673 watchdog=800ms
$SPOTDRIVE stopped reason=requested
OK
#
PLAY: s_native_v6_2_5 / 100% / body supported
$SPOTDRIVE started seq=16719 watchdog=800ms
$SPOTDRIVE stopped reason=requested
OK
#
PLAY: s_native_v6_2_5 / 100% / body supported
$SPOTDRIVE started seq=16765 watchdog=800ms
$SPOTDRIVE stopped reason=requested
OK
#
PLAY: s_native_v6_2_5 / 100% / body supported
$SPOTDRIVE started seq=16811 watchdog=800ms
$SPOTDRIVE stopped reason=requested
OK
#
PLAY: s_native_v6_2_5 / 100% / body supported
$SPOTDRIVE started seq=16857 watchdog=800ms
$SPOTDRIVE stopped reason=requested
OK
#
PLAY: s_native_v6_2_5 / 100% / body supported
$SPOTDRIVE started seq=16903 watchdog=800ms
$SPOTDRIVE stopped reason=requested
OK
#
PLAY: s_native_v6_2_5 / 100% / body supported
$SPOTDRIVE started seq=16949 watchdog=800ms
$SPOTDRIVE stopped reason=requested
OK
#
PLAY: s_native_v6_2_5 / 100% / body supported
$SPOTDRIVE started seq=16995 watchdog=800ms
$SPOTDRIVE stopped reason=requested
OK
#
PLAY: s_native_v6_2_5 / 100% / body supported
$SPOTDRIVE started seq=17041 watchdog=800ms
$SPOTDRIVE stopped reason=requested
OK
#
PLAY: s_native_v6_2_5 / 100% / body supported
$SPOTDRIVE started seq=17087 watchdog=800ms
$SPOTDRIVE stopped reason=requested
OK
#
PLAY: s_native_v6_2_5 / 100% / body supported
$SPOTDRIVE started seq=17133 watchdog=800ms
$SPOTDRIVE stopped reason=requested
OK
#
PLAY: s_native_v6_2_5 / 100% / body supported
$SPOTDRIVE started seq=17179 watchdog=800ms
$SPOTDRIVE stopped reason=requested
OK
#
PLAY: s_native_v6_2_5 / 100% / body supported
$SPOTDRIVE started seq=17225 watchdog=800ms
$SPOTDRIVE stopped reason=requested
OK
#
PLAY: s_native_v6_2_5 / 100% / body supported
$SPOTDRIVE started seq=17271 watchdog=800ms
$SPOTDRIVE stopped reason=requested
OK
#
PLAY: s_native_v6_2_5 / 100% / body supported
$SPOTDRIVE started seq=17317 watchdog=800ms
$SPOTDRIVE stopped reason=requested
OK
#
PLAY: s_native_v6_2_5 / 100% / body supported
$SPOTDRIVE started seq=17363 watchdog=800ms
$SPOTDRIVE stopped reason=requested
OK
#
PLAY: s_native_v6_2_5 / 100% / body supported
$SPOTDRIVE started seq=17409 watchdog=800ms
$SPOTDRIVE stopped reason=requested
OK
#
PLAY: s_native_v6_2_5 / 100% / body supported
$SPOTDRIVE started seq=17455 watchdog=800ms
$SPOTDRIVE stopped reason=requested
OK
#
PLAY: s_native_v6_2_5 / 100% / body supported
$SPOTDRIVE started seq=17501 watchdog=800ms
$SPOTDRIVE stopped reason=requested
OK
#
PLAY: s_native_v6_2_5 / 100% / body supported
$SPOTDRIVE started seq=17547 watchdog=800ms
$SPOTDRIVE stopped reason=requested
OK
#
PLAY: s_native_v6_2_5 / 100% / body supported
$SPOTDRIVE started seq=17593 watchdog=800ms
$SPOTDRIVE stopped reason=requested
OK
#
PLAY: s_native_v6_2_5 / 100% / body supported
$SPOTDRIVE started seq=17639 watchdog=800ms
$SPOTDRIVE stopped reason=requested
OK
#
PLAY: s_native_v6_2_5 / 100% / body supported
$SPOTDRIVE started seq=17685 watchdog=800ms
$SPOTDRIVE stopped reason=requested
OK
#
PLAY: s_native_v6_2_5 / 100% / body supported
$SPOTDRIVE started seq=17731 watchdog=800ms
$SPOTDRIVE stopped reason=requested
OK
#
PLAY: s_native_v6_2_5 / 100% / body supported
$SPOTDRIVE started seq=17777 watchdog=800ms
$SPOTDRIVE stopped reason=requested
OK
#
PLAY: s_native_v6_2_5 / 100% / body supported
$SPOTDRIVE started seq=17823 watchdog=800ms
$SPOTDRIVE stopped reason=requested
OK
#
PLAY: s_native_v6_2_5 / 100% / body supported
$SPOTDRIVE started seq=17869 watchdog=800ms
$SPOTDRIVE stopped reason=requested
OK
#
PLAY: s_native_v6_2_5 / 100% / body supported
$SPOTDRIVE started seq=17915 watchdog=800ms
$SPOTDRIVE stopped reason=requested
OK
#
PLAY: s_native_v6_2_5 / 100% / body supported
$SPOTDRIVE started seq=17961 watchdog=800ms
$SPOTDRIVE stopped reason=requested
OK
#
PLAY: s_native_v6_2_5 / 100% / body supported
$SPOTDRIVE started seq=18007 watchdog=800ms
$SPOTDRIVE stopped reason=requested
OK
#
PLAY: s_native_v6_2_5 / 100% / body supported
$SPOTDRIVE started seq=18053 watchdog=800ms
$SPOTDRIVE stopped reason=requested
OK
#
PLAY: s_native_v6_2_5 / 100% / body supported
$SPOTDRIVE started seq=18099 watchdog=800ms
$SPOTDRIVE stopped reason=requested
OK
#
PLAY: s_native_v6_2_5 / 100% / body supported
$SPOTDRIVE started seq=18145 watchdog=800ms
$SPOTDRIVE stopped reason=requested
OK
#
PLAY: s_native_v6_2_5 / 100% / body supported
$SPOTDRIVE started seq=18191 watchdog=800ms
$SPOTDRIVE stopped reason=requested
OK
#
PLAY: s_native_v6_2_5 / 100% / body supported
$SPOTDRIVE started seq=18237 watchdog=800ms
$SPOTDRIVE stopped reason=requested
OK
#
PLAY: s_native_v6_2_5 / 100% / body supported
$SPOTDRIVE started seq=18283 watchdog=800ms
$SPOTDRIVE stopped reason=requested
OK
#
PLAY: s_native_v6_2_5 / 100% / body supported
$SPOTDRIVE started seq=18329 watchdog=800ms
$SPOTDRIVE stopped reason=requested
OK
#
PLAY: s_native_v6_2_5 / 100% / body supported
$SPOTDRIVE started seq=18375 watchdog=800ms
$SPOTDRIVE stopped reason=requested
OK
#
PLAY: s_native_v6_2_5 / 100% / body supported
$SPOTDRIVE started seq=18421 watchdog=800ms
$SPOTDRIVE stopped reason=requested
OK
#
PLAY: s_native_v6_2_5 / 100% / body supported
$SPOTDRIVE started seq=18467 watchdog=800ms
$SPOTDRIVE stopped reason=requested
OK
#
PLAY: s_native_v6_2_5 / 100% / body supported
$SPOTDRIVE started seq=18513 watchdog=800ms
$SPOTDRIVE stopped reason=requested
OK
#
PLAY: s_native_v6_2_5 / 100% / body supported
$SPOTDRIVE started seq=18559 watchdog=800ms
$SPOTDRIVE stopped reason=requested
OK
#
PLAY: s_native_v6_2_5 / 100% / body supported
$SPOTDRIVE started seq=18605 watchdog=800ms
$SPOTDRIVE stopped reason=requested
OK
#
PLAY: s_native_v6_2_5 / 100% / body supported
$SPOTDRIVE started seq=18651 watchdog=800ms
$SPOTDRIVE stopped reason=requested
OK
#
PLAY: s_native_v6_2_5 / 100% / body supported
$SPOTDRIVE started seq=18697 watchdog=800ms
$SPOTDRIVE stopped reason=requested
OK
#
PLAY: s_native_v6_2_5 / 100% / body supported
$SPOTDRIVE started seq=18743 watchdog=800ms
$SPOTDRIVE stopped reason=requested
OK
#
PLAY: s_native_v6_2_5 / 100% / body supported
$SPOTDRIVE started seq=18789 watchdog=800ms
$SPOTDRIVE stopped reason=requested
OK
#
PLAY: s_native_v6_2_5 / 100% / body supported
$SPOTDRIVE started seq=18835 watchdog=800ms
$SPOTDRIVE stopped reason=requested
OK
#
PLAY: s_native_v6_2_5 / 100% / body supported
$SPOTDRIVE started seq=18881 watchdog=800ms
$SPOTDRIVE stopped reason=requested
OK
#
PLAY: s_native_v6_2_5 / 100% / body supported
$SPOTDRIVE started seq=18927 watchdog=800ms
$SPOTDRIVE stopped reason=requested
OK
#
PLAY: s_native_v6_2_5 / 100% / body supported
$SPOTDRIVE started seq=18973 watchdog=800ms
$SPOTDRIVE stopped reason=requested
OK
#
PLAY: s_native_v6_2_5 / 100% / body supported
$SPOTDRIVE started seq=19019 watchdog=800ms
$SPOTDRIVE stopped reason=requested
OK
#
PLAY: s_native_v6_2_5 / 100% / body supported
$SPOTDRIVE started seq=19065 watchdog=800ms
$SPOTDRIVE stopped reason=requested
OK
#
PLAY: s_native_v6_2_5 / 100% / body supported
$SPOTDRIVE started seq=19111 watchdog=800ms
$SPOTDRIVE stopped reason=requested
OK
#
PLAY: s_native_v6_2_5 / 100% / body supported
$SPOTDRIVE started seq=19157 watchdog=800ms
$SPOTDRIVE stopped reason=requested
OK
#
PLAY: s_native_v6_2_5 / 100% / body supported
$SPOTDRIVE started seq=19203 watchdog=800ms
$SPOTDRIVE stopped reason=requested
OK
#
PLAY: s_native_v6_2_5 / 100% / body supported
$SPOTDRIVE started seq=19249 watchdog=800ms
$SPOTDRIVE stopped reason=requested
OK
#
PLAY: s_native_v6_2_5 / 100% / body supported
$SPOTDRIVE started seq=19295 watchdog=800ms
$SPOTDRIVE stopped reason=requested
OK
#
PLAY: s_native_v6_2_5 / 100% / body supported
$SPOTDRIVE started seq=19341 watchdog=800ms
$SPOTDRIVE stopped reason=requested
OK
#
PLAY: s_native_v6_2_5 / 100% / body supported
$SPOTDRIVE started seq=19387 watchdog=800ms
$SPOTDRIVE stopped reason=requested
OK
#
PLAY: s_native_v6_2_5 / 100% / body supported
$SPOTDRIVE started seq=19433 watchdog=800ms
$SPOTDRIVE stopped reason=requested
OK
#
PLAY: s_native_v6_2_5 / 100% / body supported
$SPOTDRIVE started seq=19479 watchdog=800ms
$SPOTDRIVE stopped reason=requested
OK
#
PLAY: s_native_v6_2_5 / 100% / body supported
$SPOTDRIVE started seq=19525 watchdog=800ms
$SPOTDRIVE stopped reason=requested
OK
#
PLAY: s_native_v6_2_5 / 100% / body supported
$SPOTDRIVE started seq=19571 watchdog=800ms
$SPOTDRIVE stopped reason=requested
OK
#
PLAY: s_native_v6_2_5 / 100% / body supported
$SPOTDRIVE started seq=19617 watchdog=800ms
$SPOTDRIVE stopped reason=requested
OK
#
PLAY: s_native_v6_2_5 / 100% / body supported
$SPOTDRIVE started seq=19663 watchdog=800ms
$SPOTDRIVE stopped reason=requested
OK
#
PLAY: s_native_v6_2_5 / 100% / body supported
$SPOTDRIVE started seq=19709 watchdog=800ms
$SPOTDRIVE stopped reason=requested
OK
#
PLAY: s_native_v6_2_5 / 100% / body supported
$SPOTDRIVE started seq=19755 watchdog=800ms
$SPOTDRIVE stopped reason=requested
OK
#
PLAY: s_native_v6_2_5 / 100% / body supported
$SPOTDRIVE started seq=19801 watchdog=800ms
$SPOTDRIVE stopped reason=requested
OK
#
PLAY: s_native_v6_2_5 / 100% / body supported
$SPOTDRIVE started seq=19847 watchdog=800ms
$SPOTDRIVE stopped reason=requested
OK
#
PLAY: s_native_v6_2_5 / 100% / body supported
$SPOTDRIVE started seq=19893 watchdog=800ms
$SPOTDRIVE stopped reason=requested
OK
#
PLAY: s_native_v6_2_5 / 100% / body supported
$SPOTDRIVE started seq=19939 watchdog=800ms
$SPOTDRIVE stopped reason=requested
OK
#
PLAY: s_native_v6_2_5 / 100% / body supported
$SPOTDRIVE started seq=19985 watchdog=800ms
$SPOTDRIVE stopped reason=requested
OK
#
PLAY: s_native_v6_2_5 / 100% / body supported
$SPOTDRIVE started seq=20031 watchdog=800ms
$SPOTDRIVE stopped reason=requested
OK
#
PLAY: s_native_v6_2_5 / 100% / body supported
$SPOTDRIVE started seq=20077 watchdog=800ms
$SPOTDRIVE stopped reason=requested
OK
#
PLAY: s_native_v6_2_5 / 100% / body supported
$SPOTDRIVE started seq=20123 watchdog=800ms
$SPOTDRIVE stopped reason=requested
OK
#
PLAY: s_native_v6_2_5 / 100% / body supported
$SPOTDRIVE started seq=20169 watchdog=800ms
$SPOTDRIVE stopped reason=requested
OK
#
PLAY: s_native_v6_2_5 / 100% / body supported
$SPOTDRIVE started seq=20215 watchdog=800ms
$SPOTDRIVE stopped reason=requested
OK
#
PLAY: s_native_v6_2_5 / 100% / body supported
$SPOTDRIVE started seq=20261 watchdog=800ms
$SPOTDRIVE stopped reason=requested
OK
#
PLAY: s_native_v6_2_5 / 100% / body supported
$SPOTDRIVE started seq=20307 watchdog=800ms
$SPOTDRIVE stopped reason=requested
OK
#
PLAY: s_native_v6_2_5 / 100% / body supported
$SPOTDRIVE started seq=20353 watchdog=800ms
$SPOTDRIVE stopped reason=requested
OK
#
PLAY: s_native_v6_2_5 / 100% / body supported
$SPOTDRIVE started seq=20399 watchdog=800ms
$SPOTDRIVE stopped reason=requested
OK
#
PLAY: s_native_v6_2_5 / 100% / body supported
$SPOTDRIVE started seq=20445 watchdog=800ms
$SPOTDRIVE stopped reason=requested
OK
#
PLAY: s_native_v6_2_5 / 100% / body supported
$SPOTDRIVE started seq=20491 watchdog=800ms
$SPOTDRIVE stopped reason=requested
OK
#
PLAY: s_native_v6_2_5 / 100% / body supported
$SPOTDRIVE started seq=20537 watchdog=800ms
$SPOTDRIVE stopped reason=requested
OK
#
PLAY: s_native_v6_2_5 / 100% / body supported
$SPOTDRIVE started seq=20583 watchdog=800ms
$SPOTDRIVE stopped reason=requested
OK
#
PLAY: s_native_v6_2_5 / 100% / body supported
$SPOTDRIVE started seq=20629 watchdog=800ms
$SPOTDRIVE stopped reason=requested
OK
#
PLAY: s_native_v6_2_5 / 100% / body supported
$SPOTDRIVE started seq=20675 watchdog=800ms
$SPOTDRIVE stopped reason=requested
OK
#
PLAY: s_native_v6_2_5 / 100% / body supported
$SPOTDRIVE started seq=20721 watchdog=800ms
$SPOTDRIVE stopped reason=requested
OK
#
PLAY: s_native_v6_2_5 / 100% / body supported
$SPOTDRIVE started seq=20767 watchdog=800ms
$SPOTDRIVE stopped reason=requested
OK
#
PLAY: s_native_v6_2_5 / 100% / body supported
$SPOTDRIVE started seq=20813 watchdog=800ms
$SPOTDRIVE stopped reason=requested
OK
#
PLAY: s_native_v6_2_5 / 100% / body supported
$SPOTDRIVE started seq=20859 watchdog=800ms
$SPOTDRIVE stopped reason=requested
OK
#
PLAY: s_native_v6_2_5 / 100% / body supported
$SPOTDRIVE started seq=20905 watchdog=800ms
$SPOTDRIVE stopped reason=requested
OK
#
PLAY: s_native_v6_2_5 / 100% / body supported
$SPOTDRIVE started seq=20951 watchdog=800ms
$SPOTDRIVE stopped reason=requested
OK
#
PLAY: s_native_v6_2_5 / 100% / body supported
$SPOTDRIVE started seq=20997 watchdog=800ms
$SPOTDRIVE stopped reason=requested
OK
#
PLAY: s_native_v6_2_5 / 100% / body supported
$SPOTDRIVE started seq=21043 watchdog=800ms
$SPOTDRIVE stopped reason=requested
OK
#
PLAY: s_native_v6_2_5 / 100% / body supported
$SPOTDRIVE started seq=21089 watchdog=800ms
$SPOTDRIVE stopped reason=requested
OK
#
PLAY: s_native_v6_2_5 / 100% / body supported
$SPOTDRIVE started seq=21135 watchdog=800ms
$SPOTDRIVE stopped reason=requested
OK
#
PLAY: s_native_v6_2_5 / 100% / body supported
$SPOTDRIVE started seq=21181 watchdog=800ms
$SPOTDRIVE stopped reason=requested
OK
#
PLAY: s_native_v6_2_5 / 100% / body supported
$SPOTDRIVE started seq=21227 watchdog=800ms
$SPOTDRIVE stopped reason=requested
OK
#
PLAY: s_native_v6_2_5 / 100% / body supported
$SPOTDRIVE started seq=21273 watchdog=800ms
$SPOTDRIVE stopped reason=requested
OK
#
PLAY: s_native_v6_2_5 / 100% / body supported
$SPOTDRIVE started seq=21319 watchdog=800ms
$SPOTDRIVE stopped reason=requested
OK
#
PLAY: s_native_v6_2_5 / 100% / body supported
$SPOTDRIVE started seq=21365 watchdog=800ms
$SPOTDRIVE stopped reason=requested
OK
#
PLAY: s_native_v6_2_5 / 100% / body supported
$SPOTDRIVE started seq=21411 watchdog=800ms
$SPOTDRIVE stopped reason=requested
OK
#
PLAY: s_native_v6_2_5 / 100% / body supported
$SPOTDRIVE started seq=21457 watchdog=800ms
$SPOTDRIVE stopped reason=requested
OK
#
PLAY: s_native_v6_2_5 / 100% / body supported
$SPOTDRIVE started seq=21503 watchdog=800ms
$SPOTDRIVE stopped reason=requested
OK
#
PLAY: s_native_v6_2_5 / 100% / body supported
$SPOTDRIVE started seq=21549 watchdog=800ms
$SPOTDRIVE stopped reason=requested
OK
#
PLAY: s_native_v6_2_5 / 100% / body supported
$SPOTDRIVE started seq=21595 watchdog=800ms
$SPOTDRIVE stopped reason=requested
OK
#
PLAY: s_native_v6_2_5 / 100% / body supported
$SPOTDRIVE started seq=21641 watchdog=800ms
$SPOTDRIVE stopped reason=requested
OK
#
PLAY: s_native_v6_2_5 / 100% / body supported
$SPOTDRIVE started seq=21687 watchdog=800ms
$SPOTDRIVE stopped reason=requested
OK
#
PLAY: s_native_v6_2_5 / 100% / body supported
$SPOTDRIVE started seq=21733 watchdog=800ms
$SPOTDRIVE stopped reason=requested
OK
#
PLAY: s_native_v6_2_5 / 100% / body supported
$SPOTDRIVE started seq=21779 watchdog=800ms
$SPOTDRIVE stopped reason=requested
OK
#
PLAY: s_native_v6_2_5 / 100% / body supported
$SPOTDRIVE started seq=21825 watchdog=800ms
$SPOTDRIVE stopped reason=requested
OK
#
PLAY: s_native_v6_2_5 / 100% / body supported
$SPOTDRIVE started seq=21871 watchdog=800ms
$SPOTDRIVE stopped reason=requested
OK
#
PLAY: s_native_v6_2_5 / 100% / body supported
$SPOTDRIVE started seq=21917 watchdog=800ms
$SPOTDRIVE stopped reason=requested
OK
#
PLAY: s_native_v6_2_5 / 100% / body supported
$SPOTDRIVE started seq=21963 watchdog=800ms
$SPOTDRIVE stopped reason=requested
OK
#
PLAY: s_native_v6_2_5 / 100% / body supported
$SPOTDRIVE started seq=22009 watchdog=800ms
$SPOTDRIVE stopped reason=requested
OK
#
PLAY: s_native_v6_2_5 / 100% / body supported
$SPOTDRIVE started seq=22055 watchdog=800ms
$SPOTDRIVE stopped reason=requested
OK
#
PLAY: s_native_v6_2_5 / 100% / body supported
$SPOTDRIVE started seq=22101 watchdog=800ms
$SPOTDRIVE stopped reason=requested
OK
#
PLAY: s_native_v6_2_5 / 100% / body supported
$SPOTDRIVE started seq=22147 watchdog=800ms
$SPOTDRIVE stopped reason=requested
OK
#
PLAY: s_native_v6_2_5 / 100% / body supported
$SPOTDRIVE started seq=22193 watchdog=800ms
$SPOTDRIVE stopped reason=requested
OK
#
PLAY: s_native_v6_2_5 / 100% / body supported
$SPOTDRIVE started seq=22239 watchdog=800ms
$SPOTDRIVE stopped reason=requested
OK
#
PLAY: s_native_v6_2_5 / 100% / body supported
$SPOTDRIVE started seq=22285 watchdog=800ms
$SPOTDRIVE stopped reason=requested
OK
#
PLAY: s_native_v6_2_5 / 100% / body supported
$SPOTDRIVE started seq=22331 watchdog=800ms
$SPOTDRIVE stopped reason=requested
OK
#
PLAY: s_native_v6_2_5 / 100% / body supported
$SPOTDRIVE started seq=22377 watchdog=800ms
$SPOTDRIVE stopped reason=requested
OK
#
PLAY: s_native_v6_2_5 / 100% / body supported
$SPOTDRIVE started seq=22423 watchdog=800ms
$SPOTDRIVE stopped reason=requested
OK
#
PLAY: s_native_v6_2_5 / 100% / body supported
$SPOTDRIVE started seq=22469 watchdog=800ms
$SPOTDRIVE stopped reason=requested
OK
#
PLAY: s_native_v6_2_5 / 100% / body supported
$SPOTDRIVE started seq=22515 watchdog=800ms
$SPOTDRIVE stopped reason=requested
OK
#
PLAY: s_native_v6_2_5 / 100% / body supported
$SPOTDRIVE started seq=22561 watchdog=800ms
$SPOTDRIVE stopped reason=requested
OK
#
PLAY: s_native_v6_2_5 / 100% / body supported
$SPOTDRIVE started seq=22607 watchdog=800ms
$SPOTDRIVE stopped reason=requested
OK
#
PLAY: s_native_v6_2_5 / 100% / body supported
$SPOTDRIVE started seq=22653 watchdog=800ms
$SPOTDRIVE stopped reason=requested
OK
#
PLAY: s_native_v6_2_5 / 100% / body supported
$SPOTDRIVE started seq=22699 watchdog=800ms
$SPOTDRIVE stopped reason=requested
OK
#
PLAY: s_native_v6_2_5 / 100% / body supported
$SPOTDRIVE started seq=22745 watchdog=800ms
$SPOTDRIVE stopped reason=requested
OK
#
PLAY: s_native_v6_2_5 / 100% / body supported
$SPOTDRIVE started seq=22791 watchdog=800ms
$SPOTDRIVE stopped reason=requested
OK
#
PLAY: s_native_v6_2_5 / 100% / body supported
$SPOTDRIVE started seq=22837 watchdog=800ms
$SPOTDRIVE stopped reason=requested
OK
#
PLAY: s_native_v6_2_5 / 100% / body supported
$SPOTDRIVE started seq=22883 watchdog=800ms
$SPOTDRIVE stopped reason=requested
OK
#
PLAY: s_native_v6_2_5 / 100% / body supported
$SPOTDRIVE started seq=22929 watchdog=800ms
$SPOTDRIVE stopped reason=requested
OK
#
PLAY: s_native_v6_2_5 / 100% / body supported
$SPOTDRIVE started seq=22975 watchdog=800ms
$SPOTDRIVE stopped reason=requested
OK
#
PLAY: s_native_v6_2_5 / 100% / body supported
$SPOTDRIVE started seq=23021 watchdog=800ms
$SPOTDRIVE stopped reason=requested
OK
#
PLAY: s_native_v6_2_5 / 100% / body supported
$SPOTDRIVE started seq=23067 watchdog=800ms
$SPOTDRIVE stopped reason=requested
OK
#
PLAY: s_native_v6_2_5 / 100% / body supported
$SPOTDRIVE started seq=23113 watchdog=800ms
$SPOTDRIVE stopped reason=requested
OK
#
PLAY: s_native_v6_2_5 / 100% / body supported
$SPOTDRIVE started seq=23159 watchdog=800ms
$SPOTDRIVE stopped reason=requested
OK
#
PLAY: s_native_v6_2_5 / 100% / body supported
$SPOTDRIVE started seq=23205 watchdog=800ms
$SPOTDRIVE stopped reason=requested
OK
#
PLAY: s_native_v6_2_5 / 100% / body supported
$SPOTDRIVE started seq=23251 watchdog=800ms
$SPOTDRIVE stopped reason=requested
OK
#
PLAY: s_native_v6_2_5 / 100% / body supported
$SPOTDRIVE started seq=23297 watchdog=800ms
$SPOTDRIVE stopped reason=requested
OK
#
PLAY: s_native_v6_2_5 / 100% / body supported
$SPOTDRIVE started seq=23343 watchdog=800ms
$SPOTDRIVE stopped reason=requested
OK
#
PLAY: s_native_v6_2_5 / 100% / body supported
$SPOTDRIVE started seq=23389 watchdog=800ms
$SPOTDRIVE stopped reason=requested
OK
#
PLAY: s_native_v6_2_5 / 100% / body supported
$SPOTDRIVE started seq=23435 watchdog=800ms
$SPOTDRIVE stopped reason=requested
OK
#
PLAY: s_native_v6_2_5 / 100% / body supported
$SPOTDRIVE started seq=23481 watchdog=800ms
$SPOTDRIVE stopped reason=requested
OK
#
PLAY: s_native_v6_2_5 / 100% / body supported
$SPOTDRIVE started seq=23527 watchdog=800ms
$SPOTDRIVE stopped reason=requested
OK
#
PLAY: s_native_v6_2_5 / 100% / body supported
$SPOTDRIVE started seq=23573 watchdog=800ms
$SPOTDRIVE stopped reason=requested
OK
#
PLAY: s_native_v6_2_5 / 100% / body supported
$SPOTDRIVE started seq=23619 watchdog=800ms
$SPOTDRIVE stopped reason=requested
OK
#
PLAY: s_native_v6_2_5 / 100% / body supported
$SPOTDRIVE started seq=23665 watchdog=800ms
$SPOTDRIVE stopped reason=requested
OK
#
PLAY: s_native_v6_2_5 / 100% / body supported
$SPOTDRIVE started seq=23711 watchdog=800ms
$SPOTDRIVE stopped reason=requested
OK
#
PLAY: s_native_v6_2_5 / 100% / body supported
$SPOTDRIVE started seq=23757 watchdog=800ms
$SPOTDRIVE stopped reason=requested
OK
#
PLAY: s_native_v6_2_5 / 100% / body supported
$SPOTDRIVE started seq=23803 watchdog=800ms
$SPOTDRIVE stopped reason=requested
OK
#
PLAY: s_native_v6_2_5 / 100% / body supported
$SPOTDRIVE started seq=23849 watchdog=800ms
$SPOTDRIVE stopped reason=requested
OK
#
PLAY: s_native_v6_2_5 / 100% / body supported
$SPOTDRIVE started seq=23895 watchdog=800ms
$SPOTDRIVE stopped reason=requested
OK
#
PLAY: s_native_v6_2_5 / 100% / body supported
$SPOTDRIVE started seq=23941 watchdog=800ms
$SPOTDRIVE stopped reason=requested
OK
#
PLAY: s_native_v6_2_5 / 100% / body supported
$SPOTDRIVE started seq=23987 watchdog=800ms
$SPOTDRIVE stopped reason=requested
OK
#
PLAY: s_native_v6_2_5 / 100% / body supported
$SPOTDRIVE started seq=24033 watchdog=800ms
$SPOTDRIVE stopped reason=requested
OK
#
PLAY: s_native_v6_2_5 / 100% / body supported
$SPOTDRIVE started seq=24079 watchdog=800ms
$SPOTDRIVE stopped reason=requested
OK
#
PLAY: s_native_v6_2_5 / 100% / body supported
$SPOTDRIVE started seq=24125 watchdog=800ms
$SPOTDRIVE stopped reason=requested
OK
#
PLAY: s_native_v6_2_5 / 100% / body supported
$SPOTDRIVE started seq=24171 watchdog=800ms
$SPOTDRIVE stopped reason=requested
OK
#
PLAY: s_native_v6_2_5 / 100% / body supported
$SPOTDRIVE started seq=24217 watchdog=800ms
$SPOTDRIVE stopped reason=requested
OK
#
PLAY: s_native_v6_2_5 / 100% / body supported
$SPOTDRIVE started seq=24263 watchdog=800ms
$SPOTDRIVE stopped reason=requested
OK
#
PLAY: s_native_v6_2_5 / 100% / body supported
$SPOTDRIVE started seq=24309 watchdog=800ms
$SPOTDRIVE stopped reason=requested
OK
#
PLAY: s_native_v6_2_5 / 100% / body supported
$SPOTDRIVE started seq=24355 watchdog=800ms
$SPOTDRIVE stopped reason=requested
OK
#
PLAY: s_native_v6_2_5 / 100% / body supported
$SPOTDRIVE started seq=24401 watchdog=800ms
$SPOTDRIVE stopped reason=requested
OK
#
PLAY: s_native_v6_2_5 / 100% / body supported
$SPOTDRIVE started seq=24447 watchdog=800ms
$SPOTDRIVE stopped reason=requested
OK
#
PLAY: s_native_v6_2_5 / 100% / body supported
$SPOTDRIVE started seq=24493 watchdog=800ms
$SPOTDRIVE stopped reason=requested
OK
#
PLAY: s_native_v6_2_5 / 100% / body supported
$SPOTDRIVE started seq=24539 watchdog=800ms
$SPOTDRIVE stopped reason=requested
OK
#
PLAY: s_native_v6_2_5 / 100% / body supported
$SPOTDRIVE started seq=24585 watchdog=800ms
$SPOTDRIVE stopped reason=requested
OK
#
PLAY: s_native_v6_2_5 / 100% / body supported
$SPOTDRIVE started seq=24631 watchdog=800ms
$SPOTDRIVE stopped reason=requested
OK
#
PLAY: s_native_v6_2_5 / 100% / body supported
$SPOTDRIVE started seq=24677 watchdog=800ms
$SPOTDRIVE stopped reason=requested
OK
#
PLAY: s_native_v6_2_5 / 100% / body supported
$SPOTDRIVE started seq=24723 watchdog=800ms
$SPOTDRIVE stopped reason=requested
OK
#
PLAY: s_native_v6_2_5 / 100% / body supported
$SPOTDRIVE started seq=24769 watchdog=800ms
$SPOTDRIVE stopped reason=requested
OK
#
PLAY: s_native_v6_2_5 / 100% / body supported
$SPOTDRIVE started seq=24815 watchdog=800ms
$SPOTDRIVE stopped reason=requested
OK
#
PLAY: s_native_v6_2_5 / 100% / body supported
$SPOTDRIVE started seq=24861 watchdog=800ms
$SPOTDRIVE stopped reason=requested
OK
#
PLAY: s_native_v6_2_5 / 100% / body supported
$SPOTDRIVE started seq=24907 watchdog=800ms
$SPOTDRIVE stopped reason=requested
OK
#
PLAY: s_native_v6_2_5 / 100% / body supported
$SPOTDRIVE started seq=24953 watchdog=800ms
$SPOTDRIVE stopped reason=requested
OK
#
PLAY: s_native_v6_2_5 / 100% / body supported
$SPOTDRIVE started seq=24999 watchdog=800ms
$SPOTDRIVE stopped reason=requested
OK
#
PLAY: s_native_v6_2_5 / 100% / body supported
$SPOTDRIVE started seq=25045 watchdog=800ms
$SPOTDRIVE stopped reason=requested
OK
#
PLAY: s_native_v6_2_5 / 100% / body supported
$SPOTDRIVE started seq=25091 watchdog=800ms
$SPOTDRIVE stopped reason=requested
OK
#
PLAY: s_native_v6_2_5 / 100% / body supported
$SPOTDRIVE started seq=25137 watchdog=800ms
$SPOTDRIVE stopped reason=requested
OK
#
PLAY: s_native_v6_2_5 / 100% / body supported
$SPOTDRIVE started seq=25183 watchdog=800ms
$SPOTDRIVE stopped reason=requested
OK
#
PLAY: s_native_v6_2_5 / 100% / body supported
$SPOTDRIVE started seq=25229 watchdog=800ms
$SPOTDRIVE stopped reason=requested
OK
#
PLAY: s_native_v6_2_5 / 100% / body supported
$SPOTDRIVE started seq=25275 watchdog=800ms
$SPOTDRIVE stopped reason=requested
OK
#
PLAY: s_native_v6_2_5 / 100% / body supported
$SPOTDRIVE started seq=25321 watchdog=800ms
$SPOTDRIVE stopped reason=requested
OK
#
PLAY: s_native_v6_2_5 / 100% / body supported
$SPOTDRIVE started seq=25367 watchdog=800ms
$SPOTDRIVE stopped reason=requested
OK
#
PLAY: s_native_v6_2_5 / 100% / body supported
$SPOTDRIVE started seq=25413 watchdog=800ms
$SPOTDRIVE stopped reason=requested
OK
#
PLAY: s_native_v6_2_5 / 100% / body supported
$SPOTDRIVE started seq=25459 watchdog=800ms
$SPOTDRIVE stopped reason=requested
OK
#
PLAY: s_native_v6_2_5 / 100% / body supported
$SPOTDRIVE started seq=25505 watchdog=800ms
$SPOTDRIVE stopped reason=requested
OK
#
PLAY: s_native_v6_2_5 / 100% / body supported
$SPOTDRIVE started seq=25551 watchdog=800ms
$SPOTDRIVE stopped reason=requested
OK
#
PLAY: s_native_v6_2_5 / 100% / body supported
$SPOTDRIVE started seq=25597 watchdog=800ms
$SPOTDRIVE stopped reason=requested
OK
#
PLAY: s_native_v6_2_5 / 100% / body supported
$SPOTDRIVE started seq=25643 watchdog=800ms
$SPOTDRIVE stopped reason=requested
OK
#
PLAY: s_native_v6_2_5 / 100% / body supported
$SPOTDRIVE started seq=25689 watchdog=800ms
$SPOTDRIVE stopped reason=requested
OK
#
PLAY: s_native_v6_2_5 / 100% / body supported
$SPOTDRIVE started seq=25735 watchdog=800ms
$SPOTDRIVE stopped reason=requested
OK
#
PLAY: s_native_v6_2_5 / 100% / body supported
$SPOTDRIVE started seq=25781 watchdog=800ms
$SPOTDRIVE stopped reason=requested
OK
#
PLAY: s_native_v6_2_5 / 100% / body supported
$SPOTDRIVE started seq=25827 watchdog=800ms
$SPOTDRIVE stopped reason=requested
OK
#
PLAY: s_native_v6_2_5 / 100% / body supported
$SPOTDRIVE started seq=25873 watchdog=800ms
$SPOTDRIVE stopped reason=requested
OK
#
PLAY: s_native_v6_2_5 / 100% / body supported
$SPOTDRIVE started seq=25919 watchdog=800ms
$SPOTDRIVE stopped reason=requested
OK
#
PLAY: s_native_v6_2_5 / 100% / body supported
$SPOTDRIVE started seq=25965 watchdog=800ms
$SPOTDRIVE stopped reason=requested
OK
#
PLAY: s_native_v6_2_5 / 100% / body supported
$SPOTDRIVE started seq=26011 watchdog=800ms
$SPOTDRIVE stopped reason=requested
OK
#
PLAY: s_native_v6_2_5 / 100% / body supported
$SPOTDRIVE started seq=26057 watchdog=800ms
$SPOTDRIVE stopped reason=requested
OK
#
PLAY: s_native_v6_2_5 / 100% / body supported
$SPOTDRIVE started seq=26103 watchdog=800ms
$SPOTDRIVE stopped reason=requested
OK
#
PLAY: s_native_v6_2_5 / 100% / body supported
$SPOTDRIVE started seq=26149 watchdog=800ms
$SPOTDRIVE stopped reason=requested
OK
#
PLAY: s_native_v6_2_5 / 100% / body supported
$SPOTDRIVE started seq=26195 watchdog=800ms
$SPOTDRIVE stopped reason=requested
OK
#
PLAY: s_native_v6_2_5 / 100% / body supported
$SPOTDRIVE started seq=26241 watchdog=800ms
$SPOTDRIVE stopped reason=requested
OK
#
PLAY: s_native_v6_2_5 / 100% / body supported
$SPOTDRIVE started seq=26287 watchdog=800ms
$SPOTDRIVE stopped reason=requested
OK
#
PLAY: s_native_v6_2_5 / 100% / body supported
$SPOTDRIVE started seq=26333 watchdog=800ms
$SPOTDRIVE stopped reason=requested
OK
#
PLAY: s_native_v6_2_5 / 100% / body supported
$SPOTDRIVE started seq=26379 watchdog=800ms
$SPOTDRIVE stopped reason=requested
OK
#
PLAY: s_native_v6_2_5 / 100% / body supported
$SPOTDRIVE started seq=26425 watchdog=800ms
$SPOTDRIVE stopped reason=requested
OK
#
PLAY: s_native_v6_2_5 / 100% / body supported
$SPOTDRIVE started seq=26471 watchdog=800ms
$SPOTDRIVE stopped reason=requested
OK
#
PLAY: s_native_v6_2_5 / 100% / body supported
$SPOTDRIVE started seq=26517 watchdog=800ms
$SPOTDRIVE stopped reason=requested
OK
#
PLAY: s_native_v6_2_5 / 100% / body supported
$SPOTDRIVE started seq=26563 watchdog=800ms
$SPOTDRIVE stopped reason=requested
OK
#
PLAY: s_native_v6_2_5 / 100% / body supported
$SPOTDRIVE started seq=26609 watchdog=800ms
$SPOTDRIVE stopped reason=requested
OK
#
PLAY: s_native_v6_2_5 / 100% / body supported
$SPOTDRIVE started seq=26655 watchdog=800ms
$SPOTDRIVE stopped reason=requested
OK
#
PLAY: s_native_v6_2_5 / 100% / body supported
$SPOTDRIVE started seq=26701 watchdog=800ms
$SPOTDRIVE stopped reason=requested
OK
#
PLAY: s_native_v6_2_5 / 100% / body supported
$SPOTDRIVE started seq=26747 watchdog=800ms
$SPOTDRIVE stopped reason=requested
OK
#
PLAY: s_native_v6_2_5 / 100% / body supported
$SPOTDRIVE started seq=26793 watchdog=800ms
$SPOTDRIVE stopped reason=requested
OK
#
PLAY: s_native_v6_2_5 / 100% / body supported
$SPOTDRIVE started seq=26839 watchdog=800ms
$SPOTDRIVE stopped reason=requested
OK
#
PLAY: s_native_v6_2_5 / 100% / body supported
$SPOTDRIVE started seq=26885 watchdog=800ms
$SPOTDRIVE stopped reason=requested
OK
#
PLAY: s_native_v6_2_5 / 100% / body supported
$SPOTDRIVE started seq=26931 watchdog=800ms
$SPOTDRIVE stopped reason=requested
OK
#
PLAY: s_native_v6_2_5 / 100% / body supported
$SPOTDRIVE started seq=26977 watchdog=800ms
$SPOTDRIVE stopped reason=requested
OK
#
PLAY: s_native_v6_2_5 / 100% / body supported
$SPOTDRIVE started seq=27023 watchdog=800ms
$SPOTDRIVE stopped reason=requested
OK
#
PLAY: s_native_v6_2_5 / 100% / body supported
$SPOTDRIVE started seq=27069 watchdog=800ms
$SPOTDRIVE stopped reason=requested
OK
#
PLAY: s_native_v6_2_5 / 100% / body supported
$SPOTDRIVE started seq=27115 watchdog=800ms
$SPOTDRIVE stopped reason=requested
OK
#
PLAY: s_native_v6_2_5 / 100% / body supported
$SPOTDRIVE started seq=27161 watchdog=800ms
$SPOTDRIVE stopped reason=requested
OK
#
PLAY: s_native_v6_2_5 / 100% / body supported
$SPOTDRIVE started seq=27207 watchdog=800ms
$SPOTDRIVE stopped reason=requested
OK
#
PLAY: s_native_v6_2_5 / 100% / body supported
$SPOTDRIVE started seq=27253 watchdog=800ms
$SPOTDRIVE stopped reason=requested
OK
#
PLAY: s_native_v6_2_5 / 100% / body supported
$SPOTDRIVE started seq=27299 watchdog=800ms
$SPOTDRIVE stopped reason=requested
OK
#
PLAY: s_native_v6_2_5 / 100% / body supported
$SPOTDRIVE started seq=27345 watchdog=800ms
$SPOTDRIVE stopped reason=requested
OK
#
PLAY: s_native_v6_2_5 / 100% / body supported
$SPOTDRIVE started seq=27391 watchdog=800ms
$SPOTDRIVE stopped reason=requested
OK
#
PLAY: s_native_v6_2_5 / 100% / body supported
$SPOTDRIVE started seq=27437 watchdog=800ms
$SPOTDRIVE stopped reason=requested
OK
#
PLAY: s_native_v6_2_5 / 100% / body supported
$SPOTDRIVE started seq=27483 watchdog=800ms
$SPOTDRIVE stopped reason=requested
OK
#
PLAY: s_native_v6_2_5 / 100% / body supported
$SPOTDRIVE started seq=27529 watchdog=800ms
$SPOTDRIVE stopped reason=requested
OK
#
PLAY: s_native_v6_2_5 / 100% / body supported
$SPOTDRIVE started seq=27575 watchdog=800ms
$SPOTDRIVE stopped reason=requested
OK
#
PLAY: s_native_v6_2_5 / 100% / body supported
$SPOTDRIVE started seq=27621 watchdog=800ms
$SPOTDRIVE stopped reason=requested
OK
#
PLAY: s_native_v6_2_5 / 100% / body supported
$SPOTDRIVE started seq=27667 watchdog=800ms
$SPOTDRIVE stopped reason=requested
OK
#
PLAY: s_native_v6_2_5 / 100% / body supported
$SPOTDRIVE started seq=27713 watchdog=800ms
$SPOTDRIVE stopped reason=requested
OK
#
PLAY: s_native_v6_2_5 / 100% / body supported
$SPOTDRIVE started seq=27759 watchdog=800ms
$SPOTDRIVE stopped reason=requested
OK
#
PLAY: s_native_v6_2_5 / 100% / body supported
$SPOTDRIVE started seq=27805 watchdog=800ms
$SPOTDRIVE stopped reason=requested
OK
#
PLAY: s_native_v6_2_5 / 100% / body supported
$SPOTDRIVE started seq=27851 watchdog=800ms
$SPOTDRIVE stopped reason=requested
OK
#
PLAY: s_native_v6_2_5 / 100% / body supported
$SPOTDRIVE started seq=27897 watchdog=800ms
$SPOTDRIVE stopped reason=requested
OK
#
PLAY: s_native_v6_2_5 / 100% / body supported
$SPOTDRIVE started seq=27943 watchdog=800ms
$SPOTDRIVE stopped reason=requested
OK
#
PLAY: s_native_v6_2_5 / 100% / body supported
$SPOTDRIVE started seq=27989 watchdog=800ms
$SPOTDRIVE stopped reason=requested
OK
#
PLAY: s_native_v6_2_5 / 100% / body supported
$SPOTDRIVE started seq=28035 watchdog=800ms
$SPOTDRIVE stopped reason=requested
OK
#
PLAY: s_native_v6_2_5 / 100% / body supported
$SPOTDRIVE started seq=28081 watchdog=800ms
$SPOTDRIVE stopped reason=requested
OK
#
PLAY: s_native_v6_2_5 / 100% / body supported
$SPOTDRIVE started seq=28127 watchdog=800ms
$SPOTDRIVE stopped reason=requested
OK
#
PLAY: s_native_v6_2_5 / 100% / body supported
$SPOTDRIVE started seq=28173 watchdog=800ms
$SPOTDRIVE stopped reason=requested
OK
#
PLAY: s_native_v6_2_5 / 100% / body supported
$SPOTDRIVE started seq=28219 watchdog=800ms
$SPOTDRIVE stopped reason=requested
OK
#
PLAY: s_native_v6_2_5 / 100% / body supported
$SPOTDRIVE started seq=28265 watchdog=800ms
$SPOTDRIVE stopped reason=requested
OK
#
PLAY: s_native_v6_2_5 / 100% / body supported
$SPOTDRIVE started seq=28311 watchdog=800ms
$SPOTDRIVE stopped reason=requested
OK
#
PLAY: s_native_v6_2_5 / 100% / body supported
$SPOTDRIVE started seq=28357 watchdog=800ms
$SPOTDRIVE stopped reason=requested
OK
#
PLAY: s_native_v6_2_5 / 100% / body supported
$SPOTDRIVE started seq=28403 watchdog=800ms
$SPOTDRIVE stopped reason=requested
OK
#
PLAY: s_native_v6_2_5 / 100% / body supported
$SPOTDRIVE started seq=28449 watchdog=800ms
$SPOTDRIVE stopped reason=requested
OK
#
PLAY: s_native_v6_2_5 / 100% / body supported
$SPOTDRIVE started seq=28495 watchdog=800ms
$SPOTDRIVE stopped reason=requested
OK
#
PLAY: s_native_v6_2_5 / 100% / body supported
$SPOTDRIVE started seq=28541 watchdog=800ms
$SPOTDRIVE stopped reason=requested
OK
#
PLAY: s_native_v6_2_5 / 100% / body supported
$SPOTDRIVE started seq=28587 watchdog=800ms
$SPOTDRIVE stopped reason=requested
OK
#
PLAY: s_native_v6_2_5 / 100% / body supported
$SPOTDRIVE started seq=28633 watchdog=800ms
$SPOTDRIVE stopped reason=requested
OK
#
PLAY: s_native_v6_2_5 / 100% / body supported
$SPOTDRIVE started seq=28679 watchdog=800ms
$SPOTDRIVE stopped reason=requested
OK
#
PLAY: s_native_v6_2_5 / 100% / body supported
$SPOTDRIVE started seq=28725 watchdog=800ms
$SPOTDRIVE stopped reason=requested
OK
#
PLAY: s_native_v6_2_5 / 100% / body supported
$SPOTDRIVE started seq=28771 watchdog=800ms
$SPOTDRIVE stopped reason=requested
OK
#
PLAY: s_native_v6_2_5 / 100% / body supported
$SPOTDRIVE started seq=28817 watchdog=800ms
$SPOTDRIVE stopped reason=requested
OK
#
PLAY: s_native_v6_2_5 / 100% / body supported
$SPOTDRIVE started seq=28863 watchdog=800ms
$SPOTDRIVE stopped reason=requested
OK
#
PLAY: s_native_v6_2_5 / 100% / body supported
$SPOTDRIVE started seq=28909 watchdog=800ms
$SPOTDRIVE stopped reason=requested
OK
#
PLAY: s_native_v6_2_5 / 100% / body supported
$SPOTDRIVE started seq=28955 watchdog=800ms
$SPOTDRIVE stopped reason=requested
OK
#
PLAY: s_native_v6_2_5 / 100% / body supported
$SPOTDRIVE started seq=29001 watchdog=800ms
$SPOTDRIVE stopped reason=requested
OK
#
PLAY: s_native_v6_2_5 / 100% / body supported
$SPOTDRIVE started seq=29047 watchdog=800ms
$SPOTDRIVE stopped reason=requested
OK
#
PLAY: s_native_v6_2_5 / 100% / body supported
$SPOTDRIVE started seq=29093 watchdog=800ms
$SPOTDRIVE stopped reason=requested
OK
#
PLAY: s_native_v6_2_5 / 100% / body supported
$SPOTDRIVE started seq=29139 watchdog=800ms
$SPOTDRIVE stopped reason=requested
OK
#
PLAY: s_native_v6_2_5 / 100% / body supported
$SPOTDRIVE started seq=29185 watchdog=800ms
$SPOTDRIVE stopped reason=requested
OK
#
PLAY: s_native_v6_2_5 / 100% / body supported
$SPOTDRIVE started seq=29231 watchdog=800ms
$SPOTDRIVE stopped reason=requested
OK
#
PLAY: s_native_v6_2_5 / 100% / body supported
$SPOTDRIVE started seq=29277 watchdog=800ms
$SPOTDRIVE stopped reason=requested
OK
#
PLAY: s_native_v6_2_5 / 100% / body supported
$SPOTDRIVE started seq=29323 watchdog=800ms
$SPOTDRIVE stopped reason=requested
OK
#
PLAY: s_native_v6_2_5 / 100% / body supported
$SPOTDRIVE started seq=29369 watchdog=800ms
$SPOTDRIVE stopped reason=requested
OK
#
PLAY: s_native_v6_2_5 / 100% / body supported
$SPOTDRIVE started seq=29415 watchdog=800ms
$SPOTDRIVE stopped reason=requested
OK
#
PLAY: s_native_v6_2_5 / 100% / body supported
$SPOTDRIVE started seq=29461 watchdog=800ms
$SPOTDRIVE stopped reason=requested
OK
#
PLAY: s_native_v6_2_5 / 100% / body supported
$SPOTDRIVE started seq=29507 watchdog=800ms
$SPOTDRIVE stopped reason=requested
OK
#
PLAY: s_native_v6_2_5 / 100% / body supported
$SPOTDRIVE started seq=29553 watchdog=800ms
$SPOTDRIVE stopped reason=requested
OK
#
PLAY: s_native_v6_2_5 / 100% / body supported
$SPOTDRIVE started seq=29599 watchdog=800ms
$SPOTDRIVE stopped reason=requested
OK
#
PLAY: s_native_v6_2_5 / 100% / body supported
$SPOTDRIVE started seq=29645 watchdog=800ms
$SPOTDRIVE stopped reason=requested
OK
#
PLAY: s_native_v6_2_5 / 100% / body supported
$SPOTDRIVE started seq=29691 watchdog=800ms
$SPOTDRIVE stopped reason=requested
OK
#
PLAY: s_native_v6_2_5 / 100% / body supported
$SPOTDRIVE started seq=29737 watchdog=800ms
$SPOTDRIVE stopped reason=requested
OK
#
PLAY: s_native_v6_2_5 / 100% / body supported
$SPOTDRIVE started seq=29783 watchdog=800ms
$SPOTDRIVE stopped reason=requested
OK
#
PLAY: s_native_v6_2_5 / 100% / body supported
$SPOTDRIVE started seq=29829 watchdog=800ms
$SPOTDRIVE stopped reason=requested
OK
#
PLAY: s_native_v6_2_5 / 100% / body supported
$SPOTDRIVE started seq=29875 watchdog=800ms
$SPOTDRIVE stopped reason=requested
OK
#
PLAY: s_native_v6_2_5 / 100% / body supported
$SPOTDRIVE started seq=29921 watchdog=800ms
$SPOTDRIVE stopped reason=requested
OK
#
PLAY: s_native_v6_2_5 / 100% / body supported
$SPOTDRIVE started seq=29967 watchdog=800ms
$SPOTDRIVE stopped reason=requested
OK
#
PLAY: s_native_v6_2_5 / 100% / body supported
$SPOTDRIVE started seq=30013 watchdog=800ms
$SPOTDRIVE stopped reason=requested
OK
#
PLAY: s_native_v6_2_5 / 100% / body supported
$SPOTDRIVE started seq=30059 watchdog=800ms
$SPOTDRIVE stopped reason=requested
OK
#
PLAY: s_native_v6_2_5 / 100% / body supported
$SPOTDRIVE started seq=30105 watchdog=800ms
$SPOTDRIVE stopped reason=requested
OK
#
PLAY: s_native_v6_2_5 / 100% / body supported
$SPOTDRIVE started seq=30151 watchdog=800ms
$SPOTDRIVE stopped reason=requested
OK
#
PLAY: s_native_v6_2_5 / 100% / body supported
$SPOTDRIVE started seq=30197 watchdog=800ms
$SPOTDRIVE stopped reason=requested
OK
#
PLAY: s_native_v6_2_5 / 100% / body supported
$SPOTDRIVE started seq=30243 watchdog=800ms
$SPOTDRIVE stopped reason=requested
OK
#
PLAY: s_native_v6_2_5 / 100% / body supported
$SPOTDRIVE started seq=30289 watchdog=800ms
$SPOTDRIVE stopped reason=requested
OK
#
PLAY: s_native_v6_2_5 / 100% / body supported
$SPOTDRIVE started seq=30335 watchdog=800ms
$SPOTDRIVE stopped reason=requested
OK
#
PLAY: s_native_v6_2_5 / 100% / body supported
$SPOTDRIVE started seq=30381 watchdog=800ms
$SPOTDRIVE stopped reason=requested
OK
#
PLAY: s_native_v6_2_5 / 100% / body supported
$SPOTDRIVE started seq=30427 watchdog=800ms
$SPOTDRIVE stopped reason=requested
OK
#
PLAY: s_native_v6_2_5 / 100% / body supported
$SPOTDRIVE started seq=30473 watchdog=800ms
$SPOTDRIVE stopped reason=requested
OK
#
PLAY: s_native_v6_2_5 / 100% / body supported
$SPOTDRIVE started seq=30519 watchdog=800ms
$SPOTDRIVE stopped reason=requested
OK
#
PLAY: s_native_v6_2_5 / 100% / body supported
$SPOTDRIVE started seq=30565 watchdog=800ms
$SPOTDRIVE stopped reason=requested
OK
#
PLAY: s_native_v6_2_5 / 100% / body supported
$SPOTDRIVE started seq=30611 watchdog=800ms
$SPOTDRIVE stopped reason=requested
OK
#
PLAY: s_native_v6_2_5 / 100% / body supported
$SPOTDRIVE started seq=30657 watchdog=800ms
$SPOTDRIVE stopped reason=requested
OK
#
PLAY: s_native_v6_2_5 / 100% / body supported
$SPOTDRIVE started seq=30703 watchdog=800ms
$SPOTDRIVE stopped reason=requested
OK
#
PLAY: s_native_v6_2_5 / 100% / body supported
$SPOTDRIVE started seq=30749 watchdog=800ms
$SPOTDRIVE stopped reason=requested
OK
#
PLAY: s_native_v6_2_5 / 100% / body supported
$SPOTDRIVE started seq=30795 watchdog=800ms
$SPOTDRIVE stopped reason=requested
OK
#
PLAY: s_native_v6_2_5 / 100% / body supported
$SPOTDRIVE started seq=30841 watchdog=800ms
$SPOTDRIVE stopped reason=requested
OK
#
PLAY: s_native_v6_2_5 / 100% / body supported
$SPOTDRIVE started seq=30887 watchdog=800ms
$SPOTDRIVE stopped reason=requested
OK
#
PLAY: s_native_v6_2_5 / 100% / body supported
$SPOTDRIVE started seq=30933 watchdog=800ms
$SPOTDRIVE stopped reason=requested
OK
#
PLAY: s_native_v6_2_5 / 100% / body supported
$SPOTDRIVE started seq=30979 watchdog=800ms
$SPOTDRIVE stopped reason=requested
OK
#
PLAY: s_native_v6_2_5 / 100% / body supported
$SPOTDRIVE started seq=31025 watchdog=800ms
$SPOTDRIVE stopped reason=requested
OK
#
PLAY: s_native_v6_2_5 / 100% / body supported
$SPOTDRIVE started seq=31071 watchdog=800ms
$SPOTDRIVE stopped reason=requested
OK
#
PLAY: s_native_v6_2_5 / 100% / body supported
$SPOTDRIVE started seq=31117 watchdog=800ms
$SPOTDRIVE stopped reason=requested
OK
#
PLAY: s_native_v6_2_5 / 100% / body supported
$SPOTDRIVE started seq=31163 watchdog=800ms
$SPOTDRIVE stopped reason=requested
OK
#
PLAY: s_native_v6_2_5 / 100% / body supported
$SPOTDRIVE started seq=31209 watchdog=800ms
$SPOTDRIVE stopped reason=requested
OK
#
PLAY: s_native_v6_2_5 / 100% / body supported
$SPOTDRIVE started seq=31255 watchdog=800ms
$SPOTDRIVE stopped reason=requested
OK
#
PLAY: s_native_v6_2_5 / 100% / body supported
$SPOTDRIVE started seq=31301 watchdog=800ms
$SPOTDRIVE stopped reason=requested
OK
#
PLAY: s_native_v6_2_5 / 100% / body supported
$SPOTDRIVE started seq=31347 watchdog=800ms
$SPOTDRIVE stopped reason=requested
OK
#
PLAY: s_native_v6_2_5 / 100% / body supported
$SPOTDRIVE started seq=31393 watchdog=800ms
$SPOTDRIVE stopped reason=requested
OK
#
PLAY: s_native_v6_2_5 / 100% / body supported
$SPOTDRIVE started seq=31439 watchdog=800ms
$SPOTDRIVE stopped reason=requested
OK
#
PLAY: s_native_v6_2_5 / 100% / body supported
$SPOTDRIVE started seq=31485 watchdog=800ms
$SPOTDRIVE stopped reason=requested
OK
#
PLAY: s_native_v6_2_5 / 100% / body supported
$SPOTDRIVE started seq=31531 watchdog=800ms
$SPOTDRIVE stopped reason=requested
OK
#
PLAY: s_native_v6_2_5 / 100% / body supported
$SPOTDRIVE started seq=31577 watchdog=800ms
$SPOTDRIVE stopped reason=requested
OK
#
PLAY: s_native_v6_2_5 / 100% / body supported
$SPOTDRIVE started seq=31623 watchdog=800ms
$SPOTDRIVE stopped reason=requested
OK
#
PLAY: s_native_v6_2_5 / 100% / body supported
$SPOTDRIVE started seq=31669 watchdog=800ms
$SPOTDRIVE stopped reason=requested
OK
#
PLAY: s_native_v6_2_5 / 100% / body supported
$SPOTDRIVE started seq=31715 watchdog=800ms
$SPOTDRIVE stopped reason=requested
OK
#
PLAY: s_native_v6_2_5 / 100% / body supported
$SPOTDRIVE started seq=31761 watchdog=800ms
$SPOTDRIVE stopped reason=requested
OK
#
PLAY: s_native_v6_2_5 / 100% / body supported
$SPOTDRIVE started seq=31807 watchdog=800ms
$SPOTDRIVE stopped reason=requested
OK
#
PLAY: s_native_v6_2_5 / 100% / body supported
$SPOTDRIVE started seq=31853 watchdog=800ms
$SPOTDRIVE stopped reason=requested
OK
#
PLAY: s_native_v6_2_5 / 100% / body supported
$SPOTDRIVE started seq=31899 watchdog=800ms
$SPOTDRIVE stopped reason=requested
OK
#
PLAY: s_native_v6_2_5 / 100% / body supported
$SPOTDRIVE started seq=31945 watchdog=800ms
$SPOTDRIVE stopped reason=requested
OK
#
PLAY: s_native_v6_2_5 / 100% / body supported
$SPOTDRIVE started seq=31991 watchdog=800ms
$SPOTDRIVE stopped reason=requested
OK
#
PLAY: s_native_v6_2_5 / 100% / body supported
$SPOTDRIVE started seq=32037 watchdog=800ms
$SPOTDRIVE stopped reason=requested
OK
#
PLAY: s_native_v6_2_5 / 100% / body supported
$SPOTDRIVE started seq=32083 watchdog=800ms
$SPOTDRIVE stopped reason=requested
OK
#
PLAY: s_native_v6_2_5 / 100% / body supported
$SPOTDRIVE started seq=32129 watchdog=800ms
$SPOTDRIVE stopped reason=requested
OK
#
PLAY: s_native_v6_2_5 / 100% / body supported
$SPOTDRIVE started seq=32175 watchdog=800ms
$SPOTDRIVE stopped reason=requested
OK
#
PLAY: s_native_v6_2_5 / 100% / body supported
$SPOTDRIVE started seq=32221 watchdog=800ms
$SPOTDRIVE stopped reason=requested
OK
#
PLAY: s_native_v6_2_5 / 100% / body supported
$SPOTDRIVE started seq=32267 watchdog=800ms
$SPOTDRIVE stopped reason=requested
OK
#
PLAY: s_native_v6_2_5 / 100% / body supported
$SPOTDRIVE started seq=32313 watchdog=800ms
$SPOTDRIVE stopped reason=requested
OK
#
PLAY: s_native_v6_2_5 / 100% / body supported
$SPOTDRIVE started seq=32359 watchdog=800ms
$SPOTDRIVE stopped reason=requested
OK
#
PLAY: s_native_v6_2_5 / 100% / body supported
$SPOTDRIVE started seq=32405 watchdog=800ms
$SPOTDRIVE stopped reason=requested
OK
#
PLAY: s_native_v6_2_5 / 100% / body supported
$SPOTDRIVE started seq=32451 watchdog=800ms
$SPOTDRIVE stopped reason=requested
OK
#
PLAY: s_native_v6_2_5 / 100% / body supported
$SPOTDRIVE started seq=32497 watchdog=800ms
$SPOTDRIVE stopped reason=requested
OK
#
PLAY: s_native_v6_2_5 / 100% / body supported
$SPOTDRIVE started seq=32543 watchdog=800ms
$SPOTDRIVE stopped reason=requested
OK
#
PLAY: s_native_v6_2_5 / 100% / body supported
$SPOTDRIVE started seq=32589 watchdog=800ms
$SPOTDRIVE stopped reason=requested
OK
#
PLAY: s_native_v6_2_5 / 100% / body supported
$SPOTDRIVE started seq=32635 watchdog=800ms
$SPOTDRIVE stopped reason=requested
OK
#
PLAY: s_native_v6_2_5 / 100% / body supported
$SPOTDRIVE started seq=32681 watchdog=800ms
$SPOTDRIVE stopped reason=requested
OK
#
PLAY: s_native_v6_2_5 / 100% / body supported
$SPOTDRIVE started seq=32727 watchdog=800ms
$SPOTDRIVE stopped reason=requested
OK
#
PLAY: s_native_v6_2_5 / 100% / body supported
$SPOTDRIVE started seq=32773 watchdog=800ms
$SPOTDRIVE stopped reason=requested
OK
#
PLAY: s_native_v6_2_5 / 100% / body supported
$SPOTDRIVE started seq=32819 watchdog=800ms
$SPOTDRIVE stopped reason=requested
OK
#
PLAY: s_native_v6_2_5 / 100% / body supported
$SPOTDRIVE started seq=32865 watchdog=800ms
$SPOTDRIVE stopped reason=requested
OK
#
PLAY: s_native_v6_2_5 / 100% / body supported
$SPOTDRIVE started seq=32911 watchdog=800ms
$SPOTDRIVE stopped reason=requested
OK
#
PLAY: s_native_v6_2_5 / 100% / body supported
$SPOTDRIVE started seq=32957 watchdog=800ms
$SPOTDRIVE stopped reason=requested
OK
#
PLAY: s_native_v6_2_5 / 100% / body supported
$SPOTDRIVE started seq=33003 watchdog=800ms
$SPOTDRIVE stopped reason=requested
OK
#
PLAY: s_native_v6_2_5 / 100% / body supported
$SPOTDRIVE started seq=33049 watchdog=800ms
$SPOTDRIVE stopped reason=requested
OK
#
PLAY: s_native_v6_2_5 / 100% / body supported
$SPOTDRIVE started seq=33095 watchdog=800ms
$SPOTDRIVE stopped reason=requested
OK
#
PLAY: s_native_v6_2_5 / 100% / body supported
$SPOTDRIVE started seq=33141 watchdog=800ms
$SPOTDRIVE stopped reason=requested
OK
#
PLAY: s_native_v6_2_5 / 100% / body supported
$SPOTDRIVE started seq=33187 watchdog=800ms
$SPOTDRIVE stopped reason=requested
OK
#
PLAY: s_native_v6_2_5 / 100% / body supported
$SPOTDRIVE started seq=33233 watchdog=800ms
$SPOTDRIVE stopped reason=requested
OK
#
PLAY: s_native_v6_2_5 / 100% / body supported
$SPOTDRIVE started seq=33279 watchdog=800ms
$SPOTDRIVE stopped reason=requested
OK
#
PLAY: s_native_v6_2_5 / 100% / body supported
$SPOTDRIVE started seq=33325 watchdog=800ms
$SPOTDRIVE stopped reason=requested
OK
#
PLAY: s_native_v6_2_5 / 100% / body supported
$SPOTDRIVE started seq=33371 watchdog=800ms
$SPOTDRIVE stopped reason=requested
OK
#
PLAY: s_native_v6_2_5 / 100% / body supported
$SPOTDRIVE started seq=33417 watchdog=800ms
$SPOTDRIVE stopped reason=requested
OK
#
PLAY: s_native_v6_2_5 / 100% / body supported
$SPOTDRIVE started seq=33463 watchdog=800ms
$SPOTDRIVE stopped reason=requested
OK
#
PLAY: s_native_v6_2_5 / 100% / body supported
$SPOTDRIVE started seq=33509 watchdog=800ms
$SPOTDRIVE stopped reason=requested
OK
#
PLAY: s_native_v6_2_5 / 100% / body supported
$SPOTDRIVE started seq=33555 watchdog=800ms
$SPOTDRIVE stopped reason=requested
OK
#
PLAY: s_native_v6_2_5 / 100% / body supported
$SPOTDRIVE started seq=33601 watchdog=800ms
$SPOTDRIVE stopped reason=requested
OK
#
PLAY: s_native_v6_2_5 / 100% / body supported
$SPOTDRIVE started seq=33647 watchdog=800ms
$SPOTDRIVE stopped reason=requested
OK
#
PLAY: s_native_v6_2_5 / 100% / body supported
$SPOTDRIVE started seq=33693 watchdog=800ms
$SPOTDRIVE stopped reason=requested
OK
#
PLAY: s_native_v6_2_5 / 100% / body supported
$SPOTDRIVE started seq=33739 watchdog=800ms
$SPOTDRIVE stopped reason=requested
OK
#
PLAY: s_native_v6_2_5 / 100% / body supported
$SPOTDRIVE started seq=33785 watchdog=800ms
$SPOTDRIVE stopped reason=requested
OK
#
PLAY: s_native_v6_2_5 / 100% / body supported
$SPOTDRIVE started seq=33831 watchdog=800ms
$SPOTDRIVE stopped reason=requested
OK
#
PLAY: s_native_v6_2_5 / 100% / body supported
$SPOTDRIVE started seq=33877 watchdog=800ms
$SPOTDRIVE stopped reason=requested
OK
#
PLAY: s_native_v6_2_5 / 100% / body supported
$SPOTDRIVE started seq=33923 watchdog=800ms
$SPOTDRIVE stopped reason=requested
OK
#
PLAY: s_native_v6_2_5 / 100% / body supported
$SPOTDRIVE started seq=33969 watchdog=800ms
$SPOTDRIVE stopped reason=requested
OK
#
PLAY: s_native_v6_2_5 / 100% / body supported
$SPOTDRIVE started seq=34015 watchdog=800ms
$SPOTDRIVE stopped reason=requested
OK
#
PLAY: s_native_v6_2_5 / 100% / body supported
$SPOTDRIVE started seq=34061 watchdog=800ms
$SPOTDRIVE stopped reason=requested
OK
#
PLAY: s_native_v6_2_5 / 100% / body supported
$SPOTDRIVE started seq=34107 watchdog=800ms
$SPOTDRIVE stopped reason=requested
OK
#
PLAY: s_native_v6_2_5 / 100% / body supported
$SPOTDRIVE started seq=34153 watchdog=800ms
$SPOTDRIVE stopped reason=requested
OK
#
PLAY: s_native_v6_2_5 / 100% / body supported
$SPOTDRIVE started seq=34199 watchdog=800ms
$SPOTDRIVE stopped reason=requested
OK
#
PLAY: s_native_v6_2_5 / 100% / body supported
$SPOTDRIVE started seq=34245 watchdog=800ms
$SPOTDRIVE stopped reason=requested
OK
#
PLAY: s_native_v6_2_5 / 100% / body supported
$SPOTDRIVE started seq=34291 watchdog=800ms
$SPOTDRIVE stopped reason=requested
OK
#
PLAY: s_native_v6_2_5 / 100% / body supported
$SPOTDRIVE started seq=34337 watchdog=800ms
$SPOTDRIVE stopped reason=requested
OK
#
PLAY: s_native_v6_2_5 / 100% / body supported
$SPOTDRIVE started seq=34383 watchdog=800ms
$SPOTDRIVE stopped reason=requested
OK
#
PLAY: s_native_v6_2_5 / 100% / body supported
$SPOTDRIVE started seq=34429 watchdog=800ms
$SPOTDRIVE stopped reason=requested
OK
#
PLAY: s_native_v6_2_5 / 100% / body supported
$SPOTDRIVE started seq=34475 watchdog=800ms
$SPOTDRIVE stopped reason=requested
OK
#
PLAY: s_native_v6_2_5 / 100% / body supported
$SPOTDRIVE started seq=34521 watchdog=800ms
$SPOTDRIVE stopped reason=requested
OK
#
PLAY: s_native_v6_2_5 / 100% / body supported
$SPOTDRIVE started seq=34567 watchdog=800ms
$SPOTDRIVE stopped reason=requested
OK
#
PLAY: s_native_v6_2_5 / 100% / body supported
$SPOTDRIVE started seq=34613 watchdog=800ms
$SPOTDRIVE stopped reason=requested
OK
#
PLAY: s_native_v6_2_5 / 100% / body supported
$SPOTDRIVE started seq=34659 watchdog=800ms
$SPOTDRIVE stopped reason=requested
OK
#
PLAY: s_native_v6_2_5 / 100% / body supported
$SPOTDRIVE started seq=34705 watchdog=800ms
$SPOTDRIVE stopped reason=requested
OK
#
PLAY: s_native_v6_2_5 / 100% / body supported
$SPOTDRIVE started seq=34751 watchdog=800ms
$SPOTDRIVE stopped reason=requested
OK
#
PLAY: s_native_v6_2_5 / 100% / body supported
$SPOTDRIVE started seq=34797 watchdog=800ms
$SPOTDRIVE stopped reason=requested
OK
#
PLAY: s_native_v6_2_5 / 100% / body supported
$SPOTDRIVE started seq=34843 watchdog=800ms
$SPOTDRIVE stopped reason=requested
OK
#
PLAY: s_native_v6_2_5 / 100% / body supported
$SPOTDRIVE started seq=34889 watchdog=800ms
$SPOTDRIVE stopped reason=requested
OK
#
PLAY: s_native_v6_2_5 / 100% / body supported
$SPOTDRIVE started seq=34935 watchdog=800ms
$SPOTDRIVE stopped reason=requested
OK
#
PLAY: s_native_v6_2_5 / 100% / body supported
$SPOTDRIVE started seq=34981 watchdog=800ms
$SPOTDRIVE stopped reason=requested
OK
#
PLAY: s_native_v6_2_5 / 100% / body supported
$SPOTDRIVE started seq=35027 watchdog=800ms
$SPOTDRIVE stopped reason=requested
OK
#
PLAY: s_native_v6_2_5 / 100% / body supported
$SPOTDRIVE started seq=35073 watchdog=800ms
$SPOTDRIVE stopped reason=requested
OK
#
PLAY: s_native_v6_2_5 / 100% / body supported
$SPOTDRIVE started seq=35119 watchdog=800ms
$SPOTDRIVE stopped reason=requested
OK
#
PLAY: s_native_v6_2_5 / 100% / body supported
$SPOTDRIVE started seq=35165 watchdog=800ms
$SPOTDRIVE stopped reason=requested
OK
#
PLAY: s_native_v6_2_5 / 100% / body supported
$SPOTDRIVE started seq=35211 watchdog=800ms
$SPOTDRIVE stopped reason=requested
OK
#
PLAY: s_native_v6_2_5 / 100% / body supported
$SPOTDRIVE started seq=35257 watchdog=800ms
$SPOTDRIVE stopped reason=requested
OK
#
PLAY: s_native_v6_2_5 / 100% / body supported
$SPOTDRIVE started seq=35303 watchdog=800ms
$SPOTDRIVE stopped reason=requested
OK
#
PLAY: s_native_v6_2_5 / 100% / body supported
$SPOTDRIVE started seq=35349 watchdog=800ms
$SPOTDRIVE stopped reason=requested
OK
#
PLAY: s_native_v6_2_5 / 100% / body supported
$SPOTDRIVE started seq=35395 watchdog=800ms
$SPOTDRIVE stopped reason=requested
OK
#
PLAY: s_native_v6_2_5 / 100% / body supported
$SPOTDRIVE started seq=35441 watchdog=800ms
$SPOTDRIVE stopped reason=requested
OK
#
PLAY: s_native_v6_2_5 / 100% / body supported
$SPOTDRIVE started seq=35487 watchdog=800ms
$SPOTDRIVE stopped reason=requested
OK
#
PLAY: s_native_v6_2_5 / 100% / body supported
$SPOTDRIVE started seq=35533 watchdog=800ms
$SPOTDRIVE stopped reason=requested
OK
#
PLAY: s_native_v6_2_5 / 100% / body supported
$SPOTDRIVE started seq=35579 watchdog=800ms
$SPOTDRIVE stopped reason=requested
OK
#
PLAY: s_native_v6_2_5 / 100% / body supported
$SPOTDRIVE started seq=35625 watchdog=800ms
$SPOTDRIVE stopped reason=requested
OK
#
PLAY: s_native_v6_2_5 / 100% / body supported
$SPOTDRIVE started seq=35671 watchdog=800ms
$SPOTDRIVE stopped reason=requested
OK
#
PLAY: s_native_v6_2_5 / 100% / body supported
$SPOTDRIVE started seq=35717 watchdog=800ms
$SPOTDRIVE stopped reason=requested
OK
#
PLAY: s_native_v6_2_5 / 100% / body supported
$SPOTDRIVE started seq=35763 watchdog=800ms
$SPOTDRIVE stopped reason=requested
OK
#
PLAY: s_native_v6_2_5 / 100% / body supported
$SPOTDRIVE started seq=35809 watchdog=800ms
$SPOTDRIVE stopped reason=requested
OK
#
PLAY: s_native_v6_2_5 / 100% / body supported
$SPOTDRIVE started seq=35855 watchdog=800ms
$SPOTDRIVE stopped reason=requested
OK
#
PLAY: s_native_v6_2_5 / 100% / body supported
$SPOTDRIVE started seq=35901 watchdog=800ms
$SPOTDRIVE stopped reason=requested
OK
#
PLAY: s_native_v6_2_5 / 100% / body supported
$SPOTDRIVE started seq=35947 watchdog=800ms
$SPOTDRIVE stopped reason=requested
OK
#
PLAY: s_native_v6_2_5 / 100% / body supported
$SPOTDRIVE started seq=35993 watchdog=800ms
$SPOTDRIVE stopped reason=requested
OK
#
PLAY: s_native_v6_2_5 / 100% / body supported
$SPOTDRIVE started seq=36039 watchdog=800ms
$SPOTDRIVE stopped reason=requested
OK
#
PLAY: s_native_v6_2_5 / 100% / body supported
$SPOTDRIVE started seq=36085 watchdog=800ms
$SPOTDRIVE stopped reason=requested
OK
#
PLAY: s_native_v6_2_5 / 100% / body supported
$SPOTDRIVE started seq=36131 watchdog=800ms
$SPOTDRIVE stopped reason=requested
OK
#
PLAY: s_native_v6_2_5 / 100% / body supported
$SPOTDRIVE started seq=36177 watchdog=800ms
$SPOTDRIVE stopped reason=requested
OK
#
PLAY: s_native_v6_2_5 / 100% / body supported
$SPOTDRIVE started seq=36223 watchdog=800ms
$SPOTDRIVE stopped reason=requested
OK
#
PLAY: s_native_v6_2_5 / 100% / body supported
$SPOTDRIVE started seq=36269 watchdog=800ms
$SPOTDRIVE stopped reason=requested
OK
#
PLAY: s_native_v6_2_5 / 100% / body supported
$SPOTDRIVE started seq=36315 watchdog=800ms
$SPOTDRIVE stopped reason=requested
OK
#
PLAY: s_native_v6_2_5 / 100% / body supported
$SPOTDRIVE started seq=36361 watchdog=800ms
$SPOTDRIVE stopped reason=requested
OK
#
PLAY: s_native_v6_2_5 / 100% / body supported
$SPOTDRIVE started seq=36407 watchdog=800ms
$SPOTDRIVE stopped reason=requested
OK
#
PLAY: s_native_v6_2_5 / 100% / body supported
$SPOTDRIVE started seq=36453 watchdog=800ms
$SPOTDRIVE stopped reason=requested
OK
#
PLAY: s_native_v6_2_5 / 100% / body supported
$SPOTDRIVE started seq=36499 watchdog=800ms
$SPOTDRIVE stopped reason=requested
OK
#
PLAY: s_native_v6_2_5 / 100% / body supported
$SPOTDRIVE started seq=36545 watchdog=800ms
$SPOTDRIVE stopped reason=requested
OK
#
PLAY: s_native_v6_2_5 / 100% / body supported
$SPOTDRIVE started seq=36591 watchdog=800ms
$SPOTDRIVE stopped reason=requested
OK
#
PLAY: s_native_v6_2_5 / 100% / body supported
$SPOTDRIVE started seq=36637 watchdog=800ms
$SPOTDRIVE stopped reason=requested
OK
#
PLAY: s_native_v6_2_5 / 100% / body supported
$SPOTDRIVE started seq=36683 watchdog=800ms
$SPOTDRIVE stopped reason=requested
OK
#
PLAY: s_native_v6_2_5 / 100% / body supported
$SPOTDRIVE started seq=36729 watchdog=800ms
$SPOTDRIVE stopped reason=requested
OK
#
PLAY: s_native_v6_2_5 / 100% / body supported
$SPOTDRIVE started seq=36775 watchdog=800ms
$SPOTDRIVE stopped reason=requested
OK
#
PLAY: s_native_v6_2_5 / 100% / body supported
$SPOTDRIVE started seq=36821 watchdog=800ms
$SPOTDRIVE stopped reason=requested
OK
#
PLAY: s_native_v6_2_5 / 100% / body supported
$SPOTDRIVE started seq=36867 watchdog=800ms
$SPOTDRIVE stopped reason=requested
OK
#
PLAY: s_native_v6_2_5 / 100% / body supported
$SPOTDRIVE started seq=36913 watchdog=800ms
$SPOTDRIVE stopped reason=requested
OK
#
PLAY: s_native_v6_2_5 / 100% / body supported
$SPOTDRIVE started seq=36959 watchdog=800ms
$SPOTDRIVE stopped reason=requested
OK
#
PLAY: s_native_v6_2_5 / 100% / body supported
$SPOTDRIVE started seq=37005 watchdog=800ms
$SPOTDRIVE stopped reason=requested
OK
#
PLAY: s_native_v6_2_5 / 100% / body supported
$SPOTDRIVE started seq=37051 watchdog=800ms
$SPOTDRIVE stopped reason=requested
OK
#
PLAY: s_native_v6_2_5 / 100% / body supported
$SPOTDRIVE started seq=37097 watchdog=800ms
$SPOTDRIVE stopped reason=requested
OK
#
PLAY: s_native_v6_2_5 / 100% / body supported
$SPOTDRIVE started seq=37143 watchdog=800ms
$SPOTDRIVE stopped reason=requested
OK
#
PLAY: s_native_v6_2_5 / 100% / body supported
$SPOTDRIVE started seq=37189 watchdog=800ms
$SPOTDRIVE stopped reason=requested
OK
#
PLAY: s_native_v6_2_5 / 100% / body supported
$SPOTDRIVE started seq=37235 watchdog=800ms
$SPOTDRIVE stopped reason=requested
OK
#
PLAY: s_native_v6_2_5 / 100% / body supported
$SPOTDRIVE started seq=37281 watchdog=800ms
$SPOTDRIVE stopped reason=requested
OK
#
PLAY: s_native_v6_2_5 / 100% / body supported
$SPOTDRIVE started seq=37327 watchdog=800ms
$SPOTDRIVE stopped reason=requested
OK
#
PLAY: s_native_v6_2_5 / 100% / body supported
$SPOTDRIVE started seq=37373 watchdog=800ms
$SPOTDRIVE stopped reason=requested
OK
#
PLAY: s_native_v6_2_5 / 100% / body supported
$SPOTDRIVE started seq=37419 watchdog=800ms
$SPOTDRIVE stopped reason=requested
OK
#
PLAY: s_native_v6_2_5 / 100% / body supported
$SPOTDRIVE started seq=37465 watchdog=800ms
$SPOTDRIVE stopped reason=requested
OK
#
PLAY: s_native_v6_2_5 / 100% / body supported
$SPOTDRIVE started seq=37511 watchdog=800ms
$SPOTDRIVE stopped reason=requested
OK
#
PLAY: s_native_v6_2_5 / 100% / body supported
$SPOTDRIVE started seq=37557 watchdog=800ms
$SPOTDRIVE stopped reason=requested
OK
#
PLAY: s_native_v6_2_5 / 100% / body supported
$SPOTDRIVE started seq=37603 watchdog=800ms
$SPOTDRIVE stopped reason=requested
OK
#
PLAY: s_native_v6_2_5 / 100% / body supported
$SPOTDRIVE started seq=37649 watchdog=800ms
$SPOTDRIVE stopped reason=requested
OK
#
PLAY: s_native_v6_2_5 / 100% / body supported
$SPOTDRIVE started seq=37695 watchdog=800ms
$SPOTDRIVE stopped reason=requested
OK
#
PLAY: s_native_v6_2_5 / 100% / body supported
$SPOTDRIVE started seq=37741 watchdog=800ms
$SPOTDRIVE stopped reason=requested
OK
#
PLAY: s_native_v6_2_5 / 100% / body supported
$SPOTDRIVE started seq=37787 watchdog=800ms
$SPOTDRIVE stopped reason=requested
OK
#
PLAY: s_native_v6_2_5 / 100% / body supported
$SPOTDRIVE started seq=37833 watchdog=800ms
$SPOTDRIVE stopped reason=requested
OK
#
PLAY: s_native_v6_2_5 / 100% / body supported
$SPOTDRIVE started seq=37879 watchdog=800ms
$SPOTDRIVE stopped reason=requested
OK
#
PLAY: s_native_v6_2_5 / 100% / body supported
$SPOTDRIVE started seq=37925 watchdog=800ms
$SPOTDRIVE stopped reason=requested
OK
#
PLAY: s_native_v6_2_5 / 100% / body supported
$SPOTDRIVE started seq=37971 watchdog=800ms
$SPOTDRIVE stopped reason=requested
OK
#
PLAY: s_native_v6_2_5 / 100% / body supported
$SPOTDRIVE started seq=38017 watchdog=800ms
$SPOTDRIVE stopped reason=requested
OK
#
PLAY: s_native_v6_2_5 / 100% / body supported
$SPOTDRIVE started seq=38063 watchdog=800ms
$SPOTDRIVE stopped reason=requested
OK
#
PLAY: s_native_v6_2_5 / 100% / body supported
$SPOTDRIVE started seq=38109 watchdog=800ms
$SPOTDRIVE stopped reason=requested
OK
#
PLAY: s_native_v6_2_5 / 100% / body supported
$SPOTDRIVE started seq=38155 watchdog=800ms
$SPOTDRIVE stopped reason=requested
OK
#
PLAY: s_native_v6_2_5 / 100% / body supported
$SPOTDRIVE started seq=38201 watchdog=800ms
$SPOTDRIVE stopped reason=requested
OK
#
PLAY: s_native_v6_2_5 / 100% / body supported
$SPOTDRIVE started seq=38247 watchdog=800ms
$SPOTDRIVE stopped reason=requested
OK
#
PLAY: s_native_v6_2_5 / 100% / body supported
$SPOTDRIVE started seq=38293 watchdog=800ms
$SPOTDRIVE stopped reason=requested
OK
#
PLAY: s_native_v6_2_5 / 100% / body supported
$SPOTDRIVE started seq=38339 watchdog=800ms
$SPOTDRIVE stopped reason=requested
OK
#
PLAY: s_native_v6_2_5 / 100% / body supported
$SPOTDRIVE started seq=38385 watchdog=800ms
$SPOTDRIVE stopped reason=requested
OK
#
PLAY: s_native_v6_2_5 / 100% / body supported
$SPOTDRIVE started seq=38431 watchdog=800ms
$SPOTDRIVE stopped reason=requested
OK
#
PLAY: s_native_v6_2_5 / 100% / body supported
$SPOTDRIVE started seq=38477 watchdog=800ms
$SPOTDRIVE stopped reason=requested
OK
#
PLAY: s_native_v6_2_5 / 100% / body supported
$SPOTDRIVE started seq=38523 watchdog=800ms
$SPOTDRIVE stopped reason=requested
OK
#
PLAY: s_native_v6_2_5 / 100% / body supported
$SPOTDRIVE started seq=38569 watchdog=800ms
$SPOTDRIVE stopped reason=requested
OK
#
PLAY: s_native_v6_2_5 / 100% / body supported
$SPOTDRIVE started seq=38615 watchdog=800ms
$SPOTDRIVE stopped reason=requested
OK
#
PLAY: s_native_v6_2_5 / 100% / body supported
$SPOTDRIVE started seq=38661 watchdog=800ms
$SPOTDRIVE stopped reason=requested
OK
#
PLAY: s_native_v6_2_5 / 100% / body supported
$SPOTDRIVE started seq=38707 watchdog=800ms
$SPOTDRIVE stopped reason=requested
OK
#
PLAY: s_native_v6_2_5 / 100% / body supported
$SPOTDRIVE started seq=38753 watchdog=800ms
$SPOTDRIVE stopped reason=requested
OK
#
PLAY: s_native_v6_2_5 / 100% / body supported
$SPOTDRIVE started seq=38799 watchdog=800ms
$SPOTDRIVE stopped reason=requested
OK
#
PLAY: s_native_v6_2_5 / 100% / body supported
$SPOTDRIVE started seq=38845 watchdog=800ms
$SPOTDRIVE stopped reason=requested
OK
#
PLAY: s_native_v6_2_5 / 100% / body supported
$SPOTDRIVE started seq=38891 watchdog=800ms
$SPOTDRIVE stopped reason=requested
OK
#
PLAY: s_native_v6_2_5 / 100% / body supported
$SPOTDRIVE started seq=38937 watchdog=800ms
$SPOTDRIVE stopped reason=requested
OK
#
PLAY: s_native_v6_2_5 / 100% / body supported
$SPOTDRIVE started seq=38983 watchdog=800ms
$SPOTDRIVE stopped reason=requested
OK
#
PLAY: s_native_v6_2_5 / 100% / body supported
$SPOTDRIVE started seq=39029 watchdog=800ms
$SPOTDRIVE stopped reason=requested
OK
#
PLAY: s_native_v6_2_5 / 100% / body supported
$SPOTDRIVE started seq=39075 watchdog=800ms
$SPOTDRIVE stopped reason=requested
OK
#
PLAY: s_native_v6_2_5 / 100% / body supported
$SPOTDRIVE started seq=39121 watchdog=800ms
$SPOTDRIVE stopped reason=requested
OK
#
PLAY: s_native_v6_2_5 / 100% / body supported
$SPOTDRIVE started seq=39167 watchdog=800ms
$SPOTDRIVE stopped reason=requested
OK
#
PLAY: s_native_v6_2_5 / 100% / body supported
$SPOTDRIVE started seq=39213 watchdog=800ms
$SPOTDRIVE stopped reason=requested
OK
#
PLAY: s_native_v6_2_5 / 100% / body supported
$SPOTDRIVE started seq=39259 watchdog=800ms
$SPOTDRIVE stopped reason=requested
OK
#
PLAY: s_native_v6_2_5 / 100% / body supported
$SPOTDRIVE started seq=39305 watchdog=800ms
$SPOTDRIVE stopped reason=requested
OK
#
PLAY: s_native_v6_2_5 / 100% / body supported
$SPOTDRIVE started seq=39351 watchdog=800ms
$SPOTDRIVE stopped reason=requested
OK
#
PLAY: s_native_v6_2_5 / 100% / body supported
$SPOTDRIVE started seq=39397 watchdog=800ms
$SPOTDRIVE stopped reason=requested
OK
#
PLAY: s_native_v6_2_5 / 100% / body supported
$SPOTDRIVE started seq=39443 watchdog=800ms
$SPOTDRIVE stopped reason=requested
OK
#
PLAY: s_native_v6_2_5 / 100% / body supported
$SPOTDRIVE started seq=39489 watchdog=800ms
$SPOTDRIVE stopped reason=requested
OK
#
PLAY: s_native_v6_2_5 / 100% / body supported
$SPOTDRIVE started seq=39535 watchdog=800ms
$SPOTDRIVE stopped reason=requested
OK
#
PLAY: s_native_v6_2_5 / 100% / body supported
$SPOTDRIVE started seq=39581 watchdog=800ms
$SPOTDRIVE stopped reason=requested
OK
#
PLAY: s_native_v6_2_5 / 100% / body supported
$SPOTDRIVE started seq=39627 watchdog=800ms
$SPOTDRIVE stopped reason=requested
OK
#
PLAY: s_native_v6_2_5 / 100% / body supported
$SPOTDRIVE started seq=39673 watchdog=800ms
$SPOTDRIVE stopped reason=requested
OK
#
PLAY: s_native_v6_2_5 / 100% / body supported
$SPOTDRIVE started seq=39719 watchdog=800ms
$SPOTDRIVE stopped reason=requested
OK
#
PLAY: s_native_v6_2_5 / 100% / body supported
$SPOTDRIVE started seq=39765 watchdog=800ms
$SPOTDRIVE stopped reason=requested
OK
#
PLAY: s_native_v6_2_5 / 100% / body supported
$SPOTDRIVE started seq=39811 watchdog=800ms
$SPOTDRIVE stopped reason=requested
OK
#
PLAY: s_native_v6_2_5 / 100% / body supported
$SPOTDRIVE started seq=39857 watchdog=800ms
$SPOTDRIVE stopped reason=requested
OK
#
PLAY: s_native_v6_2_5 / 100% / body supported
$SPOTDRIVE started seq=39903 watchdog=800ms
$SPOTDRIVE stopped reason=requested
OK
#
PLAY: s_native_v6_2_5 / 100% / body supported
$SPOTDRIVE started seq=39949 watchdog=800ms
$SPOTDRIVE stopped reason=requested
OK
#
PLAY: s_native_v6_2_5 / 100% / body supported
$SPOTDRIVE started seq=39995 watchdog=800ms
$SPOTDRIVE stopped reason=requested
OK
#
PLAY: s_native_v6_2_5 / 100% / body supported
$SPOTDRIVE started seq=40041 watchdog=800ms
$SPOTDRIVE stopped reason=requested
OK
#
PLAY: s_native_v6_2_5 / 100% / body supported
$SPOTDRIVE started seq=40087 watchdog=800ms
$SPOTDRIVE stopped reason=requested
OK
#
PLAY: s_native_v6_2_5 / 100% / body supported
$SPOTDRIVE started seq=40133 watchdog=800ms
$SPOTDRIVE stopped reason=requested
OK
#
PLAY: s_native_v6_2_5 / 100% / body supported
$SPOTDRIVE started seq=40179 watchdog=800ms
$SPOTDRIVE stopped reason=requested
OK
#
PLAY: s_native_v6_2_5 / 100% / body supported
$SPOTDRIVE started seq=40225 watchdog=800ms
$SPOTDRIVE stopped reason=requested
OK
#
PLAY: s_native_v6_2_5 / 100% / body supported
$SPOTDRIVE started seq=40271 watchdog=800ms
$SPOTDRIVE stopped reason=requested
OK
#
PLAY: s_native_v6_2_5 / 100% / body supported
$SPOTDRIVE started seq=40317 watchdog=800ms
$SPOTDRIVE stopped reason=requested
OK
#
PLAY: s_native_v6_2_5 / 100% / body supported
$SPOTDRIVE started seq=40363 watchdog=800ms
$SPOTDRIVE stopped reason=requested
OK
#
PLAY: s_native_v6_2_5 / 100% / body supported
$SPOTDRIVE started seq=40409 watchdog=800ms
$SPOTDRIVE stopped reason=requested
OK
#
PLAY: s_native_v6_2_5 / 100% / body supported
$SPOTDRIVE started seq=40455 watchdog=800ms
$SPOTDRIVE stopped reason=requested
OK
#
PLAY: s_native_v6_2_5 / 100% / body supported
$SPOTDRIVE started seq=40501 watchdog=800ms
$SPOTDRIVE stopped reason=requested
OK
#
PLAY: s_native_v6_2_5 / 100% / body supported
$SPOTDRIVE started seq=40547 watchdog=800ms
$SPOTDRIVE stopped reason=requested
OK
#
PLAY: s_native_v6_2_5 / 100% / body supported
$SPOTDRIVE started seq=40593 watchdog=800ms
$SPOTDRIVE stopped reason=requested
OK
#
PLAY: s_native_v6_2_5 / 100% / body supported
$SPOTDRIVE started seq=40639 watchdog=800ms
$SPOTDRIVE stopped reason=requested
OK
#
PLAY: s_native_v6_2_5 / 100% / body supported
$SPOTDRIVE started seq=40685 watchdog=800ms
$SPOTDRIVE stopped reason=requested
OK
#
PLAY: s_native_v6_2_5 / 100% / body supported
$SPOTDRIVE started seq=40731 watchdog=800ms
$SPOTDRIVE stopped reason=requested
OK
#
PLAY: s_native_v6_2_5 / 100% / body supported
$SPOTDRIVE started seq=40777 watchdog=800ms
$SPOTDRIVE stopped reason=requested
OK
#
PLAY: s_native_v6_2_5 / 100% / body supported
$SPOTDRIVE started seq=40823 watchdog=800ms
$SPOTDRIVE stopped reason=requested
OK
#
PLAY: s_native_v6_2_5 / 100% / body supported
$SPOTDRIVE started seq=40869 watchdog=800ms
$SPOTDRIVE stopped reason=requested
OK
#
PLAY: s_native_v6_2_5 / 100% / body supported
$SPOTDRIVE started seq=40915 watchdog=800ms
$SPOTDRIVE stopped reason=requested
OK
#
PLAY: s_native_v6_2_5 / 100% / body supported
$SPOTDRIVE started seq=40961 watchdog=800ms
$SPOTDRIVE stopped reason=requested
OK
#
PLAY: s_native_v6_2_5 / 100% / body supported
$SPOTDRIVE started seq=41007 watchdog=800ms
$SPOTDRIVE stopped reason=requested
OK
#
PLAY: s_native_v6_2_5 / 100% / body supported
$SPOTDRIVE started seq=41053 watchdog=800ms
$SPOTDRIVE stopped reason=requested
OK
#
PLAY: s_native_v6_2_5 / 100% / body supported
$SPOTDRIVE started seq=41099 watchdog=800ms
$SPOTDRIVE stopped reason=requested
OK
#
PLAY: s_native_v6_2_5 / 100% / body supported
$SPOTDRIVE started seq=41145 watchdog=800ms
$SPOTDRIVE stopped reason=requested
OK
#
PLAY: s_native_v6_2_5 / 100% / body supported
$SPOTDRIVE started seq=41191 watchdog=800ms
$SPOTDRIVE stopped reason=requested
OK
#
PLAY: s_native_v6_2_5 / 100% / body supported
$SPOTDRIVE started seq=41237 watchdog=800ms
$SPOTDRIVE stopped reason=requested
OK
#
PLAY: s_native_v6_2_5 / 100% / body supported
$SPOTDRIVE started seq=41283 watchdog=800ms
$SPOTDRIVE stopped reason=requested
OK
#
PLAY: s_native_v6_2_5 / 100% / body supported
$SPOTDRIVE started seq=41329 watchdog=800ms
$SPOTDRIVE stopped reason=requested
OK
#
PLAY: s_native_v6_2_5 / 100% / body supported
$SPOTDRIVE started seq=41375 watchdog=800ms
$SPOTDRIVE stopped reason=requested
OK
#
PLAY: s_native_v6_2_5 / 100% / body supported
$SPOTDRIVE started seq=41421 watchdog=800ms
$SPOTDRIVE stopped reason=requested
OK
#
PLAY: s_native_v6_2_5 / 100% / body supported
$SPOTDRIVE started seq=41467 watchdog=800ms
$SPOTDRIVE stopped reason=requested
OK
#
PLAY: s_native_v6_2_5 / 100% / body supported
$SPOTDRIVE started seq=41513 watchdog=800ms
$SPOTDRIVE stopped reason=requested
OK
#
PLAY: s_native_v6_2_5 / 100% / body supported
$SPOTDRIVE started seq=41559 watchdog=800ms
$SPOTDRIVE stopped reason=requested
OK
#
PLAY: s_native_v6_2_5 / 100% / body supported
$SPOTDRIVE started seq=41605 watchdog=800ms
$SPOTDRIVE stopped reason=requested
OK
#
PLAY: s_native_v6_2_5 / 100% / body supported
$SPOTDRIVE started seq=41651 watchdog=800ms
$SPOTDRIVE stopped reason=requested
OK
#
PLAY: s_native_v6_2_5 / 100% / body supported
$SPOTDRIVE started seq=41697 watchdog=800ms
$SPOTDRIVE stopped reason=requested
OK
#
PLAY: s_native_v6_2_5 / 100% / body supported
$SPOTDRIVE started seq=41743 watchdog=800ms
$SPOTDRIVE stopped reason=requested
OK
#
PLAY: s_native_v6_2_5 / 100% / body supported
$SPOTDRIVE started seq=41789 watchdog=800ms
$SPOTDRIVE stopped reason=requested
OK
#
PLAY: s_native_v6_2_5 / 100% / body supported
$SPOTDRIVE started seq=41835 watchdog=800ms
$SPOTDRIVE stopped reason=requested
OK
#
PLAY: s_native_v6_2_5 / 100% / body supported
$SPOTDRIVE started seq=41881 watchdog=800ms
$SPOTDRIVE stopped reason=requested
OK
#
PLAY: s_native_v6_2_5 / 100% / body supported
$SPOTDRIVE started seq=41927 watchdog=800ms
$SPOTDRIVE stopped reason=requested
OK
#
PLAY: s_native_v6_2_5 / 100% / body supported
$SPOTDRIVE started seq=41973 watchdog=800ms
$SPOTDRIVE stopped reason=requested
OK
#
PLAY: s_native_v6_2_5 / 100% / body supported
$SPOTDRIVE started seq=42019 watchdog=800ms
$SPOTDRIVE stopped reason=requested
OK
#
PLAY: s_native_v6_2_5 / 100% / body supported
$SPOTDRIVE started seq=42065 watchdog=800ms
$SPOTDRIVE stopped reason=requested
OK
#
PLAY: s_native_v6_2_5 / 100% / body supported
$SPOTDRIVE started seq=42111 watchdog=800ms
$SPOTDRIVE stopped reason=requested
OK
#
PLAY: s_native_v6_2_5 / 100% / body supported
$SPOTDRIVE started seq=42157 watchdog=800ms
$SPOTDRIVE stopped reason=requested
OK
#
PLAY: s_native_v6_2_5 / 100% / body supported
$SPOTDRIVE started seq=42203 watchdog=800ms
$SPOTDRIVE stopped reason=requested
OK
#
PLAY: s_native_v6_2_5 / 100% / body supported
$SPOTDRIVE started seq=42249 watchdog=800ms
$SPOTDRIVE stopped reason=requested
OK
#
PLAY: s_native_v6_2_5 / 100% / body supported
$SPOTDRIVE started seq=42295 watchdog=800ms
$SPOTDRIVE stopped reason=requested
OK
#
PLAY: s_native_v6_2_5 / 100% / body supported
$SPOTDRIVE started seq=42341 watchdog=800ms
$SPOTDRIVE stopped reason=requested
OK
#
PLAY: s_native_v6_2_5 / 100% / body supported
$SPOTDRIVE started seq=42387 watchdog=800ms
$SPOTDRIVE stopped reason=requested
OK
#
PLAY: s_native_v6_2_5 / 100% / body supported
$SPOTDRIVE started seq=42433 watchdog=800ms
$SPOTDRIVE stopped reason=requested
OK
#
PLAY: s_native_v6_2_5 / 100% / body supported
$SPOTDRIVE started seq=42479 watchdog=800ms
$SPOTDRIVE stopped reason=requested
OK
#
PLAY: s_native_v6_2_5 / 100% / body supported
$SPOTDRIVE started seq=42525 watchdog=800ms
$SPOTDRIVE stopped reason=requested
OK
#
PLAY: s_native_v6_2_5 / 100% / body supported
$SPOTDRIVE started seq=42571 watchdog=800ms
$SPOTDRIVE stopped reason=requested
OK
#
PLAY: s_native_v6_2_5 / 100% / body supported
$SPOTDRIVE started seq=42617 watchdog=800ms
$SPOTDRIVE stopped reason=requested
OK
#
PLAY: s_native_v6_2_5 / 100% / body supported
$SPOTDRIVE started seq=42663 watchdog=800ms
$SPOTDRIVE stopped reason=requested
OK
#
PLAY: s_native_v6_2_5 / 100% / body supported
$SPOTDRIVE started seq=42709 watchdog=800ms
$SPOTDRIVE stopped reason=requested
OK
#
PLAY: s_native_v6_2_5 / 100% / body supported
$SPOTDRIVE started seq=42755 watchdog=800ms
$SPOTDRIVE stopped reason=requested
OK
#
PLAY: s_native_v6_2_5 / 100% / body supported
$SPOTDRIVE started seq=42801 watchdog=800ms
$SPOTDRIVE stopped reason=requested
OK
#
PLAY: s_native_v6_2_5 / 100% / body supported
$SPOTDRIVE started seq=42847 watchdog=800ms
$SPOTDRIVE stopped reason=requested
OK
#
PLAY: s_native_v6_2_5 / 100% / body supported
$SPOTDRIVE started seq=42893 watchdog=800ms
$SPOTDRIVE stopped reason=requested
OK
#
PLAY: s_native_v6_2_5 / 100% / body supported
$SPOTDRIVE started seq=42939 watchdog=800ms
$SPOTDRIVE stopped reason=requested
OK
#
PLAY: s_native_v6_2_5 / 100% / body supported
$SPOTDRIVE started seq=42985 watchdog=800ms
$SPOTDRIVE stopped reason=requested
OK
#
PLAY: s_native_v6_2_5 / 100% / body supported
$SPOTDRIVE started seq=43031 watchdog=800ms
$SPOTDRIVE stopped reason=requested
OK
#
PLAY: s_native_v6_2_5 / 100% / body supported
$SPOTDRIVE started seq=43077 watchdog=800ms
$SPOTDRIVE stopped reason=requested
OK
#
PLAY: s_native_v6_2_5 / 100% / body supported
$SPOTDRIVE started seq=43123 watchdog=800ms
$SPOTDRIVE stopped reason=requested
OK
#
PLAY: s_native_v6_2_5 / 100% / body supported
$SPOTDRIVE started seq=43169 watchdog=800ms
$SPOTDRIVE stopped reason=requested
OK
#
PLAY: s_native_v6_2_5 / 100% / body supported
$SPOTDRIVE started seq=43215 watchdog=800ms
$SPOTDRIVE stopped reason=requested
OK
#
PLAY: s_native_v6_2_5 / 100% / body supported
$SPOTDRIVE started seq=43261 watchdog=800ms
$SPOTDRIVE stopped reason=requested
OK
#
PLAY: s_native_v6_2_5 / 100% / body supported
$SPOTDRIVE started seq=43307 watchdog=800ms
$SPOTDRIVE stopped reason=requested
OK
#
PLAY: s_native_v6_2_5 / 100% / body supported
$SPOTDRIVE started seq=43353 watchdog=800ms
$SPOTDRIVE stopped reason=requested
OK
#
PLAY: s_native_v6_2_5 / 100% / body supported
$SPOTDRIVE started seq=43399 watchdog=800ms
$SPOTDRIVE stopped reason=requested
OK
#
PLAY: s_native_v6_2_5 / 100% / body supported
$SPOTDRIVE started seq=43445 watchdog=800ms
$SPOTDRIVE stopped reason=requested
OK
#
PLAY: s_native_v6_2_5 / 100% / body supported
$SPOTDRIVE started seq=43491 watchdog=800ms
$SPOTDRIVE stopped reason=requested
OK
#
PLAY: s_native_v6_2_5 / 100% / body supported
$SPOTDRIVE started seq=43537 watchdog=800ms
$SPOTDRIVE stopped reason=requested
OK
#
PLAY: s_native_v6_2_5 / 100% / body supported
$SPOTDRIVE started seq=43583 watchdog=800ms
$SPOTDRIVE stopped reason=requested
OK
#
PLAY: s_native_v6_2_5 / 100% / body supported
$SPOTDRIVE started seq=43629 watchdog=800ms
$SPOTDRIVE stopped reason=requested
OK
#
PLAY: s_native_v6_2_5 / 100% / body supported
$SPOTDRIVE started seq=43675 watchdog=800ms
$SPOTDRIVE stopped reason=requested
OK
#
PLAY: s_native_v6_2_5 / 100% / body supported
$SPOTDRIVE started seq=43721 watchdog=800ms
$SPOTDRIVE stopped reason=requested
OK
#
PLAY: s_native_v6_2_5 / 100% / body supported
$SPOTDRIVE started seq=43767 watchdog=800ms
$SPOTDRIVE stopped reason=requested
OK
#
PLAY: s_native_v6_2_5 / 100% / body supported
$SPOTDRIVE started seq=43813 watchdog=800ms
$SPOTDRIVE stopped reason=requested
OK
#
PLAY: s_native_v6_2_5 / 100% / body supported
$SPOTDRIVE started seq=43859 watchdog=800ms
$SPOTDRIVE stopped reason=requested
OK
#
PLAY: s_native_v6_2_5 / 100% / body supported
$SPOTDRIVE started seq=43905 watchdog=800ms
$SPOTDRIVE stopped reason=requested
OK
#
PLAY: s_native_v6_2_5 / 100% / body supported
$SPOTDRIVE started seq=43951 watchdog=800ms
$SPOTDRIVE stopped reason=requested
OK
#
PLAY: s_native_v6_2_5 / 100% / body supported
$SPOTDRIVE started seq=43997 watchdog=800ms
$SPOTDRIVE stopped reason=requested
OK
#
PLAY: s_native_v6_2_5 / 100% / body supported
$SPOTDRIVE started seq=44043 watchdog=800ms
$SPOTDRIVE stopped reason=requested
OK
#
PLAY: s_native_v6_2_5 / 100% / body supported
$SPOTDRIVE started seq=44089 watchdog=800ms
$SPOTDRIVE stopped reason=requested
OK
#
PLAY: s_native_v6_2_5 / 100% / body supported
$SPOTDRIVE started seq=44135 watchdog=800ms
$SPOTDRIVE stopped reason=requested
OK
#
PLAY: s_native_v6_2_5 / 100% / body supported
$SPOTDRIVE started seq=44181 watchdog=800ms
$SPOTDRIVE stopped reason=requested
OK
#
PLAY: s_native_v6_2_5 / 100% / body supported
$SPOTDRIVE started seq=44227 watchdog=800ms
$SPOTDRIVE stopped reason=requested
OK
#
PLAY: s_native_v6_2_5 / 100% / body supported
$SPOTDRIVE started seq=44273 watchdog=800ms
$SPOTDRIVE stopped reason=requested
OK
#
PLAY: s_native_v6_2_5 / 100% / body supported
$SPOTDRIVE started seq=44319 watchdog=800ms
$SPOTDRIVE stopped reason=requested
OK
#
PLAY: s_native_v6_2_5 / 100% / body supported
$SPOTDRIVE started seq=44365 watchdog=800ms
$SPOTDRIVE stopped reason=requested
OK
#
PLAY: s_native_v6_2_5 / 100% / body supported
$SPOTDRIVE started seq=44411 watchdog=800ms
$SPOTDRIVE stopped reason=requested
OK
#
PLAY: s_native_v6_2_5 / 100% / body supported
$SPOTDRIVE started seq=44457 watchdog=800ms
$SPOTDRIVE stopped reason=requested
OK
#
PLAY: s_native_v6_2_5 / 100% / body supported
$SPOTDRIVE started seq=44503 watchdog=800ms
$SPOTDRIVE stopped reason=requested
OK
#
PLAY: s_native_v6_2_5 / 100% / body supported
$SPOTDRIVE started seq=44549 watchdog=800ms
$SPOTDRIVE stopped reason=requested
OK
#
PLAY: s_native_v6_2_5 / 100% / body supported
$SPOTDRIVE started seq=44595 watchdog=800ms
$SPOTDRIVE stopped reason=requested
OK
#
PLAY: s_native_v6_2_5 / 100% / body supported
$SPOTDRIVE started seq=44641 watchdog=800ms
$SPOTDRIVE stopped reason=requested
OK
#
PLAY: s_native_v6_2_5 / 100% / body supported
$SPOTDRIVE started seq=44687 watchdog=800ms
$SPOTDRIVE stopped reason=requested
OK
#
PLAY: s_native_v6_2_5 / 100% / body supported
$SPOTDRIVE started seq=44733 watchdog=800ms
$SPOTDRIVE stopped reason=requested
OK
#
PLAY: s_native_v6_2_5 / 100% / body supported
$SPOTDRIVE started seq=44779 watchdog=800ms
$SPOTDRIVE stopped reason=requested
OK
#
PLAY: s_native_v6_2_5 / 100% / body supported
$SPOTDRIVE started seq=44825 watchdog=800ms
$SPOTDRIVE stopped reason=requested
OK
#
PLAY: s_native_v6_2_5 / 100% / body supported
$SPOTDRIVE started seq=44871 watchdog=800ms
$SPOTDRIVE stopped reason=requested
OK
#
PLAY: s_native_v6_2_5 / 100% / body supported
$SPOTDRIVE started seq=44917 watchdog=800ms
$SPOTDRIVE stopped reason=requested
OK
#
PLAY: s_native_v6_2_5 / 100% / body supported
$SPOTDRIVE started seq=44963 watchdog=800ms
$SPOTDRIVE stopped reason=requested
OK
#
PLAY: s_native_v6_2_5 / 100% / body supported
$SPOTDRIVE started seq=45009 watchdog=800ms
$SPOTDRIVE stopped reason=requested
OK
#
PLAY: s_native_v6_2_5 / 100% / body supported
$SPOTDRIVE started seq=45055 watchdog=800ms
$SPOTDRIVE stopped reason=requested
OK
#
PLAY: s_native_v6_2_5 / 100% / body supported
$SPOTDRIVE started seq=45101 watchdog=800ms
$SPOTDRIVE stopped reason=requested
OK
#
PLAY: s_native_v6_2_5 / 100% / body supported
$SPOTDRIVE started seq=45147 watchdog=800ms
$SPOTDRIVE stopped reason=requested
OK
#
PLAY: s_native_v6_2_5 / 100% / body supported
$SPOTDRIVE started seq=45193 watchdog=800ms
$SPOTDRIVE stopped reason=requested
OK
#
PLAY: s_native_v6_2_5 / 100% / body supported
$SPOTDRIVE started seq=45239 watchdog=800ms
$SPOTDRIVE stopped reason=requested
OK
#
PLAY: s_native_v6_2_5 / 100% / body supported
$SPOTDRIVE started seq=45285 watchdog=800ms
$SPOTDRIVE stopped reason=requested
OK
#
PLAY: s_native_v6_2_5 / 100% / body supported
$SPOTDRIVE started seq=45331 watchdog=800ms
$SPOTDRIVE stopped reason=requested
OK
#
PLAY: s_native_v6_2_5 / 100% / body supported
$SPOTDRIVE started seq=45377 watchdog=800ms
$SPOTDRIVE stopped reason=requested
OK
#
PLAY: s_native_v6_2_5 / 100% / body supported
$SPOTDRIVE started seq=45423 watchdog=800ms
$SPOTDRIVE stopped reason=requested
OK
#
PLAY: s_native_v6_2_5 / 100% / body supported
$SPOTDRIVE started seq=45469 watchdog=800ms
$SPOTDRIVE stopped reason=requested
OK
#
PLAY: s_native_v6_2_5 / 100% / body supported
$SPOTDRIVE started seq=45515 watchdog=800ms
$SPOTDRIVE stopped reason=requested
OK
#
PLAY: s_native_v6_2_5 / 100% / body supported
$SPOTDRIVE started seq=45561 watchdog=800ms
$SPOTDRIVE stopped reason=requested
OK
#
PLAY: s_native_v6_2_5 / 100% / body supported
$SPOTDRIVE started seq=45607 watchdog=800ms
$SPOTDRIVE stopped reason=requested
OK
#
PLAY: s_native_v6_2_5 / 100% / body supported
$SPOTDRIVE started seq=45653 watchdog=800ms
$SPOTDRIVE stopped reason=requested
OK
#
PLAY: s_native_v6_2_5 / 100% / body supported
$SPOTDRIVE started seq=45699 watchdog=800ms
$SPOTDRIVE stopped reason=requested
OK
#
PLAY: s_native_v6_2_5 / 100% / body supported
$SPOTDRIVE started seq=45745 watchdog=800ms
$SPOTDRIVE stopped reason=requested
OK
#
PLAY: s_native_v6_2_5 / 100% / body supported
$SPOTDRIVE started seq=45791 watchdog=800ms
$SPOTDRIVE stopped reason=requested
OK
#
PLAY: s_native_v6_2_5 / 100% / body supported
$SPOTDRIVE started seq=45837 watchdog=800ms
$SPOTDRIVE stopped reason=requested
OK
#
PLAY: s_native_v6_2_5 / 100% / body supported
$SPOTDRIVE started seq=45883 watchdog=800ms
$SPOTDRIVE stopped reason=requested
OK
#
PLAY: s_native_v6_2_5 / 100% / body supported
$SPOTDRIVE started seq=45929 watchdog=800ms
$SPOTDRIVE stopped reason=requested
OK
#
PLAY: s_native_v6_2_5 / 100% / body supported
$SPOTDRIVE started seq=45975 watchdog=800ms
$SPOTDRIVE stopped reason=requested
OK
#
PLAY: s_native_v6_2_5 / 100% / body supported
$SPOTDRIVE started seq=46021 watchdog=800ms
$SPOTDRIVE stopped reason=requested
OK
#
PLAY: s_native_v6_2_5 / 100% / body supported
$SPOTDRIVE started seq=46067 watchdog=800ms
$SPOTDRIVE stopped reason=requested
OK
#
PLAY: s_native_v6_2_5 / 100% / body supported
$SPOTDRIVE started seq=46113 watchdog=800ms
$SPOTDRIVE stopped reason=requested
OK
#
PLAY: s_native_v6_2_5 / 100% / body supported
$SPOTDRIVE started seq=46159 watchdog=800ms
$SPOTDRIVE stopped reason=requested
OK
#
PLAY: s_native_v6_2_5 / 100% / body supported
$SPOTDRIVE started seq=46205 watchdog=800ms
$SPOTDRIVE stopped reason=requested
OK
#
PLAY: s_native_v6_2_5 / 100% / body supported
$SPOTDRIVE started seq=46251 watchdog=800ms
$SPOTDRIVE stopped reason=requested
OK
#
PLAY: s_native_v6_2_5 / 100% / body supported
$SPOTDRIVE started seq=46297 watchdog=800ms
$SPOTDRIVE stopped reason=requested
OK
#
PLAY: s_native_v6_2_5 / 100% / body supported
$SPOTDRIVE started seq=46343 watchdog=800ms
$SPOTDRIVE stopped reason=requested
OK
#
PLAY: s_native_v6_2_5 / 100% / body supported
$SPOTDRIVE started seq=46389 watchdog=800ms
$SPOTDRIVE stopped reason=requested
OK
#
PLAY: s_native_v6_2_5 / 100% / body supported
$SPOTDRIVE started seq=46435 watchdog=800ms
$SPOTDRIVE stopped reason=requested
OK
#
PLAY: s_native_v6_2_5 / 100% / body supported
$SPOTDRIVE started seq=46481 watchdog=800ms
$SPOTDRIVE stopped reason=requested
OK
#
PLAY: s_native_v6_2_5 / 100% / body supported
$SPOTDRIVE started seq=46527 watchdog=800ms
$SPOTDRIVE stopped reason=requested
OK
#
PLAY: s_native_v6_2_5 / 100% / body supported
$SPOTDRIVE started seq=46573 watchdog=800ms
$SPOTDRIVE stopped reason=requested
OK
#
PLAY: s_native_v6_2_5 / 100% / body supported
$SPOTDRIVE started seq=46619 watchdog=800ms
$SPOTDRIVE stopped reason=requested
OK
#
PLAY: s_native_v6_2_5 / 100% / body supported
$SPOTDRIVE started seq=46665 watchdog=800ms
$SPOTDRIVE stopped reason=requested
OK
#
PLAY: s_native_v6_2_5 / 100% / body supported
$SPOTDRIVE started seq=46711 watchdog=800ms
$SPOTDRIVE stopped reason=requested
OK
#
PLAY: s_native_v6_2_5 / 100% / body supported
$SPOTDRIVE started seq=46757 watchdog=800ms
$SPOTDRIVE stopped reason=requested
OK
#
PLAY: s_native_v6_2_5 / 100% / body supported
$SPOTDRIVE started seq=46803 watchdog=800ms
$SPOTDRIVE stopped reason=requested
OK
#
PLAY: s_native_v6_2_5 / 100% / body supported
$SPOTDRIVE started seq=46849 watchdog=800ms
$SPOTDRIVE stopped reason=requested
OK
#
PLAY: s_native_v6_2_5 / 100% / body supported
$SPOTDRIVE started seq=46895 watchdog=800ms
$SPOTDRIVE stopped reason=requested
OK
#
PLAY: s_native_v6_2_5 / 100% / body supported
$SPOTDRIVE started seq=46941 watchdog=800ms
$SPOTDRIVE stopped reason=requested
OK
#
PLAY: s_native_v6_2_5 / 100% / body supported
$SPOTDRIVE started seq=46987 watchdog=800ms
$SPOTDRIVE stopped reason=requested
OK
#
PLAY: s_native_v6_2_5 / 100% / body supported
$SPOTDRIVE started seq=47033 watchdog=800ms
$SPOTDRIVE stopped reason=requested
OK
#
PLAY: s_native_v6_2_5 / 100% / body supported
$SPOTDRIVE started seq=47079 watchdog=800ms
$SPOTDRIVE stopped reason=requested
OK
#
PLAY: s_native_v6_2_5 / 100% / body supported
$SPOTDRIVE started seq=47125 watchdog=800ms
$SPOTDRIVE stopped reason=requested
OK
#
PLAY: s_native_v6_2_5 / 100% / body supported
$SPOTDRIVE started seq=47171 watchdog=800ms
$SPOTDRIVE stopped reason=requested
OK
#
PLAY: s_native_v6_2_5 / 100% / body supported
$SPOTDRIVE started seq=47217 watchdog=800ms
$SPOTDRIVE stopped reason=requested
OK
#
PLAY: s_native_v6_2_5 / 100% / body supported
$SPOTDRIVE started seq=47263 watchdog=800ms
$SPOTDRIVE stopped reason=requested
OK
#
PLAY: s_native_v6_2_5 / 100% / body supported
$SPOTDRIVE started seq=47309 watchdog=800ms
$SPOTDRIVE stopped reason=requested
OK
#
PLAY: s_native_v6_2_5 / 100% / body supported
$SPOTDRIVE started seq=47355 watchdog=800ms
$SPOTDRIVE stopped reason=requested
OK
#
PLAY: s_native_v6_2_5 / 100% / body supported
$SPOTDRIVE started seq=47401 watchdog=800ms
$SPOTDRIVE stopped reason=requested
OK
#
PLAY: s_native_v6_2_5 / 100% / body supported
$SPOTDRIVE started seq=47447 watchdog=800ms
$SPOTDRIVE stopped reason=requested
OK
#
PLAY: s_native_v6_2_5 / 100% / body supported
$SPOTDRIVE started seq=47493 watchdog=800ms
$SPOTDRIVE stopped reason=requested
OK
#
PLAY: s_native_v6_2_5 / 100% / body supported
$SPOTDRIVE started seq=47539 watchdog=800ms
$SPOTDRIVE stopped reason=requested
OK
#
PLAY: s_native_v6_2_5 / 100% / body supported
$SPOTDRIVE started seq=47585 watchdog=800ms
$SPOTDRIVE stopped reason=requested
OK
#
PLAY: s_native_v6_2_5 / 100% / body supported
$SPOTDRIVE started seq=47631 watchdog=800ms
$SPOTDRIVE stopped reason=requested
OK
#
PLAY: s_native_v6_2_5 / 100% / body supported
$SPOTDRIVE started seq=47677 watchdog=800ms
$SPOTDRIVE stopped reason=requested
OK
#
PLAY: s_native_v6_2_5 / 100% / body supported
$SPOTDRIVE started seq=47723 watchdog=800ms
$SPOTDRIVE stopped reason=requested
OK
#
PLAY: s_native_v6_2_5 / 100% / body supported
$SPOTDRIVE started seq=47769 watchdog=800ms
$SPOTDRIVE stopped reason=requested
OK
#
PLAY: s_native_v6_2_5 / 100% / body supported
$SPOTDRIVE started seq=47815 watchdog=800ms
$SPOTDRIVE stopped reason=requested
OK
#
PLAY: s_native_v6_2_5 / 100% / body supported
$SPOTDRIVE started seq=47861 watchdog=800ms
$SPOTDRIVE stopped reason=requested
OK
#
PLAY: s_native_v6_2_5 / 100% / body supported
$SPOTDRIVE started seq=47907 watchdog=800ms
$SPOTDRIVE stopped reason=requested
OK
#
PLAY: s_native_v6_2_5 / 100% / body supported
$SPOTDRIVE started seq=47953 watchdog=800ms
$SPOTDRIVE stopped reason=requested
OK
#
PLAY: s_native_v6_2_5 / 100% / body supported
$SPOTDRIVE started seq=47999 watchdog=800ms
$SPOTDRIVE stopped reason=requested
OK
#
PLAY: s_native_v6_2_5 / 100% / body supported
$SPOTDRIVE started seq=48045 watchdog=800ms
$SPOTDRIVE stopped reason=requested
OK
#
PLAY: s_native_v6_2_5 / 100% / body supported
$SPOTDRIVE started seq=48091 watchdog=800ms
$SPOTDRIVE stopped reason=requested
OK
#
PLAY: s_native_v6_2_5 / 100% / body supported
$SPOTDRIVE started seq=48137 watchdog=800ms
$SPOTDRIVE stopped reason=requested
OK
#
PLAY: s_native_v6_2_5 / 100% / body supported
$SPOTDRIVE started seq=48183 watchdog=800ms
$SPOTDRIVE stopped reason=requested
OK
#
PLAY: s_native_v6_2_5 / 100% / body supported
$SPOTDRIVE started seq=48229 watchdog=800ms
$SPOTDRIVE stopped reason=requested
OK
#
PLAY: s_native_v6_2_5 / 100% / body supported
$SPOTDRIVE started seq=48275 watchdog=800ms
$SPOTDRIVE stopped reason=requested
OK
#
PLAY: s_native_v6_2_5 / 100% / body supported
$SPOTDRIVE started seq=48321 watchdog=800ms
$SPOTDRIVE stopped reason=requested
OK
#
PLAY: s_native_v6_2_5 / 100% / body supported
$SPOTDRIVE started seq=48367 watchdog=800ms
$SPOTDRIVE stopped reason=requested
OK
#
PLAY: s_native_v6_2_5 / 100% / body supported
$SPOTDRIVE started seq=48413 watchdog=800ms
$SPOTDRIVE stopped reason=requested
OK
#
PLAY: s_native_v6_2_5 / 100% / body supported
$SPOTDRIVE started seq=48459 watchdog=800ms
$SPOTDRIVE stopped reason=requested
OK
#
PLAY: s_native_v6_2_5 / 100% / body supported
$SPOTDRIVE started seq=48505 watchdog=800ms
$SPOTDRIVE stopped reason=requested
OK
#
PLAY: s_native_v6_2_5 / 100% / body supported
$SPOTDRIVE started seq=48551 watchdog=800ms
$SPOTDRIVE stopped reason=requested
OK
#
PLAY: s_native_v6_2_5 / 100% / body supported
$SPOTDRIVE started seq=48597 watchdog=800ms
$SPOTDRIVE stopped reason=requested
OK
#
PLAY: s_native_v6_2_5 / 100% / body supported
$SPOTDRIVE started seq=48643 watchdog=800ms
$SPOTDRIVE stopped reason=requested
OK
#
PLAY: s_native_v6_2_5 / 100% / body supported
$SPOTDRIVE started seq=48689 watchdog=800ms
$SPOTDRIVE stopped reason=requested
OK
#
PLAY: s_native_v6_2_5 / 100% / body supported
$SPOTDRIVE started seq=48735 watchdog=800ms
$SPOTDRIVE stopped reason=requested
OK
#
PLAY: s_native_v6_2_5 / 100% / body supported
$SPOTDRIVE started seq=48781 watchdog=800ms
$SPOTDRIVE stopped reason=requested
OK
#
PLAY: s_native_v6_2_5 / 100% / body supported
$SPOTDRIVE started seq=48827 watchdog=800ms
$SPOTDRIVE stopped reason=requested
OK
#
PLAY: s_native_v6_2_5 / 100% / body supported
$SPOTDRIVE started seq=48873 watchdog=800ms
$SPOTDRIVE stopped reason=requested
OK
#
PLAY: s_native_v6_2_5 / 100% / body supported
$SPOTDRIVE started seq=48919 watchdog=800ms
$SPOTDRIVE stopped reason=requested
OK
#
PLAY: s_native_v6_2_5 / 100% / body supported
$SPOTDRIVE started seq=48965 watchdog=800ms
$SPOTDRIVE stopped reason=requested
OK
#
PLAY: s_native_v6_2_5 / 100% / body supported
$SPOTDRIVE started seq=49011 watchdog=800ms
$SPOTDRIVE stopped reason=requested
OK
#
PLAY: s_native_v6_2_5 / 100% / body supported
$SPOTDRIVE started seq=49057 watchdog=800ms
$SPOTDRIVE stopped reason=requested
OK
#
PLAY: s_native_v6_2_5 / 100% / body supported
$SPOTDRIVE started seq=49103 watchdog=800ms
$SPOTDRIVE stopped reason=requested
OK
#
PLAY: s_native_v6_2_5 / 100% / body supported
$SPOTDRIVE started seq=49149 watchdog=800ms
$SPOTDRIVE stopped reason=requested
OK
#
PLAY: s_native_v6_2_5 / 100% / body supported
$SPOTDRIVE started seq=49195 watchdog=800ms
$SPOTDRIVE stopped reason=requested
OK
#
PLAY: s_native_v6_2_5 / 100% / body supported
$SPOTDRIVE started seq=49241 watchdog=800ms
$SPOTDRIVE stopped reason=requested
OK
#
PLAY: s_native_v6_2_5 / 100% / body supported
$SPOTDRIVE started seq=49287 watchdog=800ms
$SPOTDRIVE stopped reason=requested
OK
#
PLAY: s_native_v6_2_5 / 100% / body supported
$SPOTDRIVE started seq=49333 watchdog=800ms
$SPOTDRIVE stopped reason=requested
OK
#
PLAY: s_native_v6_2_5 / 100% / body supported
$SPOTDRIVE started seq=49379 watchdog=800ms
$SPOTDRIVE stopped reason=requested
OK
#
PLAY: s_native_v6_2_5 / 100% / body supported
$SPOTDRIVE started seq=49425 watchdog=800ms
$SPOTDRIVE stopped reason=requested
OK
#
PLAY: s_native_v6_2_5 / 100% / body supported
$SPOTDRIVE started seq=49471 watchdog=800ms
$SPOTDRIVE stopped reason=requested
OK
#
PLAY: s_native_v6_2_5 / 100% / body supported
$SPOTDRIVE started seq=49517 watchdog=800ms
$SPOTDRIVE stopped reason=requested
OK
#
PLAY: s_native_v6_2_5 / 100% / body supported
$SPOTDRIVE started seq=49563 watchdog=800ms
$SPOTDRIVE stopped reason=requested
OK
#
PLAY: s_native_v6_2_5 / 100% / body supported
$SPOTDRIVE started seq=49609 watchdog=800ms
$SPOTDRIVE stopped reason=requested
OK
#
PLAY: s_native_v6_2_5 / 100% / body supported
$SPOTDRIVE started seq=49655 watchdog=800ms
$SPOTDRIVE stopped reason=requested
OK
#
PLAY: s_native_v6_2_5 / 100% / body supported
$SPOTDRIVE started seq=49701 watchdog=800ms
$SPOTDRIVE stopped reason=requested
OK
#
PLAY: s_native_v6_2_5 / 100% / body supported
$SPOTDRIVE started seq=49747 watchdog=800ms
$SPOTDRIVE stopped reason=requested
OK
#
PLAY: s_native_v6_2_5 / 100% / body supported
$SPOTDRIVE started seq=49793 watchdog=800ms
$SPOTDRIVE stopped reason=requested
OK
#
PLAY: s_native_v6_2_5 / 100% / body supported
$SPOTDRIVE started seq=49839 watchdog=800ms
$SPOTDRIVE stopped reason=requested
OK
#
PLAY: s_native_v6_2_5 / 100% / body supported
$SPOTDRIVE started seq=49885 watchdog=800ms
$SPOTDRIVE stopped reason=requested
OK
#
PLAY: s_native_v6_2_5 / 100% / body supported
$SPOTDRIVE started seq=49931 watchdog=800ms
$SPOTDRIVE stopped reason=requested
OK
#
PLAY: s_native_v6_2_5 / 100% / body supported
$SPOTDRIVE started seq=49977 watchdog=800ms
$SPOTDRIVE stopped reason=requested
OK
#
PLAY: s_native_v6_2_5 / 100% / body supported
$SPOTDRIVE started seq=50023 watchdog=800ms
$SPOTDRIVE stopped reason=requested
OK
#
PLAY: s_native_v6_2_5 / 100% / body supported
$SPOTDRIVE started seq=50069 watchdog=800ms
$SPOTDRIVE stopped reason=requested
OK
#
PLAY: s_native_v6_2_5 / 100% / body supported
$SPOTDRIVE started seq=50115 watchdog=800ms
$SPOTDRIVE stopped reason=requested
OK
#
PLAY: s_native_v6_2_5 / 100% / body supported
$SPOTDRIVE started seq=50161 watchdog=800ms
$SPOTDRIVE stopped reason=requested
OK
#
PLAY: s_native_v6_2_5 / 100% / body supported
$SPOTDRIVE started seq=50207 watchdog=800ms
$SPOTDRIVE stopped reason=requested
OK
#
PLAY: s_native_v6_2_5 / 100% / body supported
$SPOTDRIVE started seq=50253 watchdog=800ms
$SPOTDRIVE stopped reason=requested
OK
#
PLAY: s_native_v6_2_5 / 100% / body supported
$SPOTDRIVE started seq=50299 watchdog=800ms
$SPOTDRIVE stopped reason=requested
OK
#
PLAY: s_native_v6_2_5 / 100% / body supported
$SPOTDRIVE started seq=50345 watchdog=800ms
$SPOTDRIVE stopped reason=requested
OK
#
PLAY: s_native_v6_2_5 / 100% / body supported
$SPOTDRIVE started seq=50391 watchdog=800ms
$SPOTDRIVE stopped reason=requested
OK
#
PLAY: s_native_v6_2_5 / 100% / body supported
$SPOTDRIVE started seq=50437 watchdog=800ms
$SPOTDRIVE stopped reason=requested
OK
#
PLAY: s_native_v6_2_5 / 100% / body supported
$SPOTDRIVE started seq=50483 watchdog=800ms
$SPOTDRIVE stopped reason=requested
OK
#
PLAY: s_native_v6_2_5 / 100% / body supported
$SPOTDRIVE started seq=50529 watchdog=800ms
$SPOTDRIVE stopped reason=requested
OK
#
PLAY: s_native_v6_2_5 / 100% / body supported
$SPOTDRIVE started seq=50575 watchdog=800ms
$SPOTDRIVE stopped reason=requested
OK
#
PLAY: s_native_v6_2_5 / 100% / body supported
$SPOTDRIVE started seq=50621 watchdog=800ms
$SPOTDRIVE stopped reason=requested
OK
#
PLAY: s_native_v6_2_5 / 100% / body supported
$SPOTDRIVE started seq=50667 watchdog=800ms
$SPOTDRIVE stopped reason=requested
OK
#
PLAY: s_native_v6_2_5 / 100% / body supported
$SPOTDRIVE started seq=50713 watchdog=800ms
$SPOTDRIVE stopped reason=requested
OK
#
PLAY: s_native_v6_2_5 / 100% / body supported
$SPOTDRIVE started seq=50759 watchdog=800ms
$SPOTDRIVE stopped reason=requested
OK
#
PLAY: s_native_v6_2_5 / 100% / body supported
$SPOTDRIVE started seq=50805 watchdog=800ms
$SPOTDRIVE stopped reason=requested
OK
#
PLAY: s_native_v6_2_5 / 100% / body supported
$SPOTDRIVE started seq=50851 watchdog=800ms
$SPOTDRIVE stopped reason=requested
OK
#
PLAY: s_native_v6_2_5 / 100% / body supported
$SPOTDRIVE started seq=50897 watchdog=800ms
$SPOTDRIVE stopped reason=requested
OK
#
PLAY: s_native_v6_2_5 / 100% / body supported
$SPOTDRIVE started seq=50943 watchdog=800ms
$SPOTDRIVE stopped reason=requested
OK
#
PLAY: s_native_v6_2_5 / 100% / body supported
$SPOTDRIVE started seq=50989 watchdog=800ms
$SPOTDRIVE stopped reason=requested
OK
#
PLAY: s_native_v6_2_5 / 100% / body supported
$SPOTDRIVE started seq=51035 watchdog=800ms
$SPOTDRIVE stopped reason=requested
OK
#
PLAY: s_native_v6_2_5 / 100% / body supported
$SPOTDRIVE started seq=51081 watchdog=800ms
$SPOTDRIVE stopped reason=requested
OK
#
PLAY: s_native_v6_2_5 / 100% / body supported
$SPOTDRIVE started seq=51127 watchdog=800ms
$SPOTDRIVE stopped reason=requested
OK
#
PLAY: s_native_v6_2_5 / 100% / body supported
$SPOTDRIVE started seq=51173 watchdog=800ms
$SPOTDRIVE stopped reason=requested
OK
#
PLAY: s_native_v6_2_5 / 100% / body supported
$SPOTDRIVE started seq=51219 watchdog=800ms
$SPOTDRIVE stopped reason=requested
OK
#
PLAY: s_native_v6_2_5 / 100% / body supported
$SPOTDRIVE started seq=51265 watchdog=800ms
$SPOTDRIVE stopped reason=requested
OK
#
PLAY: s_native_v6_2_5 / 100% / body supported
$SPOTDRIVE started seq=51311 watchdog=800ms
$SPOTDRIVE stopped reason=requested
OK
#
PLAY: s_native_v6_2_5 / 100% / body supported
$SPOTDRIVE started seq=51357 watchdog=800ms
$SPOTDRIVE stopped reason=requested
OK
#
PLAY: s_native_v6_2_5 / 100% / body supported
$SPOTDRIVE started seq=51403 watchdog=800ms
$SPOTDRIVE stopped reason=requested
OK
#
PLAY: s_native_v6_2_5 / 100% / body supported
$SPOTDRIVE started seq=51449 watchdog=800ms
$SPOTDRIVE stopped reason=requested
OK
#
PLAY: s_native_v6_2_5 / 100% / body supported
$SPOTDRIVE started seq=51495 watchdog=800ms
$SPOTDRIVE stopped reason=requested
OK
#
PLAY: s_native_v6_2_5 / 100% / body supported
$SPOTDRIVE started seq=51541 watchdog=800ms
$SPOTDRIVE stopped reason=requested
OK
#
PLAY: s_native_v6_2_5 / 100% / body supported
$SPOTDRIVE started seq=51587 watchdog=800ms
$SPOTDRIVE stopped reason=requested
OK
#
PLAY: s_native_v6_2_5 / 100% / body supported
$SPOTDRIVE started seq=51633 watchdog=800ms
$SPOTDRIVE stopped reason=requested
OK
#
PLAY: s_native_v6_2_5 / 100% / body supported
$SPOTDRIVE started seq=51679 watchdog=800ms
$SPOTDRIVE stopped reason=requested
OK
#
PLAY: s_native_v6_2_5 / 100% / body supported
$SPOTDRIVE started seq=51725 watchdog=800ms
$SPOTDRIVE stopped reason=requested
OK
#
PLAY: s_native_v6_2_5 / 100% / body supported
$SPOTDRIVE started seq=51771 watchdog=800ms
$SPOTDRIVE stopped reason=requested
OK
#
PLAY: s_native_v6_2_5 / 100% / body supported
$SPOTDRIVE started seq=51817 watchdog=800ms
$SPOTDRIVE stopped reason=requested
OK
#
PLAY: s_native_v6_2_5 / 100% / body supported
$SPOTDRIVE started seq=51863 watchdog=800ms
$SPOTDRIVE stopped reason=requested
OK
#
PLAY: s_native_v6_2_5 / 100% / body supported
$SPOTDRIVE started seq=51909 watchdog=800ms
$SPOTDRIVE stopped reason=requested
OK
#
PLAY: s_native_v6_2_5 / 100% / body supported
$SPOTDRIVE started seq=51955 watchdog=800ms
$SPOTDRIVE stopped reason=requested
OK
#
PLAY: s_native_v6_2_5 / 100% / body supported
$SPOTDRIVE started seq=52001 watchdog=800ms
$SPOTDRIVE stopped reason=requested
OK
#
PLAY: s_native_v6_2_5 / 100% / body supported
$SPOTDRIVE started seq=52047 watchdog=800ms
$SPOTDRIVE stopped reason=requested
OK
#
PLAY: s_native_v6_2_5 / 100% / body supported
$SPOTDRIVE started seq=52093 watchdog=800ms
$SPOTDRIVE stopped reason=requested
OK
#
PLAY: s_native_v6_2_5 / 100% / body supported
$SPOTDRIVE started seq=52139 watchdog=800ms
$SPOTDRIVE stopped reason=requested
OK
#
PLAY: s_native_v6_2_5 / 100% / body supported
$SPOTDRIVE started seq=52185 watchdog=800ms
$SPOTDRIVE stopped reason=requested
OK
#
PLAY: s_native_v6_2_5 / 100% / body supported
$SPOTDRIVE started seq=52231 watchdog=800ms
$SPOTDRIVE stopped reason=requested
OK
#
PLAY: s_native_v6_2_5 / 100% / body supported
$SPOTDRIVE started seq=52277 watchdog=800ms
$SPOTDRIVE stopped reason=requested
OK
#
PLAY: s_native_v6_2_5 / 100% / body supported
$SPOTDRIVE started seq=52323 watchdog=800ms
$SPOTDRIVE stopped reason=requested
OK
#
PLAY: s_native_v6_2_5 / 100% / body supported
$SPOTDRIVE started seq=52369 watchdog=800ms
$SPOTDRIVE stopped reason=requested
OK
#
PLAY: s_native_v6_2_5 / 100% / body supported
$SPOTDRIVE started seq=52415 watchdog=800ms
$SPOTDRIVE stopped reason=requested
OK
#
PLAY: s_native_v6_2_5 / 100% / body supported
$SPOTDRIVE started seq=52461 watchdog=800ms
$SPOTDRIVE stopped reason=requested
OK
#
PLAY: s_native_v6_2_5 / 100% / body supported
$SPOTDRIVE started seq=52507 watchdog=800ms
$SPOTDRIVE stopped reason=requested
OK
#
PLAY: s_native_v6_2_5 / 100% / body supported
$SPOTDRIVE started seq=52553 watchdog=800ms
$SPOTDRIVE stopped reason=requested
OK
#
PLAY: s_native_v6_2_5 / 100% / body supported
$SPOTDRIVE started seq=52599 watchdog=800ms
$SPOTDRIVE stopped reason=requested
OK
#
PLAY: s_native_v6_2_5 / 100% / body supported
$SPOTDRIVE started seq=52645 watchdog=800ms
$SPOTDRIVE stopped reason=requested
OK
#
PLAY: s_native_v6_2_5 / 100% / body supported
$SPOTDRIVE started seq=52691 watchdog=800ms
$SPOTDRIVE stopped reason=requested
OK
#
PLAY: s_native_v6_2_5 / 100% / body supported
$SPOTDRIVE started seq=52737 watchdog=800ms
$SPOTDRIVE stopped reason=requested
OK
#
PLAY: s_native_v6_2_5 / 100% / body supported
$SPOTDRIVE started seq=52783 watchdog=800ms
$SPOTDRIVE stopped reason=requested
OK
#
PLAY: s_native_v6_2_5 / 100% / body supported
$SPOTDRIVE started seq=52829 watchdog=800ms
$SPOTDRIVE stopped reason=requested
OK
#
PLAY: s_native_v6_2_5 / 100% / body supported
$SPOTDRIVE started seq=52875 watchdog=800ms
$SPOTDRIVE stopped reason=requested
OK
#
PLAY: s_native_v6_2_5 / 100% / body supported
$SPOTDRIVE started seq=52921 watchdog=800ms
$SPOTDRIVE stopped reason=requested
OK
#
PLAY: s_native_v6_2_5 / 100% / body supported
$SPOTDRIVE started seq=52967 watchdog=800ms
$SPOTDRIVE stopped reason=requested
OK
#
PLAY: s_native_v6_2_5 / 100% / body supported
$SPOTDRIVE started seq=53013 watchdog=800ms
$SPOTDRIVE stopped reason=requested
OK
#
PLAY: s_native_v6_2_5 / 100% / body supported
$SPOTDRIVE started seq=53059 watchdog=800ms
$SPOTDRIVE stopped reason=requested
OK
#
PLAY: s_native_v6_2_5 / 100% / body supported
$SPOTDRIVE started seq=53105 watchdog=800ms
$SPOTDRIVE stopped reason=requested
OK
#
PLAY: s_native_v6_2_5 / 100% / body supported
$SPOTDRIVE started seq=53151 watchdog=800ms
$SPOTDRIVE stopped reason=requested
OK
#
PLAY: s_native_v6_2_5 / 100% / body supported
$SPOTDRIVE started seq=53197 watchdog=800ms
$SPOTDRIVE stopped reason=requested
OK
#
PLAY: s_native_v6_2_5 / 100% / body supported
$SPOTDRIVE started seq=53243 watchdog=800ms
$SPOTDRIVE stopped reason=requested
OK
#
PLAY: s_native_v6_2_5 / 100% / body supported
$SPOTDRIVE started seq=53289 watchdog=800ms
$SPOTDRIVE stopped reason=requested
OK
#
PLAY: s_native_v6_2_5 / 100% / body supported
$SPOTDRIVE started seq=53335 watchdog=800ms
$SPOTDRIVE stopped reason=requested
OK
#
PLAY: s_native_v6_2_5 / 100% / body supported
$SPOTDRIVE started seq=53381 watchdog=800ms
$SPOTDRIVE stopped reason=requested
OK
#
PLAY: s_native_v6_2_5 / 100% / body supported
$SPOTDRIVE started seq=53427 watchdog=800ms
$SPOTDRIVE stopped reason=requested
OK
#
PLAY: s_native_v6_2_5 / 100% / body supported
$SPOTDRIVE started seq=53473 watchdog=800ms
$SPOTDRIVE stopped reason=requested
OK
#
PLAY: s_native_v6_2_5 / 100% / body supported
$SPOTDRIVE started seq=53515 watchdog=800ms
$SPOTDRIVE stopped reason=requested
OK
#
PLAY: s_native_v6_2_5 / 100% / body supported
$SPOTDRIVE started seq=53557 watchdog=800ms
$SPOTDRIVE stopped reason=requested
OK
#
PLAY: s_native_v6_2_5 / 100% / body supported
$SPOTDRIVE started seq=53599 watchdog=800ms
$SPOTDRIVE stopped reason=requested
OK
#
PLAY: s_native_v6_2_5 / 100% / body supported
$SPOTDRIVE started seq=53641 watchdog=800ms
$SPOTDRIVE stopped reason=requested
OK
#
PLAY: s_native_v6_2_5 / 100% / body supported
$SPOTDRIVE started seq=53683 watchdog=800ms
$SPOTDRIVE stopped reason=requested
OK
#
PLAY: s_native_v6_2_5 / 100% / body supported
$SPOTDRIVE started seq=53725 watchdog=800ms
$SPOTDRIVE stopped reason=requested
OK
#
PLAY: s_native_v6_2_5 / 100% / body supported
$SPOTDRIVE started seq=53767 watchdog=800ms
$SPOTDRIVE stopped reason=requested
OK
#
PLAY: s_native_v6_2_5 / 100% / body supported
$SPOTDRIVE started seq=53809 watchdog=800ms
$SPOTDRIVE stopped reason=requested
OK
#
PLAY: s_native_v6_2_5 / 100% / body supported
$SPOTDRIVE started seq=53851 watchdog=800ms
$SPOTDRIVE stopped reason=requested
OK
#
PLAY: s_native_v6_2_5 / 100% / body supported
$SPOTDRIVE started seq=53893 watchdog=800ms
$SPOTDRIVE stopped reason=requested
OK
#
PLAY: s_native_v6_2_5 / 100% / body supported
$SPOTDRIVE started seq=53935 watchdog=800ms
$SPOTDRIVE stopped reason=requested
OK
#
PLAY: s_native_v6_2_5 / 100% / body supported
$SPOTDRIVE started seq=53977 watchdog=800ms
$SPOTDRIVE stopped reason=requested
OK
#
PLAY: s_native_v6_2_5 / 100% / body supported
$SPOTDRIVE started seq=54019 watchdog=800ms
$SPOTDRIVE stopped reason=requested
OK
#
PLAY: s_native_v6_2_5 / 100% / body supported
$SPOTDRIVE started seq=54061 watchdog=800ms
$SPOTDRIVE stopped reason=requested
OK
#
PLAY: s_native_v6_2_5 / 100% / body supported
$SPOTDRIVE started seq=54103 watchdog=800ms
$SPOTDRIVE stopped reason=requested
OK
#
PLAY: s_native_v6_2_5 / 100% / body supported
$SPOTDRIVE started seq=54145 watchdog=800ms
$SPOTDRIVE stopped reason=requested
OK
#
PLAY: s_native_v6_2_5 / 100% / body supported
$SPOTDRIVE started seq=54187 watchdog=800ms
$SPOTDRIVE stopped reason=requested
OK
#
PLAY: s_native_v6_2_5 / 100% / body supported
$SPOTDRIVE started seq=54229 watchdog=800ms
$SPOTDRIVE stopped reason=requested
OK
#
PLAY: s_native_v6_2_5 / 100% / body supported
$SPOTDRIVE started seq=54271 watchdog=800ms
$SPOTDRIVE stopped reason=requested
OK
#
PLAY: s_native_v6_2_5 / 100% / body supported
$SPOTDRIVE started seq=54313 watchdog=800ms
$SPOTDRIVE stopped reason=requested
OK
#
PLAY: s_native_v6_2_5 / 100% / body supported
$SPOTDRIVE started seq=54355 watchdog=800ms
$SPOTDRIVE stopped reason=requested
OK
#
PLAY: s_native_v6_2_5 / 100% / body supported
$SPOTDRIVE started seq=54397 watchdog=800ms
$SPOTDRIVE stopped reason=requested
OK
#
PLAY: s_native_v6_2_5 / 100% / body supported
$SPOTDRIVE started seq=54439 watchdog=800ms
$SPOTDRIVE stopped reason=requested
OK
#
PLAY: s_native_v6_2_5 / 100% / body supported
$SPOTDRIVE started seq=54481 watchdog=800ms
$SPOTDRIVE stopped reason=requested
OK
#
PLAY: s_native_v6_2_5 / 100% / body supported
$SPOTDRIVE started seq=54523 watchdog=800ms
$SPOTDRIVE stopped reason=requested
OK
#
PLAY: s_native_v6_2_5 / 100% / body supported
$SPOTDRIVE started seq=54565 watchdog=800ms
$SPOTDRIVE stopped reason=requested
OK
#
PLAY: s_native_v6_2_5 / 100% / body supported
$SPOTDRIVE started seq=54607 watchdog=800ms
$SPOTDRIVE stopped reason=requested
OK
#
PLAY: s_native_v6_2_5 / 100% / body supported
$SPOTDRIVE started seq=54649 watchdog=800ms
$SPOTDRIVE stopped reason=requested
OK
#
PLAY: s_native_v6_2_5 / 100% / body supported
$SPOTDRIVE started seq=54691 watchdog=800ms
$SPOTDRIVE stopped reason=requested
OK
#
PLAY: s_native_v6_2_5 / 100% / body supported
$SPOTDRIVE started seq=54733 watchdog=800ms
$SPOTDRIVE stopped reason=requested
OK
#
PLAY: s_native_v6_2_5 / 100% / body supported
$SPOTDRIVE started seq=54775 watchdog=800ms
$SPOTDRIVE stopped reason=requested
OK
#
PLAY: s_native_v6_2_5 / 100% / body supported
$SPOTDRIVE started seq=54817 watchdog=800ms
$SPOTDRIVE stopped reason=requested
OK
#
PLAY: s_native_v6_2_5 / 100% / body supported
$SPOTDRIVE started seq=54859 watchdog=800ms
$SPOTDRIVE stopped reason=requested
OK
#
PLAY: s_native_v6_2_5 / 100% / body supported
$SPOTDRIVE started seq=54901 watchdog=800ms
$SPOTDRIVE stopped reason=requested
OK
#
PLAY: s_native_v6_2_5 / 100% / body supported
$SPOTDRIVE started seq=54943 watchdog=800ms
$SPOTDRIVE stopped reason=requested
OK
#
PLAY: s_native_v6_2_5 / 100% / body supported
$SPOTDRIVE started seq=54985 watchdog=800ms
$SPOTDRIVE stopped reason=requested
OK
#
PLAY: s_native_v6_2_5 / 100% / body supported
$SPOTDRIVE started seq=55027 watchdog=800ms
$SPOTDRIVE stopped reason=requested
OK
#
PLAY: s_native_v6_2_5 / 100% / body supported
$SPOTDRIVE started seq=55069 watchdog=800ms
$SPOTDRIVE stopped reason=requested
OK
#
PLAY: s_native_v6_2_5 / 100% / body supported
$SPOTDRIVE started seq=55111 watchdog=800ms
$SPOTDRIVE stopped reason=requested
OK
#
PLAY: s_native_v6_2_5 / 100% / body supported
$SPOTDRIVE started seq=55153 watchdog=800ms
$SPOTDRIVE stopped reason=requested
OK
#
PLAY: s_native_v6_2_5 / 100% / body supported
$SPOTDRIVE started seq=55195 watchdog=800ms
$SPOTDRIVE stopped reason=requested
OK
#
PLAY: s_native_v6_2_5 / 100% / body supported
$SPOTDRIVE started seq=55237 watchdog=800ms
$SPOTDRIVE stopped reason=requested
OK
#
PLAY: s_native_v6_2_5 / 100% / body supported
$SPOTDRIVE started seq=55279 watchdog=800ms
$SPOTDRIVE stopped reason=requested
OK
#
PLAY: s_native_v6_2_5 / 100% / body supported
$SPOTDRIVE started seq=55321 watchdog=800ms
$SPOTDRIVE stopped reason=requested
OK
#
PLAY: s_native_v6_2_5 / 100% / body supported
$SPOTDRIVE started seq=55363 watchdog=800ms
$SPOTDRIVE stopped reason=requested
OK
#
PLAY: s_native_v6_2_5 / 100% / body supported
$SPOTDRIVE started seq=55405 watchdog=800ms
$SPOTDRIVE stopped reason=requested
OK
#
PLAY: s_native_v6_2_5 / 100% / body supported
$SPOTDRIVE started seq=55447 watchdog=800ms
$SPOTDRIVE stopped reason=requested
OK
#
PLAY: s_native_v6_2_5 / 100% / body supported
$SPOTDRIVE started seq=55489 watchdog=800ms
$SPOTDRIVE stopped reason=requested
OK
#
PLAY: s_native_v6_2_5 / 100% / body supported
$SPOTDRIVE started seq=55531 watchdog=800ms
$SPOTDRIVE stopped reason=requested
OK
#
PLAY: s_native_v6_2_5 / 100% / body supported
$SPOTDRIVE started seq=55573 watchdog=800ms
$SPOTDRIVE stopped reason=requested
OK
#
PLAY: s_native_v6_2_5 / 100% / body supported
$SPOTDRIVE started seq=55615 watchdog=800ms
$SPOTDRIVE stopped reason=requested
OK
#
PLAY: s_native_v6_2_5 / 100% / body supported
$SPOTDRIVE started seq=55657 watchdog=800ms
$SPOTDRIVE stopped reason=requested
OK
#
PLAY: s_native_v6_2_5 / 100% / body supported
$SPOTDRIVE started seq=55699 watchdog=800ms
$SPOTDRIVE stopped reason=requested
OK
#
PLAY: s_native_v6_2_5 / 100% / body supported
$SPOTDRIVE started seq=55741 watchdog=800ms
$SPOTDRIVE stopped reason=requested
OK
#
PLAY: s_native_v6_2_5 / 100% / body supported
$SPOTDRIVE started seq=55783 watchdog=800ms
$SPOTDRIVE stopped reason=requested
OK
#
PLAY: s_native_v6_2_5 / 100% / body supported
$SPOTDRIVE started seq=55825 watchdog=800ms
$SPOTDRIVE stopped reason=requested
OK
#
PLAY: s_native_v6_2_5 / 100% / body supported
$SPOTDRIVE started seq=55867 watchdog=800ms
$SPOTDRIVE stopped reason=requested
OK
#
PLAY: s_native_v6_2_5 / 100% / body supported
$SPOTDRIVE started seq=55909 watchdog=800ms
$SPOTDRIVE stopped reason=requested
OK
#
PLAY: s_native_v6_2_5 / 100% / body supported
$SPOTDRIVE started seq=55951 watchdog=800ms
$SPOTDRIVE stopped reason=requested
OK
#
PLAY: s_native_v6_2_5 / 100% / body supported
$SPOTDRIVE started seq=55993 watchdog=800ms
$SPOTDRIVE stopped reason=requested
OK
#
PLAY: s_native_v6_2_5 / 100% / body supported
$SPOTDRIVE started seq=56035 watchdog=800ms
$SPOTDRIVE stopped reason=requested
OK
#
PLAY: s_native_v6_2_5 / 100% / body supported
$SPOTDRIVE started seq=56077 watchdog=800ms
$SPOTDRIVE stopped reason=requested
OK
#
PLAY: s_native_v6_2_5 / 100% / body supported
$SPOTDRIVE started seq=56119 watchdog=800ms
$SPOTDRIVE stopped reason=requested
OK
#
PLAY: s_native_v6_2_5 / 100% / body supported
$SPOTDRIVE started seq=56161 watchdog=800ms
$SPOTDRIVE stopped reason=requested
OK
#
PLAY: s_native_v6_2_5 / 100% / body supported
$SPOTDRIVE started seq=56203 watchdog=800ms
$SPOTDRIVE stopped reason=requested
OK
#
PLAY: s_native_v6_2_5 / 100% / body supported
$SPOTDRIVE started seq=56245 watchdog=800ms
$SPOTDRIVE stopped reason=requested
OK
#
PLAY: s_native_v6_2_5 / 100% / body supported
$SPOTDRIVE started seq=56287 watchdog=800ms
$SPOTDRIVE stopped reason=requested
OK
#
PLAY: s_native_v6_2_5 / 100% / body supported
$SPOTDRIVE started seq=56329 watchdog=800ms
$SPOTDRIVE stopped reason=requested
OK
#
PLAY: s_native_v6_2_5 / 100% / body supported
$SPOTDRIVE started seq=56371 watchdog=800ms
$SPOTDRIVE stopped reason=requested
OK
#
PLAY: s_native_v6_2_5 / 100% / body supported
$SPOTDRIVE started seq=56413 watchdog=800ms
$SPOTDRIVE stopped reason=requested
OK
#
PLAY: s_native_v6_2_5 / 100% / body supported
$SPOTDRIVE started seq=56455 watchdog=800ms
$SPOTDRIVE stopped reason=requested
OK
#
PLAY: s_native_v6_2_5 / 100% / body supported
$SPOTDRIVE started seq=56497 watchdog=800ms
$SPOTDRIVE stopped reason=requested
OK
#
PLAY: s_native_v6_2_5 / 100% / body supported
$SPOTDRIVE started seq=56539 watchdog=800ms
$SPOTDRIVE stopped reason=requested
OK
#
PLAY: s_native_v6_2_5 / 100% / body supported
$SPOTDRIVE started seq=56581 watchdog=800ms
$SPOTDRIVE stopped reason=requested
OK
#
PLAY: s_native_v6_2_5 / 100% / body supported
$SPOTDRIVE started seq=56623 watchdog=800ms
$SPOTDRIVE stopped reason=requested
OK
#
PLAY: s_native_v6_2_5 / 100% / body supported
$SPOTDRIVE started seq=56665 watchdog=800ms
$SPOTDRIVE stopped reason=requested
OK
#
PLAY: s_native_v6_2_5 / 100% / body supported
$SPOTDRIVE started seq=56707 watchdog=800ms
$SPOTDRIVE stopped reason=requested
OK
#
PLAY: s_native_v6_2_5 / 100% / body supported
$SPOTDRIVE started seq=56749 watchdog=800ms
$SPOTDRIVE stopped reason=requested
OK
#
PLAY: s_native_v6_2_5 / 100% / body supported
$SPOTDRIVE started seq=56791 watchdog=800ms
$SPOTDRIVE stopped reason=requested
OK
#
PLAY: s_native_v6_2_5 / 100% / body supported
$SPOTDRIVE started seq=56833 watchdog=800ms
$SPOTDRIVE stopped reason=requested
OK
#
PLAY: s_native_v6_2_5 / 100% / body supported
$SPOTDRIVE started seq=56875 watchdog=800ms
$SPOTDRIVE stopped reason=requested
OK
#
PLAY: s_native_v6_2_5 / 100% / body supported
$SPOTDRIVE started seq=56917 watchdog=800ms
$SPOTDRIVE stopped reason=requested
OK
#
PLAY: s_native_v6_2_5 / 100% / body supported
$SPOTDRIVE started seq=56959 watchdog=800ms
$SPOTDRIVE stopped reason=requested
OK
#
PLAY: s_native_v6_2_5 / 100% / body supported
$SPOTDRIVE started seq=57001 watchdog=800ms
$SPOTDRIVE stopped reason=requested
OK
#
PLAY: s_native_v6_2_5 / 100% / body supported
$SPOTDRIVE started seq=57043 watchdog=800ms
$SPOTDRIVE stopped reason=requested
OK
#
PLAY: s_native_v6_2_5 / 100% / body supported
$SPOTDRIVE started seq=57085 watchdog=800ms
$SPOTDRIVE stopped reason=requested
OK
#
PLAY: s_native_v6_2_5 / 100% / body supported
$SPOTDRIVE started seq=57127 watchdog=800ms
$SPOTDRIVE stopped reason=requested
OK
#
PLAY: s_native_v6_2_5 / 100% / body supported
$SPOTDRIVE started seq=57169 watchdog=800ms
$SPOTDRIVE stopped reason=requested
OK
#
PLAY: s_native_v6_2_5 / 100% / body supported
$SPOTDRIVE started seq=57211 watchdog=800ms
$SPOTDRIVE stopped reason=requested
OK
#
PLAY: s_native_v6_2_5 / 100% / body supported
$SPOTDRIVE started seq=57253 watchdog=800ms
$SPOTDRIVE stopped reason=requested
OK
#
PLAY: s_native_v6_2_5 / 100% / body supported
$SPOTDRIVE started seq=57295 watchdog=800ms
$SPOTDRIVE stopped reason=requested
OK
#
PLAY: s_native_v6_2_5 / 100% / body supported
$SPOTDRIVE started seq=57337 watchdog=800ms
$SPOTDRIVE stopped reason=requested
OK
#
PLAY: s_native_v6_2_5 / 100% / body supported
$SPOTDRIVE started seq=57379 watchdog=800ms
$SPOTDRIVE stopped reason=requested
OK
#
PLAY: s_native_v6_2_5 / 100% / body supported
$SPOTDRIVE started seq=57421 watchdog=800ms
$SPOTDRIVE stopped reason=requested
OK
#
PLAY: s_native_v6_2_5 / 100% / body supported
$SPOTDRIVE started seq=57463 watchdog=800ms
$SPOTDRIVE stopped reason=requested
OK
#
PLAY: s_native_v6_2_5 / 100% / body supported
$SPOTDRIVE started seq=57505 watchdog=800ms
$SPOTDRIVE stopped reason=requested
OK
#
PLAY: s_native_v6_2_5 / 100% / body supported
$SPOTDRIVE started seq=57547 watchdog=800ms
$SPOTDRIVE stopped reason=requested
OK
#
PLAY: s_native_v6_2_5 / 100% / body supported
$SPOTDRIVE started seq=57589 watchdog=800ms
$SPOTDRIVE stopped reason=requested
OK
#
PLAY: s_native_v6_2_5 / 100% / body supported
$SPOTDRIVE started seq=57631 watchdog=800ms
$SPOTDRIVE stopped reason=requested
OK
#
PLAY: s_native_v6_2_5 / 100% / body supported
$SPOTDRIVE started seq=57673 watchdog=800ms
$SPOTDRIVE stopped reason=requested
OK
#
PLAY: s_native_v6_2_5 / 100% / body supported
$SPOTDRIVE started seq=57715 watchdog=800ms
$SPOTDRIVE stopped reason=requested
OK
#
PLAY: s_native_v6_2_5 / 100% / body supported
$SPOTDRIVE started seq=57757 watchdog=800ms
$SPOTDRIVE stopped reason=requested
OK
#
PLAY: s_native_v6_2_5 / 100% / body supported
$SPOTDRIVE started seq=57799 watchdog=800ms
$SPOTDRIVE stopped reason=requested
OK
#
PLAY: s_native_v6_2_5 / 100% / body supported
$SPOTDRIVE started seq=57841 watchdog=800ms
$SPOTDRIVE stopped reason=requested
OK
#
PLAY: s_native_v6_2_5 / 100% / body supported
$SPOTDRIVE started seq=57883 watchdog=800ms
$SPOTDRIVE stopped reason=requested
OK
#
PLAY: s_native_v6_2_5 / 100% / body supported
$SPOTDRIVE started seq=57925 watchdog=800ms
$SPOTDRIVE stopped reason=requested
OK
#
PLAY: s_native_v6_2_5 / 100% / body supported
$SPOTDRIVE started seq=57967 watchdog=800ms
$SPOTDRIVE stopped reason=requested
OK
#
PLAY: s_native_v6_2_5 / 100% / body supported
$SPOTDRIVE started seq=58009 watchdog=800ms
$SPOTDRIVE stopped reason=requested
OK
#
PLAY: s_native_v6_2_5 / 100% / body supported
$SPOTDRIVE started seq=58051 watchdog=800ms
$SPOTDRIVE stopped reason=requested
OK
#
PLAY: s_native_v6_2_5 / 100% / body supported
$SPOTDRIVE started seq=58093 watchdog=800ms
$SPOTDRIVE stopped reason=requested
OK
#
PLAY: s_native_v6_2_5 / 100% / body supported
$SPOTDRIVE started seq=58135 watchdog=800ms
$SPOTDRIVE stopped reason=requested
OK
#
PLAY: s_native_v6_2_5 / 100% / body supported
$SPOTDRIVE started seq=58177 watchdog=800ms
$SPOTDRIVE stopped reason=requested
OK
#
PLAY: s_native_v6_2_5 / 100% / body supported
$SPOTDRIVE started seq=58219 watchdog=800ms
$SPOTDRIVE stopped reason=requested
OK
#
PLAY: s_native_v6_2_5 / 100% / body supported
$SPOTDRIVE started seq=58261 watchdog=800ms
$SPOTDRIVE stopped reason=requested
OK
#
PLAY: s_native_v6_2_5 / 100% / body supported
$SPOTDRIVE started seq=58303 watchdog=800ms
$SPOTDRIVE stopped reason=requested
OK
#
PLAY: s_native_v6_2_5 / 100% / body supported
$SPOTDRIVE started seq=58345 watchdog=800ms
$SPOTDRIVE stopped reason=requested
OK
#
PLAY: s_native_v6_2_5 / 100% / body supported
$SPOTDRIVE started seq=58387 watchdog=800ms
$SPOTDRIVE stopped reason=requested
OK
#
PLAY: s_native_v6_2_5 / 100% / body supported
$SPOTDRIVE started seq=58429 watchdog=800ms
$SPOTDRIVE stopped reason=requested
OK
#
PLAY: s_native_v6_2_5 / 100% / body supported
$SPOTDRIVE started seq=58471 watchdog=800ms
$SPOTDRIVE stopped reason=requested
OK
#
PLAY: s_native_v6_2_5 / 100% / body supported
$SPOTDRIVE started seq=58513 watchdog=800ms
$SPOTDRIVE stopped reason=requested
OK
#
PLAY: s_native_v6_2_5 / 100% / body supported
$SPOTDRIVE started seq=58555 watchdog=800ms
$SPOTDRIVE stopped reason=requested
OK
#
PLAY: s_native_v6_2_5 / 100% / body supported
$SPOTDRIVE started seq=58597 watchdog=800ms
$SPOTDRIVE stopped reason=requested
OK
#
PLAY: s_native_v6_2_5 / 100% / body supported
$SPOTDRIVE started seq=58639 watchdog=800ms
$SPOTDRIVE stopped reason=requested
OK
#
PLAY: s_native_v6_2_5 / 100% / body supported
$SPOTDRIVE started seq=58681 watchdog=800ms
$SPOTDRIVE stopped reason=requested
OK
#
PLAY: s_native_v6_2_5 / 100% / body supported
$SPOTDRIVE started seq=58723 watchdog=800ms
$SPOTDRIVE stopped reason=requested
OK
#
PLAY: s_native_v6_2_5 / 100% / body supported
$SPOTDRIVE started seq=58765 watchdog=800ms
$SPOTDRIVE stopped reason=requested
OK
#
PLAY: s_native_v6_2_5 / 100% / body supported
$SPOTDRIVE started seq=58807 watchdog=800ms
$SPOTDRIVE stopped reason=requested
OK
#
PLAY: s_native_v6_2_5 / 100% / body supported
$SPOTDRIVE started seq=58849 watchdog=800ms
$SPOTDRIVE stopped reason=requested
OK
#
PLAY: s_native_v6_2_5 / 100% / body supported
$SPOTDRIVE started seq=58891 watchdog=800ms
$SPOTDRIVE stopped reason=requested
OK
#
PLAY: s_native_v6_2_5 / 100% / body supported
$SPOTDRIVE started seq=58933 watchdog=800ms
$SPOTDRIVE stopped reason=requested
OK
#
PLAY: s_native_v6_2_5 / 100% / body supported
$SPOTDRIVE started seq=58975 watchdog=800ms
$SPOTDRIVE stopped reason=requested
OK
#
PLAY: s_native_v6_2_5 / 100% / body supported
$SPOTDRIVE started seq=59017 watchdog=800ms
$SPOTDRIVE stopped reason=requested
OK
#
PLAY: s_native_v6_2_5 / 100% / body supported
$SPOTDRIVE started seq=59059 watchdog=800ms
$SPOTDRIVE stopped reason=requested
OK
#
PLAY: s_native_v6_2_5 / 100% / body supported
$SPOTDRIVE started seq=59101 watchdog=800ms
$SPOTDRIVE stopped reason=requested
OK
#
PLAY: s_native_v6_2_5 / 100% / body supported
$SPOTDRIVE started seq=59143 watchdog=800ms
$SPOTDRIVE stopped reason=requested
OK
#
PLAY: s_native_v6_2_5 / 100% / body supported
$SPOTDRIVE started seq=59185 watchdog=800ms
$SPOTDRIVE stopped reason=requested
OK
#
PLAY: s_native_v6_2_5 / 100% / body supported
$SPOTDRIVE started seq=59227 watchdog=800ms
$SPOTDRIVE stopped reason=requested
OK
#
PLAY: s_native_v6_2_5 / 100% / body supported
$SPOTDRIVE started seq=59269 watchdog=800ms
$SPOTDRIVE stopped reason=requested
OK
#
PLAY: s_native_v6_2_5 / 100% / body supported
$SPOTDRIVE started seq=59311 watchdog=800ms
$SPOTDRIVE stopped reason=requested
OK
#
PLAY: s_native_v6_2_5 / 100% / body supported
$SPOTDRIVE started seq=59353 watchdog=800ms
$SPOTDRIVE stopped reason=requested
OK
#
PLAY: s_native_v6_2_5 / 100% / body supported
$SPOTDRIVE started seq=59395 watchdog=800ms
$SPOTDRIVE stopped reason=requested
OK
#
PLAY: s_native_v6_2_5 / 100% / body supported
$SPOTDRIVE started seq=59437 watchdog=800ms
$SPOTDRIVE stopped reason=requested
OK
#
PLAY: s_native_v6_2_5 / 100% / body supported
$SPOTDRIVE started seq=59479 watchdog=800ms
$SPOTDRIVE stopped reason=requested
OK
#
PLAY: s_native_v6_2_5 / 100% / body supported
$SPOTDRIVE started seq=59521 watchdog=800ms
$SPOTDRIVE stopped reason=requested
OK
#
PLAY: s_native_v6_2_5 / 100% / body supported
$SPOTDRIVE started seq=59563 watchdog=800ms
$SPOTDRIVE stopped reason=requested
OK
#
PLAY: s_native_v6_2_5 / 100% / body supported
$SPOTDRIVE started seq=59605 watchdog=800ms
$SPOTDRIVE stopped reason=requested
OK
#
PLAY: s_native_v6_2_5 / 100% / body supported
$SPOTDRIVE started seq=59647 watchdog=800ms
$SPOTDRIVE stopped reason=requested
OK
#
PLAY: s_native_v6_2_5 / 100% / body supported
$SPOTDRIVE started seq=59689 watchdog=800ms
$SPOTDRIVE stopped reason=requested
OK
#
PLAY: s_native_v6_2_5 / 100% / body supported
$SPOTDRIVE started seq=59731 watchdog=800ms
$SPOTDRIVE stopped reason=requested
OK
#
PLAY: s_native_v6_2_5 / 100% / body supported
$SPOTDRIVE started seq=59773 watchdog=800ms
$SPOTDRIVE stopped reason=requested
OK
#
PLAY: s_native_v6_2_5 / 100% / body supported
$SPOTDRIVE started seq=59815 watchdog=800ms
$SPOTDRIVE stopped reason=requested
OK
#
PLAY: s_native_v6_2_5 / 100% / body supported
$SPOTDRIVE started seq=59857 watchdog=800ms
$SPOTDRIVE stopped reason=requested
OK
#
PLAY: s_native_v6_2_5 / 100% / body supported
$SPOTDRIVE started seq=59899 watchdog=800ms
$SPOTDRIVE stopped reason=requested
OK
#
PLAY: s_native_v6_2_5 / 100% / body supported
$SPOTDRIVE started seq=59941 watchdog=800ms
$SPOTDRIVE stopped reason=requested
OK
#
PLAY: s_native_v6_2_5 / 100% / body supported
$SPOTDRIVE started seq=59983 watchdog=800ms
$SPOTDRIVE stopped reason=requested
OK
#
PLAY: s_native_v6_2_5 / 100% / body supported
$SPOTDRIVE started seq=60025 watchdog=800ms
$SPOTDRIVE stopped reason=requested
OK
#
PLAY: s_native_v6_2_5 / 100% / body supported
$SPOTDRIVE started seq=60067 watchdog=800ms
$SPOTDRIVE stopped reason=requested
OK
#
PLAY: s_native_v6_2_5 / 100% / body supported
$SPOTDRIVE started seq=60109 watchdog=800ms
$SPOTDRIVE stopped reason=requested
OK
#
PLAY: s_native_v6_2_5 / 100% / body supported
$SPOTDRIVE started seq=60151 watchdog=800ms
$SPOTDRIVE stopped reason=requested
OK
#
PLAY: s_native_v6_2_5 / 100% / body supported
$SPOTDRIVE started seq=60193 watchdog=800ms
$SPOTDRIVE stopped reason=requested
OK
#
PLAY: s_native_v6_2_5 / 100% / body supported
$SPOTDRIVE started seq=60235 watchdog=800ms
$SPOTDRIVE stopped reason=requested
OK
#
PLAY: s_native_v6_2_5 / 100% / body supported
$SPOTDRIVE started seq=60277 watchdog=800ms
$SPOTDRIVE stopped reason=requested
OK
#
PLAY: s_native_v6_2_5 / 100% / body supported
$SPOTDRIVE started seq=60319 watchdog=800ms
$SPOTDRIVE stopped reason=requested
OK
#
PLAY: s_native_v6_2_5 / 100% / body supported
$SPOTDRIVE started seq=60361 watchdog=800ms
$SPOTDRIVE stopped reason=requested
OK
#
PLAY: s_native_v6_2_5 / 100% / body supported
$SPOTDRIVE started seq=60403 watchdog=800ms
$SPOTDRIVE stopped reason=requested
OK
#
PLAY: s_native_v6_2_5 / 100% / body supported
$SPOTDRIVE started seq=60445 watchdog=800ms
$SPOTDRIVE stopped reason=requested
OK
#
PLAY: s_native_v6_2_5 / 100% / body supported
$SPOTDRIVE started seq=60487 watchdog=800ms
$SPOTDRIVE stopped reason=requested
OK
#
PLAY: s_native_v6_2_5 / 100% / body supported
$SPOTDRIVE started seq=60529 watchdog=800ms
$SPOTDRIVE stopped reason=requested
OK
#
PLAY: s_native_v6_2_5 / 100% / body supported
$SPOTDRIVE started seq=60571 watchdog=800ms
$SPOTDRIVE stopped reason=requested
OK
#
PLAY: s_native_v6_2_5 / 100% / body supported
$SPOTDRIVE started seq=60613 watchdog=800ms
$SPOTDRIVE stopped reason=requested
OK
#
PLAY: s_native_v6_2_5 / 100% / body supported
$SPOTDRIVE started seq=60655 watchdog=800ms
$SPOTDRIVE stopped reason=requested
OK
#
PLAY: s_native_v6_2_5 / 100% / body supported
$SPOTDRIVE started seq=60697 watchdog=800ms
$SPOTDRIVE stopped reason=requested
OK
#
PLAY: s_native_v6_2_5 / 100% / body supported
$SPOTDRIVE started seq=60739 watchdog=800ms
$SPOTDRIVE stopped reason=requested
OK
#
PLAY: s_native_v6_2_5 / 100% / body supported
$SPOTDRIVE started seq=60781 watchdog=800ms
$SPOTDRIVE stopped reason=requested
OK
#
PLAY: s_native_v6_2_5 / 100% / body supported
$SPOTDRIVE started seq=60823 watchdog=800ms
$SPOTDRIVE stopped reason=requested
OK
#
PLAY: s_native_v6_2_5 / 100% / body supported
$SPOTDRIVE started seq=60865 watchdog=800ms
$SPOTDRIVE stopped reason=requested
OK
#
PLAY: s_native_v6_2_5 / 100% / body supported
$SPOTDRIVE started seq=60907 watchdog=800ms
$SPOTDRIVE stopped reason=requested
OK
#
PLAY: s_native_v6_2_5 / 100% / body supported
$SPOTDRIVE started seq=60949 watchdog=800ms
$SPOTDRIVE stopped reason=requested
OK
#
PLAY: s_native_v6_2_5 / 100% / body supported
$SPOTDRIVE started seq=60991 watchdog=800ms
$SPOTDRIVE stopped reason=requested
OK
#
PLAY: s_native_v6_2_5 / 100% / body supported
$SPOTDRIVE started seq=61033 watchdog=800ms
$SPOTDRIVE stopped reason=requested
OK
#
PLAY: s_native_v6_2_5 / 100% / body supported
$SPOTDRIVE started seq=61075 watchdog=800ms
$SPOTDRIVE stopped reason=requested
OK
#
PLAY: s_native_v6_2_5 / 100% / body supported
$SPOTDRIVE started seq=61117 watchdog=800ms
$SPOTDRIVE stopped reason=requested
OK
#
PLAY: s_native_v6_2_5 / 100% / body supported
$SPOTDRIVE started seq=61159 watchdog=800ms
$SPOTDRIVE stopped reason=requested
OK
#
PLAY: s_native_v6_2_5 / 100% / body supported
$SPOTDRIVE started seq=61201 watchdog=800ms
$SPOTDRIVE stopped reason=requested
OK
#
PLAY: s_native_v6_2_5 / 100% / body supported
$SPOTDRIVE started seq=61243 watchdog=800ms
$SPOTDRIVE stopped reason=requested
OK
#
PLAY: s_native_v6_2_5 / 100% / body supported
$SPOTDRIVE started seq=61285 watchdog=800ms
$SPOTDRIVE stopped reason=requested
OK
#
PLAY: s_native_v6_2_5 / 100% / body supported
$SPOTDRIVE started seq=61327 watchdog=800ms
$SPOTDRIVE stopped reason=requested
OK
#
PLAY: s_native_v6_2_5 / 100% / body supported
$SPOTDRIVE started seq=61369 watchdog=800ms
$SPOTDRIVE stopped reason=requested
OK
#
PLAY: s_native_v6_2_5 / 100% / body supported
$SPOTDRIVE started seq=61411 watchdog=800ms
$SPOTDRIVE stopped reason=requested
OK
#
PLAY: s_native_v6_2_5 / 100% / body supported
$SPOTDRIVE started seq=61453 watchdog=800ms
$SPOTDRIVE stopped reason=requested
OK
#
PLAY: s_native_v6_2_5 / 100% / body supported
$SPOTDRIVE started seq=61495 watchdog=800ms
$SPOTDRIVE stopped reason=requested
OK
#
PLAY: s_native_v6_2_5 / 100% / body supported
$SPOTDRIVE started seq=61537 watchdog=800ms
$SPOTDRIVE stopped reason=requested
OK
#
PLAY: s_native_v6_2_5 / 100% / body supported
$SPOTDRIVE started seq=61579 watchdog=800ms
$SPOTDRIVE stopped reason=requested
OK
#
PLAY: s_native_v6_2_5 / 100% / body supported
$SPOTDRIVE started seq=61621 watchdog=800ms
$SPOTDRIVE stopped reason=requested
OK
#
PLAY: s_native_v6_2_5 / 100% / body supported
$SPOTDRIVE started seq=61663 watchdog=800ms
$SPOTDRIVE stopped reason=requested
OK
#
PLAY: s_native_v6_2_5 / 100% / body supported
$SPOTDRIVE started seq=61705 watchdog=800ms
$SPOTDRIVE stopped reason=requested
OK
#
PLAY: s_native_v6_2_5 / 100% / body supported
$SPOTDRIVE started seq=61747 watchdog=800ms
$SPOTDRIVE stopped reason=requested
OK
#
PLAY: s_native_v6_2_5 / 100% / body supported
$SPOTDRIVE started seq=61789 watchdog=800ms
$SPOTDRIVE stopped reason=requested
OK
#
PLAY: s_native_v6_2_5 / 100% / body supported
$SPOTDRIVE started seq=61831 watchdog=800ms
$SPOTDRIVE stopped reason=requested
OK
#
PLAY: s_native_v6_2_5 / 100% / body supported
$SPOTDRIVE started seq=61873 watchdog=800ms
$SPOTDRIVE stopped reason=requested
OK
#
PLAY: s_native_v6_2_5 / 100% / body supported
$SPOTDRIVE started seq=61915 watchdog=800ms
$SPOTDRIVE stopped reason=requested
OK
#
PLAY: s_native_v6_2_5 / 100% / body supported
$SPOTDRIVE started seq=61957 watchdog=800ms
$SPOTDRIVE stopped reason=requested
OK
#
PLAY: s_native_v6_2_5 / 100% / body supported
$SPOTDRIVE started seq=61999 watchdog=800ms
$SPOTDRIVE stopped reason=requested
OK
#
PLAY: s_native_v6_2_5 / 100% / body supported
$SPOTDRIVE started seq=62041 watchdog=800ms
$SPOTDRIVE stopped reason=requested
OK
#
PLAY: s_native_v6_2_5 / 100% / body supported
$SPOTDRIVE started seq=62083 watchdog=800ms
$SPOTDRIVE stopped reason=requested
OK
#
PLAY: s_native_v6_2_5 / 100% / body supported
$SPOTDRIVE started seq=62125 watchdog=800ms
$SPOTDRIVE stopped reason=requested
OK
#
PLAY: s_native_v6_2_5 / 100% / body supported
$SPOTDRIVE started seq=62167 watchdog=800ms
$SPOTDRIVE stopped reason=requested
OK
#
PLAY: s_native_v6_2_5 / 100% / body supported
$SPOTDRIVE started seq=62209 watchdog=800ms
$SPOTDRIVE stopped reason=requested
OK
#
PLAY: s_native_v6_2_5 / 100% / body supported
$SPOTDRIVE started seq=62251 watchdog=800ms
$SPOTDRIVE stopped reason=requested
OK
#
PLAY: s_native_v6_2_5 / 100% / body supported
$SPOTDRIVE started seq=62293 watchdog=800ms
$SPOTDRIVE stopped reason=requested
OK
#
PLAY: s_native_v6_2_5 / 100% / body supported
$SPOTDRIVE started seq=62335 watchdog=800ms
$SPOTDRIVE stopped reason=requested
OK
#
PLAY: s_native_v6_2_5 / 100% / body supported
$SPOTDRIVE started seq=62377 watchdog=800ms
$SPOTDRIVE stopped reason=requested
OK
#
PLAY: s_native_v6_2_5 / 100% / body supported
$SPOTDRIVE started seq=62419 watchdog=800ms
$SPOTDRIVE stopped reason=requested
OK
#
PLAY: s_native_v6_2_5 / 100% / body supported
$SPOTDRIVE started seq=62461 watchdog=800ms
$SPOTDRIVE stopped reason=requested
OK
#
PLAY: s_native_v6_2_5 / 100% / body supported
$SPOTDRIVE started seq=62503 watchdog=800ms
$SPOTDRIVE stopped reason=requested
OK
#
PLAY: s_native_v6_2_5 / 100% / body supported
$SPOTDRIVE started seq=62545 watchdog=800ms
$SPOTDRIVE stopped reason=requested
OK
#
PLAY: s_native_v6_2_5 / 100% / body supported
$SPOTDRIVE started seq=62587 watchdog=800ms
$SPOTDRIVE stopped reason=requested
OK
#
PLAY: s_native_v6_2_5 / 100% / body supported
$SPOTDRIVE started seq=62629 watchdog=800ms
$SPOTDRIVE stopped reason=requested
OK
#
PLAY: s_native_v6_2_5 / 100% / body supported
$SPOTDRIVE started seq=62671 watchdog=800ms
$SPOTDRIVE stopped reason=requested
OK
#
PLAY: s_native_v6_2_5 / 100% / body supported
$SPOTDRIVE started seq=62713 watchdog=800ms
$SPOTDRIVE stopped reason=requested
OK
#
PLAY: s_native_v6_2_5 / 100% / body supported
$SPOTDRIVE started seq=62755 watchdog=800ms
$SPOTDRIVE stopped reason=requested
OK
#
PLAY: s_native_v6_2_5 / 100% / body supported
$SPOTDRIVE started seq=62797 watchdog=800ms
$SPOTDRIVE stopped reason=requested
OK
#
PLAY: s_native_v6_2_5 / 100% / body supported
$SPOTDRIVE started seq=62839 watchdog=800ms
$SPOTDRIVE stopped reason=requested
OK
#
PLAY: s_native_v6_2_5 / 100% / body supported
$SPOTDRIVE started seq=62881 watchdog=800ms
$SPOTDRIVE stopped reason=requested
OK
#
PLAY: s_native_v6_2_5 / 100% / body supported
$SPOTDRIVE started seq=62923 watchdog=800ms
$SPOTDRIVE stopped reason=requested
OK
#
PLAY: s_native_v6_2_5 / 100% / body supported
$SPOTDRIVE started seq=62965 watchdog=800ms
$SPOTDRIVE stopped reason=requested
OK
#
PLAY: s_native_v6_2_5 / 100% / body supported
$SPOTDRIVE started seq=63007 watchdog=800ms
$SPOTDRIVE stopped reason=requested
OK
#
PLAY: s_native_v6_2_5 / 100% / body supported
$SPOTDRIVE started seq=63049 watchdog=800ms
$SPOTDRIVE stopped reason=requested
OK
#
PLAY: s_native_v6_2_5 / 100% / body supported
$SPOTDRIVE started seq=63091 watchdog=800ms
$SPOTDRIVE stopped reason=requested
OK
#
PLAY: s_native_v6_2_5 / 100% / body supported
$SPOTDRIVE started seq=63133 watchdog=800ms
$SPOTDRIVE stopped reason=requested
OK
#
PLAY: s_native_v6_2_5 / 100% / body supported
$SPOTDRIVE started seq=63175 watchdog=800ms
$SPOTDRIVE stopped reason=requested
OK
#
PLAY: s_native_v6_2_5 / 100% / body supported
$SPOTDRIVE started seq=63217 watchdog=800ms
$SPOTDRIVE stopped reason=requested
OK
#
PLAY: s_native_v6_2_5 / 100% / body supported
$SPOTDRIVE started seq=63259 watchdog=800ms
$SPOTDRIVE stopped reason=requested
OK
#
PLAY: s_native_v6_2_5 / 100% / body supported
$SPOTDRIVE started seq=63301 watchdog=800ms
$SPOTDRIVE stopped reason=requested
OK
#
PLAY: s_native_v6_2_5 / 100% / body supported
$SPOTDRIVE started seq=63343 watchdog=800ms
$SPOTDRIVE stopped reason=requested
OK
#
PLAY: s_native_v6_2_5 / 100% / body supported
$SPOTDRIVE started seq=63385 watchdog=800ms
$SPOTDRIVE stopped reason=requested
OK
#
PLAY: s_native_v6_2_5 / 100% / body supported
$SPOTDRIVE started seq=63427 watchdog=800ms
$SPOTDRIVE stopped reason=requested
OK
#
PLAY: s_native_v6_2_5 / 100% / body supported
$SPOTDRIVE started seq=63469 watchdog=800ms
$SPOTDRIVE stopped reason=requested
OK
#
PLAY: s_native_v6_2_5 / 100% / body supported
$SPOTDRIVE started seq=63511 watchdog=800ms
$SPOTDRIVE stopped reason=requested
OK
#
PLAY: s_native_v6_2_5 / 100% / body supported
$SPOTDRIVE started seq=63553 watchdog=800ms
$SPOTDRIVE stopped reason=requested
OK
#
PLAY: s_native_v6_2_5 / 100% / body supported
$SPOTDRIVE started seq=63595 watchdog=800ms
$SPOTDRIVE stopped reason=requested
OK
#
PLAY: s_native_v6_2_5 / 100% / body supported
$SPOTDRIVE started seq=63637 watchdog=800ms
$SPOTDRIVE stopped reason=requested
OK
#
PLAY: s_native_v6_2_5 / 100% / body supported
$SPOTDRIVE started seq=63679 watchdog=800ms
$SPOTDRIVE stopped reason=requested
OK
#
PLAY: s_native_v6_2_5 / 100% / body supported
$SPOTDRIVE started seq=63721 watchdog=800ms
$SPOTDRIVE stopped reason=requested
OK
#
PLAY: s_native_v6_2_5 / 100% / body supported
$SPOTDRIVE started seq=63763 watchdog=800ms
$SPOTDRIVE stopped reason=requested
OK
#
PLAY: s_native_v6_2_5 / 100% / body supported
$SPOTDRIVE started seq=63805 watchdog=800ms
$SPOTDRIVE stopped reason=requested
OK
#
PLAY: s_native_v6_2_5 / 100% / body supported
$SPOTDRIVE started seq=63847 watchdog=800ms
$SPOTDRIVE stopped reason=requested
OK
#
PLAY: s_native_v6_2_5 / 100% / body supported
$SPOTDRIVE started seq=63889 watchdog=800ms
$SPOTDRIVE stopped reason=requested
OK
#
PLAY: s_native_v6_2_5 / 100% / body supported
$SPOTDRIVE started seq=63931 watchdog=800ms
$SPOTDRIVE stopped reason=requested
OK
#
PLAY: s_native_v6_2_5 / 100% / body supported
$SPOTDRIVE started seq=63973 watchdog=800ms
$SPOTDRIVE stopped reason=requested
OK
#
PLAY: s_native_v6_2_5 / 100% / body supported
$SPOTDRIVE started seq=64015 watchdog=800ms
$SPOTDRIVE stopped reason=requested
OK
#
PLAY: s_native_v6_2_5 / 100% / body supported
$SPOTDRIVE started seq=64057 watchdog=800ms
$SPOTDRIVE stopped reason=requested
OK
#
PLAY: s_native_v6_2_5 / 100% / body supported
$SPOTDRIVE started seq=64099 watchdog=800ms
$SPOTDRIVE stopped reason=requested
OK
#
PLAY: s_native_v6_2_5 / 100% / body supported
$SPOTDRIVE started seq=64141 watchdog=800ms
$SPOTDRIVE stopped reason=requested
OK
#
PLAY: s_native_v6_2_5 / 100% / body supported
$SPOTDRIVE started seq=64183 watchdog=800ms
$SPOTDRIVE stopped reason=requested
OK
#
PLAY: s_native_v6_2_5 / 100% / body supported
$SPOTDRIVE started seq=64225 watchdog=800ms
$SPOTDRIVE stopped reason=requested
OK
#
PLAY: s_native_v6_2_5 / 100% / body supported
$SPOTDRIVE started seq=64267 watchdog=800ms
$SPOTDRIVE stopped reason=requested
OK
#
PLAY: s_native_v6_2_5 / 100% / body supported
$SPOTDRIVE started seq=64309 watchdog=800ms
$SPOTDRIVE stopped reason=requested
OK
#
PLAY: s_native_v6_2_5 / 100% / body supported
$SPOTDRIVE started seq=64351 watchdog=800ms
$SPOTDRIVE stopped reason=requested
OK
#
PLAY: s_native_v6_2_5 / 100% / body supported
$SPOTDRIVE started seq=64393 watchdog=800ms
$SPOTDRIVE stopped reason=requested
OK
#
PLAY: s_native_v6_2_5 / 100% / body supported
$SPOTDRIVE started seq=64435 watchdog=800ms
$SPOTDRIVE stopped reason=requested
OK
#
PLAY: s_native_v6_2_5 / 100% / body supported
$SPOTDRIVE started seq=64477 watchdog=800ms
$SPOTDRIVE stopped reason=requested
OK
#
PLAY: s_native_v6_2_5 / 100% / body supported
$SPOTDRIVE started seq=64519 watchdog=800ms
$SPOTDRIVE stopped reason=requested
OK
#
PLAY: s_native_v6_2_5 / 100% / body supported
$SPOTDRIVE started seq=64561 watchdog=800ms
$SPOTDRIVE stopped reason=requested
OK
#
PLAY: s_native_v6_2_5 / 100% / body supported
$SPOTDRIVE started seq=64603 watchdog=800ms
$SPOTDRIVE stopped reason=requested
OK
#
PLAY: s_native_v6_2_5 / 100% / body supported
$SPOTDRIVE started seq=64645 watchdog=800ms
$SPOTDRIVE stopped reason=requested
OK
#
PLAY: s_native_v6_2_5 / 100% / body supported
$SPOTDRIVE started seq=64687 watchdog=800ms
$SPOTDRIVE stopped reason=requested
OK
#
PLAY: s_native_v6_2_5 / 100% / body supported
$SPOTDRIVE started seq=64729 watchdog=800ms
$SPOTDRIVE stopped reason=requested
OK
#
PLAY: s_native_v6_2_5 / 100% / body supported
$SPOTDRIVE started seq=64771 watchdog=800ms
$SPOTDRIVE stopped reason=requested
OK
#
PLAY: s_native_v6_2_5 / 100% / body supported
$SPOTDRIVE started seq=64813 watchdog=800ms
$SPOTDRIVE stopped reason=requested
OK
#
PLAY: s_native_v6_2_5 / 100% / body supported
$SPOTDRIVE started seq=64855 watchdog=800ms
$SPOTDRIVE stopped reason=requested
OK
#
PLAY: s_native_v6_2_5 / 100% / body supported
$SPOTDRIVE started seq=64897 watchdog=800ms
$SPOTDRIVE stopped reason=requested
OK
#
PLAY: s_native_v6_2_5 / 100% / body supported
$SPOTDRIVE started seq=64939 watchdog=800ms
$SPOTDRIVE stopped reason=requested
OK
#
PLAY: s_native_v6_2_5 / 100% / body supported
$SPOTDRIVE started seq=64981 watchdog=800ms
$SPOTDRIVE stopped reason=requested
OK
#
PLAY: s_native_v6_2_5 / 100% / body supported
$SPOTDRIVE started seq=65023 watchdog=800ms
$SPOTDRIVE stopped reason=requested
OK
#
PLAY: s_native_v6_2_5 / 100% / body supported
$SPOTDRIVE started seq=65065 watchdog=800ms
$SPOTDRIVE stopped reason=requested
OK
#
PLAY: s_native_v6_2_5 / 100% / body supported
$SPOTDRIVE started seq=65107 watchdog=800ms
$SPOTDRIVE stopped reason=requested
OK
#
PLAY: s_native_v6_2_5 / 100% / body supported
$SPOTDRIVE started seq=65149 watchdog=800ms
$SPOTDRIVE stopped reason=requested
OK
#
PLAY: s_native_v6_2_5 / 100% / body supported
$SPOTDRIVE started seq=65191 watchdog=800ms
$SPOTDRIVE stopped reason=requested
OK
#
PLAY: s_native_v6_2_5 / 100% / body supported
$SPOTDRIVE started seq=65233 watchdog=800ms
$SPOTDRIVE stopped reason=requested
OK
#
PLAY: s_native_v6_2_5 / 100% / body supported
$SPOTDRIVE started seq=65275 watchdog=800ms
$SPOTDRIVE stopped reason=requested
OK
#
PLAY: s_native_v6_2_5 / 100% / body supported
$SPOTDRIVE started seq=65317 watchdog=800ms
$SPOTDRIVE stopped reason=requested
OK
#
PLAY: s_native_v6_2_5 / 100% / body supported
$SPOTDRIVE started seq=65359 watchdog=800ms
$SPOTDRIVE stopped reason=requested
OK
#
PLAY: s_native_v6_2_5 / 100% / body supported
$SPOTDRIVE started seq=65401 watchdog=800ms
$SPOTDRIVE stopped reason=requested
OK
#
PLAY: s_native_v6_2_5 / 100% / body supported
$SPOTDRIVE started seq=65443 watchdog=800ms
$SPOTDRIVE stopped reason=requested
OK
#
PLAY: s_native_v6_2_5 / 100% / body supported
$SPOTDRIVE started seq=65485 watchdog=800ms
$SPOTDRIVE stopped reason=requested
OK
#
PLAY: s_native_v6_2_5 / 100% / body supported
$SPOTDRIVE started seq=65527 watchdog=800ms
$SPOTDRIVE stopped reason=requested
OK
#
PLAY: s_native_v6_2_5 / 100% / body supported
$SPOTDRIVE started seq=65569 watchdog=800ms
$SPOTDRIVE stopped reason=requested
OK
#
PLAY: s_native_v6_2_5 / 100% / body supported
$SPOTDRIVE started seq=65611 watchdog=800ms
$SPOTDRIVE stopped reason=requested
OK
#
PLAY: s_native_v6_2_5 / 100% / body supported
$SPOTDRIVE started seq=65653 watchdog=800ms
$SPOTDRIVE stopped reason=requested
OK
#
PLAY: s_native_v6_2_5 / 100% / body supported
$SPOTDRIVE started seq=65695 watchdog=800ms
$SPOTDRIVE stopped reason=requested
OK
#
PLAY: s_native_v6_2_5 / 100% / body supported
$SPOTDRIVE started seq=65737 watchdog=800ms
$SPOTDRIVE stopped reason=requested
OK
#
PLAY: s_native_v6_2_5 / 100% / body supported
$SPOTDRIVE started seq=65779 watchdog=800ms
$SPOTDRIVE stopped reason=requested
OK
#
PLAY: s_native_v6_2_5 / 100% / body supported
$SPOTDRIVE started seq=65821 watchdog=800ms
$SPOTDRIVE stopped reason=requested
OK
#
PLAY: s_native_v6_2_5 / 100% / body supported
$SPOTDRIVE started seq=65863 watchdog=800ms
$SPOTDRIVE stopped reason=requested
OK
#
PLAY: s_native_v6_2_5 / 100% / body supported
$SPOTDRIVE started seq=65905 watchdog=800ms
$SPOTDRIVE stopped reason=requested
OK
#
PLAY: s_native_v6_2_5 / 100% / body supported
$SPOTDRIVE started seq=65947 watchdog=800ms
$SPOTDRIVE stopped reason=requested
OK
#
PLAY: s_native_v6_2_5 / 100% / body supported
$SPOTDRIVE started seq=65989 watchdog=800ms
$SPOTDRIVE stopped reason=requested
OK
#
PLAY: s_native_v6_2_5 / 100% / body supported
$SPOTDRIVE started seq=66031 watchdog=800ms
$SPOTDRIVE stopped reason=requested
OK
#
PLAY: s_native_v6_2_5 / 100% / body supported
$SPOTDRIVE started seq=66073 watchdog=800ms
$SPOTDRIVE stopped reason=requested
OK
#
PLAY: s_native_v6_2_5 / 100% / body supported
$SPOTDRIVE started seq=66115 watchdog=800ms
$SPOTDRIVE stopped reason=requested
OK
#
PLAY: s_native_v6_2_5 / 100% / body supported
$SPOTDRIVE started seq=66157 watchdog=800ms
$SPOTDRIVE stopped reason=requested
OK
#
PLAY: s_native_v6_2_5 / 100% / body supported
$SPOTDRIVE started seq=66199 watchdog=800ms
$SPOTDRIVE stopped reason=requested
OK
#
PLAY: s_native_v6_2_5 / 100% / body supported
$SPOTDRIVE started seq=66241 watchdog=800ms
$SPOTDRIVE stopped reason=requested
OK
#
PLAY: s_native_v6_2_5 / 100% / body supported
$SPOTDRIVE started seq=66283 watchdog=800ms
$SPOTDRIVE stopped reason=requested
OK
#
PLAY: s_native_v6_2_5 / 100% / body supported
$SPOTDRIVE started seq=66325 watchdog=800ms
$SPOTDRIVE stopped reason=requested
OK
#
PLAY: s_native_v6_2_5 / 100% / body supported
$SPOTDRIVE started seq=66367 watchdog=800ms
$SPOTDRIVE stopped reason=requested
OK
#
PLAY: s_native_v6_2_5 / 100% / body supported
$SPOTDRIVE started seq=66409 watchdog=800ms
$SPOTDRIVE stopped reason=requested
OK
#
PLAY: s_native_v6_2_5 / 100% / body supported
$SPOTDRIVE started seq=66451 watchdog=800ms
$SPOTDRIVE stopped reason=requested
OK
#
PLAY: s_native_v6_2_5 / 100% / body supported
$SPOTDRIVE started seq=66493 watchdog=800ms
$SPOTDRIVE stopped reason=requested
OK
#
PLAY: s_native_v6_2_5 / 100% / body supported
$SPOTDRIVE started seq=66535 watchdog=800ms
$SPOTDRIVE stopped reason=requested
OK
#
PLAY: s_native_v6_2_5 / 100% / body supported
$SPOTDRIVE started seq=66577 watchdog=800ms
$SPOTDRIVE stopped reason=requested
OK
#
PLAY: s_native_v6_2_5 / 100% / body supported
$SPOTDRIVE started seq=66619 watchdog=800ms
$SPOTDRIVE stopped reason=requested
OK
#
PLAY: s_native_v6_2_5 / 100% / body supported
$SPOTDRIVE started seq=66661 watchdog=800ms
$SPOTDRIVE stopped reason=requested
OK
#
PLAY: s_native_v6_2_5 / 100% / body supported
$SPOTDRIVE started seq=66703 watchdog=800ms
$SPOTDRIVE stopped reason=requested
OK
#
PLAY: s_native_v6_2_5 / 100% / body supported
$SPOTDRIVE started seq=66745 watchdog=800ms
$SPOTDRIVE stopped reason=requested
OK
#
PLAY: s_native_v6_2_5 / 100% / body supported
$SPOTDRIVE started seq=66787 watchdog=800ms
$SPOTDRIVE stopped reason=requested
OK
#
PLAY: s_native_v6_2_5 / 100% / body supported
$SPOTDRIVE started seq=66829 watchdog=800ms
$SPOTDRIVE stopped reason=requested
OK
#
PLAY: s_native_v6_2_5 / 100% / body supported
$SPOTDRIVE started seq=66871 watchdog=800ms
$SPOTDRIVE stopped reason=requested
OK
#
PLAY: s_native_v6_2_5 / 100% / body supported
$SPOTDRIVE started seq=66913 watchdog=800ms
$SPOTDRIVE stopped reason=requested
OK
#
PLAY: s_native_v6_2_5 / 100% / body supported
$SPOTDRIVE started seq=66955 watchdog=800ms
$SPOTDRIVE stopped reason=requested
OK
#
PLAY: s_native_v6_2_5 / 100% / body supported
$SPOTDRIVE started seq=66997 watchdog=800ms
$SPOTDRIVE stopped reason=requested
OK
#
PLAY: s_native_v6_2_5 / 100% / body supported
$SPOTDRIVE started seq=67039 watchdog=800ms
$SPOTDRIVE stopped reason=requested
OK
#
PLAY: s_native_v6_2_5 / 100% / body supported
$SPOTDRIVE started seq=67081 watchdog=800ms
$SPOTDRIVE stopped reason=requested
OK
#
PLAY: s_native_v6_2_5 / 100% / body supported
$SPOTDRIVE started seq=67123 watchdog=800ms
$SPOTDRIVE stopped reason=requested
OK
#
PLAY: s_native_v6_2_5 / 100% / body supported
$SPOTDRIVE started seq=67165 watchdog=800ms
$SPOTDRIVE stopped reason=requested
OK
#
PLAY: s_native_v6_2_5 / 100% / body supported
$SPOTDRIVE started seq=67207 watchdog=800ms
$SPOTDRIVE stopped reason=requested
OK
#
PLAY: s_native_v6_2_5 / 100% / body supported
$SPOTDRIVE started seq=67249 watchdog=800ms
$SPOTDRIVE stopped reason=requested
OK
#
PLAY: s_native_v6_2_5 / 100% / body supported
$SPOTDRIVE started seq=67291 watchdog=800ms
$SPOTDRIVE stopped reason=requested
OK
#
PLAY: s_native_v6_2_5 / 100% / body supported
$SPOTDRIVE started seq=67333 watchdog=800ms
$SPOTDRIVE stopped reason=requested
OK
#
PLAY: s_native_v6_2_5 / 100% / body supported
$SPOTDRIVE started seq=67375 watchdog=800ms
$SPOTDRIVE stopped reason=requested
OK
#
PLAY: s_native_v6_2_5 / 100% / body supported
$SPOTDRIVE started seq=67417 watchdog=800ms
$SPOTDRIVE stopped reason=requested
OK
#
PLAY: s_native_v6_2_5 / 100% / body supported
$SPOTDRIVE started seq=67459 watchdog=800ms
$SPOTDRIVE stopped reason=requested
OK
#
PLAY: s_native_v6_2_5 / 100% / body supported
$SPOTDRIVE started seq=67501 watchdog=800ms
$SPOTDRIVE stopped reason=requested
OK
#
PLAY: s_native_v6_2_5 / 100% / body supported
$SPOTDRIVE started seq=67543 watchdog=800ms
$SPOTDRIVE stopped reason=requested
OK
#
PLAY: s_native_v6_2_5 / 100% / body supported
$SPOTDRIVE started seq=67585 watchdog=800ms
$SPOTDRIVE stopped reason=requested
OK
#
PLAY: s_native_v6_2_5 / 100% / body supported
$SPOTDRIVE started seq=67627 watchdog=800ms
$SPOTDRIVE stopped reason=requested
OK
#
PLAY: s_native_v6_2_5 / 100% / body supported
$SPOTDRIVE started seq=67669 watchdog=800ms
$SPOTDRIVE stopped reason=requested
OK
#
PLAY: s_native_v6_2_5 / 100% / body supported
$SPOTDRIVE started seq=67711 watchdog=800ms
$SPOTDRIVE stopped reason=requested
OK
#
PLAY: s_native_v6_2_5 / 100% / body supported
$SPOTDRIVE started seq=67753 watchdog=800ms
$SPOTDRIVE stopped reason=requested
OK
#
PLAY: s_native_v6_2_5 / 100% / body supported
$SPOTDRIVE started seq=67795 watchdog=800ms
$SPOTDRIVE stopped reason=requested
OK
#
PLAY: s_native_v6_2_5 / 100% / body supported
$SPOTDRIVE started seq=67837 watchdog=800ms
$SPOTDRIVE stopped reason=requested
OK
#
PLAY: s_native_v6_2_5 / 100% / body supported
$SPOTDRIVE started seq=67879 watchdog=800ms
$SPOTDRIVE stopped reason=requested
OK
#
PLAY: s_native_v6_2_5 / 100% / body supported
$SPOTDRIVE started seq=67921 watchdog=800ms
$SPOTDRIVE stopped reason=requested
OK
#
PLAY: s_native_v6_2_5 / 100% / body supported
$SPOTDRIVE started seq=67963 watchdog=800ms
$SPOTDRIVE stopped reason=requested
OK
#
PLAY: s_native_v6_2_5 / 100% / body supported
$SPOTDRIVE started seq=68005 watchdog=800ms
$SPOTDRIVE stopped reason=requested
OK
#
PLAY: s_native_v6_2_5 / 100% / body supported
$SPOTDRIVE started seq=68047 watchdog=800ms
$SPOTDRIVE stopped reason=requested
OK
#
PLAY: s_native_v6_2_5 / 100% / body supported
$SPOTDRIVE started seq=68089 watchdog=800ms
$SPOTDRIVE stopped reason=requested
OK
#
PLAY: s_native_v6_2_5 / 100% / body supported
$SPOTDRIVE started seq=68131 watchdog=800ms
$SPOTDRIVE stopped reason=requested
OK
#
PLAY: s_native_v6_2_5 / 100% / body supported
$SPOTDRIVE started seq=68173 watchdog=800ms
$SPOTDRIVE stopped reason=requested
OK
#
PLAY: s_native_v6_2_5 / 100% / body supported
$SPOTDRIVE started seq=68215 watchdog=800ms
$SPOTDRIVE stopped reason=requested
OK
#
PLAY: s_native_v6_2_5 / 100% / body supported
$SPOTDRIVE started seq=68257 watchdog=800ms
$SPOTDRIVE stopped reason=requested
OK
#
PLAY: s_native_v6_2_5 / 100% / body supported
$SPOTDRIVE started seq=68299 watchdog=800ms
$SPOTDRIVE stopped reason=requested
OK
#
PLAY: s_native_v6_2_5 / 100% / body supported
$SPOTDRIVE started seq=68341 watchdog=800ms
$SPOTDRIVE stopped reason=requested
OK
#
PLAY: s_native_v6_2_5 / 100% / body supported
$SPOTDRIVE started seq=68383 watchdog=800ms
$SPOTDRIVE stopped reason=requested
OK
#
PLAY: s_native_v6_2_5 / 100% / body supported
$SPOTDRIVE started seq=68425 watchdog=800ms
$SPOTDRIVE stopped reason=requested
OK
#
PLAY: s_native_v6_2_5 / 100% / body supported
$SPOTDRIVE started seq=68467 watchdog=800ms
$SPOTDRIVE stopped reason=requested
OK
#
PLAY: s_native_v6_2_5 / 100% / body supported
$SPOTDRIVE started seq=68509 watchdog=800ms
$SPOTDRIVE stopped reason=requested
OK
#
PLAY: s_native_v6_2_5 / 100% / body supported
$SPOTDRIVE started seq=68551 watchdog=800ms
$SPOTDRIVE stopped reason=requested
OK
#
PLAY: s_native_v6_2_5 / 100% / body supported
$SPOTDRIVE started seq=68593 watchdog=800ms
$SPOTDRIVE stopped reason=requested
OK
#
PLAY: s_native_v6_2_5 / 100% / body supported
$SPOTDRIVE started seq=68635 watchdog=800ms
$SPOTDRIVE stopped reason=requested
OK
#
PLAY: s_native_v6_2_5 / 100% / body supported
$SPOTDRIVE started seq=68677 watchdog=800ms
$SPOTDRIVE stopped reason=requested
OK
#
PLAY: s_native_v6_2_5 / 100% / body supported
$SPOTDRIVE started seq=68719 watchdog=800ms
$SPOTDRIVE stopped reason=requested
OK
#
PLAY: s_native_v6_2_5 / 100% / body supported
$SPOTDRIVE started seq=68761 watchdog=800ms
$SPOTDRIVE stopped reason=requested
OK
#
PLAY: s_native_v6_2_5 / 100% / body supported
$SPOTDRIVE started seq=68803 watchdog=800ms
$SPOTDRIVE stopped reason=requested
OK
#
PLAY: s_native_v6_2_5 / 100% / body supported
$SPOTDRIVE started seq=68845 watchdog=800ms
$SPOTDRIVE stopped reason=requested
OK
#
PLAY: s_native_v6_2_5 / 100% / body supported
$SPOTDRIVE started seq=68887 watchdog=800ms
$SPOTDRIVE stopped reason=requested
OK
#
PLAY: s_native_v6_2_5 / 100% / body supported
$SPOTDRIVE started seq=68929 watchdog=800ms
$SPOTDRIVE stopped reason=requested
OK
#
PLAY: s_native_v6_2_5 / 100% / body supported
$SPOTDRIVE started seq=68971 watchdog=800ms
$SPOTDRIVE stopped reason=requested
OK
#
PLAY: s_native_v6_2_5 / 100% / body supported
$SPOTDRIVE started seq=69013 watchdog=800ms
$SPOTDRIVE stopped reason=requested
OK
#
PLAY: s_native_v6_2_5 / 100% / body supported
$SPOTDRIVE started seq=69055 watchdog=800ms
$SPOTDRIVE stopped reason=requested
OK
#
PLAY: s_native_v6_2_5 / 100% / body supported
$SPOTDRIVE started seq=69097 watchdog=800ms
$SPOTDRIVE stopped reason=requested
OK
#
PLAY: s_native_v6_2_5 / 100% / body supported
$SPOTDRIVE started seq=69139 watchdog=800ms
$SPOTDRIVE stopped reason=requested
OK
#
PLAY: s_native_v6_2_5 / 100% / body supported
$SPOTDRIVE started seq=69181 watchdog=800ms
$SPOTDRIVE stopped reason=requested
OK
#
PLAY: s_native_v6_2_5 / 100% / body supported
$SPOTDRIVE started seq=69223 watchdog=800ms
$SPOTDRIVE stopped reason=requested
OK
#
PLAY: s_native_v6_2_5 / 100% / body supported
$SPOTDRIVE started seq=69265 watchdog=800ms
$SPOTDRIVE stopped reason=requested
OK
#
PLAY: s_native_v6_2_5 / 100% / body supported
$SPOTDRIVE started seq=69307 watchdog=800ms
$SPOTDRIVE stopped reason=requested
OK
#
PLAY: s_native_v6_2_5 / 100% / body supported
$SPOTDRIVE started seq=69349 watchdog=800ms
$SPOTDRIVE stopped reason=requested
OK
#
PLAY: s_native_v6_2_5 / 100% / body supported
$SPOTDRIVE started seq=69391 watchdog=800ms
$SPOTDRIVE stopped reason=requested
OK
#
PLAY: s_native_v6_2_5 / 100% / body supported
$SPOTDRIVE started seq=69433 watchdog=800ms
$SPOTDRIVE stopped reason=requested
OK
#
PLAY: s_native_v6_2_5 / 100% / body supported
$SPOTDRIVE started seq=69475 watchdog=800ms
$SPOTDRIVE stopped reason=requested
OK
#
PLAY: s_native_v6_2_5 / 100% / body supported
$SPOTDRIVE started seq=69517 watchdog=800ms
$SPOTDRIVE stopped reason=requested
OK
#
PLAY: s_native_v6_2_5 / 100% / body supported
$SPOTDRIVE started seq=69559 watchdog=800ms
$SPOTDRIVE stopped reason=requested
OK
#
PLAY: s_native_v6_2_5 / 100% / body supported
$SPOTDRIVE started seq=69601 watchdog=800ms
$SPOTDRIVE stopped reason=requested
OK
#
PLAY: s_native_v6_2_5 / 100% / body supported
$SPOTDRIVE started seq=69643 watchdog=800ms
$SPOTDRIVE stopped reason=requested
OK
#
PLAY: s_native_v6_2_5 / 100% / body supported
$SPOTDRIVE started seq=69685 watchdog=800ms
$SPOTDRIVE stopped reason=requested
OK
#
PLAY: s_native_v6_2_5 / 100% / body supported
$SPOTDRIVE started seq=69727 watchdog=800ms
$SPOTDRIVE stopped reason=requested
OK
#
PLAY: s_native_v6_2_5 / 100% / body supported
$SPOTDRIVE started seq=69769 watchdog=800ms
$SPOTDRIVE stopped reason=requested
OK
#
PLAY: s_native_v6_2_5 / 100% / body supported
$SPOTDRIVE started seq=69811 watchdog=800ms
$SPOTDRIVE stopped reason=requested
OK
#
PLAY: s_native_v6_2_5 / 100% / body supported
$SPOTDRIVE started seq=69853 watchdog=800ms
$SPOTDRIVE stopped reason=requested
OK
#
PLAY: s_native_v6_2_5 / 100% / body supported
$SPOTDRIVE started seq=69895 watchdog=800ms
$SPOTDRIVE stopped reason=requested
OK
#
PLAY: s_native_v6_2_5 / 100% / body supported
$SPOTDRIVE started seq=69937 watchdog=800ms
$SPOTDRIVE stopped reason=requested
OK
#
PLAY: s_native_v6_2_5 / 100% / body supported
$SPOTDRIVE started seq=69979 watchdog=800ms
$SPOTDRIVE stopped reason=requested
OK
#
PLAY: s_native_v6_2_5 / 100% / body supported
$SPOTDRIVE started seq=70021 watchdog=800ms
$SPOTDRIVE stopped reason=requested
OK
#
PLAY: s_native_v6_2_5 / 100% / body supported
$SPOTDRIVE started seq=70063 watchdog=800ms
$SPOTDRIVE stopped reason=requested
OK
#
PLAY: s_native_v6_2_5 / 100% / body supported
$SPOTDRIVE started seq=70105 watchdog=800ms
$SPOTDRIVE stopped reason=requested
OK
#
PLAY: s_native_v6_2_5 / 100% / body supported
$SPOTDRIVE started seq=70147 watchdog=800ms
$SPOTDRIVE stopped reason=requested
OK
#
PLAY: s_native_v6_2_5 / 100% / body supported
$SPOTDRIVE started seq=70189 watchdog=800ms
$SPOTDRIVE stopped reason=requested
OK
#
PLAY: s_native_v6_2_5 / 100% / body supported
$SPOTDRIVE started seq=70231 watchdog=800ms
$SPOTDRIVE stopped reason=requested
OK
#
PLAY: s_native_v6_2_5 / 100% / body supported
$SPOTDRIVE started seq=70273 watchdog=800ms
$SPOTDRIVE stopped reason=requested
OK
#
PLAY: s_native_v6_2_5 / 100% / body supported
$SPOTDRIVE started seq=70315 watchdog=800ms
$SPOTDRIVE stopped reason=requested
OK
#
PLAY: s_native_v6_2_5 / 100% / body supported
$SPOTDRIVE started seq=70357 watchdog=800ms
$SPOTDRIVE stopped reason=requested
OK
#
PLAY: s_native_v6_2_5 / 100% / body supported
$SPOTDRIVE started seq=70399 watchdog=800ms
$SPOTDRIVE stopped reason=requested
OK
#
PLAY: s_native_v6_2_5 / 100% / body supported
$SPOTDRIVE started seq=70441 watchdog=800ms
$SPOTDRIVE stopped reason=requested
OK
#
PLAY: s_native_v6_2_5 / 100% / body supported
$SPOTDRIVE started seq=70483 watchdog=800ms
$SPOTDRIVE stopped reason=requested
OK
#
PLAY: s_native_v6_2_5 / 100% / body supported
$SPOTDRIVE started seq=70525 watchdog=800ms
$SPOTDRIVE stopped reason=requested
OK
#
PLAY: s_native_v6_2_5 / 100% / body supported
$SPOTDRIVE started seq=70567 watchdog=800ms
$SPOTDRIVE stopped reason=requested
OK
#
PLAY: s_native_v6_2_5 / 100% / body supported
$SPOTDRIVE started seq=70609 watchdog=800ms
$SPOTDRIVE stopped reason=requested
OK
#
PLAY: s_native_v6_2_5 / 100% / body supported
$SPOTDRIVE started seq=70651 watchdog=800ms
$SPOTDRIVE stopped reason=requested
OK
#
PLAY: s_native_v6_2_5 / 100% / body supported
$SPOTDRIVE started seq=70693 watchdog=800ms
$SPOTDRIVE stopped reason=requested
OK
#
PLAY: s_native_v6_2_5 / 100% / body supported
$SPOTDRIVE started seq=70735 watchdog=800ms
$SPOTDRIVE stopped reason=requested
OK
#
PLAY: s_native_v6_2_5 / 100% / body supported
$SPOTDRIVE started seq=70777 watchdog=800ms
$SPOTDRIVE stopped reason=requested
OK
#
PLAY: s_native_v6_2_5 / 100% / body supported
$SPOTDRIVE started seq=70819 watchdog=800ms
$SPOTDRIVE stopped reason=requested
OK
#
PLAY: s_native_v6_2_5 / 100% / body supported
$SPOTDRIVE started seq=70861 watchdog=800ms
$SPOTDRIVE stopped reason=requested
OK
#
PLAY: s_native_v6_2_5 / 100% / body supported
$SPOTDRIVE started seq=70903 watchdog=800ms
$SPOTDRIVE stopped reason=requested
OK
#
PLAY: s_native_v6_2_5 / 100% / body supported
$SPOTDRIVE started seq=70945 watchdog=800ms
$SPOTDRIVE stopped reason=requested
OK
#
PLAY: s_native_v6_2_5 / 100% / body supported
$SPOTDRIVE started seq=70987 watchdog=800ms
$SPOTDRIVE stopped reason=requested
OK
#
PLAY: s_native_v6_2_5 / 100% / body supported
$SPOTDRIVE started seq=71029 watchdog=800ms
$SPOTDRIVE stopped reason=requested
OK
#
PLAY: s_native_v6_2_5 / 100% / body supported
$SPOTDRIVE started seq=71071 watchdog=800ms
$SPOTDRIVE stopped reason=requested
OK
#
PLAY: s_native_v6_2_5 / 100% / body supported
$SPOTDRIVE started seq=71113 watchdog=800ms
$SPOTDRIVE stopped reason=requested
OK
#
PLAY: s_native_v6_2_5 / 100% / body supported
$SPOTDRIVE started seq=71155 watchdog=800ms
$SPOTDRIVE stopped reason=requested
OK
#
PLAY: s_native_v6_2_5 / 100% / body supported
$SPOTDRIVE started seq=71197 watchdog=800ms
$SPOTDRIVE stopped reason=requested
OK
#
PLAY: s_native_v6_2_5 / 100% / body supported
$SPOTDRIVE started seq=71239 watchdog=800ms
$SPOTDRIVE stopped reason=requested
OK
#
PLAY: s_native_v6_2_5 / 100% / body supported
$SPOTDRIVE started seq=71281 watchdog=800ms
$SPOTDRIVE stopped reason=requested
OK
#
PLAY: s_native_v6_2_5 / 100% / body supported
$SPOTDRIVE started seq=71323 watchdog=800ms
$SPOTDRIVE stopped reason=requested
OK
#
PLAY: s_native_v6_2_5 / 100% / body supported
$SPOTDRIVE started seq=71365 watchdog=800ms
$SPOTDRIVE stopped reason=requested
OK
#
PLAY: s_native_v6_2_5 / 100% / body supported
$SPOTDRIVE started seq=71407 watchdog=800ms
$SPOTDRIVE stopped reason=requested
OK
#
PLAY: s_native_v6_2_5 / 100% / body supported
$SPOTDRIVE started seq=71449 watchdog=800ms
$SPOTDRIVE stopped reason=requested
OK
#
PLAY: s_native_v6_2_5 / 100% / body supported
$SPOTDRIVE started seq=71491 watchdog=800ms
$SPOTDRIVE stopped reason=requested
OK
#
PLAY: s_native_v6_2_5 / 100% / body supported
$SPOTDRIVE started seq=71533 watchdog=800ms
$SPOTDRIVE stopped reason=requested
OK
#
PLAY: s_native_v6_2_5 / 100% / body supported
$SPOTDRIVE started seq=71575 watchdog=800ms
$SPOTDRIVE stopped reason=requested
OK
#
PLAY: s_native_v6_2_5 / 100% / body supported
$SPOTDRIVE started seq=71617 watchdog=800ms
$SPOTDRIVE stopped reason=requested
OK
#
PLAY: s_native_v6_2_5 / 100% / body supported
$SPOTDRIVE started seq=71659 watchdog=800ms
$SPOTDRIVE stopped reason=requested
OK
#
PLAY: s_native_v6_2_5 / 100% / body supported
$SPOTDRIVE started seq=71701 watchdog=800ms
$SPOTDRIVE stopped reason=requested
OK
#
PLAY: s_native_v6_2_5 / 100% / body supported
$SPOTDRIVE started seq=71743 watchdog=800ms
$SPOTDRIVE stopped reason=requested
OK
#
PLAY: s_native_v6_2_5 / 100% / body supported
$SPOTDRIVE started seq=71785 watchdog=800ms
$SPOTDRIVE stopped reason=requested
OK
#
PLAY: s_native_v6_2_5 / 100% / body supported
$SPOTDRIVE started seq=71827 watchdog=800ms
$SPOTDRIVE stopped reason=requested
OK
#
PLAY: s_native_v6_2_5 / 100% / body supported
$SPOTDRIVE started seq=71869 watchdog=800ms
$SPOTDRIVE stopped reason=requested
OK
#
PLAY: s_native_v6_2_5 / 100% / body supported
$SPOTDRIVE started seq=71911 watchdog=800ms
$SPOTDRIVE stopped reason=requested
OK
#
PLAY: s_native_v6_2_5 / 100% / body supported
$SPOTDRIVE started seq=71953 watchdog=800ms
$SPOTDRIVE stopped reason=requested
OK
#
PLAY: s_native_v6_2_5 / 100% / body supported
$SPOTDRIVE started seq=71995 watchdog=800ms
$SPOTDRIVE stopped reason=requested
OK
#
PLAY: s_native_v6_2_5 / 100% / body supported
$SPOTDRIVE started seq=72037 watchdog=800ms
$SPOTDRIVE stopped reason=requested
OK
#
PLAY: s_native_v6_2_5 / 100% / body supported
$SPOTDRIVE started seq=72079 watchdog=800ms
$SPOTDRIVE stopped reason=requested
OK
#
PLAY: s_native_v6_2_5 / 100% / body supported
$SPOTDRIVE started seq=72121 watchdog=800ms
$SPOTDRIVE stopped reason=requested
OK
#
PLAY: s_native_v6_2_5 / 100% / body supported
$SPOTDRIVE started seq=72163 watchdog=800ms
$SPOTDRIVE stopped reason=requested
OK
#
PLAY: s_native_v6_2_5 / 100% / body supported
$SPOTDRIVE started seq=72205 watchdog=800ms
$SPOTDRIVE stopped reason=requested
OK
#
PLAY: s_native_v6_2_5 / 100% / body supported
$SPOTDRIVE started seq=72247 watchdog=800ms
$SPOTDRIVE stopped reason=requested
OK
#
PLAY: s_native_v6_2_5 / 100% / body supported
$SPOTDRIVE started seq=72289 watchdog=800ms
$SPOTDRIVE stopped reason=requested
OK
#
PLAY: s_native_v6_2_5 / 100% / body supported
$SPOTDRIVE started seq=72331 watchdog=800ms
$SPOTDRIVE stopped reason=requested
OK
#
PLAY: s_native_v6_2_5 / 100% / body supported
$SPOTDRIVE started seq=72373 watchdog=800ms
$SPOTDRIVE stopped reason=requested
OK
#
PLAY: s_native_v6_2_5 / 100% / body supported
$SPOTDRIVE started seq=72415 watchdog=800ms
$SPOTDRIVE stopped reason=requested
OK
#
PLAY: s_native_v6_2_5 / 100% / body supported
$SPOTDRIVE started seq=72457 watchdog=800ms
$SPOTDRIVE stopped reason=requested
OK
#
PLAY: s_native_v6_2_5 / 100% / body supported
$SPOTDRIVE started seq=72499 watchdog=800ms
$SPOTDRIVE stopped reason=requested
OK
#
PLAY: s_native_v6_2_5 / 100% / body supported
$SPOTDRIVE started seq=72541 watchdog=800ms
$SPOTDRIVE stopped reason=requested
OK
#
PLAY: s_native_v6_2_5 / 100% / body supported
$SPOTDRIVE started seq=72583 watchdog=800ms
$SPOTDRIVE stopped reason=requested
OK
#
PLAY: s_native_v6_2_5 / 100% / body supported
$SPOTDRIVE started seq=72625 watchdog=800ms
$SPOTDRIVE stopped reason=requested
OK
#
PLAY: s_native_v6_2_5 / 100% / body supported
$SPOTDRIVE started seq=72667 watchdog=800ms
$SPOTDRIVE stopped reason=requested
OK
#
PLAY: s_native_v6_2_5 / 100% / body supported
$SPOTDRIVE started seq=72709 watchdog=800ms
$SPOTDRIVE stopped reason=requested
OK
#
PLAY: s_native_v6_2_5 / 100% / body supported
$SPOTDRIVE started seq=72751 watchdog=800ms
$SPOTDRIVE stopped reason=requested
OK
#
PLAY: s_native_v6_2_5 / 100% / body supported
$SPOTDRIVE started seq=72793 watchdog=800ms
$SPOTDRIVE stopped reason=requested
OK
#
PLAY: s_native_v6_2_5 / 100% / body supported
$SPOTDRIVE started seq=72835 watchdog=800ms
$SPOTDRIVE stopped reason=requested
OK
#
PLAY: s_native_v6_2_5 / 100% / body supported
$SPOTDRIVE started seq=72877 watchdog=800ms
$SPOTDRIVE stopped reason=requested
OK
#
PLAY: s_native_v6_2_5 / 100% / body supported
$SPOTDRIVE started seq=72919 watchdog=800ms
$SPOTDRIVE stopped reason=requested
OK
#
PLAY: s_native_v6_2_5 / 100% / body supported
$SPOTDRIVE started seq=72961 watchdog=800ms
$SPOTDRIVE stopped reason=requested
OK
#
PLAY: s_native_v6_2_5 / 100% / body supported
$SPOTDRIVE started seq=73003 watchdog=800ms
$SPOTDRIVE stopped reason=requested
OK
#
PLAY: s_native_v6_2_5 / 100% / body supported
$SPOTDRIVE started seq=73045 watchdog=800ms
$SPOTDRIVE stopped reason=requested
OK
#
PLAY: s_native_v6_2_5 / 100% / body supported
$SPOTDRIVE started seq=73087 watchdog=800ms
$SPOTDRIVE stopped reason=requested
OK
#
PLAY: s_native_v6_2_5 / 100% / body supported
$SPOTDRIVE started seq=73129 watchdog=800ms
$SPOTDRIVE stopped reason=requested
OK
#
PLAY: s_native_v6_2_5 / 100% / body supported
$SPOTDRIVE started seq=73171 watchdog=800ms
$SPOTDRIVE stopped reason=requested
OK
#
PLAY: s_native_v6_2_5 / 100% / body supported
$SPOTDRIVE started seq=73213 watchdog=800ms
$SPOTDRIVE stopped reason=requested
OK
#
PLAY: s_native_v6_2_5 / 100% / body supported
$SPOTDRIVE started seq=73255 watchdog=800ms
$SPOTDRIVE stopped reason=requested
OK
#
PLAY: s_native_v6_2_5 / 100% / body supported
$SPOTDRIVE started seq=73297 watchdog=800ms
$SPOTDRIVE stopped reason=requested
OK
#
PLAY: s_native_v6_2_5 / 100% / body supported
$SPOTDRIVE started seq=73339 watchdog=800ms
$SPOTDRIVE stopped reason=requested
OK
#
PLAY: s_native_v6_2_5 / 100% / body supported
$SPOTDRIVE started seq=73381 watchdog=800ms
$SPOTDRIVE stopped reason=requested
OK
#
PLAY: s_native_v6_2_5 / 100% / body supported
$SPOTDRIVE started seq=73423 watchdog=800ms
$SPOTDRIVE stopped reason=requested
OK
#
PLAY: s_native_v6_2_5 / 100% / body supported
$SPOTDRIVE started seq=73465 watchdog=800ms
$SPOTDRIVE stopped reason=requested
OK
#
PLAY: s_native_v6_2_5 / 100% / body supported
$SPOTDRIVE started seq=73507 watchdog=800ms
$SPOTDRIVE stopped reason=requested
OK
#
PLAY: s_native_v6_2_5 / 100% / body supported
$SPOTDRIVE started seq=73549 watchdog=800ms
$SPOTDRIVE stopped reason=requested
OK
#
PLAY: s_native_v6_2_5 / 100% / body supported
$SPOTDRIVE started seq=73591 watchdog=800ms
$SPOTDRIVE stopped reason=requested
OK
#
PLAY: s_native_v6_2_5 / 100% / body supported
$SPOTDRIVE started seq=73633 watchdog=800ms
$SPOTDRIVE stopped reason=requested
OK
#
PLAY: s_native_v6_2_5 / 100% / body supported
$SPOTDRIVE started seq=73675 watchdog=800ms
$SPOTDRIVE stopped reason=requested
OK
#
PLAY: s_native_v6_2_5 / 100% / body supported
$SPOTDRIVE started seq=73717 watchdog=800ms
$SPOTDRIVE stopped reason=requested
OK
#
PLAY: s_native_v6_2_5 / 100% / body supported
$SPOTDRIVE started seq=73759 watchdog=800ms
$SPOTDRIVE stopped reason=requested
OK
#
PLAY: s_native_v6_2_5 / 100% / body supported
$SPOTDRIVE started seq=73801 watchdog=800ms
$SPOTDRIVE stopped reason=requested
OK
#
PLAY: s_native_v6_2_5 / 100% / body supported
$SPOTDRIVE started seq=73843 watchdog=800ms
$SPOTDRIVE stopped reason=requested
OK
#
PLAY: s_native_v6_2_5 / 100% / body supported
$SPOTDRIVE started seq=73885 watchdog=800ms
$SPOTDRIVE stopped reason=requested
OK
#
PLAY: s_native_v6_2_5 / 100% / body supported
$SPOTDRIVE started seq=73927 watchdog=800ms
$SPOTDRIVE stopped reason=requested
OK
#
PLAY: s_native_v6_2_5 / 100% / body supported
$SPOTDRIVE started seq=73969 watchdog=800ms
$SPOTDRIVE stopped reason=requested
OK
#
PLAY: s_native_v6_2_5 / 100% / body supported
$SPOTDRIVE started seq=74011 watchdog=800ms
$SPOTDRIVE stopped reason=requested
OK
#
PLAY: s_native_v6_2_5 / 100% / body supported
$SPOTDRIVE started seq=74053 watchdog=800ms
$SPOTDRIVE stopped reason=requested
OK
#
PLAY: s_native_v6_2_5 / 100% / body supported
$SPOTDRIVE started seq=74095 watchdog=800ms
$SPOTDRIVE stopped reason=requested
OK
#
PLAY: s_native_v6_2_5 / 100% / body supported
$SPOTDRIVE started seq=74137 watchdog=800ms
$SPOTDRIVE stopped reason=requested
OK
#
PLAY: s_native_v6_2_5 / 100% / body supported
$SPOTDRIVE started seq=74179 watchdog=800ms
$SPOTDRIVE stopped reason=requested
OK
#
PLAY: s_native_v6_2_5 / 100% / body supported
$SPOTDRIVE started seq=74221 watchdog=800ms
$SPOTDRIVE stopped reason=requested
OK
#
PLAY: s_native_v6_2_5 / 100% / body supported
$SPOTDRIVE started seq=74263 watchdog=800ms
$SPOTDRIVE stopped reason=requested
OK
#
PLAY: s_native_v6_2_5 / 100% / body supported
$SPOTDRIVE started seq=74305 watchdog=800ms
$SPOTDRIVE stopped reason=requested
OK
#
PLAY: s_native_v6_2_5 / 100% / body supported
$SPOTDRIVE started seq=74347 watchdog=800ms
$SPOTDRIVE stopped reason=requested
OK
#
PLAY: s_native_v6_2_5 / 100% / body supported
$SPOTDRIVE started seq=74389 watchdog=800ms
$SPOTDRIVE stopped reason=requested
OK
#
PLAY: s_native_v6_2_5 / 100% / body supported
$SPOTDRIVE started seq=74431 watchdog=800ms
$SPOTDRIVE stopped reason=requested
OK
#
PLAY: s_native_v6_2_5 / 100% / body supported
$SPOTDRIVE started seq=74473 watchdog=800ms
$SPOTDRIVE stopped reason=requested
OK
#
PLAY: s_native_v6_2_5 / 100% / body supported
$SPOTDRIVE started seq=74515 watchdog=800ms
$SPOTDRIVE stopped reason=requested
OK
#
PLAY: s_native_v6_2_5 / 100% / body supported
$SPOTDRIVE started seq=74557 watchdog=800ms
$SPOTDRIVE stopped reason=requested
OK
#
PLAY: s_native_v6_2_5 / 100% / body supported
$SPOTDRIVE started seq=74599 watchdog=800ms
$SPOTDRIVE stopped reason=requested
OK
#
PLAY: s_native_v6_2_5 / 100% / body supported
$SPOTDRIVE started seq=74641 watchdog=800ms
$SPOTDRIVE stopped reason=requested
OK
#
PLAY: s_native_v6_2_5 / 100% / body supported
$SPOTDRIVE started seq=74683 watchdog=800ms
$SPOTDRIVE stopped reason=requested
OK
#
PLAY: s_native_v6_2_5 / 100% / body supported
$SPOTDRIVE started seq=74725 watchdog=800ms
$SPOTDRIVE stopped reason=requested
OK
#
PLAY: s_native_v6_2_5 / 100% / body supported
$SPOTDRIVE started seq=74767 watchdog=800ms
$SPOTDRIVE stopped reason=requested
OK
#
PLAY: s_native_v6_2_5 / 100% / body supported
$SPOTDRIVE started seq=74809 watchdog=800ms
$SPOTDRIVE stopped reason=requested
OK
#
PLAY: s_native_v6_2_5 / 100% / body supported
$SPOTDRIVE started seq=74851 watchdog=800ms
$SPOTDRIVE stopped reason=requested
OK
#
PLAY: s_native_v6_2_5 / 100% / body supported
$SPOTDRIVE started seq=74893 watchdog=800ms
$SPOTDRIVE stopped reason=requested
OK
#
PLAY: s_native_v6_2_5 / 100% / body supported
$SPOTDRIVE started seq=74935 watchdog=800ms
$SPOTDRIVE stopped reason=requested
OK
#
PLAY: s_native_v6_2_5 / 100% / body supported
$SPOTDRIVE started seq=74977 watchdog=800ms
$SPOTDRIVE stopped reason=requested
OK
#
PLAY: s_native_v6_2_5 / 100% / body supported
$SPOTDRIVE started seq=75019 watchdog=800ms
$SPOTDRIVE stopped reason=requested
OK
#
PLAY: s_native_v6_2_5 / 100% / body supported
$SPOTDRIVE started seq=75061 watchdog=800ms
$SPOTDRIVE stopped reason=requested
OK
#
PLAY: s_native_v6_2_5 / 100% / body supported
$SPOTDRIVE started seq=75103 watchdog=800ms
$SPOTDRIVE stopped reason=requested
OK
#
PLAY: s_native_v6_2_5 / 100% / body supported
$SPOTDRIVE started seq=75145 watchdog=800ms
$SPOTDRIVE stopped reason=requested
OK
#
PLAY: s_native_v6_2_5 / 100% / body supported
$SPOTDRIVE started seq=75187 watchdog=800ms
$SPOTDRIVE stopped reason=requested
OK
#
PLAY: s_native_v6_2_5 / 100% / body supported
$SPOTDRIVE started seq=75229 watchdog=800ms
$SPOTDRIVE stopped reason=requested
OK
#
PLAY: s_native_v6_2_5 / 100% / body supported
$SPOTDRIVE started seq=75271 watchdog=800ms
$SPOTDRIVE stopped reason=requested
OK
#
PLAY: s_native_v6_2_5 / 100% / body supported
$SPOTDRIVE started seq=75313 watchdog=800ms
$SPOTDRIVE stopped reason=requested
OK
#
PLAY: s_native_v6_2_5 / 100% / body supported
$SPOTDRIVE started seq=75355 watchdog=800ms
$SPOTDRIVE stopped reason=requested
OK
#
PLAY: s_native_v6_2_5 / 100% / body supported
$SPOTDRIVE started seq=75397 watchdog=800ms
$SPOTDRIVE stopped reason=requested
OK
#
PLAY: s_native_v6_2_5 / 100% / body supported
$SPOTDRIVE started seq=75439 watchdog=800ms
$SPOTDRIVE stopped reason=requested
OK
#
PLAY: s_native_v6_2_5 / 100% / body supported
$SPOTDRIVE started seq=75481 watchdog=800ms
$SPOTDRIVE stopped reason=requested
OK
#
PLAY: s_native_v6_2_5 / 100% / body supported
$SPOTDRIVE started seq=75523 watchdog=800ms
$SPOTDRIVE stopped reason=requested
OK
#
PLAY: s_native_v6_2_5 / 100% / body supported
$SPOTDRIVE started seq=75565 watchdog=800ms
$SPOTDRIVE stopped reason=requested
OK
#
PLAY: s_native_v6_2_5 / 100% / body supported
$SPOTDRIVE started seq=75607 watchdog=800ms
$SPOTDRIVE stopped reason=requested
OK
#
PLAY: s_native_v6_2_5 / 100% / body supported
$SPOTDRIVE started seq=75649 watchdog=800ms
$SPOTDRIVE stopped reason=requested
OK
#
PLAY: s_native_v6_2_5 / 100% / body supported
$SPOTDRIVE started seq=75691 watchdog=800ms
$SPOTDRIVE stopped reason=requested
OK
#
PLAY: s_native_v6_2_5 / 100% / body supported
$SPOTDRIVE started seq=75733 watchdog=800ms
$SPOTDRIVE stopped reason=requested
OK
#
PLAY: s_native_v6_2_5 / 100% / body supported
$SPOTDRIVE started seq=75775 watchdog=800ms
$SPOTDRIVE stopped reason=requested
OK
#
PLAY: s_native_v6_2_5 / 100% / body supported
$SPOTDRIVE started seq=75817 watchdog=800ms
$SPOTDRIVE stopped reason=requested
OK
#
PLAY: s_native_v6_2_5 / 100% / body supported
$SPOTDRIVE started seq=75859 watchdog=800ms
$SPOTDRIVE stopped reason=requested
OK
#
PLAY: s_native_v6_2_5 / 100% / body supported
$SPOTDRIVE started seq=75901 watchdog=800ms
$SPOTDRIVE stopped reason=requested
OK
#
PLAY: s_native_v6_2_5 / 100% / body supported
$SPOTDRIVE started seq=75943 watchdog=800ms
$SPOTDRIVE stopped reason=requested
OK
#
PLAY: s_native_v6_2_5 / 100% / body supported
$SPOTDRIVE started seq=75985 watchdog=800ms
$SPOTDRIVE stopped reason=requested
OK
#
PLAY: s_native_v6_2_5 / 100% / body supported
$SPOTDRIVE started seq=76027 watchdog=800ms
$SPOTDRIVE stopped reason=requested
OK
#
PLAY: s_native_v6_2_5 / 100% / body supported
$SPOTDRIVE started seq=76069 watchdog=800ms
$SPOTDRIVE stopped reason=requested
OK
#
PLAY: s_native_v6_2_5 / 100% / body supported
$SPOTDRIVE started seq=76111 watchdog=800ms
$SPOTDRIVE stopped reason=requested
OK
#
PLAY: s_native_v6_2_5 / 100% / body supported
$SPOTDRIVE started seq=76153 watchdog=800ms
$SPOTDRIVE stopped reason=requested
OK
#
PLAY: s_native_v6_2_5 / 100% / body supported
$SPOTDRIVE started seq=76195 watchdog=800ms
$SPOTDRIVE stopped reason=requested
OK
#
PLAY: s_native_v6_2_5 / 100% / body supported
$SPOTDRIVE started seq=76237 watchdog=800ms
$SPOTDRIVE stopped reason=requested
OK
#
PLAY: s_native_v6_2_5 / 100% / body supported
$SPOTDRIVE started seq=76279 watchdog=800ms
$SPOTDRIVE stopped reason=requested
OK
#
PLAY: s_native_v6_2_5 / 100% / body supported
$SPOTDRIVE started seq=76321 watchdog=800ms
$SPOTDRIVE stopped reason=requested
OK
#
PLAY: s_native_v6_2_5 / 100% / body supported
$SPOTDRIVE started seq=76363 watchdog=800ms
$SPOTDRIVE stopped reason=requested
OK
#
PLAY: s_native_v6_2_5 / 100% / body supported
$SPOTDRIVE started seq=76405 watchdog=800ms
$SPOTDRIVE stopped reason=requested
OK
#
PLAY: s_native_v6_2_5 / 100% / body supported
$SPOTDRIVE started seq=76447 watchdog=800ms
$SPOTDRIVE stopped reason=requested
OK
#
PLAY: s_native_v6_2_5 / 100% / body supported
$SPOTDRIVE started seq=76489 watchdog=800ms
$SPOTDRIVE stopped reason=requested
OK
#
PLAY: s_native_v6_2_5 / 100% / body supported
$SPOTDRIVE started seq=76531 watchdog=800ms
$SPOTDRIVE stopped reason=requested
OK
#
PLAY: s_native_v6_2_5 / 100% / body supported
$SPOTDRIVE started seq=76573 watchdog=800ms
$SPOTDRIVE stopped reason=requested
OK
#
PLAY: s_native_v6_2_5 / 100% / body supported
$SPOTDRIVE started seq=76615 watchdog=800ms
$SPOTDRIVE stopped reason=requested
OK
#
PLAY: s_native_v6_2_5 / 100% / body supported
$SPOTDRIVE started seq=76657 watchdog=800ms
$SPOTDRIVE stopped reason=requested
OK
#
PLAY: s_native_v6_2_5 / 100% / body supported
$SPOTDRIVE started seq=76699 watchdog=800ms
$SPOTDRIVE stopped reason=requested
OK
#
PLAY: s_native_v6_2_5 / 100% / body supported
$SPOTDRIVE started seq=76741 watchdog=800ms
$SPOTDRIVE stopped reason=requested
OK
#
PLAY: s_native_v6_2_5 / 100% / body supported
$SPOTDRIVE started seq=76783 watchdog=800ms
$SPOTDRIVE stopped reason=requested
OK
#
PLAY: s_native_v6_2_5 / 100% / body supported
$SPOTDRIVE started seq=76825 watchdog=800ms
$SPOTDRIVE stopped reason=requested
OK
#
PLAY: s_native_v6_2_5 / 100% / body supported
$SPOTDRIVE started seq=76867 watchdog=800ms
$SPOTDRIVE stopped reason=requested
OK
#
PLAY: s_native_v6_2_5 / 100% / body supported
$SPOTDRIVE started seq=76909 watchdog=800ms
$SPOTDRIVE stopped reason=requested
OK
#
PLAY: s_native_v6_2_5 / 100% / body supported
$SPOTDRIVE started seq=76951 watchdog=800ms
$SPOTDRIVE stopped reason=requested
OK
#
PLAY: s_native_v6_2_5 / 100% / body supported
$SPOTDRIVE started seq=76993 watchdog=800ms
$SPOTDRIVE stopped reason=requested
OK
#
PLAY: s_native_v6_2_5 / 100% / body supported
$SPOTDRIVE started seq=77035 watchdog=800ms
$SPOTDRIVE stopped reason=requested
OK
#
PLAY: s_native_v6_2_5 / 100% / body supported
$SPOTDRIVE started seq=77077 watchdog=800ms
$SPOTDRIVE stopped reason=requested
OK
#
PLAY: s_native_v6_2_5 / 100% / body supported
$SPOTDRIVE started seq=77119 watchdog=800ms
$SPOTDRIVE stopped reason=requested
OK
#
PLAY: s_native_v6_2_5 / 100% / body supported
$SPOTDRIVE started seq=77161 watchdog=800ms
$SPOTDRIVE stopped reason=requested
OK
#
PLAY: s_native_v6_2_5 / 100% / body supported
$SPOTDRIVE started seq=77203 watchdog=800ms
$SPOTDRIVE stopped reason=requested
OK
#
PLAY: s_native_v6_2_5 / 100% / body supported
$SPOTDRIVE started seq=77245 watchdog=800ms
$SPOTDRIVE stopped reason=requested
OK
#
PLAY: s_native_v6_2_5 / 100% / body supported
$SPOTDRIVE started seq=77287 watchdog=800ms
$SPOTDRIVE stopped reason=requested
OK
#
PLAY: s_native_v6_2_5 / 100% / body supported
$SPOTDRIVE started seq=77329 watchdog=800ms
$SPOTDRIVE stopped reason=requested
OK
#
PLAY: s_native_v6_2_5 / 100% / body supported
$SPOTDRIVE started seq=77371 watchdog=800ms
$SPOTDRIVE stopped reason=requested
OK
#
PLAY: s_native_v6_2_5 / 100% / body supported
$SPOTDRIVE started seq=77413 watchdog=800ms
$SPOTDRIVE stopped reason=requested
OK
#
PLAY: s_native_v6_2_5 / 100% / body supported
$SPOTDRIVE started seq=77455 watchdog=800ms
$SPOTDRIVE stopped reason=requested
OK
#
PLAY: s_native_v6_2_5 / 100% / body supported
$SPOTDRIVE started seq=77497 watchdog=800ms
$SPOTDRIVE stopped reason=requested
OK
#
PLAY: s_native_v6_2_5 / 100% / body supported
$SPOTDRIVE started seq=77539 watchdog=800ms
$SPOTDRIVE stopped reason=requested
OK
#
PLAY: s_native_v6_2_5 / 100% / body supported
$SPOTDRIVE started seq=77581 watchdog=800ms
$SPOTDRIVE stopped reason=requested
OK
#
PLAY: s_native_v6_2_5 / 100% / body supported
$SPOTDRIVE started seq=77623 watchdog=800ms
$SPOTDRIVE stopped reason=requested
OK
#
PLAY: s_native_v6_2_5 / 100% / body supported
$SPOTDRIVE started seq=77665 watchdog=800ms
$SPOTDRIVE stopped reason=requested
OK
#
PLAY: s_native_v6_2_5 / 100% / body supported
$SPOTDRIVE started seq=77707 watchdog=800ms
$SPOTDRIVE stopped reason=requested
OK
#
PLAY: s_native_v6_2_5 / 100% / body supported
$SPOTDRIVE started seq=77749 watchdog=800ms
$SPOTDRIVE stopped reason=requested
OK
#
PLAY: s_native_v6_2_5 / 100% / body supported
$SPOTDRIVE started seq=77791 watchdog=800ms
$SPOTDRIVE stopped reason=requested
OK
#
PLAY: s_native_v6_2_5 / 100% / body supported
$SPOTDRIVE started seq=77833 watchdog=800ms
$SPOTDRIVE stopped reason=requested
OK
#
PLAY: s_native_v6_2_5 / 100% / body supported
$SPOTDRIVE started seq=77875 watchdog=800ms
$SPOTDRIVE stopped reason=requested
OK
#
PLAY: s_native_v6_2_5 / 100% / body supported
$SPOTDRIVE started seq=77917 watchdog=800ms
$SPOTDRIVE stopped reason=requested
OK
#
PLAY: s_native_v6_2_5 / 100% / body supported
$SPOTDRIVE started seq=77959 watchdog=800ms
$SPOTDRIVE stopped reason=requested
OK
#
PLAY: s_native_v6_2_5 / 100% / body supported
$SPOTDRIVE started seq=78001 watchdog=800ms
$SPOTDRIVE stopped reason=requested
OK
#
PLAY: s_native_v6_2_5 / 100% / body supported
$SPOTDRIVE started seq=78043 watchdog=800ms
$SPOTDRIVE stopped reason=requested
OK
#
PLAY: s_native_v6_2_5 / 100% / body supported
$SPOTDRIVE started seq=78085 watchdog=800ms
$SPOTDRIVE stopped reason=requested
OK
#
PLAY: s_native_v6_2_5 / 100% / body supported
$SPOTDRIVE started seq=78127 watchdog=800ms
$SPOTDRIVE stopped reason=requested
OK
#
PLAY: s_native_v6_2_5 / 100% / body supported
$SPOTDRIVE started seq=78169 watchdog=800ms
$SPOTDRIVE stopped reason=requested
OK
#
PLAY: s_native_v6_2_5 / 100% / body supported
$SPOTDRIVE started seq=78211 watchdog=800ms
$SPOTDRIVE stopped reason=requested
OK
#
PLAY: s_native_v6_2_5 / 100% / body supported
$SPOTDRIVE started seq=78253 watchdog=800ms
$SPOTDRIVE stopped reason=requested
OK
#
PLAY: s_native_v6_2_5 / 100% / body supported
$SPOTDRIVE started seq=78295 watchdog=800ms
$SPOTDRIVE stopped reason=requested
OK
#
PLAY: s_native_v6_2_5 / 100% / body supported
$SPOTDRIVE started seq=78337 watchdog=800ms
$SPOTDRIVE stopped reason=requested
OK
#
PLAY: s_native_v6_2_5 / 100% / body supported
$SPOTDRIVE started seq=78379 watchdog=800ms
$SPOTDRIVE stopped reason=requested
OK
#
PLAY: s_native_v6_2_5 / 100% / body supported
$SPOTDRIVE started seq=78421 watchdog=800ms
$SPOTDRIVE stopped reason=requested
OK
#
PLAY: s_native_v6_2_5 / 100% / body supported
$SPOTDRIVE started seq=78463 watchdog=800ms
$SPOTDRIVE stopped reason=requested
OK
#
PLAY: s_native_v6_2_5 / 100% / body supported
$SPOTDRIVE started seq=78505 watchdog=800ms
$SPOTDRIVE stopped reason=requested
OK
#
PLAY: s_native_v6_2_5 / 100% / body supported
$SPOTDRIVE started seq=78547 watchdog=800ms
$SPOTDRIVE stopped reason=requested
OK
#
PLAY: s_native_v6_2_5 / 100% / body supported
$SPOTDRIVE started seq=78589 watchdog=800ms
$SPOTDRIVE stopped reason=requested
OK
#
PLAY: s_native_v6_2_5 / 100% / body supported
$SPOTDRIVE started seq=78631 watchdog=800ms
$SPOTDRIVE stopped reason=requested
OK
#
PLAY: s_native_v6_2_5 / 100% / body supported
$SPOTDRIVE started seq=78673 watchdog=800ms
$SPOTDRIVE stopped reason=requested
OK
#
PLAY: s_native_v6_2_5 / 100% / body supported
$SPOTDRIVE started seq=78715 watchdog=800ms
$SPOTDRIVE stopped reason=requested
OK
#
PLAY: s_native_v6_2_5 / 100% / body supported
$SPOTDRIVE started seq=78757 watchdog=800ms
$SPOTDRIVE stopped reason=requested
OK
#
PLAY: s_native_v6_2_5 / 100% / body supported
$SPOTDRIVE started seq=78799 watchdog=800ms
$SPOTDRIVE stopped reason=requested
OK
#
PLAY: s_native_v6_2_5 / 100% / body supported
$SPOTDRIVE started seq=78841 watchdog=800ms
$SPOTDRIVE stopped reason=requested
OK
#
PLAY: s_native_v6_2_5 / 100% / body supported
$SPOTDRIVE started seq=78883 watchdog=800ms
$SPOTDRIVE stopped reason=requested
OK
#
PLAY: s_native_v6_2_5 / 100% / body supported
$SPOTDRIVE started seq=78925 watchdog=800ms
$SPOTDRIVE stopped reason=requested
OK
#
PLAY: s_native_v6_2_5 / 100% / body supported
$SPOTDRIVE started seq=78967 watchdog=800ms
$SPOTDRIVE stopped reason=requested
OK
#
PLAY: s_native_v6_2_5 / 100% / body supported
$SPOTDRIVE started seq=79009 watchdog=800ms
$SPOTDRIVE stopped reason=requested
OK
#
PLAY: s_native_v6_2_5 / 100% / body supported
$SPOTDRIVE started seq=79051 watchdog=800ms
$SPOTDRIVE stopped reason=requested
OK
#
PLAY: s_native_v6_2_5 / 100% / body supported
$SPOTDRIVE started seq=79093 watchdog=800ms
$SPOTDRIVE stopped reason=requested
OK
#
PLAY: s_native_v6_2_5 / 100% / body supported
$SPOTDRIVE started seq=79135 watchdog=800ms
$SPOTDRIVE stopped reason=requested
OK
#
PLAY: s_native_v6_2_5 / 100% / body supported
$SPOTDRIVE started seq=79177 watchdog=800ms
$SPOTDRIVE stopped reason=requested
OK
#
PLAY: s_native_v6_2_5 / 100% / body supported
$SPOTDRIVE started seq=79219 watchdog=800ms
$SPOTDRIVE stopped reason=requested
OK
#
PLAY: s_native_v6_2_5 / 100% / body supported
$SPOTDRIVE started seq=79261 watchdog=800ms
$SPOTDRIVE stopped reason=requested
OK
#
PLAY: s_native_v6_2_5 / 100% / body supported
$SPOTDRIVE started seq=79303 watchdog=800ms
$SPOTDRIVE stopped reason=requested
OK
#
PLAY: s_native_v6_2_5 / 100% / body supported
$SPOTDRIVE started seq=79345 watchdog=800ms
$SPOTDRIVE stopped reason=requested
OK
#
PLAY: s_native_v6_2_5 / 100% / body supported
$SPOTDRIVE started seq=79387 watchdog=800ms
$SPOTDRIVE stopped reason=requested
OK
#
PLAY: s_native_v6_2_5 / 100% / body supported
$SPOTDRIVE started seq=79429 watchdog=800ms
$SPOTDRIVE stopped reason=requested
OK
#
PLAY: s_native_v6_2_5 / 100% / body supported
$SPOTDRIVE started seq=79471 watchdog=800ms
$SPOTDRIVE stopped reason=requested
OK
#
PLAY: s_native_v6_2_5 / 100% / body supported
$SPOTDRIVE started seq=79513 watchdog=800ms
$SPOTDRIVE stopped reason=requested
OK
#
PLAY: s_native_v6_2_5 / 100% / body supported
$SPOTDRIVE started seq=79555 watchdog=800ms
$SPOTDRIVE stopped reason=requested
OK
#
PLAY: s_native_v6_2_5 / 100% / body supported
$SPOTDRIVE started seq=79597 watchdog=800ms
$SPOTDRIVE stopped reason=requested
OK
#
PLAY: s_native_v6_2_5 / 100% / body supported
$SPOTDRIVE started seq=79639 watchdog=800ms
$SPOTDRIVE stopped reason=requested
OK
#
PLAY: s_native_v6_2_5 / 100% / body supported
$SPOTDRIVE started seq=79681 watchdog=800ms
$SPOTDRIVE stopped reason=requested
OK
#
PLAY: s_native_v6_2_5 / 100% / body supported
$SPOTDRIVE started seq=79723 watchdog=800ms
$SPOTDRIVE stopped reason=requested
OK
#
PLAY: s_native_v6_2_5 / 100% / body supported
$SPOTDRIVE started seq=79765 watchdog=800ms
$SPOTDRIVE stopped reason=requested
OK
#
PLAY: s_native_v6_2_5 / 100% / body supported
$SPOTDRIVE started seq=79807 watchdog=800ms
$SPOTDRIVE stopped reason=requested
OK
#
PLAY: s_native_v6_2_5 / 100% / body supported
$SPOTDRIVE started seq=79849 watchdog=800ms
$SPOTDRIVE stopped reason=requested
OK
#
PLAY: s_native_v6_2_5 / 100% / body supported
$SPOTDRIVE started seq=79891 watchdog=800ms
$SPOTDRIVE stopped reason=requested
OK
#
PLAY: s_native_v6_2_5 / 100% / body supported
$SPOTDRIVE started seq=79933 watchdog=800ms
$SPOTDRIVE stopped reason=requested
OK
#
PLAY: s_native_v6_2_5 / 100% / body supported
$SPOTDRIVE started seq=79975 watchdog=800ms
$SPOTDRIVE stopped reason=requested
OK
#
PLAY: s_native_v6_2_5 / 100% / body supported
$SPOTDRIVE started seq=80017 watchdog=800ms
$SPOTDRIVE stopped reason=requested
OK
#
PLAY: s_native_v6_2_5 / 100% / body supported
$SPOTDRIVE started seq=80059 watchdog=800ms
$SPOTDRIVE stopped reason=requested
OK
#
PLAY: s_native_v6_2_5 / 100% / body supported
$SPOTDRIVE started seq=80101 watchdog=800ms
$SPOTDRIVE stopped reason=requested
OK
#
PLAY: s_native_v6_2_5 / 100% / body supported
$SPOTDRIVE started seq=80143 watchdog=800ms
$SPOTDRIVE stopped reason=requested
OK
#
PLAY: s_native_v6_2_5 / 100% / body supported
$SPOTDRIVE started seq=80185 watchdog=800ms
$SPOTDRIVE stopped reason=requested
OK
#
PLAY: s_native_v6_2_5 / 100% / body supported
$SPOTDRIVE started seq=80227 watchdog=800ms
$SPOTDRIVE stopped reason=requested
OK
#
PLAY: s_native_v6_2_5 / 100% / body supported
$SPOTDRIVE started seq=80269 watchdog=800ms
$SPOTDRIVE stopped reason=requested
OK
#
PLAY: s_native_v6_2_5 / 100% / body supported
$SPOTDRIVE started seq=80311 watchdog=800ms
$SPOTDRIVE stopped reason=requested
OK
#
PLAY: s_native_v6_2_5 / 100% / body supported
$SPOTDRIVE started seq=80353 watchdog=800ms
$SPOTDRIVE stopped reason=requested
OK
#
PLAY: s_native_v6_2_5 / 100% / body supported
$SPOTDRIVE started seq=80395 watchdog=800ms
$SPOTDRIVE stopped reason=requested
OK
#
PLAY: s_native_v6_2_5 / 100% / body supported
$SPOTDRIVE started seq=80437 watchdog=800ms
$SPOTDRIVE stopped reason=requested
OK
#
PLAY: s_native_v6_2_5 / 100% / body supported
$SPOTDRIVE started seq=80479 watchdog=800ms
$SPOTDRIVE stopped reason=requested
OK
#
PLAY: s_native_v6_2_5 / 100% / body supported
$SPOTDRIVE started seq=80521 watchdog=800ms
$SPOTDRIVE stopped reason=requested
OK
#
PLAY: s_native_v6_2_5 / 100% / body supported
$SPOTDRIVE started seq=80563 watchdog=800ms
$SPOTDRIVE stopped reason=requested
OK
#
PLAY: s_native_v6_2_5 / 100% / body supported
$SPOTDRIVE started seq=80605 watchdog=800ms
$SPOTDRIVE stopped reason=requested
OK
#
PLAY: s_native_v6_2_5 / 100% / body supported
$SPOTDRIVE started seq=80647 watchdog=800ms
$SPOTDRIVE stopped reason=requested
OK
#
PLAY: s_native_v6_2_5 / 100% / body supported
$SPOTDRIVE started seq=80689 watchdog=800ms
$SPOTDRIVE stopped reason=requested
OK
#
PLAY: s_native_v6_2_5 / 100% / body supported
$SPOTDRIVE started seq=80731 watchdog=800ms
$SPOTDRIVE stopped reason=requested
OK
#
PLAY: s_native_v6_2_5 / 100% / body supported
$SPOTDRIVE started seq=80773 watchdog=800ms
$SPOTDRIVE stopped reason=requested
OK
#
PLAY: s_native_v6_2_5 / 100% / body supported
$SPOTDRIVE started seq=80815 watchdog=800ms
$SPOTDRIVE stopped reason=requested
OK
#
PLAY: s_native_v6_2_5 / 100% / body supported
$SPOTDRIVE started seq=80857 watchdog=800ms
$SPOTDRIVE stopped reason=requested
OK
#
PLAY: s_native_v6_2_5 / 100% / body supported
$SPOTDRIVE started seq=80899 watchdog=800ms
$SPOTDRIVE stopped reason=requested
OK
#
PLAY: s_native_v6_2_5 / 100% / body supported
$SPOTDRIVE started seq=80941 watchdog=800ms
$SPOTDRIVE stopped reason=requested
OK
#
PLAY: s_native_v6_2_5 / 100% / body supported
$SPOTDRIVE started seq=80983 watchdog=800ms
$SPOTDRIVE stopped reason=requested
OK
#
PLAY: s_native_v6_2_5 / 100% / body supported
$SPOTDRIVE started seq=81025 watchdog=800ms
$SPOTDRIVE stopped reason=requested
OK
#
PLAY: s_native_v6_2_5 / 100% / body supported
$SPOTDRIVE started seq=81067 watchdog=800ms
$SPOTDRIVE stopped reason=requested
OK
#
PLAY: s_native_v6_2_5 / 100% / body supported
$SPOTDRIVE started seq=81109 watchdog=800ms
$SPOTDRIVE stopped reason=requested
OK
#
PLAY: s_native_v6_2_5 / 100% / body supported
$SPOTDRIVE started seq=81151 watchdog=800ms
$SPOTDRIVE stopped reason=requested
OK
#
PLAY: s_native_v6_2_5 / 100% / body supported
$SPOTDRIVE started seq=81193 watchdog=800ms
$SPOTDRIVE stopped reason=requested
OK
#
PLAY: s_native_v6_2_5 / 100% / body supported
$SPOTDRIVE started seq=81235 watchdog=800ms
$SPOTDRIVE stopped reason=requested
OK
#
PLAY: s_native_v6_2_5 / 100% / body supported
$SPOTDRIVE started seq=81277 watchdog=800ms
$SPOTDRIVE stopped reason=requested
OK
#
PLAY: s_native_v6_2_5 / 100% / body supported
$SPOTDRIVE started seq=81319 watchdog=800ms
$SPOTDRIVE stopped reason=requested
OK
#
PLAY: s_native_v6_2_5 / 100% / body supported
$SPOTDRIVE started seq=81361 watchdog=800ms
$SPOTDRIVE stopped reason=requested
OK
#
PLAY: s_native_v6_2_5 / 100% / body supported
$SPOTDRIVE started seq=81403 watchdog=800ms
$SPOTDRIVE stopped reason=requested
OK
#
PLAY: s_native_v6_2_5 / 100% / body supported
$SPOTDRIVE started seq=81445 watchdog=800ms
$SPOTDRIVE stopped reason=requested
OK
#
PLAY: s_native_v6_2_5 / 100% / body supported
$SPOTDRIVE started seq=81487 watchdog=800ms
$SPOTDRIVE stopped reason=requested
OK
#
PLAY: s_native_v6_2_5 / 100% / body supported
$SPOTDRIVE started seq=81529 watchdog=800ms
$SPOTDRIVE stopped reason=requested
OK
#
PLAY: s_native_v6_2_5 / 100% / body supported
$SPOTDRIVE started seq=81571 watchdog=800ms
$SPOTDRIVE stopped reason=requested
OK
#
PLAY: s_native_v6_2_5 / 100% / body supported
$SPOTDRIVE started seq=81613 watchdog=800ms
$SPOTDRIVE stopped reason=requested
OK
#
PLAY: s_native_v6_2_5 / 100% / body supported
$SPOTDRIVE started seq=81655 watchdog=800ms
$SPOTDRIVE stopped reason=requested
OK
#
PLAY: s_native_v6_2_5 / 100% / body supported
$SPOTDRIVE started seq=81697 watchdog=800ms
$SPOTDRIVE stopped reason=requested
OK
#
PLAY: s_native_v6_2_5 / 100% / body supported
$SPOTDRIVE started seq=81739 watchdog=800ms
$SPOTDRIVE stopped reason=requested
OK
#
PLAY: s_native_v6_2_5 / 100% / body supported
$SPOTDRIVE started seq=81781 watchdog=800ms
$SPOTDRIVE stopped reason=requested
OK
#
PLAY: s_native_v6_2_5 / 100% / body supported
$SPOTDRIVE started seq=81823 watchdog=800ms
$SPOTDRIVE stopped reason=requested
OK
#
PLAY: s_native_v6_2_5 / 100% / body supported
$SPOTDRIVE started seq=81865 watchdog=800ms
$SPOTDRIVE stopped reason=requested
OK
#
PLAY: s_native_v6_2_5 / 100% / body supported
$SPOTDRIVE started seq=81907 watchdog=800ms
$SPOTDRIVE stopped reason=requested
OK
#
PLAY: s_native_v6_2_5 / 100% / body supported
$SPOTDRIVE started seq=81949 watchdog=800ms
$SPOTDRIVE stopped reason=requested
OK
#
PLAY: s_native_v6_2_5 / 100% / body supported
$SPOTDRIVE started seq=81991 watchdog=800ms
$SPOTDRIVE stopped reason=requested
OK
#
PLAY: s_native_v6_2_5 / 100% / body supported
$SPOTDRIVE started seq=82033 watchdog=800ms
$SPOTDRIVE stopped reason=requested
OK
#
PLAY: s_native_v6_2_5 / 100% / body supported
$SPOTDRIVE started seq=82075 watchdog=800ms
$SPOTDRIVE stopped reason=requested
OK
#
PLAY: s_native_v6_2_5 / 100% / body supported
$SPOTDRIVE started seq=82117 watchdog=800ms
$SPOTDRIVE stopped reason=requested
OK
#
PLAY: s_native_v6_2_5 / 100% / body supported
$SPOTDRIVE started seq=82159 watchdog=800ms
$SPOTDRIVE stopped reason=requested
OK
#
PLAY: s_native_v6_2_5 / 100% / body supported
$SPOTDRIVE started seq=82201 watchdog=800ms
$SPOTDRIVE stopped reason=requested
OK
#
PLAY: s_native_v6_2_5 / 100% / body supported
$SPOTDRIVE started seq=82243 watchdog=800ms
$SPOTDRIVE stopped reason=requested
OK
#
PLAY: s_native_v6_2_5 / 100% / body supported
$SPOTDRIVE started seq=82285 watchdog=800ms
$SPOTDRIVE stopped reason=requested
OK
#
PLAY: s_native_v6_2_5 / 100% / body supported
$SPOTDRIVE started seq=82327 watchdog=800ms
$SPOTDRIVE stopped reason=requested
OK
#
PLAY: s_native_v6_2_5 / 100% / body supported
$SPOTDRIVE started seq=82369 watchdog=800ms
$SPOTDRIVE stopped reason=requested
OK
#
PLAY: s_native_v6_2_5 / 100% / body supported
$SPOTDRIVE started seq=82411 watchdog=800ms
$SPOTDRIVE stopped reason=requested
OK
#
PLAY: s_native_v6_2_5 / 100% / body supported
$SPOTDRIVE started seq=82453 watchdog=800ms
$SPOTDRIVE stopped reason=requested
OK
#
PLAY: s_native_v6_2_5 / 100% / body supported
$SPOTDRIVE started seq=82495 watchdog=800ms
$SPOTDRIVE stopped reason=requested
OK
#
PLAY: s_native_v6_2_5 / 100% / body supported
$SPOTDRIVE started seq=82537 watchdog=800ms
$SPOTDRIVE stopped reason=requested
OK
#
PLAY: s_native_v6_2_5 / 100% / body supported
$SPOTDRIVE started seq=82579 watchdog=800ms
$SPOTDRIVE stopped reason=requested
OK
#
PLAY: s_native_v6_2_5 / 100% / body supported
$SPOTDRIVE started seq=82621 watchdog=800ms
$SPOTDRIVE stopped reason=requested
OK
#
PLAY: s_native_v6_2_5 / 100% / body supported
$SPOTDRIVE started seq=82663 watchdog=800ms
$SPOTDRIVE stopped reason=requested
OK
#
PLAY: s_native_v6_2_5 / 100% / body supported
$SPOTDRIVE started seq=82705 watchdog=800ms
$SPOTDRIVE stopped reason=requested
OK
#
PLAY: s_native_v6_2_5 / 100% / body supported
$SPOTDRIVE started seq=82747 watchdog=800ms
$SPOTDRIVE stopped reason=requested
OK
#
PLAY: s_native_v6_2_5 / 100% / body supported
$SPOTDRIVE started seq=82789 watchdog=800ms
$SPOTDRIVE stopped reason=requested
OK
#
PLAY: s_native_v6_2_5 / 100% / body supported
$SPOTDRIVE started seq=82831 watchdog=800ms
$SPOTDRIVE stopped reason=requested
OK
#
PLAY: s_native_v6_2_5 / 100% / body supported
$SPOTDRIVE started seq=82873 watchdog=800ms
$SPOTDRIVE stopped reason=requested
OK
#
PLAY: s_native_v6_2_5 / 100% / body supported
$SPOTDRIVE started seq=82915 watchdog=800ms
$SPOTDRIVE stopped reason=requested
OK
#
PLAY: s_native_v6_2_5 / 100% / body supported
$SPOTDRIVE started seq=82957 watchdog=800ms
$SPOTDRIVE stopped reason=requested
OK
#
PLAY: s_native_v6_2_5 / 100% / body supported
$SPOTDRIVE started seq=82999 watchdog=800ms
$SPOTDRIVE stopped reason=requested
OK
#
PLAY: s_native_v6_2_5 / 100% / body supported
$SPOTDRIVE started seq=83041 watchdog=800ms
$SPOTDRIVE stopped reason=requested
OK
#
PLAY: s_native_v6_2_5 / 100% / body supported
$SPOTDRIVE started seq=83083 watchdog=800ms
$SPOTDRIVE stopped reason=requested
OK
#
PLAY: s_native_v6_2_5 / 100% / body supported
$SPOTDRIVE started seq=83125 watchdog=800ms
$SPOTDRIVE stopped reason=requested
OK
#
PLAY: s_native_v6_2_5 / 100% / body supported
$SPOTDRIVE started seq=83167 watchdog=800ms
$SPOTDRIVE stopped reason=requested
OK
#
PLAY: s_native_v6_2_5 / 100% / body supported
$SPOTDRIVE started seq=83209 watchdog=800ms
$SPOTDRIVE stopped reason=requested
OK
#
PLAY: s_native_v6_2_5 / 100% / body supported
$SPOTDRIVE started seq=83251 watchdog=800ms
$SPOTDRIVE stopped reason=requested
OK
#
PLAY: s_native_v6_2_5 / 100% / body supported
$SPOTDRIVE started seq=83293 watchdog=800ms
$SPOTDRIVE stopped reason=requested
OK
#
PLAY: s_native_v6_2_5 / 100% / body supported
$SPOTDRIVE started seq=83335 watchdog=800ms
$SPOTDRIVE stopped reason=requested
OK
#
PLAY: s_native_v6_2_5 / 100% / body supported
$SPOTDRIVE started seq=83377 watchdog=800ms
$SPOTDRIVE stopped reason=requested
OK
#
PLAY: s_native_v6_2_5 / 100% / body supported
$SPOTDRIVE started seq=83419 watchdog=800ms
$SPOTDRIVE stopped reason=requested
OK
#
PLAY: s_native_v6_2_5 / 100% / body supported
$SPOTDRIVE started seq=83461 watchdog=800ms
$SPOTDRIVE stopped reason=requested
OK
#
PLAY: s_native_v6_2_5 / 100% / body supported
$SPOTDRIVE started seq=83503 watchdog=800ms
$SPOTDRIVE stopped reason=requested
OK
#
PLAY: s_native_v6_2_5 / 100% / body supported
$SPOTDRIVE started seq=83545 watchdog=800ms
$SPOTDRIVE stopped reason=requested
OK
#
PLAY: s_native_v6_2_5 / 100% / body supported
$SPOTDRIVE started seq=83587 watchdog=800ms
$SPOTDRIVE stopped reason=requested
OK
#
PLAY: s_native_v6_2_5 / 100% / body supported
$SPOTDRIVE started seq=83629 watchdog=800ms
$SPOTDRIVE stopped reason=requested
OK
#
PLAY: s_native_v6_2_5 / 100% / body supported
$SPOTDRIVE started seq=83671 watchdog=800ms
$SPOTDRIVE stopped reason=requested
OK
#
PLAY: s_native_v6_2_5 / 100% / body supported
$SPOTDRIVE started seq=83713 watchdog=800ms
$SPOTDRIVE stopped reason=requested
OK
#
PLAY: s_native_v6_2_5 / 100% / body supported
$SPOTDRIVE started seq=83755 watchdog=800ms
$SPOTDRIVE stopped reason=requested
OK
#
PLAY: s_native_v6_2_5 / 100% / body supported
$SPOTDRIVE started seq=83797 watchdog=800ms
$SPOTDRIVE stopped reason=requested
OK
#
PLAY: s_native_v6_2_5 / 100% / body supported
$SPOTDRIVE started seq=83839 watchdog=800ms
$SPOTDRIVE stopped reason=requested
OK
#
PLAY: s_native_v6_2_5 / 100% / body supported
$SPOTDRIVE started seq=83881 watchdog=800ms
$SPOTDRIVE stopped reason=requested
OK
#
PLAY: s_native_v6_2_5 / 100% / body supported
$SPOTDRIVE started seq=83923 watchdog=800ms
$SPOTDRIVE stopped reason=requested
OK
#
PLAY: s_native_v6_2_5 / 100% / body supported
$SPOTDRIVE started seq=83965 watchdog=800ms
$SPOTDRIVE stopped reason=requested
OK
#
PLAY: s_native_v6_2_5 / 100% / body supported
$SPOTDRIVE started seq=84007 watchdog=800ms
$SPOTDRIVE stopped reason=requested
OK
#
PLAY: s_native_v6_2_5 / 100% / body supported
$SPOTDRIVE started seq=84049 watchdog=800ms
$SPOTDRIVE stopped reason=requested
OK
#
PLAY: s_native_v6_2_5 / 100% / body supported
$SPOTDRIVE started seq=84091 watchdog=800ms
$SPOTDRIVE stopped reason=requested
OK
#
PLAY: s_native_v6_2_5 / 100% / body supported
$SPOTDRIVE started seq=84133 watchdog=800ms
$SPOTDRIVE stopped reason=requested
OK
#
PLAY: s_native_v6_2_5 / 100% / body supported
$SPOTDRIVE started seq=84175 watchdog=800ms
$SPOTDRIVE stopped reason=requested
OK
#
PLAY: s_native_v6_2_5 / 100% / body supported
$SPOTDRIVE started seq=84217 watchdog=800ms
$SPOTDRIVE stopped reason=requested
OK
#
PLAY: s_native_v6_2_5 / 100% / body supported
$SPOTDRIVE started seq=84259 watchdog=800ms
$SPOTDRIVE stopped reason=requested
OK
#
PLAY: s_native_v6_2_5 / 100% / body supported
$SPOTDRIVE started seq=84301 watchdog=800ms
$SPOTDRIVE stopped reason=requested
OK
#
PLAY: s_native_v6_2_5 / 100% / body supported
$SPOTDRIVE started seq=84343 watchdog=800ms
$SPOTDRIVE stopped reason=requested
OK
#
PLAY: s_native_v6_2_5 / 100% / body supported
$SPOTDRIVE started seq=84385 watchdog=800ms
$SPOTDRIVE stopped reason=requested
OK
#
PLAY: s_native_v6_2_5 / 100% / body supported
$SPOTDRIVE started seq=84427 watchdog=800ms
$SPOTDRIVE stopped reason=requested
OK
#
PLAY: s_native_v6_2_5 / 100% / body supported
$SPOTDRIVE started seq=84469 watchdog=800ms
$SPOTDRIVE stopped reason=requested
OK
#
PLAY: s_native_v6_2_5 / 100% / body supported
$SPOTDRIVE started seq=84511 watchdog=800ms
$SPOTDRIVE stopped reason=requested
OK
#
PLAY: s_native_v6_2_5 / 100% / body supported
$SPOTDRIVE started seq=84553 watchdog=800ms
$SPOTDRIVE stopped reason=requested
OK
#
PLAY: s_native_v6_2_5 / 100% / body supported
$SPOTDRIVE started seq=84595 watchdog=800ms
$SPOTDRIVE stopped reason=requested
OK
#
PLAY: s_native_v6_2_5 / 100% / body supported
$SPOTDRIVE started seq=84637 watchdog=800ms
$SPOTDRIVE stopped reason=requested
OK
#
PLAY: s_native_v6_2_5 / 100% / body supported
$SPOTDRIVE started seq=84679 watchdog=800ms
$SPOTDRIVE stopped reason=requested
OK
#
PLAY: s_native_v6_2_5 / 100% / body supported
$SPOTDRIVE started seq=84721 watchdog=800ms
$SPOTDRIVE stopped reason=requested
OK
#
PLAY: s_native_v6_2_5 / 100% / body supported
$SPOTDRIVE started seq=84763 watchdog=800ms
$SPOTDRIVE stopped reason=requested
OK
#
PLAY: s_native_v6_2_5 / 100% / body supported
$SPOTDRIVE started seq=84805 watchdog=800ms
$SPOTDRIVE stopped reason=requested
OK
#
PLAY: s_native_v6_2_5 / 100% / body supported
$SPOTDRIVE started seq=84847 watchdog=800ms
$SPOTDRIVE stopped reason=requested
OK
#
PLAY: s_native_v6_2_5 / 100% / body supported
$SPOTDRIVE started seq=84889 watchdog=800ms
$SPOTDRIVE stopped reason=requested
OK
#
PLAY: s_native_v6_2_5 / 100% / body supported
$SPOTDRIVE started seq=84931 watchdog=800ms
$SPOTDRIVE stopped reason=requested
OK
#
PLAY: s_native_v6_2_5 / 100% / body supported
$SPOTDRIVE started seq=84973 watchdog=800ms
$SPOTDRIVE stopped reason=requested
OK
#
PLAY: s_native_v6_2_5 / 100% / body supported
$SPOTDRIVE started seq=85015 watchdog=800ms
$SPOTDRIVE stopped reason=requested
OK
#
PLAY: s_native_v6_2_5 / 100% / body supported
$SPOTDRIVE started seq=85057 watchdog=800ms
$SPOTDRIVE stopped reason=requested
OK
#
PLAY: s_native_v6_2_5 / 100% / body supported
$SPOTDRIVE started seq=85099 watchdog=800ms
$SPOTDRIVE stopped reason=requested
OK
#
PLAY: s_native_v6_2_5 / 100% / body supported
$SPOTDRIVE started seq=85141 watchdog=800ms
$SPOTDRIVE stopped reason=requested
OK
#
PLAY: s_native_v6_2_5 / 100% / body supported
$SPOTDRIVE started seq=85183 watchdog=800ms
$SPOTDRIVE stopped reason=requested
OK
#
PLAY: s_native_v6_2_5 / 100% / body supported
$SPOTDRIVE started seq=85225 watchdog=800ms
$SPOTDRIVE stopped reason=requested
OK
#
PLAY: s_native_v6_2_5 / 100% / body supported
$SPOTDRIVE started seq=85267 watchdog=800ms
$SPOTDRIVE stopped reason=requested
OK
#
PLAY: s_native_v6_2_5 / 100% / body supported
$SPOTDRIVE started seq=85309 watchdog=800ms
$SPOTDRIVE stopped reason=requested
OK
#
PLAY: s_native_v6_2_5 / 100% / body supported
$SPOTDRIVE started seq=85351 watchdog=800ms
$SPOTDRIVE stopped reason=requested
OK
#
PLAY: s_native_v6_2_5 / 100% / body supported
$SPOTDRIVE started seq=85393 watchdog=800ms
$SPOTDRIVE stopped reason=requested
OK
#
PLAY: s_native_v6_2_5 / 100% / body supported
$SPOTDRIVE started seq=85435 watchdog=800ms
$SPOTDRIVE stopped reason=requested
OK
#
PLAY: s_native_v6_2_5 / 100% / body supported
$SPOTDRIVE started seq=85477 watchdog=800ms
$SPOTDRIVE stopped reason=requested
OK
#
PLAY: s_native_v6_2_5 / 100% / body supported
$SPOTDRIVE started seq=85519 watchdog=800ms
$SPOTDRIVE stopped reason=requested
OK
#
PLAY: s_native_v6_2_5 / 100% / body supported
$SPOTDRIVE started seq=85561 watchdog=800ms
$SPOTDRIVE stopped reason=requested
OK
#
PLAY: s_native_v6_2_5 / 100% / body supported
$SPOTDRIVE started seq=85603 watchdog=800ms
$SPOTDRIVE stopped reason=requested
OK
#
PLAY: s_native_v6_2_5 / 100% / body supported
$SPOTDRIVE started seq=85645 watchdog=800ms
$SPOTDRIVE stopped reason=requested
OK
#
PLAY: s_native_v6_2_5 / 100% / body supported
$SPOTDRIVE started seq=85687 watchdog=800ms
$SPOTDRIVE stopped reason=requested
OK
#
PLAY: s_native_v6_2_5 / 100% / body supported
$SPOTDRIVE started seq=85729 watchdog=800ms
$SPOTDRIVE stopped reason=requested
OK
#
PLAY: s_native_v6_2_5 / 100% / body supported
$SPOTDRIVE started seq=85771 watchdog=800ms
$SPOTDRIVE stopped reason=requested
OK
#
PLAY: s_native_v6_2_5 / 100% / body supported
$SPOTDRIVE started seq=85813 watchdog=800ms
$SPOTDRIVE stopped reason=requested
OK
#
PLAY: s_native_v6_2_5 / 100% / body supported
$SPOTDRIVE started seq=85855 watchdog=800ms
$SPOTDRIVE stopped reason=requested
OK
#
PLAY: s_native_v6_2_5 / 100% / body supported
$SPOTDRIVE started seq=85897 watchdog=800ms
$SPOTDRIVE stopped reason=requested
OK
#
PLAY: s_native_v6_2_5 / 100% / body supported
$SPOTDRIVE started seq=85939 watchdog=800ms
$SPOTDRIVE stopped reason=requested
OK
#
PLAY: s_native_v6_2_5 / 100% / body supported
$SPOTDRIVE started seq=85981 watchdog=800ms
$SPOTDRIVE stopped reason=requested
OK
#
PLAY: s_native_v6_2_5 / 100% / body supported
$SPOTDRIVE started seq=86023 watchdog=800ms
$SPOTDRIVE stopped reason=requested
OK
#
PLAY: s_native_v6_2_5 / 100% / body supported
$SPOTDRIVE started seq=86065 watchdog=800ms
$SPOTDRIVE stopped reason=requested
OK
#
PLAY: s_native_v6_2_5 / 100% / body supported
$SPOTDRIVE started seq=86107 watchdog=800ms
$SPOTDRIVE stopped reason=requested
OK
#
PLAY: s_native_v6_2_5 / 100% / body supported
$SPOTDRIVE started seq=86149 watchdog=800ms
$SPOTDRIVE stopped reason=requested
OK
#
PLAY: s_native_v6_2_5 / 100% / body supported
$SPOTDRIVE started seq=86191 watchdog=800ms
$SPOTDRIVE stopped reason=requested
OK
#
PLAY: s_native_v6_2_5 / 100% / body supported
$SPOTDRIVE started seq=86233 watchdog=800ms
$SPOTDRIVE stopped reason=requested
OK
#
PLAY: s_native_v6_2_5 / 100% / body supported
$SPOTDRIVE started seq=86275 watchdog=800ms
$SPOTDRIVE stopped reason=requested
OK
#
PLAY: s_native_v6_2_5 / 100% / body supported
$SPOTDRIVE started seq=86317 watchdog=800ms
$SPOTDRIVE stopped reason=requested
OK
#
PLAY: s_native_v6_2_5 / 100% / body supported
$SPOTDRIVE started seq=86359 watchdog=800ms
$SPOTDRIVE stopped reason=requested
OK
#
PLAY: s_native_v6_2_5 / 100% / body supported
$SPOTDRIVE started seq=86401 watchdog=800ms
$SPOTDRIVE stopped reason=requested
OK
#
PLAY: s_native_v6_2_5 / 100% / body supported
$SPOTDRIVE started seq=86443 watchdog=800ms
$SPOTDRIVE stopped reason=requested
OK
#
PLAY: s_native_v6_2_5 / 100% / body supported
$SPOTDRIVE started seq=86485 watchdog=800ms
$SPOTDRIVE stopped reason=requested
OK
#
PLAY: s_native_v6_2_5 / 100% / body supported
$SPOTDRIVE started seq=86527 watchdog=800ms
$SPOTDRIVE stopped reason=requested
OK
#
PLAY: s_native_v6_2_5 / 100% / body supported
$SPOTDRIVE started seq=86569 watchdog=800ms
$SPOTDRIVE stopped reason=requested
OK
#
PLAY: s_native_v6_2_5 / 100% / body supported
$SPOTDRIVE started seq=86611 watchdog=800ms
$SPOTDRIVE stopped reason=requested
OK
#
PLAY: s_native_v6_2_5 / 100% / body supported
$SPOTDRIVE started seq=86653 watchdog=800ms
$SPOTDRIVE stopped reason=requested
OK
#
PLAY: s_native_v6_2_5 / 100% / body supported
$SPOTDRIVE started seq=86695 watchdog=800ms
$SPOTDRIVE stopped reason=requested
OK
#
PLAY: s_native_v6_2_5 / 100% / body supported
$SPOTDRIVE started seq=86737 watchdog=800ms
$SPOTDRIVE stopped reason=requested
OK
#
PLAY: s_native_v6_2_5 / 100% / body supported
$SPOTDRIVE started seq=86779 watchdog=800ms
$SPOTDRIVE stopped reason=requested
OK
#
PLAY: s_native_v6_2_5 / 100% / body supported
$SPOTDRIVE started seq=86821 watchdog=800ms
$SPOTDRIVE stopped reason=requested
OK
#
PLAY: s_native_v6_2_5 / 100% / body supported
$SPOTDRIVE started seq=86863 watchdog=800ms
$SPOTDRIVE stopped reason=requested
OK
#
PLAY: s_native_v6_2_5 / 100% / body supported
$SPOTDRIVE started seq=86905 watchdog=800ms
$SPOTDRIVE stopped reason=requested
OK
#
PLAY: s_native_v6_2_5 / 100% / body supported
$SPOTDRIVE started seq=86947 watchdog=800ms
$SPOTDRIVE stopped reason=requested
OK
#
PLAY: s_native_v6_2_5 / 100% / body supported
$SPOTDRIVE started seq=86989 watchdog=800ms
$SPOTDRIVE stopped reason=requested
OK
#
PLAY: s_native_v6_2_5 / 100% / body supported
$SPOTDRIVE started seq=87031 watchdog=800ms
$SPOTDRIVE stopped reason=requested
OK
#
PLAY: s_native_v6_2_5 / 100% / body supported
$SPOTDRIVE started seq=87073 watchdog=800ms
$SPOTDRIVE stopped reason=requested
OK
#
PLAY: s_native_v6_2_5 / 100% / body supported
$SPOTDRIVE started seq=87115 watchdog=800ms
$SPOTDRIVE stopped reason=requested
OK
#
PLAY: s_native_v6_2_5 / 100% / body supported
$SPOTDRIVE started seq=87157 watchdog=800ms
$SPOTDRIVE stopped reason=requested
OK
#
PLAY: s_native_v6_2_5 / 100% / body supported
$SPOTDRIVE started seq=87199 watchdog=800ms
$SPOTDRIVE stopped reason=requested
OK
#
PLAY: s_native_v6_2_5 / 100% / body supported
$SPOTDRIVE started seq=87241 watchdog=800ms
$SPOTDRIVE stopped reason=requested
OK
#
PLAY: s_native_v6_2_5 / 100% / body supported
$SPOTDRIVE started seq=87283 watchdog=800ms
$SPOTDRIVE stopped reason=requested
OK
#
PLAY: s_native_v6_2_5 / 100% / body supported
$SPOTDRIVE started seq=87325 watchdog=800ms
$SPOTDRIVE stopped reason=requested
OK
#
PLAY: s_native_v6_2_5 / 100% / body supported
$SPOTDRIVE started seq=87367 watchdog=800ms
$SPOTDRIVE stopped reason=requested
OK
#
PLAY: s_native_v6_2_5 / 100% / body supported
$SPOTDRIVE started seq=87409 watchdog=800ms
$SPOTDRIVE stopped reason=requested
OK
#
PLAY: s_native_v6_2_5 / 100% / body supported
$SPOTDRIVE started seq=87451 watchdog=800ms
$SPOTDRIVE stopped reason=requested
OK
#
PLAY: s_native_v6_2_5 / 100% / body supported
$SPOTDRIVE started seq=87493 watchdog=800ms
$SPOTDRIVE stopped reason=requested
OK
#
PLAY: s_native_v6_2_5 / 100% / body supported
$SPOTDRIVE started seq=87535 watchdog=800ms
$SPOTDRIVE stopped reason=requested
OK
#
PLAY: s_native_v6_2_5 / 100% / body supported
$SPOTDRIVE started seq=87577 watchdog=800ms
$SPOTDRIVE stopped reason=requested
OK
#
PLAY: s_native_v6_2_5 / 100% / body supported
$SPOTDRIVE started seq=87619 watchdog=800ms
$SPOTDRIVE stopped reason=requested
OK
#
PLAY: s_native_v6_2_5 / 100% / body supported
$SPOTDRIVE started seq=87661 watchdog=800ms
$SPOTDRIVE stopped reason=requested
OK
#
PLAY: s_native_v6_2_5 / 100% / body supported
$SPOTDRIVE started seq=87703 watchdog=800ms
$SPOTDRIVE stopped reason=requested
OK
#
PLAY: s_native_v6_2_5 / 100% / body supported
$SPOTDRIVE started seq=87745 watchdog=800ms
$SPOTDRIVE stopped reason=requested
OK
#
PLAY: s_native_v6_2_5 / 100% / body supported
$SPOTDRIVE started seq=87787 watchdog=800ms
$SPOTDRIVE stopped reason=requested
OK
#
PLAY: s_native_v6_2_5 / 100% / body supported
$SPOTDRIVE started seq=87829 watchdog=800ms
$SPOTDRIVE stopped reason=requested
OK
#
PLAY: s_native_v6_2_5 / 100% / body supported
$SPOTDRIVE started seq=87871 watchdog=800ms
$SPOTDRIVE stopped reason=requested
OK
#
PLAY: s_native_v6_2_5 / 100% / body supported
$SPOTDRIVE started seq=87913 watchdog=800ms
$SPOTDRIVE stopped reason=requested
OK
#
PLAY: s_native_v6_2_5 / 100% / body supported
$SPOTDRIVE started seq=87955 watchdog=800ms
$SPOTDRIVE stopped reason=requested
OK
#
PLAY: s_native_v6_2_5 / 100% / body supported
$SPOTDRIVE started seq=87997 watchdog=800ms
$SPOTDRIVE stopped reason=requested
OK
#
PLAY: s_native_v6_2_5 / 100% / body supported
$SPOTDRIVE started seq=88039 watchdog=800ms
$SPOTDRIVE stopped reason=requested
OK
#
PLAY: s_native_v6_2_5 / 100% / body supported
$SPOTDRIVE started seq=88081 watchdog=800ms
$SPOTDRIVE stopped reason=requested
OK
#
PLAY: s_native_v6_2_5 / 100% / body supported
$SPOTDRIVE started seq=88123 watchdog=800ms
$SPOTDRIVE stopped reason=requested
OK
#
PLAY: s_native_v6_2_5 / 100% / body supported
$SPOTDRIVE started seq=88165 watchdog=800ms
$SPOTDRIVE stopped reason=requested
OK
#
PLAY: s_native_v6_2_5 / 100% / body supported
$SPOTDRIVE started seq=88207 watchdog=800ms
$SPOTDRIVE stopped reason=requested
OK
#
PLAY: s_native_v6_2_5 / 100% / body supported
$SPOTDRIVE started seq=88249 watchdog=800ms
$SPOTDRIVE stopped reason=requested
OK
#
PLAY: s_native_v6_2_5 / 100% / body supported
$SPOTDRIVE started seq=88291 watchdog=800ms
$SPOTDRIVE stopped reason=requested
OK
#
PLAY: s_native_v6_2_5 / 100% / body supported
$SPOTDRIVE started seq=88333 watchdog=800ms
$SPOTDRIVE stopped reason=requested
OK
#
PLAY: s_native_v6_2_5 / 100% / body supported
$SPOTDRIVE started seq=88375 watchdog=800ms
$SPOTDRIVE stopped reason=requested
OK
#
PLAY: s_native_v6_2_5 / 100% / body supported
$SPOTDRIVE started seq=88417 watchdog=800ms
$SPOTDRIVE stopped reason=requested
OK
#
PLAY: s_native_v6_2_5 / 100% / body supported
$SPOTDRIVE started seq=88459 watchdog=800ms
$SPOTDRIVE stopped reason=requested
OK
#
PLAY: s_native_v6_2_5 / 100% / body supported
$SPOTDRIVE started seq=88501 watchdog=800ms
$SPOTDRIVE stopped reason=requested
OK
#
PLAY: s_native_v6_2_5 / 100% / body supported
$SPOTDRIVE started seq=88543 watchdog=800ms
$SPOTDRIVE stopped reason=requested
OK
#
PLAY: s_native_v6_2_5 / 100% / body supported
$SPOTDRIVE started seq=88585 watchdog=800ms
$SPOTDRIVE stopped reason=requested
OK
#
PLAY: s_native_v6_2_5 / 100% / body supported
$SPOTDRIVE started seq=88627 watchdog=800ms
$SPOTDRIVE stopped reason=requested
OK
#
PLAY: s_native_v6_2_5 / 100% / body supported
$SPOTDRIVE started seq=88669 watchdog=800ms
$SPOTDRIVE stopped reason=requested
OK
#
PLAY: s_native_v6_2_5 / 100% / body supported
$SPOTDRIVE started seq=88711 watchdog=800ms
$SPOTDRIVE stopped reason=requested
OK
#
PLAY: s_native_v6_2_5 / 100% / body supported
$SPOTDRIVE started seq=88753 watchdog=800ms
$SPOTDRIVE stopped reason=requested
OK
#
PLAY: s_native_v6_2_5 / 100% / body supported
$SPOTDRIVE started seq=88795 watchdog=800ms
$SPOTDRIVE stopped reason=requested
OK
#
PLAY: s_native_v6_2_5 / 100% / body supported
$SPOTDRIVE started seq=88837 watchdog=800ms
$SPOTDRIVE stopped reason=requested
OK
#
PLAY: s_native_v6_2_5 / 100% / body supported
$SPOTDRIVE started seq=88879 watchdog=800ms
$SPOTDRIVE stopped reason=requested
OK
#
PLAY: s_native_v6_2_5 / 100% / body supported
$SPOTDRIVE started seq=88921 watchdog=800ms
$SPOTDRIVE stopped reason=requested
OK
#
PLAY: s_native_v6_2_5 / 100% / body supported
$SPOTDRIVE started seq=88963 watchdog=800ms
$SPOTDRIVE stopped reason=requested
OK
#
PLAY: s_native_v6_2_5 / 100% / body supported
$SPOTDRIVE started seq=89005 watchdog=800ms
$SPOTDRIVE stopped reason=requested
OK
#
PLAY: s_native_v6_2_5 / 100% / body supported
$SPOTDRIVE started seq=89047 watchdog=800ms
$SPOTDRIVE stopped reason=requested
OK
#
PLAY: s_native_v6_2_5 / 100% / body supported
$SPOTDRIVE started seq=89089 watchdog=800ms
$SPOTDRIVE stopped reason=requested
OK
#
PLAY: s_native_v6_2_5 / 100% / body supported
$SPOTDRIVE started seq=89131 watchdog=800ms
$SPOTDRIVE stopped reason=requested
OK
#
PLAY: s_native_v6_2_5 / 100% / body supported
$SPOTDRIVE started seq=89173 watchdog=800ms
$SPOTDRIVE stopped reason=requested
OK
#
PLAY: s_native_v6_2_5 / 100% / body supported
$SPOTDRIVE started seq=89215 watchdog=800ms
$SPOTDRIVE stopped reason=requested
OK
#
PLAY: s_native_v6_2_5 / 100% / body supported
$SPOTDRIVE started seq=89257 watchdog=800ms
$SPOTDRIVE stopped reason=requested
OK
#
PLAY: s_native_v6_2_5 / 100% / body supported
$SPOTDRIVE started seq=89299 watchdog=800ms
$SPOTDRIVE stopped reason=requested
OK
#
PLAY: s_native_v6_2_5 / 100% / body supported
$SPOTDRIVE started seq=89341 watchdog=800ms
$SPOTDRIVE stopped reason=requested
OK
#
PLAY: s_native_v6_2_5 / 100% / body supported
$SPOTDRIVE started seq=89383 watchdog=800ms
$SPOTDRIVE stopped reason=requested
OK
#
PLAY: s_native_v6_2_5 / 100% / body supported
$SPOTDRIVE started seq=89425 watchdog=800ms
$SPOTDRIVE stopped reason=requested
OK
#
PLAY: s_native_v6_2_5 / 100% / body supported
$SPOTDRIVE started seq=89467 watchdog=800ms
$SPOTDRIVE stopped reason=requested
OK
#
PLAY: s_native_v6_2_5 / 100% / body supported
$SPOTDRIVE started seq=89509 watchdog=800ms
$SPOTDRIVE stopped reason=requested
OK
#
PLAY: s_native_v6_2_5 / 100% / body supported
$SPOTDRIVE started seq=89551 watchdog=800ms
$SPOTDRIVE stopped reason=requested
OK
#
PLAY: s_native_v6_2_5 / 100% / body supported
$SPOTDRIVE started seq=89593 watchdog=800ms
$SPOTDRIVE stopped reason=requested
OK
#
PLAY: s_native_v6_2_5 / 100% / body supported
$SPOTDRIVE started seq=89635 watchdog=800ms
$SPOTDRIVE stopped reason=requested
OK
#
PLAY: s_native_v6_2_5 / 100% / body supported
$SPOTDRIVE started seq=89677 watchdog=800ms
$SPOTDRIVE stopped reason=requested
OK
#
PLAY: s_native_v6_2_5 / 100% / body supported
$SPOTDRIVE started seq=89719 watchdog=800ms
$SPOTDRIVE stopped reason=requested
OK
#
PLAY: s_native_v6_2_5 / 100% / body supported
$SPOTDRIVE started seq=89761 watchdog=800ms
$SPOTDRIVE stopped reason=requested
OK
#
PLAY: s_native_v6_2_5 / 100% / body supported
$SPOTDRIVE started seq=89803 watchdog=800ms
$SPOTDRIVE stopped reason=requested
OK
#
PLAY: s_native_v6_2_5 / 100% / body supported
$SPOTDRIVE started seq=89845 watchdog=800ms
$SPOTDRIVE stopped reason=requested
OK
#
PLAY: s_native_v6_2_5 / 100% / body supported
$SPOTDRIVE started seq=89887 watchdog=800ms
$SPOTDRIVE stopped reason=requested
OK
#
PLAY: s_native_v6_2_5 / 100% / body supported
$SPOTDRIVE started seq=89929 watchdog=800ms
$SPOTDRIVE stopped reason=requested
OK
#
PLAY: s_native_v6_2_5 / 100% / body supported
$SPOTDRIVE started seq=89971 watchdog=800ms
$SPOTDRIVE stopped reason=requested
OK
#
PLAY: s_native_v6_2_5 / 100% / body supported
$SPOTDRIVE started seq=90013 watchdog=800ms
$SPOTDRIVE stopped reason=requested
OK
#
PLAY: s_native_v6_2_5 / 100% / body supported
$SPOTDRIVE started seq=90055 watchdog=800ms
$SPOTDRIVE stopped reason=requested
OK
#
PLAY: s_native_v6_2_5 / 100% / body supported
$SPOTDRIVE started seq=90097 watchdog=800ms
$SPOTDRIVE stopped reason=requested
OK
#
PLAY: s_native_v6_2_5 / 100% / body supported
$SPOTDRIVE started seq=90139 watchdog=800ms
$SPOTDRIVE stopped reason=requested
OK
#
PLAY: s_native_v6_2_5 / 100% / body supported
$SPOTDRIVE started seq=90181 watchdog=800ms
$SPOTDRIVE stopped reason=requested
OK
#
PLAY: s_native_v6_2_5 / 100% / body supported
$SPOTDRIVE started seq=90223 watchdog=800ms
$SPOTDRIVE stopped reason=requested
OK
#
PLAY: s_native_v6_2_5 / 100% / body supported
$SPOTDRIVE started seq=90265 watchdog=800ms
$SPOTDRIVE stopped reason=requested
OK
#
PLAY: s_native_v6_2_5 / 100% / body supported
$SPOTDRIVE started seq=90307 watchdog=800ms
$SPOTDRIVE stopped reason=requested
OK
#
PLAY: s_native_v6_2_5 / 100% / body supported
$SPOTDRIVE started seq=90349 watchdog=800ms
$SPOTDRIVE stopped reason=requested
OK
#
PLAY: s_native_v6_2_5 / 100% / body supported
$SPOTDRIVE started seq=90391 watchdog=800ms
$SPOTDRIVE stopped reason=requested
OK
#
PLAY: s_native_v6_2_5 / 100% / body supported
$SPOTDRIVE started seq=90433 watchdog=800ms
$SPOTDRIVE stopped reason=requested
OK
#
PLAY: s_native_v6_2_5 / 100% / body supported
$SPOTDRIVE started seq=90475 watchdog=800ms
$SPOTDRIVE stopped reason=requested
OK
#
PLAY: s_native_v6_2_5 / 100% / body supported
$SPOTDRIVE started seq=90517 watchdog=800ms
$SPOTDRIVE stopped reason=requested
OK
#
PLAY: s_native_v6_2_5 / 100% / body supported
$SPOTDRIVE started seq=90559 watchdog=800ms
$SPOTDRIVE stopped reason=requested
OK
#
PLAY: s_native_v6_2_5 / 100% / body supported
$SPOTDRIVE started seq=90601 watchdog=800ms
$SPOTDRIVE stopped reason=requested
OK
#
PLAY: s_native_v6_2_5 / 100% / body supported
$SPOTDRIVE started seq=90643 watchdog=800ms
$SPOTDRIVE stopped reason=requested
OK
#
PLAY: s_native_v6_2_5 / 100% / body supported
$SPOTDRIVE started seq=90685 watchdog=800ms
$SPOTDRIVE stopped reason=requested
OK
#
PLAY: s_native_v6_2_5 / 100% / body supported
$SPOTDRIVE started seq=90727 watchdog=800ms
$SPOTDRIVE stopped reason=requested
OK
#
PLAY: s_native_v6_2_5 / 100% / body supported
$SPOTDRIVE started seq=90769 watchdog=800ms
$SPOTDRIVE stopped reason=requested
OK
#
PLAY: s_native_v6_2_5 / 100% / body supported
$SPOTDRIVE started seq=90811 watchdog=800ms
$SPOTDRIVE stopped reason=requested
OK
#
PLAY: s_native_v6_2_5 / 100% / body supported
$SPOTDRIVE started seq=90853 watchdog=800ms
$SPOTDRIVE stopped reason=requested
OK
#
PLAY: s_native_v6_2_5 / 100% / body supported
$SPOTDRIVE started seq=90895 watchdog=800ms
$SPOTDRIVE stopped reason=requested
OK
#
PLAY: s_native_v6_2_5 / 100% / body supported
$SPOTDRIVE started seq=90937 watchdog=800ms
$SPOTDRIVE stopped reason=requested
OK
#
PLAY: s_native_v6_2_5 / 100% / body supported
$SPOTDRIVE started seq=90979 watchdog=800ms
$SPOTDRIVE stopped reason=requested
OK
#
PLAY: s_native_v6_2_5 / 100% / body supported
$SPOTDRIVE started seq=91021 watchdog=800ms
$SPOTDRIVE stopped reason=requested
OK
#
PLAY: s_native_v6_2_5 / 100% / body supported
$SPOTDRIVE started seq=91063 watchdog=800ms
$SPOTDRIVE stopped reason=requested
OK
#
PLAY: s_native_v6_2_5 / 100% / body supported
$SPOTDRIVE started seq=91105 watchdog=800ms
$SPOTDRIVE stopped reason=requested
OK
#
PLAY: s_native_v6_2_5 / 100% / body supported
$SPOTDRIVE started seq=91147 watchdog=800ms
$SPOTDRIVE stopped reason=requested
OK
#
PLAY: s_native_v6_2_5 / 100% / body supported
$SPOTDRIVE started seq=91189 watchdog=800ms
$SPOTDRIVE stopped reason=requested
OK
#
PLAY: s_native_v6_2_5 / 100% / body supported
$SPOTDRIVE started seq=91231 watchdog=800ms
$SPOTDRIVE stopped reason=requested
OK
#
PLAY: s_native_v6_2_5 / 100% / body supported
$SPOTDRIVE started seq=91273 watchdog=800ms
$SPOTDRIVE stopped reason=requested
OK
#
PLAY: s_native_v6_2_5 / 100% / body supported
$SPOTDRIVE started seq=91315 watchdog=800ms
$SPOTDRIVE stopped reason=requested
OK
#
PLAY: s_native_v6_2_5 / 100% / body supported
$SPOTDRIVE started seq=91357 watchdog=800ms
$SPOTDRIVE stopped reason=requested
OK
#
PLAY: s_native_v6_2_5 / 100% / body supported
$SPOTDRIVE started seq=91399 watchdog=800ms
$SPOTDRIVE stopped reason=requested
OK
#
PLAY: s_native_v6_2_5 / 100% / body supported
$SPOTDRIVE started seq=91441 watchdog=800ms
$SPOTDRIVE stopped reason=requested
OK
#
PLAY: s_native_v6_2_5 / 100% / body supported
$SPOTDRIVE started seq=91483 watchdog=800ms
$SPOTDRIVE stopped reason=requested
OK
#
PLAY: s_native_v6_2_5 / 100% / body supported
$SPOTDRIVE started seq=91525 watchdog=800ms
$SPOTDRIVE stopped reason=requested
OK
#
PLAY: s_native_v6_2_5 / 100% / body supported
$SPOTDRIVE started seq=91567 watchdog=800ms
$SPOTDRIVE stopped reason=requested
OK
#
PLAY: s_native_v6_2_5 / 100% / body supported
$SPOTDRIVE started seq=91609 watchdog=800ms
$SPOTDRIVE stopped reason=requested
OK
#
PLAY: s_native_v6_2_5 / 100% / body supported
$SPOTDRIVE started seq=91651 watchdog=800ms
$SPOTDRIVE stopped reason=requested
OK
#
PLAY: s_native_v6_2_5 / 100% / body supported
$SPOTDRIVE started seq=91693 watchdog=800ms
$SPOTDRIVE stopped reason=requested
OK
#
PLAY: s_native_v6_2_5 / 100% / body supported
$SPOTDRIVE started seq=91735 watchdog=800ms
$SPOTDRIVE stopped reason=requested
OK
#
PLAY: s_native_v6_2_5 / 100% / body supported
$SPOTDRIVE started seq=91777 watchdog=800ms
$SPOTDRIVE stopped reason=requested
OK
#
PLAY: s_native_v6_2_5 / 100% / body supported
$SPOTDRIVE started seq=91819 watchdog=800ms
$SPOTDRIVE stopped reason=requested
OK
#
PLAY: s_native_v6_2_5 / 100% / body supported
$SPOTDRIVE started seq=91861 watchdog=800ms
$SPOTDRIVE stopped reason=requested
OK
#
PLAY: s_native_v6_2_5 / 100% / body supported
$SPOTDRIVE started seq=91903 watchdog=800ms
$SPOTDRIVE stopped reason=requested
OK
#
PLAY: s_native_v6_2_5 / 100% / body supported
$SPOTDRIVE started seq=91945 watchdog=800ms
$SPOTDRIVE stopped reason=requested
OK
#
PLAY: s_native_v6_2_5 / 100% / body supported
$SPOTDRIVE started seq=91987 watchdog=800ms
$SPOTDRIVE stopped reason=requested
OK
#
PLAY: s_native_v6_2_5 / 100% / body supported
$SPOTDRIVE started seq=92029 watchdog=800ms
$SPOTDRIVE stopped reason=requested
OK
#
PLAY: s_native_v6_2_5 / 100% / body supported
$SPOTDRIVE started seq=92071 watchdog=800ms
$SPOTDRIVE stopped reason=requested
OK
#
PLAY: s_native_v6_2_5 / 100% / body supported
$SPOTDRIVE started seq=92113 watchdog=800ms
$SPOTDRIVE stopped reason=requested
OK
#
PLAY: s_native_v6_2_5 / 100% / body supported
$SPOTDRIVE started seq=92155 watchdog=800ms
$SPOTDRIVE stopped reason=requested
OK
#
PLAY: s_native_v6_2_5 / 100% / body supported
$SPOTDRIVE started seq=92197 watchdog=800ms
$SPOTDRIVE stopped reason=requested
OK
#
PLAY: s_native_v6_2_5 / 100% / body supported
$SPOTDRIVE started seq=92239 watchdog=800ms
$SPOTDRIVE stopped reason=requested
OK
#
PLAY: s_native_v6_2_5 / 100% / body supported
$SPOTDRIVE started seq=92281 watchdog=800ms
$SPOTDRIVE stopped reason=requested
OK
#
PLAY: s_native_v6_2_5 / 100% / body supported
$SPOTDRIVE started seq=92323 watchdog=800ms
$SPOTDRIVE stopped reason=requested
OK
#
PLAY: s_native_v6_2_5 / 100% / body supported
$SPOTDRIVE started seq=92365 watchdog=800ms
$SPOTDRIVE stopped reason=requested
OK
#
PLAY: s_native_v6_2_5 / 100% / body supported
$SPOTDRIVE started seq=92407 watchdog=800ms
$SPOTDRIVE stopped reason=requested
OK
#
PLAY: s_native_v6_2_5 / 100% / body supported
$SPOTDRIVE started seq=92449 watchdog=800ms
$SPOTDRIVE stopped reason=requested
OK
#
PLAY: s_native_v6_2_5 / 100% / body supported
$SPOTDRIVE started seq=92491 watchdog=800ms
$SPOTDRIVE stopped reason=requested
OK
#
PLAY: s_native_v6_2_5 / 100% / body supported
$SPOTDRIVE started seq=92533 watchdog=800ms
$SPOTDRIVE stopped reason=requested
OK
#
PLAY: s_native_v6_2_5 / 100% / body supported
$SPOTDRIVE started seq=92575 watchdog=800ms
$SPOTDRIVE stopped reason=requested
OK
#
PLAY: s_native_v6_2_5 / 100% / body supported
$SPOTDRIVE started seq=92617 watchdog=800ms
$SPOTDRIVE stopped reason=requested
OK
#
PLAY: s_native_v6_2_5 / 100% / body supported
$SPOTDRIVE started seq=92659 watchdog=800ms
$SPOTDRIVE stopped reason=requested
OK
#
PLAY: s_native_v6_2_5 / 100% / body supported
$SPOTDRIVE started seq=92701 watchdog=800ms
$SPOTDRIVE stopped reason=requested
OK
#
PLAY: s_native_v6_2_5 / 100% / body supported
$SPOTDRIVE started seq=92743 watchdog=800ms
$SPOTDRIVE stopped reason=requested
OK
#
PLAY: s_native_v6_2_5 / 100% / body supported
$SPOTDRIVE started seq=92785 watchdog=800ms
$SPOTDRIVE stopped reason=requested
OK
#
PLAY: s_native_v6_2_5 / 100% / body supported
$SPOTDRIVE started seq=92827 watchdog=800ms
$SPOTDRIVE stopped reason=requested
OK
#
PLAY: s_native_v6_2_5 / 100% / body supported
$SPOTDRIVE started seq=92869 watchdog=800ms
$SPOTDRIVE stopped reason=requested
OK
#
PLAY: s_native_v6_2_5 / 100% / body supported
$SPOTDRIVE started seq=92911 watchdog=800ms
$SPOTDRIVE stopped reason=requested
OK
#
PLAY: s_native_v6_2_5 / 100% / body supported
$SPOTDRIVE started seq=92953 watchdog=800ms
$SPOTDRIVE stopped reason=requested
OK
#
PLAY: s_native_v6_2_5 / 100% / body supported
$SPOTDRIVE started seq=92995 watchdog=800ms
$SPOTDRIVE stopped reason=requested
OK
#
PLAY: s_native_v6_2_5 / 100% / body supported
$SPOTDRIVE started seq=93037 watchdog=800ms
$SPOTDRIVE stopped reason=requested
OK
#
PLAY: s_native_v6_2_5 / 100% / body supported
$SPOTDRIVE started seq=93079 watchdog=800ms
$SPOTDRIVE stopped reason=requested
OK
#
PLAY: s_native_v6_2_5 / 100% / body supported
$SPOTDRIVE started seq=93121 watchdog=800ms
$SPOTDRIVE stopped reason=requested
OK
#
PLAY: s_native_v6_2_5 / 100% / body supported
$SPOTDRIVE started seq=93163 watchdog=800ms
$SPOTDRIVE stopped reason=requested
OK
#
PLAY: s_native_v6_2_5 / 100% / body supported
$SPOTDRIVE started seq=93205 watchdog=800ms
$SPOTDRIVE stopped reason=requested
OK
#
PLAY: s_native_v6_2_5 / 100% / body supported
$SPOTDRIVE started seq=93247 watchdog=800ms
$SPOTDRIVE stopped reason=requested
OK
#
PLAY: s_native_v6_2_5 / 100% / body supported
$SPOTDRIVE started seq=93289 watchdog=800ms
$SPOTDRIVE stopped reason=requested
OK
#
PLAY: s_native_v6_2_5 / 100% / body supported
$SPOTDRIVE started seq=93331 watchdog=800ms
$SPOTDRIVE stopped reason=requested
OK
#
PLAY: s_native_v6_2_5 / 100% / body supported
$SPOTDRIVE started seq=93373 watchdog=800ms
$SPOTDRIVE stopped reason=requested
OK
#
PLAY: s_native_v6_2_5 / 100% / body supported
$SPOTDRIVE started seq=93415 watchdog=800ms
$SPOTDRIVE stopped reason=requested
OK
#
PLAY: s_native_v6_2_5 / 100% / body supported
$SPOTDRIVE started seq=93457 watchdog=800ms
$SPOTDRIVE stopped reason=requested
OK
#
PLAY: s_native_v6_2_5 / 100% / body supported
$SPOTDRIVE started seq=93499 watchdog=800ms
$SPOTDRIVE stopped reason=requested
OK
#
PLAY: s_native_v6_2_5 / 100% / body supported
$SPOTDRIVE started seq=93541 watchdog=800ms
$SPOTDRIVE stopped reason=requested
OK
#
PLAY: s_native_v6_2_5 / 100% / body supported
$SPOTDRIVE started seq=93583 watchdog=800ms
$SPOTDRIVE stopped reason=requested
OK
#
PLAY: s_native_v6_2_5 / 100% / body supported
$SPOTDRIVE started seq=93625 watchdog=800ms
$SPOTDRIVE stopped reason=requested
OK
#
PLAY: s_native_v6_2_5 / 100% / body supported
$SPOTDRIVE started seq=93667 watchdog=800ms
$SPOTDRIVE stopped reason=requested
OK
#
PLAY: s_native_v6_2_5 / 100% / body supported
$SPOTDRIVE started seq=93709 watchdog=800ms
$SPOTDRIVE stopped reason=requested
OK
#
PLAY: s_native_v6_2_5 / 100% / body supported
$SPOTDRIVE started seq=93751 watchdog=800ms
$SPOTDRIVE stopped reason=requested
OK
#
PLAY: s_native_v6_2_5 / 100% / body supported
$SPOTDRIVE started seq=93793 watchdog=800ms
$SPOTDRIVE stopped reason=requested
OK
#
PLAY: s_native_v6_2_5 / 100% / body supported
$SPOTDRIVE started seq=93835 watchdog=800ms
$SPOTDRIVE stopped reason=requested
OK
#
PLAY: s_native_v6_2_5 / 100% / body supported
$SPOTDRIVE started seq=93877 watchdog=800ms
$SPOTDRIVE stopped reason=requested
OK
#
PLAY: s_native_v6_2_5 / 100% / body supported
$SPOTDRIVE started seq=93919 watchdog=800ms
$SPOTDRIVE stopped reason=requested
OK
#
PLAY: s_native_v6_2_5 / 100% / body supported
$SPOTDRIVE started seq=93961 watchdog=800ms
$SPOTDRIVE stopped reason=requested
OK
#
PLAY: s_native_v6_2_5 / 100% / body supported
$SPOTDRIVE started seq=94003 watchdog=800ms
$SPOTDRIVE stopped reason=requested
OK
#
PLAY: s_native_v6_2_5 / 100% / body supported
$SPOTDRIVE started seq=94045 watchdog=800ms
$SPOTDRIVE stopped reason=requested
OK
#
PLAY: s_native_v6_2_5 / 100% / body supported
$SPOTDRIVE started seq=94087 watchdog=800ms
$SPOTDRIVE stopped reason=requested
OK
#
PLAY: s_native_v6_2_5 / 100% / body supported
$SPOTDRIVE started seq=94129 watchdog=800ms
$SPOTDRIVE stopped reason=requested
OK
#
PLAY: s_native_v6_2_5 / 100% / body supported
$SPOTDRIVE started seq=94171 watchdog=800ms
$SPOTDRIVE stopped reason=requested
OK
#
PLAY: s_native_v6_2_5 / 100% / body supported
$SPOTDRIVE started seq=94213 watchdog=800ms
$SPOTDRIVE stopped reason=requested
OK
#
PLAY: s_native_v6_2_5 / 100% / body supported
$SPOTDRIVE started seq=94255 watchdog=800ms
$SPOTDRIVE stopped reason=requested
OK
#
PLAY: s_native_v6_2_5 / 100% / body supported
$SPOTDRIVE started seq=94297 watchdog=800ms
$SPOTDRIVE stopped reason=requested
OK
#
PLAY: s_native_v6_2_5 / 100% / body supported
$SPOTDRIVE started seq=94339 watchdog=800ms
$SPOTDRIVE stopped reason=requested
OK
#
PLAY: s_native_v6_2_5 / 100% / body supported
$SPOTDRIVE started seq=94381 watchdog=800ms
$SPOTDRIVE stopped reason=requested
OK
#
PLAY: s_native_v6_2_5 / 100% / body supported
$SPOTDRIVE started seq=94423 watchdog=800ms
$SPOTDRIVE stopped reason=requested
OK
#
PLAY: s_native_v6_2_5 / 100% / body supported
$SPOTDRIVE started seq=94465 watchdog=800ms
$SPOTDRIVE stopped reason=requested
OK
#
PLAY: s_native_v6_2_5 / 100% / body supported
$SPOTDRIVE started seq=94507 watchdog=800ms
$SPOTDRIVE stopped reason=requested
OK
#
PLAY: s_native_v6_2_5 / 100% / body supported
$SPOTDRIVE started seq=94549 watchdog=800ms
$SPOTDRIVE stopped reason=requested
OK
#
PLAY: s_native_v6_2_5 / 100% / body supported
$SPOTDRIVE started seq=94591 watchdog=800ms
$SPOTDRIVE stopped reason=requested
OK
#
PLAY: s_native_v6_2_5 / 100% / body supported
$SPOTDRIVE started seq=94633 watchdog=800ms
$SPOTDRIVE stopped reason=requested
OK
#
PLAY: s_native_v6_2_5 / 100% / body supported
$SPOTDRIVE started seq=94675 watchdog=800ms
$SPOTDRIVE stopped reason=requested
OK
#
PLAY: s_native_v6_2_5 / 100% / body supported
$SPOTDRIVE started seq=94717 watchdog=800ms
$SPOTDRIVE stopped reason=requested
OK
#
PLAY: s_native_v6_2_5 / 100% / body supported
$SPOTDRIVE started seq=94759 watchdog=800ms
$SPOTDRIVE stopped reason=requested
OK
#
PLAY: s_native_v6_2_5 / 100% / body supported
$SPOTDRIVE started seq=94801 watchdog=800ms
$SPOTDRIVE stopped reason=requested
OK
#
PLAY: s_native_v6_2_5 / 100% / body supported
$SPOTDRIVE started seq=94843 watchdog=800ms
$SPOTDRIVE stopped reason=requested
OK
#
PLAY: s_native_v6_2_5 / 100% / body supported
$SPOTDRIVE started seq=94885 watchdog=800ms
$SPOTDRIVE stopped reason=requested
OK
#
PLAY: s_native_v6_2_5 / 100% / body supported
$SPOTDRIVE started seq=94927 watchdog=800ms
$SPOTDRIVE stopped reason=requested
OK
#
PLAY: s_native_v6_2_5 / 100% / body supported
$SPOTDRIVE started seq=94969 watchdog=800ms
$SPOTDRIVE stopped reason=requested
OK
#
PLAY: s_native_v6_2_5 / 100% / body supported
$SPOTDRIVE started seq=95011 watchdog=800ms
$SPOTDRIVE stopped reason=requested
OK
#
PLAY: s_native_v6_2_5 / 100% / body supported
$SPOTDRIVE started seq=95053 watchdog=800ms
$SPOTDRIVE stopped reason=requested
OK
#
PLAY: s_native_v6_2_5 / 100% / body supported
$SPOTDRIVE started seq=95095 watchdog=800ms
$SPOTDRIVE stopped reason=requested
OK
#
PLAY: s_native_v6_2_5 / 100% / body supported
$SPOTDRIVE started seq=95137 watchdog=800ms
$SPOTDRIVE stopped reason=requested
OK
#
PLAY: s_native_v6_2_5 / 100% / body supported
$SPOTDRIVE started seq=95179 watchdog=800ms
$SPOTDRIVE stopped reason=requested
OK
#
PLAY: s_native_v6_2_5 / 100% / body supported
$SPOTDRIVE started seq=95221 watchdog=800ms
$SPOTDRIVE stopped reason=requested
OK
#
PLAY: s_native_v6_2_5 / 100% / body supported
$SPOTDRIVE started seq=95263 watchdog=800ms
$SPOTDRIVE stopped reason=requested
OK
#
PLAY: s_native_v6_2_5 / 100% / body supported
$SPOTDRIVE started seq=95305 watchdog=800ms
$SPOTDRIVE stopped reason=requested
OK
#
PLAY: s_native_v6_2_5 / 100% / body supported
$SPOTDRIVE started seq=95347 watchdog=800ms
$SPOTDRIVE stopped reason=requested
OK
#
PLAY: s_native_v6_2_5 / 100% / body supported
$SPOTDRIVE started seq=95389 watchdog=800ms
$SPOTDRIVE stopped reason=requested
OK
#
PLAY: s_native_v6_2_5 / 100% / body supported
$SPOTDRIVE started seq=95431 watchdog=800ms
$SPOTDRIVE stopped reason=requested
OK
#
PLAY: s_native_v6_2_5 / 100% / body supported
$SPOTDRIVE started seq=95473 watchdog=800ms
$SPOTDRIVE stopped reason=requested
OK
#
PLAY: s_native_v6_2_5 / 100% / body supported
$SPOTDRIVE started seq=95515 watchdog=800ms
$SPOTDRIVE stopped reason=requested
OK
#
PLAY: s_native_v6_2_5 / 100% / body supported
$SPOTDRIVE started seq=95557 watchdog=800ms
$SPOTDRIVE stopped reason=requested
OK
#
PLAY: s_native_v6_2_5 / 100% / body supported
$SPOTDRIVE started seq=95599 watchdog=800ms
$SPOTDRIVE stopped reason=requested
OK
#
PLAY: s_native_v6_2_5 / 100% / body supported
$SPOTDRIVE started seq=95641 watchdog=800ms
$SPOTDRIVE stopped reason=requested
OK
#
PLAY: s_native_v6_2_5 / 100% / body supported
$SPOTDRIVE started seq=95683 watchdog=800ms
$SPOTDRIVE stopped reason=requested
OK
#
PLAY: s_native_v6_2_5 / 100% / body supported
$SPOTDRIVE started seq=95725 watchdog=800ms
$SPOTDRIVE stopped reason=requested
OK
#
PLAY: s_native_v6_2_5 / 100% / body supported
$SPOTDRIVE started seq=95767 watchdog=800ms
$SPOTDRIVE stopped reason=requested
OK
#
PLAY: s_native_v6_2_5 / 100% / body supported
$SPOTDRIVE started seq=95809 watchdog=800ms
$SPOTDRIVE stopped reason=requested
OK
#
PLAY: s_native_v6_2_5 / 100% / body supported
$SPOTDRIVE started seq=95851 watchdog=800ms
$SPOTDRIVE stopped reason=requested
OK
#
PLAY: s_native_v6_2_5 / 100% / body supported
$SPOTDRIVE started seq=95893 watchdog=800ms
$SPOTDRIVE stopped reason=requested
OK
#
PLAY: s_native_v6_2_5 / 100% / body supported
$SPOTDRIVE started seq=95935 watchdog=800ms
$SPOTDRIVE stopped reason=requested
OK
#
PLAY: s_native_v6_2_5 / 100% / body supported
$SPOTDRIVE started seq=95977 watchdog=800ms
$SPOTDRIVE stopped reason=requested
OK
#
PLAY: s_native_v6_2_5 / 100% / body supported
$SPOTDRIVE started seq=96019 watchdog=800ms
$SPOTDRIVE stopped reason=requested
OK
#
PLAY: s_native_v6_2_5 / 100% / body supported
$SPOTDRIVE started seq=96061 watchdog=800ms
$SPOTDRIVE stopped reason=requested
OK
#
PLAY: s_native_v6_2_5 / 100% / body supported
$SPOTDRIVE started seq=96103 watchdog=800ms
$SPOTDRIVE stopped reason=requested
OK
#
PLAY: s_native_v6_2_5 / 100% / body supported
$SPOTDRIVE started seq=96145 watchdog=800ms
$SPOTDRIVE stopped reason=requested
OK
#
PLAY: s_native_v6_2_5 / 100% / body supported
$SPOTDRIVE started seq=96187 watchdog=800ms
$SPOTDRIVE stopped reason=requested
OK
#
PLAY: s_native_v6_2_5 / 100% / body supported
$SPOTDRIVE started seq=96229 watchdog=800ms
$SPOTDRIVE stopped reason=requested
OK
#
PLAY: s_native_v6_2_5 / 100% / body supported
$SPOTDRIVE started seq=96271 watchdog=800ms
$SPOTDRIVE stopped reason=requested
OK
#
PLAY: s_native_v6_2_5 / 100% / body supported
$SPOTDRIVE started seq=96313 watchdog=800ms
$SPOTDRIVE stopped reason=requested
OK
#
PLAY: s_native_v6_2_5 / 100% / body supported
$SPOTDRIVE started seq=96355 watchdog=800ms
$SPOTDRIVE stopped reason=requested
OK
#
PLAY: s_native_v6_2_5 / 100% / body supported
$SPOTDRIVE started seq=96397 watchdog=800ms
$SPOTDRIVE stopped reason=requested
OK
#
PLAY: s_native_v6_2_5 / 100% / body supported
$SPOTDRIVE started seq=96439 watchdog=800ms
$SPOTDRIVE stopped reason=requested
OK
#
PLAY: s_native_v6_2_5 / 100% / body supported
$SPOTDRIVE started seq=96481 watchdog=800ms
$SPOTDRIVE stopped reason=requested
OK
#
PLAY: s_native_v6_2_5 / 100% / body supported
$SPOTDRIVE started seq=96523 watchdog=800ms
$SPOTDRIVE stopped reason=requested
OK
#
PLAY: s_native_v6_2_5 / 100% / body supported
$SPOTDRIVE started seq=96565 watchdog=800ms
$SPOTDRIVE stopped reason=requested
OK
#
PLAY: s_native_v6_2_5 / 100% / body supported
$SPOTDRIVE started seq=96607 watchdog=800ms
$SPOTDRIVE stopped reason=requested
OK
#
PLAY: s_native_v6_2_5 / 100% / body supported
$SPOTDRIVE started seq=96649 watchdog=800ms
$SPOTDRIVE stopped reason=requested
OK
#
PLAY: s_native_v6_2_5 / 100% / body supported
$SPOTDRIVE started seq=96691 watchdog=800ms
$SPOTDRIVE stopped reason=requested
OK
#
PLAY: s_native_v6_2_5 / 100% / body supported
$SPOTDRIVE started seq=96733 watchdog=800ms
$SPOTDRIVE stopped reason=requested
OK
#
PLAY: s_native_v6_2_5 / 100% / body supported
$SPOTDRIVE started seq=96775 watchdog=800ms
$SPOTDRIVE stopped reason=requested
OK
#
PLAY: s_native_v6_2_5 / 100% / body supported
$SPOTDRIVE started seq=96817 watchdog=800ms
$SPOTDRIVE stopped reason=requested
OK
#
PLAY: s_native_v6_2_5 / 100% / body supported
$SPOTDRIVE started seq=96859 watchdog=800ms
$SPOTDRIVE stopped reason=requested
OK
#
PLAY: s_native_v6_2_5 / 100% / body supported
$SPOTDRIVE started seq=96901 watchdog=800ms
$SPOTDRIVE stopped reason=requested
OK
#
PLAY: s_native_v6_2_5 / 100% / body supported
$SPOTDRIVE started seq=96943 watchdog=800ms
$SPOTDRIVE stopped reason=requested
OK
#
PLAY: s_native_v6_2_5 / 100% / body supported
$SPOTDRIVE started seq=96985 watchdog=800ms
$SPOTDRIVE stopped reason=requested
OK
#
PLAY: s_native_v6_2_5 / 100% / body supported
$SPOTDRIVE started seq=97027 watchdog=800ms
$SPOTDRIVE stopped reason=requested
OK
#
PLAY: s_native_v6_2_5 / 100% / body supported
$SPOTDRIVE started seq=97069 watchdog=800ms
$SPOTDRIVE stopped reason=requested
OK
#
PLAY: s_native_v6_2_5 / 100% / body supported
$SPOTDRIVE started seq=97111 watchdog=800ms
$SPOTDRIVE stopped reason=requested
OK
#
PLAY: s_native_v6_2_5 / 100% / body supported
$SPOTDRIVE started seq=97153 watchdog=800ms
$SPOTDRIVE stopped reason=requested
OK
#
PLAY: s_native_v6_2_5 / 100% / body supported
$SPOTDRIVE started seq=97195 watchdog=800ms
$SPOTDRIVE stopped reason=requested
OK
#
PLAY: s_native_v6_2_5 / 100% / body supported
$SPOTDRIVE started seq=97237 watchdog=800ms
$SPOTDRIVE stopped reason=requested
OK
#
PLAY: s_native_v6_2_5 / 100% / body supported
$SPOTDRIVE started seq=97279 watchdog=800ms
$SPOTDRIVE stopped reason=requested
OK
#
PLAY: s_native_v6_2_5 / 100% / body supported
$SPOTDRIVE started seq=97321 watchdog=800ms
$SPOTDRIVE stopped reason=requested
OK
#
PLAY: s_native_v6_2_5 / 100% / body supported
$SPOTDRIVE started seq=97363 watchdog=800ms
$SPOTDRIVE stopped reason=requested
OK
#
PLAY: s_native_v6_2_5 / 100% / body supported
$SPOTDRIVE started seq=97405 watchdog=800ms
$SPOTDRIVE stopped reason=requested
OK
#
PLAY: s_native_v6_2_5 / 100% / body supported
$SPOTDRIVE started seq=97447 watchdog=800ms
$SPOTDRIVE stopped reason=requested
OK
#
PLAY: s_native_v6_2_5 / 100% / body supported
$SPOTDRIVE started seq=97489 watchdog=800ms
$SPOTDRIVE stopped reason=requested
OK
#
PLAY: s_native_v6_2_5 / 100% / body supported
$SPOTDRIVE started seq=97531 watchdog=800ms
$SPOTDRIVE stopped reason=requested
OK
#
PLAY: s_native_v6_2_5 / 100% / body supported
$SPOTDRIVE started seq=97573 watchdog=800ms
$SPOTDRIVE stopped reason=requested
OK
#
PLAY: s_native_v6_2_5 / 100% / body supported
$SPOTDRIVE started seq=97615 watchdog=800ms
$SPOTDRIVE stopped reason=requested
OK
#
PLAY: s_native_v6_2_5 / 100% / body supported
$SPOTDRIVE started seq=97657 watchdog=800ms
$SPOTDRIVE stopped reason=requested
OK
#
PLAY: s_native_v6_2_5 / 100% / body supported
$SPOTDRIVE started seq=97699 watchdog=800ms
$SPOTDRIVE stopped reason=requested
OK
#
PLAY: s_native_v6_2_5 / 100% / body supported
$SPOTDRIVE started seq=97741 watchdog=800ms
$SPOTDRIVE stopped reason=requested
OK
#
PLAY: s_native_v6_2_5 / 100% / body supported
$SPOTDRIVE started seq=97783 watchdog=800ms
$SPOTDRIVE stopped reason=requested
OK
#
PLAY: s_native_v6_2_5 / 100% / body supported
$SPOTDRIVE started seq=97825 watchdog=800ms
$SPOTDRIVE stopped reason=requested
OK
#
PLAY: s_native_v6_2_5 / 100% / body supported
$SPOTDRIVE started seq=97867 watchdog=800ms
$SPOTDRIVE stopped reason=requested
OK
#
PLAY: s_native_v6_2_5 / 100% / body supported
$SPOTDRIVE started seq=97909 watchdog=800ms
$SPOTDRIVE stopped reason=requested
OK
#
PLAY: s_native_v6_2_5 / 100% / body supported
$SPOTDRIVE started seq=97951 watchdog=800ms
$SPOTDRIVE stopped reason=requested
OK
#
PLAY: s_native_v6_2_5 / 100% / body supported
$SPOTDRIVE started seq=97993 watchdog=800ms
$SPOTDRIVE stopped reason=requested
OK
#
PLAY: s_native_v6_2_5 / 100% / body supported
$SPOTDRIVE started seq=98035 watchdog=800ms
$SPOTDRIVE stopped reason=requested
OK
#
PLAY: s_native_v6_2_5 / 100% / body supported
$SPOTDRIVE started seq=98077 watchdog=800ms
$SPOTDRIVE stopped reason=requested
OK
#
PLAY: s_native_v6_2_5 / 100% / body supported
$SPOTDRIVE started seq=98119 watchdog=800ms
$SPOTDRIVE stopped reason=requested
OK
#
PLAY: s_native_v6_2_5 / 100% / body supported
$SPOTDRIVE started seq=98161 watchdog=800ms
$SPOTDRIVE stopped reason=requested
OK
#
PLAY: s_native_v6_2_5 / 100% / body supported
$SPOTDRIVE started seq=98203 watchdog=800ms
$SPOTDRIVE stopped reason=requested
OK
#
PLAY: s_native_v6_2_5 / 100% / body supported
$SPOTDRIVE started seq=98245 watchdog=800ms
$SPOTDRIVE stopped reason=requested
OK
#
PLAY: s_native_v6_2_5 / 100% / body supported
$SPOTDRIVE started seq=98287 watchdog=800ms
$SPOTDRIVE stopped reason=requested
OK
#
PLAY: s_native_v6_2_5 / 100% / body supported
$SPOTDRIVE started seq=98329 watchdog=800ms
$SPOTDRIVE stopped reason=requested
OK
#
PLAY: s_native_v6_2_5 / 100% / body supported
$SPOTDRIVE started seq=98371 watchdog=800ms
$SPOTDRIVE stopped reason=requested
OK
#
PLAY: s_native_v6_2_5 / 100% / body supported
$SPOTDRIVE started seq=98413 watchdog=800ms
$SPOTDRIVE stopped reason=requested
OK
#
PLAY: s_native_v6_2_5 / 100% / body supported
$SPOTDRIVE started seq=98455 watchdog=800ms
$SPOTDRIVE stopped reason=requested
OK
#
PLAY: s_native_v6_2_5 / 100% / body supported
$SPOTDRIVE started seq=98497 watchdog=800ms
$SPOTDRIVE stopped reason=requested
OK
#
PLAY: s_native_v6_2_5 / 100% / body supported
$SPOTDRIVE started seq=98539 watchdog=800ms
$SPOTDRIVE stopped reason=requested
OK
#
PLAY: s_native_v6_2_5 / 100% / body supported
$SPOTDRIVE started seq=98581 watchdog=800ms
$SPOTDRIVE stopped reason=requested
OK
#
PLAY: s_native_v6_2_5 / 100% / body supported
$SPOTDRIVE started seq=98623 watchdog=800ms
$SPOTDRIVE stopped reason=requested
OK
#
PLAY: s_native_v6_2_5 / 100% / body supported
$SPOTDRIVE started seq=98665 watchdog=800ms
$SPOTDRIVE stopped reason=requested
OK
#
PLAY: s_native_v6_2_5 / 100% / body supported
$SPOTDRIVE started seq=98707 watchdog=800ms
$SPOTDRIVE stopped reason=requested
OK
#
PLAY: s_native_v6_2_5 / 100% / body supported
$SPOTDRIVE started seq=98749 watchdog=800ms
$SPOTDRIVE stopped reason=requested
OK
#
PLAY: s_native_v6_2_5 / 100% / body supported
$SPOTDRIVE started seq=98791 watchdog=800ms
$SPOTDRIVE stopped reason=requested
OK
#
PLAY: s_native_v6_2_5 / 100% / body supported
$SPOTDRIVE started seq=98833 watchdog=800ms
