time_s,phase,roll_deg,pitch_deg,voltage_v,phase_rate,safety,FL_j1_target_deg,FL_j1_actual_deg,FL_j2_target_deg,FL_j2_actual_deg,FL_j3_target_deg,FL_j3_actual_deg,FL_normal_force_n,FL_clearance_mm,FL_body_relative_x_from_s_mm,FR_j1_target_deg,FR_j1_actual_deg,FR_j2_target_deg,FR_j2_actual_deg,FR_j3_target_deg,FR_j3_actual_deg,FR_normal_force_n,FR_clearance_mm,FR_body_relative_x_from_s_mm,RL_j1_target_deg,RL_j1_actual_deg,RL_j2_target_deg,RL_j2_actual_deg,RL_j3_target_deg,RL_j3_actual_deg,RL_normal_force_n,RL_clearance_mm,RL_body_relative_x_from_s_mm,RR_j1_target_deg,RR_j1_actual_deg,RR_j2_target_deg,RR_j2_actual_deg,RR_j3_target_deg,RR_j3_actual_deg,RR_normal_force_n,RR_clearance_mm,RR_body_relative_x_from_s_mm
0.0,0.0,0.00011106374153240512,0.005824402132986927,10.78832814163603,1.0,ok,0.0076443657481821345,0.010102095572246502,46.011386135692085,46.063029130796544,90.01601794671119,90.14016923419867,9.232814728723321,-0.6782857459344017,0.06732445541765553,0.007644366053771817,0.010355986973416772,46.0113861168377,46.06308411575389,90.0160179082293,90.14026601131383,9.238962361140619,-0.6783093206858791,0.06731006952512275,0.007644388203962767,0.00925720980461946,46.01138576650513,46.049891131519026,90.01601670486666,90.1158747362964,7.602854581142325,-0.6714986593945698,0.06658685833521583,0.007644388511422964,0.00949446290733422,46.0113857480446,46.04994969960864,90.01601666681127,90.1159781966521,7.609451718396585,-0.6715260336990041,0.06657323227601819
0.02,0.0,0.0010783095371548611,0.06840924069304091,10.760432663750185,1.0,ok,0.0076443657481821345,0.042729870432988724,46.011386135692085,46.146932661251086,90.01601794671119,90.76958469391657,9.914580057102192,-2.0162292203864047,1.1323687391393278,0.007644366053771817,0.04440101812981443,46.0113861168377,46.14735717409694,90.0160179082293,90.77034329240124,9.926839076183738,-2.0169477449827924,1.1322866512528673,0.007644388203962767,0.030259973141261085,46.01138576650513,46.0656858768507,90.01601670486666,90.60572655753612,8.290115158102102,-1.8211857361044927,1.098495397520216,0.007644388511422964,0.03172272935178802,46.0113857480446,46.06613469731507,90.01601666681127,90.60653781561356,8.302938871205422,-1.8220140085594763,1.098436829606697
0.04,0.0,0.0017437788504788812,0.06479403187794232,10.74128303824884,1.0,ok,0.0076443657481821345,0.0746793704395346,46.011386135692085,45.97190379052787,90.01601794671119,90.98388607027282,7.529459999768844,-2.333208236011932,2.321359192430733,0.007644366053771817,0.07649078500545108,46.0113861168377,45.97255562955211,90.0160179082293,90.9852066871479,7.546302004760214,-2.3350166607785625,2.321589262391205,0.007644388203962767,0.05662552943640386,46.01138576650513,45.93097799811739,90.01601670486666,90.88106325009792,7.871549671858785,-2.0731867945775475,2.260239532706654,0.007644388511422964,0.058299917484311126,46.0113857480446,45.93163268433511,90.01601666681127,90.88240290470422,7.886652196081065,-2.0750981469528225,2.26050425485419
0.06,0.0,0.002224010608442546,0.015579818785978467,10.727350658687788,1.0,ok,0.0076443657481821345,0.09608218866342476,46.011386135692085,45.78464197596281,90.01601794671119,91.02118849344056,6.323681745970106,-2.1887437708972417,3.1656571469719785,0.007644366053771817,0.09747418859281981,46.0113861168377,45.78539355618605,90.0160179082293,91.02300892520752,6.343309235591521,-2.1916856901574993,3.166589998896158,0.007644388203962767,0.08240346158880084,46.01138576650513,45.80279134234264,90.01601670486666,91.02924580128823,7.730600279799851,-2.0850236948285055,3.1099794077358576,0.007644388511422964,0.08403671747231227,46.0113857480446,45.80350265352403,90.01601666681127,91.03100567300719,7.747416711701784,-2.087839199636305,3.1109366166846284
0.08,0.0,0.002594952149677595,-0.03864825122002469,10.722601918257906,1.0,ok,0.0076443657481821345,0.11114490442225222,46.011386135692085,45.661848958154415,90.01601794671119,91.00907439689715,5.905969140214759,-1.9397500964715049,3.638222314132522,0.007644366053771817,0.1120531678442786,46.0113861168377,45.66262626068999,90.0160179082293,91.01132491663093,5.9270701017944605,-1.9436476238111553,3.640006943535279,0.007644388203962767,0.10705999541052776,46.01138576650513,45.723104369818664,90.01601670486666,91.10885927647779,7.661840156023282,-2.051813039919241,3.6094943223737297,0.007644388511422964,0.10867121442740141,46.0113857480446,45.72378110480792,90.01601666681127,91.11092929041385,7.680007776572651,-2.0553379026443768,3.6112709539041776
0.1,0.0,0.0028697562113388525,-0.07668443169218137,10.723957281426852,1.0,ok,0.0076443657481821345,0.12369738340733558,46.011386135692085,45.60959388079811,90.01601794671119,90.9907768107653,5.937370400096205,-1.7449447889081835,3.8101691065610677,0.007644366053771817,0.12428714481151316,46.0113861168377,45.61035804030651,90.0160179082293,90.99333709187489,5.958699497138229,-1.7495279466800024,3.8126967935710745,0.007644388203962767,0.13029952497487812,46.01138576650513,45.69109001495034,90.01601670486666,91.14449288688387,7.547599809592883,-2.020448207509674,3.8177202489891036,0.007644388511422964,0.13191500287059832,46.0113857480446,45.69172097354289,90.01601666681127,91.14679123745253,7.566243389749803,-2.0244824300293187,3.820183175811176
0.12,0.0,0.0030423815812722532,-0.0915045167384722,10.727609051316588,1.0,ok,0.0076443657481821345,0.13594820572986263,46.011386135692085,45.601768792124254,90.01601794671119,90.9734845204639,6.1174725592412456,-1.6422115564434687,3.8035197738133517,0.007644366053771817,0.13642156743961098,46.0113861168377,45.60250752273839,90.0160179082293,90.97621945129652,6.1384185265151565,-1.6471802915544558,3.8065399987463886,0.007644388203962767,0.15147122070524602,46.01138576650513,45.6830570784447,90.01601670486666,91.1411115437779,7.338238424912545,-1.9875730842138506,3.8423759458457996,0.007644388511422964,0.15306350839213423,46.0113857480446,45.68366366301797,90.01601666681127,91.14356596764517,7.356901846260042,-1.9919326955830479,3.8452824544329687
0.14,0.0,0.003111556188443485,-0.0880761225912042,10.732096083419824,1.0,ok,0.0076443657481821345,0.1484734343626007,46.011386135692085,45.618815651231024,90.01601794671119,90.96127874595383,6.2818403757863,-1.609894340415568,3.706837586031908,0.007644366053771817,0.1489749522901605,46.0113861168377,45.61950414413115,90.0160179082293,90.96405398373767,6.301654674378801,-1.614997823703234,3.710152736016048,0.007644388203962767,0.17028515459978727,46.01138576650513,45.686884739311544,90.01601670486666,91.11459981714155,7.17181053177753,-1.9477427441940802,3.767833038978985,0.007644388511422964,0.17182403522984271,46.0113857480446,45.68746917736187,90.01601666681127,91.1171235928601,7.190088897740243,-1.9522674457094942,3.7709857398383617
0.16,0.0,0.0030985795547234453,-0.07564492988883695,10.737191422424683,1.0,ok,0.0076443657481821345,0.16118072020593477,46.011386135692085,45.65212959216014,90.01601794671119,90.95387923592509,6.424343137880214,-1.6156483203310923,3.554524811247184,0.007644366053771817,0.1617908225880088,46.0113861168377,45.65275075534154,90.0160179082293,90.95660797897456,6.4428969575530175,-1.6206868952093576,3.5580116675383575,0.007644388203962767,0.1869961212366528,46.01138576650513,45.701639117616125,90.01601670486666,91.08065757846765,7.039735104013168,-1.906536520246388,3.63246539623277,0.007644388511422964,0.18848345192767305,46.0113857480446,45.702184438420204,90.01601666681127,91.08317205363876,7.057145847793541,-1.9110891154216214,3.63576103507432
0.18,0.0,0.0030307096267286745,-0.06079663124124564,10.741527162292702,1.0,ok,0.0076443657481821345,0.17387789148972257,46.011386135692085,45.6903214384587,90.01601794671119,90.94757233240931,6.530664709901136,-1.6376605244949258,3.384750005496123,0.007644366053771817,0.17463044446066264,46.0113861168377,45.6908669328928,90.0160179082293,90.95020541383943,6.547977151613737,-1.642504181671351,3.388333136735117,0.007644388203962767,0.20183552126923468,46.01138576650513,45.72238094441275,90.01601670486666,91.04686972305032,6.933011974383903,-1.8684063494807805,3.473061462087035,0.007644388511422964,0.20328201671736829,46.0113857480446,45.72287704071253,90.01601666681127,91.0493287674017,6.949537284700044,-1.8728743458495887,3.4764394322932546
0.2,0.0,0.0029338846393168303,-0.04677116846197866,10.744253299384265,1.0,ok,0.0076443657481821345,0.18631100924772004,46.011386135692085,45.72421094134306,90.01601794671119,90.94193965004237,6.5971882973200815,-1.6629935976359076,3.233975911910436,0.007644366053771817,0.18720621712233143,46.0113861168377,45.7246795456324,90.0160179082293,90.94445766934456,6.613443681554745,-1.6675791266970232,3.237616774070223,0.007644388203962767,0.21501865756977984,46.01138576650513,45.741874460478215,90.01601670486666,91.01696586506986,6.860525505879108,-1.8355692464326265,3.3272937443442063,0.007644388511422964,0.2164352835319544,46.0113857480446,45.74231650849001,90.01601666681127,91.01934748741236,6.8762430399305305,-1.8398833121308287,3.3307243749227666
0.22,0.0,0.002832053517054797,-0.03558595461947869,10.745204289644201,1.0,ok,0.0076443657481821345,0.19822898808042122,46.011386135692085,45.748875033672434,90.01601794671119,90.93735400229106,6.625932867592374,-1.6847406414635495,3.123086396402547,0.007644366053771817,0.19925023157186336,46.0113861168377,45.7492725775173,90.0160179082293,90.9397612209383,6.641407939621749,-1.6890597644693035,3.1267701635315506,0.007644388203962767,0.22682586767443486,46.01138576650513,45.75634920912378,90.01601670486666,90.99420471251318,6.827056017974059,-1.8098383799586386,3.217732574581161,0.007644388511422964,0.2282225727335119,46.0113857480446,45.7567416572319,90.01601666681127,90.99651087658437,6.842056263251841,-1.8139686946485427,3.2212009754432893
0.24,0.0,0.002743265902136837,-0.02861942085084713,10.74483665673318,1.0,ok,0.0076443657481821345,0.20941983483406243,46.011386135692085,45.76394047707765,90.01601794671119,90.93403663971195,6.616753858188566,-1.6995522157464762,3.0541038736574544,0.007644366053771817,0.21054242878479745,46.0113861168377,45.76428369263004,90.0160179082293,90.93635802971416,6.631631714007927,-1.7036294300943924,3.0578174553181627,0.007644388203962767,0.23759343042402623,46.01138576650513,45.766534323790445,90.01601670486666,90.98124407268573,6.838438784620609,-1.7928039717078765,3.147316842218195,0.007644388511422964,0.23897418038630108,46.0113857480446,45.76689062067461,90.01601666681127,90.98349318690234,6.853118242998027,-1.7967574505719126,3.150807980483006
0.26,0.0,0.0026763627131504908,-0.02563332570553245,10.743723391805114,1.0,ok,0.0076443657481821345,0.2197527908577431,46.011386135692085,45.77265303729044,90.01601794671119,90.93317982840549,6.599254204346914,-1.7065282659458856,3.016459935378357,0.007644366053771817,0.2209410384530469,46.0113861168377,45.77295808057275,90.0160179082293,90.93544726929413,6.613992753505222,-1.7104152543542215,3.0202084267995364,0.007644388203962767,0.24763135411828938,46.01138576650513,45.773602116969705,90.01601670486666,90.97689417905598,6.869288638760905,-1.7852465861476485,3.108657965637085,0.007644388511422964,0.24900225959673325,46.0113857480446,45.77392513541052,90.01601666681127,90.97910133757553,6.883784671919652,-1.7890629561023788,3.11219267383972
0.28,0.0,0.0026330167056420185,-0.02551231241551358,10.742236739945577,1.0,ok,0.0076443657481821345,0.22926163637567615,46.011386135692085,45.77695914286897,90.01601794671119,90.93385286237516,6.580038698179868,-1.7078677527286035,3.0001690464647455,0.007644366053771817,0.23047518780919388,46.0113861168377,45.777232004834204,90.0160179082293,90.93609247315199,6.594833648583927,-1.7116363466667255,3.0039865398540924,0.007644388203962767,0.25712418391438663,46.01138576650513,45.778005090706564,90.01601670486666,90.97807743186915,6.900881542373555,-1.7850358203547676,3.093107133423617,0.007644388511422964,0.2584905685461603,46.0113857480446,45.778296081681304,90.01601666681127,90.98026018284432,6.915345694744872,-1.788757176657517,3.0967185297421373
0.3,0.0,0.0026146361802889236,-0.02704076698297533,10.74061502831352,1.0,ok,0.0076443657481821345,0.23809460171979052,46.011386135692085,45.77815129678329,90.01601794671119,90.93504474083163,6.562797714214308,-1.70602045679406,2.9977253764066623,0.007644366053771817,0.23931049342202385,46.0113861168377,45.778398343773006,90.0160179082293,90.93728000788504,6.577777676436727,-1.7097357799063067,3.001638317693067,0.007644388203962767,0.26618745234000635,46.01138576650513,45.78020407507578,90.01601670486666,90.9821260638344,6.927122800671981,-1.7889315796848284,3.0928820891177597,0.007644388511422964,0.26755328974452613,46.0113857480446,45.78046767635747,90.01601666681127,90.98430406327167,6.941743333655298,-1.792603074832779,3.096594391646862
0.32,0.0,0.002618167338042061,-0.029241473763353405,10.739033923003804,1.0,ok,0.0076443657481821345,0.24633941674410934,46.011386135692085,45.7774170601387,90.01601794671119,90.93620654602906,6.549422011521305,-1.7028128243012919,3.003074821403912,0.007644366053771817,0.24755062831610064,46.0113861168377,45.77764468482492,90.0160179082293,90.93845489462267,6.564637084476634,-1.7065244455491888,3.0070958253949343,0.007644388203962767,0.274847790542079,46.01138576650513,45.780770879991685,90.01601670486666,90.98711359930103,6.945992353737119,-1.794308996269433,3.101389576027347,0.007644388511422964,0.27621496900917497,46.0113857480446,45.781013121606016,90.01601666681127,90.98930327433133,6.960821928849836,-1.797973150492755,3.1052143839078172
0.34,0.0,0.0026361756447258536,-0.031466953917197706,10.737590326783618,1.0,ok,0.0076443657481821345,0.2540583297772934,46.011386135692085,45.775732038308355,90.01601794671119,90.93708806221503,6.54030735625907,-1.6994253512373387,3.0116887164199357,0.007644366053771817,0.2552611713314854,46.0113861168377,45.77594497700685,90.0160179082293,90.9393609395196,6.555757925730097,-1.703165191764274,3.01582389358801,0.007644388203962767,0.2831064718525673,46.01138576650513,45.78028170954706,90.01601670486666,90.99182892318001,6.957721300683251,-1.7995074644949067,3.113602763484935,0.007644388511422964,0.28447437743313764,46.0113857480446,45.78050722276773,90.01601666681127,90.99404124958242,6.97276464214839,-1.8031940138801168,3.117545469893762
0.36,0.0,0.002661550526487951,-0.03336209682360141,10.73632216880557,1.0,ok,0.0076443657481821345,0.2613066798569542,46.011386135692085,45.77379592215174,90.01601794671119,90.93762376263024,6.534988437459746,-1.696508161126986,3.0205713217794363,0.007644366053771817,0.2624992866716083,46.0113861168377,45.77399697568745,90.0160179082293,90.93992693847106,6.550641085901232,-1.700292509211155,3.0248220924980194,0.007644388203962767,0.29096081403227547,46.01138576650513,45.77922793887297,90.01601670486666,90.99565313839427,6.963658128853799,-1.803693540294339,3.126151743449962,0.007644388511422964,0.29232780598359503,46.0113857480446,45.7794396261803,90.01601666681127,90.99789385011772,6.978888539690627,-1.8074186433881119,3.1302132701016836
0.38,0.0,0.0026885724009932674,-0.03478902636390065,10.735228811713284,1.0,ok,0.0076443657481821345,0.26813196421295693,46.011386135692085,45.77203942699873,90.01601794671119,90.93784976589104,6.532595764153555,-1.694328337828562,3.028047557713381,0.007644366053771817,0.2693140293571513,46.0113861168377,45.77222973958445,90.0160179082293,90.94018420330072,6.548399215317641,-1.6981612029974766,3.032411430327037,0.007644388203962767,0.2984111457616361,46.01138576650513,45.77797515504602,90.01601670486666,90.9983936840562,6.965499058002679,-1.806611905355162,3.1371225496386046,0.007644388511422964,0.29977539021696287,46.0113857480446,45.7781744223058,90.01601666681127,91.0006640723058,6.980873069961679,-1.8103805299366018,3.1413001204525504
0.4,0.0,0.0027132407629393523,-0.035749560758502365,10.73428849967894,1.0,ok,0.0076443657481821345,0.2745730453607417,46.011386135692085,45.77067320552985,90.01601794671119,90.93784550301243,6.5321790658046055,-1.6929066399708308,3.033434582315697,0.007644366053771817,0.275745550216968,46.0113861168377,45.77085275416058,90.0160179082293,90.94020863880075,6.548077276496422,-1.696783514438454,3.0379059874018344,0.007644388203962767,0.3054631009364694,46.01138576650513,45.776760184025186,90.01601670486666,91.00012193022161,6.9648353427983585,-1.808350565712647,3.1457093583351634,0.007644388511422964,0.3068229994559205,46.0113857480446,45.77694736718322,90.01601666681127,91.00242001143364,6.98030460797201,-1.8121597577274509,3.149997314752601
0.42,0.0,0.0027332383090916705,-0.03632033920577689,10.733471271162925,1.0,ok,0.0076443657481821345,0.2806608290639794,46.011386135692085,45.769751810996596,90.01601794671119,90.93769711965862,6.532899630744589,-1.692128889137317,3.03670024288491,0.007644366053771817,0.2818256694928135,46.0113861168377,45.76991991657783,90.0160179082293,90.94008425089189,6.548841106154151,-1.6960403255073149,3.0412715211164674,0.007644388203962767,0.31212763693915135,46.01138576650513,45.775710494565644,90.01601670486666,91.00104069587576,6.962935129196779,-1.8091602091336763,3.151842111640768,0.007644388511422964,0.3134820250316057,46.0113857480446,45.77588530859424,90.01601666681127,91.00336247642441,6.978454864330675,-1.8130023192343727,3.1562328638804207
0.44,0.0,0.002666952787091331,-0.03660302725642461,10.732756420317715,1.0,ok,0.0076443657481821345,0.28646420720723,46.011386135692085,45.76926249875293,90.01601794671119,90.93751365788695,6.540116794487053,-1.6918758832895688,3.038136120558921,0.007644366053771817,0.28753470205822873,46.0113861168377,45.76935560364191,90.0160179082293,90.93985537490396,6.54358557331131,-1.6957096272971934,3.0429146609816105,0.007644388203962767,0.3183014330082107,46.01138576650513,45.77492260910596,90.01601670486666,91.00148673225307,6.9713169563011155,-1.809458789747656,3.1558759015199445,0.007644388511422964,0.3197910570941474,46.0113857480446,45.77498607210859,90.01601666681127,91.00367303565103,6.966309853237316,-1.8131144722128185,3.1604165186832347
0.46,0.0,0.0020281767354613776,-0.036669058043271335,10.73213989830882,1.0,ok,0.0076443657481821345,0.2920761277224929,46.011386135692085,45.76917891197034,90.01601794671119,90.93753452951572,6.53926373087897,-1.6923739523112478,3.0383772814285557,0.007644366053771817,0.2928152789591179,46.0113861168377,45.76892455115904,90.0160179082293,90.93943442168487,6.545667629242262,-1.6951576056473405,3.0436009387312666,0.007644388203962767,0.3233552541946062,46.01138576650513,45.77449054977882,90.01601670486666,91.00204145110413,6.9655998838168935,-1.8101358592526837,3.158730880797517,0.007644388511422964,0.3255078019949076,46.0113857480446,45.77411006188994,90.01601666681127,91.00349518185837,6.969685580986278,-1.812246199760479,3.163440298413589
0.48,0.0,0.0017438909243624858,-0.036608962745728856,10.731571395465396,1.0,ok,0.0076443657481821345,0.29716341891031894,46.011386135692085,45.76914011498283,90.01601794671119,90.93746804054985,6.539150118174582,-1.692768563376537,3.03825618913256,0.007644366053771817,0.298031129069017,46.0113861168377,45.76881082280735,90.0160179082293,90.93911209490302,6.547128153765226,-1.6949264219561084,3.0432151287751728,0.007644388203962767,0.3280718414798485,46.01138576650513,45.77398639487234,90.01601670486666,91.00219002970589,6.9630271205593015,-1.8101915841835896,3.160989372047868,0.007644388511422964,0.33026035462314307,46.0113857480446,45.77357135832462,90.01601666681127,91.00344972860516,6.969533907917051,-1.8116701314743606,3.1654091305872987
0.5,0.0,0.0017096062226655475,-0.03650089623202824,10.731039470180697,1.0,ok,0.0076443657481821345,0.30195126054065696,46.011386135692085,45.769186242026144,90.01601794671119,90.93732264268112,6.53871364881012,-1.6929662488601034,3.0376222957874957,0.007644366053771817,0.3029893034002987,46.0113861168377,45.768889246292595,90.0160179082293,90.93888502149667,6.548801562197423,-1.6949903438907843,3.0422644612805305,0.007644388203962767,0.33254083443853033,46.01138576650513,45.77354644911126,90.01601670486666,91.00213455453961,6.960784022027005,-1.8098772542204968,3.162541432680549,0.007644388511422964,0.3346373848011495,46.0113857480446,45.773199047895446,90.01601666681127,91.00338215546368,6.969669161430099,-1.8113595633390753,3.166661505927315
0.52,0.0,0.001833981943592926,-0.03638143640331796,10.73053774460911,1.0,ok,0.0076443657481821345,0.3065019903705281,46.011386135692085,45.76929287262781,90.01601794671119,90.93712746001782,6.538073292041757,-1.6930116853225083,3.0366379193595137,0.007644366053771817,0.3076566648682576,46.0113861168377,45.7690770793663,90.0160179082293,90.93875228602207,6.550400888677262,-1.695236357188771,3.0410846973352723,0.007644388203962767,0.3367649135766244,46.01138576650513,45.77317862251843,90.01601670486666,91.00198127489423,6.958899032368406,-1.8094199007968048,3.1635898947557917,0.007644388511422964,0.3387531340392639,46.0113857480446,45.7729367629406,90.01601666681127,91.00334294952187,6.970132388823383,-1.811227620424686,3.167535594532256
0.54,0.0,0.002044109225985307,-0.036270609565205746,10.730061376910928,1.0,ok,0.0076443657481821345,0.31083280308866346,46.011386135692085,45.76943105113457,90.01601794671119,90.93691252435642,6.5373844515280695,-1.6929534938986377,3.035487025731781,0.007644366053771817,0.3120428452557874,46.0113861168377,45.76931428664073,90.0160179082293,90.93869235878331,6.551724503059105,-1.695565538041604,3.0398723818235442,0.007644388203962767,0.3407530611142852,46.01138576650513,45.772869948159105,90.01601670486666,91.00180294123705,6.957454456647516,-1.8089427286183193,3.164348273900358,0.007644388511422964,0.3426379641218347,46.0113857480446,45.77274276248698,90.01601666681127,91.00335486442621,6.9707385360689855,-1.8112216142307376,3.168250844887366
0.56,0.0,0.0022702198692848906,-0.03617858602135046,10.729612106264229,1.0,ok,0.0076443657481821345,0.31492731430374277,46.011386135692085,45.76958456429653,90.01601794671119,90.93672232036246,6.542569502829809,-1.6928555682196762,3.03433456947394,0.007644366053771817,0.3161727623000595,46.0113861168377,45.7695568907514,90.0160179082293,90.93866231113816,6.547273881985522,-1.6958945796843699,3.0387108893428216,0.007644388203962767,0.3445281148326908,46.01138576650513,45.772606039668354,90.01601670486666,91.00165352030123,6.958593514732099,-1.8085167633283237,3.164993941017491,0.007644388511422964,0.34629788408377843,46.0113857480446,45.772585315141285,90.01601666681127,91.00340756417044,6.969129402637714,-1.8112930960715243,3.16891338341313
0.58,0.0,0.001757895985242044,-0.036143461034901396,10.729224133351881,1.0,ok,0.0076443657481821345,0.31800604060476184,46.011386135692085,45.76983613288936,90.01601794671119,90.93719531800576,6.544379187258474,-1.6934711769331194,3.03427776177978,0.007644366053771817,0.320147420871292,46.0113861168377,45.7696892289149,90.0160179082293,90.93816875458451,6.54547625021798,-1.6955240682747854,3.0369760356910303,0.007644388203962767,0.34839225873046825,46.01138576650513,45.77237430681828,90.01601670486666,91.00189069358147,6.961558869988495,-1.8085302724909456,3.166361712025001,0.007644388511422964,0.3494573443269376,46.0113857480446,45.772427738847824,90.01601666681127,91.00318601090477,6.9666323060713475,-1.8110565012758317,3.1689826175069493
0.6,0.0,0.001449120019831118,-0.03620311959488215,10.728857019407421,1.0,ok,0.0076443657481821345,0.32077472284101105,46.011386135692085,45.76996764770757,90.01601794671119,90.93734560411431,6.541839748917761,-1.693932204069843,3.034003238243571,0.007644366053771817,0.32318302060741105,46.0113861168377,45.7698309493019,90.0160179082293,90.93808136062884,6.546552877397634,-1.6951378690726153,3.0361267140760484,0.007644388203962767,0.35177325877797255,46.01138576650513,45.772178702235465,90.01601670486666,91.00206576402375,6.961137377756201,-1.8087683907218841,3.16745754479883,0.007644388511422964,0.3527146942950903,46.0113857480446,45.77223715054158,90.01601666681127,91.00316738393624,6.968013753971971,-1.8107570652658167,3.169632659363292
0.62,0.0,0.0014557949069452592,-0.03631720532872066,10.728499875459484,1.0,ok,0.0076443657481821345,0.3234557023279109,46.011386135692085,45.7700257421127,90.01601794671119,90.93728957220968,6.539735152034449,-1.6939152541483176,3.0335730838978447,0.007644366053771817,0.32581614571748047,46.0113861168377,45.76992507937382,90.0160179082293,90.93812701506425,6.547583324720924,-1.695024223992831,3.035776235870702,0.007644388203962767,0.35486040862584534,46.01138576650513,45.771983499214336,90.01601670486666,91.00216643520842,6.960383585493904,-1.8088837120083905,3.1683947418331138,0.007644388511422964,0.355903273556205,46.0113857480446,45.77204158907304,90.01601666681127,91.00331988956009,6.9696599491596105,-1.81072104159561,3.170683360966875
0.64,0.0,0.0016485230240674408,-0.03644945658532041,10.728160904651553,1.0,ok,0.0076443657481821345,0.32602725606600713,46.011386135692085,45.770038720181105,90.01601794671119,90.93714188485987,6.537842530544223,-1.6936338795041708,3.033126516261697,0.007644366053771817,0.3282426068422632,46.0113861168377,45.76999817711713,90.0160179082293,90.9382264003429,6.548799107744637,-1.6950999304278167,3.03563573988902,0.007644388203962767,0.35776580672913344,46.01138576650513,45.771775138504054,90.01601670486666,91.00222009061724,6.95945902562317,-1.8088556350179288,3.1692861752578017,0.007644388511422964,0.358930792513944,46.0113857480446,45.77185535013554,90.01601666681127,91.00355818554951,6.971281130096502,-1.810901579299036,3.171890103251085
0.66,0.0,0.0019355170726899434,-0.03658069783760289,10.727841826295696,1.0,ok,0.0076443657481821345,0.32847620651905834,46.011386135692085,45.77002997392279,90.01601794671119,90.93695062250983,6.536284667124396,-1.693244679081187,3.0326750934224487,0.007644366053771817,0.3305113609885723,46.0113861168377,45.77006538727861,90.0160179082293,90.93835054691598,6.549952665727465,-1.6952926467122333,3.0355781369576507,0.007644388203962767,0.36052271093874605,46.01138576650513,45.77156007151106,90.01601670486666,91.00223715143524,6.958554529347996,-1.808725646077078,3.1701277834145225,0.007644388511422964,0.36178220733857236,46.0113857480446,45.7716805583862,90.01601666681127,91.00382739184009,6.972642939939093,-1.8111986243149156,3.1731232032106984
0.68,0.0,0.002245941249539148,-0.036701742533645096,10.727542568576707,1.0,ok,0.0076443657481821345,0.3307977587411855,46.011386135692085,45.77001929214886,90.01601794671119,90.93674753511029,6.535129219323989,-1.692845693585434,3.032208666331526,0.007644366053771817,0.33264587266795154,46.0113861168377,45.77013157017879,90.0160179082293,90.93847480892917,6.550888108742678,-1.6955371166660904,3.0355284518486236,0.007644388203962767,0.36314327385351686,46.01138576650513,45.77134952853606,90.01601670486666,91.00222977740692,6.95779825046386,-1.808544501893026,3.17090044730442,0.007644388511422964,0.3644623925475705,46.0113857480446,45.77151563654614,90.01601666681127,91.00408896671415,6.973640812110737,-1.8115243988281287,3.1743036799523336
0.7000000000000001,0.0,0.0025301837168831116,-0.0368093500310062,10.72726223414474,1.0,ok,0.0076443657481821345,0.33299104849823474,46.011386135692085,45.770019961426556,90.01601794671119,90.93655481009517,6.53437707226444,-1.6924942739594897,3.0317222863485425,0.007644366053771817,0.334662572556281,46.0113861168377,45.77019733765546,90.0160179082293,90.93858066887675,6.551540593458435,-1.6957808351152799,3.0354427623558444,0.007644388203962767,0.36563308506087516,46.01138576650513,45.77115307328149,90.01601670486666,91.00221140521023,6.957254782298576,-1.808355668337324,3.171594826341273,0.007644388511422964,0.3669819028848012,46.0113857480446,45.77135856900648,90.01601666681127,91.0043188847574,6.974263753030706,-1.811818881372492,3.175386308344269
0.72,0.0,0.0027589800094626055,-0.036903608870250924,10.726999507533826,1.0,ok,0.0076443657481821345,0.33505754850759667,46.011386135692085,45.77003865880457,90.01601794671119,90.93638653854848,6.53398116701107,-1.692219003537894,3.0312199300715212,0.007644366053771817,0.33657417816517543,46.0113861168377,45.77026177895473,90.0160179082293,90.93865715145697,6.55191035001473,-1.6959885166340019,3.03530014399675,0.007644388203962767,0.3679958137094474,46.01138576650513,45.77097653523394,90.01601670486666,91.00219406071044,6.956936621990962,-1.8081898842471391,3.1722137067576597,0.007644388511422964,0.36935250215265714,46.0113857480446,45.771207880853275,90.01601666681127,91.00450556626731,6.974558122572941,-1.8120494813228458,3.176351168043073
0.74,0.0,0.002920385291483258,-0.03698623060995349,10.726752934846083,1.0,ok,0.0076443657481821345,0.3370006418536115,46.011386135692085,45.77007675284968,90.01601794671119,90.93624969115963,6.533866766511936,-1.6920281047636856,3.0307113736076365,0.007644366053771817,0.3383904350780817,46.0113861168377,45.77032374092656,90.0160179082293,90.93870031835984,6.5520381792984494,-1.6961419538568216,3.035096318967173,0.007644388203962767,0.37023487671707794,46.01138576650513,45.77082197258658,90.01601670486666,91.00218641986878,6.956819320521503,-1.8080645241425608,3.172767819033362,0.007644388511422964,0.3715855669232612,46.0113857480446,45.771062811216915,90.01601666681127,91.00464693828312,6.974598816009149,-1.8122053536881768,3.177196476156774
0.76,0.0,0.003015506032745358,-0.037059484620253366,10.726521106248983,1.0,ok,0.0076443657481821345,0.338825368600161,46.011386135692085,45.77013202754311,90.01601794671119,90.93614542192975,6.533949340207745,-1.6919161160567457,3.030208066176654,0.007644366053771817,0.34011851496375184,46.0113861168377,45.770382415621974,90.0160179082293,90.93871169927162,6.551984995670099,-1.6962369247085913,3.0348377787168257,0.007644388203962767,0.3723540502270444,46.01138576650513,45.770688503969424,90.01601670486666,91.00219310992806,6.956857078449098,-1.8079853812576243,3.173270890722557,0.007644388511422964,0.3736914889125864,46.0113857480446,45.77092321173229,90.01601666681127,91.00474726247744,6.974468278010288,-1.8122905276851848,3.1779319973710973
0.78,0.0,0.0030539435772952176,-0.03712558136774178,10.726302753882138,1.0,ok,0.0076443657481821345,0.3405380667462243,46.011386135692085,45.77020031787556,90.01601794671119,90.93607068473315,6.534148281000114,-1.69186945340628,3.0297200588148,0.007644366053771817,0.34176348827383973,46.0113861168377,45.77043753152913,90.0160179082293,90.93869638652363,6.551816266843239,-1.6962789730291596,3.034536773821844,0.007644388203962767,0.374357647562356,46.01138576650513,45.77057338800532,90.01601670486666,91.00221502940546,6.956996406667916,-1.8079496045937635,3.1737359559585454,0.007644388511422964,0.3756794857692368,46.0113857480446,45.770789354544874,90.01601666681127,91.00481427659626,6.974242682648171,-1.8123176211651688,3.178573505642268
0.8,0.0,0.0030496471082706576,-0.03718636410392744,10.7260967869877,1.0,ok,0.0076443657481821345,0.3421459124398407,46.011386135692085,45.770276819533386,90.01601794671119,90.93601991918355,6.53439578656954,-1.6918709277231394,3.029254416320404,0.007644366053771817,0.3433288802657879,46.0113861168377,45.77048931163547,90.0160179082293,90.93866124602883,6.551591418607675,-1.696279240186116,3.034207508709419,0.007644388203962767,0.37625049592041543,46.01138576650513,45.770473025079134,90.01601670486666,91.00225027315598,6.95718643272081,-1.807948942351735,3.174173325490165,0.007644388511422964,0.3775576095516992,46.0113857480446,45.77066172421557,90.01601666681127,91.00485693591754,6.973984132342917,-1.8123028357896234,3.179138633991163
0.8200000000000001,0.0,0.0030175880051936717,-0.03724320413323252,10.725902287406647,1.0,ok,0.0076443657481821345,0.3436564379360946,46.011386135692085,45.7703569981305,90.01601794671119,90.93598656060222,6.534641196524878,-1.6919031492918235,3.028814870992602,0.007644366053771817,0.3448172323745911,46.0113861168377,45.77053831328627,90.0160179082293,90.93861347591691,6.551357747974724,-1.696250971267785,3.0338635874980477,0.007644388203962767,0.37803781586586677,46.01138576650513,45.770383733200504,90.01601670486666,91.00229527055896,6.9573854075295625,-1.8079727093567102,3.1745899502289285,0.007644388511422964,0.37933286013202994,46.0113857480446,45.77054083186553,90.01601666681127,91.00488383259825,6.973737531160334,-1.812262398240016,3.1796441309396295
0.84,0.0,0.0029714200983114916,-0.0372970195395307,10.72571848456273,1.0,ok,0.0076443657481821345,0.3450771012558283,46.011386135692085,45.770437118937636,90.01601794671119,90.93596421362997,6.534851673122842,-1.6919508053949464,3.02840227559642,0.007644366053771817,0.3462305955640423,46.0113861168377,45.77058523417641,90.0160179082293,90.93855959468348,6.551148056268245,-1.6962069496522374,3.033516550592058,0.007644388203962767,0.3797250609410258,46.01138576650513,45.7703022577635,90.01601670486666,91.0023458501758,6.957563710759261,-1.8080101315794406,3.1749897062094137,0.007644388511422964,0.3810113501641741,46.0113857480446,45.77042707345105,90.01601666681127,91.00490224278595,6.973530783558072,-1.8122103444200635,3.180104324919747
0.86,0.0,0.0029221040223641665,-0.03734835736633498,10.725544723431213,1.0,ok,0.0076443657481821345,0.34641495426810237,46.011386135692085,45.770514467216266,90.01601794671119,90.93594742797282,6.535010348583158,-1.6920019065669312,3.0280154326317033,0.007644366053771817,0.34757091087521913,46.0113861168377,45.770630740668416,90.0160179082293,90.93850484806151,6.550981043281098,-1.6961578831000204,3.0331752504785814,0.007644388203962767,0.3813177533258983,46.01138576650513,45.770226036817505,90.01601670486666,91.00239806574278,6.957704091637475,-1.8080519285239502,3.175374146692916,0.007644388511422964,0.3825984852358093,46.0113857480446,45.77032064198534,90.01601666681127,91.0049176875466,6.973377091710282,-1.8121574158272287,3.18053050551112
0.88,0.0,0.0028773532712064215,-0.03739749718748292,10.725380433741405,1.0,ok,0.0076443657481821345,0.3476764272713571,46.011386135692085,45.770587346654224,90.01601794671119,90.93593209465037,6.53511303530509,-1.6920481874954338,3.027651983801116,0.007644366053771817,0.34884026197316825,46.0113861168377,45.77067534850103,90.0160179082293,90.93845297150568,6.550863479289482,-1.6961116281289796,3.0328458049616867,0.007644388203962767,0.38282133815510105,46.01138576650513,45.77015327365559,90.01601670486666,91.00244872282137,6.957800047535004,-1.8080911548663918,3.1757433757228224,0.007644388511422964,0.3840991340354946,46.0113857480446,45.77022149325384,90.01601666681127,91.00493387246577,6.973278323116031,-1.8121107914864654,3.1809309249947737
0.9,0.0,0.002841698523163908,-0.037444549713012754,10.72522510456084,1.0,ok,0.0076443657481821345,0.34886722563893174,46.011386135692085,45.77065494061944,90.01601794671119,90.93591553145508,6.535164415742943,-1.69208489447659,3.027309166957676,0.007644366053771817,0.3500410072719757,46.0113861168377,45.770719364384746,90.0160179082293,90.9384062208871,6.550793267338329,-1.6960730687724455,3.032531899507945,0.007644388203962767,0.38424106899298116,46.01138576650513,45.77008287761854,90.01601670486666,91.00249561990175,6.957853208662818,-1.808123426212907,3.1760968254693767,0.007644388511422964,0.385517772882415,46.0113857480446,45.770129356715444,90.01601666681127,91.00495287522205,6.973228656044158,-1.812074382379153,3.1813111652742587
0.92,0.0,0.002816953340320333,-0.037489536764409394,10.725078265588508,1.0,ok,0.0076443657481821345,0.3499923196319478,46.011386135692085,45.77071710710227,90.01601794671119,90.93589634859806,6.535174383957972,-1.6921101934886489,3.0269843538866246,0.007644366053771817,0.3511758134044088,46.0113861168377,45.770762881836525,90.0160179082293,90.9383655791941,6.550762684247533,-1.6960444428646484,3.0322352610377132,0.007644388203962767,0.38558192904219407,46.01138576650513,45.770014330100885,90.01601670486666,91.00253756113545,6.957870443340059,-1.8081467029462048,3.1764338318090166,0.007644388511422964,0.3868585971613884,46.0113857480446,45.77004377856967,90.01601666681127,91.00497546879156,6.973217951710955,-1.8120494478571572,3.1816746747999893
0.9400000000000001,0.0,0.0028028841866723675,-0.0375324481423916,10.724939474787437,1.0,ok,0.0076443657481821345,0.35105600153550703,46.011386135692085,45.770774159956105,90.01601794671119,90.93587418627293,6.535154961086383,-1.6921244036029495,3.026675358493991,0.007644366053771817,0.352247618155907,46.0113861168377,45.77080581622038,90.0160179082293,90.93833105525377,6.550761301087043,-1.6960259198893906,3.0319561776765145,0.007644388203962767,0.3868485868205998,46.01138576650513,45.76994752195948,90.01601670486666,91.0025742151586,6.957861192358666,-1.8081608120006782,3.1767539848803485,0.007644388511422964,0.38812559869866115,46.0113857480446,45.76996418246986,90.01601666681127,91.00500149245828,6.973234524088954,-1.8120353411389054,3.182023340314255
0.96,0.0,0.0027979270006023536,-0.03757327670382908,10.724808311149282,1.0,ok,0.0076443657481821345,0.3520619832765646,46.011386135692085,45.77082667075644,90.01601794671119,90.93584940285668,6.535117988261138,-1.6921292139225017,3.0263805506643147,0.007644366053771817,0.3532595512892971,46.0113861168377,45.77084796138622,90.0160179082293,90.93830200642155,6.550778293695571,-1.6960162669390038,3.031693984733491,0.007644388203962767,0.3880453812452842,46.01138576650513,45.76988259526825,90.01601670486666,91.00260589303664,6.957835332902177,-1.8081668633342236,3.1770572822446272,0.007644388511422964,0.3893226126440235,46.0113857480446,45.76988993452252,90.01601666681127,91.00503020844695,6.973267164031744,-1.8120302436106066,3.182358010125369
0.98,0.0,0.002799839532357984,-0.03761203592860902,10.724684371133108,1.0,ok,0.0076443657481821345,0.35301351074705445,46.011386135692085,45.77087530980988,90.01601794671119,90.93582277264335,6.535073630730812,-1.6921269907308467,3.0260988313662587,0.007644366053771817,0.35421483798740516,46.0113861168377,45.770889051899026,90.0160179082293,90.93827743642913,6.550804033586964,-1.696013482501018,3.0314474733607044,0.007644388203962767,0.3891763291102376,46.01138576650513,45.76981980951585,90.01601670486666,91.00263330566962,6.957801693754047,-1.8081666796589193,3.1773441365407775,0.007644388511422964,0.3904533400277315,46.0113857480446,45.769820402136475,90.01601666681127,91.00506060560365,6.973306415144227,-1.8120317981822862,3.1826789258823096
1.0,0.0,0.0028062244992561824,-0.037648765171484966,10.724567267421202,1.0,ok,0.0076443657481821345,0.3539134763807445,46.011386135692085,45.77092073268171,90.01601794671119,90.93579523070827,6.535029610861838,-1.6921202336628824,3.0258295268131565,0.007644366053771817,0.3551167038196472,46.0113861168377,45.77092881882782,90.0160179082293,90.93825623872601,6.550830984432763,-1.6960153226175425,3.0312152047050347,0.007644388203962767,0.3902451474878021,46.01138576650513,45.769759441554335,90.01601670486666,91.00265734335376,6.957767209614448,-1.8081623156751339,3.177615294404884,0.007644388511422964,0.3915213531147497,46.0113857480446,45.76975500000895,90.01601666681127,91.00509163131524,6.973345192949583,-1.8120375956205241,3.182986048380271
1.02,0.0,0.0028148976233300198,-0.03768352743384479,10.724456628906696,1.0,ok,0.0076443657481821345,0.35476451762095296,46.011386135692085,45.77096351025807,90.01601794671119,90.93576768330414,6.534991021693594,-1.6921112004939163,3.025572250828029,0.007644366053771817,0.3559682937130712,46.0113861168377,45.770967031859165,90.0160179082293,90.93823737233275,6.550854015496003,-1.6960196839606763,3.0309957299364534,0.007644388203962767,0.3912552842008575,46.01138576650513,45.76970172057582,90.01601670486666,91.0026789022213,6.957736616621203,-1.8081557043455252,3.1778717163330192,0.007644388511422964,0.39253009039578596,46.0113857480446,45.769693220238686,90.01601666681127,91.00512234796487,6.973378890461496,-1.812045502036435,3.1832792812748756
1.04,0.0,0.0028241039259977326,-0.0377164034966824,10.724352101147321,1.0,ok,0.0076443657481821345,0.3555690946783011,46.011386135692085,45.77100409542323,90.01601794671119,90.93574088704223,6.53496054808582,-1.6921016917468625,3.025326770967174,0.007644366053771817,0.3567726114526543,46.0113861168377,45.771003524976436,90.0160179082293,90.93821997012924,6.5508702853383785,-1.6960248397727453,3.030787727050399,0.007644388203962767,0.39220995077925164,46.01138576650513,45.76964679417285,90.01601670486666,91.00269876688922,6.957712548906985,-1.8081484370171783,3.178114454328279,0.007644388511422964,0.3934828469794384,46.0113857480446,45.76963464665811,90.01601666681127,91.00515202059415,6.9734051299702,-1.8120538397613517,3.183558606943304
1.06,0.0,0.002832604643780755,-0.037747485084702416,10.72425334681355,1.0,ok,0.0076443657481821345,0.35632954573747644,46.011386135692085,45.771042817241714,90.01601794671119,90.93571538971285,6.534938928375432,-1.692092968670695,3.0250928997247186,0.007644366053771817,0.3575324813920452,46.0113861168377,45.771038206436984,90.0160179082293,90.93820338819566,6.550878855929772,-1.6960295460096524,3.0305900704983846,0.007644388203962767,0.39311215385978343,46.01138576650513,45.769594718775764,90.01601670486666,91.00271754724548,6.957695887954654,-1.8081416630590583,3.1783445501505634,0.007644388511422964,0.39438276468748956,46.0113857480446,45.769578955676785,90.01601666681127,91.0051801485085,6.973423312028891,-1.8120614482119572,3.1838241532313463
1.08,0.0,0.0028396667565618082,-0.03777686865909274,10.72416004589198,1.0,ok,0.0076443657481821345,0.3570481212187558,46.011386135692085,45.771079893327055,90.01601794671119,90.93569151972133,6.53492551482517,-1.6920857698876912,3.024870419881087,0.007644366053771817,0.3582505305982217,46.0113861168377,45.77107105602648,90.0160179082293,90.93818720955954,6.550880179942074,-1.6960330468519005,3.0304018511327357,0.007644388203962767,0.39396472252770776,46.01138576650513,45.76954546691297,90.01601670486666,91.00273566017802,6.957686231915267,-1.808136082849649,3.178562964634757,0.007644388511422964,0.39523282462837117,46.0113857480446,45.769525907155455,90.01601666681127,91.0052064560706,6.973434087802815,-1.8120676575949581,3.1840762104187736
1.1,0.0,0.0028449892623881247,-0.037804650595462355,10.724071895567127,1.0,ok,0.0076443657481821345,0.35772700080586645,46.011386135692085,45.77111545213987,90.01601794671119,90.93566940900938,6.534918826219181,-1.6920803909952937,3.0246590440190237,0.007644366053771817,0.3589291875774176,46.0113861168377,45.77110211361918,90.0160179082293,90.93817121715377,6.550875573055436,-1.696035012605221,3.0302223629427028,0.007644388203962767,0.39477033043695053,46.01138576650513,45.769498944212806,90.01601670486666,91.00275334374035,6.957682380584564,-1.8081320038150495,3.178770539261744,0.007644388511422964,0.3960358436553796,46.0113857480446,45.76947532919228,90.01601666681127,91.0052308577693,6.97343884841489,-1.8120722082855116,3.1843152159482804
1.12,0.0,0.0028485972276680797,-0.037830923926324325,10.723988609803156,1.0,ok,0.0076443657481821345,0.35836829787958946,46.011386135692085,45.77114955868264,90.01601794671119,90.9356490349821,6.534917022995884,-1.6920767953499845,3.0244584026232477,0.007644366053771817,0.3595706928480566,46.0113861168377,45.77113146315574,90.0160179082293,90.93815534985,6.550866747430591,-1.6960354410719414,3.0300510706642028,0.007644388203962767,0.39553151258198294,46.01138576650513,45.76945501031086,90.01601670486666,91.00277069088827,6.957682764934737,-1.8081294307521028,3.1789679852715356,0.007644388511422964,0.39679447503363935,46.0113857480446,45.769427100407356,90.01601666681127,91.00525341072091,6.973439291366011,-1.812075144601289,3.1845417214236837
1.1400000000000001,0.0,0.002850728468184632,-0.037855776487662196,10.723909918695291,1.0,ok,0.0076443657481821345,0.35897405601343163,46.011386135692085,45.77118223898746,90.01601794671119,90.93563026933651,6.534918268898671,-1.6920747309677846,3.0242680525843224,0.007644366053771817,0.3601771166566205,46.0113861168377,45.7711592155725,90.0160179082293,90.93813965300119,6.5508554485536825,-1.696034547961231,3.0298875693142993,0.007644388203962767,0.39625067729568414,46.01138576650513,45.769413499400194,90.01601670486666,91.00278769152969,6.957685781738291,-1.8081281666637201,3.1791558927466435,0.007644388511422964,0.39751121288938884,46.0113857480446,45.769381132600635,90.01601666681127,91.0052742648793,6.973437094062364,-1.8120767052962166,3.1847563529217027
1.16,0.0,0.002851730326860267,-0.037879290152755915,10.723835567674255,1.0,ok,0.0076443657481821345,0.3595462415938101,46.011386135692085,45.77121350061108,90.01601794671119,90.9356129248789,6.53492097007585,-1.6920738361588041,3.0240874976098233,0.007644366053771817,0.3607503797657504,46.0113861168377,45.77118549328858,90.0160179082293,90.9381242318192,6.550843209483961,-1.6960326647778337,3.029731543580022,0.007644388203962767,0.39693011443666787,46.01138576650513,45.769374237734105,90.01601670486666,91.00280427428558,6.957690020082603,-1.8081279069130964,3.1793347515579606,0.007644388511422964,0.39818839958341357,46.0113857480446,45.76933735576209,90.01601666681127,91.0052936180495,6.973433700609311,-1.8120772260062055,3.1849597722815592
1.18,0.0,0.0028519767980398395,-0.03790154080450796,10.723765316640119,1.0,ok,0.0076443657481821345,0.3600867357040292,46.011386135692085,45.77124334787048,90.01601794671119,90.93559679471936,6.534923901639333,-1.692073723860172,3.0239162131905086,0.007644366053771817,0.36129227419561044,46.0113861168377,45.77121041783759,90.0160179082293,90.93810921275335,6.5508312159925675,-1.696030155407608,3.0295827321202284,0.007644388203962767,0.3975720008613794,46.01138576650513,45.76933705675963,90.01601670486666,91.00282034231772,6.957694385703739,-1.8081283162152302,3.179504977036035,0.007644388511422964,0.3988282349860176,46.0113857480446,45.769295706516914,90.01601666681127,91.00531167980576,6.973430211347028,-1.8120770622245055,3.1851526440658526
1.2,0.0,0.002851810103533484,-0.037922598737382754,10.723698939085137,1.0,ok,0.0076443657481821345,0.3605973273903192,46.011386135692085,45.77127179168899,90.01601794671119,90.9355816811574,6.534926243048078,-1.6920740408141142,3.023753670648499,0.007644366053771817,0.3618044818383206,46.0113861168377,45.771234101302404,90.0160179082293,90.93809471525489,6.55082026337734,-1.696027356331127,3.0294408994353814,0.007644388203962767,0.39817840422059403,46.01138576650513,45.7693018016151,90.01601670486666,91.0028358003159,6.9576981408878575,-1.8081290838563753,3.1796669349972992,0.007644388511422964,0.3994327866643085,46.0113857480446,45.76925612031771,90.01601666681127,91.00532864590976,6.973427354832465,-1.8120765358523792,3.185335610477652
1.22,0.0,0.002851506206416205,-0.03794252925209268,10.723636221245766,1.0,ok,0.0076443657481821345,0.36107970947634493,46.011386135692085,45.77129885467228,90.01601794671119,90.935567413868,6.5349275484150064,-1.6920745023136612,3.023599356849538,0.007644366053771817,0.3622885898258468,46.0113861168377,45.77125664148486,90.0160179082293,90.93808083414982,6.550810779892645,-1.6960245405389478,3.029305816104194,0.007644388203962767,0.3987512859474969,46.01138576650513,45.769268335440785,90.01601670486666,91.00285057194353,6.9577008830780604,-1.80812995703113,3.1798209627186824,0.007644388511422964,0.4000040001515366,46.0113857480446,45.769218527120266,90.01601666681127,91.00534468295878,6.973425518094441,-1.8120759042942642,3.185509274730186
1.24,0.0,0.002851260753125322,-0.03796139328351931,10.723576961306847,1.0,ok,0.0076443657481821345,0.3615354773119658,46.011386135692085,45.77132457243745,90.01601794671119,90.9355538585598,6.5349276775963485,-1.692074906216444,3.0234527879978437,0.007644366053771817,0.36274610231458293,46.0113861168377,45.77127812025605,90.0160179082293,90.9380676313711,6.550802891264725,-1.6960219020311778,3.029177246886672,0.007644388203962767,0.39929250407741707,46.01138576650513,45.7692365403554,90.01601670486666,91.00286460859078,6.957702485758017,-1.808130755187206,3.179967384257215,0.007644388511422964,0.4005437086884093,46.0113857480446,45.76918284991761,90.01601666681127,91.00535992178142,6.973424811540318,-1.8120753485045826,3.1856741921497678
1.26,0.0,0.0028511904127654724,-0.03797924796990913,10.723520968667502,1.0,ok,0.0076443657481821345,0.36196613027773655,46.011386135692085,45.77134899234766,90.01601794671119,90.93554091815588,6.534926710332338,-1.692075131365465,3.0233135173650396,0.007644366053771817,0.3631784489121856,46.0113861168377,45.77129860428186,90.0160179082293,90.93805513498995,6.550796503849303,-1.6960195560449636,3.029054945406423,0.007644388203962767,0.3998038163059135,46.01138576650513,45.76920631609961,90.01601670486666,91.002877891187,6.957703022285354,-1.8081313698488053,3.180106519901554,0.007644388511422964,0.401053642057028,46.0113857480446,45.769149005341184,90.01601666681127,91.00537445748074,6.973425148309338,-1.8120749751252032,3.1858308675963007
1.28,0.0,0.002851344239869748,-0.03799614712258121,10.723468063269044,1.0,ok,0.0076443657481821345,0.3623730755201326,46.011386135692085,45.77137217074103,90.01601794671119,90.93552852885202,6.5349248604673384,-1.6920751259075737,3.0231811377488818,0.007644366053771817,0.36358699031467656,46.0113861168377,45.77131814725787,90.0160179082293,90.93804334321482,6.5507913890855844,-1.6960175497167975,3.028938653759139,0.007644388203962767,0.40028688348517794,46.01138576650513,45.76917757731079,90.01601670486666,91.00289042717938,6.957702688646009,-1.8081317548451006,3.180238690489362,0.007644388511422964,0.40153543433461664,46.0113857480446,45.76911690552817,90.01601666681127,91.00538835387972,6.973426322799682,-1.8120748276841923,3.18597975749757
1.3,0.0,0.002851720171416939,-0.03801214158950452,10.72341807498015,1.0,ok,0.0076443657481821345,0.3627576332358077,46.011386135692085,45.7713941695596,90.01601794671119,90.93551665329512,6.534922401499796,-1.6920748904390055,3.023055279957776,0.007644366053771817,0.36397302187367514,46.0113861168377,45.77133679286758,90.0160179082293,90.93803223115508,6.55078725753894,-1.696015878230657,3.028828105352016,0.007644388203962767,0.4007432735969122,46.01138576650513,45.76915025024192,90.01601670486666,91.0029022447295,6.957701735840136,-1.8081319114844168,3.180364217818199,0.007644388511422964,0.4019906305567873,46.0113857480446,45.76908646055414,90.01601666681127,91.00540165031265,6.973428078321422,-1.8120749023109277,3.1861212748011125
1.32,0.0,0.0028522827377488935,-0.03802727952545661,10.723370843032052,1.0,ok,0.0076443657481821345,0.36312104281280977,46.011386135692085,45.77141505304727,90.01601794671119,90.93550527275103,6.534919609450702,-1.6920744599472766,3.0229356087531913,0.007644366053771817,0.36433777581935717,46.0113861168377,45.771354577838096,90.0160179082293,90.93802175852169,6.550783816189813,-1.6960145024674764,3.028723029456004,0.007644388203962767,0.40117446612917734,46.01138576650513,45.769124269531076,90.01601670486666,91.0029133858624,6.957700417700241,-1.8081318723679498,3.180483422524194,0.007644388511422964,0.4024206923916659,46.0113857480446,45.76905758088761,90.01601666681127,91.00541436909717,6.973430158651003,-1.81207516438359,3.186255795368076
1.34,0.0,0.002852979228580565,-0.03804160658974361,10.72332621549626,1.0,ok,0.0076443657481821345,0.36346446922428155,46.011386135692085,45.77143488494527,90.01601794671119,90.93549437963367,6.534916724737007,-1.6920738873321752,3.0228218175603896,0.007644366053771817,0.3646824227731252,46.0113861168377,45.77137153466085,90.0160179082293,90.93801187692652,6.550780806980953,-1.6960133652957134,3.0286231562514643,0.007644388203962767,0.4015818567225719,46.01138576650513,45.76909957541223,90.01601670486666,91.00292389985687,6.957698955913139,-1.808131686472092,3.1805966206894523,0.007644388511422964,0.4028270029888652,46.0113857480446,45.76903017950318,90.01601666681127,91.0054265224922,6.973432342126268,-1.8120755636047772,3.1863836646416344
1.36,0.0,0.002853752690718501,-0.038055166093492555,10.72328404879813,1.0,ok,0.0076443657481821345,0.36378900921081886,46.011386135692085,45.77145372639951,90.01601794671119,90.93548397125713,6.534913931665191,-1.6920732301434551,3.0227136229936944,0.007644366053771817,0.3650080730400884,46.0113861168377,45.771387693733075,90.0160179082293,90.93800253594569,6.550778027810206,-1.6960124047944343,3.0285282215021523,0.007644388203962767,0.4019667619293151,46.01138576650513,45.76907611156601,90.01601670486666,91.0029338376967,6.957697521112702,-1.80813140706473,3.180704120190531,0.007644388511422964,0.4032108711890821,46.0113857480446,45.769004173457155,90.01601666681127,91.0054381184175,6.973434459678358,-1.8120760460535874,3.1865052037784447
1.3800000000000001,0.0,0.002854551101774307,-0.03806799911547796,10.723244207260741,1.0,ok,0.0076443657481821345,0.36409569694454114,46.011386135692085,45.771471634626415,90.01601794671119,90.93547404521861,6.534911352302008,-1.6920725411958895,3.0226107599173604,0.007644366053771817,0.3653157780120754,46.0113861168377,45.77140308483459,90.0160179082293,90.93799368755575,6.550775339090088,-1.6960115636803115,3.0284379703282847,0.007644388203962767,0.40233042393662566,46.01138576650513,45.76905382365669,90.01601670486666,91.00294324798216,6.957696227149329,-1.8081310831163968,3.1808062174844833,0.007644388511422964,0.40357353527172085,46.0113857480446,45.7689794848674,90.01601666681127,91.0054491646141,6.973436399831432,-1.8120765626435282,3.186620714767996
1.4000000000000001,0.0,0.002855332792388634,-0.03808014460079787,10.723206562675076,1.0,ok,0.0076443657481821345,0.3643855090145468,46.011386135692085,45.7714886622682,90.01601794671119,90.93546459646667,6.534909050683364,-1.6920718629921117,3.0225129774503756,0.007644366053771817,0.36560653186341374,46.0113861168377,45.771417737972406,90.0160179082293,90.93798528889789,6.5507726598612965,-1.696010794961799,3.02835215984551,0.007644388203962767,0.4026740151321789,46.01138576650513,45.76903265849498,90.01601670486666,91.00295217436737,6.957695134854982,-1.8081307541758969,3.180903195229401,0.007644388511422964,0.40391616639059086,46.0113857480446,45.76895604134039,90.01601666681127,91.0054596712372,6.9734381044050595,-1.8120770740860312,3.186730484342898
1.42,0.0,0.0028560686625114305,-0.03809163945184802,10.723170993893545,1.0,ok,0.0076443657481821345,0.3646593686935899,46.011386135692085,45.771504857300194,90.01601794671119,90.9354556158664,6.534907043311128,-1.6920712254020858,3.0224200360547124,0.007644366053771817,0.3658812736001045,46.0113861168377,45.7714316836997,90.0160179082293,90.93797730356108,6.550769957502684,-1.6960100643434137,3.0282705606538842,0.007644388203962767,0.4029986424245596,46.01138576650513,45.769012563705125,90.01601670486666,91.00296065436187,6.957694261601186,-1.808130448227082,3.180995320874458,0.007644388511422964,0.4042398718112991,46.0113857480446,45.76893377594856,90.01601666681127,91.00546965207832,6.973439558615871,-1.8120775528842128,3.1868347866900737
1.44,0.0,0.0028567419784496038,-0.03810251861700087,10.72313738644486,1.0,ok,0.0076443657481821345,0.3649181495323474,46.011386135692085,45.77152026332773,90.01601794671119,90.93544708993926,6.534905312431113,-1.6920706458075814,3.02233170565791,0.007644366053771817,0.3661408894353926,46.0113861168377,45.77144495305063,90.0160179082293,90.93796970170808,6.550767234555077,-1.6960093501512188,3.028192957320819,0.007644388203962767,0.4033053512678897,46.01138576650513,45.768993487750464,90.01601670486666,91.00296871920585,6.957693593424119,-1.8081301818081292,3.1810828461768246,0.007644388511422964,0.4045456980262748,46.0113857480446,45.768912626888365,90.01601666681127,91.00547912472818,6.973440778772237,-1.8120779830945664,3.1869338851226168
1.46,0.0,0.002857346592950952,-0.038112815179358925,10.723105632168847,1.0,ok,0.0076443657481821345,0.3651626783802501,46.011386135692085,45.771534920112515,90.01601794671119,90.9354390014083,6.534903819394335,-1.692070130858356,3.022247764638247,0.007644366053771817,0.36638621541115085,46.0113861168377,45.77145757723643,90.0160179082293,90.93796245941057,6.550764515381095,-1.6960086416241902,3.028119148078906,0.007644388203962767,0.40359512937194947,46.01138576650513,45.76897538017387,90.01601670486666,91.00297639448111,6.9576930972359765,-1.808129961613652,3.1811660074782253,0.007644388511422964,0.4048346337897459,46.0113857480446,45.768892536949465,90.01601666681127,91.00548811002375,6.973441799993677,-1.8120783586383498,3.1870280329384935
1.48,0.0,0.0028578843557336025,-0.03812256044598734,10.723075628870259,1.0,ok,0.0076443657481821345,0.3653937379548934,46.011386135692085,45.77154886419352,90.01601794671119,90.93543133019719,6.5349025163045615,-1.6920696790633376,3.0221679994425212,0.007644366053771817,0.3666180401606319,46.0113861168377,45.77146958723215,90.0160179082293,90.93795555754267,6.5507618344886,-1.6960079363513951,3.0280489439862555,0.007644388203962767,0.4038689101041926,46.01138576650513,45.76895819193189,90.01601670486666,91.00298370113579,6.957692731470321,-1.808129786867882,3.1812450265240044,0.007644388511422964,0.4051076130884434,46.0113857480446,45.76887345290903,90.01601666681127,91.0054966311019,6.973442665570951,-1.8120786808767455,3.187117473714612
1.5,0.0,0.0028583623305188616,-0.038131784036980386,10.723047279990713,1.0,ok,0.0076443657481821345,0.365612069082304,46.011386135692085,45.77156212949927,90.01601794671119,90.93542405459084,6.53490135499142,-1.692069283595228,3.0220922046044207,0.007644366053771817,0.366837107707064,46.0113861168377,45.77148101335357,90.0160179082293,90.93794898052238,6.550759227500454,-1.6960072374798234,3.0279821677903493,0.007644388203962767,0.4041275756070946,46.01138576650513,45.76894187573001,90.01601670486666,91.00299065665392,6.957692454274952,-1.808129651893843,3.1813201116049905,0.007644388511422964,0.4053655180454086,46.0113857480446,45.76885532493753,90.01601666681127,91.00550471232422,6.973443418817326,-1.8120789560163892,3.1872024412715474
1.52,0.0,0.0028587902526274584,-0.038140513973262395,10.723020494298098,1.0,ok,0.0076443657481821345,0.3658183727154103,46.011386135692085,45.771574747884756,90.01601794671119,90.93541715234267,6.534900293015286,-1.6920689348586122,3.022020182958718,0.007644366053771817,0.3670441202067122,46.0113861168377,45.77149188489225,90.0160179082293,90.9379427151134,6.550756725075859,-1.69600655113988,3.02791865268931,0.007644388203962767,0.40437195966364453,46.01138576650513,45.76892638629918,90.01601670486666,91.00299727617045,6.957692228987031,-1.8081295484681514,3.181391458825317,0.007644388511422964,0.40560918174362537,46.0113857480446,45.768838106073545,90.01601666681127,91.00551237826448,6.973444097647748,-1.8120791927447206,3.1872831594978166
1.54,0.0,0.0028591784830289723,-0.038148776762034965,10.722995185592715,1.0,ok,0.0076443657481821345,0.36601331181491925,46.011386135692085,45.77158674955802,90.01601794671119,90.93541060159389,6.534899296919048,-1.6920686225713188,3.0219517458900116,0.007644366053771817,0.3672397405673854,46.0113861168377,45.77150222984594,90.0160179082293,90.93793674942059,6.550754349596415,-1.69600588436309,3.027858241137632,0.007644388203962767,0.40460285034678634,46.01138576650513,45.768911680582846,90.01601670486666,91.00300357340917,6.957692027085618,-1.8081294677264776,3.1814592533476183,0.007644388511422964,0.4058393909520376,46.0113857480446,45.76882175179751,90.01601666681127,91.0055196528793,6.97344473168638,-1.812079400333743,3.1873598421790774
1.56,0.0,0.0028595365626999268,-0.038156597479009756,10.722971272429449,1.0,ok,0.0076443657481821345,0.3661975131512717,46.011386135692085,45.7715981633874,90.01601794671119,90.93540438154007,6.534898343210948,-1.6920683372344294,3.0218867135125285,0.007644366053771817,0.3674245948981297,46.0113861168377,45.77151207475541,90.0160179082293,90.93793107214248,6.550752114111376,-1.6960052435882575,3.0278007837916396,0.007644388203962767,0.40482099248691994,46.01138576650513,45.76889771782552,90.01601670486666,91.003009561383,6.957691829071434,-1.8081294015087346,3.1815236705171337,0.007644388511422964,0.4060568887371329,46.0113857480446,45.76880621971226,90.01601666681127,91.00552655891444,6.973445341427694,-1.8120795872973785,3.1874326929176022
1.58,0.0,0.0028598723565991598,-0.0381639998468148,10.722948677855191,1.0,ok,0.0076443657481821345,0.36637156906249696,46.011386135692085,45.77160901709869,90.01601794671119,90.9353984728371,6.534897417723861,-1.6920680710141058,3.021824914719473,0.007644366053771817,0.3675992747689326,46.0113861168377,45.77152144464123,90.0160179082293,90.93792567208764,6.550750022930727,-1.6960046337709915,3.0277461386373217,0.007644388203962767,0.4050270899869378,46.01138576650513,45.76888445957251,90.01601670486666,91.00301525284958,6.957691623865772,-1.8081293431646828,3.1815848768119714,0.007644388511422964,0.40626237694691797,46.0113857480446,45.76879146932224,90.01601666681127,91.00553311755334,6.973445938875994,-1.8120797606014059,3.1875019051883777
1.6,0.0,0.002860191702088056,-0.038171006309290996,10.722927329160798,1.0,ok,0.0076443657481821345,0.36653603918321337,46.011386135692085,45.77161933738252,90.01601794671119,90.93539285777497,6.534896513975371,-1.6920678181099915,3.0217661870862997,0.007644366053771817,0.3677643392781145,46.0113861168377,45.771530363022435,90.0160179082293,90.93792053792659,6.550748073218182,-1.6960040579989573,3.0276941703115403,0.007644388203962767,0.40522180800825036,46.01138576650513,45.76887186959782,90.01601670486666,91.00302066054972,6.95769140729808,-1.808129287885124,3.1816430306062795,0.007644388511422964,0.4064565185592376,46.0113857480446,45.76877746189347,90.01601666681127,91.0055393482773,6.973446529077381,-1.8120799253392024,3.1875676625391645
1.62,0.0,0.0028604984384768117,-0.038177638101613856,10.722907157646784,1.0,ok,0.0076443657481821345,0.3666914521457871,46.011386135692085,45.7716291499364,90.01601794671119,90.93538752027024,6.534895631081807,-1.6920675747347687,3.021710376638731,0.007644366053771817,0.3679203169385883,46.0113861168377,45.77153885199318,90.0160179082293,90.93791565812813,6.550746257039197,-1.696003517497671,3.027644749599878,0.007644388203962767,0.4054057750450478,46.01138576650513,45.7688599137828,90.01601670486666,91.00302579727439,6.957691180199066,-1.8081292326831249,3.1816982827595486,0.007644388511422964,0.40663993989172925,46.0113857480446,45.76876416037279,90.01601666681127,91.00554526889124,6.973447112042032,-1.812080084760085,3.1876301389187898
1.6400000000000001,0.0,0.0028607946854949298,-0.03818391531633995,10.72288809840203,1.0,ok,0.0076443657481821345,0.36683830724580635,46.011386135692085,45.77163847946656,90.01601794671119,90.9353824457343,6.534894771656443,-1.692067338842189,3.0216573375105304,0.007644366053771817,0.3680677074023565,46.0113861168377,45.77154693233494,90.0160179082293,90.93791102102236,6.550744563435408,-1.6960030118941885,3.0275977530744846,0.007644388203962767,0.4055795848985079,46.01138576650513,45.76884855996703,90.01601670486666,91.00303067581466,6.957690946477519,-1.808129176138911,3.181750777060927,0.007644388511422964,0.40681323267546643,46.0113857480446,45.768751529344605,90.01601666681127,91.00555089566012,6.973447684672792,-1.8120802405297218,3.187689499101587
1.6600000000000001,0.0,0.0028610812500684,-0.03818985696558822,10.722870090094759,1.0,ok,0.0076443657481821345,0.36697707605992147,46.011386135692085,45.77164734967018,90.01601794671119,90.93537762087298,6.53489393996808,-1.6920671097188713,3.02160693152953,0.007644366053771817,0.368206983046086,46.0113861168377,45.77155462364249,90.0160179082293,90.93790661493578,6.550742980237386,-1.6960025396136649,3.027553062839666,0.007644388203962767,0.40574379855821985,46.01138576650513,45.76883777778976,90.01601670486666,91.0030353088447,6.957690711445812,-1.808129118026188,3.1818006505674457,0.007644388511422964,0.406976955998023,46.0113857480446,45.76873953500647,90.01601666681127,91.00555624350653,6.973448242441807,-1.8120803931079357,3.187745899172645
1.68,0.0,0.0028613580644707274,-0.03819548103959025,10.722853074775088,1.0,ok,0.0076443657481821345,0.36710820400355726,46.011386135692085,45.771655783214605,90.01601794671119,90.9353730334626,6.534893140519251,-1.6920668875428022,3.021559027766685,0.007644366053771817,0.36833859044051726,46.0113861168377,45.771561944448806,90.0160179082293,90.93790242835234,6.550741495463378,-1.6960020983120307,3.027510566340874,0.007644388203962767,0.405898945994969,46.01138576650513,45.7688275385366,90.01601670486666,91.00303970878069,6.957690480531914,-1.8081290589082761,3.1818480338690893,0.007644388511422964,0.40713163812411907,46.0113857480446,45.76872814514923,90.01601666681127,91.00556132622725,6.973448780679162,-1.8120805421554322,3.187799487041537
1.7,0.0,0.002861624587441697,-0.03820080456189237,10.722836997688537,1.0,ok,0.0076443657481821345,0.3672321118179416,46.011386135692085,45.771663801724074,90.01601794671119,90.93536867213625,6.5348923770888465,-1.692066672977971,3.0215135020780215,0.007644366053771817,0.3684629517239792,46.0113861168377,45.77156891233775,90.0160179082293,90.93789845006734,6.550740098256076,-1.6960016852758213,3.027470156211909,0.007644388203962767,0.406045527867105,46.01138576650513,45.76881781499971,90.01601670486666,91.00304388764606,6.957690258414339,-1.808128999765641,3.1818930513153045,0.007644388511422964,0.40727777820325256,46.0113857480446,45.76871732913214,90.01601666681127,91.00556615669862,6.973449295435098,-1.8120806869053354,3.187850402953579
1.72,0.0,0.002861880127840413,-0.03820584364144311,10.72282180709982,1.0,ok,0.0076443657481821345,0.3673491969791289,46.011386135692085,45.77167142578001,90.01601794671119,90.93536452620165,6.534891652209299,-1.6920664668450338,3.0214702366630486,0.007644366053771817,0.36858046589648735,46.0113861168377,45.77157554403916,90.0160179082293,90.93789466931251,6.550738779386501,-1.6960012977443386,3.0274317301309805,0.007644388203962767,0.40618401714183705,46.01138576650513,45.76880858135708,90.01601670486666,91.0030478569628,6.95769004855699,-1.8081289416979167,3.1819358212241413,0.007644388511422964,0.4074158478739726,46.0113857480446,45.76870705784802,90.01601666681127,91.00557074705145,6.973449783945672,-1.8120808264640993,3.1878987799758285
1.74,0.0,0.0028621240743085478,-0.03821061352180133,10.722807454126363,1.0,ok,0.0076443657481821345,0.36745983502536206,46.011386135692085,45.771678674936325,90.01601794671119,90.9353605855002,6.53489096699822,-1.692066269887306,3.0214291196565544,0.007644366053771817,0.3686915100467541,46.0113861168377,45.77158185550442,90.0160179082293,90.93789107584263,6.5507375314017695,-1.696000933138854,3.027395190672494,0.007644388203962767,0.4063148606326676,46.01138576650513,45.76879981307115,90.01601670486666,91.00305162767842,6.957689853066808,-1.8081288857108475,3.1819764560932775,0.007644388511422964,0.40754629277397764,46.0113857480446,45.76869730367661,90.01601666681127,91.00557510880705,6.973450244774069,-1.8120809600238077,3.187944744450333
1.76,0.0,0.0028623560324223616,-0.03821512862765593,10.72279389258104,1.0,ok,0.0076443657481821345,0.36756438080252263,46.011386135692085,45.77168556774886,90.01601794671119,90.93535684030867,6.534890321247146,-1.692066082627553,3.021390044758543,0.007644366053771817,0.3687964405205289,46.0113861168377,45.77158786196403,90.0160179082293,90.93788765998191,6.550736348517468,-1.6960005891984085,3.0273604451455105,0.007644388203962767,0.4064384804545395,46.01138576650513,45.76879148680597,90.01601670486666,91.00305521012896,6.957689672783794,-1.8081288325887401,3.1820150628174835,0.007644388511422964,0.407669533964287,46.0113857480446,45.76868804042758,90.01601666681127,91.00557925297339,6.97345067771882,-1.8120810869884965,3.187988416400861
1.78,0.0,0.0028625758825863187,-0.03821940260883474,10.722781078823528,1.0,ok,0.0076443657481821345,0.3676631696302022,46.011386135692085,45.77169212181571,90.01601794671119,90.9353532812791,6.534889713670815,-1.692065905309296,3.021352910906688,0.007644366053771817,0.36889559403547956,46.0113861168377,45.77159357797006,90.0160179082293,90.93788441263499,6.550735226352162,-1.6960002640363756,3.0273274054162522,0.007644388203962767,0.40655527539887254,46.01138576650513,45.76878358035955,90.01601670486666,91.0030586140351,6.9576895075161405,-1.8081287828420993,3.1820517429201614,0.007644388511422964,0.4077859692745896,46.0113857480446,45.76867924327497,90.01601666681127,91.00558319010555,6.973451083581378,-1.812081207028863,3.188029909898887
1.8,0.0,0.0028627837754945464,-0.0382234483888463,10.722768970643488,1.0,ok,0.0076443657481821345,0.36775652117243374,46.011386135692085,45.771698353564354,90.01601794671119,90.93534989851047,6.534889140976725,-1.6920657380674573,3.021317620986591,0.007644366053771817,0.3689892915335355,46.0113861168377,45.771599017145725,90.0160179082293,90.93788132439437,6.550734160353912,-1.6959999562550856,3.0272959868511418,0.007644388203962767,0.40666562553676183,46.01138576650513,45.76877607198752,90.01601670486666,91.00306184790229,6.957689351976851,-1.8081287359733578,3.182086593858852,0.007644388511422964,0.4078959778662396,46.0113857480446,45.76867088805143,90.01601666681127,91.00558692974829,6.97345145963684,-1.812081319300586,3.1880693345844033
1.82,0.0,0.0028629800954676735,-0.03822727836604075,10.722757528987879,1.0,ok,0.0076443657481821345,0.3678447378053023,46.011386135692085,45.77170427935651,90.01601794671119,90.93534668492858,6.534888603609253,-1.6920655769872006,3.0212840848602984,0.007644366053771817,0.36907783653603,46.0113861168377,45.771604193273845,90.0160179082293,90.93787838879226,6.550733150495074,-1.6959996611008339,3.0272661111285237,0.007644388203962767,0.4067698904001019,46.01138576650513,45.76876894182918,90.01601670486666,91.00306492134222,6.957689215770095,-1.8081286897910844,3.1821197084047625,0.007644388511422964,0.4079999184167374,46.0113857480446,45.76866295264998,90.01601666681127,91.00559048260986,6.9734518182456675,-1.8120814218735257,3.188106794817125
1.84,0.0,0.0028631654078757106,-0.03823090424760832,10.722746717961526,1.0,ok,0.0076443657481821345,0.36792810136437126,46.011386135692085,45.771709913969836,90.01601794671119,90.93534363143627,6.534888097243959,-1.6920654226395617,3.0212522148934937,0.007644366053771817,0.36916151187743274,46.0113861168377,45.77160911880755,90.0160179082293,90.93787559756713,6.550732193544428,-1.6959993786639371,3.0272377019057997,0.007644388203962767,0.40686840490870074,46.01138576650513,45.76876217091526,90.01601670486666,91.00306784211513,6.957689090961394,-1.808128645643503,3.1821511722433806,0.007644388511422964,0.40809812504407716,46.0113857480446,45.768655416072406,90.01601666681127,91.00559385774676,6.973452155707702,-1.8120815165748074,3.188142387427262
1.86,0.0,0.002863340370046146,-0.038234336808890164,10.72273650244787,1.0,ok,0.0076443657481821345,0.36800687748177763,46.011386135692085,45.771715271637156,90.01601794671119,90.93534073003262,6.534887618639895,-1.692065277079869,3.021221928518336,0.007644366053771817,0.36924058407313426,46.0113861168377,45.771613805816955,90.0160179082293,90.93787294362987,6.550731286598976,-1.6959991107869283,3.027210687419596,0.007644388203962767,0.4069614845856996,46.01138576650513,45.768755741158046,90.01601670486666,91.00307061778967,6.957688973996759,-1.8081286049652054,3.1821810675513875,0.007644388511422964,0.40819091249068,46.0113857480446,45.76864825833099,90.01601666681127,91.00559706406933,6.973452471920565,-1.812081605505212,3.1881762053110885
1.8800000000000001,0.0,0.0028635056784336657,-0.038237586347729155,10.72272684955573,1.0,ok,0.0076443657481821345,0.36808131885724255,46.011386135692085,45.77172036592247,90.01601794671119,90.93533797320136,6.534887161719463,-1.6920651399471716,3.0211931472991784,0.007644366053771817,0.36931530662346446,46.0113861168377,45.77161826582696,90.0160179082293,90.93787042038542,6.550730424048167,-1.6959988570911868,3.0271849995585076,0.007644388203962767,0.4070494295782006,46.01138576650513,45.76874963526953,90.01601670486666,91.003073255565,6.957688860993653,-1.8081285674239125,3.182209472832098,0.007644388511422964,0.4082785801396529,46.0113857480446,45.768641460333626,90.01601666681127,91.00560011009996,6.973452766240581,-1.8120816891445957,3.1882083372602734
1.9000000000000001,0.0,0.002863662022968911,-0.038240662613562,10.722717728642124,1.0,ok,0.0076443657481821345,0.3681516632007957,46.011386135692085,45.77172520969781,90.01601794671119,90.93533535364709,6.534886742583666,-1.6920650112726663,3.0211657964961947,0.007644366053771817,0.3693859179653206,46.0113861168377,45.77162250979752,90.0160179082293,90.9378680214519,6.5507296214367745,-1.695998617652534,3.027160573374349,0.007644388203962767,0.4071325221483705,46.01138576650513,45.76874383695765,90.01601670486666,91.00307576223254,6.957688757568853,-1.808128533279208,3.182236462097338,0.007644388511422964,0.4083614095173261,46.0113857480446,45.7686350040857,90.01601666681127,91.00560300392286,6.973453045995566,-1.812081768566551,3.1882388670936845
1.92,0.0,0.0028638100495862353,-0.03824357488205248,10.722709110579018,1.0,ok,0.0076443657481821345,0.36821813589484476,46.011386135692085,45.77172981526041,90.01601794671119,90.93533286453213,6.534886337015156,-1.6920648899809154,3.021139805043843,0.007644366053771817,0.36945264415814644,46.0113861168377,45.77162654820535,90.0160179082293,90.93786574084855,6.550728855471947,-1.6959983914346075,3.0271373470959206,0.007644388203962767,0.40721102990228,46.01138576650513,45.768738330721,90.01601670486666,91.00307814425516,6.957688663194517,-1.8081285018054263,3.1822621057936984,0.007644388511422964,0.4084396675155545,46.0113857480446,45.768628872453775,90.01601666681127,91.00560575321892,6.973453314459977,-1.8120818438167006,3.188267874612155
1.94,0.0,0.0028639503431182978,-0.0382463319248234,10.72270096764514,1.0,ok,0.0076443657481821345,0.3682809499149568,46.011386135692085,45.77173419428563,90.01601794671119,90.93533049929124,6.534885942026099,-1.6920647753818212,3.021115105333788,0.007644366053771817,0.3695156988158568,46.0113861168377,45.77163039099428,90.0160179082293,90.93786357280588,6.55072812238415,-1.6959981777239854,3.0271152619130994,0.007644388203962767,0.4072852056745757,46.01138576650513,45.76873310183597,90.01601670486666,91.00308040776667,6.957688574858819,-1.8081284725838218,3.182286470858026,0.007644388511422964,0.40851360628226957,46.0113857480446,45.76862304915278,90.01601666681127,91.00560836526388,6.973453570262484,-1.812081915145189,3.188295435649968
1.96,0.0,0.0028640834184309274,-0.03824894203843552,10.722693273400274,1.0,ok,0.0076443657481821345,0.36834030676960333,46.011386135692085,45.771738357855554,90.01601794671119,90.93532825163457,6.534885576311824,-1.692064666973192,3.021091633081147,0.007644366053771817,0.3695752840575211,46.0113861168377,45.77163404759229,90.0160179082293,90.93786151175385,6.550727438775673,-1.6959979759189128,3.0270942618557948,0.007644388203962767,0.4073552886590064,46.01138576650513,45.76872813626559,90.01601670486666,91.00308255854165,6.957688490585984,-1.808128445318056,3.1823096209909196,0.007644388511422964,0.4085834643522046,46.0113857480446,45.768617518645456,90.01601666681127,91.00561084688556,6.973453811363369,-1.8120819828143613,3.188321622360324
1.98,0.0,0.0028642097221490566,-0.038251413074674855,10.722686002536696,1.0,ok,0.0076443657481821345,0.36839639673246083,46.011386135692085,45.771742316538656,90.01601794671119,90.93532611566432,6.534885227698307,-1.6920645642727155,3.0210693272521016,0.007644366053771817,0.3696315907449357,46.0113861168377,45.77163752699045,90.0160179082293,90.9378595524386,6.550726791695231,-1.6959977853631367,3.027074293725507,0.007644388203962767,0.4074215046825772,46.01138576650513,45.76872342072258,90.01601670486666,91.0030846021286,6.957688408678624,-1.8081284197448872,3.1823316166890994,0.007644388511422964,0.40864946692511034,46.0113857480446,45.76861226620549,90.01601666681127,91.00561320459744,6.973454037641913,-1.8120820470147285,3.18834650324612
2.0,0.5,0.002864329640975288,-0.038253752464292995,10.72267913295997,1.0,ok,0.0076443657481821345,0.36844939930728665,46.011386135692085,45.77174608042556,90.01601794671119,90.93532408588132,6.534884898026259,-1.692064466903509,3.0210481299210445,0.007644366053771817,0.36968479895029305,46.0113861168377,45.77164083777846,90.0160179082293,90.93785768993776,6.550726181957409,-1.6959976054421733,3.0270553069720316,0.007644388203962767,0.4074840667574218,46.01138576650513,45.768718942669054,90.01601670486666,91.00308654391058,6.957688333393742,-1.8081283957118583,3.1823525153648333,0.007644388511422964,0.40871182641953313,46.0113857480446,45.76860727791791,90.01601666681127,91.00561544466807,6.9734542543678275,-1.8120821079539682,3.1883701432977585
2.02,0.5083166999334664,0.0028644435119883054,-0.03825596723319449,10.722672642537459,1.0,ok,0.0076443657481821345,0.3684994842844073,46.01115131127073,45.77174965907202,90.01601822776013,90.93532215696179,6.534884594305054,-1.6920643747056658,3.0210279859805844,0.006836542775289407,0.3697350790146824,46.12435490488174,45.77164398808203,90.06746565916973,90.93785591944587,6.5507256151849305,-1.6959974357103127,3.0270372534458856,0.007644388203962767,0.4075431763429536,46.12409434159823,45.768714690133805,90.06699930668844,91.00308838891927,6.95768827149285,-1.8081283732403162,3.1823723716468133,0.007644388511422964,0.4087707437315789,46.01115092362329,45.76860254049256,90.01601694786027,91.005617572945,6.973454468769104,-1.8120821659359867,3.1883926043304864
2.04,0.5167214738450482,0.002857388915338497,-0.03975567700435548,10.717464204715558,1.0,ok,0.0076443657481821345,0.36949612810548965,46.01023695781163,45.775560030027535,90.01601931149727,90.93515278622186,6.707177202907953,-1.696085319562085,3.0051106910130576,0.001244935840180524,0.36861158283776546,46.85792372046919,45.78368386016351,90.43919748327814,90.94879631215595,6.1891223584585235,-1.6848486664142146,3.002268486600096,0.007644388203962767,0.40662339970329786,46.85589762554771,45.783766393142386,90.4355753576309,91.01813292369317,6.728642869295802,-1.800855790327953,3.1544224580516977,0.007644388511422964,0.40999827630068353,46.01023657016433,45.773578226913564,90.01601803159761,91.00954265300503,7.262710277727349,-1.8198829193726493,3.176793520233728
2.06,0.5252162071104236,0.0026934358769389,-0.04604951080269781,10.703642592886668,1.0,ok,0.0076443657481821345,0.3748666142349124,46.00789344498485,45.80011718320495,90.01602198029137,90.93915504169773,7.056052789763861,-1.717848226848437,2.913837188863566,-0.013733053500747983,0.3624288770072075,48.64682393465238,45.84549505307445,91.39927399905193,91.0040260464873,5.112587700443979,-1.6349623622824925,2.8731091214860003,0.007644388203962767,0.40169663548310947,48.64035015795221,45.85856143286414,91.3877073789267,91.08977939524125,6.090484200621146,-1.7685216364821572,3.0087511270365797,0.007644388511422964,0.41618457834498335,46.007893057338045,45.80120837685982,90.01602070039229,91.0290640979699,8.075771504292751,-1.8594694379994587,3.1073791002757813
2.08,0.5338028462998449,0.0031185724515947495,-0.07247882969929516,10.65436408396183,1.0,ok,0.0076443657481821345,0.40244346032117373,46.00324789569169,45.91203932435132,90.01602671105209,90.94755095510932,7.938391220458041,-1.7815676797154865,2.475990282461704,-0.04248681673656604,0.3310562861383486,51.57945083183379,46.07922177699531,92.87677340090274,91.18955841291245,3.2198786735926572,-1.469745952941224,2.3342557023467436,0.007644388203962767,0.3739431479548428,51.56543846386735,46.1483661677399,92.8517675647315,91.33889679259424,5.339368931025005,-1.6798281067872158,2.3830040213848047,0.007644388511422964,0.45024092496735985,46.00324750804576,45.921152507514584,90.01602543115415,91.10291084427956,9.882620760074639,-1.9963527713481137,2.781965996389857
2.1,0.5424834018554004,-0.0060355466610081685,-0.12389705618000398,10.585261017895945,1.0,ok,0.0076443657481821345,0.47854178885715665,45.99544153843278,46.16442672173492,90.0160328063097,90.9308597833032,8.610592357040877,-1.9146364055375558,1.4091482881030681,-0.08917477187862018,0.2470765390957537,55.589974290199564,46.68121114628345,94.78667518385657,91.6112427657161,3.6339738431175315,-1.0126218393924704,0.8286293260852395,0.007644388203962767,0.3163163109761043,55.56602311199865,46.76893016689285,94.74401357193939,91.79023816974151,4.200492552978447,-1.5314190871700932,0.8689396551120054,0.007644388511422964,0.5224871053260033,45.99544115078828,46.168252228163446,90.01603152641357,91.1975799497429,11.773672723266145,-2.277815084610356,1.985185919111232
2.12,0.5512599509163097,-0.07198614757801708,-0.21828619389266513,10.564881732417842,1.0,ok,0.0076443657481821345,0.5985551652751364,45.98383205188491,46.54136085060851,90.01603434194357,90.80915053848238,9.42559604270874,-2.054206030318511,-0.4015513124440151,-0.15770588507386055,0.12814195669567094,60.40672397289261,47.98102767122817,96.90082874806988,92.19076279697337,0.0,0.047345311876220014,-3.1317361218147486,0.007644388203962767,0.25035789336366604,60.37221888604201,47.87153578994782,96.83960519498447,92.50178051900203,5.12755914996952,-1.1158934242674092,-1.9980116707183082,0.007644388511422964,0.6099915936620385,45.98383166424257,46.53432978352844,90.01603306205011,91.22770954590172,12.191115864908852,-2.6343971491996907,0.5620308496132043
2.14,0.5601346403021813,-0.024974106941361488,-0.1771161636413111,10.635915337572957,1.0,ok,0.0076443657481821345,0.6761317598272155,45.968252033132174,46.95242735313164,90.01602895076617,90.81372813282182,12.832590958815585,-2.2906891271909924,-2.0687760001131537,-0.2517204996558377,-0.09064436475708752,65.63641962989213,50.72879724929513,98.96265879063942,92.3594465148989,0.0,0.0023184913721836786,-13.816102016645598,0.007644388203962767,0.07488055090931994,65.59338764495742,49.78866012305004,98.88658898830802,93.18193476098577,1.9932435963506843,-0.005298023324253054,-8.163078467267603,0.007644388511422964,0.8227454900671685,45.96825164549278,46.745351749808165,90.01602767087634,91.10219834639152,11.37057278277312,-2.815800645984915,-0.5817774504688067
2.16,0.5691096896649528,0.019864287249019494,-0.015635554448279246,10.648884591577687,1.0,ok,0.0076443657481821345,0.8238449639761408,45.95205861734909,47.25823672358984,90.0160121380126,91.07939615513922,16.09814258179205,-2.8161697885599954,-2.7193380299810888,-0.37457050260825625,-0.27301470445801906,70.8240176650216,53.99132817770592,100.7461062973709,92.80372435328842,0.0,0.3622441879818847,-25.845996505467095,0.007644388203962767,-0.10707686404828658,70.77708120649689,53.49739247712532,100.66348441752406,93.17583334318354,0.0,0.8109962022127895,-22.995421597362064,0.007644388511422964,0.9825854071997978,45.95205822971266,46.776616379538694,90.01601085812636,91.07320261710099,10.948993659780506,-2.847738795758694,-0.77806145682352
2.18,0.5781460519869365,0.19507828104020206,0.19598527657118894,10.643455377694835,0.0,ok,0.0076443657481821345,0.8682775345974909,45.95768344320638,47.26688082495951,90.01601927225627,91.39828364489725,16.700722280446268,-3.4325948471964907,-2.0384391469390195,-0.5285221418978733,-0.411762941594246,75.48260036058176,57.53531476458009,102.11403473645574,93.63592327344044,0.0,1.6429799164489611,-37.883900202159786,0.007644388203962767,-0.15732455418762847,75.43820810652097,57.34132750762481,102.03606317609501,93.78263027246642,0.0,3.9353600497084202,-36.76733273323074,0.007644388511422964,1.1090050288634778,45.95768305556892,46.63553602384537,90.0160179923688,91.17384081317812,11.696465397664609,-2.86857024631847,0.017462937734469275
2.2,0.5781460519869365,0.44922507854183075,0.36666034712589646,10.645852437607996,0.0,ok,0.0076443657481821345,0.8841525790220632,45.95768344320638,47.07446523265272,90.01601927225627,91.63707458748948,16.140550271858654,-3.851825882610807,-0.7240140044910415,-0.5285221418978733,-0.5803983385739048,75.48260036058176,61.39001910789637,102.11403473645574,94.73615586050973,0.0,4.291011542068728,-50.18470657368057,0.007644388203962767,-0.1692273533851033,75.43820810652097,61.3274408515248,102.03606317609501,94.79810191806726,0.0,8.662509824254977,-49.797619219003195,0.007644388511422964,1.1794215447491063,45.95768305556892,46.43570145036732,90.0160179923688,91.37609869268121,12.62418504592231,-2.9601136074672922,1.277900804377341
2.22,0.5781460519869365,0.7355020371290373,0.48575897829069054,10.664525587088264,0.0,ok,0.0076443657481821345,0.8999860740005663,45.95768344320638,46.74910299631885,90.01601927225627,91.78870203130911,14.842367959533538,-4.004394014394775,0.9306502357174229,-0.5285221418978733,-0.6762904617595367,75.48260036058176,65.32507952831153,102.11403473645574,95.9866008192742,0.0,8.218112789006014,-62.02583132904865,0.007644388203962767,-0.17380851391867422,75.43820810652097,65.30537895741372,102.03606317609501,96.01073098934111,0.0,14.38508640037272,-61.90180930741091,0.007644388511422964,1.192788906827306,45.95768305556892,46.18833369860432,90.0160179923688,91.6094173951164,13.053399397241945,-3.1070368007557607,2.79750761555933
2.24,0.5781460519869365,1.0196826085835717,0.5663356461959327,10.666432447378412,0.0,ok,0.0076443657481821345,0.9286761370654149,45.95768344320638,46.34914715847339,90.01601927225627,91.8730619140001,13.347293384858359,-3.9263652240094022,2.7347797896240813,-0.5285221418978733,-0.6978205543073688,75.48260036058176,68.80572417272145,102.11403473645574,97.2249561729316,0.0,12.597517434361954,-71.78369436712784,0.007644388203962767,-0.17222703886230936,75.43820810652097,68.79226670421515,102.03606317609501,97.22806238358265,0.0,20.222039409833172,-71.73858998688814,0.007644388511422964,1.1535216687896692,45.95768305556892,45.90845228961445,90.0160179923688,91.83755821258403,13.446126584273946,-3.247661460721838,4.4336017410930015
2.2600000000000002,0.5781460519869365,1.2773600029548156,0.6132453768245283,10.65059856159088,0.0,ok,0.0076443657481821345,0.9696233483794445,45.95768344320638,45.953110548001526,90.01601927225627,91.91545171143905,12.047367748026229,-3.6977995697293036,4.4284834824226955,-0.5285221418978733,-0.7008668142509129,75.48260036058176,71.55572298674251,102.11403473645574,98.36629497067374,0.0,16.594164386314933,-78.79278285492313,0.007644388203962767,-0.16849433837616026,75.43820810652097,71.53246194451476,102.03606317609501,98.35369298745078,0.0,25.3291649521677,-78.75475379909646,0.007644388511422964,1.0776945367783048,45.95768305556892,45.64881335752823,90.0160179923688,92.05939251546039,13.980825127517054,-3.3716019091872655,5.969692534059018
2.2800000000000002,0.5781460519869365,1.504305190208065,0.6381583396676468,10.640164485614607,0.0,ok,0.0076443657481821345,1.0085854231432911,45.95768344320638,45.615010193293024,90.01601927225627,91.93671843665027,11.171731507808962,-3.416833825023953,5.840784900029622,-0.5285221418978733,-0.6974103062114523,75.48260036058176,73.47143621862539,102.11403473645574,99.3681876657852,0.0,19.67678155520926,-82.97496876139269,0.007644388203962767,-0.1656520385261746,75.43820810652097,73.43044937721793,102.03606317609501,99.3417952679045,0.0,29.256615794867372,-82.91227112216177,0.007644388511422964,0.9924140056284344,45.95768305556892,45.439044590347564,90.0160179923688,92.26010506330249,14.516897586761141,-3.498690125612311,7.254172116433005
2.3000000000000003,0.5781460519869365,1.6977504288349898,0.6538757936418508,10.63288472127127,0.0,ok,0.0076443657481821345,1.0401310399423573,45.95768344320638,45.36589578821541,90.01601927225627,91.94903878836548,10.733990019903729,-3.1615108584896885,6.873617192805992,-0.5285221418978733,-0.6918332536798355,75.48260036058176,74.5275675106013,102.11403473645574,100.2114260738018,0.0,21.549131047399204,-84.4516713858269,0.007644388203962767,-0.16491486352374646,75.43820810652097,74.46768341301323,102.03606317609501,100.1725181192852,0.0,31.803667675380364,-84.35759814869031,0.007644388511422964,0.918681634510544,45.95768305556892,45.291285100487976,90.0160179923688,92.4240697392764,15.032623594226893,-3.629906582329024,8.205653343451969
2.32,0.5781460519869365,1.8523154946519722,0.6630292491495852,10.627213359660008,0.03999999910593033,ok,0.0076443657481821345,1.06822078943453,45.95722781965384,45.23116356889208,90.01601875017882,91.95854257311811,10.823986612109614,-2.9799578213782243,7.43795756650889,-0.5285221418978733,-0.6896965526022978,75.48408856946784,74.94034925092903,102.11399100713321,100.89519334189336,0.0,22.407410045134164,-84.07887338118562,0.007644388203962767,-0.16898351815292456,75.43958534856662,74.8734344102235,102.03602292415854,100.84457237853644,0.0,33.18804442800476,-83.99225573438574,0.007644388511422964,0.8691907639032961,45.95684852170034,45.22638873705292,90.01601703611618,92.55559771652518,15.743997387669486,-3.7710415715521486,8.751215833309455
2.34,0.5785077123616702,1.9632553663175925,0.6741612233165591,10.62745618550949,0.07999999821186066,ok,0.0076443657481821345,1.097417920865279,45.9564770522063,45.20180243168375,90.01601787046928,91.96442624823436,11.224276750268984,-2.897649645083284,7.568583003681822,-0.5353395359994388,-0.6920079680089692,75.65841195040237,75.08105082738383,102.1591602830368,101.4074805547589,0.0,22.77252005208076,-83.2127948072625,0.007644388203962767,-0.17907378210086153,75.61397839148457,75.00741297703252,102.08162396406496,101.3447133228881,0.0,33.954339471670956,-83.13522699407888,0.007644388511422964,0.8487545741610951,45.95550743958165,45.220885916570026,90.01601543549366,92.62866264875765,15.89145489306494,-3.916873863380896,8.930830413030527
2.36,0.5792316516612758,2.0351810278587625,0.6926622948495271,10.63239757140283,0.11999999731779099,ok,0.0076443657481821345,1.1264540305502884,45.955554977189216,45.24952344122248,90.01601675316006,91.96337352296008,11.64235537840548,-2.9001321025001365,7.37272610026396,-0.5491401992723385,-0.6969949378730639,76.00172333862213,75.180213417313,102.24746427072927,101.76258421201399,0.0,22.99965310018158,-82.61877763914104,0.007644388203962767,-0.19160299512603401,75.95751913698308,75.10227471908469,102.17084298594352,101.68950958432653,0.0,34.514755139292205,-82.55366502088313,0.007644388511422964,0.8471944534836342,45.953550118812934,45.26269026161951,90.01601296806571,92.6518229443619,15.85327972139533,-4.022671311107527,8.812556342904426
2.38,0.5803191105174302,2.0798699511074985,0.7204870295865721,10.638821725492926,0.1599999964237213,ok,0.0076443657481821345,1.1455673480723882,45.954415808738716,45.349468054282994,90.01601532371484,91.9560725475843,12.026122323406845,-2.952852368971654,6.952528642259037,-0.5702585108104415,-0.7019185995985752,76.50601583652447,75.33971301277732,102.37477050433066,101.97025890258915,0.0,23.2510469190217,-82.62142073609985,0.007644388203962767,-0.20134701024015306,76.46232272947617,75.26100423253158,102.29965118537731,101.91590030397667,0.0,35.10948944914237,-82.50472564109779,0.007644388511422964,0.8587094307751485,45.951065568248374,45.33632557206862,90.01600959060816,92.62780506007284,15.6921627613861,-4.071662165741493,8.464630211726776
2.4,0.5817715433099476,2.10687121880358,0.7555085242620803,10.650825642537571,0.19999998807907104,ok,0.0076443657481821345,1.1545795424306469,45.952363922011955,45.479263891283296,90.01601265234743,91.94110553900556,12.381334483356444,-3.0302631043568584,6.395205602291676,-0.5991941368497002,-0.7172800379833308,77.15832221384727,75.64602414891867,102.53493287654271,102.08419493678124,0.0,23.680595428513893,-83.37442812343183,0.007644388203962767,-0.2094794133121193,77.11588861118045,75.60778992220347,102.46204147078522,102.06563615739034,0.0,35.96155441997494,-83.30348263860188,0.007644388511422964,0.8797323191045802,45.94883178188657,45.42741223212732,90.01600625307351,92.5643183130533,15.21880602102117,-4.070525334624133,7.961094529395946
2.42,0.5835870842329602,2.128182037082234,0.8059268529049374,10.659822655850775,0.23999997973442078,ok,0.0076443657481821345,1.1550579836748722,45.950301738803944,45.60461629923646,90.01600972009832,91.92403625360404,12.669818706811173,-3.114699652755997,5.85132768663002,-0.6365438817238885,-0.7545618278221478,77.93915240739818,76.04820289315478,102.71961857948274,102.22140819211856,0.0,24.298686564985356,-84.3904794870051,0.007644388203962767,-0.21413357867093746,77.89840702639904,76.0249840715097,102.6498717029778,102.18557553352302,0.0,37.02845975276935,-84.41783390166135,0.007644388511422964,0.9038532522586622,45.94607673350274,45.49581294871858,90.01600192608043,92.45395457412387,14.76117780703481,-4.014378740781484,7.447026513888538
2.44,0.5857669799588603,2.154380805473074,0.8610670580272471,10.668469189618897,0.2799999713897705,ok,0.0076443657481821345,1.1483441254025872,45.94800878338604,45.720377647085655,90.01600626328994,91.90559520101404,12.87054328897893,-3.194369028461201,5.343254545522785,-0.6831333799160306,-0.7759413719385025,78.82407169548108,76.61643668706695,102.91941336643822,102.3584562888442,0.0,25.182209742795962,-85.96772887472497,0.007644388203962767,-0.2170271665116028,78.78571876853132,76.56994592475239,102.85391765180361,102.32598061132143,0.0,38.359395975332916,-85.90788812145966,0.007644388511422964,0.9276965301868002,45.94323098156908,45.561011727649586,90.0159970625111,92.34416678922729,14.389132949583862,-3.9273166626568012,6.9462703229042075
2.46,0.5883109194438921,2.187544410132951,0.9147163533296366,10.676543129464529,0.31999996304512024,ok,0.0076443657481821345,1.1382807968270363,45.94575622367245,45.80881071331482,90.01600261913549,91.87799423133838,13.052042496758748,-3.2650333284880566,4.925584241108644,-0.7399273471449387,-0.7994012494280414,79.7815912538032,77.2889124394768,103.123854961505,102.51793126398111,0.0,26.244472616126764,-87.82799789304659,0.007644388203962767,-0.2184899584243271,79.74638923681627,77.25464204613603,103.06388927873472,102.45573664138878,0.0,39.910528626560875,-87.89010764651078,0.007644388511422964,0.9427463477301078,45.9403330991973,45.621173211951,90.01599174313536,92.24691457833256,14.097236752630963,-3.832827052863027,6.492461726676724
2.48,0.5912191111214202,2.239340961218598,0.9675501170510328,10.679791901170624,0.35999995470046997,ok,0.0076443657481821345,1.1179922341010438,45.94362775106793,45.86241157789074,90.01599896484515,91.85294902473444,13.092017363998854,-3.31979745767819,4.654498069245144,-0.8080753181109558,-0.8415531791364416,80.77382271328055,78.09440554059314,103.32239459371827,102.71553411368977,0.0,27.496487446039662,-90.01882615770138,0.007644388203962767,-0.21926057230113963,80.74263603686356,78.07414453929215,103.26933852871187,102.64429747306184,0.0,41.73683098434629,-90.15437600144787,0.007644388511422964,0.9518621623999467,45.93774817764076,45.66938837009975,90.01598664693927,92.17192260862623,13.893880073566711,-3.749644748119313,6.134786333370057
2.5,0.5944908267247835,2.311760059847466,1.0224093759571438,10.682780357438697,0.3999999463558197,ok,0.0076443657481821345,1.0931664435356194,45.94222501136062,45.886270413954826,90.01599640083022,91.83926290237173,13.00877553264716,-3.3530675660600333,4.528650235821968,-0.8888795560810937,-0.8760430624766801,81.75663028898794,78.99367149593827,103.50516915138381,102.9134518775318,0.0,28.867333675005604,-92.49999464766618,0.007644388203962767,-0.21884332771419043,81.73022772401042,78.94774640128769,103.46037017762951,102.86420046132544,0.0,43.72173256328135,-92.4930811809439,0.007644388511422964,0.9563421853638923,45.93550329103033,45.69758836024045,90.01598198212686,92.11648706339135,13.802383144655922,-3.6835485219372623,5.900231678411194
2.52,0.598127107230734,2.397027235925882,1.0751422110054785,10.682571089034367,0.43999993801116943,ok,0.0076443657481821345,1.0778603058857787,45.94185438152593,45.89263034001309,90.01599568395142,91.83448579592907,12.937184572924671,-3.3631735528704203,4.492852156364663,-0.9838608466189136,-0.9467999845110113,82.68184268353113,79.93821467134043,103.66406508163816,103.10707322252071,0.0,30.25058691022399,-95.1144752290006,0.007644388203962767,-0.21847477927863218,82.66090054190995,79.86793043949403,103.62862562997782,103.08114096052948,0.0,45.77561141085721,-94.96775027022186,0.007644388511422964,0.9556572397226188,45.93416356959839,45.71319593518558,90.01597904458177,92.08543699883391,13.866357224866801,-3.6407000880485025,5.769612895972248
2.54,0.602128161490595,2.4965152351992574,1.1256621344753843,10.68347764824606,0.47999992966651917,ok,0.0076443657481821345,1.069666944060034,45.943299283548335,45.88780875465968,90.01599833183556,91.83664339225412,12.858936680195374,-3.3587060647964178,4.5173004244996315,-1.0946946932347827,-1.0265036498265128,83.49935589912393,80.91896742058081,103.79329330391269,103.3179768609956,0.0,31.660321416949603,-97.77067631210365,0.007644388203962767,-0.21835232234916008,83.48422052173538,80.84069688500365,103.7677795563971,103.29512833296413,0.0,47.90232315742124,-97.59357492873832,0.007644388511422964,0.9540506737696431,45.93411865894487,45.72132594655705,90.01597890807933,92.07854919449859,13.938481210704555,-3.625917608676747,5.721819150925178
2.56,0.6064954498560144,2.610102992360242,1.1763821897099762,10.683374128628863,0.5199999213218689,ok,0.0076443657481821345,1.065728479811504,45.94697994400997,45.870665061759944,90.01600480796212,91.83955266613447,12.751756694927492,-3.344903662303448,4.59313207035375,-1.223261741349446,-1.1114787648548639,84.16240188982837,81.86566722032462,103.88992033673816,103.51090781349642,0.0,32.96771500789194,-100.33182681305934,0.007644388203962767,-0.21781361678243863,84.15294742891085,81.81288995442948,103.87402368735802,103.47082776580119,0.0,50.0157983284225,-100.28832554170242,0.007644388511422964,0.9518280168544978,45.93650841924086,45.72144651016821,90.01598409613507,92.08694327733178,13.986658956967295,-3.6282954112893497,5.7396803491723825
2.58,0.6112280352707471,2.738450352092226,1.230429073564684,10.681342681839624,0.559999942779541,ok,0.0076443657481821345,1.063968144695805,45.95408218343577,45.84212961868375,90.0160159602713,91.84209445305108,12.652951384401321,-3.324065466083513,4.714181590834143,-1.3715309287791573,-1.2324544029004791,84.63474188228716,82.73535049812364,103.9538836675572,103.65701435691221,0.0,34.05236363839639,-102.74061092357415,0.007644388203962767,-0.21669766390085898,84.63011639320783,82.70657856866731,103.94612533942083,103.63180262378934,0.0,52.033425598448936,-102.73829369672383,0.007644388511422964,0.9486314150113982,45.94216370519887,45.71364839659074,90.01599566215577,92.10402391076336,14.082356548203029,-3.637593528120996,5.808457421639157
2.6,0.616326127516908,2.880975321046416,1.2905325779440229,10.67975875225012,0.5999999642372131,ok,0.0076443657481821345,1.0639878356830517,45.96589740568322,45.815378588318694,90.01603025437717,91.85261646335391,12.470915273683868,-3.2953511659862267,4.845427955026849,-1.5416411605900884,-1.3480301723987578,84.90313736950885,83.495676051816,103.98814543483081,103.7678397983113,0.0,34.90631223394673,-104.87078722034339,0.007644388203962767,-0.21523708285168222,84.90175925082889,83.47892041178063,103.98583916629046,103.73347812298839,0.0,53.862294603059915,-104.93491283528417,0.007644388511422964,0.9455040814388497,45.952376145921654,45.70044017508804,90.01601356609777,92.12477891967764,14.133904386185796,-3.652611626463069,5.907054094036218
2.62,0.6217899362857497,3.036167432058883,1.3559932846751794,10.677216261483972,0.6399999856948853,ok,0.0076443657481821345,1.0663228764975317,45.984043190596864,45.79533831181663,90.01604151795601,91.86202625954085,12.374808615525922,-3.262597332343752,4.94701699909092,-1.7358471639087587,-1.4793754799545644,84.9947725972772,84.05768191876417,103.99937468778869,103.84353823455608,0.0,35.38351637464389,-106.44841326971243,0.007644388203962767,-0.2131044743361409,84.99468899458034,84.04824766913079,103.99923507153946,103.79490521156842,0.0,55.387052590201,-106.577800173633,0.007644388511422964,0.942023360432175,45.96877132175034,45.69148217878616,90.01603387296875,92.14843644593796,14.171881181689658,-3.666567681544941,5.994792555546996
2.64,0.6276196714490269,3.2034511861955726,1.4270168062495243,10.677224038876806,0.6800000071525574,ok,0.0076443657481821345,1.0699284785242484,46.01021442502335,45.77992531527661,90.0160342702757,91.8653338211562,12.340292111352314,-3.23491072843652,5.0164974446146315,-1.956488889337822,-1.5996928359849758,84.99983480246208,84.38908372579736,103.99998063042705,103.88352216274343,0.0,35.44762939264756,-107.38533081561577,0.007644388203962767,-0.2112047510393446,84.99983183606861,84.3817921410385,103.99997568059705,103.85524138720069,0.0,56.580854495472465,-107.46875222359436,0.007644388511422964,0.9394713591100691,45.993654328620046,45.69041975399498,90.01604451925355,92.17182868760398,14.279096593205203,-3.6816225868070154,6.050040272012808
2.66,0.6338137652636099,3.381699376828782,1.5056204228317125,10.676598961977156,0.7200000286102295,ok,0.0076443657481821345,1.076389860561001,46.047373692106476,45.770466794862344,90.01597676129906,91.86457448286166,12.359745086445256,-3.2165360071587448,5.052923230941447,-2.205879139233637,-1.7525877207767946,84.99392019229128,84.53617238301823,103.99930330724962,103.90598148544106,0.0,35.142214578544646,-107.78501941428777,0.007644388203962767,-0.2107539804796676,84.9937975132373,84.52591516166649,103.9990989684765,103.8906531069439,0.0,57.49815952398572,-107.82701409932943,0.007644388511422964,0.9374407504474161,46.02888177763705,45.69172573037382,90.01601615286924,92.18833500893747,14.394097516729781,-3.6981176061441565,6.080726103838891
2.68,0.6403741001013575,3.5737940328563655,1.5926696607466624,10.675550256486536,0.7600000500679016,ok,0.0076443657481821345,1.0847290714278948,46.09810299104166,45.76727344825049,90.01580597430933,91.86174576524296,12.41214983861649,-3.2091141371529894,5.05943483321375,-2.4864639438667937,-1.97118343279563,84.96889159636603,84.58951945190435,103.99653190377249,103.91962913703837,0.0,34.57953866679866,-107.91139581344454,0.007644388203962767,-0.2119604808515794,84.96818539588858,84.5766937555292,103.99535735758137,103.91090885849952,0.0,58.30317617291676,-107.93181372995109,0.007644388511422964,0.9361532566356668,46.07762913483507,45.69654235424516,90.01589342280116,92.20049459678548,14.483203773126556,-3.719150266700888,6.087770975395202
2.7,0.6473008862556964,3.7831284879848597,1.68650374748676,10.6676018515706,0.8000000715255737,ok,0.0076443657481821345,1.0922865545072105,46.16570371295034,45.78275351963193,90.01541164769317,91.86393102233087,12.24376756234144,-3.2030052712235904,5.0014065250846285,-2.8005713437962174,-2.204257171458627,84.9086801222052,84.60883091426143,103.99013802755297,103.92667011653108,0.0,33.88533489268614,-107.94820242518432,0.007644388203962767,-0.21336085768924304,84.90635403287376,84.59969850280544,103.9862741363454,103.92190453959618,0.0,59.097003856632874,-107.97428026387801,0.007644388511422964,0.9356407954270903,46.143263904184266,45.72399047099136,90.01557237433146,92.22423361527193,14.667329226041165,-3.7409488718732757,6.028684834341297
2.72,0.6545943342012287,4.004674327027044,1.7847628574396273,10.671770476474638,0.8400000929832458,ok,0.0076443657481821345,1.1022816915078535,46.25391240114455,45.83833014010752,90.01460725773836,91.87537452919315,12.331863886895587,-3.1905087884053045,4.8014083068233795,-3.150407330952678,-2.448875195251016,84.79520897368154,84.60928762220283,103.97868150568286,103.93025151245105,0.0,33.1132294883654,-107.93481907777166,0.007644388203962767,-0.21488426963205262,84.78937598543035,84.59953019918511,103.96900151716758,103.92674372062628,0.0,59.87121009935992,-107.96052093973857,0.007644388511422964,0.9341932734993441,46.22961163656463,45.785206570388034,90.01487431057285,92.25400955970254,14.768764047209668,-3.7728307284784592,5.8465937532853065
2.74,0.6622546545939408,4.241337565733367,1.895438304875766,10.671344443890055,0.880000114440918,ok,0.0076443657481821345,1.112262043009671,46.36645099714579,45.913079148492535,90.01309703063086,91.88456168160002,12.308509042433975,-3.1852804115190083,4.5189632026804984,-3.5379813099542554,-2.7245141795313303,84.6088629638839,84.56817782449217,103.9609709918959,103.93185860070425,0.0,32.22668546355717,-107.79522858603505,0.007644388203962767,-0.21656242899277905,84.59646804271415,84.55506463648453,103.9403952061099,103.92907309493403,0.0,60.66201365868886,-107.81402356005631,0.007644388511422964,0.9330244705047708,46.34129643267433,45.853455854095294,90.01350232457908,92.26756950141892,14.78125351055774,-3.7981447980648086,5.600910581860575
2.7600000000000002,0.6702797523035137,4.499470061985766,2.0193240395717487,10.6732313662387,0.9200001358985901,ok,0.0076443657481821345,1.1202126461676623,46.50806110637836,46.00232964041667,90.01041932395898,91.88964848368137,12.318242354758302,-3.181770703278443,4.168966047626399,-3.9648971311562033,-3.0281259592207546,84.32913465951329,84.47792922776723,103.93623503184294,103.93233291939546,0.0,31.208713617885508,-107.50314659727137,0.007644388203962767,-0.21791189515990356,84.30559563483878,84.46069383284386,103.897134701816,103.91834895255873,0.0,61.47365381264189,-107.54565126817906,0.007644388511422964,0.9317859152367315,46.482439220272255,45.9355080346845,90.01099640728688,92.27130796338588,14.72202150030968,-3.810607580988442,5.278208788172839
2.7800000000000002,0.6786696273299472,4.784932169419566,2.1572718580648402,10.676636759766293,0.9600001573562622,ok,0.0076443657481821345,1.12555419594936,46.68365915405533,46.103407285628364,90.00587689535756,91.88648633100847,12.264498556098271,-3.1791106501686226,3.7531076175391362,-4.4324836017460525,-3.3524362157302554,83.93513759217633,84.31801569796654,103.90425894261338,103.92041586571288,0.0,30.01287960328461,-107.02410067474312,0.007644388203962767,-0.21877258296621815,83.89396637448532,84.30001939195263,103.83584747553681,103.88333859884834,0.0,62.28103264607185,-107.13367921791172,0.007644388511422964,0.929709866550159,46.65727348585598,46.035429691741165,90.00667846582053,92.2702247569858,14.556084351096136,-3.809538467158851,4.87295219586642
2.8000000000000003,0.68742679527467,5.102965923714865,2.308842767974404,10.67401622673203,1.0,ok,0.0076443657481821345,1.1276659948373624,46.89688619184087,46.220366746241915,89.99849901864857,91.87611238230595,12.162341102275876,-3.16961477988072,3.25720269372734,-4.941748707861008,-3.7207852341946994,83.40611178735455,84.02484767281469,103.8656303593632,103.88487257593839,0.0,28.497935489856253,-106.18551850097958,0.007644388203962767,-0.21871879340152933,83.33859326933259,84.00448814534435,103.75324671488515,103.85063452137203,0.0,62.98973326784392,-106.28724362618918,0.007644388511422964,0.924503414007631,46.87119766333778,46.16458707650089,89.99954525229133,92.27204398750956,14.670919501933572,-3.7954420345087323,4.356197138548734
2.82,0.6965488437218693,5.45403918289625,2.4734281723451894,10.673242597547354,1.0,ok,0.0076443657481821345,1.129816394587134,47.14858595208634,46.37480460653204,89.98708349717832,91.87100322638055,12.022625114538867,-3.154973651083696,2.62121035429852,-5.492846902549919,-4.109186019448947,82.72213384686204,83.68902607482092,103.82189147531868,103.86482575945074,0.0,26.82641333933277,-105.16577732807092,0.007644388203962767,-0.21984641471377245,82.61692723662443,83.66648317663409,103.64643299905819,103.80547477342947,0.0,63.70219696432235,-105.33652494055501,0.007644388511422964,0.9187619420842156,47.123721261293646,46.33340722084029,89.98839376366388,92.28122873302301,14.597047898813022,-3.7973222150427812,3.6956307885167847
2.84,0.7056735140931522,5.840862456137504,2.6569979827466206,10.678614024364336,1.0,ok,0.0076443657481821345,1.132629759851719,47.431948241678214,46.57056365372118,89.9705618451669,91.86954482422027,12.118739127164234,-3.1344350223297472,1.82604950263196,-6.062434344442,-4.5224953100667875,81.90067857510122,83.22081611529879,103.77664759467598,103.84045571338925,0.0,24.84044933325162,-103.73066414380213,0.007644388203962767,-0.21966730445256744,81.74632815618453,83.15382565399251,103.51842500034519,103.7639290827592,0.0,64.27056850550666,-103.81389719379835,0.007644388511422964,0.9128106271980766,47.40949053072427,46.54020168481366,89.97207584233934,92.28829873755622,14.647346791191,-3.7931073696505813,2.8773437800092836
2.86,0.714798184464435,6.269057561978787,2.864655221541414,10.679345730880733,1.0,ok,0.0076443657481821345,1.1359818403093103,47.74588154069335,46.7918814187515,89.94769450489638,91.86248469230398,12.069751542896055,-3.1311484554872453,0.9150238265986932,-6.647453364733323,-4.983453937724088,80.94306103232769,82.61300219331518,103.7321619969163,103.80005474795237,0.0,22.515135302255388,-101.88221450343343,0.007644388203962767,-0.22107293732288413,80.72733073014112,82.50764840915167,103.36994337901224,103.66619105303315,0.0,64.74941169586452,-102.00506623868333,0.007644388511422964,0.906159311923029,47.72662839084723,46.76567855332893,89.94931267960543,92.27617583337482,14.531322699422605,-3.7873505822222446,1.9414808638189007
2.88,0.7239228548357178,6.748454460581839,3.09608146808188,10.676596534008237,1.0,ok,0.0076443657481821345,1.1374963610539166,48.088092871407035,47.04752716331448,89.91714162281662,91.85051815351936,12.05548071979275,-3.1255565914911005,-0.1458575527255035,-7.24487435935862,-5.4715890271560115,79.85299372925208,81.89450796788968,103.6904252714172,103.76426282210298,0.0,19.911226645393015,-99.65052033459891,0.007644388203962767,-0.22231039419060847,79.56342229323519,81.74186369720634,103.20221627075227,103.54534342669264,0.0,65.19269946227858,-99.85649595999769,0.007644388511422964,0.8992745103094204,48.072832291472835,47.02777352955753,89.91871963823843,92.26003234213428,14.622079726678782,-3.7777710232958053,0.8488257961983825
2.9,0.7330475252070007,7.282617515519197,3.3491199612870393,10.678047560090128,1.0,ok,0.0076443657481821345,1.140189169005471,48.455688240094034,47.34820257021814,89.8775820010341,91.81659396916352,11.913113479688345,-3.1121603862544407,-1.438209572379362,-7.851566522325916,-5.975037969244534,78.63709985211723,81.03155216488683,103.65381819136081,103.71571181320219,0.0,16.991016479946847,-96.9652278462071,0.007644388203962767,-0.22363162548647436,78.26100862573793,80.8419336736649,103.01691396454653,103.39668121138475,0.0,65.57784567194894,-97.3240981887919,0.007644388511422964,0.891633993875895,48.44485692520424,47.340552019829495,89.87894670534892,92.23229133371183,14.617765256915206,-3.7787557551036097,-0.4743311223626978
2.92,0.7421748190100246,7.8761430710704055,3.632805924394566,10.683615108981538,1.0,ok,0.0076443657481821345,1.1449132136687956,48.84461619940526,47.70415519415613,89.82785335947325,91.78648826521903,11.887955079746213,-3.099963800007932,-2.94635377361413,-8.464500813000285,-6.500579218126395,77.30349811907479,80.08515126061195,103.6237331582853,103.68928966061185,0.0,13.831019711040415,-93.9224757669086,0.007644388203962767,-0.22605333651698148,76.82901157386328,79.8444561758503,102.81598175482912,103.232186087335,0.0,66.00142153253984,-94.48483740425156,0.007644388511422964,0.8845650362273271,48.839386385892176,47.70248563610131,89.82869922366804,92.19992899385902,14.457011892799056,-3.7753903967324525,-2.0066970304507823
2.94,0.7513021128130485,8.540352257322951,3.9569225218229884,10.689661296454911,1.0,ok,0.0076443657481821345,1.1500645128290903,49.25076424943285,48.10535332707605,89.76696696789553,91.75891534484481,12.227774381655275,-3.088772743203308,-4.6324558115670715,-9.080246659274783,-7.055225006489488,75.86283014008303,79.00485302042918,103.59996802612119,103.66305892538752,0.0,10.325705235659592,-90.40752126300676,0.007644388203962767,-0.2286598532559192,75.27975960370807,78.71742043212505,102.60174468351607,103.05874304103982,0.0,66.48743653879798,-91.20450184665724,0.007644388511422964,0.87745508253885,49.25176287373299,48.09294419224833,89.76694630366269,92.14501799330544,14.394151813203665,-3.7551667672649987,-3.7054704969245456
2.96,0.7604294066160724,9.297602626040684,4.328449795889747,10.695101826478025,1.0,ok,0.0076443657481821345,1.1520588696036314,49.66942814166809,48.50812095595324,89.6942340601829,91.69107450024718,11.950760051659172,-3.108195930307617,-6.416691228415733,-9.695524215322306,-7.633442461661687,74.32785198511348,77.83074867226875,103.58226592312684,103.6222183988371,0.0,6.543026022491235,-86.58309629849357,0.007644388203962767,-0.23159055560547628,73.62787142962583,77.44344002124389,102.37665786578415,102.88034710894811,0.0,67.10536217313685,-87.40115480050686,0.007644388511422964,0.8723889158357289,49.677189095423834,48.495381647304086,89.69294820522747,92.055905611332,13.930519476899454,-3.728145344128301,-5.531108550477088
2.98,0.7695567004190963,10.155530727534767,4.742290874659793,10.699961604088909,1.0,ok,0.0076443657481821345,1.1515857532867781,50.095628426584256,48.96535229660659,89.60934308536126,91.63790512088612,12.126039504062062,-3.10225252067544,-8.38923066760408,-10.307057383075257,-8.217096635105786,72.71340468355436,76.56855775667783,103.56977104557986,103.59660427344974,0.0,2.481177043555438,-82.38224234898054,0.007644388203962767,-0.2338890201359421,71.89042456752688,76.06823756461323,102.1433038015419,102.67372629557843,0.0,67.84385764705314,-83.27720995387355,0.007644388511422964,0.8641198599070533,50.11057478853629,48.95966857784388,89.60634379333804,91.98555576784777,14.027938202232189,-3.6737215040688644,-7.565822797621635
3.0,0.7786839942221202,11.090779959162285,5.209325920914118,10.665457589662296,1.0,ok,0.0076443657481821345,1.1867071851936148,50.52426753585335,49.42127531482797,89.51241775423351,91.52766187094575,11.226763859884027,-3.113927502360215,-10.48958525838406,-10.911600082531576,-8.756834903939149,71.03685066295924,75.52722163609198,103.56206868097499,103.60844263248786,10.409369429506079,-1.36012996152959,-78.79819405681711,0.007644388203962767,-0.2335274402170662,70.08674975342436,74.56735691193967,101.90435050339204,102.46897648160575,0.0,68.79274708825466,-78.65808732997482,0.007644388511422964,0.8231218387125497,50.54670282166186,49.40024577830467,89.50722105539374,91.82291718764012,12.338567460119371,-3.634158838184371,-9.716809863274777
3.02,0.7878112880251441,11.81384180137242,5.609604066159195,10.60892056994515,1.0,ok,0.0076443657481821345,1.4146373087278825,50.95071281723778,49.72626085200111,89.40395195371389,91.08129753722825,6.295770849686568,-2.8869981744237445,-12.764528993299967,-11.505962522060804,-9.208916375051986,69.31810242488636,75.6443910185574,103.55918834213351,103.48880889869824,15.054792140000535,-2.647297990534536,-79.50206059421099,0.007644388203962767,-0.22912988847939877,68.23789138516791,72.99158283810162,101.66253201603557,102.25185253200272,0.0,69.58144996284858,-73.74580495300842,0.007644388511422964,0.5511649829079577,50.979947109812784,49.74505362126914,89.3962655573548,91.41545265105998,8.737319080931686,-3.357317491805744,-12.043879489777115
3.04,0.796935958396427,12.413309740069188,5.912939597459455,10.550382017948904,0.958984375,ok,0.0076443657481821345,1.6150195307822859,51.3674022877066,49.937923623905824,89.29523716214308,90.57211033523313,4.177563557123042,-2.2313738707202546,-14.817959371361738,-12.086872651191754,-9.623340602379907,67.57664581979643,75.66987665867516,103.5573555853459,103.16847447551751,17.924423619466932,-3.3304980578981356,-80.41969009057848,0.007644388203962767,-0.23286177796513569,66.36717704450847,71.33915126806392,101.42067232026636,102.0271610049796,0.0,70.12807925208521,-68.51462534424768,0.007644388511422964,0.22554175062558265,51.403343359082506,50.01751404083379,89.2853468677134,90.97977510698482,6.116518984146709,-2.80934019656829,-14.153048678740676
3.06,0.805683860325284,12.930453511281627,6.106094437383999,10.489515876507877,0.958984375,ok,0.0076443657481821345,1.6887587923259069,51.76200391945294,50.22969191593907,89.17904288307034,90.2705548329447,3.9618513578964256,-1.0433657425322171,-16.71790146727953,-12.62855228106233,-10.040477588830738,65.90575439118804,75.38135788332487,103.55484813713149,102.76627130276401,19.433861040592593,-3.95505645385371,-80.47781966737551,0.007644388203962767,-0.23771337825621439,64.57537453838518,69.62046058480965,101.19120579833796,101.8103446405338,0.0,70.2323377504614,-62.9565260777305,0.007644388511422964,-0.061829872649730264,51.80364047584288,50.224858349122414,89.16635169489415,90.65383961114297,4.459398263164606,-2.202648361714271,-15.751329122940804
3.08,0.8144292493144867,13.303906884050717,6.162194949931561,10.533204958646875,0.958984375,ok,0.0076443657481821345,1.4625248998725633,52.1423213157514,50.66128697146951,89.0568618445811,89.95372237690395,2.550382427985492,-0.0012475898822812692,-19.224080217856514,-13.152600007171515,-10.595233399511105,64.25470287710101,74.76554538475531,103.55181735559128,102.35082951263816,19.23380926354294,-4.443674698855954,-79.43579590870587,0.007644388203962767,-0.2266989981321378,62.80747517745141,67.85994487003343,100.96672068898086,101.58641979374998,0.0,69.65989575379186,-57.19487318374694,0.007644388511422964,-0.3272353683343924,52.18912197837693,50.344783408537786,89.04125946779855,90.47081277272795,3.7484092470783823,-1.6699308085944171,-16.6630788729471
3.1,0.8231721268073642,13.36246324979742,6.178711751768465,10.51286550254403,0.958984375,tilt,0.0076443657481821345,1.0404710699575186,52.505491265198145,51.152141434467936,88.92969010752878,89.6530214197126,2.3637046012862797,-0.00428489712675853,-21.937305281733348,-13.656645389407116,-11.470298371959293,62.643960213290605,73.95718583266694,103.54644607692525,102.18317048433559,19.94030292126427,-4.730786584064752,-77.05661682895582,0.007644388203962767,-0.25831624144223503,61.0844270010628,66.06334569461934,100.74957488654452,101.3426866446424,0.0,68.14218556444277,-51.2798734635333,0.007644388511422964,-0.607688651276668,52.555086220806,50.37937076814255,88.91165934963048,90.4742499680565,5.055672526754747,-0.9560210275539327,-16.78875980201544
3.12,0.8231721268073642,13.305912915327491,6.1429568863086725,10.497119360954832,0.958984375,tilt,0.0076443657481821345,0.6773217168041442,52.50498719793519,51.586897844540644,88.92977442742962,89.4068762465895,0.0,0.0035857782453123377,-24.29869525659881,-13.655584778129684,-12.422568297005324,62.64266920614899,72.99273831323548,103.54539585587746,102.15023592092014,20.10824807183259,-4.9048100257289144,-73.76111147297695,0.007644388203962767,-0.27645070087664003,61.08325704361864,64.27911095571683,100.74874175631543,101.1108410188657,0.0,66.27251093734986,-45.31296638525334,0.007644388511422964,-0.7324116394825202,52.554578303992045,50.43383033292779,88.91174506896503,90.58664362498975,5.553895681925516,-0.23892837351349727,-16.742868917602376
3.14,0.8231721268073642,13.150641333894626,6.025148860107807,10.5133202557416,0.958984375,tilt,0.0076443657481821345,0.3865350166124439,52.50158042142765,51.90282385947129,88.93034430982115,89.166944535576,0.0,0.0008683840630567541,-26.165322515424442,-13.648416557042577,-13.390368829614422,62.63394383728571,71.8695267211905,103.53829785793889,102.16050124133268,20.547753449154676,-5.016593029130701,-69.7731468498754,0.007644388203962767,-0.277389818658446,61.07534979823977,62.64584172277734,100.74311098300231,100.92031882244126,0.0,64.11096174993442,-39.74451614874228,0.007644388511422964,-0.6707401093931724,52.5511455100045,50.67123441251566,88.91232440953453,90.45717492442928,5.1705439692530275,-0.012695146572080929,-18.016627477145832
3.16,0.8231721268073642,12.948185765353257,5.803805410642916,10.490354131647258,0.958984375,tilt,0.0076443657481821345,0.10670172197289413,52.49269615373715,52.04306983441175,88.93183046182061,89.00266645925295,0.0,0.0006403765954662854,-27.131858198326697,-13.629723110360223,-14.293272210665819,62.61118962593432,70.59836009363133,103.51978754074806,102.22040656175042,20.81582932428386,-5.114187634399092,-65.10874073457057,0.007644388203962767,-0.2830167269175584,61.05472910754148,61.556217576652735,100.72842692688437,100.82209351197102,0.0,61.956525356915826,-35.93456573547505,0.007644388511422964,-0.580845478306502,52.54219339334992,50.79177790585143,88.91383522678127,90.45752084043231,5.701502250046778,-0.2577325467438447,-18.50915114235277
3.18,0.8231721268073642,12.74914253296857,5.491180311059041,10.47204956908207,0.958984375,tilt,0.0076443657481821345,-0.16560712002182487,52.47610374755105,52.095144343575924,88.93460602402658,88.90742748568951,0.0,0.2136630098004827,-27.570173324525022,-13.59481091824971,-15.028004754516065,62.568693482150806,69.2021960292205,103.48521736432346,102.30484009632349,18.87425970834833,-5.147319798462953,-59.910021126434984,0.007644388203962767,-0.2875008516390001,61.016217562434626,61.07735547898775,100.7010027393141,100.76518541378465,0.0,60.00118236130105,-34.28680451617505,0.007644388511422964,-0.5224798619660413,52.52547427130939,50.54728488978134,88.91665685421351,90.75386906083844,7.88033972193634,-0.8223960550124664,-16.816545619345703
3.2,0.8231721268073642,12.680574082676946,5.129174484163755,10.485235479268784,0.958984375,tilt,0.0076443657481821345,-0.306524826610808,52.44990171932275,52.125598771541185,88.93898907483032,88.85856869101744,0.0,1.0417073962951697,-27.810520935114713,-13.539679056545545,-15.446139536346807,62.50158536374286,67.89980896717405,103.43062559936938,102.54071461486184,16.423750337321493,-4.949219835723693,-54.64699752210878,0.007644388203962767,-0.28875668724071485,60.95540175424579,60.868323463465366,100.65769561864731,100.7208668738144,0.0,58.32205438359911,-33.61235031744025,0.007644388511422964,-0.4191315597364808,52.49907213874677,50.16959037505702,88.92111264928025,91.30585362789051,11.00004257743295,-1.4831738455913617,-13.99412841967168
3.22,0.8231721268073642,12.659366967465402,4.758755611187046,10.507239905250408,0.958984375,tilt,0.0076443657481821345,-0.34546980159401736,52.41250283416807,52.14556576875806,88.94524512540043,88.83096680995429,0.0,2.1923809878581815,-27.95873847989866,-13.460987813780948,-15.566198673589266,62.40580007600033,66.75289733731914,103.35270525174894,102.82689542077573,14.352421161208088,-4.547298632774116,-49.812662280116434,0.007644388203962767,-0.2834440095274378,60.868597656249015,60.7863959280954,100.59588215832714,100.69258777543024,0.0,56.855086040402576,-33.37364462555698,0.007644388511422964,-0.3431770958321909,52.461387639098696,49.8296422638042,88.92747252976436,91.84976553544728,13.030881374470857,-2.1295087859206188,-11.360709955877708
3.24,0.8231721268073642,12.573736946828703,4.4023108495841425,10.530157608976966,0.958984375,tilt,0.0076443657481821345,-0.3522064988492945,52.36261904192145,52.153674408743214,88.95358963956534,88.81527076051654,0.0,3.248920951497477,-28.03011901844632,-13.356026995043647,-15.472988712904062,62.27803869021921,65.76648581556988,103.24877267684984,103.06024572395866,12.392494679365388,-4.0945080826321965,-45.68661101673202,0.007644388203962767,-0.27551068361556136,60.75281565973449,60.743311131583596,100.51343344896316,100.66001504742188,0.0,55.3651219130193,-33.28992443262424,0.007644388511422964,-0.3640068722315616,52.41112288538779,49.582626561708686,88.93595553548688,92.27196410047901,14.356561895569342,-2.719922856330201,-9.394688042199256
3.2600000000000002,0.8231721268073642,12.347700043726764,4.091742715695879,10.540109120878615,0.958984375,tilt,0.0076443657481821345,-0.34810613248178324,52.2992466411302,52.172692420966236,88.96419051556633,88.81809622272667,0.0,3.875369880522089,-28.101375202783217,-13.222684705437588,-15.260423267816314,62.115730546016025,64.97282348852544,103.11673666885731,103.25179345180487,11.423420919208025,-3.635272721572231,-42.35905233080264,0.007644388203962767,-0.27015511966032063,60.6057261391292,60.687392269108244,100.40869055714964,100.58535513781626,0.0,53.66801024160932,-33.25745443684994,0.007644388511422964,-0.4918617875197882,52.34726651091464,49.42782784423291,88.9467323512491,92.53309616589507,15.128284640220757,-3.201413592032583,-8.17291683499416
3.2800000000000002,0.8231721268073642,11.969744248515221,3.840158708191189,10.549793102635592,0.958984375,tilt,0.0076443657481821345,-0.3413483405890046,52.22165119810044,52.18205305339484,88.97717060878564,88.87007396679826,0.0,4.003785460418265,-28.013182707936153,-13.05941561814724,-14.955683741925391,61.91699462628542,64.36695511083677,102.95506703967898,103.37941886864166,11.235255516670547,-3.302271065514294,-39.86572734373675,0.007644388203962767,-0.2698027002696545,60.425624448584145,60.593616909610745,100.28043959942971,100.46184033728113,0.0,51.73686129261726,-33.19857624541875,0.007644388511422964,-0.6708240958073836,52.26907847313082,49.36835712351838,88.95992787142946,92.64097165241938,15.279151946445927,-3.552422809978372,-7.684207093822726
3.3000000000000003,0.8231721268073642,11.436893476565148,3.646716637889955,10.561066797081907,0.958984375,tilt,0.0076443657481821345,-0.3268552250920589,52.12935268669888,52.15220102798387,88.99261021754637,88.91330159304157,0.0,3.5425477572419464,-27.785735929691107,-12.86520970699585,-14.596405120813541,61.680601497553376,63.92901297474958,102.76276365781314,103.44139925846562,11.260019879349967,-3.092811364677244,-38.13749139866118,0.007644388203962767,-0.2727359990981774,60.2113964309435,60.415000493119706,100.12788718112813,100.35462906577929,0.0,49.60632215691503,-32.78330431585202,0.007644388511422964,-0.849904354807259,52.176075079953605,49.4029510965876,88.97562372703982,92.63025210458076,14.68401322796295,-3.748040027555497,-7.843100750602128
3.3200000000000003,0.8231721268073642,10.71482384235838,3.5028791871636735,10.574248575816224,0.958984375,tilt,0.0076443657481821345,-0.3035187552314506,52.02211046485578,52.08937970707573,89.01054959622914,88.9361970877993,0.0,2.361812674569846,-27.472911138791773,-12.639560635405447,-14.265650025967885,61.405934832092534,63.633236510657795,102.53932514698481,103.45619977866292,11.729140536123092,-3.005619331181052,-37.03530842936678,0.007644388203962767,-0.2774470535817791,59.962483547691555,60.24624738882954,99.95063556528112,100.25523108811382,0.0,47.16318631170782,-32.385527555490675,0.007644388511422964,-1.0092608484407875,52.0680138515349,49.52421577321324,88.99386084055143,92.54881868110786,14.06836408217941,-3.794538014800057,-8.511854734403911
3.34,0.8231721268073642,9.798188467284831,3.4013099893301533,10.581749061118792,0.958984375,tilt,0.0076443657481821345,-0.28853423314177484,51.899908420414874,52.00691483138288,89.0309914400604,88.94736688143114,0.0,0.47357368753739304,-27.1078714892051,-12.382434501680954,-13.991939121612509,61.09295336376573,63.44465458145844,102.28471793761534,103.42475096399471,12.748313285220004,-3.0313291433364324,-36.42964764446058,0.007644388203962767,-0.28285523312452465,59.678848401959755,60.07617086054143,99.74865812146565,100.12800403367088,0.0,44.31963711793703,-32.0474229186081,0.007644388511422964,-1.1114764983120258,51.94487855267022,49.678675871472315,89.01464195192267,92.37783899674842,13.232738012103034,-3.7357070055693624,-9.520819178295254
3.36,0.8231721268073642,8.74641550417013,3.2743746142755374,10.595754562809903,0.958984375,tilt,0.0076443657481821345,-0.314866425555386,51.762939608942304,52.14750916853715,89.0539034548854,89.21003313727485,7.898443755297675,-1.1597520839371558,-27.04480523265751,-12.094237515321941,-13.711372345933952,60.74215154268498,63.24145799134044,101.99934425979158,103.1688878660248,10.130094388247334,-3.1034936379985454,-36.298775616408044,0.007644388203962767,-0.2958319997261919,59.360939082353255,59.881143372892446,99.52227393493065,99.99694710533716,0.0,41.141983656487966,-31.623417992264425,0.007644388511422964,-1.0862624261881595,51.80686371328699,49.872893334511275,89.03793423102175,92.13079127463904,12.438009494610034,-3.607678837849168,-10.870092682944781
3.38,0.8231721268073642,7.736151976251372,3.0431534846211963,10.617046909765936,0.958984375,tilt,0.0076443657481821345,-0.3539876667140267,51.611591835040265,52.44595162885382,89.07922076911258,89.48871545657896,9.274239964121938,-1.7618908134793554,-27.58725000589632,-11.77578565856877,-13.401178226880662,60.354522606356014,62.90998855713452,101.6840121020214,102.61050722542682,7.093795662901487,-2.8619312064021294,-36.41256346815688,0.007644388203962767,-0.3043487641508637,59.00965569668415,59.5510809527851,99.27212397516729,99.81336967606508,0.0,37.95872589159656,-30.813474192373903,0.007644388511422964,-0.8532901819887059,51.654360099642915,50.04841102188109,89.06367172960157,91.81898749060008,11.048553777603614,-3.4226569415566797,-12.302793123613071
3.4,0.8231721268073642,6.781618624209117,2.7752866243287855,10.628782734523904,0.958984375,tilt,0.0076443657481821345,-0.3570726582060754,51.44643245950291,52.6672190026318,89.10684847515834,89.65189847632126,10.739473370402148,-2.141471831294591,-28.093839375359224,-11.428272719038477,-13.124527606244243,59.931519668065434,62.514049151913845,101.33990355703625,102.05436915153842,5.244980007691023,-2.389293619892624,-36.280682393953015,0.007644388203962767,-0.2997096079912259,58.6263151088582,59.243135116534745,98.99914598493962,99.60174905970983,0.0,34.88151056031867,-30.149827577418048,0.007644388511422964,-0.5127891812287136,51.487939405454526,50.14926041719068,89.09175796492396,91.54955118256544,9.920820794518399,-3.1569701453971546,-13.34310058676258
3.42,0.8231721268073642,5.8895884575792445,2.4882348397430154,10.627324748774715,0.958984375,tilt,0.0076443657481821345,-0.3405551677891542,51.26819369032086,52.7738464257947,89.13666408995402,89.77687016123197,11.902409297646194,-2.48784530429658,-28.22522120518403,-11.053239340429553,-12.864210089643356,59.47501804449125,62.04697408800269,100.96854417568946,101.57559331745134,4.61181646858494,-1.8537418746150565,-35.697238218952435,0.007644388203962767,-0.2720532177354343,58.21261679879063,58.841219206076666,98.70455016902746,99.38990248795794,0.0,31.76897949749992,-29.128716073219678,0.007644388511422964,-0.162979646731663,51.30833943056935,50.19412102566476,89.12206842110324,91.39443641769859,9.894565382709633,-2.9021770976845813,-13.894021259209854
3.44,0.8231721268073642,5.016918017557239,2.1641554935107155,10.634599865080322,0.958984375,tilt,0.0076443657481821345,-0.29042792744083584,51.07775661567949,52.774744709507104,89.16852022589113,89.87510889641526,12.190225477648983,-2.7822387803985436,-27.99145453141999,-10.652539426247554,-12.608373717506582,58.98727436133268,61.48885678353299,100.57176969980603,101.21062738877538,4.155967793806003,-1.1375674767360213,-34.49868892810723,0.007644388203962767,-0.24413133457064476,57.77060580244629,58.463452925777204,98.38979280371713,99.14008468724106,0.0,28.472126166468264,-28.283277213265844,0.007644388511422964,0.11789481739800181,51.11644799202456,50.18962282932882,89.15445326438012,91.31061078097558,10.246522471525628,-2.7518486153515904,-14.078034936442164
3.46,0.8231721268073642,4.145820663599826,1.800451542752276,10.65661738448268,0.958984375,tilt,0.0076443657481821345,-0.22749319846824062,50.87613789812417,52.68892646767006,89.20224681660883,89.96722004503724,12.62783650802554,-2.993145673026207,-27.420030098756044,-10.228312142909763,-12.29250125755598,58.47089247466837,60.80668836902676,100.15169833955775,100.92042451208796,3.098234730194101,-0.21301800339437738,-32.65277413557219,0.007644388203962767,-0.22435965383989262,57.30264182853983,58.054329392681,98.05655424471031,98.87172714551309,0.0,24.987943039662095,-27.357140508713044,0.007644388511422964,0.3032005566106363,50.91328951659584,50.151298926362315,89.1887396058502,91.27464372350553,10.635231505920792,-2.710221292573582,-14.01114566496084
3.48,0.8231721268073642,3.203631745076,1.4127737082673337,10.701756087884533,0.958984375,tilt,0.0076443657481821345,-0.06443950587031576,50.664472936631164,52.57268762887191,89.2376539336271,90.1078966719932,14.13697465845598,-3.1854771836682603,-26.61038513504596,-9.782946490946735,-11.618799862380243,57.92878034598421,59.61532875602495,99.71069569174125,100.7298041032201,0.0,0.6912404686800627,-28.664103235460342,0.007644388203962767,-0.20277368407110075,56.811360177123476,57.701208514858656,97.70671109713247,98.59515987163662,0.0,21.2177453039415,-26.658490521767387,0.007644388511422964,0.3559708505335155,50.70000807427737,50.0864114056579,89.22473436484378,91.28464088419634,11.757889727643873,-2.764725950469001,-13.726121012456904
3.5,0.8231721268073642,2.2567555075630295,1.0157908906291842,10.692735531177341,0.958984375,tilt,0.0076443657481821345,0.17454432522050353,50.44400270592746,52.460752545499,89.27453398785292,90.22825623062133,14.651225549044613,-3.4362577939419485,-25.870377663805982,-9.319053613527636,-10.99128943251193,57.36411633529852,58.688385931951174,99.2513473195816,100.4747227002688,0.0,1.7118346765620622,-25.792867068141017,0.007644388203962767,-0.199051242071078,56.29964119319595,57.230651563677974,97.34231446335545,98.28717733406471,0.0,17.16165512052346,-25.579302487230116,0.007644388511422964,0.3735289240923665,50.47785411709384,50.0346005927852,89.26222650697002,91.33665106808483,12.488875379248089,-2.916848576027045,-13.395617726315145
3.52,0.8231721268073642,1.4043835532059585,0.6287938789580907,10.683731245833638,0.958984375,tilt,0.0076443657481821345,0.36654698113991774,50.21605720887081,52.29854031912832,89.31266449765077,90.30751361937635,14.797572258958416,-3.624235937917924,-25.024574851872984,-8.839431978503136,-10.486374113038316,56.78030681972389,57.97867323138828,98.77642427586775,100.11241219171207,0.0,2.732938932665647,-23.966678875958657,0.007644388203962767,-0.2040062107032354,55.770571859107726,56.705407962127055,96.96556259283327,97.96712609012822,0.0,13.316122346787047,-24.311171512956392,0.007644388511422964,0.43537381730664715,50.24816780510663,49.94484669904323,89.30098985812816,91.38802098296566,12.603132267687766,-3.08824344321957,-12.91417161242714
3.54,0.8231721268073642,0.6486819052472454,0.26349691161653693,10.683881861401154,0.958984375,tilt,0.0076443657481821345,0.48512635383970737,49.9820423157695,52.0590629661518,89.35181029034887,90.37595123416959,14.731680226899739,-3.744194173551183,-23.889220472405437,-8.347039686930753,-10.025997519924013,56.18095248659239,57.36560665837576,98.28885568275612,99.71622673986731,0.0,3.772567398698939,-22.569124192494876,0.007644388203962767,-0.2073273418519069,55.227415248169876,56.21947875131493,96.5787791299248,97.62263973776462,0.0,9.830400249250488,-23.242845610342233,0.007644388511422964,0.5235991100017502,50.01236574522579,49.800172687852914,89.34078534255164,91.43778149189225,12.671882543995574,-3.1917209544561795,-12.214882027887258
3.56,0.8231721268073642,-0.05174194372212435,-0.07291004730198551,10.68395148187649,0.958984375,tilt,0.0076443657481821345,0.5551803934067773,49.74342253937449,51.755743322589524,89.39172638362238,90.46742283113366,14.390116476370226,-3.7880679059144016,-22.438395627095403,-7.844958229821261,-9.563771181194344,55.56980421710467,56.76102513510036,97.79169284357238,99.28488971405284,0.0,4.782927221688368,-21.27279434601054,0.007644388203962767,-0.20671746661615872,54.67357054481867,55.71162664638369,96.18438464413218,97.27955007914079,0.0,6.661206125440733,-22.079210575058294,0.007644388511422964,0.6009832965003101,49.77192363465513,49.56721836580305,89.38136391201283,91.45043857337514,12.534487843712215,-3.2453389871786102,-11.243611648899227
3.58,0.8231721268073642,-0.7224290771017117,-0.40525329034500884,10.681680494225002,0.958984375,tilt,0.0076443657481821345,0.5855891856306011,49.50170806773861,51.42034881431734,89.43216015462468,90.5681885056168,14.421405240583727,-3.7766774573352904,-20.83494659002458,-7.336365203891595,-9.09281376808369,54.95072987514455,56.16335373352903,97.28808222585323,98.82672543642836,0.0,5.826483844104217,-20.052810792291346,0.007644388203962767,-0.20219340438966737,54.11254294743604,55.164448230428796,95.78487519780842,96.92098595923386,0.0,3.5805620045824305,-20.791029774961554,0.007644388511422964,0.6499556018546214,49.528363194721614,49.33298254048582,89.42246875095464,91.48911362659658,12.529505065886786,-3.2593029102511233,-10.206541752440955
3.6,0.8231721268073642,-1.3854278409329284,-0.749999735475254,10.688036400875752,0.958984375,tilt,0.0076443657481821345,0.5969263385079904,49.25843870044511,51.041204134860564,89.47285402711998,90.63291705586121,13.987937302296414,-3.748332876428496,-19.13964681265412,-6.824500511676672,-8.624101367091876,54.327673165064155,55.598367949511164,96.78123199257728,98.36084974577615,0.0,6.989039130167036,-18.964319215540648,0.007644388203962767,-0.1977030669154193,53.54790638378397,54.62671480577412,95.38279579570559,96.5547146680873,0.0,0.5115719431751237,-19.54831906157331,0.007644388511422964,0.6705487902380936,49.2832359844253,49.10907291785432,89.46383800822088,91.5492850621214,12.801531613727233,-3.268730198602531,-9.161663187630536
3.62,0.8231721268073642,-1.9707962592892199,-1.0237387322508813,10.686166824107088,0.958984375,tilt,0.0076443657481821345,0.5140882059392601,49.01516933315162,50.579963109352114,89.51354789961529,90.72891040869612,12.783801252390676,-3.6723850352978795,-17.034860141500157,-6.312635819461749,-8.111448386825755,53.70461645498375,55.00661441858103,96.27438175930132,97.89214857124018,0.0,8.0773576479668,-17.7698162620267,0.007644388203962767,-0.20507521514605304,52.98326982013189,54.17973741437613,94.98071639360276,96.54362006385496,7.516990819310921,-1.4211273301520702,-17.834212297711705,0.007644388511422964,0.6973402686375945,49.038108774128986,48.73219267192625,89.50520726548712,91.47355509590007,8.738203636545952,-3.19201127241291,-7.808144356044128
3.64,0.8231721268073642,-2.2877759849139463,-1.1396267554112551,10.689085832261735,0.958984375,tilt,0.0076443657481821345,0.21813018359578157,48.7734544744369,49.99931279034035,89.55398173536777,90.84008216438357,11.799650390113717,-3.488626632088772,-14.404842249690297,-5.804041979076947,-7.624767451598261,53.085541121644965,54.39319670954335,95.77077033510581,97.3999272242349,0.0,8.66266764053181,-16.533406182795083,0.007644388203962767,-0.17710433022465483,52.42224132432599,53.59025707780368,94.58120630750908,96.60492211340754,7.764149716753778,-1.8563336224052713,-15.399585321509784,0.007644388511422964,0.6989371221839913,48.79454794416053,48.300776249121284,89.54631217025376,91.3409213273995,7.628821608638008,-2.80486429006176,-6.360362145539561
3.66,0.8231721268073642,-2.4502739724387514,-1.1901696182403176,10.68959879094747,0.958984375,tilt,0.0076443657481821345,-0.09264339659773409,48.53483508512073,49.44685335055205,89.5938977638911,90.91333266080461,10.93861728330995,-3.2618958467282093,-11.979262605182923,-5.3019613364225915,-7.171783569337189,52.474393843535914,53.77657158319036,95.27360830239843,96.91008725549058,0.0,8.915669852347484,-15.26653685146287,0.007644388203962767,-0.08849631381364285,51.86839751939805,52.946121432881405,94.18681246148638,96.50253992431331,8.050358825852864,-1.9693430836040873,-13.123738196131635,0.007644388511422964,0.6443189644739206,48.55410622362481,47.96309544823159,89.58689067389011,91.23062167960138,7.173503961700163,-2.4222557681680272,-5.238256641780153
3.68,0.8231721268073642,-2.489450323625421,-1.1896056369042436,10.685750231237336,0.958984375,tilt,0.0076443657481821345,-0.3393962955727517,48.300820385558836,48.99313312842845,89.6330435242141,90.97910325005614,10.797422002206503,-3.0549269332096896,-9.975391126671173,-4.809569452077778,-6.703767209553905,51.87504000609375,53.1633042321845,94.78604011252499,96.41750255503106,0.0,8.758981313409478,-14.007483970850776,0.007644388203962767,0.00657024438316695,51.32524135767184,52.32423304151838,93.80002931846288,96.26165557006618,8.12772057460031,-2.0354170938973217,-11.241190311818194,0.007644388511422964,0.5824958634000844,48.31830435876144,47.71236928760422,89.62668612540118,91.15159837370383,6.993733287325752,-2.151095279511121,-4.3967846855020305
3.7,0.8231721268073642,-2.4113137694809725,-1.1450873665724346,10.689591757574414,0.958984375,tilt,0.0076443657481821345,-0.4839915604427057,48.072874307883936,48.64521093503078,89.67117413113724,91.02212552729127,10.889854997932376,-2.926127136023516,-8.45768026140009,-4.329946595370572,-6.2226517827740295,51.29122900345112,52.55307097636791,94.31111585909659,95.92243158131872,0.0,8.154854732222452,-12.754617121301992,0.007644388203962767,0.0726630567568499,50.79617067594871,51.7790910958366,93.42327648828581,95.93549150858503,8.036204081938042,-2.075349461645521,-9.841619550834569,0.007644388511422964,0.5466112514407876,48.08861746172182,47.54026372213848,89.66544957529655,91.11885497206603,7.173395655295424,-1.9935346594484455,-3.770145006554232
3.72,0.8231721268073642,-2.219400755693706,-1.0380313197041586,10.704689683777953,0.958984375,tilt,0.0076443657481821345,-0.5220336456526049,47.85240427071965,48.38705588327371,89.70805415298797,91.07763519177955,11.196024661006364,-2.8793970289083886,-7.279776832185558,-3.8660541251790406,-5.734763371130874,50.72656548845477,51.97742872220664,93.85176789017511,95.43284242461384,0.0,7.077132787085615,-11.614165484231886,0.007644388203962767,0.10408499619505276,50.28445214123282,51.25166011977002,93.05888017439375,95.49408725201809,7.278633952109704,-2.0747997404542557,-8.760848605551319,0.007644388511422964,0.5397889927587757,47.86646369955576,47.37575070952826,89.70294168451038,91.08983007816133,7.26517407826186,-1.925740758290724,-3.1664300946910307
3.74,0.8231721268073642,-1.915605697555381,-0.875903803668303,10.712793209634217,0.958984375,tilt,0.0076443657481821345,-0.4768747186635121,47.64073950276606,48.19340370704861,89.74346123763114,91.16965464341952,11.684562435669035,-2.897598073430933,-6.28379119400832,-3.4206888804435813,-5.239159572907872,50.184453855459935,51.38209839448819,93.4107656455968,94.94008130831085,0.0,5.495089835252625,-10.39312463040773,0.007644388203962767,0.11207813428076262,49.7931709390281,50.74192978923091,92.70903734670087,94.99362588885457,6.445987117445461,-1.9963749546091232,-7.873137890942072,0.007644388511422964,0.5503797972929093,47.65318245225476,47.234265103665166,89.73893641059155,91.12170480308949,7.791347654766181,-1.9195027195448542,-2.5194119906408465
3.7600000000000002,0.8231721268073642,-1.5114806166863646,-0.6752357097841438,10.717348832946868,0.958984375,tilt,0.0076443657481821345,-0.3570730562312695,47.439120591671326,48.03663122487686,89.77718786072394,91.260535066157,12.344187477095756,-2.9725867946923805,-5.443258161790282,-2.9964611898782234,-4.752250956183495,49.66807147310629,50.77522983084013,92.99069388211034,94.45570748031756,0.0,3.507926758296788,-9.096491098249782,0.007644388203962767,0.10305620873499527,49.325206515910004,50.25342961578644,92.37579846780909,94.45447344792296,5.163840160252213,-1.8401048809623435,-7.147826935455598,0.007644388511422964,0.577537890218696,47.45002378180857,47.11252737419254,89.77322278497404,91.20550988626279,8.828807560841058,-1.9927406851338627,-1.8367334285841475
3.7800000000000002,0.8231721268073642,-1.0210172003153997,-0.452039605781434,10.729187530938205,0.958984375,tilt,0.0076443657481821345,-0.18232676418025817,47.24868361379966,47.886841998222984,89.80904398047349,91.31966439740225,12.635510818605706,-3.081257912444561,-4.70535678629902,-2.595761479310008,-4.2745756046864765,49.180328037792385,50.20545111982507,92.593919607846,93.98301040147786,0.0,1.2496169245929285,-7.910064223318858,0.007644388203962767,0.07734685175638015,48.88319574417148,49.786634575628085,92.06104126244125,93.89133269437252,3.7857348366225376,-1.6047639504019815,-6.555087888906158,0.007644388511422964,0.6192093857544252,47.25813244077251,46.99893565737177,89.80560761179473,91.3205100301257,9.780137527148607,-2.1531063269068262,-1.1184371891264366
3.8000000000000003,0.8231721268073642,-0.47157819026633335,-0.22159023160799582,10.69965470884781,0.958984375,tilt,0.0076443657481821345,0.02248772104548239,47.07044503815703,47.716581289487785,89.83885956289409,91.33398910018349,10.472902638648803,-3.159958638714086,-3.986902337607984,-2.2207285079286514,-3.9113412437843005,48.72382690990754,49.77960096365905,92.22256062973739,93.70262226294895,7.588492905333898,-0.9146228153148299,-6.853096640290296,0.007644388203962767,0.04723037028935214,48.46949788331555,49.3177217273356,91.76644576641405,93.30572794654711,2.3874856682219194,-1.3065878397336659,-5.997839945139916,0.007644388511422964,0.6606535711502258,47.07853266090481,46.88136440543863,89.8359180350616,91.45985528778355,11.127272268522653,-2.36634344928938,-0.33077644084655855
3.8200000000000003,0.8231721268073642,0.027537323632913425,-0.12718614171025644,10.706351085478847,0.958984375,tilt,0.0076443657481821345,0.12355500317441734,46.90528546908026,47.44418660039716,89.86648730131493,91.06349789570999,6.654027919738625,-2.899929454122586,-3.493491872368665,-1.8732151611707888,-3.81519361598237,48.30082347592762,49.61205343935651,91.87845168151406,93.69744676866522,9.218841024185261,-1.7457687033582518,-6.198554726621952,0.007644388203962767,0.06151523444356537,48.08615684627796,48.906675050413796,91.49346745630142,92.74612346620926,1.371431007876646,-0.9813770455139731,-5.609404384679384,0.007644388511422964,0.6543646283571326,46.91211177169895,46.8336142387496,89.8640043032964,91.54139075432057,11.293783194018795,-2.6048412436916015,0.04487043379580724
3.84,0.8231721268073642,0.37345824873545075,-0.12062615140761052,10.71830068967487,0.958984375,tilt,0.0076443657481821345,0.09574268070920824,46.75393764679336,47.16202714745094,89.89180462363589,90.82008295145187,5.133461472336444,-2.3762137203831126,-2.8936232068747514,-1.5547632026107276,-3.6433783124367376,47.91319441567632,49.33900409499702,91.56311942293432,93.46903689114049,9.080113174281337,-2.1001153179018366,-5.624951377690646,0.007644388203962767,0.11670616360170556,47.734873348305946,48.510055857373075,91.24331741656681,92.28906581726037,1.3371641837690833,-0.7070613596595123,-5.0444088938740865,0.007644388511422964,0.6000527010514731,46.75960810930051,46.77644795013969,89.8897418101043,91.5517922400434,10.853781094161352,-2.7613325785065084,0.30123725709893523
3.86,0.8231721268073642,0.5578647920162108,-0.1377019181428493,10.708716530450012,0.958984375,tilt,0.0076443657481821345,-0.023771470400573858,46.61696902886021,46.88683983780672,89.9147166060858,90.71961861491529,5.01374350184655,-1.9035150428009726,-1.9952000806728598,-1.2665666234792816,-3.3744969455157245,47.56239309028491,48.986993900447125,91.27774614834875,93.1615160401883,8.83183751905536,-2.2429011451313743,-4.9126679136289315,0.007644388203962767,0.1749311692766754,47.41696447791108,48.09705059995153,91.01693354991676,91.95304434410778,1.9003105132563265,-0.5900050874982389,-4.135763435690221,0.007644388511422964,0.5350897397347729,46.62159346493475,46.6713752120103,89.91303405629098,91.53946316148493,10.441884446042256,-2.8012217684162852,0.7015384759413712
3.88,0.8231721268073642,0.5908990136051936,-0.16931200711277536,10.699433618751717,0.958984375,tilt,0.0076443657481821345,-0.18233995987544077,46.49476708118901,46.60953084358496,89.93515843372951,90.70016851523373,5.27034693485358,-1.6118936029593072,-0.9037566055988544,-1.009440693368573,-3.0543775313158736,47.24941186980277,48.57075612568283,91.02313914059837,92.80241575756042,7.959997575400261,-2.2623676662361576,-4.055623967067295,0.007644388203962767,0.21710580409282643,47.1333295567851,47.703297403322686,90.81495626604378,91.745703239311,3.1496041078618826,-0.6530706514385962,-3.0104242636062595,0.007644388511422964,0.4836954311888654,46.498458263578804,46.513244365762375,89.933815151206,91.50050887348085,9.780430704859022,-2.7578952765516114,1.2576289869676016
3.9,0.8231721268073642,0.5152397342272349,-0.20408474575655178,10.680891221208277,0.958984375,tilt,0.0076443657481821345,-0.3565118096400172,46.38752456903679,46.349230283946504,89.95309786097492,90.74228275206977,5.514287526831876,-1.487523832478476,0.2567769635436201,-0.7837910109368185,-2.709616653610064,46.974744460807926,48.14758744130032,90.79970002491278,92.44922258013649,7.479621499172739,-2.1726176948615725,-3.15299886592485,0.007644388203962767,0.24301080209139583,46.8844159997157,47.34207979779394,90.63770417036933,91.6384586325721,4.796067185556329,-0.8432193239110465,-1.7886665152122005,0.007644388511422964,0.4553035288360013,46.39039674263389,46.32540439569236,89.95205231408625,91.44365635422747,8.916868886976898,-2.649448716795417,1.8943071112909327
3.92,0.8231721268073642,0.3694703888627669,-0.2393879292887094,10.672538771987144,0.958984375,tilt,0.0076443657481821345,-0.5262404861975022,46.295226396329205,46.12802882568419,89.96853741307925,90.82366343977391,5.740711168276549,-1.4553982664286327,1.3446101318057013,-0.5895858124336737,-2.360057788666761,46.738352199532216,47.72527737298047,90.60739734871375,92.07744316161939,6.535377636240827,-2.0436972459190357,-2.2904321123020654,0.007644388203962767,0.26084725940494086,46.670188768195416,47.03486278771894,90.48515231186643,91.60749771325057,6.2279340000897685,-1.0777515393387491,-0.6133735342240543,0.007644388511422964,0.4417694504256049,46.29739369073725,46.14414786197026,89.96774811209987,91.3786745279545,7.934086459034803,-2.4818629927047393,2.48640545494877
3.94,0.8231721268073642,0.19391852845254692,-0.2665867513001375,10.667078617879923,0.958984375,tilt,0.0076443657481821345,-0.6744758524587743,46.21763102587672,45.963438428770004,89.98151749415788,90.9382472700733,6.295716270788104,-1.4827349737893472,2.273761661030993,-0.4263168778536617,-2.0276859461932397,46.539616465685114,47.36242685022476,90.44572787074974,91.74995384350055,6.166292378509693,-1.88073641175961,-1.5640348545606642,0.007644388203962767,0.2748624092063177,46.49008724610472,46.781398825545374,90.35690147410337,91.60719540819316,7.247063776492381,-1.3472866187956394,0.412867161385444,0.007644388511422964,0.43546455213943785,46.21920572608498,45.995292964535636,89.98094361993809,91.32176577901575,7.155530130788071,-2.2808754380073855,2.9651138225197657
3.96,0.8231721268073642,0.016391800013559835,-0.2821886552208342,10.66619064529339,0.958984375,tilt,0.0076443657481821345,-0.7829022191358286,46.15425847993092,45.82552320814312,89.9921183944402,91.03374321536197,6.673113193978896,-1.5564798315139614,3.0496097196627545,-0.2929742828269273,-1.7327753287398873,46.377307949714925,47.03560018995978,90.31369156032858,91.45151611846067,5.628342362121162,-1.7396003526877029,-0.9141660773845928,0.007644388203962767,0.2866193134903657,46.34299738859071,46.55571439028702,90.25215834237612,91.59912158678219,7.840535149080378,-1.606575100777094,1.3093401880197586,0.007644388511422964,0.4315500309688308,46.15534920534873,45.85843880923385,89.99172046038461,91.24908580670676,6.6383227742636715,-2.0782441510554666,3.360575440219643
3.98,0.8231721268073642,-0.13135783848262264,-0.29189229832050584,10.663339847194049,0.958984375,tilt,0.0076443657481821345,-0.8562083089274993,46.104374469952454,45.72693987739454,90.00046294502708,91.10649168275059,6.793296881133317,-1.6361259442997342,3.6133413091290754,-0.18801300595861292,-1.4741730418172991,46.249546006283296,46.78033504108879,90.2097585317865,91.21344013806241,5.442814172054295,-1.6107184608072818,-0.41633044760325255,0.007644388203962767,0.2958746752706539,46.2272148867131,46.37754613333597,90.16970927314155,91.5917768917765,8.453902246103796,-1.827090834850817,2.014981480351147,0.007644388511422964,0.4305328986604737,46.10508423224317,45.76581428342495,90.00020350313359,91.19342183856111,6.329058890633935,-1.9057962582359687,3.614136401168172
4.0,0.8231721268073642,-0.23324700921673913,-0.2913816066407894,10.666394208356833,0.958984375,tilt,0.0076443657481821345,-0.8987320419390794,46.06697568761558,45.66075850096277,90.00671897839794,91.15006577178909,6.875501868599978,-1.699952588173955,3.979680327333562,-0.10932197953366085,-1.2469821231060807,46.153760981875735,46.590377623692376,90.13183839838636,91.02282850766575,5.488007936526185,-1.5220126146594273,-0.07560174624735017,0.007644388203962767,0.30561920701287365,46.14041102736,46.222350834101476,90.10789598276028,91.5427317269075,8.532288709784437,-2.003112119479126,2.5354203990007873,0.007644388511422964,0.4296754018820423,46.06739983619813,45.706546341902474,90.006563366133,91.13652319410437,6.066276947412691,-1.774457410722699,3.7295422961481917
4.0200000000000005,0.8231721268073642,-0.28836926079572284,-0.2819885429021607,10.670498423256353,0.958984375,tilt,0.0076443657481821345,-0.9081169741077968,46.04077354749731,45.62341273802571,90.01110204791853,91.16878794030124,6.861931766442289,-1.7399885944267939,4.173005683841407,-0.05418988240105804,-1.057850026939509,46.08665257689739,46.45958820380009,90.0772464003102,90.88845302570391,5.567962279758791,-1.4741257576613467,0.15174553179564398,0.007644388203962767,0.3140645917666885,46.07959495947068,46.10045085625044,90.06458867715999,91.47090228207838,8.501008484094182,-2.1151065990244327,2.870898947016365,0.007644388511422964,0.4294844715517994,46.040997590891024,45.6770260602545,90.01101918022722,91.08871761578177,6.079844104122942,-1.6789285960648916,3.744095904045147
4.04,0.8231721268073642,-0.30434312555052684,-0.26513963018235454,10.687262564902833,0.958984375,tilt,0.0076443657481821345,-0.8818296408178538,46.024181413476015,45.60519088025177,90.01387756459701,91.16222038787812,6.994124386685872,-1.7656813182135993,4.231945310484791,-0.01927826295431423,-0.9125534799527493,46.044157130177,46.3793577207452,90.04267679093931,90.80948638006382,5.770169573744732,-1.4627999509430993,0.29844107616644466,0.007644388203962767,0.32194095566489156,46.041084046067695,46.01546631650222,90.03716493942795,91.3939751579627,8.043759065628896,-2.155783488112996,3.045660518884774,0.007644388511422964,0.4287560103372066,46.02427874309382,45.661442169684854,90.01384076137637,91.04197145685701,6.071872773725286,-1.627142703168407,3.7043119252330445
4.0600000000000005,0.8231721268073642,-0.29211822782250346,-0.241336258593624,10.688979385970837,0.958984375,tilt,0.0076443657481821345,-0.8206423987331132,46.01529679310529,45.58107047075645,90.01536377559249,91.13582885096433,6.646311951815407,-1.7790731406796683,4.270320059493487,-0.0005840741951601558,-0.8104201456005015,46.02140201554798,46.31049283583071,90.0241657389414,90.77052964022508,6.412008706670841,-1.49450300306872,0.4894985592467094,0.007644388203962767,0.32785093217270295,46.02046253678649,45.940726126156434,90.02248030039463,91.31198739668655,7.956676784374229,-2.1390499741905136,3.1678994825952156,0.007644388511422964,0.42788897625580935,46.015326271065604,45.6345111014485,90.01535163859828,90.99884231697254,5.950298469125654,-1.5963119983416694,3.718684343142847
4.08,0.8231721268073642,-0.25196549528060075,-0.21933469291271118,10.694600584117056,0.958984375,tilt,0.0076443657481821345,-0.7540406047248378,46.01189011232793,45.55967774261917,90.01593364197036,91.10472294571329,6.443330068721848,-1.7535616420373163,4.287092497755579,0.006583945465420626,-0.7199949092387735,46.012676891866974,46.24305203004031,90.01706794045609,90.74246011835987,6.51138539181292,-1.5641590345600067,0.699473490357011,0.007644388203962767,0.3334700498503537,46.012555513600674,45.86633875953059,90.01684968530587,91.22501228970349,7.660161398045766,-2.1016111426603,3.277854714795497,0.007644388511422964,0.42633105273848665,46.01189357353934,45.620742853632876,90.01593096288835,90.98264381357947,6.239887455097187,-1.5816256109952298,3.738989329633402
4.1,0.8231721268073642,-0.20293824245451453,-0.20324026756700195,10.699778753803042,0.958984375,tilt,0.0076443657481821345,-0.6748970236953179,46.011386135692085,45.550679081547216,90.01601794671119,91.0727453306095,6.281703772616891,-1.71259746025176,4.251215281420306,0.007644366053771279,-0.6513949979099964,46.0113861168377,46.1990951618151,90.0160179082293,90.74454373153503,6.703212327899732,-1.6264112122946102,0.8816298097791275,0.007644388203962767,0.339811785940855,46.01138576650513,45.823352324824604,90.01601670486666,91.16768318194809,7.464647148477264,-2.049423943678911,3.325769348875518,0.007644388511422964,0.4239746331825332,46.0113857480446,45.61974688625702,90.01601666681127,90.98488484948818,6.46523903228941,-1.600682524894887,3.7480543282485956
4.12,0.8231721268073642,-0.15152834426880318,-0.19056056062916582,10.704493689512567,0.958984375,tilt,0.0076443657481821345,-0.5923368848787478,46.011386135692085,45.548431488529076,90.01601794671119,91.04104547789802,6.147310939193326,-1.6700022058043495,4.1883779666538885,0.007644366053771279,-0.5958545949108845,46.0113861168377,46.1696822036037,90.0160179082293,90.76431366916998,6.866678392828741,-1.6814757733188586,1.0442672442865508,0.007644388203962767,0.34582635939402534,46.01138576650513,45.79864874267069,90.01601670486666,91.12706366940586,7.299006757998119,-1.9961788357622592,3.336309750298888,0.007644388511422964,0.4219073022291826,46.0113857480446,45.62464663439813,90.01601666681127,90.99589626277968,6.652796779077824,-1.63882996350425,3.75248316814894
4.14,0.8231721268073642,-0.10313809763206536,-0.1798679970007955,10.70892859063682,0.958984375,tilt,0.0076443657481821345,-0.5139218091900863,46.011386135692085,45.550396615933096,90.01601794671119,91.01269583915584,6.057628492103429,-1.6313314074747411,4.115862422598426,0.007644366053771279,-0.5453724493479033,46.0113861168377,46.1472909520039,90.0160179082293,90.78965580976391,6.9773451656871845,-1.7292028577392018,1.19078633061534,0.007644388203962767,0.3514278438037817,46.01138576650513,45.78373979023063,90.01601670486666,91.09646136995237,7.174572054126579,-1.9475749318917206,3.329170179088903,0.007644388511422964,0.4201545796596882,46.0113857480446,45.632316932958396,90.01601666681127,91.0099401038588,6.789163388213397,-1.6823908694323966,3.752324061807366
4.16,0.8231721268073642,-0.061979687578054866,-0.17029374616404552,10.713239546580196,0.958984375,tilt,0.0076443657481821345,-0.4435877414349881,46.011386135692085,45.55509029403905,90.01601794671119,90.98980454635337,6.013440584119163,-1.6003820788755043,4.044461019839046,0.007644366053771279,-0.49548156848584113,46.0113861168377,46.12774704023049,90.0160179082293,90.81360345516116,7.048111948104146,-1.7674696582494314,1.3225552050373512,0.007644388203962767,0.35682537107989626,46.01138576650513,45.773445093089975,90.01601670486666,91.07251507381149,7.090174269829267,-1.9067888023254627,3.3179768617521423,0.007644388511422964,0.4184441936921115,46.0113857480446,45.64075538083626,90.01601666681127,91.02307815126139,6.875210671251677,-1.7222267671005222,3.7470383523819653
4.18,0.8231721268073642,-0.030908531910804695,-0.16156903770836145,10.717422186420112,0.958984375,tilt,0.0076443657481821345,-0.3822368876295821,46.011386135692085,45.56203482733004,90.01601794671119,90.97275144389825,6.02146984958447,-1.5792755812933275,3.9769886035984636,0.007644366053771279,-0.44468271370950385,46.0113861168377,46.109599136284935,90.0160179082293,90.83175732685157,7.046966499156199,-1.7948998098029703,1.4356628295105756,0.007644388203962767,0.3621822569605463,46.01138576650513,45.76623241157823,90.01601670486666,91.05423477763689,7.053527645236334,-1.875299728932512,3.3067692927993555,0.007644388511422964,0.4165506098959943,46.0113857480446,45.649143361692886,90.01601666681127,91.03266713197891,6.902645092288361,-1.7535165397268258,3.7341277317824995
4.2,0.8231721268073642,-0.01162698310113318,-0.15338855113438873,10.721421732385908,0.958984375,tilt,0.0076443657481821345,-0.3282430700029448,46.011386135692085,45.57094641002976,90.01601794671119,90.96201942760477,6.064251753854451,-1.569424628636691,3.9156348577255304,0.007644366053771279,-0.3941269867908733,46.0113861168377,46.09157847425222,90.0160179082293,90.84460008357107,7.0081792008465875,-1.809177628903192,1.5364039613947889,0.007644388203962767,0.36656833994572485,46.01138576650513,45.761806752555614,90.01601670486666,91.04230570708698,7.049940074555482,-1.8546761699411267,3.2982876678980255,0.007644388511422964,0.4147480155206484,46.0113857480446,45.65629413695729,90.01601666681127,91.03773747765608,6.900156324652119,-1.7734193120780875,3.716273312726004
4.22,0.8231721268073642,-0.0026907105907663506,-0.14576777500675683,10.725188923253977,0.958984375,tilt,0.0076443657481821345,-0.28124854707393127,46.011386135692085,45.581137517376554,90.01601794671119,90.95679061388088,6.126663881093708,-1.5698119646994289,3.861393409213737,0.007644366053771279,-0.34368257130442914,46.0113861168377,46.07351512109134,90.0160179082293,90.85263879848698,6.948127944009123,-1.811666058419415,1.6266105929288732,0.007644388203962767,0.3701826280114483,46.01138576650513,45.759325956856586,90.01601670486666,91.03558598111634,7.066693813419559,-1.8435784624688187,3.2934300833941386,0.007644388511422964,0.4132988468515157,46.0113857480446,45.6623291853483,90.01601666681127,91.0389395773848,6.879952465275979,-1.7831943921805364,3.6944088731736824
4.24,0.8231721268073642,-0.0016718176386576568,-0.13872043437888332,10.72873597729219,0.958984375,tilt,0.0076443657481821345,-0.23998512721147053,46.011386135692085,45.59202675928011,90.01601794671119,90.95570940039106,6.196423742250359,-1.57792517075998,3.813612206914674,0.007644366053771279,-0.2941377696323633,46.0113861168377,46.05566409439654,90.0160179082293,90.85689264031966,6.879091558190279,-1.8053086975568373,1.7075424059730393,0.007644388203962767,0.37331555438648545,46.01138576650513,45.75824520440301,90.01601670486666,91.03283846497352,7.094894902335533,-1.8400424147037262,3.2916712003695228,0.007644388511422964,0.4121731310530739,46.0113857480446,45.66746681751502,90.01601666681127,91.0371707699871,6.850631209961839,-1.785550452388339,3.669626882834537
4.26,0.8231721268073642,-0.005952827345523421,-0.13220724916915189,10.732061394026447,0.958984375,tilt,0.0076443657481821345,-0.20291338734146483,46.011386135692085,45.60315299423369,90.01601794671119,90.95729208123903,6.2636125836938215,-1.5909059081236667,3.7708565351844414,0.007644366053771279,-0.246580710360658,46.0113861168377,46.0383568724272,90.0160179082293,90.85866188971195,6.811785435380035,-1.7933134048451136,1.7807766025651206,0.007644388203962767,0.37601107639655174,46.01138576650513,45.758158753973696,90.01601670486666,91.03279473399401,7.125264682591741,-1.841796933419959,3.2918563757086963,0.007644388511422964,0.4113685010424292,46.0113857480446,45.67190861816586,90.01601666681127,91.03343866591386,6.820461075490982,-1.7830129107531956,3.6433309976088846
4.28,0.8231721268073642,-0.013002172824595499,-0.12616836541232468,10.735167534373874,0.958984375,tilt,0.0076443657481821345,-0.16876184457161755,46.011386135692085,45.61414259547739,90.01601794671119,90.96017052170218,6.321585452413164,-1.606045851687235,3.7315950008429413,0.007644366053771279,-0.20186240799978294,46.0113861168377,46.02194239280516,90.0160179082293,90.85920033778788,6.753501337062194,-1.7786661370834087,1.8477060829019398,0.007644388203962767,0.37829140429866615,46.01138576650513,45.75871006720197,90.01601670486666,91.03423063556106,7.1509930862354425,-1.8465333737024552,3.2927289599441467,0.007644388511422964,0.41087560188808536,46.0113857480446,45.675891564506045,90.01601666681127,91.02872395139421,6.795346876354395,-1.7778808451590216,3.616722265483846
4.3,0.8231721268073642,-0.020688308118819006,-0.12054256672515251,10.738061425267976,0.958984375,tilt,0.0076443657481821345,-0.1366340931392267,46.011386135692085,45.62471311336782,90.01601794671119,90.963246976759,6.366906395280766,-1.6211226323710157,3.694530216433456,0.007644366053771279,-0.1604874464511253,46.0113861168377,46.00670507622202,90.0160179082293,90.85951667949105,6.708104098588326,-1.7638090004897764,1.9094298876657922,0.007644388203962767,0.38020281703052744,46.01138576650513,45.75960003179117,90.01601670486666,91.03611959110295,7.168115658116952,-1.8522156939241445,3.293234872123074,0.007644388511422964,0.4106547084561469,46.0113857480446,45.67964667364745,90.01601666681127,91.02384671174403,6.778599314123655,-1.7720638378441491,3.590672806472295
4.32,0.8231721268073642,-0.02745960329058919,-0.11527752136539769,10.740753692997181,0.958984375,tilt,0.0076443657481821345,-0.1059837002417973,46.011386135692085,45.63467438070762,90.01601794671119,90.96575942286475,6.39883410585904,-1.6345659925873537,3.658738698435693,0.007644366053771279,-0.12263689393083065,46.0113861168377,45.99281618897632,90.0160179082293,90.86029670556064,6.676541684079447,-1.7504760575886777,1.966780002675056,0.007644388203962767,0.381815041118672,46.01138576650513,45.76059827990314,90.01601670486666,91.03771519404833,7.175234239436463,-1.8572982635823991,3.2926592613577164,0.007644388511422964,0.4106400170801955,46.0113857480446,45.68335973335178,90.01601666681127,91.0194028748181,6.771256469385024,-1.7669559525536893,3.5657449131043792
4.34,0.8231721268073642,-0.032392610478158196,-0.11033521571075039,10.743266223443628,0.958984375,tilt,0.0076443657481821345,-0.07653782480558517,46.011386135692085,45.64391729398442,90.01601794671119,90.96727658474568,6.418015061680448,-1.645472646596112,3.6237041283674887,0.007644366053771279,-0.08824212143585197,46.0113861168377,45.98028850781643,90.0160179082293,90.86187481268077,6.659514557687024,-1.739697330868775,2.0204455767249554,0.007644388203962767,0.38320839866089795,46.01138576650513,45.76154448937942,90.01601670486666,91.03857108543527,7.1728557377856506,-1.8608088745427562,3.2906654500612085,0.007644388511422964,0.4107533730670886,46.0113857480446,45.68714326079742,90.01601666681127,91.0157501687701,6.771819850969038,-1.763393636076884,3.542273501953824
4.36,0.8231721268073642,-0.035165589513133616,-0.10570072881861585,10.745009697391367,0.958984375,tilt,0.0076443657481821345,-0.04818942674708893,46.011386135692085,45.6523690635416,90.01601794671119,90.96765525819256,6.427067477147995,-1.6534752913688715,3.589402872544001,0.007644366053771279,-0.05708855452578807,46.0113861168377,45.96879408319673,90.0160179082293,90.86415670564638,6.652259770991433,-1.731996003150476,2.0715470927053503,0.007644388203962767,0.38445345221969046,46.01138576650513,45.762322143203995,90.01601670486666,91.03854008593741,7.163152931793865,-1.8623189777375107,3.2874002687658113,0.007644388511422964,0.4109217371643458,46.0113857480446,45.690987242622064,90.01601666681127,91.01303570418155,6.77882487127609,-1.7616317643499753,3.5206268148151585
4.38,0.8231721268073642,-0.03585227610558527,-0.10136568505747261,10.745984886537618,0.958984375,tilt,0.0076443657481821345,-0.02100391031873502,46.011386135692085,45.66002784423306,90.01601794671119,90.96700134314462,6.4294050098263975,-1.6587218099997532,3.5560774040381826,0.007644366053771279,-0.028820614753858838,46.0113861168377,45.95814758495139,90.0160179082293,90.86711994223118,6.651173150534855,-1.7271402650560903,2.120780106779158,0.007644388203962767,0.3855978395157984,46.01138576650513,45.76287393565028,90.01601670486666,91.03769201147028,7.148809687306595,-1.8618768707027131,3.2832499841570217,0.007644388511422964,0.4111004994963048,46.0113857480446,45.69485861532991,90.01601666681127,91.01128498074463,6.791057176526596,-1.761632346152498,3.5009974570304747
4.4,0.8231721268073642,-0.0347924330776564,-0.09732373645759768,10.74449220781035,0.958984375,tilt,0.0076443657481821345,0.0048775576579589966,46.011386135692085,45.66695333814167,90.01601794671119,90.9655353372803,6.427935496300169,-1.6617003406229798,3.5239750570496833,0.007644366053771279,-0.0030280001187630774,46.0113861168377,45.94826117316778,90.0160179082293,90.87067065932581,6.65351421429686,-1.724537684302533,2.1682829115724225,0.007644388203962767,0.38668533771806796,46.01138576650513,45.763202131633484,90.01601670486666,91.03619807674633,7.1321283824398485,-1.8598363554145765,3.2785827714683355,0.007644388511422964,0.4112534907860255,46.0113857480446,45.69872317175719,90.01601666681127,91.01038839347896,6.806292304756802,-1.763179763967948,3.4832838133160573
4.42,0.8231721268073642,-0.03247370687988166,-0.09356418077955399,10.743093178055677,0.958984375,tilt,0.0076443657481821345,0.029317804117087523,46.011386135692085,45.67323742669294,90.01601794671119,90.96352540473674,6.4251122130259954,-1.663036213156808,3.493317693801956,0.007644366053771279,0.02067886870413594,46.0113861168377,45.939037324226035,90.0160179082293,90.8746095881589,6.656913572575911,-1.7235163771824047,2.21399979427897,0.007644388203962767,0.38774810322866754,46.01138576650513,45.763342556882215,90.01601670486666,91.03427095599284,7.115037046570422,-1.8566779662528878,3.273722244049093,0.007644388511422964,0.4113561264032151,46.0113857480446,45.702533744792774,90.01601666681127,91.01014992419601,6.822475431365488,-1.7658970171359338,3.467245586476153
4.44,0.8231721268073642,-0.02941658106955956,-0.09007088780907228,10.741782442344116,0.958984375,tilt,0.0076443657481821345,0.05221954613830513,46.011386135692085,45.67898354274423,90.01601794671119,90.96123792949692,6.4227270915382615,-1.663360580003253,3.4642754651965646,0.007644366053771279,0.042633937609434056,46.0113861168377,45.93037694936136,90.0160179082293,90.87870510828249,6.65966412714622,-1.7234339508225214,2.2578112801937,0.007644388203962767,0.3888029209788555,46.01138576650513,45.76334740852234,90.01601670486666,91.03212336029499,7.0989661025458,-1.8528947062567171,3.268925914157117,0.007644388511422964,0.4113981456622299,46.0113857480446,45.70623859394414,90.01601666681127,91.0103445296634,6.83800542112316,-1.7693349130478326,3.452596420148807
4.46,0.8231721268073642,-0.026090234070422907,-0.08682450526461355,10.740555555555776,0.958984375,tilt,0.0076443657481821345,0.0735393862159906,46.011386135692085,45.6842910748279,90.01601794671119,90.95890182920644,6.4218774272746275,-1.6632230991170636,3.4369510002554837,0.007644366053771279,0.06310248006283789,46.0113861168377,45.9221920198289,90.0160179082293,90.88274516665716,6.660746287997539,-1.723747369947199,2.2995983567353493,0.007644388203962767,0.3898530505029022,46.01138576650513,45.76327231730159,90.01601670486666,91.02993961712448,7.084811999433405,-1.848920922932599,3.2643749424655644,0.007644388511422964,0.41138166495906137,46.0113857480446,45.709790908435814,90.01601666681127,91.01076017948087,6.851831330373842,-1.7730608581379945,3.4390582133796976
4.48,0.8231721268073642,-0.02286250057715372,-0.0838048164014612,10.739408467764,0.958984375,tilt,0.0076443657481821345,0.09328821977788733,46.011386135692085,45.6892452338452,90.01601794671119,90.9566889964443,6.423040807872794,-1.6630437595810676,3.4113773270541827,0.007644366053771279,0.08228150825727562,46.0113861168377,45.91441263043885,90.0160179082293,90.8865661795906,6.659745397503548,-1.724050762565224,2.3392777998725576,0.007644388203962767,0.39089231421884135,46.01138576650513,45.7631671327259,90.01601670486666,91.02785982178514,7.072981979831516,-1.8450927728327349,3.2601764704735805,0.007644388511422964,0.41131725467568897,46.0113857480446,45.71315525389874,90.01601666681127,91.01122402545865,6.8634297999779506,-1.776719531188943,3.4263928660234755
4.5,0.8231721268073642,-0.01998024089283067,-0.08099240746060041,10.738337215044583,0.958984375,tilt,0.0076443657481821345,0.11152347386579456,46.011386135692085,45.69391208241988,90.01601794671119,90.95470861385533,6.426211393139278,-1.6630978052074723,3.3875256554548594,0.007644366053771279,0.10030822284792355,46.0113861168377,45.9069888909348,90.0160179082293,90.89006387575643,6.656712284086333,-1.7240845390736892,2.376818225394622,0.007644388203962767,0.39190952706654125,46.01138576650513,45.76307050459857,90.01601670486666,91.02597471581906,7.063490380781357,-1.84163402785522,3.256374214194613,0.007644388511422964,0.4112197475253774,46.0113857480446,45.71631039736904,90.01601666681127,91.01161431259705,6.872711470281865,-1.7800620181812887,3.4144172546893
4.5200000000000005,0.8231721268073642,-0.017573054543789064,-0.07836959196873627,10.737337783983238,0.958984375,tilt,0.0076443657481821345,0.12833705859650102,46.011386135692085,45.698337808263915,90.01601794671119,90.95301175190122,6.4310592167984115,-1.6635252880320763,3.3653187420793484,0.007644366053771279,0.11727268072533159,46.0113861168377,45.89988922257684,90.0160179082293,90.89319126652887,6.652004660797629,-1.7237226070989307,2.412242094679801,0.007644388203962767,0.39289227083359163,46.01138576650513,45.76300785074576,90.01601670486666,91.0243286376228,7.056077795266226,-1.8386610832263617,3.2529631490635924,0.007644388511422964,0.41110469007500045,46.0113857480446,45.7192491505119,90.01601666681127,91.01186102439429,6.879895403597707,-1.782949095256222,3.4030054193056323
4.54,0.8231721268073642,-0.01567223661686568,-0.0759207571943938,10.736406092112762,0.958984375,tilt,0.0076443657481821345,0.14384198510837756,46.011386135692085,45.70255098228434,90.01601794671119,90.95160241632567,6.437083175382453,-1.664356109547887,3.344646422598352,0.007644366053771279,0.1332317819168005,46.0113861168377,45.89309660717727,90.0160179082293,90.89594863697168,6.6461372270128445,-1.7229458718515667,2.445618334843469,0.007644388203962767,0.3938295956962956,46.01138576650513,45.76299191826752,90.01601670486666,91.02292768752312,7.050329994308243,-1.836200633480483,3.2499052050811716,0.007644388511422964,0.41098582032631736,46.0113857480446,45.72197621501111,90.01601666681127,91.01193889193283,6.885380641905558,-1.7853369967602042,3.3920819661753807
4.5600000000000005,0.8231721268073642,-0.014237383326470003,-0.07363233130102155,10.735538031632034,0.958984375,tilt,0.0076443657481821345,0.15815982556882946,46.011386135692085,45.706566499254556,90.01601794671119,90.95045153771402,6.443738489283931,-1.6655421753043778,3.3253808014752915,0.007644366053771279,0.14822243093915488,46.0113861168377,45.88660404727112,90.0160179082293,90.89836977841557,6.639658221982699,-1.7218097723036736,2.4770498809649766,0.007644388203962767,0.39471359116012206,46.01138576650513,45.76302500916265,90.01601670486666,91.02175044682966,7.045780612567834,-1.834213799176386,3.2471438710923173,0.007644388511422964,0.41087362231960406,46.0113857480446,45.72450499093188,90.01601666681127,91.01185630127462,6.889634190062632,-1.7872537962315902,3.38161058865577
4.58,0.8231721268073642,-0.013184462247187985,-0.07149254231673081,10.73472953760546,0.958984375,tilt,0.0076443657481821345,0.17141042624854166,46.011386135692085,45.710390074043936,90.01601794671119,90.94951107928192,6.450529086408318,-1.6669899591666772,3.3073894024632233,0.007644366053771279,0.1622724689290778,46.0113861168377,45.88041014928427,90.0160179082293,90.9005077373142,6.633060929846958,-1.7204120876988978,2.5066597303524674,0.007644388203962767,0.3955399729543447,46.01138576650513,45.76310199807367,90.01601670486666,91.0207590568079,7.041988728787368,-1.8326215020271313,3.244616400488176,0.007644388511422964,0.4107748176225077,46.0113857480446,45.72685413257115,90.01601666681127,91.01164304883433,6.893105837086047,-1.7887730603123597,3.3715810373465827
4.6000000000000005,0.8231721268073642,-0.012410966178329003,-0.06949109546718732,10.733976656054512,0.958984375,tilt,0.0076443657481821345,0.18370456537117458,46.011386135692085,45.71402245710752,90.01601794671119,90.9487262964784,6.457063313303786,-1.6685888448612975,3.2905453120734283,0.007644366053771279,0.17540867630550838,46.0113861168377,45.87451540672267,90.0160179082293,90.90242230606766,6.626731156690746,-1.7188652905748454,2.5345781101021037,0.007644388203962767,0.39630792943922416,46.01138576650513,45.76321344147289,90.01601670486666,91.01990907529328,7.038588636094413,-1.8313272994629204,3.2422629625868113,0.007644388511422964,0.41069256116521885,46.0113857480446,45.729044409333845,90.01601666681127,91.01133907578117,6.8961729899312045,-1.7899895190447193,3.3619969889252257
4.62,0.8231721268073642,-0.011815590886904034,-0.06761885107063834,10.733275598962923,0.958984375,tilt,0.0076443657481821345,0.1951396445178231,46.011386135692085,45.71746285268624,90.01601794671119,90.94804504747574,6.463077014319208,-1.6702326734458726,3.2747339759397196,0.007644366053771279,0.18766174164562333,46.0113861168377,45.86891947063392,90.0160179082293,90.904170486574,6.620926435749219,-1.7172757681121338,2.560932313808273,0.007644388203962767,0.3970194955025838,46.01138576650513,45.76334829622783,90.01601670486666,91.01915716918124,7.035313737298946,-1.8302353934297084,3.2400326104825017,0.007644388511422964,0.4106270846861985,46.0113857480446,45.731096204518344,90.01601666681127,91.01098546211473,6.899113448073169,-1.7909995849358615,3.3528662982558743
4.64,0.8231721268073642,-0.01131146229491445,-0.06586754822582956,10.732622781479371,0.958984375,tilt,0.0076443657481821345,0.20579806589624614,46.011386135692085,45.72071131241385,90.01601794671119,90.94742380434798,6.468431276648376,-1.6718336903630906,3.2598568030502983,0.007644366053771279,0.19906852866957114,46.0113861168377,45.863619466481765,90.0160179082293,90.90580032622931,6.615779695066134,-1.715730565419963,2.5858398372350377,0.007644388203962767,0.3976786995568042,46.01138576650513,45.763495981846766,90.01601670486666,91.01846627732644,7.031999439209486,-1.8292628869443877,3.237886331227319,0.007644388511422964,0.4105765518241638,46.0113857480446,45.733027791067386,90.01601666681127,91.01061821322003,6.902100823028263,-1.7918879067092934,3.34419425367391
4.66,0.8231721268073642,-0.01083315271133961,-0.06422959214548457,10.73201483893484,0.958984375,tilt,0.0076443657481821345,0.21574773342905634,46.011386135692085,45.72377010534051,90.01601794671119,90.94683057756971,6.4730983448864245,-1.6733294008100703,3.245832055086967,0.007644366053771279,0.20967219890435954,46.0113861168377,45.858609252628064,90.0160179082293,90.90734791765102,6.611309915450497,-1.7142910672489389,2.6094047561969758,0.007644388203962767,0.3982906905480327,46.01138576650513,45.763647711290744,90.01601670486666,91.0178083388473,7.028608373443914,-1.8283464340322872,3.235797688375536,0.007644388511422964,0.41053792543788414,46.0113857480446,45.734854366802715,90.01601666681127,91.01026479118532,6.905179046779888,-1.7927198886687514,3.335979807983308
4.68,0.8231721268073642,-0.010369915300208112,-0.06269686246120311,10.731445023075455,0.958984375,tilt,0.0076443657481821345,0.22512479458138424,46.011386135692085,45.72664883475506,90.01601794671119,90.94623719757006,6.476938102558693,-1.674682626558309,3.232554799375287,0.007644366053771279,0.21946606817110517,46.0113861168377,45.853873469084775,90.0160179082293,90.9088434379616,6.607476192330375,-1.7129895924549028,2.6317568282634705,0.007644388203962767,0.3988743448410197,46.01138576650513,45.763809410945385,90.01601670486666,91.01717455558239,7.025569974984952,-1.8274691991216028,3.2337226149261324,0.007644388511422964,0.4104943628497514,46.0113857480446,45.7365752523771,90.01601666681127,91.00993447254578,6.907950178398887,-1.7935147112257133,3.328246683050123
4.7,0.8231721268073642,-0.009880997918818706,-0.06125551016863907,10.730903515460007,0.958984375,tilt,0.0076443657481821345,0.2340261077383105,46.011386135692085,45.729351480142704,90.01601794671119,90.94562789618068,6.480148665703431,-1.6758598365670883,3.219971447818659,0.007644366053771279,0.2285866332277792,46.0113861168377,45.8493996718663,90.0160179082293,90.91030323168958,6.604286978319151,-1.7118440181865084,2.652979523744159,0.007644388203962767,0.399420537481169,46.01138576650513,45.7639715737931,90.01601670486666,91.01654706564577,7.021901549286494,-1.826606984577605,3.231660530722602,0.007644388511422964,0.41045705904364865,46.0113857480446,45.73820344589289,90.01601666681127,91.00964882096767,6.911411499816335,-1.7943015085265765,3.320989380238726
4.72,0.8231721268073642,-0.00932381850326287,-0.059893380445795036,10.73039113576158,0.958984375,tilt,0.0076443657481821345,0.24243349031102537,46.011386135692085,45.73188235544606,90.01601794671119,90.94501719951465,6.483032998608324,-1.6768711084723906,3.2080970644165765,0.007644366053771279,0.23719954145549732,46.0113861168377,45.845182854977864,90.0160179082293,90.91172190984574,6.601531805335268,-1.7108545627325389,2.6730770543857973,0.007644388203962767,0.39992522265978336,46.01138576650513,45.764117802789926,90.01601670486666,91.01591705756351,7.018197042922068,-1.8257100465383993,3.2296587826014242,0.007644388511422964,0.4104320056277033,46.0113857480446,45.73975973048303,90.01601666681127,91.00941371268011,6.9149172757574355,-1.795132591483905,3.3141361634949904
4.74,0.8231721268073642,-0.008715867537111602,-0.058603511846226745,10.729907227268168,0.958984375,tilt,0.0076443657481821345,0.2503699263801399,46.011386135692085,45.7342540016126,90.01601794671119,90.94441412841445,6.4856702635393795,-1.6777517026273745,3.196899969242634,0.007644366053771279,0.2453480548994606,46.0113861168377,45.84121015530003,90.0160179082293,90.91309440824759,6.5990705817358855,-1.7100007785632032,2.6920895206181683,0.007644388203962767,0.40039903197051746,46.01138576650513,45.76424918377084,90.01601670486666,91.01528853603115,7.014555867197316,-1.8247837424083084,3.2277215346028507,0.007644388511422964,0.41041023799217363,46.0113857480446,45.74124858913884,90.01601666681127,91.0092185617187,6.918346413441596,-1.7959994959996646,3.307645619296445
4.76,0.8231721268073642,-0.008082480291733371,-0.05738111244120054,10.72945043318188,0.958984375,tilt,0.0076443657481821345,0.25786264433424,46.011386135692085,45.736479899149565,90.01601794671119,90.94382564483413,6.488140797077405,-1.6785342951450288,3.186339991270576,0.007644366053771279,0.25305767954608815,46.0113861168377,45.83746593936333,90.0160179082293,90.91441471085692,6.596794350811933,-1.7092540078964233,2.710066653437676,0.007644388203962767,0.40084749728990104,46.01138576650513,45.76436988433006,90.01601670486666,91.01466719473035,7.01105457318065,-1.8238487901832758,3.2258442772761797,0.007644388511422964,0.4103877139399697,46.0113857480446,45.74267112009895,90.01601666681127,91.00905250166153,6.921619994946012,-1.7968771381759174,3.301489358903009
4.78,0.8231721268073642,-0.007447472709658488,-0.05622243604570769,10.729019273636014,0.958984375,tilt,0.0076443657481821345,0.2649372414346485,46.011386135692085,45.73857266582611,90.01601794671119,90.94325849630899,6.490505554072726,-1.6792460445884116,3.1763800403796507,0.007644366053771279,0.26035144712623876,46.0113861168377,45.83393432478489,90.0160179082293,90.91567689945846,6.594627958770104,-1.708585516267406,2.7270594766034275,0.007644388203962767,0.4012731694141073,46.01138576650513,45.7644842756692,90.01601670486666,91.014059855587,7.007746407934944,-1.8229268752143342,3.224024245748136,0.007644388511422964,0.4103632750999913,46.0113857480446,45.74402753981172,90.01601666681127,91.00890561601422,6.924690682728705,-1.7977409924978747,3.2956446058270696
4.8,0.8231721268073642,-0.0068301166772082944,-0.055124293483109814,10.728612267389947,0.958984375,tilt,0.0076443657481821345,0.2716171710626904,46.011386135692085,45.74054334755249,90.01601794671119,90.94271859530438,6.492802414268335,-1.679908387577811,3.166987634186963,0.007644366053771279,0.26725168170682423,46.0113861168377,45.830600328086845,90.0160179082293,90.91687637978804,6.592526204468429,-1.707970925887297,2.7431183039509643,0.007644388203962767,0.4016772982361671,46.01138576650513,45.76459590151825,90.01601670486666,91.01347314570779,7.004660216497336,-1.8220361056238281,3.2222616458581763,0.007644388511422964,0.4103370054262585,46.0113857480446,45.74531818911373,90.01601666681127,91.00876979398113,6.927537733697958,-1.798572086086643,3.2900920364928865
4.82,0.8231721268073642,-0.006243995099505076,-0.05408379946333774,10.728227984564667,0.958984375,tilt,0.0076443657481821345,0.2779241302607352,46.011386135692085,45.7424012719358,90.01601794671119,90.94221025031543,6.495048711808593,-1.680536972436201,3.158133782095396,0.007644366053771279,0.2737799065500876,46.0113861168377,45.82745034664118,90.0160179082293,90.91801055300365,6.590467822515586,-1.7073919762716772,2.7582922666504195,0.007644388203962767,0.40206057999220224,46.01138576650513,45.764707155436575,90.01601670486666,91.01291237409337,7.001803679885589,-1.8211894423369734,3.220558463359863,0.007644388511422964,0.4103094975852133,46.0113857480446,45.74654395985922,90.01601666681127,91.00863916575024,6.930160607057319,-1.799357990644769,3.284815026206034
4.84,0.8231721268073642,-0.005697018899132345,-0.053098237891299055,10.72786507478835,0.958984375,tilt,0.0076443657481821345,0.2838785109129246,46.011386135692085,45.744154198119716,90.01601794671119,90.94173579552333,6.497246283324916,-1.681141951112835,3.149791543216124,0.007644366053771279,0.27995656102924277,46.0113861168377,45.82447228376251,90.0160179082293,90.91907895059863,6.588448838967496,-1.706836620796511,2.7726291091847988,0.007644388203962767,0.4024235074342985,46.01138576650513,45.76481932143172,90.01601670486666,91.0123809625908,6.999168546005282,-1.8203944900705913,3.218917030688967,0.007644388511422964,0.41028150340395664,46.0113857480446,45.74770640780806,90.01601666681127,91.00851008564666,6.932572505405442,-1.8000922776103407,3.2797991621047187
4.86,0.8231721268073642,-0.005192190321496569,-0.05216499256382546,10.727522278662411,0.958984375,tilt,0.0076443657481821345,0.2894997172288667,46.011386135692085,45.7458085998263,90.01601794671119,90.94129563839407,6.499387155645669,-1.6817287337891895,3.1419349704459307,0.007644366053771279,0.285800825054026,46.0113861168377,45.821655471840636,90.0160179082293,90.92008300147408,6.586476199919474,-1.706298203239757,2.7861749898719923,0.007644388203962767,0.40276655240607545,46.01138576650513,45.76493278486014,90.01601670486666,91.01188037834511,6.996736344078466,-1.8196540873308755,3.217339014351367,0.007644388511422964,0.4102537466229464,46.0113857480446,45.74880769429954,90.01601666681127,91.00838081612783,6.934794571049856,-1.800773352837539,3.275031786996341
4.88,0.8231721268073642,-0.004728757728748415,-0.05128151601212102,10.727198428091592,0.958984375,tilt,0.0076443657481821345,0.2948063325109171,46.011386135692085,45.747369982575414,90.01601794671119,90.9408885968653,6.501458718990177,-1.6822990742463053,3.1345385604140406,0.007644366053771279,0.2913305819789253,46.0113861168377,45.81899048709288,90.0160179082293,90.92102559744811,6.58456227268483,-1.7057742133040934,2.798974272757299,0.007644388203962767,0.4030902620760739,46.01138576650513,45.76504730010932,90.01601670486666,91.01141040517957,6.994483591839091,-1.8189673374028221,3.2158249231876432,0.007644388511422964,0.4102268212687065,46.0113857480446,45.74985044232722,90.01601666681127,91.00825106681968,6.936851128895427,-1.8014031041864755,3.270501568609058
4.9,0.8231721268073642,-0.004303476579462238,-0.050445321236916904,10.726892440317577,0.958984375,tilt,0.0076443657481821345,0.2998161717400043,46.011386135692085,45.748843177005824,90.01601794671119,90.94051237663811,6.503447776732225,-1.6828522712124434,3.1275771140250317,0.007644366053771279,0.2965624863364717,46.0113861168377,45.81646892021106,90.0160179082293,90.92191058797917,6.582720570845314,-1.7052649471957018,2.8110693398850084,0.007644388203962767,0.403395300508253,46.01138576650513,45.765162249607314,90.01601670486666,91.01096958737737,6.992385931361236,-1.818330796363128,3.2143740347458927,0.007644388511422964,0.4102011461978506,46.0113857480446,45.750837562666106,90.01601666681127,91.00812150340194,6.938766154500554,-1.801985600703642,3.266198122445524
4.92,0.8231721268073642,-0.003911773661192376,-0.0496539864891718,10.72660330925402,0.958984375,tilt,0.0076443657481821345,0.30454626594551687,46.011386135692085,45.75023257830461,90.01601794671119,90.94016406591827,6.505343272885748,-1.6833862930229344,3.1210258570341654,0.007644366053771279,0.30151209152848746,46.0113861168377,45.81408314764025,90.0160179082293,90.92274229641016,6.580962823334981,-1.7047722794526625,2.822500447458159,0.007644388203962767,0.4036824527610225,46.01138576650513,45.765276859643905,90.01601670486666,91.01055571309342,6.990420984134745,-1.817739605763275,3.2129845861031683,0.007644388511422964,0.41017695931741416,46.0113857480446,45.75177208637785,90.01601666681127,91.00799330127334,6.940560970728652,-1.8025259782914609,3.2621117065700087
4.94,0.8231721268073642,-0.0035486931192574523,-0.048905166067273256,10.726330096423382,0.958984375,tilt,0.0076443657481821345,0.30901281797632413,46.011386135692085,45.7515423211692,90.01601794671119,90.93984056598849,6.5071377704878826,-1.683898698070261,3.1148606819831057,0.007644366053771279,0.30619399862267827,46.0113861168377,45.811826131983786,90.0160179082293,90.92352511518877,6.579297313790044,-1.704298663656831,2.8333056381000254,0.007644388203962767,0.40395260456598703,46.01138576650513,45.7653903590794,90.01601670486666,91.01016624842187,6.988569973426481,-1.8171884349741894,3.211654088644128,0.007644388511422964,0.41015433828079145,46.0113857480446,45.752657025293075,90.01601666681127,91.00786778596688,6.942253041750735,-1.8030295780227628,3.2582329936227117
4.96,0.8231721268073642,-0.003209572965379175,-0.04819660217957927,10.72607192274675,0.958984375,tilt,0.0076443657481821345,0.3132311581256236,46.011386135692085,45.75277639242418,90.01601794671119,90.93953891542152,6.508827907209462,-1.6843872932352824,3.109058408662907,0.007644366053771279,0.3106219985240417,46.0113861168377,45.80969126613824,90.0160179082293,90.9242632080184,6.577728281043977,-1.7038464114594656,2.843520712317554,0.007644388203962767,0.4042067086688588,46.01138576650513,45.765502080425804,90.01601670486666,91.00979867414013,6.986818319009654,-1.816672169782544,3.2103796624642356,0.007644388511422964,0.41013323606729685,46.0113857480446,45.753495270417886,90.01601666681127,91.00774617679426,6.94385564741214,-1.8035013531609647,3.254552916360148
4.98,0.8231721268073642,-0.002569118990572083,-0.04753727355046363,10.725851268617976,0.958984375,tilt,0.0076443657481821345,0.31730951468490054,46.011386135692085,45.75388370762972,90.01601794671119,90.9389874930695,6.498502712580722,-1.6845841453320618,3.10322291293938,0.007644366053771279,0.3144330812728856,46.0113861168377,45.80773592236055,90.0160179082293,90.92530288269216,6.5883430965492975,-1.7037296359989698,2.8536888353820347,0.007644388203962767,0.4042771023524231,46.01138576650513,45.765606836733866,90.01601670486666,91.00929469486762,6.979066197004042,-1.8160642904504234,3.2088365916940473,0.007644388511422964,0.41028225038841126,46.0113857480446,45.75428756009369,90.01601666681127,91.00779599088325,6.951664200173124,-1.804067448674701,3.2514346261424967
5.0,0.8231721268073642,-0.0010954444171882723,-0.046961081874442895,10.725659605766776,0.958984375,tilt,0.0076443657481821345,0.32121678338532017,46.011386135692085,45.75483890582539,90.01601794671119,90.93801800612805,6.499840532562868,-1.683831243692046,3.097085649770709,0.007644366053771279,0.3172993942583016,46.0113861168377,45.805942721422625,90.0160179082293,90.92682815602382,6.5868160240257385,-1.7045573929247784,2.8642969662316107,0.007644388203962767,0.404130880957657,46.01138576650513,45.76567374801534,90.01601670486666,91.00848755408123,6.975253749220472,-1.8149145313858701,3.2067825034012563,0.007644388511422964,0.4106365159671881,46.0113857480446,45.755055933095164,90.01601666681127,91.0082190084054,6.95592641133408,-1.8052080132565547,3.2492338448101563
5.0200000000000005,0.8231721268073642,-0.00019458865849342555,-0.046482401895573414,10.725483500033379,0.958984375,tilt,0.0076443657481821345,0.3241272336796675,46.011386135692085,45.75579053526266,90.01601794671119,90.93764781600714,6.502769098402232,-1.6834573577377658,3.0923155204497785,0.007644366053771279,0.3201103648593247,46.0113861168377,45.804123015353824,90.0160179082293,90.92776962739924,6.582668423098228,-1.7049009635051078,2.8737207087086434,0.007644388203962767,0.4043839799603603,46.01138576650513,45.76570242882771,90.01601670486666,91.00800362699368,6.975270115091637,-1.8138863607597144,3.205588651401914,0.007644388511422964,0.4105825449087554,46.0113857480446,45.75579759212923,90.01601666681127,91.00840358570997,6.956639785919752,-1.8062913133284273,3.2466249860342575
5.04,0.8231721268073642,0.00017980539637393915,-0.046065954507115404,10.72531137131341,0.958984375,tilt,0.0076443657481821345,0.32663722558943264,46.011386135692085,45.756684560751246,90.01601794671119,90.93749175117296,6.506014446343813,-1.6835969779506152,3.0882643920066846,0.007644366053771279,0.32287719803724146,46.0113861168377,45.802331837748106,90.0160179082293,90.92839641411994,6.578651099217362,-1.7046020659218022,2.882332060987758,0.007644388203962767,0.4047341233615112,46.01138576650513,45.76574314820641,90.01601670486666,91.00774908654238,6.975973230476906,-1.8133037444728988,3.2048507343925,0.007644388511422964,0.410423420951691,46.0113857480446,45.756470215239844,90.01601666681127,91.00841285969689,6.956507412977749,-1.806986309997958,3.2439120757528084
5.0600000000000005,0.8231721268073642,0.00021052256355855677,-0.04568264393446067,10.72514923347218,0.958984375,tilt,0.0076443657481821345,0.3289328320096807,46.011386135692085,45.7575456219164,90.01601794671119,90.93745695917129,6.509489286291046,-1.6840839378104606,3.084621547743638,0.007644366053771279,0.3255505940566012,46.0113861168377,45.800589320902006,90.0160179082293,90.92883978950121,6.574783165485044,-1.7039326149284642,2.8903412297273947,0.007644388203962767,0.4050673495522401,46.01138576650513,45.76581057450704,90.01601670486666,91.00763273624733,6.976872023067333,-1.8130849441424826,3.204310266921362,0.007644388511422964,0.4102729094429551,46.0113857480446,45.75706812838946,90.01601666681127,91.00830180671738,6.955974325826341,-1.8073340342037967,3.241236850074103
5.08,0.8231721268073642,4.426435759711062e-05,-0.04531821814825132,10.724998128724259,0.958984375,tilt,0.0076443657481821345,0.3310662260081755,46.011386135692085,45.75837942294489,90.01601794671119,90.9374942320579,6.5127776752732105,-1.6847737330951094,3.081253467337841,0.007644366053771279,0.3281096411577253,46.0113861168377,45.798916188363556,90.0160179082293,90.92917010076552,6.571339242449653,-1.703095306008786,2.8978202566329045,0.007644388203962767,0.40535771495123046,46.01138576650513,45.76590009407893,90.01601670486666,91.00759023894236,6.977591730203545,-1.8130866954175242,3.203844372257514,0.007644388511422964,0.4101566188920837,46.0113857480446,45.75760736394061,90.01601666681127,91.00811021237004,6.955420127577678,-1.8074451021233007,3.2386213915671647
5.1000000000000005,0.8231721268073642,-0.00019980341766296907,-0.044966529090277124,10.724857784716347,0.958984375,tilt,0.0076443657481821345,0.33306528220048565,46.011386135692085,45.75918133988096,90.01601794671119,90.93755990229987,6.5156234123442935,-1.6855430495783807,3.0780815782530393,0.007644366053771279,0.3305442734050053,46.0113861168377,45.797330233346294,90.0160179082293,90.92944055453916,6.568480914577163,-1.7022289619548527,2.9048148425179496,0.007644388203962767,0.40560360106216675,46.01138576650513,45.76600189044493,90.01601670486666,91.00757198503081,6.97793376771484,-1.8131806848986214,3.203383297491702,0.007644388511422964,0.4100758736168317,46.0113857480446,45.758107484815746,90.01601666681127,91.00787623639883,6.955086171859812,-1.8074305998398432,3.2360704506450566
5.12,0.8231721268073642,-0.00043443904640728655,-0.044625785178960854,10.724727398150334,0.958984375,tilt,0.0076443657481821345,0.3349507393984875,46.011386135692085,45.75994473210024,90.01601794671119,90.93761958564426,6.517917255944095,-1.6862970757563038,3.07505625488555,0.007644366053771279,0.33284886023439014,46.0113861168377,45.795842290007,90.0160179082293,90.92969105436744,6.566254572153168,-1.701423451108186,2.9113694284032823,0.007644388203962767,0.40581084922697813,46.01138576650513,45.76610670444078,90.01601670486666,91.00754324965406,6.977834944950237,-1.8132740413394008,3.2028877559120983,0.007644388511422964,0.41002470469452984,46.0113857480446,45.758584425548335,90.01601666681127,91.00763340957258,6.955089897733509,-1.8073795742742995,3.2335934979834944
5.14,0.8231721268073642,-0.0006047530672062706,-0.044296299463600856,10.724605958304108,0.958984375,tilt,0.0076443657481821345,0.33673894361913514,46.011386135692085,45.76066439226564,90.01601794671119,90.93765063514897,6.519658020007157,-1.6869733779220213,3.0721481341378363,0.007644366053771279,0.3350208648575016,46.0113861168377,45.79445588796708,90.0160179082293,90.9299484656283,6.56462012016487,-1.7007297529861611,2.917529228766952,0.007644388203962767,0.4059871869996447,46.01138576650513,45.76620781776625,90.01601670486666,91.00748361664714,6.977323803443084,-1.8133107216231972,3.202339724526021,0.007644388511422964,0.40999546223765343,46.0113857480446,45.75904848271411,90.01601666681127,91.0074071826432,6.9554524130514785,-1.8073528763111328,3.2312051233835124
5.16,0.8231721268073642,-0.0006844522626360317,-0.043979160339868276,10.72449244775733,0.958984375,tilt,0.0076443657481821345,0.3384421984973135,46.011386135692085,45.76133770972619,90.01601794671119,90.93764184826442,6.520914053592122,-1.6875397661929095,3.069342721812224,0.007644366053771279,0.3370607933744456,46.0113861168377,45.79316860061826,90.0160179082293,90.93022756355431,6.56348274465569,-1.7001684535657944,2.9233368461432097,0.007644388203962767,0.40614011221248325,46.01138576650513,45.76630139800514,90.01601670486666,91.00738480510289,6.976482441607051,-1.8132656373114724,3.2017362867390875,0.007644388511422964,0.40998090945583104,46.0113857480446,45.759504616809515,90.01601666681127,91.00721348017488,6.956129241351022,-1.8073843757321768,3.2289205529512364
5.18,0.8231721268073642,-0.0006695932259795064,-0.043675499625283845,10.72438595635484,0.958984375,tilt,0.0076443657481821345,0.34006902218126644,46.011386135692085,45.76196470933596,90.01601794671119,90.93759144913813,6.521789716670387,-1.6879884083486514,3.0666357616006836,0.007644366053771279,0.33897208583290966,46.0113861168377,45.79197393154842,90.0160179082293,90.93053304970304,6.562722063413863,-1.6997378929197762,2.9288290619076673,0.007644388203962767,0.40627603419390373,46.01138576650513,45.76638611711881,90.01601670486666,91.00724760279313,6.975415911748669,-1.8131364643267505,3.2010844235118574,0.007644388511422964,0.409975030790385,46.0113857480446,45.75995369788058,90.01601666681127,91.00705920008673,6.957039429219126,-1.8074857335106282,3.2267516625303916
5.2,0.8231721268073642,-0.0005714840178043006,-0.0433861392511356,10.72428572801291,0.958984375,tilt,0.0076443657481821345,0.34162470278957274,46.011386135692085,45.76254753627625,90.01601794671119,90.93750433067487,6.522399076543157,-1.6883285369457406,3.0640292128463753,0.007644366053771279,0.3407606696141321,46.0113861168377,45.790863157441535,90.0160179082293,90.93086224141317,6.562215467451181,-1.6994219035713076,2.9340353029915778,0.007644388203962767,0.40639996758998015,46.01138576650513,45.7664624781662,90.01601670486666,91.00707864378671,6.974229854032241,-1.8129354553005004,3.200396633003338,0.007644388511422964,0.4099732820027264,46.0113857480446,45.760393982466105,90.01601666681127,91.00694398959122,6.958089743284418,-1.8076526044128773,3.224704887778845
5.22,0.8231721268073642,-0.00040996001617723285,-0.04311147044611601,10.724191163047296,0.958984375,tilt,0.0076443657481821345,0.3431120837317345,46.011386135692085,45.76308972495776,90.01601794671119,90.93738925737216,6.522847523512897,-1.6885793561006446,3.061528014341591,0.007644366053771279,0.3424342596320319,46.0113861168377,45.78982684871518,90.0160179082293,90.93120790327356,6.561854263272816,-1.6991966623237098,2.9389777412238693,0.007644388203962767,0.40651551795678614,46.01138576650513,45.76653208763173,90.01601670486666,91.00688752902516,6.973016031087333,-1.8126823774565273,3.199687522675021,0.007644388511422964,0.40997255644943076,46.0113857480446,45.760822453941344,90.01601666681127,91.0068625777742,6.959192294293866,-1.8078708960613359,3.2227809291719978
5.24,0.8231721268073642,-0.00020780009780161537,-0.04285146708914863,10.724101796341998,0.958984375,tilt,0.0076443657481821345,0.3445324194439216,46.011386135692085,45.76359546489062,90.01601794671119,90.93725645386861,6.523220877436926,-1.6887640697512938,3.0591377123410366,0.007644366053771279,0.34400156927102765,46.0113861168377,45.788855965319875,90.0160179082293,90.93156078751255,6.561552735705539,-1.699036210485061,2.943672479505971,0.007644388203962767,0.406625034568268,46.01138576650513,45.7665970089877,90.01601670486666,91.00668455143645,6.971844720222332,-1.8123990566617372,3.198971403748918,0.007644388511422964,0.40997099748313276,46.0113857480446,45.76123586023778,90.01601666681127,91.00680709599594,6.960275370652944,-1.808122210760446,3.2209756660284974
5.26,0.8231721268073642,1.3360453701176247e-05,-0.04260576643530373,10.724017266310788,0.958984375,tilt,0.0076443657481821345,0.34588616305147624,46.011386135692085,45.764068988615605,90.01601794671119,90.93711578550806,6.523580816401517,-1.6889054424242684,3.056862903881213,0.007644366053771279,0.3454715738750658,46.0113861168377,45.78794253067204,90.0160179082293,90.93191162105889,6.561251234288396,-1.698916413661475,2.9481312283032857,0.007644388203962767,0.406729851465264,46.01138576650513,45.76665926711228,90.01601670486666,91.00647910863532,6.970762515091112,-1.812105622806596,3.198260790439944,0.007644388511422964,0.40996773616739784,46.0113857480446,45.76163140527818,90.01601666681127,91.00676902286429,6.961288292076118,-1.8083880058180624,3.2192816516030396
5.28,0.8231721268073642,0.00023558292229345254,-0.04237377288304976,10.72393728403303,0.958984375,tilt,0.0076443657481821345,0.34717359813828597,46.011386135692085,45.76451413958807,90.01601794671119,90.93697557957789,6.523965071165126,-1.6890229490405597,3.054706369790411,0.007644366053771279,0.3468529179793295,46.0113861168377,45.787079945421155,90.0160179082293,90.93225244243912,6.560914854328362,-1.6988173740888937,2.9523630045216187,0.007644388203962767,0.4068305590796787,46.01138576650513,45.76672052587737,90.01601670486666,91.00627876772788,6.9697939520939105,-1.811818314658962,3.1975656361675764,0.007644388511422964,0.4099626095460921,46.0113857480446,45.762007121732864,90.01601666681127,91.00674058193582,6.962201659205206,-1.8086523391673688,3.2176896952337
5.3,0.8231721268073642,0.00044582285704820483,-0.042154757549718945,10.723861607429503,0.958984375,tilt,0.0076443657481821345,0.3483952773345758,46.011386135692085,45.76493412834909,90.01601794671119,90.93684203188216,6.5243907433890955,-1.6891313425563548,3.052668741984177,0.007644366053771279,0.34815350689773955,46.0113861168377,45.786263028752614,90.0160179082293,90.93257731793074,6.5605293563596305,-1.698724496266065,2.9563755599289756,0.007644388203962767,0.4069272648065204,46.01138576650513,45.76678192835016,90.01601670486666,91.00608887744409,6.968945452875389,-1.8115485680465226,3.1968931190288763,0.007644388511422964,0.4099558978086843,46.0113857480446,45.76236198891118,90.01601666681127,91.00671556802321,6.96300454700145,-1.8089033063778959,3.2161902173802326
5.32,0.8231721268073642,0.0006360708211259719,-0.04194793943478586,10.723790022192462,0.958984375,tilt,0.0076443657481821345,0.3495522700354891,46.011386135692085,45.765331452727246,90.01601794671119,90.93671908395768,6.524859249562617,-1.6892403427491294,3.0507485498811326,0.007644366053771279,0.3493802833271261,46.0113861168377,45.785487878811814,90.0160179082293,90.9328825449799,6.5600957835454,-1.6986285147585525,2.9601764055448845,0.007644388203962767,0.40701981564333833,46.01138576650513,45.76684406904741,90.01601670486666,91.00591259114998,6.96821029667958,-1.811303053842292,3.1962477997772574,0.007644388511422964,0.4099481041220051,46.0113857480446,45.76269587183393,90.01601666681127,91.00668967447844,6.963700081550296,-1.80913341950718,3.214774227459416
5.34,0.8231721268073642,0.0008027741069913407,-0.041752543253258945,10.723722329266678,0.958984375,tilt,0.0076443657481821345,0.3506462474671068,46.011386135692085,45.765707940571765,90.01601794671119,90.93660863234618,6.525361681147888,-1.6893551043324142,3.0489425073763066,0.007644366053771279,0.3505391631321719,46.0113861168377,45.78475163409807,90.0160179082293,90.93316648639335,6.559624916749961,-1.6985248263764463,2.9637734173499632,0.007644388203962767,0.40710796921700126,46.01138576650513,45.766907058750434,90.01601670486666,91.0057511599222,6.967573638303765,-1.8110843317137963,3.195632001887605,0.007644388511422964,0.4099397883492596,46.0113857480446,45.763009354301715,90.01601666681127,91.00666044355505,6.964300566949353,-1.809339238723999,3.2134338978983266
5.36,0.8231721268073642,0.00094585874537015,-0.04156783495629625,10.72365833771163,0.958984375,tilt,0.0076443657481821345,0.35167944644691335,46.011386135692085,45.766064868703225,90.01601794671119,90.93651093357765,6.525883723162719,-1.6894771363230137,3.0472459260144635,0.007644366053771279,0.3516350906562424,46.0113861168377,45.78405220092946,90.0160179082293,90.93342918141511,6.559132344370746,-1.6984124459967012,2.967175082937479,0.007644388203962767,0.4071915102413131,46.01138576650513,45.76697064207314,90.01601670486666,91.00560436880534,6.9670169103231965,-1.8108918238846812,3.1950462951140235,0.007644388511422964,0.40993145592045904,46.0113857480446,45.763303526743584,90.01601666681127,91.00662697506137,6.964822988468879,-1.809520564118979,3.212162786071726
5.38,0.8231721268073642,0.001067616468806463,-0.04139313909033368,10.723597861457614,0.958984375,tilt,0.0076443657481821345,0.3526545561196794,46.011386135692085,45.76640311573137,90.01601794671119,90.93642508783859,6.526409621734666,-1.6896053962119109,3.0456531665409567,0.007644366053771279,0.35267217031977605,46.0113861168377,45.78338799312974,90.0160179082293,90.93367186092445,6.558634582118991,-1.6982928477937316,2.970390484144297,0.007644388203962767,0.40727031713086453,46.01138576650513,45.76703433346834,90.01601670486666,91.0054710139252,6.966521247205957,-1.8107228737852497,3.1944899957037363,0.007644388511422964,0.4099234961259422,46.0113857480446,45.763579773820815,90.01601666681127,91.00658951675834,6.965285381722208,-1.8096794501439029,3.210955794315462
5.4,0.8231721268073642,0.0011716499624574417,-0.04122784321067147,10.723540718541942,0.958984375,tilt,0.0076443657481821345,0.3535745678046844,46.011386135692085,45.76672331545111,90.01601794671119,90.93634951256212,6.526924990695883,-1.6897373529693553,3.044158066792285,0.007644366053771279,0.3536538348883902,46.0113861168377,45.782757712145994,90.0160179082293,90.93389646396587,6.558146394624801,-1.6981688809094322,2.9734291171346907,0.007644388203962767,0.4073443881044729,46.01138576650513,45.76709754595834,90.01601670486666,91.00534934698263,6.966069815011774,-1.810573723417884,3.1939616251306644,0.007644388511422964,0.40991616002760495,46.0113857480446,45.76383959069577,90.01601666681127,91.00654903426798,6.965704270358405,-1.8098192393260943,3.2098089668874676
5.42,0.8231721268073642,0.0012619968204020725,-0.04107139430515925,10.723486731678705,0.958984375,tilt,0.0076443657481821345,0.35444261986576087,46.011386135692085,45.7670259885318,90.01601794671119,90.93628234775856,6.527418474072287,-1.6898698869185629,3.0427543069958265,0.007644366053771279,0.35458301864977926,46.0113861168377,45.78216018073134,90.0160179082293,90.9341052197568,6.557679263029587,-1.6980438754971676,2.976300639335988,0.007644388203962767,0.4074138380306856,46.01138576650513,45.76715969632452,90.01601670486666,91.00523744201057,6.965649109991553,-1.8104403097798094,3.193459293433315,0.007644388511422964,0.40990956662273664,46.0113857480446,45.76408444276743,90.01601666681127,91.00650682748436,6.966093159135189,-1.8099437417155861,3.2087192121295907
5.44,0.8231721268073642,0.00134248832706739,-0.040923291233862395,10.723435729343036,0.958984375,tilt,0.0076443657481821345,0.3552618597234691,46.011386135692085,45.76731164082019,90.01601794671119,90.93622176303747,6.527882429170558,-1.6899999610811047,3.041435692916261,0.007644366053771279,0.3554623133120701,46.0113861168377,45.78159423195551,90.0160179082293,90.93430032883178,6.557240812075421,-1.6979209913544624,2.979014611150632,0.007644388203962767,0.4074788771204792,46.01138576650513,45.767220279152085,90.01601670486666,91.00513346390285,6.965249401488389,-1.8103188374886843,3.192980992482608,0.007644388511422964,0.4099037262526888,46.0113857480446,45.76431567265789,90.01601666681127,91.00646423090758,6.966461929732519,-1.8100566231405781,3.207684017506346
5.46,0.8231721268073642,0.001416349120249737,-0.04078307601876639,10.723387546857241,0.958984375,tilt,0.0076443657481821345,0.3560353356259438,46.011386135692085,45.76758082532451,90.01601794671119,90.93616615906149,6.5283128706368885,-1.6901250514070634,3.0401963523715434,0.007644366053771279,0.35629409383897703,46.0113861168377,45.78105864771469,90.0160179082293,90.93448375233605,6.556834947665454,-1.6978028122116435,2.981580276450152,0.007644388203962767,0.40753978105497496,46.01138576650513,45.76727890902252,90.01601670486666,91.00503583732767,6.964864546933631,-1.8102061280481536,3.1925247987329985,0.007644388511422964,0.4098985718624581,46.0113857480446,45.76453445063244,90.01601666681127,91.0064224107592,6.9668169159658815,-1.810161015157151,3.2067012017530647
5.48,0.8231721268073642,0.0014860098028210457,-0.04065032571742863,10.72334202721232,0.958984375,tilt,0.0076443657481821345,0.35676592276384295,46.011386135692085,45.767834171171614,90.01601794671119,90.93611427237676,6.528708933579947,-1.6902433599188422,3.039030851393898,0.007644366053771279,0.3570806094493496,46.0113861168377,45.780552136706405,90.0160179082293,90.93465710100557,6.556462446772837,-1.6976911556932408,2.9840064040710934,0.007644388203962767,0.40759685989865246,46.01138576650513,45.7673353348762,90.01601670486666,91.0049433276624,6.964491412303905,-1.8100997749690637,3.192088994637632,0.007644388511422964,0.4098939909749847,46.0113857480446,45.76474176021982,90.01601666681127,91.00638225389486,6.967161418985401,-1.8102593248962746,3.205768726809138
5.5,0.8231721268073642,0.0015530857420589554,-0.04052464573450066,10.72329902153243,0.958984375,tilt,0.0076443657481821345,0.3574562823374543,46.011386135692085,45.768072386476256,90.01601794671119,90.93606520222804,6.529072090897493,-1.690353855775005,3.0379342430117697,0.007644366053771279,0.3578240410141102,46.0113861168377,45.78007334034881,90.0160179082293,90.93482160496215,6.556121769198889,-1.6975870509021371,2.9863011953831786,0.007644388203962767,0.4076504307217181,46.01138576650513,45.76738943317753,90.01601670486666,91.00485505287482,6.964129104896048,-1.8099981493895876,3.191672123471462,0.007644388511422964,0.40988985364703606,46.0113857480446,45.7649384090126,90.01601666681127,91.0063443325568,6.967496444935539,-1.810353203196953,3.204884575145839
5.5200000000000005,0.8231721268073642,0.0016184690138883369,-0.04040566480907625,10.723258389197222,0.958984375,tilt,0.0076443657481821345,0.35810884837017704,46.011386135692085,45.768296243476684,90.01601794671119,90.93601838197327,6.529405313236125,-1.690456197103462,3.036902064844138,0.007644366053771279,0.3585265299457794,46.0113861168377,45.77962085559514,90.0160179082293,90.93497814109143,6.555809909165846,-1.6974908298501463,2.988472251326313,0.007644388203962767,0.4077007966182326,46.01138576650513,45.76744118733653,90.01601670486666,91.00477044778584,6.96377818069971,-1.809900305344142,3.191272994575084,0.007644388511422964,0.4098860338670291,46.0113857480446,45.76512505477859,90.01601666681127,91.00630892403406,6.967821491401249,-1.8104436220649187,3.204046686418244
5.54,0.8231721268073642,0.0016824833175330116,-0.04029303154384471,10.723219997691364,0.958984375,tilt,0.0076443657481821345,0.3587258351961299,46.011386135692085,45.768506554033024,90.01601794671119,90.93597351741937,6.529712303868903,-1.690550584530829,3.0359303021471606,0.007644366053771279,0.35919018559329147,46.0113861168377,45.779193265293614,90.0160179082293,90.93512729498747,6.555523160761002,-1.69740228216117,2.990526585826825,0.007644388203962767,0.40774823298704455,46.01138576650513,45.76749066035005,90.01601670486666,91.0046892011152,6.963439937791528,-1.8098058304682128,3.190890655790979,0.007644388511422964,0.4098824236275372,46.0113857480446,45.765302238403486,90.01601666681127,91.00627606392224,6.9681352612966645,-1.8105310143022995,3.2032529408368706
5.5600000000000005,0.8231721268073642,0.001745060239450507,-0.04018641216280866,10.72318372226768,0.958984375,tilt,0.0076443657481821345,0.35930925822765475,46.011386135692085,45.76870414225768,90.01601794671119,90.93593051126827,6.529996885953609,-1.690637589247458,3.0350153314312456,0.007644366053771279,0.3598170785205715,46.0113861168377,45.778789169033104,90.0160179082293,90.93526943764935,6.555257724983382,-1.6973208312216215,2.9924706702627315,0.007644388203962767,0.40779298063704117,46.01138576650513,45.767537966328035,90.01601670486666,91.00461118242151,6.963115858726293,-1.8097146797343284,3.190524347900986,0.007644388511422964,0.40987894016938936,46.0113857480446,45.76547041720103,90.01601666681127,91.00624561435522,6.968436233713174,-1.8106154357415207,3.202501174346728
5.58,0.8231721268073642,0.0018059064336411296,-0.04008548913837612,10.723149445505028,0.958984375,tilt,0.0076443657481821345,0.3598609613580848,46.011386135692085,45.76888981920775,90.01601794671119,90.93588938825387,6.5302625730215125,-1.6907179873500051,3.0341538570354265,0.007644366053771279,0.36040922633017025,46.0113861168377,45.77840720981278,90.0160179082293,90.93540480186755,6.555010131312263,-1.6972457012243216,2.9943104944301635,0.007644388203962767,0.40783524448322817,46.01138576650513,45.76758324491135,90.01601670486666,91.00453637165752,6.962807224384098,-1.8096270194615829,3.1901734529348467,0.007644388511422964,0.4098755276577804,46.0113857480446,45.76562999429306,90.01601666681127,91.00621733288932,6.968723064275951,-1.8106967208648337,3.2017892113926916
5.6000000000000005,0.8231721268073642,0.0018646427370423123,-0.03998996036197798,10.723117056825345,0.958984375,tilt,0.0076443657481821345,0.36038264571996514,46.011386135692085,45.769064362651186,90.01601794671119,90.9358502305639,6.530512318599879,-1.6907926206200692,3.0333428497762993,0.007644366053771279,0.3609685773491972,46.0113861168377,45.778046094039084,90.0160179082293,90.93553354837952,6.554777480275865,-1.6971760560519737,2.9960516320687027,0.007644388203962767,0.40787519624620044,46.01138576650513,45.76762664092005,90.01601670486666,91.00446479949282,6.962514891809596,-1.8095430983931169,3.189837444905641,0.007644388511422964,0.40987215488374645,46.0113857480446,45.76578134174139,90.01601666681127,91.00619093250728,6.9689948196453155,-1.8107746133558984,3.201114903575414
5.62,0.8231721268073642,0.0019209063469205578,-0.03989953860298251,10.723086452014652,0.958984375,tilt,0.0076443657481821345,0.36087589611402243,46.011386135692085,45.769228503220084,90.01601794671119,90.93581312856078,6.530748418310336,-1.6908622935315476,3.0325794935242567,0.007644366053771279,0.3614969959104624,46.0113861168377,45.777704604096826,90.0160179082293,90.93565581659111,6.5545575349188505,-1.6971111010651678,2.9976993023978773,0.007644388203962767,0.40791297955063116,46.01138576650513,45.767668290127816,90.01601670486666,91.00439650245093,6.962239209614711,-1.8094631534777452,3.1895158483230546,0.007644388511422964,0.4098688105893307,46.0113857480446,45.76592481671775,90.01601666681127,91.00616612765229,6.969251071385522,-1.8108488627344987,3.2004761658011582
5.64,0.8231721268073642,0.0019744150648744745,-0.03981395107965321,10.72305753277446,0.958984375,tilt,0.0076443657481821345,0.36134220296328523,46.011386135692085,45.769382916950434,90.01601794671119,90.93577814811064,6.530972526434237,-1.6909277081345007,3.0318611426659037,0.007644366053771279,0.3619962514260489,46.0113861168377,45.77738160398152,90.0160179082293,90.93577175846978,6.554348699632453,-1.6970501467748513,2.9992584225335683,0.007644388203962767,0.4079487160252312,46.01138576650513,45.76770831096327,90.01601670486666,91.00433149364423,6.961980035378357,-1.8093873509131588,3.1892082070672236,0.007644388511422964,0.40986549780281684,46.0113857480446,45.766060771144815,90.01601666681127,91.00614266482003,6.969491884636523,-1.8109192857514549,3.199871004868932
5.66,0.8231721268073642,0.0020249979668720474,-0.03973293903666161,10.723030206315745,0.958984375,tilt,0.0076443657481821345,0.3617829789468152,46.011386135692085,45.769528223332436,90.01601794671119,90.93574531319639,6.531185746469292,-1.6909894328186008,3.031185291108546,0.007644366053771279,0.36246801214902413,46.0113861168377,45.77707603923687,90.0160179082293,90.93588155692112,6.554149926730769,-1.6969926387316765,3.0007336486076177,0.007644388203962767,0.4079825113329377,46.01138576650513,45.76774680122931,90.01601670486666,91.00426974760931,6.961736818035019,-1.8093157581940515,3.188914064033127,0.007644388511422964,0.4098622282434299,46.0113857480446,45.766189555939725,90.01601666681127,91.00612033881858,6.969717739038413,-1.8109857963633513,3.199297538318352
5.68,0.8231721268073642,0.0020725998314296166,-0.03965625727838331,10.723004384997804,0.958984375,tilt,0.0076443657481821345,0.3621995704383871,46.011386135692085,45.76966498753124,90.01601794671119,90.93571460091628,6.5313887590186805,-1.6910478978056052,3.03054955186538,0.007644366053771279,0.36291384354404255,46.0113861168377,45.77678693277626,90.0160179082293,90.93598543157191,6.553960587132989,-1.6969381609826841,3.0021294056365724,0.007644388203962767,0.4080144604212151,46.01138576650513,45.76778383857418,90.01601670486666,91.00421119641615,6.96150871216787,-1.8092483402978414,3.1886329504693944,0.007644388511422964,0.4098590174956065,46.0113857480446,45.76631152130275,90.01601666681127,91.00609899735699,6.969929415704855,-1.8110484110189125,3.1987540035325335
5.7,0.8231721268073642,0.002117267657502513,-0.03958367364436743,10.722979986008303,0.958984375,tilt,0.0076443657481821345,0.3625932645006629,46.011386135692085,45.76979372531197,90.01601794671119,90.93568594530825,6.531581957714002,-1.6911034090436907,3.0299516452870767,0.007644366053771279,0.36333521055726387,46.0113861168377,45.77651337818555,90.0160179082293,90.93608363556453,6.553780334026433,-1.6968864214537485,3.003449907637401,0.007644388203962767,0.40804465161786363,46.01138576650513,45.76781948337775,90.01601670486666,91.00415573370813,6.961294698060796,-1.8091849722722368,3.188364383062331,0.007644388511422964,0.4098558813202598,46.0113857480446,45.766427014512594,90.01601666681127,91.00607853728894,6.9701278770962345,-1.8111072369863188,3.1982387584986727
5.72,0.8231721268073642,0.0021591271626660766,-0.039514968435196286,10.722956931078258,0.958984375,tilt,0.0076443657481821345,0.36296529249944676,46.011386135692085,45.7699149093187,90.01601794671119,90.93565924647238,6.5317655726939945,-1.6911561725424482,3.029389393600257,0.007644366053771279,0.3637334827568856,46.0113861168377,45.77625453190712,90.0160179082293,90.93617644693691,6.5536089796065,-1.6968372271923757,3.004699170234243,0.007644388203962767,0.4080731694712193,46.01138576650513,45.7678537828458,90.01601670486666,91.00410322341814,6.961093689418066,-1.8091254609478822,3.1881078664812157,0.007644388511422964,0.409852833199883,46.0113857480446,45.766536376508334,90.01601666681127,91.00605889582903,6.970314158492962,-1.8111624511017825,3.197750276352912
5.74,0.8231721268073642,0.0021983558147048304,-0.039449933806928725,10.722935146224986,0.958984375,tilt,0.0076443657481821345,0.3633168314693726,46.011386135692085,45.77002897561565,90.01601794671119,90.93563438195181,6.531939769702005,-1.691206322474454,3.0288607194392805,0.007644366053771279,0.3641099412443169,46.0113861168377,45.77600960539364,90.0160179082293,90.93626415766815,6.553446396529645,-1.6967904560911893,3.005881018172757,0.007644388203962767,0.40810009642933404,46.01138576650513,45.76788677535181,90.01601670486666,91.00405351039056,6.960904618401384,-1.8090695697589623,3.1878628991635907,0.007644388511422964,0.40984988302106795,46.0113857480446,45.766639938254094,90.01601666681127,91.00604003960876,6.970489281875581,-1.8112142750926277,3.1972871359993995
5.76,0.8231721268073642,0.002235157195254748,-0.039388373154357545,10.722914561516864,0.958984375,tilt,0.0076443657481821345,0.3636490042567984,46.011386135692085,45.770136329720046,90.01601794671119,90.93561121805803,6.532104720119763,-1.691253948112391,3.0283636463550314,0.007644366053771279,0.36446578633795307,46.0113861168377,45.775777857971,90.0160179082293,90.93634706273473,6.553292448517525,-1.6967460299236772,3.006999089950557,0.007644388203962767,0.4081255135706778,46.01138576650513,45.76791849435673,90.01601670486666,91.00400643082277,6.960726494103091,-1.8090170422519376,3.187628980443197,0.007644388511422964,0.409847036681859,46.0113857480446,45.76673801756306,90.01601666681127,91.00602195375588,6.97065419636152,-1.8112629519915455,3.1968480108883757
5.78,0.8231721268073642,0.0022697396957414547,-0.039330100500839835,10.722895110854964,0.958984375,tilt,0.0076443657481821345,0.3639628792601455,46.011386135692085,45.77023735167241,90.01601794671119,90.93558961961553,6.532260642681925,-1.691299116486928,3.0278962997556946,0.007644366053771279,0.3648021452341957,46.0113861168377,45.77555859082212,90.0160179082293,90.93642545072322,6.553146949255281,-1.6967038917604267,3.0080568413310416,0.007644388203962767,0.4081495006494432,46.01138576650513,45.76794897152073,90.01601670486666,91.00396182116657,6.960558435434667,-1.8089676215605754,3.187405617577188,0.007644388511422964,0.4098442963619369,46.0113857480446,45.766830916759446,90.01601666681127,91.00600463243805,6.970809744396856,-1.8113087264904002,3.1964316576043594
5.8,0.8231721268073642,0.0023023009566056634,-0.03927493990786348,10.722876731767897,0.958984375,tilt,0.0076443657481821345,0.36425947034354084,46.011386135692085,45.77033239996178,90.01601794671119,90.93556945732564,6.53240782111705,-1.6913418892706007,3.0274569072328283,0.007644366053771279,0.3651200790926544,46.0113861168377,45.77535114223191,90.0160179082293,90.93649959681164,6.553009645266255,-1.6966639892109712,3.0090575489827023,0.007644388203962767,0.40817213571764654,46.01138576650513,45.76797823885937,90.01601670486666,91.0039195247932,6.960399682450286,-1.8089210645546687,3.1871923317266235,0.007644388511422964,0.40984166119511584,46.0113857480446,45.76691892131093,90.01601666681127,91.0059880716291,6.970956649736262,-1.8113518305896519,3.19603690541212
5.82,0.8231721268073642,0.002333018220785472,-0.03922272491273373,10.722859365217678,0.958984375,tilt,0.0076443657481821345,0.36453973726200395,46.011386135692085,45.77042181432915,90.01601794671119,90.93555061253548,6.532546603698517,-1.6913823336470526,3.0270437976951947,0.007644366053771279,0.36542058922849,46.0113861168377,45.77515488403584,90.0160179082293,90.93656975833972,6.5528802167362485,-1.6966262636696343,3.0100043149732802,0.007644388203962767,0.4081934945511995,46.01138576650513,45.76800632997498,90.01601670486666,91.00387939625493,6.9602495916434135,-1.8088771505171513,3.186988662387952,0.007644388511422964,0.4098391281188449,46.0113857480446,45.76700229938441,90.01601666681127,91.00597226430139,6.971095521655724,-1.8113924747154078,3.195662647406783
5.84,0.8231721268073642,0.002362043928161211,-0.03917329799852349,10.722842955415066,0.958984375,tilt,0.0076443657481821345,0.364804586734829,46.011386135692085,45.770505917605334,90.01601794671119,90.93553297961638,6.532677391079748,-1.6914205278217298,3.026655399125416,0.007644366053771279,0.365704622295239,46.0113861168377,45.77496921908876,90.0160179082293,90.93663617276381,6.552758289960744,-1.6965906449309884,3.0109000724169444,0.007644388203962767,0.408213650054111,46.01138576650513,45.768033280508206,90.01601670486666,91.00384130335162,6.960107621029292,-1.8088356849943408,3.186794170142698,0.007644388511422964,0.40983669272833817,46.0113857480446,45.76708130216619,90.01601666681127,91.00595719785596,6.971226869577622,-1.811430843718813,3.195307833503136
5.86,0.8231721268073642,0.002389505407576666,-0.03912651009721381,10.722827449643692,0.958984375,tilt,0.0076443657481821345,0.3650548741528961,46.011386135692085,45.77058501680787,90.01601794671119,90.93551646640549,6.532800618153826,-1.6914565622940352,3.0262902350473575,0.007644366053771279,0.3659730744914308,46.0113861168377,45.774793579512675,90.0160179082293,90.93669905754288,6.552643455653418,-1.696557050004873,3.01174759225073,0.007644388203962767,0.4082326717570019,46.01138576650513,45.768059128010854,90.01601670486666,91.00380512743229,6.959973310214396,-1.8087964998630481,3.1866084378557593,0.007644388511422964,0.4098343500207665,46.0113857480446,45.76715616473505,90.01601666681127,91.00594285336814,6.971351122824301,-1.8114670966787836,3.194971465194013
5.88,0.8231721268073642,0.0024155073632073564,-0.039082220124972006,10.722812798092619,0.958984375,tilt,0.0076443657481821345,0.36529140580827335,46.011386135692085,45.7706594037367,90.01601794671119,90.9355009932701,6.532916734548789,-1.6914905382102199,3.025946919971212,0.007644366053771279,0.3662267949207754,46.0113861168377,45.77462742547277,90.0160179082293,90.93675861139299,6.552535288564012,-1.6965253848345816,3.0125494909125363,0.007644388203962767,0.40825062547248575,46.01138576650513,45.768083911451214,90.01601670486666,91.0037707624506,6.959846259595639,-1.8087594508348348,3.1864310706085917,0.007644388511422964,0.4098320949682935,46.0113857480446,45.76722710727044,90.01601666681127,91.0059292061264,6.971468651339616,-1.8115013693176703,3.1946525918099544
5.9,0.8231721268073642,0.0024401359190120474,-0.03904029454725242,10.722798953697065,0.958984375,tilt,0.0076443657481821345,0.36551494148557406,46.011386135692085,45.77072935528702,90.01601794671119,90.93548649134999,6.533026186966111,-1.6915225640465845,3.0256241541602726,0.007644366053771279,0.36646658828385564,46.0113861168377,45.774470244258715,90.0160179082293,90.93681501635291,6.552433365202754,-1.6964955476600658,3.013308238588613,0.007644388203962767,0.40826757312633216,46.01138576650513,45.768107670541895,90.01601670486666,91.00373811328606,6.959726111548354,-1.8087244135308564,3.1862616947248568,0.007644388511422964,0.4098299229021702,46.0113857480446,45.76729433640253,90.01601666681127,91.00591622694796,6.97157978446174,-1.8115337778684786,3.1943503079256974
5.92,0.8231721268073642,0.002463463193378914,-0.03900060697105431,10.722785871987249,0.958984375,tilt,0.0076443657481821345,0.3657261972441669,46.011386135692085,45.770795133654666,90.01601794671119,90.93547290045667,6.533129405246068,-1.6915527516781839,3.0253207180710726,0.007644366053771279,0.36669321708881064,46.0113861168377,45.77432154949444,90.0160179082293,90.93686844018063,6.552337277825692,-1.6964674329921734,3.0140261676837588,0.007644388203962767,0.4082835727520374,46.01138576650513,45.76813044504062,90.01601670486666,91.00370709376823,6.959612535259999,-1.8086912790873482,3.1860999562457195,0.007644388511422964,0.40982782972118753,46.0113857480446,45.76735804655306,90.01601666681127,91.00590388382479,6.971684826073467,-1.8115644234423904,3.1940637515382453
5.94,0.8231721268073642,0.0024855516505371683,-0.03896303776166615,10.722773510945139,0.958984375,tilt,0.0076443657481821345,0.36592584823692653,46.011386135692085,45.77085698655766,90.01601794671119,90.93546016699422,6.533226792887429,-1.6915812125918201,3.025035466773823,0.007644366053771279,0.3669074035511434,46.0113861168377,45.77418088035234,90.0160179082293,90.93691903871458,6.55224664393831,-1.6964409354118977,3.0147054812030003,0.007644388203962767,0.4082986786174674,46.01138576650513,45.768152274127466,90.01601670486666,91.00367762473515,6.959505215816599,-1.808659949972112,3.1859455191657338,0.007644388511422964,0.40982581195658185,46.0113857480446,45.767418421164834,90.01601666681127,91.0058921435622,6.971784065496825,-1.8115933961896855,3.193792102686693
5.96,0.8231721268073642,0.002506457757169881,-0.03892747368147584,10.722761830868915,0.958984375,tilt,0.0076443657481821345,0.3661145314434156,46.011386135692085,45.77091514754725,90.01601794671119,90.93544824214241,6.5333187219275315,-1.6916080547526162,3.024767324591809,0.007644366053771279,0.36710983131979263,46.0113861168377,45.77404780070022,90.0160179082293,90.93696695795832,6.552161111449188,-1.6964159527237122,3.015348260798023,0.007644388203962767,0.40831294144394087,46.01138576650513,45.76817319591788,90.01601670486666,91.00364963234331,6.959403847412969,-1.808630336460209,3.1857980636698646,0.007644388511422964,0.40982386673369314,46.0113857480446,45.76747563376192,90.01601666681127,91.00588097318705,6.97187778425696,-1.8116207788117233,3.193534582253632
5.98,0.8231721268073642,0.0025262347221126267,-0.03889380754884928,10.722750794244904,0.958984375,tilt,0.0076443657481821345,0.3662928482336573,46.011386135692085,45.77096983643913,90.01601794671119,90.93543708042841,6.53340553151355,-1.6916333803474528,3.024515280116491,0.007644366053771279,0.3673011471275742,46.0113861168377,45.77392189815096,90.0160179082293,90.93701233576314,6.5520803601310105,-1.6963923882208596,3.01595647432229,0.007644388203962767,0.40832640867797143,46.01138576650513,45.768193247133105,90.01601670486666,91.0036230467405,6.959308130047355,-1.808602353967008,3.185657284532489,0.007644388511422964,0.40982199167073763,46.0113857480446,45.76752984882191,90.01601666681127,91.00587034100798,6.971966259351824,-1.811646649220098,3.1932904507635254
6.0,0.8231721268073642,0.0025449342918340214,-0.03886193791540086,10.722740365626569,0.958984375,tilt,0.0076443657481821345,0.3664613667158862,46.011386135692085,45.77102125986305,90.01601794671119,90.9354266387208,6.5334875292371795,-1.691657284451288,3.0242783816805394,0.007644366053771279,0.3674819624261133,46.0113861168377,45.77380278301711,90.0160179082293,90.93705530307403,6.552004100325834,-1.6963701520334094,3.016531982805798,0.007644388203962767,0.40833912478114565,46.01138576650513,45.7682124629211,90.01601670486666,91.0035978011301,6.959217768831348,-1.8085759212636692,3.185522889768394,0.007644388511422964,0.40982018474975995,46.0113857480446,45.76758122246898,90.01601666681127,91.00586021729855,6.972049763895783,-1.8116710823112419,3.193059007076032
6.0200000000000005,0.8231721268073642,0.0025626077072537974,-0.03883176876037151,10.722730511520354,0.958984375,tilt,0.0076443657481821345,0.3666206238531734,46.011386135692085,45.77106961190876,90.01601794671119,90.93541687561384,6.533564994235309,-1.6916798545099192,3.024055733309189,0.007644366053771279,0.3676528550331322,46.0113861168377,45.773690087193145,90.0160179082293,90.9370959847731,6.551932069881568,-1.6963491616505504,3.0170765468330307,0.007644388203962767,0.4083511315117644,46.01138576650513,45.768230876804566,90.01601670486666,91.00357383119383,6.959132474997563,-1.8085509594775242,3.18539459955941,0.007644388511422964,0.4098184441866491,46.0113857480446,45.767629903013926,90.01601666681127,91.005850574632,6.972128566057069,-1.8116941509558546,3.1928395869329496
6.04,0.8231721268073642,0.0025793060015871215,-0.03880320920102262,10.722721200277848,0.958984375,tilt,0.0076443657481821345,0.36677112735740264,46.011386135692085,45.77111507483518,90.01601794671119,90.93540775113048,6.533638181164845,-1.6917011704708564,3.0238464911261644,0.007644366053771279,0.36781437079568086,46.0113861168377,45.773583462997586,90.0160179082293,90.93713450019186,6.551864030224659,-1.6963293418048586,3.0175918323497863,0.007644388203962767,0.40836246818082683,46.01138576650513,45.768248520722885,90.01601670486666,91.00355107480658,6.959051967779518,-1.8085273917086073,3.1852721454468935,0.007644388511422964,0.4098167683181222,46.0113857480446,45.76767603137563,90.01601666681127,91.00584138793467,6.972202927118815,-1.811715926370118,3.1926315613634015
6.0600000000000005,0.8231721268073642,0.0025950798442999413,-0.03877617321818229,10.722712401994027,0.958984375,tilt,0.0076443657481821345,0.3669133573842192,46.011386135692085,45.77115781980781,90.01601794671119,90.93539922665538,6.5337073243289945,-1.691721305350724,3.023649860158156,0.007644366053771279,0.3679670252570656,46.0113861168377,45.77348258200948,90.0160179082293,90.9371709633828,6.551799762274695,-1.6963106239105512,3.018079415960245,0.007644388203962767,0.4083731718732444,46.01138576650513,45.7682654251341,90.01601670486666,91.00352947196036,6.958975976507862,-1.8085051430730346,3.1851552697427508,0.007644388511422964,0.4098151555152611,46.0113857480446,45.76771974141991,90.01601666681127,91.0058326343398,6.972273099321563,-1.8117364780571403,3.192434334984201
6.08,0.8231721268073642,0.002609979125996353,-0.03875057939616953,10.722704088411172,0.958984375,tilt,0.0076443657481821345,0.3670477680600737,46.011386135692085,45.77119800763291,90.01601794671119,90.93539126500997,6.533772641458344,-1.691740326050458,3.0234650914725547,0.007644366053771279,0.3681113053071069,46.0113861168377,45.773387133929994,90.0160179082293,90.93720548323721,6.551739062712102,-1.6962929452643722,3.01854078978156,0.007644388203962767,0.4083832776319549,46.01138576650513,45.768281619146606,90.01601670486666,91.0035089648168,6.958904242467916,-1.808484140994087,3.1850437251041974,0.007644388511422964,0.40981360412638496,46.0113857480446,45.76776116024721,90.01601666681127,91.00582429292241,6.972339323947086,-1.8117558735035697,3.1922473442430044
6.1000000000000005,0.8231721268073642,0.002624052446515339,-0.03872635067640197,10.722696232828095,0.958984375,tilt,0.0076443657481821345,0.367174788873934,46.011386135692085,45.77123578946313,90.01601794671119,90.93538383059425,6.533834336850124,-1.6917582942480893,3.023291479581136,0.007644366053771279,0.3682476707932941,46.0113861168377,45.77329682549286,90.0160179082293,90.93723816352801,6.5516817408800145,-1.6962762481603673,3.018977365934483,0.007644388203962767,0.4083928186074421,46.01138576650513,45.7682971306561,90.01601670486666,91.00348949781832,6.958836520247978,-1.8084643155848803,3.1849372742192292,0.007644388511422964,0.4098121124471883,46.0113857480446,45.76780040845456,90.01601666681127,91.00581634438501,6.9724018299110275,-1.8117741777782768,3.1920700556587187
6.12,0.8231721268073642,0.0026373466254817216,-0.0387034141240462,10.722688810014423,0.958984375,tilt,0.0076443657481821345,0.3672948259634295,46.011386135692085,45.771271307458115,90.01601794671119,90.93537688953627,6.533892603759241,-1.6917752672569766,3.0231283600486156,0.007644366053771279,0.3683765560726562,46.0113861168377,45.773211379439495,90.0160179082293,90.9372691029345,6.5516276164380525,-1.696260479046672,3.0193904807315484,0.007644388203962767,0.40840182617811044,46.01138576650513,45.76831198647155,90.01601670486666,91.00347101780518,6.958772578482896,-1.8084456000205669,3.184835689549387,0.007644388511422964,0.4098106787131138,46.0113857480446,45.7678376003896,90.01601666681127,91.00580877074668,6.972460832968394,-1.8117914531504582,3.1919019640990474
6.140000000000001,0.8231721268073642,0.0026499063103277297,-0.03868170070706382,10.722681796129596,0.958984375,tilt,0.0076443657481821345,0.3674082633199122,46.011386135692085,45.77130469539081,90.01601794671119,90.9353704098112,6.533947626051376,-1.6917912987643655,3.022975107255715,0.007644366053771279,0.3684983714889086,46.0113861168377,45.77313053356666,90.0160179082293,90.93729839508931,6.551576517747717,-1.6962455877969143,3.019781398621385,0.007644388203962767,0.40841033004821986,46.01138576650513,45.76832621242041,90.01601670486666,91.00345347410337,6.958712200002286,-1.8084279308196067,3.1847387530935523,0.007644388511422964,0.4098093011076523,46.0113857480446,45.76787284440671,90.01601666681127,91.0058015550709,6.972516535512143,-1.8118077587893842,3.1917425911364985
6.16,0.8231721268073642,0.0026617737018044692,-0.038661145033877325,10.722675168321803,0.958984375,tilt,0.0076443657481821345,0.3675154650423774,46.011386135692085,45.77133607924749,90.01601794671119,90.93536436049615,6.533999572187406,-1.691806440115795,3.0228311302473445,0.007644366053771279,0.36861350609027627,46.0113861168377,45.77305403897394,90.0160179082293,90.93732612931551,6.551528284972648,-1.6962315252675477,3.0201513208876483,0.007644388203962767,0.40841835848841695,46.01138576650513,45.76833983340849,90.01601670486666,91.00343681841731,6.958655181522244,-1.8084112481299812,3.1846462559008137,0.007644388511422964,0.40980797769147514,46.0113857480446,45.767906243320176,90.01601666681127,91.00579468080117,6.972569123786034,-1.8118231513521987,3.1915914817353674
6.18,0.8231721268073642,0.00267298828193633,-0.03864168498912478,10.722668905209588,0.958984375,tilt,0.0076443657481821345,0.367616777996406,46.011386135692085,45.7713655782741,90.01601794671119,90.93535871163927,6.53404861583715,-1.6918207414600843,3.0226958681128515,0.007644366053771279,0.3687223309110322,46.0113861168377,45.772981657791796,90.0160179082293,90.93735239169115,6.55148276219663,-1.6962182406981134,3.020501397172998,0.007644388203962767,0.4084259386925353,46.01138576650513,45.768352873523554,90.01601670486666,91.00342100494629,6.95860133851668,-1.808395496073041,3.1845579978971026,0.007644388511422964,0.4098067062431335,46.0113857480446,45.76793789517267,90.01601666681127,91.00578813139222,6.97261877410108,-1.8118376858351075,3.1914482003126965
6.2,0.8231721268073642,0.0026835871161227,-0.03862326187862252,10.72266298630116,0.958984375,tilt,0.0076443657481821345,0.3677125261489943,46.011386135692085,45.77139330454443,90.01601794671119,90.9353534377423,6.534094916897945,-1.6918342490402984,3.0225687996037753,0.007644366053771279,0.3688251920919032,46.0113861168377,45.772913167714286,90.0160179082293,90.93737726141602,6.551439783887774,-1.6962056922820088,3.0208326991549295,0.007644388203962767,0.4084330957630276,46.01138576650513,45.76836535602024,90.01601670486666,91.00340599064059,6.958550477245859,-1.8083806219368683,3.1844737885395045,0.007644388511422964,0.40980548495610447,46.0113857480446,45.767967892107315,90.01601666681127,91.00578189228736,6.972665662454062,-1.8118514114275965,3.191312339685309
6.22,0.8231721268073642,0.002693604971459617,-0.038605820275236034,10.722657393715131,0.958984375,tilt,0.0076443657481821345,0.3678030142109272,46.011386135692085,45.77141936334914,90.01601794671119,90.93534851555718,6.534138654478593,-1.6918470056430137,3.022449436576008,0.007644366053771279,0.3689224150394204,46.0113861168377,45.7728483596265,90.0160179082293,90.93740081233908,6.551399206607613,-1.696193843020069,3.021146233481237,0.007644388203962767,0.40843985316974957,46.01138576650513,45.768377303395326,90.01601670486666,91.00339173475423,6.958502446242439,-1.808366575827839,3.1843934455089706,0.007644388511422964,0.4098043122076435,46.0113857480446,45.76799632102556,90.01601666681127,91.00577594979114,6.972709945231207,-1.811864372901071,3.1911835159045276
6.24,0.8231721268073642,0.0027030743604400504,-0.03858930770942334,10.722652108706036,0.958984375,tilt,0.0076443657481821345,0.36788853164900515,46.011386135692085,45.771443853760594,90.01601794671119,90.93534392161195,6.534179933641112,-1.691859053388315,3.0223373161061273,0.007644366053771279,0.36901430916041206,46.0113861168377,45.7727870345997,90.0160179082293,90.93742311560923,6.551360917426987,-1.6961826536962612,3.021442959754789,0.007644388203962767,0.40844623327723856,46.01138576650513,45.7683887373545,90.01601670486666,91.00337819835698,6.958457080522646,-1.8083533112159405,3.184316793751363,0.007644388511422964,0.4098031863045878,46.0113857480446,45.76802326439798,90.01601666681127,91.00577028964868,6.972751752739886,-1.8118766137908866,3.1910613618191808
6.26,0.8231721268073642,0.0027120256591730853,-0.03857367461295796,10.722647114682651,0.958984375,tilt,0.0076443657481821345,0.36796935065409864,46.011386135692085,45.771466869187364,90.01601794671119,90.93533963552034,6.534218905774576,-1.6918704308646095,3.0222320056159657,0.007644366053771279,0.36910116540751614,46.0113861168377,45.77272900536173,90.0160179082293,90.93744423715863,6.551324777826622,-1.6961720893902583,3.021723779035618,0.007644388203962767,0.40845225706101873,46.01138576650513,45.76839967894411,90.01601670486666,91.00336534502992,6.958414232863341,-1.8083407841838761,3.1842436664885065,0.007644388511422964,0.40980210565089864,46.0113857480446,45.76804880019364,90.01601666681127,91.00576489901684,6.972791228387233,-1.8118881737468235,3.190945531720335
6.28,0.8231721268073642,0.0027204873721360817,-0.03855887406438226,10.722642395975228,0.958984375,tilt,0.0076443657481821345,0.36804572908624567,46.011386135692085,45.77148849745134,90.01601794671119,90.93533563740361,6.534255732334708,-1.6918811755882133,3.022133096772323,0.007644366053771279,0.36918325959889325,46.0113861168377,45.77267409429446,90.0160179082293,90.93746423991452,6.551290639631979,-1.696162114863467,3.021989546808379,0.007644388203962767,0.4084579443907255,46.01138576650513,45.76841014841317,90.01601670486666,91.00335314010356,6.95837376762778,-1.8083289536513467,3.1841739040864017,0.007644388511422964,0.40980106866796534,46.0113857480446,45.76807300227931,90.01601666681127,91.00575976507967,6.972828517039172,-1.8118990908649741,3.190835696655042
6.3,0.8231721268073642,0.002728486263658425,-0.03854486168689659,10.722637937042812,0.958984375,tilt,0.0076443657481821345,0.36811791072062294,46.011386135692085,45.771508821183446,90.01601794671119,90.93533190849888,6.5342904665305515,-1.6918913226301595,3.022040205216875,0.007644366053771279,0.36926085261936115,46.0113861168377,45.77262213327307,90.0160179082293,90.93748318358165,6.551258465028445,-1.6961526974745047,3.0222410731496896,0.007644388203962767,0.40846331402870456,46.01138576650513,45.76842016524883,90.01601670486666,91.00334155071388,6.958335547405669,-1.8083177808933988,3.1841073540346265,0.007644388511422964,0.4098000738269674,46.0113857480446,45.76809594060734,90.01601666681127,91.00575487544371,6.972863697827161,-1.811909400603981,3.190731544535308
6.32,0.8231721268073642,0.002736047518519568,-0.038531595471647744,10.722633723583229,0.958984375,tilt,0.0076443657481821345,0.36818612570420056,46.011386135692085,45.77152791822009,90.01601794671119,90.93532843162303,6.534323278616113,-1.6919009058434311,3.0219529699668235,0.007644366053771279,0.3693341908667848,46.0113861168377,45.77257296333877,90.0160179082293,90.93750112438659,6.551228064293106,-1.69614380512954,3.022479123483218,0.007644388203962767,0.40846838367866833,46.01138576650513,45.76842974823623,90.01601670486666,91.00333054586484,6.958299451989559,-1.8083072296723457,3.184043870840508,0.007644388511422964,0.4097991196413371,46.0113857480446,45.76811768145412,90.01601666681127,91.00575021848636,6.972896928944464,-1.8119191369642547,3.1906327799391123
6.34,0.8231721268073642,0.002743194922707979,-0.03851903567864043,10.722629742089715,0.958984375,tilt,0.0076443657481821345,0.3682505912748441,46.011386135692085,45.77154586175362,90.01601794671119,90.9353251912197,6.534354281711702,-1.6919099559344584,3.02187105288787,0.007644366053771279,0.3694035069268219,46.0113861168377,45.77252643437143,90.0160179082293,90.93751811485481,6.551199325608248,-1.6961354096479038,3.0227044194018338,0.007644388203962767,0.40847317002552547,46.01138576650513,45.768438915430806,90.01601670486666,91.00332009626408,6.958265366890169,-1.8082972653726583,3.183983315776878,0.007644388511422964,0.40979820466235206,46.0113857480446,45.76813828752571,90.01601666681127,91.00574578349587,6.972928324272646,-1.8119283309439502,3.19053912398945
6.36,0.8231721268073642,0.0027499509822955263,-0.03850714466696517,10.722625980083428,0.958984375,tilt,0.0076443657481821345,0.36831151343488205,46.011386135692085,45.7715627205644,90.01601794671119,90.93532217151697,6.534383538436964,-1.6919185030910902,3.0217941336259937,0.007644366053771279,0.3694690214912096,46.0113861168377,45.77248240386579,90.0160179082293,90.93753420598688,6.551172231453742,-1.6961274823589674,3.0229176484206643,0.007644388203962767,0.40847768886555264,46.01138576650513,45.768447684127594,90.01601670486666,91.00331017379128,6.95823317536125,-1.8082878556683821,3.183925555827111,0.007644388511422964,0.4097973275019855,46.0113857480446,45.76815781828186,90.01601666681127,91.00574155950991,6.972957947572781,-1.8119370128801235,3.1904503104661366
6.38,0.8231721268073642,0.002756337011924149,-0.03849588681985131,10.722622425454349,0.958984375,tilt,0.0076443657481821345,0.3683690861000768,46.011386135692085,45.771578559395515,90.01601794671119,90.93531935936085,6.534411180056499,-1.6919265741135794,3.0217219143782446,0.007644366053771279,0.3695309421846521,46.0113861168377,45.772440737708315,90.0160179082293,90.93754944421723,6.551146637972332,-1.6961199989530065,3.0231194541092963,0.007644388203962767,0.4084819550833529,46.01138576650513,45.76845607099515,90.01601670486666,91.00330075216802,6.958202775012694,-1.8082789694040604,3.183870464623623,0.007644388511422964,0.40979648674721464,46.0113857480446,45.768176329953214,90.01601666681127,91.00573753720494,6.972985923546547,-1.811945210074984,3.1903660899177955
6.4,0.8231721268073642,0.002762373221395296,-0.03848522840026925,10.722619066760531,0.958984375,tilt,0.0076443657481821345,0.36842349331089874,46.011386135692085,45.771593439073946,90.01601794671119,90.93531674093136,6.53443729842551,-1.6919341960141554,3.02165411207006,0.007644366053771279,0.36958946617689203,46.0113861168377,45.772401308497784,90.0160179082293,90.93756387517342,6.551122458428877,-1.6961129336780547,3.0233104511877276,0.007644388203962767,0.4084859827740107,46.01138576650513,45.76846409199407,90.01601670486666,91.00329180604054,6.958174067093495,-1.8082705777181032,3.1838179207459296,0.007644388511422964,0.40979568106281994,46.0113857480446,45.76819387588796,90.01601666681127,91.00573370675193,6.973012345286675,-1.8119529498585794,3.1902862235042573
6.42,0.8231721268073642,0.0027680787770728837,-0.03847513746299251,10.72261589300747,0.958984375,tilt,0.0076443657481821345,0.3684749088621701,46.011386135692085,45.77160741675384,90.01601794671119,90.93531430364956,6.534461923131365,-1.69194139318303,3.0215904615971123,0.007644366053771279,0.3696447795974089,46.0113861168377,45.772363995968114,90.0160179082293,90.93757754158187,6.551099672356788,-1.6961062640101534,3.0234912191822447,0.007644388203962767,0.4084897852280891,46.01138576650513,45.768471762425705,90.01601670486666,91.0032833113673,6.958146952448953,-1.8082626528665122,3.1837678083810603,0.007644388511422964,0.409794909137413,46.0113857480446,45.768210506539674,90.01601666681127,91.00573005907573,6.973037270928882,-1.8119602571706472,3.1902104858337332
6.44,0.8231721268073642,0.0027734717839744583,-0.03846558378562936,10.722612894383785,0.958984375,tilt,0.0076443657481821345,0.36852349680841956,46.011386135692085,45.77162054630945,90.01601794671119,90.9353120363602,6.5344851781034325,-1.6919481886035932,3.0215307146163886,0.007644366053771279,0.3696970581198762,46.0113861168377,45.7723286864811,90.0160179082293,90.93759048320544,6.551078180350702,-1.69609996879257,3.023662304337593,0.007644388203962767,0.4084933750454626,46.01138576650513,45.76847909705565,90.01601670486666,91.00327524557578,6.958121338324978,-1.8082551686978248,3.1837200171642155,0.007644388511422964,0.4097941696218296,46.0113857480446,45.768226269771134,90.01601666681127,91.00572658599798,6.97306079308614,-1.8119671556387773,3.1901386640442175
6.46,0.8231721268073642,0.0027785687139374954,-0.038456538523028064,10.722610058886557,0.958984375,tilt,0.0076443657481821345,0.3685694162811428,46.011386135692085,45.77163287932253,90.01601794671119,90.9353099379646,6.534507354795322,-1.691954588368117,3.021474654518963,0.007644366053771279,0.36974647190324483,46.0113861168377,45.77229526955977,90.0160179082293,90.93760272345651,6.551057583239473,-1.6960940465781809,3.0238242039599683,0.007644388203962767,0.4084967660184766,46.01138576650513,45.76848611060998,90.01601670486666,91.00326759063245,6.958097158464645,-1.8082480942453878,3.1836744469034284,0.007644388511422964,0.40979345897897,46.0113857480446,45.768241212266794,90.01601666681127,91.00572328712315,6.973083135645417,-1.8119736566713924,3.1900705673445495
6.48,0.8231721268073642,0.002783387900491933,-0.0384479715121151,10.722607378403083,0.958984375,tilt,0.0076443657481821345,0.36861283013370444,46.011386135692085,45.77164446256102,90.01601794671119,90.93530801823198,6.534528173358012,-1.6919605677329086,3.021422108268723,0.007644366053771279,0.369793193385315,46.0113861168377,45.772263640628424,90.0160179082293,90.93761426928373,6.551038306144356,-1.6960885294108017,3.0239773548071947,0.007644388203962767,0.4084999718279481,46.01138576650513,45.76849281698416,90.01601670486666,91.00326032884205,6.958074254370795,-1.8082413826485468,3.183631001537651,0.007644388511422964,0.40979277236274597,46.0113857480446,45.768255376841076,90.01601666681127,91.00572017078905,6.973104183764644,-1.8119797483597475,3.1900060400502914
6.5,0.8231721268073642,0.002787949149630236,-0.038439858166132886,10.722604847065046,0.958984375,tilt,0.0076443657481821345,0.3686538638943575,46.011386135692085,45.77165533490852,90.01601794671119,90.93530622417711,6.534547671409129,-1.6919662184116877,3.021372796932431,0.007644366053771279,0.3698373549114857,46.0113861168377,45.77223372128143,90.0160179082293,90.93762521543859,6.55102031233195,-1.6960833161748234,3.0241222825484746,0.007644388203962767,0.4085029957604718,46.01138576650513,45.768499227628936,90.01601670486666,91.00325342511728,6.958052628573746,-1.8082350404695497,3.1835895567476347,0.007644388511422964,0.40979211705403557,46.0113857480446,45.76826879767399,90.01601666681127,91.005717197861,6.973123979936686,-1.8119855049651203,3.1899448562779376
6.5200000000000005,0.8231721268073642,0.002792263325334153,-0.038432176379045224,10.722602455527216,0.958984375,tilt,0.0076443657481821345,0.36869264628042425,46.011386135692085,45.77166554075214,90.01601794671119,90.93530453769843,6.5345661319575745,-1.6919715812082279,3.021326496333687,0.007644366053771279,0.36987909583005646,46.0113861168377,45.77220541543891,90.0160179082293,90.93763560578414,6.551003273157912,-1.696078360127501,3.024259471949592,0.007644388203962767,0.40850584956905117,46.01138576650513,45.768505355862246,90.01601670486666,91.00324686237686,6.958032247821354,-1.8082290617736918,3.183550020231518,0.007644388511422964,0.4097914910008895,46.0113857480446,45.76828151632485,90.01601666681127,91.00571435448302,6.9731427087989575,-1.8119909654654847,3.1898868162777703
6.54,0.8231721268073642,0.002796340374937805,-0.038424903901207036,10.722600195304599,0.958984375,tilt,0.0076443657481821345,0.3687292980607949,46.011386135692085,45.771675122831006,90.01601794671119,90.93530296538744,6.5345835549518885,-1.691976657409132,3.021283043897177,0.007644366053771279,0.369918548184134,46.0113861168377,45.77217863141339,90.0160179082293,90.93764545387076,6.550987192694468,-1.6960736682791813,3.0243893229522922,0.007644388203962767,0.4085085441869772,46.01138576650513,45.76851121445159,90.01601670486666,91.00324063061882,6.958012994108564,-1.808223423702255,3.1835123176119917,0.007644388511422964,0.40979089131880764,46.0113857480446,45.7682935715168,90.01601666681127,91.00571164341285,6.9731603589839395,-1.8119961324394376,3.1898317686208655
6.5600000000000005,0.8231721268073642,0.0028001921646896733,-0.03841801854541643,10.722598059912452,0.958984375,tilt,0.0076443657481821345,0.36876393643996713,46.011386135692085,45.771684119098786,90.01601794671119,90.93530150551537,6.534600046644998,-1.6919814551718746,3.021242278201164,0.007644366053771279,0.3699558387187846,46.0113861168377,45.772153284576774,90.0160179082293,90.93765478164696,6.55097199268418,-1.6960692353339275,3.024512225486692,0.007644388203962767,0.40851108867807984,46.01138576650513,45.76851681449542,90.01601670486666,91.0032347151003,6.9579948392469975,-1.8082181035587834,3.183476370864274,0.007644388511422964,0.4097903166170348,46.0113857480446,45.768304997884385,90.01601666681127,91.00570906165589,6.973177031966861,-1.8120010130701532,3.189779565753587
6.58,0.8231721268073642,0.002803830802137333,-0.03841149969048068,10.722596041148787,0.958984375,tilt,0.0076443657481821345,0.3687966708326671,46.011386135692085,45.77169256483791,90.01601794671119,90.9353001499184,6.534615599172346,-1.6919859916873052,3.0212040346531968,0.007644366053771279,0.369991084956981,46.0113861168377,45.77212929729361,90.0160179082293,90.93766361792893,6.550957608572375,-1.6960650439405076,3.024628556455772,0.007644388203962767,0.408513491053543,46.01138576650513,45.76852216668249,90.01601670486666,91.00322909940517,6.957977693813833,-1.808213084130275,3.183442099956413,0.007644388511422964,0.4097897663716739,46.0113857480446,45.76831582804852,90.01601666681127,91.00570660200981,6.973192766465405,-1.8120056233523023,3.1897300589870947
6.6000000000000005,0.8231721268073642,0.0028072679302439825,-0.03840532768083285,10.722594133844328,0.958984375,tilt,0.0076443657481821345,0.3688276067062206,46.011386135692085,45.771700493321326,90.01601794671119,90.93529889313551,6.534630296206778,-1.6919902779165206,3.0211681629316036,0.007644366053771279,0.3700244002845984,46.0113861168377,45.772106595126225,90.0160179082293,90.93767198600959,6.550944047586924,-1.6960610840812547,3.0247386676165444,0.007644388203962767,0.40851575943769325,46.01138576650513,45.76852728156349,90.01601670486666,91.00322376875361,6.957961509548829,-1.8082083468056593,3.183409429035333,0.007644388511422964,0.40978923937596823,46.0113857480446,45.76832609347836,90.01601666681127,91.00570425981728,6.973207606198295,-1.8120099753798289,3.1896831099675618
6.62,0.8231721268073642,0.002810515129866564,-0.038399483981623385,10.722592332019655,0.958984375,tilt,0.0076443657481821345,0.3688568418324993,46.011386135692085,45.7717079356007,90.01601794671119,90.93529772699108,6.534644169604772,-1.6919943298512354,3.0211345159477654,0.007644366053771279,0.3700558892512362,46.0113861168377,45.772085109819216,90.0160179082293,90.93767991324677,6.550931268325764,-1.6960573401157488,3.024842894782248,0.007644388203962767,0.40851790090944207,46.01138576650513,45.76853216905722,90.01601670486666,91.00321870765674,6.95794623526685,-1.8082038762607493,3.1833782832788593,0.007644388511422964,0.4097887351753756,46.0113857480446,45.76833582345117,90.01601666681127,91.00570202815842,6.973221617522307,-1.8120140853101485,3.1896385842377084
6.640000000000001,0.8231721268073642,0.0028135830295769734,-0.03839395113141075,10.722590628728693,0.958984375,tilt,0.0076443657481821345,0.3688844697499009,46.011386135692085,45.77171492128204,90.01601794671119,90.93529664841564,6.534657361345278,-1.691998155574633,3.021102963917915,0.007644366053771279,0.37008565220300177,46.0113861168377,45.7720647754911,90.0160179082293,90.93768741808954,6.550919046716781,-1.6960538066401223,3.02494154448002,0.007644388203962767,0.4085199228757304,46.01138576650513,45.768536839154855,90.01601670486666,91.0032139035424,6.957931822082823,-1.80819965537226,3.183348594014146,0.007644388511422964,0.4097882523845504,46.0113857480446,45.76834504648013,90.01601666681127,91.00569990448173,6.973234907324766,-1.8120179633178481,3.1895963601384913
6.66,0.8231721268073642,0.002816482291668217,-0.03838871244306674,10.722589019896676,0.958984375,tilt,0.0076443657481821345,0.36891057862805476,46.011386135692085,45.77172147752512,90.01601794671119,90.93529564760487,6.534669672182912,-1.6920017710754935,3.021073372244248,0.007644366053771279,0.37011378320294663,46.0113861168377,45.77204553107709,90.0160179082293,90.93769452851427,6.550907736465402,-1.6960504671553225,3.0250349248835127,0.007644388203962767,0.4085218315506943,46.01138576650513,45.76854130087216,90.01601670486666,91.00320934138658,6.957918181618079,-1.8081956709341678,3.183320291145014,0.007644388511422964,0.4097877907612274,46.0113857480446,45.76835378869048,90.01601666681127,91.00569788073227,6.973247349025419,-1.8120216255989066,3.189556313524661
6.68,0.8231721268073642,0.002819222387162639,-0.038383752439790225,10.72258749958762,0.958984375,tilt,0.0076443657481821345,0.3689352507646595,46.011386135692085,45.771727630603166,90.01601794671119,90.93529472081335,6.534681381301162,-1.6920051871562938,3.0210456235090497,0.007644366053771279,0.3701403704039295,46.0113861168377,45.77202731840335,90.0160179082293,90.93770126331972,6.550896931830656,-1.6960473126258133,3.0251233122240984,0.007644388203962767,0.4085236333331679,46.01138576650513,45.76854556340387,90.01601670486666,91.00320500961638,6.957905316066968,-1.8081919096102108,3.1832933114773754,0.007644388511422964,0.4097873493226653,46.0113857480446,45.76836207556209,90.01601666681127,91.00569595359525,6.973259155891056,-1.8120250841333896,3.18951833338374
6.7,0.8231721268073642,0.0028218123413284867,-0.03837905632121811,10.722586063211134,0.958984375,tilt,0.0076443657481821345,0.3689585645355953,46.011386135692085,45.7717334048904,90.01601794671119,90.9352938632645,6.534692441690647,-1.692008413358332,3.0210196058458596,0.007644366053771279,0.3701654976446884,46.0113861168377,45.77201008238981,90.0160179082293,90.93770764196708,6.550886726786607,-1.6960443350452146,3.025206971713601,0.007644388203962767,0.4085253341390658,46.01138576650513,45.7685496353456,90.01601670486666,91.00320089652843,6.957893165161346,-1.8081883580526383,3.18326759397955,0.007644388511422964,0.4097869272775992,46.0113857480446,45.768369930893066,90.01601666681127,91.00569411884257,6.973270306652097,-1.8120283493356406,3.189482313522729
6.72,0.8231721268073642,0.002824260622939299,-0.03837461007957412,10.722584706006598,0.958984375,tilt,0.0076443657481821345,0.3689805943599662,46.011386135692085,45.77173882326639,90.01601794671119,90.93529306988864,6.534702848230449,-1.6920114599075566,3.020995212928146,0.007644366053771279,0.37018924459214964,46.0113861168377,45.77199377070965,90.0160179082293,90.93771368362769,6.550877119644564,-1.696041524688701,3.025286156818879,0.007644388203962767,0.4085269395684669,46.01138576650513,45.76855352495088,90.01601670486666,91.00319699086762,6.957881684126984,-1.808185004272985,3.1832430800119993,0.007644388511422964,0.409786523890038,46.0113857480446,45.76837737724285,90.01601666681127,91.00569237198276,6.973280822304615,-1.8120314321060962,3.1894481522057596
6.74,0.8231721268073642,0.002826575168916526,-0.03837040043939014,10.722583423906356,0.958984375,tilt,0.0076443657481821345,0.3690014106384097,46.011386135692085,45.77174390719533,90.01601794671119,90.93529233627909,6.534712716492725,-1.6920143368818334,3.0209723457655935,0.007644366053771279,0.3702116866549713,46.0113861168377,45.771978333837275,90.0160179082293,90.93771940601353,6.550868015692436,-1.696038871916012,3.025361106478275,0.007644388203962767,0.40852845496542306,46.01138576650513,45.768557240112386,90.01601670486666,91.00319328211916,6.957870846449431,-1.8081818371749638,3.183219714048474,0.007644388511422964,0.40978613836312616,46.0113857480446,45.76838443594195,90.01601666681127,91.00569070895912,6.973290768867313,-1.8120343429100758,3.189415753662328
6.76,0.8231721268073642,0.0028287633539311624,-0.03836641486482785,10.722582212817732,0.958984375,tilt,0.0076443657481821345,0.3690210801626655,46.011386135692085,45.77174867689594,90.01601794671119,90.93529165758248,6.534722010456977,-1.692017053926357,3.020950909543907,0.007644366053771279,0.37023289549086436,46.0113861168377,45.771963724660566,90.0160179082293,90.9377248269614,6.550859455280058,-1.6960363671816894,3.025432050176413,0.007644388203962767,0.4085298853404958,46.01138576650513,45.76856078843427,90.01601670486666,91.00318976009657,6.957860621740914,-1.8081788465735167,3.1831974424721965,0.007644388511422964,0.409785770032578,46.0113857480446,45.76839112726038,90.01601666681127,91.00568912529123,6.973300153263764,-1.8120370918242035,3.18938502549726
6.78,0.8231721268073642,0.0028308319794934297,-0.03836264144152614,10.72258106841282,0.958984375,tilt,0.0076443657481821345,0.3690396656365477,46.011386135692085,45.77175315149463,90.01601794671119,90.93529103218899,6.53473081200616,-1.6920196173854374,3.02093082118593,0.007644366053771279,0.3702529382790881,46.0113861168377,45.771949898915025,90.0160179082293,90.9377299593335,6.55085133817904,-1.6960340061915116,3.0254991949016374,0.007644388203962767,0.40853123565484367,46.01138576650513,45.768564177265176,90.01601670486666,91.0031864163025,6.957850952278083,-1.8081760214486258,3.1831762164445108,0.007644388511422964,0.4097854178417036,46.0113857480446,45.76839747040663,90.01601666681127,91.00568761897364,6.973309021404146,-1.8120396856494518,3.189355885121703
6.8,0.8231721268073642,0.0028327876975379053,-0.03835906887362177,10.722579987456974,0.958984375,tilt,0.0076443657481821345,0.36905722698245835,46.011386135692085,45.771757348697044,90.01601794671119,90.93529045411452,6.534739044666586,-1.6920220382543107,3.0209119937849582,0.007644366053771279,0.37027187936956774,46.0113861168377,45.77193681441412,90.0160179082293,90.93773482170023,6.550843796457797,-1.6960317768097075,3.0255627518949724,0.007644388203962767,0.40853251019085196,46.01138576650513,45.768567413461795,90.01601670486666,91.00318324077399,6.9578418049304345,-1.8081733537303468,3.1831559859042677,0.007644388511422964,0.409785081444682,46.0113857480446,45.76840348339931,90.01601666681127,91.00568618445298,6.973317338549172,-1.8120421352104503,3.1893282469216135
6.82,0.8231721268073642,0.002834636572879611,-0.03835568648456113,10.7225789659292,0.958984375,tilt,0.0076443657481821345,0.3690738204527941,46.011386135692085,45.7717612854118,90.01601794671119,90.9352899211136,6.5347468692081,-1.6920243239036716,3.020894352054826,0.007644366053771279,0.3702897791544857,46.0113861168377,45.7719244313087,90.0160179082293,90.93773942683318,6.550836571969402,-1.6960296725401398,3.025622910140746,0.007644388203962767,0.40853371331663735,46.01138576650513,45.76857050377588,90.01601670486666,91.00318022553789,6.957833184871168,-1.8081708344755734,3.1831367056174287,0.007644388511422964,0.40978475999436115,46.0113857480446,45.76840918352076,90.01601666681127,91.00568481914736,6.973325241323277,-1.8120444480105267,3.1893020348669756
6.84,0.8231721268073642,0.0028363844093267257,-0.03835248416210104,10.722578001124159,0.958984375,tilt,0.0076443657481821345,0.36908949938972313,46.011386135692085,45.77176497738968,90.01601794671119,90.9352894294598,6.534754260355061,-1.692026482288056,3.020877822219936,0.007644366053771279,0.3703066949520912,46.0113861168377,45.77191271186689,90.0160179082293,90.93774378918145,6.550829767447373,-1.6960276857130863,3.025679853795898,0.007644388203962767,0.40853484899139003,46.01138576650513,45.76857345456899,90.01601670486666,91.00317736228067,6.957825056750924,-1.8081684557192355,3.1831183311957223,0.007644388511422964,0.40978445292788307,46.0113857480446,45.76841458703072,90.01601666681127,91.00568351924683,6.973332703044679,-1.8120466319837096,3.1892771743652624
6.86,0.8231721268073642,0.002838036543313628,-0.03834945233214886,10.722577089563197,0.958984375,tilt,0.0076443657481821345,0.3691043139804932,46.011386135692085,45.77176843961797,90.01601794671119,90.93528897725857,6.534761178367675,-1.6920285191479727,3.0208623377521726,0.007644366053771279,0.37032268065573365,46.0113861168377,45.77190162039235,90.0160179082293,90.93774792022728,6.550823446582548,-1.6960258119080065,3.025733752247517,0.007644388203962767,0.40853592110864556,46.01138576650513,45.76857627202502,90.01601670486666,91.00317464383605,6.957817344685478,-1.8081662090690294,3.1831008215137677,0.007644388511422964,0.409784159472112,46.0113857480446,45.76841970945831,90.01601666681127,91.00568228238397,6.973339688387827,-1.8120486930252033,3.189253596994707
6.88,0.8231721268073642,0.002839598260616761,-0.03834658188250028,10.722576228146862,0.958984375,tilt,0.0076443657481821345,0.36911831191377426,46.011386135692085,45.7717716860399,90.01601794671119,90.93528856138825,6.53476778124304,-1.6920304424955095,3.0208478337228337,0.007644366053771279,0.370337787488122,46.0113861168377,45.7718911231336,90.0160179082293,90.93775183270607,6.550817345319827,-1.6960240428124003,3.025784769807305,0.007644388203962767,0.4085369331953249,46.01138576650513,45.76857896199259,90.01601670486666,91.00317206272679,6.957810091485465,-1.8081640877080294,3.1830841361325524,0.007644388511422964,0.4097838790976523,46.0113857480446,45.76842456541621,90.01601666681127,91.00568110522714,6.973346349364259,-1.8120506389801214,3.1892312359236286
6.9,0.8231721268073642,0.002841074452039464,-0.03834386421166933,10.722575414295278,0.958984375,tilt,0.0076443657481821345,0.3691315381973374,46.011386135692085,45.77177472976489,90.01601794671119,90.9352881793505,6.534773978592288,-1.6920322579050269,3.020834250047566,0.007644366053771279,0.37035206377147867,46.0113861168377,45.77188118820412,90.0160179082293,90.93775553805727,6.550811667526432,-1.6960223738955587,3.0258330603981642,0.007644388203962767,0.4085378886344369,46.01138576650513,45.76858153006939,90.01601670486666,91.00316961203112,6.957803218514777,-1.8081620842786312,3.183068236866815,0.007644388511422964,0.40978361120890083,46.0113857480446,45.76842916875823,90.01601666681127,91.00567998495684,6.973352592203085,-1.8120524755176683,3.189210028544082
6.92,0.8231721268073642,0.002842469877674421,-0.038341291169339056,10.722574645650793,0.958984375,tilt,0.0076443657481821345,0.3691440352785687,46.011386135692085,45.771777583138636,90.01601794671119,90.93528782834746,6.534779928984885,-1.6920339727103002,3.020821529156281,0.007644366053771279,0.3703655551151736,46.0113861168377,45.77187178549789,90.0160179082293,90.93775904786767,6.550806146477722,-1.6960207973077783,3.0258787710889523,0.007644388203962767,0.40853879052893743,46.01138576650513,45.76858398163635,90.01601670486666,91.00316728496931,6.957796779623932,-1.808160192886099,3.1830530867350824,0.007644388511422964,0.4097833553635946,46.0113857480446,45.76843353261819,90.01601666681127,91.00567891850443,6.973358577453645,-1.812054209938102,3.1891899146229976
6.94,0.8231721268073642,0.0028437888283772976,-0.03833885503570447,10.722573919424507,0.958984375,tilt,0.0076443657481821345,0.3691558433770839,46.011386135692085,45.77178025778329,90.01601794671119,90.935287506943,6.534785432678542,-1.6920355902101738,3.0208096194977996,0.007644366053771279,0.370378304613602,46.0113861168377,45.7718628865036,90.0160179082293,90.93776237129434,6.550801122271728,-1.6960193117755151,3.0259220371400275,0.007644388203962767,0.40853964199569254,46.01138576650513,45.76858632184742,90.01601670486666,91.00316507562994,6.9577906476007945,-1.8081584060402993,3.183038651600689,0.007644388511422964,0.40978311086245084,46.0113857480446,45.76843766946729,90.01601666681127,91.00567790394419,6.973364128169777,-1.8120558458149632,3.1891708391598437
6.96,0.8231721268073642,0.0028450356748985126,-0.0383365485118223,10.722573233168163,0.958984375,tilt,0.0076443657481821345,0.3691670004895355,46.011386135692085,45.77178276456341,90.01601794671119,90.93528721187876,6.534790686353537,-1.692037118479272,3.020798468628627,0.007644366053771279,0.37039035318067015,46.0113861168377,45.77185446421763,90.0160179082293,90.9377655199021,6.5507962683618635,-1.696017907726017,3.0259629930602108,0.007644388203962767,0.408540445695072,46.01138576650513,45.76858855562234,90.01601670486666,91.00316297752889,6.957784882831317,-1.80815671931326,3.1830248970247386,0.007644388511422964,0.409782877451283,46.0113857480446,45.768441591090536,90.01601666681127,91.00567693785173,6.973369423207817,-1.8120573911107538,3.189152746619489
6.98,0.8231721268073642,0.0028462141880460194,-0.0383343647281568,10.722572585026708,0.958984375,tilt,0.0076443657481821345,0.36917754248765094,46.011386135692085,45.77178511382202,90.01601794671119,90.93528694228625,6.534795639729017,-1.6920385604188293,3.0207880315765987,0.007644366053771279,0.37040173928328407,46.0113861168377,45.771846492982306,90.0160179082293,90.93776850129451,6.550791712653801,-1.6960165841105914,3.0260017591693944,0.007644388203962767,0.4085412044937453,46.01138576650513,45.76859068774189,90.01601670486666,91.00316098561326,6.957779442666207,-1.8081551261424669,3.183011792295243,0.007644388511422964,0.40978265439287803,46.0113857480446,45.76844530879818,90.01601666681127,91.00567601881018,6.973374414681823,-1.812058849035559,3.1891355878530536
7.0,0.8231721268073642,0.002847328250157782,-0.03833229712831125,10.722571972629096,0.958984375,tilt,0.0076443657481821345,0.3691875032042312,46.011386135692085,45.771787315155315,90.01601794671119,90.93528669503634,6.534800272734015,-1.692039922873704,3.0207782614571075,0.007644366053771279,0.3704124994267988,46.0113861168377,45.77183894861967,90.0160179082293,90.93777132645097,6.550787487276776,-1.6960153329421135,3.0260384572880774,0.007644388203962767,0.4085419206667682,46.01138576650513,45.76859272267228,90.01601670486666,91.00315909385372,6.957774278314536,-1.8081536223970711,3.1829993058353767,0.007644388511422964,0.4097824415677234,46.0113857480446,45.768448833125596,90.01601666681127,91.00567514342372,6.973379083140118,-1.8120602263027794,3.189119312471289
7.0200000000000005,0.8231721268073642,0.0028483811906431294,-0.03833033956072689,10.7225713939268,0.958984375,tilt,0.0076443657481821345,0.3691969147139197,46.011386135692085,45.771789377778525,90.01601794671119,90.93528646973684,6.534804633828517,-1.692041208510981,3.0207691190440036,0.007644366053771279,0.3704226680180985,46.0113861168377,45.77183180799435,90.0160179082293,90.93777400163958,6.550783505850092,-1.6960141531422759,3.026073194612955,0.007644388203962767,0.4085425968407224,46.01138576650513,45.768594664842254,90.01601670486666,91.00315729791276,6.9577693999299886,-1.8081522022355099,3.1829874099549293,0.007644388511422964,0.40978223822778503,46.0113857480446,45.768452174325056,90.01601666681127,91.00567431069187,6.973383486635792,-1.8120615258304107,3.1891038765526902
7.04,0.8231721268073642,0.0028493765397633935,-0.038328486083202294,10.72257084738756,0.958984375,tilt,0.0076443657481821345,0.36920580725533236,46.011386135692085,45.771791310117905,90.01601794671119,90.93528626454572,6.534808876471562,-1.6920424227672635,3.020760565160457,0.007644366053771279,0.37043227747484,46.0113861168377,45.77182504966004,90.0160179082293,90.93777653524675,6.550779555160424,-1.696013038924072,3.026106076205126,0.007644388203962767,0.40854323518230296,46.01138576650513,45.76859651829852,90.01601670486666,91.00315559270663,6.957764847928737,-1.8081508613849855,3.182976076879618,0.007644388511422964,0.4097820440249425,46.0113857480446,45.768455341790414,90.01601666681127,91.00567351832747,6.973387744922721,-1.8120627528453621,3.1890892368128254
7.0600000000000005,0.8231721268073642,0.0028503173775276535,-0.03832673121179633,10.72257033105595,0.958984375,tilt,0.0076443657481821345,0.36921420943478495,46.011386135692085,45.771793120207114,90.01601794671119,90.93528607720238,6.53481274740085,-1.692043569225369,3.0207525613440698,0.007644366053771279,0.37044135870853595,46.0113861168377,45.77181865297872,90.0160179082293,90.93777893594157,6.550776034187938,-1.696011987070707,3.0261372044994292,0.007644388203962767,0.40854383768820635,46.01138576650513,45.76859828703697,90.01601670486666,91.00315397331131,6.957760498951722,-1.808149595420288,3.1829652793995966,0.007644388511422964,0.4097818587496183,46.0113857480446,45.76845834462129,90.01601666681127,91.00567276375351,6.973391661201394,-1.812063911233782,3.1890753505200706
7.08,0.8231721268073642,0.0028512067385790194,-0.038325069638413846,10.722569843263537,0.958984375,tilt,0.0076443657481821345,0.36922214832460576,46.011386135692085,45.77179481558439,90.01601794671119,90.93528590712444,6.534816473589362,-1.6920446517884464,3.0207450749057116,0.007644366053771279,0.37044994068103415,46.0113861168377,45.77181259856602,90.0160179082293,90.93778120960137,6.550772603723834,-1.696010994111024,3.026166670694108,0.007644388203962767,0.4085444064989437,46.01138576650513,45.768599974833535,90.01601670486666,91.0031524357379,6.957756421724431,-1.808148400040968,3.182954993265513,0.007644388511422964,0.40978168181614016,46.0113857480446,45.768461191389484,90.01601666681127,91.00567204579113,6.973395412575392,-1.8120650047601523,3.1890621801936025
7.1000000000000005,0.8231721268073642,0.0028520473733856513,-0.03832349642690151,10.722569382282016,0.958984375,tilt,0.0076443657481821345,0.3692296494441683,46.011386135692085,45.771796403339614,90.01601794671119,90.93528575326842,6.534819943683207,-1.6920456729265787,3.020738074001744,0.007644366053771279,0.37045805074331506,46.0113861168377,45.77180686815288,90.0160179082293,90.93778336243777,6.550769453964133,-1.6960100584790978,3.0261945622277464,0.007644388203962767,0.4085449435602958,46.01138576650513,45.768601585351355,90.01601670486666,91.00315097600075,6.957752533755936,-1.8081472707777955,3.1829451946993603,0.007644388511422964,0.40978151277800606,46.0113857480446,45.768463890253,90.01601666681127,91.00567136294929,6.973398902642848,-1.8120660362171137,3.1890496893425544
7.12,0.8231721268073642,0.0028528420697711172,-0.038322006846667325,10.722568946724692,0.958984375,tilt,0.0076443657481821345,0.3692367369390007,46.011386135692085,45.77179789009771,90.01601794671119,90.93528561391106,6.534823284887357,-1.69204663744444,3.020731527211662,0.007644366053771279,0.37046571494165653,46.0113861168377,45.771801444335985,90.0160179082293,90.93778540171039,6.550766358267402,-1.6960091746250696,3.0262209653681147,0.007644388203962767,0.40854545055062264,46.01138576650513,45.76860312203791,90.01601670486666,91.00314958988754,6.957748897757601,-1.808146204688634,3.182935860306296,0.007644388511422964,0.4097813514250732,46.0113857480446,45.7684664488841,90.01601666681127,91.00567071308612,6.973402259555681,-1.8120670102931522,3.1890378420076084
7.140000000000001,0.8231721268073642,0.002853593310725942,-0.038320596448317264,10.72256853539662,0.958984375,tilt,0.0076443657481821345,0.36924343362362705,46.011386135692085,45.77179928208748,90.01601794671119,90.93528548786904,6.534826423162263,-1.6920475480360317,3.020725405958713,0.007644366053771279,0.3704729578128126,46.0113861168377,45.77179631067568,90.0160179082293,90.93778733355225,6.550763470782853,-1.6960083404842716,3.026245960003365,0.007644388203962767,0.40854592914367105,46.01138576650513,45.76860458819985,90.01601670486666,91.0031482736297,6.95774546378065,-1.8081451979936811,3.182926968246708,0.007644388511422964,0.409781197429784,46.0113857480446,45.76846887457035,90.01601666681127,91.00567009454994,6.973405416172878,-1.8120679297669966,3.1890266048821
7.16,0.8231721268073642,0.002854303505004537,-0.03831926100741338,10.722568146826116,0.958984375,tilt,0.0076443657481821345,0.36924976099710266,46.011386135692085,45.77180058515858,90.01601794671119,90.93528537388407,6.534829317671829,-1.6920484078382543,3.020719683077738,0.007644366053771279,0.37047980250249135,46.0113861168377,45.77179145169688,90.0160179082293,90.93778916407024,6.550760850487877,-1.6960075529826903,3.026269622071948,0.007644388203962767,0.4085463808572684,46.01138576650513,45.76860598699697,90.01601670486666,91.0031470235333,6.957742193095288,-1.8081442474531633,3.1829184974477287,0.007644388511422964,0.4097810505527033,46.0113857480446,45.768471174192584,90.01601666681127,91.00566950562434,6.973408345032942,-1.8120687978380143,3.18901594616941
7.18,0.8231721268073642,0.0028549747888658066,-0.0383179966007647,10.722567779407902,0.958984375,tilt,0.0076443657481821345,0.3692557394546575,46.011386135692085,45.77180180493715,90.01601794671119,90.93528527176383,6.534832098121198,-1.6920492193884424,3.020714334703273,0.007644366053771279,0.3704862709008826,46.0113861168377,45.77178685244535,90.0160179082293,90.93779089726081,6.550758316052575,-1.696006809970854,3.0262920207505264,0.007644388203962767,0.4085468074040443,46.01138576650513,45.76860732157586,90.01601670486666,91.00314583682176,6.957739102510516,-1.8081433499732706,3.1829104289148313,0.007644388511422964,0.40978091023947627,46.0113857480446,45.76847335449312,90.01601666681127,91.00566894559005,6.973411128150726,-1.8120696172016573,3.1890058368512775
7.2,0.8231721268073642,0.0028556094114859576,-0.03831679935826211,10.72256743271518,0.958984375,tilt,0.0076443657481821345,0.36926138818791804,46.011386135692085,45.771802946492336,90.01601794671119,90.93528517990094,6.534834722985378,-1.6920499859283815,3.0207093361356296,0.007644366053771279,0.37049238370810517,46.0113861168377,45.77178249918056,90.0160179082293,90.9377925396282,6.55075591370195,-1.6960061081443059,3.026313225857835,0.007644388203962767,0.4085472099874949,46.01138576650513,45.76860859471246,90.01601670486666,91.00314470974905,6.957736211473631,-1.8081425026576745,3.1829027430302914,0.007644388511422964,0.4097807764365629,46.0113857480446,45.76847542149417,90.01601666681127,91.00566841236534,6.973413775954856,-1.8120703908801847,3.1889962478125753
7.22,0.8231721268073642,0.0028562092426061393,-0.03831566573215031,10.722567104886942,0.958984375,tilt,0.0076443657481821345,0.36926672547648337,46.011386135692085,45.771804014774425,90.01601794671119,90.93528509858085,6.534837242271722,-1.6920507087945513,3.0207046673742797,0.007644366053771279,0.37049816036994054,46.0113861168377,45.77177837862829,90.0160179082293,90.93779409402774,6.550753574126266,-1.6960054472478365,3.0263332972657873,0.007644388203962767,0.4085475902295347,46.01138576650513,45.76860980926482,90.01601670486666,91.00314364001088,6.957733486510068,-1.8081417020332538,3.182895423021581,0.007644388511422964,0.40978064850181245,46.0113857480446,45.76847738122094,90.01601666681127,91.00566790567092,6.9734163016667035,-1.8120711203955218,3.1889871539292622
7.24,0.8231721268073642,0.002856776337527392,-0.038314592316069526,10.722566795319361,0.958984375,tilt,0.0076443657481821345,0.36927176844816845,46.011386135692085,45.77180501423847,90.01601794671119,90.93528502588639,6.5348396017989465,-1.692051391453432,3.020700305587737,0.007644366053771279,0.37050361948954835,46.0113861168377,45.77177447845702,90.0160179082293,90.93779556693289,6.550751402419692,-1.6960048231690026,3.0263522990416627,0.007644388203962767,0.4085479491260818,46.01138576650513,45.768610967807,90.01601670486666,91.00314262400725,6.9577309106432415,-1.8081409461096314,3.1828884504209176,0.007644388511422964,0.4097805264921546,46.0113857480446,45.768479239125604,90.01601666681127,91.00566742326016,6.973418672050447,-1.8120718091848496,3.188978528038733
7.26,0.8231721268073642,0.0028573124432857747,-0.038313575937560435,10.722566502884462,0.958984375,tilt,0.0076443657481821345,0.369276533265014,46.011386135692085,45.771805949214325,90.01601794671119,90.93528496106379,6.534841768741902,-1.692052036098398,3.020696231055581,0.007644366053771279,0.37050877853267244,46.0113861168377,45.77177078680767,90.0160179082293,90.93779696276302,6.550749449134497,-1.696004233820974,3.02637028880981,0.007644388203962767,0.40854828784863584,46.01138576650513,45.76861207291166,90.01601670486666,91.00314165902843,6.957728452022311,-1.8081402324880251,3.1828818087316915,0.007644388511422964,0.4097804101831273,46.0113857480446,45.7684810005479,90.01601666681127,91.0056669639207,6.973420864037505,-1.8120724595529596,3.1889703457315957
7.28,0.8231721268073642,0.0028578192602473893,-0.038312613551497544,10.722566226592026,0.958984375,tilt,0.0076443657481821345,0.36928103532500606,46.011386135692085,45.77180682375117,90.01601794671119,90.93528490389679,6.534843877295416,-1.6920526449686717,3.0206924264105095,0.007644366053771279,0.3705136539751745,46.0113861168377,45.771767292454776,90.0160179082293,90.93779828485616,6.550747504140784,-1.6960036771331426,3.026387319245427,0.007644388203962767,0.4085486076423758,46.01138576650513,45.76861312701782,90.01601670486666,91.00314074277514,6.957726160187029,-1.8081395588559133,3.1828754829076047,0.007644388511422964,0.4097802991727591,46.0113857480446,45.76848267054083,90.01601666681127,91.00566652692234,6.973422981693265,-1.8120730736908217,3.1889625848368075
7.3,0.8231721268073642,0.0028582983090534053,-0.038311702282232137,10.72256596541534,0.958984375,tilt,0.0076443657481821345,0.3692852891210467,46.011386135692085,45.77180764163281,90.01601794671119,90.93528485397097,6.534845828624604,-1.6920532192184443,3.0206888749506335,0.007644366053771279,0.3705182613423625,46.0113861168377,45.77176398487377,90.0160179082293,90.93779953677459,6.550745744772313,-1.6960031527885993,3.02640344069105,0.007644388203962767,0.4085489096116887,46.01138576650513,45.76861413243614,90.01601670486666,91.00313987290008,6.957723960394192,-1.8081389224003825,3.182869458322024,0.007644388511422964,0.40978019316135184,46.0113857480446,45.76848425384944,90.01601666681127,91.00566611136537,6.973424937107962,-1.8120736528387664,3.188955224058959
7.32,0.8231721268073642,0.002858751200729604,-0.03831083944030252,10.722565718684898,0.958984375,tilt,0.0076443657481821345,0.369289308254572,46.011386135692085,45.771808406408375,90.01601794671119,90.93528480994202,6.5348476636806545,-1.6920537620019918,3.020685558893427,0.007644366053771279,0.37052261554794536,46.0113861168377,45.77176085396512,90.0160179082293,90.93780072348217,6.550744086681886,-1.6960026566546493,3.0264187048777424,0.007644388203962767,0.4085491945653063,46.01138576650513,45.76861509139659,90.01601670486666,91.00313904663578,6.9577218869179145,-1.8081383220083582,3.182863719754625,0.007644388511422964,0.4097800921829684,46.0113857480446,45.76848575499604,90.01601666681127,91.0056657155613,6.973426784262406,-1.812074200163452,3.188948241255596
7.34,0.8231721268073642,0.0028591792892508484,-0.038310022407027765,10.722565485840319,0.958984375,tilt,0.0076443657481821345,0.3692931057233497,46.011386135692085,45.771809121430195,90.01601794671119,90.93528477203448,6.534849423184114,-1.692054274232184,3.020682464747737,0.007644366053771279,0.3705267303651894,46.0113861168377,45.77175789027926,90.0160179082293,90.93780184728664,6.550742475891409,-1.696002188860346,3.0264331550380055,0.007644388203962767,0.40854946362867534,46.01138576650513,45.768616005993664,90.01601670486666,91.00313826219495,6.957719956379309,-1.8081377549302482,3.18285825469708,0.007644388511422964,0.40977999577998075,46.0113857480446,45.768487178245614,90.01601666681127,91.00566533915875,6.973428557758297,-1.8120747164884106,3.188941618302521
7.36,0.8231721268073642,0.002859584014050782,-0.038309248758039066,10.722565265612182,0.958984375,tilt,0.0076443657481821345,0.36929669374002516,46.011386135692085,45.77180978981578,90.01601794671119,90.93528473945108,6.53485112611857,-1.6920547582251928,3.020679577736274,0.007644366053771279,0.37053061901210627,46.0113861168377,45.77175508487493,90.0160179082293,90.93780291190124,6.55074088190269,-1.6960017466005513,3.026446835460883,0.007644388203962767,0.4085497176291226,46.01138576650513,45.768616878260616,90.01601670486666,91.00313751729895,6.95771814213619,-1.8081372197947427,3.182853049810835,0.007644388511422964,0.40977990382924084,46.0113857480446,45.76848852765543,90.01601666681127,91.00566498100677,6.973430257997951,-1.8120752042096213,3.1889353361432002
7.38,0.8231721268073642,0.0028599665927111274,-0.038308516197545196,10.722565057664678,0.958984375,tilt,0.0076443657481821345,0.36930008383644386,46.011386135692085,45.77181041450882,90.01601794671119,90.93528471166613,6.53485271223809,-1.6920552151461419,3.020676884408519,0.007644366053771279,0.3705342939558255,46.0113861168377,45.77175242922876,90.0160179082293,90.93780392059192,6.550739418277231,-1.6960013292067442,3.026459787763031,0.007644388203962767,0.4085499573914948,46.01138576650513,45.76861771013053,90.01601670486666,91.00313680991387,6.957716422739564,-1.8081367145675702,3.1828480927068856,0.007644388511422964,0.40977981615791403,46.0113857480446,45.76848980707346,90.01601666681127,91.00566464015697,6.9734318467813186,-1.812075664542119,3.1889293770224203
7.4,0.8231721268073642,0.002860328266853253,-0.03830782252029047,10.722564861239219,0.958984375,tilt,0.0076443657481821345,0.369303286880938,46.011386135692085,45.771810998255425,90.01601794671119,90.93528468809082,6.534854155226366,-1.6920556466620482,3.020674371995935,0.007644366053771279,0.3705377669544842,46.0113861168377,45.771749915348124,90.0160179082293,90.93780487668195,6.5507381265729325,-1.6960009350224272,3.0264720515451318,0.007644388203962767,0.40855018364404416,46.01138576650513,45.768618503423795,90.01601670486666,91.00313613799466,6.957714773577386,-1.8081362376317875,3.1828433714323756,0.007644388511422964,0.4097797326546877,46.0113857480446,45.76849102010397,90.01601666681127,91.00566431560588,6.973433306320596,-1.8120760991156837,3.188923724053577
7.42,0.8231721268073642,0.0028606702246368174,-0.03830716564231662,10.722564675647977,0.958984375,tilt,0.0076443657481821345,0.3693063132613852,46.011386135692085,45.77181154364681,90.01601794671119,90.93528466865456,6.534855573476479,-1.6920560543641598,3.0206720295210543,0.007644366053771279,0.3705410490703229,46.0113861168377,45.7717475356439,90.0160179082293,90.93780578236826,6.550736813515367,-1.696000562489877,3.026483662288415,0.007644388203962767,0.4085503972445124,46.01138576650513,45.76861925990811,90.01601670486666,91.0031354999539,6.957713244372206,-1.8081357874781026,3.1828388752580814,0.007644388511422964,0.40977965300012137,46.0113857480446,45.76849217021358,90.01601666681127,91.00566400685553,6.973434726308025,-1.812076509498623,3.1889183620338324
7.44,0.8231721268073642,0.0028609933731234536,-0.03830654361941885,10.722564500335835,0.958984375,tilt,0.0076443657481821345,0.36930917279473885,46.011386135692085,45.77181205313156,90.01601794671119,90.93528465347964,6.534856853114093,-1.6920564380718401,3.020669847028784,0.007644366053771279,0.3705441506839647,46.0113861168377,45.77174528296932,90.0160179082293,90.93780663941068,6.550735676493623,-1.6960002131610648,3.026494652722783,0.007644388203962767,0.40855059905229263,46.01138576650513,45.76861998128568,90.01601670486666,91.0031348944158,6.9577117682018255,-1.808135361513575,3.182834594189665,0.007644388511422964,0.409779576827893,46.0113857480446,45.768493260699735,90.01601666681127,91.00566371359274,6.9734360217343205,-1.8120768957175273,3.188913276859023
7.46,0.8231721268073642,0.0028612989307793208,-0.038305954586512675,10.72256433468647,0.958984375,tilt,0.0076443657481821345,0.36931187464898274,46.011386135692085,45.7718125289496,90.01601794671119,90.93528464175189,6.534858120794648,-1.6920568004946124,3.0206678133571363,0.007644366053771279,0.37054708179497725,46.0113861168377,45.77174315056602,90.0160179082293,90.93780745111958,6.5507345010835545,-1.6959998831994303,3.026505057439899,0.007644388203962767,0.4085507896127337,46.01138576650513,45.768620669144,90.01601670486666,91.00313431944069,6.957710407088045,-1.8081349593838392,3.182830517460461,0.007644388511422964,0.40977950412480973,46.0113857480446,45.768494294625285,90.01601666681127,91.00566343469082,6.9734372906591675,-1.8120772603938475,3.1889084535707823
7.48,0.8231721268073642,0.002861587777173146,-0.03830539679820554,10.722564178029971,0.958984375,tilt,0.0076443657481821345,0.3693144275403326,46.011386135692085,45.77181297323282,90.01601794671119,90.9352846332706,6.534859280680244,-1.6920571420849204,3.0206659191540366,0.007644366053771279,0.3705498517237303,46.0113861168377,45.77174113206111,90.0160179082293,90.9378082196626,6.550733466652685,-1.6959995728613593,3.026514906948996,0.007644388203962767,0.4085509695939427,46.01138576650513,45.768621325017925,90.01601670486666,91.0031337735653,6.95770908375311,-1.8081345792216077,3.1828266355683477,0.007644388511422964,0.40977943468051936,46.0113857480446,45.768495274919516,90.01601666681127,91.00566316957133,6.973438447447073,-1.8120776041091955,3.188903878972582
7.5,0.8231721268073642,0.0028618609372745812,-0.038304868633782206,10.7225640300868,0.958984375,tilt,0.0076443657481821345,0.36931683953352384,46.011386135692085,45.77181338798424,90.01601794671119,90.93528462697164,6.534860369549397,-1.6920574652446625,3.020664153697145,0.007644366053771279,0.37055246952075654,46.0113861168377,45.77173922128515,90.0160179082293,90.93780894864695,6.550732492886738,-1.6959992785802216,3.0265242341254717,0.007644388203962767,0.4085511393534402,46.01138576650513,45.768621950397254,90.01601670486666,91.00313325483766,6.9577078389847475,-1.808134220920344,3.1828229381218875,0.007644388511422964,0.4097793686541906,46.0113857480446,45.76849620437666,90.01601666681127,91.0056629169172,6.973439541600994,-1.8120779292627904,3.188899538773798
7.5200000000000005,0.8231721268073642,0.0028621193020507683,-0.03830436849273955,10.72256389054052,0.958984375,tilt,0.0076443657481821345,0.3693191183495793,46.011386135692085,45.771813775083395,90.01601794671119,90.93528462259172,6.534861423460039,-1.6920577713375322,3.020662508549432,0.007644366053771279,0.3705549435545677,46.0113861168377,45.771737412458606,90.0160179082293,90.93780964034715,6.550731523194038,-1.695998998924697,3.0265330673237556,0.007644388203962767,0.4085512994227974,46.01138576650513,45.76862254665608,90.01601670486666,91.0031327618283,6.957706694113136,-1.8081338834561729,3.1828194163517063,0.007644388511422964,0.4097793059351202,46.0113857480446,45.768497085603286,90.01601666681127,91.00566267605974,6.973440603514549,-1.8120782370539823,3.1888954208888762
7.54,0.8231721268073642,0.002862363457426884,-0.03830389487021205,10.722563758486132,0.958984375,tilt,0.0076443657481821345,0.36932127156730404,46.011386135692085,45.771814136362856,90.01601794671119,90.93528462116205,6.534862456108929,-1.692058059713248,3.020660978335199,0.007644366053771279,0.3705572815172956,46.0113861168377,45.7717357000535,90.0160179082293,90.93781029451422,6.550730544221403,-1.6959987362172337,3.026541428303109,0.007644388203962767,0.4085514507454378,46.01138576650513,45.768623115173725,90.01601670486666,91.0031322941418,6.957705621503293,-1.8081335643145326,3.1828160637447924,0.007644388511422964,0.4097792458747769,46.0113857480446,45.768497921183055,90.01601666681127,91.00566244749601,6.973441627195224,-1.8120785269058401,3.188891515918807
7.5600000000000005,0.8231721268073642,0.0028625941817212713,-0.03830344632234796,10.722563633945716,0.958984375,tilt,0.0076443657481821345,0.3693233061156463,46.011386135692085,45.7718144733878,90.01601794671119,90.93528462201856,6.534863331078527,-1.6920583308415553,3.020659555030558,0.007644366053771279,0.3705594909056901,46.0113861168377,45.77173407910721,90.0160179082293,90.93781091383508,6.550729798107437,-1.6959984905641248,3.0265493430272628,0.007644388203962767,0.40855159369030836,46.01138576650513,45.76862365713997,90.01601670486666,91.00313185013125,6.957704560611508,-1.8081332619270702,3.182812871805052,0.007644388511422964,0.40977918848033346,46.0113857480446,45.76849871336974,90.01601666681127,91.00566223028031,6.973442523286173,-1.812078799344672,3.188887812598018
7.58,0.8231721268073642,0.00286281235549054,-0.03830302158488379,10.722563516069236,0.958984375,tilt,0.0076443657481821345,0.369325228472659,46.011386135692085,45.771814787774396,90.01601794671119,90.93528462485708,6.5348642594612265,-1.6920585871566494,3.020658231212697,0.007644366053771279,0.37056157882571694,46.0113861168377,45.77173254461627,90.0160179082293,90.93781150010537,6.550728912593788,-1.695998257968026,3.0265568356625527,0.007644388203962767,0.40855172873015966,46.01138576650513,45.76862417387829,90.01601670486666,91.00313142867766,6.957703607913634,-1.8081329767955963,3.1828098326578127,0.007644388511422964,0.4097791336517062,46.0113857480446,45.768499464529555,90.01601666681127,91.00566202385885,6.973443440495138,-1.812079056871186,3.1888843000734415
7.6000000000000005,0.8231721268073642,0.0028630187393404337,-0.03830261941708601,10.722563404805015,0.958984375,tilt,0.0076443657481821345,0.3693270445878455,46.011386135692085,45.77181508093841,90.01601794671119,90.93528462840496,6.534865112501293,-1.6920588302492614,3.0206569981434948,0.007644366053771279,0.3705635522044426,46.0113861168377,45.77173109193142,90.0160179082293,90.93781205706014,6.550728118217961,-1.6959980361695888,3.0265639332325565,0.007644388203962767,0.4085518559314004,46.01138576650513,45.768624666524076,90.01601670486666,91.00313102784244,6.957702700276231,-1.808132708698028,3.1828069373909806,0.007644388511422964,0.4097790817399939,46.0113857480446,45.76850017673484,90.01601666681127,91.00566182678106,6.973444290026371,-1.812079301019856,3.188880966692148
7.62,0.8231721268073642,0.002863213880974441,-0.03830223854554499,10.72256329972862,0.958984375,tilt,0.0076443657481821345,0.36932876041465934,46.011386135692085,45.77181535425347,90.01601794671119,90.93528463310359,6.53486586903926,-1.692059060086109,3.020655851052462,0.007644366053771279,0.37056541722685366,46.0113861168377,45.771729716674926,90.0160179082293,90.93781258546584,6.550727451923308,-1.695997826317023,3.026570655100258,0.007644388203962767,0.4085519758752115,46.01138576650513,45.768625136136784,90.01601670486666,91.00313064690657,6.957701817118804,-1.8081324557766079,3.18280418008679,0.007644388511422964,0.4097790324199811,46.0113857480446,45.7685008519626,90.01601666681127,91.00566163900487,6.97344505792737,-1.8120795315694147,3.1888778043228925
7.640000000000001,0.8231721268073642,0.0028633980966088655,-0.03830187786433271,10.722563200403652,0.958984375,tilt,0.0076443657481821345,0.36933038187057493,46.011386135692085,45.771815609099406,90.01601794671119,90.93528464050935,6.534866631903925,-1.692059275326445,3.0206547876139025,0.007644366053771279,0.37056717950086454,46.0113861168377,45.771728414619616,90.0160179082293,90.93781308354116,6.550726742047413,-1.6959976317165935,3.026577014389048,0.007644388203962767,0.40855208960518496,46.01138576650513,45.768625583882084,90.01601670486666,91.00313028624576,6.95770100823534,-1.808132215484315,3.182801556804865,0.007644388511422964,0.4097789847991744,46.0113857480446,45.76850149229311,90.01601666681127,91.00566146156137,6.9734458163606705,-1.8120797475252408,3.1888748068032435
7.66,0.8231721268073642,0.0028635723049863213,-0.0383015362922507,10.722563106608748,0.958984375,tilt,0.0076443657481821345,0.3693319138027218,46.011386135692085,45.77181584655977,90.01601794671119,90.93528464864359,6.534867301190088,-1.6920594787408865,3.020653798907813,0.007644366053771279,0.37056884499882264,46.0113861168377,45.77172718201115,90.0160179082293,90.93781355609056,6.5507261609701395,-1.6959974476750648,3.0265830368710054,0.007644388203962767,0.4085521968494594,46.01138576650513,45.76862601067548,90.01601670486666,91.00312994343783,6.957700214822351,-1.8081319887608762,3.1827990584669674,0.007644388511422964,0.4097789395533327,46.0113857480446,45.76850209938521,90.01601666681127,91.00566129247568,6.9734464964881395,-1.8120799514932533,3.1888719629949436
7.68,0.8231721268073642,0.002863737250492897,-0.03830121282817621,10.722563017983706,0.958984375,tilt,0.0076443657481821345,0.36933336105865844,46.011386135692085,45.77181606774215,90.01601794671119,90.935284656947,6.534867985629264,-1.6920596722436385,3.020652879059671,0.007644366053771279,0.3705704191418136,46.0113861168377,45.771726015159466,90.0160179082293,90.93781400518439,6.550725516731652,-1.6959972710963236,3.0265887420162785,0.007644388203962767,0.40855229782637836,46.01138576650513,45.768626417491,90.01601670486666,91.00312961726151,6.95769949950781,-1.808131776003287,3.1827966784012673,0.007644388511422964,0.4097788967495953,46.0113857480446,45.76850267495879,90.01601666681127,91.00566113101945,6.973447176438396,-1.812080145300144,3.1888692642847993
7.7,0.8231721268073642,0.0028638930754776573,-0.03830090648087476,10.722562934285682,0.958984375,tilt,0.0076443657481821345,0.3693347285692202,46.011386135692085,45.771816273756755,90.01601794671119,90.93528466656166,6.534868577969455,-1.6920598539913492,3.0206520259496994,0.007644366053771279,0.37057190669155543,46.0113861168377,45.77172491050979,90.0160179082293,90.93781442996968,6.550725005929798,-1.6959971063700148,3.0265941422879528,0.007644388203962767,0.40855239330079535,46.01138576650513,45.768626805261555,90.01601670486666,91.00312930779336,6.957698789388578,-1.808131574228735,3.1827944129598773,0.007644388511422964,0.40977885576192014,46.0113857480446,45.76850322068598,90.01601666681127,91.00566097779596,6.973447780107979,-1.8120803272896404,3.188866705217952
7.72,0.8231721268073642,0.0028640403497809355,-0.03830061641359174,10.722562855166231,0.958984375,tilt,0.0076443657481821345,0.3693360206322855,46.011386135692085,45.771816465652805,90.01601794671119,90.93528467714232,6.534869191636283,-1.6920600256252367,3.020651234429239,0.007644366053771279,0.3705733125125575,46.0113861168377,45.771723864553636,90.0160179082293,90.93781483196803,6.55072442749411,-1.6959969507232726,3.0265992552158116,0.007644388203962767,0.40855248353028123,46.01138576650513,45.76862717496616,90.01601670486666,91.00312901415671,6.957698153441991,-1.8081313839333895,3.1827922562120134,0.007644388511422964,0.40977881659894444,46.0113857480446,45.7685037382179,90.01601666681127,91.0056608322635,6.973448387944389,-1.812080499124423,3.188864277875736
7.74,0.8231721268073642,0.002864179673137416,-0.03830034172324481,10.722562780274089,0.958984375,tilt,0.0076443657481821345,0.3693372412749936,46.011386135692085,45.77181664427915,90.01601794671119,90.93528468789552,6.5348697389927075,-1.6920601882451232,3.0206504991800163,0.007644366053771279,0.3705746412077248,46.0113861168377,45.77172287429392,90.0160179082293,90.93781521368845,6.550723947584436,-1.695996802684556,3.0266040984410214,0.007644388203962767,0.40855256854376626,46.01138576650513,45.76862752735658,90.01601670486666,91.00312873492871,6.957697516525147,-1.8081312048236764,3.1827902019490875,0.007644388511422964,0.40977877948159697,46.0113857480446,45.768504228904696,90.01601666681127,91.00566069348746,6.973448927917376,-1.8120806617615905,3.1888619746894276
7.76,0.8231721268073642,0.0028643114401048744,-0.038300081522196446,10.722562709863002,0.958984375,tilt,0.0076443657481821345,0.36933839459461926,46.011386135692085,45.771816810483,90.01601794671119,90.93528469922512,6.5348702670278405,-1.6920603417526492,3.020649817540244,0.007644366053771279,0.3705758968920641,46.0113861168377,45.77172193683075,90.0160179082293,90.93781557545658,6.550723454765439,-1.6959966632270063,3.026608684386395,0.007644388203962767,0.408552648792646,46.01138576650513,45.76862786317635,90.01601670486666,91.00312846967155,6.95769695461075,-1.8081310354800748,3.1827882461645807,0.007644388511422964,0.4097787441022482,46.0113857480446,45.76850469408769,90.01601666681127,91.00566056149084,6.973449467988981,-1.812080815025291,3.188859790258569
7.78,0.8231721268073642,0.0028644358181748224,-0.03829983514589432,10.722562642982137,0.958984375,tilt,0.0076443657481821345,0.3693394844272158,46.011386135692085,45.77181696519366,90.01601794671119,90.93528471178034,6.534870753018059,-1.6920604855872114,3.0206491870637677,0.007644366053771279,0.37057708344251256,46.0113861168377,45.771721049149804,90.0160179082293,90.93781591672841,6.550723034418049,-1.695996533663497,3.0266130240211853,0.007644388203962767,0.40855272486393746,46.01138576650513,45.76862818334898,90.01601670486666,91.00312821844956,6.957696381104511,-1.8081308747512903,3.1827863852265104,0.007644388511422964,0.40977871002363103,46.0113857480446,45.768505135272065,90.01601666681127,91.00566043659278,6.973449946123499,-1.8120809587977953,3.188857719174598
7.8,0.8231721268073642,0.002864553569560265,-0.03829960181744514,10.722562579889818,0.958984375,tilt,0.0076443657481821345,0.36934051398210543,46.011386135692085,45.77181710905399,90.01601794671119,90.93528472406474,6.534871206270499,-1.6920606221900967,3.020648601735454,0.007644366053771279,0.370578204948126,46.0113861168377,45.77172020876758,90.0160179082293,90.93781624117891,6.550722640102617,-1.6959964097899363,3.0266171354902394,0.007644388203962767,0.40855279645936543,46.01138576650513,45.768628488487884,90.01601670486666,91.0031279793436,6.9576958449412025,-1.808130723742963,3.18278461240018,0.007644388511422964,0.4097786778138618,46.0113857480446,45.76850555354749,90.01601666681127,91.00566031735067,6.973450400280447,-1.8120810951502975,3.1888557537958775
7.82,0.8231721268073642,0.0028646650271686074,-0.03829938077848293,10.722562520467713,0.958984375,tilt,0.0076443657481821345,0.3693414867392823,46.011386135692085,45.77181724275461,90.01601794671119,90.9352847365264,6.534871656501614,-1.6920607514347188,3.02064805964522,0.007644366053771279,0.37057926482890047,46.0113861168377,45.771719413263575,90.0160179082293,90.93781654891811,6.550722219559086,-1.695996292544518,3.0266210288050766,0.007644388203962767,0.4085528639995403,46.01138576650513,45.76862877922989,90.01601670486666,91.00312775205796,6.95769536958035,-1.8081305811958777,3.1827829244283623,0.007644388511422964,0.4097786471592157,46.0113857480446,45.76850595004713,90.01601666681127,91.00566020384929,6.973450854084306,-1.8120812238873636,3.1888538897062446
7.84,0.8231721268073642,0.0028647701683856336,-0.038299171477881824,10.722562464138418,0.958984375,tilt,0.0076443657481821345,0.3693424060431447,46.011386135692085,45.771817367088836,90.01601794671119,90.93528475009516,6.534872057457116,-1.6920608720006822,3.0206475595348223,0.007644366053771279,0.37058026629125024,46.0113861168377,45.77171866003171,90.0160179082293,90.93781683879344,6.550721876247289,-1.695996184659529,3.026624711942205,0.007644388203962767,0.4085529281305147,46.01138576650513,45.76862905640493,90.01601670486666,91.0031275369814,6.957694887108888,-1.8081304453877838,3.1827813187765006,0.007644388511422964,0.40977861751128136,46.0113857480446,45.76850632608839,90.01601666681127,91.00566009662509,6.973451256791117,-1.8120813442649744,3.188852122744806
7.86,0.8231721268073642,0.0028648699340064047,-0.038298973283531,10.722562411116392,0.958984375,tilt,0.0076443657481821345,0.36934327424941066,46.011386135692085,45.77181748255098,90.01601794671119,90.935284762421,6.534872461316068,-1.6920609879282935,3.0206470941260832,0.007644366053771279,0.3705812130705563,46.0113861168377,45.77171794695601,90.0160179082293,90.9378171159299,6.5507214960767985,-1.6959960786141932,3.026628204770232,0.007644388203962767,0.40855298815151536,46.01138576650513,45.768629320538224,90.01601670486666,91.00312733157364,6.957694466640354,-1.8081303192368157,3.1827797877047317,0.007644388511422964,0.40977858989127597,46.0113857480446,45.76850668256256,90.01601666681127,91.00565999365404,6.973451662720531,-1.812081459610135,3.18885044477954
7.88,0.8231721268073642,0.002864964039363806,-0.038298785547753116,10.722562360840772,0.958984375,tilt,0.0076443657481821345,0.36934409479531816,46.011386135692085,45.77181758982899,90.01601794671119,90.93528477583438,6.534872816895874,-1.6920610959875286,3.020646665689269,0.007644366053771279,0.37058210762710736,46.0113861168377,45.771717271795545,90.0160179082293,90.93781737690358,6.550721192746046,-1.69599598143717,3.026631508768168,0.007644388203962767,0.40855304517693697,46.01138576650513,45.76862957227164,90.01601670486666,91.00312713724483,6.95769403488635,-1.8081301986983231,3.182778331691588,0.007644388511422964,0.40977856313099087,46.0113857480446,45.76850702057152,90.01601666681127,91.00565989642679,6.973452020440729,-1.8120815671874915,3.188848854653925
7.9,0.8231721268073642,0.0028650529784025806,-0.038298607770142726,10.722562313509538,0.958984375,tilt,0.0076443657481821345,0.3693448700690918,46.011386135692085,45.77181768946365,90.01601794671119,90.93528478943635,6.5348731777199,-1.6920611979078966,3.0206462699696734,0.007644366053771279,0.37058295303342037,46.0113861168377,45.77171663249706,90.0160179082293,90.93781762390186,6.550720855033379,-1.695995889897158,3.026634637061459,0.007644388203962767,0.40855309907919823,46.01138576650513,45.768629812215366,90.01601670486666,91.0031269528312,6.957693659831565,-1.8081300848733077,3.182776945682031,0.007644388511422964,0.40977853756154775,46.0113857480446,45.7685073410837,90.01601666681127,91.00565980408822,6.973452382687173,-1.812081668614695,3.188847346525997
7.92,0.8231721268073642,0.0028651374041401135,-0.038298439390921236,10.722562268650702,0.958984375,tilt,0.0076443657481821345,0.3693456023105011,46.011386135692085,45.77181778186764,90.01601794671119,90.93528480205119,6.534873556331072,-1.6920612958770294,3.0206459026246857,0.007644366053771279,0.3705837522334297,46.0113861168377,45.771716027322775,90.0160179082293,90.93781785972847,6.55072046825124,-1.6959958000930981,3.0266376028586506,0.007644388203962767,0.40855314958451594,46.01138576650513,45.76863004082567,90.01601670486666,91.0031267768123,6.957693322301754,-1.8081299790431715,3.182775624462203,0.007644388511422964,0.4097785136478245,46.0113857480446,45.76850764488861,90.01601666681127,91.00565971559516,6.973452742027884,-1.8120817656427506,3.1888459148623207
7.94,0.8231721268073642,0.002865216853685291,-0.038298279914430924,10.722562226415228,0.958984375,tilt,0.0076443657481821345,0.3693462944244525,46.011386135692085,45.77181786764648,90.01601794671119,90.93528481572514,6.534873816245612,-1.6920613861974436,3.0206455656448528,0.007644366053771279,0.37058450729007075,46.0113861168377,45.77171545428527,90.0160179082293,90.93781808131867,6.550720281465364,-1.695995719704149,3.026640407412434,0.007644388203962767,0.40855319768696785,46.01138576650513,45.76863025871379,90.01601670486666,91.00312661052452,6.957692942033828,-1.8081298770120207,3.1827743684751386,0.007644388511422964,0.40977849035483493,46.0113857480446,45.768507932976306,90.01601666681127,91.00565963220205,6.973453024894664,-1.8120818554308444,3.188844558435655
7.96,0.8231721268073642,0.002865292151109256,-0.03829812893599522,10.722562186347657,0.958984375,tilt,0.0076443657481821345,0.36934694814945757,46.011386135692085,45.77181794723445,90.01601794671119,90.93528482886168,6.534874160876493,-1.692061472848845,3.0206452536810646,0.007644366053771279,0.37058522104590275,46.0113861168377,45.77171491160252,90.0160179082293,90.937818292015,6.550719926861519,-1.6959956409811627,3.026643065307394,0.007644388203962767,0.40855324293275136,46.01138576650513,45.76863046642946,90.01601670486666,91.00312645228657,6.957692644517571,-1.8081297822144378,3.182773171775427,0.007644388511422964,0.40977846838215964,46.0113857480446,45.768508206171326,90.01601666681127,91.00565955262161,6.973453347396881,-1.8120819412678346,3.1888432710237833
7.98,0.8231721268073642,0.002865363413444593,-0.03829798587620209,10.722562148682895,0.958984375,tilt,0.0076443657481821345,0.3693475657016913,46.011386135692085,45.77181802094001,90.01601794671119,90.93528484148013,6.534874385884101,-1.692061554714127,3.0206449654625045,0.007644366053771279,0.3705858956953772,46.0113861168377,45.771714397905995,90.0160179082293,90.93781849264042,6.550719769428793,-1.695995566837305,3.0266455838818818,0.007644388203962767,0.4085532854505493,46.01138576650513,45.76863066425844,90.01601670486666,91.00312630149227,6.957692302759539,-1.8081296925135832,3.182772031855352,0.007644388511422964,0.4097784476612394,46.0113857480446,45.76850846506503,90.01601666681127,91.005659476626,6.973453597238257,-1.8120820220729819,3.188842049717644
8.0,0.8231721268073642,0.0028654305522137135,-0.038297850377594624,10.722562112905644,0.958984375,tilt,0.0076443657481821345,0.3693481496066165,46.011386135692085,45.77181808930923,90.01601794671119,90.93528485547684,6.5348746984148285,-1.6920616304474667,3.0206447028995607,0.007644366053771279,0.37058653290204935,46.0113861168377,45.77171391147849,90.0160179082293,90.93781867995024,6.5507194458753615,-1.69599549996597,3.026647962899837,0.007644388203962767,0.40855332622563584,46.01138576650513,45.76863085284091,90.01601670486666,91.00312615958758,6.957692039483052,-1.8081296062828593,3.1827709492829035,0.007644388511422964,0.4097784271630578,46.0113857480446,45.76850871061703,90.01601666681127,91.00565940542592,6.9734538869898675,-1.8120820971405696,3.188840893316808
8.02,0.8231721268073642,0.0028654942791535064,-0.03829772208503705,10.72256207918883,0.958984375,tilt,0.0076443657481821345,0.36934870098729644,46.011386135692085,45.77181815258062,90.01601794671119,90.9352848682044,6.534874968073428,-1.6920617032489607,3.020644459128863,0.007644366053771279,0.37058713538825827,46.0113861168377,45.77171345098922,90.0160179082293,90.93781885928189,6.550719183705465,-1.6959954341635406,3.0266502195294698,0.007644388203962767,0.40855336431197725,46.01138576650513,45.76863103252947,90.01601670486666,91.00312602389904,6.957691778141339,-1.8081295262886674,3.182769916732636,0.007644388511422964,0.40977840812306904,46.0113857480446,45.7685089433824,90.01601666681127,91.00565933705096,6.973454146841925,-1.8120821690189408,3.1888397951706784
8.040000000000001,0.8231721268073642,0.0028655545621392984,-0.03829760051401647,10.722562047377204,0.958984375,tilt,0.0076443657481821345,0.3693492219876902,46.011386135692085,45.77181821109294,90.01601794671119,90.9352848807844,6.534875177456281,-1.6920617717156028,3.0206442351993488,0.007644366053771279,0.3705877047463453,46.0113861168377,45.77171301513764,90.0160179082293,90.93781902931246,6.550719015647298,-1.6959953728084496,3.0266523560955605,0.007644388203962767,0.40855340026882037,46.01138576650513,45.768631203660306,90.01601670486666,91.00312589493437,6.957691501366039,-1.8081294502730536,3.1827689339449794,0.007644388511422964,0.4097783899597553,46.0113857480446,45.76850916396941,90.01601666681127,91.00565927205454,6.973454368331909,-1.8120822364742355,3.188838754043133
8.06,0.8231721268073642,0.0028656114040947612,-0.03829748544859133,10.72256201726988,0.958984375,tilt,0.0076443657481821345,0.3693497143280643,46.011386135692085,45.77181826531829,90.01601794671119,90.93528489370242,6.534875420368655,-1.6920618358473583,3.0206440302190107,0.007644366053771279,0.37058824275651875,46.0113861168377,45.77171260229478,90.0160179082293,90.93781918932726,6.550718779270819,-1.69599531571726,3.026654377602689,0.007644388203962767,0.40855343446057,46.01138576650513,45.76863136685202,90.01601670486666,91.00312577302796,6.957691269546945,-1.808129378271059,3.1827679991326963,0.007644388511422964,0.4097783723852496,46.0113857480446,45.76850937321567,90.01601666681127,91.00565921065582,6.973454600692201,-1.8120822998698993,3.1888377670171164
8.08,0.8231721268073642,0.002865665517866989,-0.038297376424993874,10.722561988893002,0.958984375,tilt,0.0076443657481821345,0.36935017912345713,46.011386135692085,45.77181831534828,90.01601794671119,90.93528490505344,6.534875604900866,-1.6920618981578346,3.020643839567405,0.007644366053771279,0.370588751559187,46.0113861168377,45.77171221158506,90.0160179082293,90.9378193435162,6.550718631420872,-1.6959952585465823,3.0266562968390422,0.007644388203962767,0.40855346616860605,46.01138576650513,45.768631522223956,90.01601670486666,91.00312565595429,6.957691022490497,-1.808129311879462,3.1827671069044605,0.007644388511422964,0.409778356299694,46.0113857480446,45.76850957143686,90.01601666681127,91.0056591514226,6.973454797162079,-1.8120823607599839,3.188836829616293
8.1,0.8231721268073642,0.002865716254359228,-0.038297273238436055,10.722561962010426,0.958984375,tilt,0.0076443657481821345,0.3693506185747499,46.011386135692085,45.77181836175593,90.01601794671119,90.93528491765959,6.534875824839583,-1.692061955281276,3.020643667103584,0.007644366053771279,0.3705892321475555,46.0113861168377,45.77171184131671,90.0160179082293,90.93781948696122,6.550718415780972,-1.6959952078248777,3.026658109776953,0.007644388203962767,0.4085534967060644,46.01138576650513,45.76863167045295,90.01601670486666,91.00312554615786,6.957690818097731,-1.8081292477379816,3.1827662598800375,0.007644388511422964,0.4097783402914033,46.0113857480446,45.76850975953366,90.01601666681127,91.00565909604138,6.973455005118214,-1.812082417048281,3.188835941942303
8.120000000000001,0.8231721268073642,0.0028657644985512288,-0.03829717549823371,10.722561936669546,0.958984375,tilt,0.0076443657481821345,0.369351033385522,46.011386135692085,45.77181840457462,90.01601794671119,90.93528492884771,6.534875986834811,-1.6920620107491284,3.0206435067535176,0.007644366053771279,0.3705896866926779,46.0113861168377,45.77171149075143,90.0160179082293,90.93781962508658,6.550718290351346,-1.6959951570478908,3.026659831378564,0.007644388203962767,0.40855352503171216,46.01138576650513,45.76863181163441,90.01601670486666,91.00312544078578,6.957690594914033,-1.8081291886570816,3.182765451385988,0.007644388511422964,0.40977832563508687,46.0113857480446,45.76850993776529,90.01601666681127,91.00565904266544,6.97345517842795,-1.8120824710654466,3.188835098821424
8.14,0.8231721268073642,0.0028658099271384654,-0.03829708286024097,10.722561912688422,0.958984375,tilt,0.0076443657481821345,0.3693514256600859,46.011386135692085,45.771818444140536,90.01601794671119,90.93528494097053,6.534876185195733,-1.692062061796472,3.020643362303843,0.007644366053771279,0.3705901159651994,46.0113861168377,45.77171115880444,90.0160179082293,90.93781975399675,6.550718092670349,-1.695995111971906,3.0266614574142867,0.007644388203962767,0.4085535522535399,46.01138576650513,45.76863194613939,90.01601670486666,91.00312534165639,6.957690415125683,-1.8081291313011214,3.182764683906547,0.007644388511422964,0.4097783110943072,46.0113857480446,45.76851010673514,90.01601666681127,91.00565899262305,6.973455365297168,-1.8120825209411717,3.1888343007687725
8.16,0.8231721268073642,0.002865852908529108,-0.03829699517203897,10.722561890062337,0.958984375,tilt,0.0076443657481821345,0.3693517961111466,46.011386135692085,45.77181848067488,90.01601794671119,90.93528495240264,6.534876325544182,-1.6920621102605864,3.020643229235814,0.007644366053771279,0.37059052182030516,46.0113861168377,45.77171084441791,90.0160179082293,90.93781987679313,6.550717990160383,-1.6959950687668937,3.02666299901172,0.007644388203962767,0.40855357780071166,46.01138576650513,45.76863207434864,90.01601670486666,91.00312524718159,6.957690211365364,-1.8081290776000742,3.182763952393058,0.007644388511422964,0.40977829743602784,46.0113857480446,45.76851026694951,90.01601666681127,91.0056589448465,6.973455518028823,-1.8120825682495199,3.188833543341374
8.18,0.8231721268073642,0.002865893827943836,-0.038296912047230056,10.722561868679888,0.958984375,tilt,0.0076443657481821345,0.36935214605638034,46.011386135692085,45.77181851428453,90.01601794671119,90.93528496317157,6.534876505780661,-1.6920621568968335,3.0206431071409243,0.007644366053771279,0.3705909054527064,46.0113861168377,45.7717105469187,90.0160179082293,90.93781999394051,6.550717805268616,-1.6959950265141959,3.0266644599101777,0.007644388203962767,0.408553601761073,46.01138576650513,45.76863219639533,90.01601670486666,91.00312515698134,6.957690055513899,-1.8081290275156134,3.1827632554605745,0.007644388511422964,0.4097782845876299,46.0113857480446,45.768510418729456,90.01601666681127,91.0056588992215,6.973455686442917,-1.8120826132860015,3.188832824981558
8.2,0.8231721268073642,0.002865932252304153,-0.03829683340113301,10.72256184848301,0.958984375,tilt,0.0076443657481821345,0.3693524767248077,46.011386135692085,45.77181854537446,90.01601794671119,90.93528497415747,6.534876627572713,-1.6920621999560042,3.0206429962874037,0.007644366053771279,0.370591267985304,46.0113861168377,45.77171026497715,90.0160179082293,90.93782010400803,6.550717720567241,-1.6959949883261043,3.0266658423262482,0.007644388203962767,0.40855362459438743,46.01138576650513,45.76863231282658,90.01601670486666,91.00312507183757,6.95768987072966,-1.808128979540781,3.182762592600197,0.007644388511422964,0.40977827212463896,46.0113857480446,45.76851056273216,90.01601666681127,91.00565885617036,6.973455821277243,-1.8120826552603213,3.1888321439599854
8.22,0.8231721268073642,0.002865968981795698,-0.038296758866268675,10.722561829400446,0.958984375,tilt,0.0076443657481821345,0.3693527888502638,46.011386135692085,45.77181857393579,90.01601794671119,90.93528498390012,6.534876792498426,-1.692062242428443,3.020642893458547,0.007644366053771279,0.37059161088149084,46.0113861168377,45.7717099981131,90.0160179082293,90.93782021013483,6.550717547690532,-1.6959949489649442,3.026667155128837,0.007644388203962767,0.4085536457354096,46.01138576650513,45.768632423671995,90.01601670486666,91.00312499001102,6.957689735841332,-1.8081289358909507,3.1827619598578663,0.007644388511422964,0.4097782607274337,46.0113857480446,45.76851069913949,90.01601666681127,91.00565881472235,6.973455972598843,-1.8120826958159668,3.188831497371175
8.24,0.8231721268073642,0.0028660032356636147,-0.038296688248930066,10.722561811374034,0.958984375,tilt,0.0076443657481821345,0.36935308426566493,46.011386135692085,45.771818600300115,90.01601794671119,90.9352849950607,6.534876896118982,-1.6920622797389693,3.0206428031498422,0.007644366053771279,0.3705919344911087,46.0113861168377,45.7717097453566,90.0160179082293,90.93782030775155,6.550717481775762,-1.6959949173001414,3.026668392139803,0.007644388203962767,0.40855366641600277,46.01138576650513,45.76863252932612,90.01601670486666,91.00312491376658,6.957689566176801,-1.8081288917805096,3.1827613606070226,0.007644388511422964,0.4097782490198674,46.0113857480446,45.76851082850899,90.01601666681127,91.00565877627669,6.9734560915365496,-1.812082732326241,3.1888308860770485
8.26,0.8231721268073642,0.002866036087676173,-0.0382966214180546,10.72256179433501,0.958984375,tilt,0.0076443657481821345,0.369353362847625,46.011386135692085,45.77181862451534,90.01601794671119,90.93528500436534,6.5348770466874235,-1.6920623175549347,3.0206427179191864,0.007644366053771279,0.37059224081003045,46.0113861168377,45.77170950600864,90.0160179082293,90.93782040289415,6.550717322327909,-1.6959948822918605,3.0266695695203016,0.007644388203962767,0.40855368530514363,46.01138576650513,45.76863263000337,90.01601670486666,91.00312484000457,6.957689448594086,-1.8081288529290738,3.1827607871515173,0.007644388511422964,0.40977823862350504,46.0113857480446,45.76851095111335,90.01601666681127,91.00565873895125,6.973456227365426,-1.8120827683660579,3.1888303047618027
8.28,0.8231721268073642,0.0028660668935018272,-0.03829655805838693,10.722561778259754,0.958984375,tilt,0.0076443657481821345,0.36935362636162355,46.011386135692085,45.77181864678913,90.01601794671119,90.93528501438892,6.534877135924279,-1.6920623515841795,3.0206426425776476,0.007644366053771279,0.3705925300404009,46.0113861168377,45.7717092793763,90.0160179082293,90.93782049148172,6.550717267616352,-1.6959948527183535,3.0266706810495316,0.007644388203962767,0.40855370354206294,46.01138576650513,45.76863272589205,90.01601670486666,91.0031247707294,6.9576892955605265,-1.8081288143140424,3.1827602431299393,0.007644388511422964,0.40977822823356097,46.0113857480446,45.76851106730965,90.01601666681127,91.0056587039988,6.973456332565196,-1.8120828012063508,3.188829754777439
8.3,0.8231721268073642,0.002866096075092612,-0.038296498089900426,10.722561763035813,0.958984375,tilt,0.0076443657481821345,0.36935387525725216,46.011386135692085,45.771818667290766,90.01601794671119,90.93528502405698,6.534877272600842,-1.6920623841486133,3.0206425740443574,0.007644366053771279,0.37059280346157497,46.0113861168377,45.77170906466685,90.0160179082293,90.93782057544892,6.550717123380076,-1.6959948238891576,3.0266717342065927,0.007644388203962767,0.4085537207546277,46.01138576650513,45.76863281732012,90.01601670486666,91.00312470493105,6.957689191496471,-1.8081287784338478,3.182759724982609,0.007644388511422964,0.4097782183564175,46.0113857480446,45.76851117749273,90.01601666681127,91.0056586707873,6.973456454328595,-1.8120828324697211,3.188829233105733
8.32,0.8231721268073642,0.0028661238969822688,-0.03829644122691422,10.7225617487106,0.958984375,tilt,0.0076443657481821345,0.369354110274478,46.011386135692085,45.77181868599733,90.01601794671119,90.93528503278263,6.534877348840701,-1.6920624154829582,3.020642511094046,0.007644366053771279,0.3705930620046891,46.0113861168377,45.77170886157531,90.0160179082293,90.93782065625582,6.550717078077336,-1.6959947957581565,3.026672733442537,0.007644388203962767,0.4085537367331431,46.01138576650513,45.76863290429345,90.01601670486666,91.0031246417236,6.957689053552838,-1.8081287449163777,3.182759230730942,0.007644388511422964,0.4097782092384422,46.0113857480446,45.76851128181034,90.01601666681127,91.0056586389254,6.973456547444423,-1.8120828621562488,3.1888287382729197
8.34,0.8231721268073642,0.002866149982614446,-0.03829638743456938,10.722561735117852,0.958984375,tilt,0.0076443657481821345,0.36935433247253036,46.011386135692085,45.77181870326711,90.01601794671119,90.93528504202813,6.534877474010112,-1.692062444317268,3.0206424554783116,0.007644366053771279,0.3705933062204214,46.0113861168377,45.77170866903238,90.0160179082293,90.93782073135752,6.550716944408095,-1.6959947705078582,3.026673677461761,0.007644388203962767,0.40855375216997847,46.01138576650513,45.768632987301295,90.01601670486666,91.00312458249593,6.9576889632614725,-1.808128712727817,3.1827587614384756,0.007644388511422964,0.40977820016535277,46.0113857480446,45.768511380794564,90.01601666681127,91.00565860907462,6.973456656839985,-1.8120828897985677,3.1888282695953785
8.36,0.8231721268073642,0.002866174913608406,-0.038296336460081216,10.722561722168447,0.958984375,tilt,0.0076443657481821345,0.36935454214760793,46.011386135692085,45.771818719017354,90.01601794671119,90.93528505013967,6.534877560271373,-1.6920624726804618,3.02064240386396,0.007644366053771279,0.37059353726635924,46.0113861168377,45.77170848682009,90.0160179082293,90.93782080405771,6.550716879838325,-1.6959947446348218,3.0266745744376156,0.007644388203962767,0.40855376638481605,46.01138576650513,45.76863306630816,90.01601670486666,91.00312452541255,6.957688839456009,-1.808128683380962,3.182758313206441,0.007644388511422964,0.40977819192834164,46.0113857480446,45.76851147452636,90.01601666681127,91.0056585803282,6.973456738982574,-1.812082916378164,3.1888278247171886
8.38,0.8231721268073642,0.0028661982229499306,-0.03829628812976861,10.72256171020397,0.958984375,tilt,0.0076443657481821345,0.3693547406466275,46.011386135692085,45.77181873344776,90.01601794671119,90.93528505914502,6.534877652704847,-1.6920624976952299,3.0206423598936882,0.007644366053771279,0.37059375528158445,46.0113861168377,45.77170831431472,90.0160179082293,90.93782087100129,6.550716786418127,-1.695994723738225,3.02667541947671,0.007644388203962767,0.4085537803094015,46.01138576650513,45.768633141557984,90.01601670486666,91.0031244721741,6.957688759017329,-1.808128653700787,3.18275788878028,0.007644388511422964,0.4097781834812521,46.0113857480446,45.76851156335838,90.01601666681127,91.00565855358089,6.973456837319505,-1.8120829404156755,3.1888274042096154
8.4,0.8231721268073642,0.002866220506292899,-0.038296242431179704,10.722561698624816,0.958984375,tilt,0.0076443657481821345,0.36935492780807805,46.011386135692085,45.77181874664092,90.01601794671119,90.93528506683589,6.5348777287730835,-1.692062522849324,3.020642318344813,0.007644366053771279,0.37059396167265146,46.0113861168377,45.77170815091908,90.0160179082293,90.93782093605364,6.550716732126502,-1.6959947009135834,3.0266762235339195,0.007644388203962767,0.4085537930463251,46.01138576650513,45.768633213303275,90.01601670486666,91.0031244207715,6.957688645683724,-1.8081286274988888,3.1827574827107408,0.007644388511422964,0.4097781759236027,46.0113857480446,45.76851164755916,90.01601666681127,91.00565852775232,6.973456909165813,-1.8120829639744311,3.188827004560996
8.42,0.8231721268073642,0.002866241527439938,-0.03829619907173295,10.722561687973752,0.958984375,tilt,0.0076443657481821345,0.3693551048052916,46.011386135692085,45.7718187586551,90.01601794671119,90.93528507471667,6.534877812500108,-1.6920625459717689,3.0206422822811883,0.007644366053771279,0.3705941565951672,46.0113861168377,45.77170799628653,90.0160179082293,90.93782099710377,6.550716644259451,-1.6959946808464237,3.026676983342247,0.007644388203962767,0.40855380524760715,46.01138576650513,45.7686332815719,90.01601670486666,91.00312437223776,6.95768857790333,-1.8081286018293181,3.182757097152739,0.007644388511422964,0.40977816849859283,46.0113857480446,45.768511727285336,90.01601666681127,91.00565850341833,6.973456998094349,-1.8120829856717764,3.188826626427388
8.44,0.8231721268073642,0.0028662613481666645,-0.03829615809921576,10.722561677612408,0.958984375,tilt,0.0076443657481821345,0.36935527187845585,46.011386135692085,45.77181876970493,90.01601794671119,90.93528508221088,6.534877879403095,-1.6920625681123709,3.0206422495458742,0.007644366053771279,0.37059434095728383,46.0113861168377,45.77170784964665,90.0160179082293,90.93782105502221,6.5507165996272,-1.695994661113691,3.0266777039428816,0.007644388203962767,0.4085538167294775,46.01138576650513,45.76863334674883,90.01601670486666,91.00312432615304,6.95768847359368,-1.8081285782229304,3.182756729615349,0.007644388511422964,0.40977816149379137,46.0113857480446,45.76851180291574,90.01601666681127,91.00565848028782,6.973457060736689,-1.812083006373387,3.1888262676154078
8.46,0.8231721268073642,0.002866280273318764,-0.03829611920347182,10.722561668130249,0.958984375,tilt,0.0076443657481821345,0.3693554296589565,46.011386135692085,45.771818779690875,90.01601794671119,90.93528508913118,6.534877955517917,-1.6920625895189105,3.0206422201131677,0.007644366053771279,0.3705945152738761,46.0113861168377,45.771707710938884,90.0160179082293,90.93782111065329,6.550716516863799,-1.6959946418921117,3.026678387438947,0.007644388203962767,0.4085538274129395,46.01138576650513,45.7686334087094,90.01601670486666,91.00312428195149,6.957688416946348,-1.8081285560908182,3.1827563793561664,0.007644388511422964,0.40977815497687686,46.0113857480446,45.768511874466974,90.01601666681127,91.00565845818161,6.973457141161736,-1.8120830258898621,3.1888259276594555
8.48,0.8231721268073642,0.0028662978188916297,-0.038296082395826256,10.722561658859794,0.958984375,tilt,0.0076443657481821345,0.3693555790782768,46.011386135692085,45.77181878887582,90.01601794671119,90.93528509701522,6.534878012533359,-1.6920626080082248,3.0206421962933607,0.007644366053771279,0.3705946797124324,46.0113861168377,45.771707579453135,90.0160179082293,90.93782116119283,6.550716483768421,-1.6959946268939492,3.0266790305077116,0.007644388203962767,0.4085538380443922,46.01138576650513,45.76863346783761,90.01601670486666,91.00312424111706,6.957688318842002,-1.8081285335626238,3.1827560480759685,0.007644388511422964,0.4097781481478048,46.0113857480446,45.76851194234886,90.01601666681127,91.00565843772287,6.973457195868412,-1.812083043532524,3.1888256062909406
8.5,0.8231721268073642,0.0028663150012717643,-0.03829604750582014,10.722561650428094,0.958984375,tilt,0.0076443657481821345,0.3693557196866463,46.011386135692085,45.77181879707748,90.01601794671119,90.93528510274363,6.534878081872881,-1.692062628115991,3.020642171932514,0.007644366053771279,0.37059483564180823,46.0113861168377,45.7717074551783,90.0160179082293,90.93782121232272,6.550716404865,-1.6959946079276866,3.0266796457413814,0.007644388203962767,0.40855384728359473,46.01138576650513,45.76863352402733,90.01601670486666,91.00312420056288,6.957688272560312,-1.8081285148416268,3.1827557294119844,0.007644388511422964,0.4097781425434499,46.0113857480446,45.76851200653735,90.01601666681127,91.00565841756946,6.973457268820596,-1.8120830612810452,3.1888253005983582
8.52,0.8231721268073642,0.0028663306771155544,-0.03829601448069055,10.722561642135968,0.958984375,tilt,0.0076443657481821345,0.3693558531357637,46.011386135692085,45.771818804654615,90.01601794671119,90.93528511026818,6.534878131133341,-1.6920626442493285,3.020642154278219,0.007644366053771279,0.37059498247462125,46.0113861168377,45.77170733731941,90.0160179082293,90.93782125729862,6.5507163793579615,-1.6959945952846611,3.0266802214572177,0.007644388203962767,0.40855385688653373,46.01138576650513,45.76863357767779,90.01601670486666,91.00312416390373,6.957688181650555,-1.8081284943598022,3.1827554296914307,0.007644388511422964,0.4097781361963844,46.0113857480446,45.768512067458204,90.01601666681127,91.00565839925466,6.973457316541353,-1.8120830767689167,3.18882501229234
8.540000000000001,0.8231721268073642,0.002866345947110222,-0.038295983230426954,10.722561634406542,0.958984375,tilt,0.0076443657481821345,0.3693559786390996,46.011386135692085,45.771818811457145,90.01601794671119,90.93528511584537,6.5348781740765025,-1.69206266190014,3.020642135671853,0.007644366053771279,0.3705951217778517,46.0113861168377,45.771707225767635,90.0160179082293,90.93782130273568,6.550716353545098,-1.6959945788661903,3.0266807727066247,0.007644388203962767,0.40855386523639237,46.01138576650513,45.76863362875248,90.01601670486666,91.0031241275846,6.957688103317274,-1.8081284775260351,3.1827551412393076,0.007644388511422964,0.40977813097547106,46.0113857480446,45.76851212511114,90.01601666681127,91.00565838125112,6.973457364444002,-1.812083092392315,3.1888247379463497
8.56,0.8231721268073642,0.0028663601282303353,-0.03829595357790764,10.722561627208675,0.958984375,tilt,0.0076443657481821345,0.3693560975898087,46.011386135692085,45.77181881764581,90.01601794671119,90.93528512239143,6.534878237219802,-1.692062677019393,3.0206421218807735,0.007644366053771279,0.3705952531045694,46.0113861168377,45.77170712011316,90.0160179082293,90.93782134392309,6.55071628576558,-1.6959945664454732,3.026681290738159,0.007644388203962767,0.40855387361612244,46.01138576650513,45.76863367739381,90.01601670486666,91.00312409408168,6.957688059788239,-1.808128459857037,3.1827548689213057,0.007644388511422964,0.4097781254184069,46.0113857480446,45.76851217971978,90.01601666681127,91.0056583646053,6.973457423990512,-1.8120831063137346,3.1888244790032605
8.58,0.8231721268073642,0.0028663736705743723,-0.03829592556628696,10.722561620293455,0.958984375,tilt,0.0076443657481821345,0.3693562096283861,46.011386135692085,45.771818823273655,90.01601794671119,90.93528512790758,6.534878273745763,-1.6920626924100575,3.0206421082721038,0.007644366053771279,0.370595377540732,46.0113861168377,45.77170701994306,90.0160179082293,90.93782138416495,6.550716267285239,-1.6959945525260138,3.0266817845219784,0.007644388203962767,0.4085538811997711,46.01138576650513,45.76863372380824,90.01601670486666,91.00312406163604,6.95768798715166,-1.808128444522654,3.182754608026861,0.007644388511422964,0.40977812051655516,46.0113857480446,45.76851223147377,90.01601666681127,91.00565834854982,6.973457465962892,-1.812083119947589,3.1888242329678738
8.6,0.8231721268073642,0.0028663865081673874,-0.03829589894988457,10.722561613885901,0.958984375,tilt,0.0076443657481821345,0.36935631562066434,46.011386135692085,45.77181882830595,90.01601794671119,90.9352851335441,6.534878331934125,-1.6920627066243297,3.0206420975120163,0.007644366053771279,0.37059549503150946,46.0113861168377,45.771706925189854,90.0160179082293,90.93782142190932,6.5507162021422385,-1.6959945402928376,3.0266822508975277,0.007644388203962767,0.40855388848992685,46.01138576650513,45.76863376792454,90.01601670486666,91.00312403099547,6.957687951252256,-1.8081284293822406,3.1827543604873165,0.007644388511422964,0.40977811567429706,46.0113857480446,45.7685122804231,90.01601666681127,91.0056583334338,6.973457519712082,-1.8120831324612876,3.1888240004244173
8.620000000000001,0.8231721268073642,0.002866398526338034,-0.03829587382422396,10.722561607700602,0.958984375,tilt,0.0076443657481821345,0.36935641566519883,46.011386135692085,45.77181883294013,90.01601794671119,90.93528513901029,6.53487836237824,-1.6920627199370937,3.0206420881503107,0.007644366053771279,0.37059560616573645,46.0113861168377,45.77170683524454,90.0160179082293,90.93782145745972,6.550716190462992,-1.6959945287568328,3.0266826930014923,0.007644388203962767,0.40855389540623616,46.01138576650513,45.768633810087735,90.01601670486666,91.00312400204005,6.957687883449861,-1.8081284152479808,3.1827541246353674,0.007644388511422964,0.4097781110440819,46.0113857480446,45.76851232686061,90.01601666681127,91.00565831913366,6.97345755656287,-1.8120831442985166,3.18882377990376
8.64,0.8231721268073642,0.0028664101737535946,-0.03829584994222878,10.722561601996892,0.958984375,tilt,0.0076443657481821345,0.36935651007708076,46.011386135692085,45.77181883701116,90.01601794671119,90.9352851437735,6.5348784163313125,-1.692062733358441,3.02064207967101,0.007644366053771279,0.3705957113097365,46.0113861168377,45.77170675024726,90.0160179082293,90.93782149211177,6.550716127649027,-1.6959945166455346,3.0266831131227914,0.007644388203962767,0.40855390172000733,46.01138576650513,45.768633850113716,90.01601670486666,91.00312397397124,6.9576878543777845,-1.8081284024030162,3.182753899459323,0.007644388511422964,0.4097781068543123,46.0113857480446,45.76851237073815,90.01601666681127,91.0056583054181,6.973457605106292,-1.8120831555758221,3.188823571084326
8.66,0.8231721268073642,0.0028664208562837515,-0.03829582739236123,10.722561596465365,0.958984375,tilt,0.0076443657481821345,0.36935659944180366,46.011386135692085,45.7718188408034,90.01601794671119,90.93528514918329,6.5348784410645155,-1.6920627447586414,3.0206420738899675,0.007644366053771279,0.3705958105387579,46.0113861168377,45.771706669503224,90.0160179082293,90.93782152344197,6.550716122235772,-1.6959945073528742,3.0266835087220114,0.007644388203962767,0.4085539080539155,46.01138576650513,45.76863388839881,90.01601670486666,91.00312394815235,6.957687790721376,-1.808128389233915,3.1827536863462957,0.007644388511422964,0.40977810245610086,46.0113857480446,45.76851241238775,90.01601666681127,91.00565829270182,6.9734576375404815,-1.8120831658164083,3.1888233735489213
8.68,0.8231721268073642,0.002866431446786627,-0.03829580597412041,10.72256159138811,0.958984375,tilt,0.0076443657481821345,0.36935668350238715,46.011386135692085,45.77181884408046,90.01601794671119,90.93528515311019,6.534878491448239,-1.6920627574976976,3.020642067060514,0.007644366053771279,0.3705959046671243,46.0113861168377,45.77170659323691,90.0160179082293,90.9378215553295,6.550716061389712,-1.6959944952843162,3.0266838874543067,0.007644388203962767,0.4085539134900642,46.01138576650513,45.768633924727794,90.01601670486666,91.00312392239587,6.957687767822865,-1.8081283784873656,3.182753481356132,0.007644388511422964,0.40977809886436284,46.0113857480446,45.76851245171782,90.01601666681127,91.00565828027109,6.973457681367847,-1.8120831760065972,3.188823186064893
8.700000000000001,0.8231721268073642,0.002866440916523235,-0.03829578567280855,10.722561586445455,0.958984375,tilt,0.0076443657481821345,0.36935676362697273,46.011386135692085,45.771818847089605,90.01601794671119,90.93528515892933,6.534878509385305,-1.6920627662787673,3.020642065614587,0.007644366053771279,0.37059599299964574,46.0113861168377,45.77170652097076,90.0160179082293,90.93782158208163,6.550716064069862,-1.6959944897141366,3.0266842386758865,0.007644388203962767,0.408553919543587,46.01138576650513,45.76863395938464,90.01601670486666,91.0031238997586,6.957687706404741,-1.8081283650868938,3.182753290056989,0.007644388511422964,0.40977809438385193,46.0113857480446,45.768512489026456,90.01601666681127,91.00565826914105,6.973457710290154,-1.8120831845356982,3.188823009708935
8.72,0.8231721268073642,0.00286645044006052,-0.03829576648337487,10.722561581917645,0.958984375,tilt,0.0076443657481821345,0.36935683868976465,46.011386135692085,45.771818849687314,90.01601794671119,90.93528516257926,6.534878555986623,-1.6920627774579775,3.020642061171641,0.007644366053771279,0.37059607707028386,46.0113861168377,45.77170645264504,90.0160179082293,90.93782161051377,6.55071600750714,-1.6959944792445427,3.026684577682709,0.007644388203962767,0.408553924453715,46.01138576650513,45.76863399235637,90.01601670486666,91.00312387657254,6.957687687657932,-1.8081283553783023,3.182753104432001,0.007644388511422964,0.40977809103100427,46.0113857480446,45.76851252429878,90.01601666681127,91.00565825806402,6.973457749700183,-1.8120831935617316,3.188822841728917
8.74,0.8231721268073642,0.0028664591403315255,-0.03829574826072972,10.722561577512202,0.958984375,tilt,0.0076443657481821345,0.36935691006424715,46.011386135692085,45.77181885200833,90.01601794671119,90.93528516735755,6.5348785702091385,-1.6920627860201183,3.020642060449885,0.007644366053771279,0.3705961561245202,46.0113861168377,45.77170638798512,90.0160179082293,90.93782163541873,6.550716011418586,-1.695994473062231,3.0266848940814772,0.007644388203962767,0.4085539296497309,46.01138576650513,45.768634023736354,90.01601670486666,91.00312385563154,6.957687631843429,-1.8081283440687517,3.1827529302452806,0.007644388511422964,0.4097780871813846,46.0113857480446,45.76851255768642,90.01601666681127,91.0056582479498,6.973457775259975,-1.8120832013471393,3.188822683562659
8.76,0.8231721268073642,0.0028664675790537187,-0.038295731075135286,10.722561573468234,0.958984375,tilt,0.0076443657481821345,0.3693569770948414,46.011386135692085,45.77181885408972,90.01601794671119,90.93528517097155,6.534878613656708,-1.6920627956897687,3.020642058238238,0.007644366053771279,0.37059623121230617,46.0113861168377,45.771706326662475,90.0160179082293,90.93782166049019,6.550715958845462,-1.6959944642918403,3.026685197362294,0.007644388203962767,0.4085539341487736,46.01138576650513,45.76863405369663,90.01601670486666,91.00312383497696,6.957687616800769,-1.8081283351626989,3.1827527624887497,0.007644388511422964,0.4097780839882321,46.0113857480446,45.768512589302745,90.01601666681127,91.0056582381238,6.973457810587688,-1.8120832092136558,3.188822533226332
8.78,0.8231721268073642,0.002866475499922118,-0.03829571472967414,10.7225615695374,0.958984375,tilt,0.0076443657481821345,0.3693570406256974,46.011386135692085,45.77181885587957,90.01601794671119,90.93528517490529,6.534878624786139,-1.6920628040642642,3.020642058012668,0.007644366053771279,0.3705963020088571,46.0113861168377,45.77170626871214,90.0160179082293,90.93782168359931,6.550715963958083,-1.6959944576002277,3.026685482676789,0.007644388203962767,0.40855393859601363,46.01138576650513,45.76863408214294,90.01601670486666,91.00312381568634,6.957687565899773,-1.8081283257387442,3.1827526039133747,0.007644388511422964,0.40977808069512817,46.0113857480446,45.76851261916865,90.01601666681127,91.00565822895162,6.973457832977342,-1.8120832162451563,3.1888223914634253
8.8,0.8231721268073642,0.0028664829354097515,-0.038295699322406104,10.722561565927345,0.958984375,tilt,0.0076443657481821345,0.3693571004980096,46.011386135692085,45.771818857544446,90.01601794671119,90.93528517856738,6.53487866519206,-1.6920628123361716,3.0206420577894297,0.007644366053771279,0.3705963690626497,46.0113861168377,45.77170621364291,90.0160179082293,90.93782170556902,6.55071591509376,-1.6959944505152251,3.026685753833136,0.007644388203962767,0.4085539427499093,46.01138576650513,45.76863410935792,90.01601670486666,91.00312379737002,6.957687553992262,-1.8081283174167517,3.182752452512927,0.007644388511422964,0.40977807762461566,46.0113857480446,45.76851264747752,90.01601666681127,91.00565822024603,6.973457864745725,-1.8120832229987955,3.188822257064267
8.82,0.8231721268073642,0.002866490138345405,-0.038295684667659084,10.722561562418996,0.958984375,tilt,0.0076443657481821345,0.3693571570048887,46.011386135692085,45.771818858917534,90.01601794671119,90.93528518173541,6.534878673605121,-1.6920628205662862,3.0206420577475743,0.007644366053771279,0.37059643250325897,46.0113861168377,45.77170616166108,90.0160179082293,90.93782172702736,6.550715921398457,-1.6959944433425496,3.02668601137876,0.007644388203962767,0.4085539465268342,46.01138576650513,45.76863413516145,90.01601670486666,91.00312377958956,6.957687507335131,-1.808128309698908,3.182752308052539,0.007644388511422964,0.4097780748384184,46.0113857480446,45.76851267418564,90.01601666681127,91.00565821193408,6.973457884295857,-1.8120832293272506,3.1888221300438446
8.84,0.8231721268073642,0.002866496693261261,-0.03829567084098748,10.72256155919908,0.958984375,tilt,0.0076443657481821345,0.36935721050796083,46.011386135692085,45.77181886023843,90.01601794671119,90.93528518545187,6.53487871105354,-1.692062827532634,3.0206420592107373,0.007644366053771279,0.37059649236219366,46.0113861168377,45.7717061122171,90.0160179082293,90.93782174618416,6.550715876020088,-1.695994437890147,3.0266862535863472,0.007644388203962767,0.40855395038529846,46.01138576650513,45.768634159867055,90.01601670486666,91.00312376337862,6.957687498039497,-1.8081283017867509,3.1827521715312446,0.007644388511422964,0.4097780718658297,46.0113857480446,45.768512699513956,90.01601666681127,91.00565820423103,6.973457913019654,-1.812083235076034,3.188822009991182
8.86,0.8231721268073642,0.002866503262529256,-0.038295657709411804,10.722561556066672,0.958984375,tilt,0.0076443657481821345,0.3693572607283714,46.011386135692085,45.77181886128713,90.01601794671119,90.93528518789478,6.534878717088499,-1.6920628356574576,3.0206420590470904,0.007644366053771279,0.37059654924718294,46.0113861168377,45.77170606556306,90.0160179082293,90.93782176616298,6.550715883487231,-1.6959944302475105,3.0266864863306706,0.007644388203962767,0.4085539535572749,46.01138576650513,45.76863418328673,90.01601670486666,91.00312374695281,6.95768745508541,-1.808128295618581,3.1827520397862683,0.007644388511422964,0.40977806954590784,46.0113857480446,45.76851272339571,90.01601666681127,91.00565819670955,6.973457930064358,-1.8120832407816472,3.188821896210725
8.88,0.8231721268073642,0.002866509061543129,-0.038295645290579966,10.722561553196986,0.958984375,tilt,0.0076443657481821345,0.3693573085703354,46.011386135692085,45.77181886232096,90.01601794671119,90.93528519165196,6.534878751702385,-1.6920628413960268,3.0206420619162677,0.007644366053771279,0.3705966026572501,46.0113861168377,45.77170602119526,90.0160179082293,90.93782178278846,6.550715841347675,-1.6959944263595996,3.026686702429615,0.007644388203962767,0.40855395716262455,46.01138576650513,45.76863420569778,90.01601670486666,91.00312373262557,6.957687448006176,-1.808128287978751,3.18275191677822,0.007644388511422964,0.4097780666508499,46.0113857480446,45.76851274604347,90.01601666681127,91.00565818990991,6.973457956194957,-1.8120832456531288,3.188821789064822
8.9,0.8231721268073642,0.0028665150746956056,-0.03829563353213102,10.7225615503988,0.958984375,tilt,0.0076443657481821345,0.36935735326030844,46.011386135692085,45.771818863143096,90.01601794671119,90.93528519370389,6.534878828124425,-1.6920628494549277,3.020642061952905,0.007644366053771279,0.37059665361169114,46.0113861168377,45.771705979274785,90.0160179082293,90.93782180095901,6.550715733138809,-1.6959944182447089,3.026686912048021,0.007644388203962767,0.4085539599191345,46.01138576650513,45.76863422698609,90.01601670486666,91.00312371768214,6.957687466207997,-1.8081282832278154,3.1827517969987285,0.007644388511422964,0.4097780646144301,46.0113857480446,45.76851276741026,90.01601666681127,91.00565818318084,6.973457982867907,-1.812083250811943,3.1888216872663633
8.92,0.8231721268073642,0.0028665202246715062,-0.03829562236987797,10.722561547843165,0.958984375,tilt,0.0076443657481821345,0.36935739597666295,46.011386135692085,45.771818863916174,90.01601794671119,90.93528519718974,6.534878787641771,-1.6920628540382197,3.020642065415996,0.007644366053771279,0.3705967013280453,46.0113861168377,45.77170593951465,90.0160179082293,90.93782181580441,6.550715810680767,-1.6959944158413744,3.02668710559012,0.007644388203962767,0.4085539631765263,46.01138576650513,45.768634247280794,90.01601670486666,91.00312370477373,6.9576874031806515,-1.808128275757031,3.182751685752633,0.007644388511422964,0.40977806192586896,46.0113857480446,45.76851278763255,90.01601666681127,91.00565817713479,6.973457994893719,-1.8120832549263395,3.1888215916539844
8.94,0.8231721268073642,0.002866525522739912,-0.03829561184436058,10.722561545331121,0.958984375,tilt,0.0076443657481821345,0.36935743591145465,46.011386135692085,45.771818864589285,90.01601794671119,90.93528519940736,6.534878862918711,-1.6920628608234796,3.0206420665498945,0.007644366053771279,0.3705967468193404,46.0113861168377,45.77170590181722,90.0160179082293,90.9378218315104,6.5507157047831726,-1.6959944093462958,3.0266872926962565,0.007644388203962767,0.40855396579408415,46.01138576650513,45.7686342666495,90.01601670486666,91.00312369162326,6.957687423408415,-1.808128271128539,3.1827515777566315,0.007644388511422964,0.40977805988577887,46.0113857480446,45.76851280675497,90.01601666681127,91.00565817122833,6.973458018658145,-1.8120832593506997,3.188821500810346
8.96,0.8231721268073642,0.0028665303277266244,-0.038295601810846056,10.722561543067473,0.958984375,tilt,0.0076443657481821345,0.36935747387660933,46.011386135692085,45.77181886512941,90.01601794671119,90.93528520209773,6.534878819395304,-1.6920628655770522,3.020642069323176,0.007644366053771279,0.3705967896102591,46.0113861168377,45.771705866216685,90.0160179082293,90.93782184560834,6.550715783574574,-1.695994406231173,3.0266874677727094,0.007644388203962767,0.4085539685105729,46.01138576650513,45.76863428500887,90.01601670486666,91.00312367953252,6.957687363016498,-1.808128264937283,3.1827514762108047,0.007644388511422964,0.409778057643054,46.0113857480446,45.76851282478523,90.01601666681127,91.00565816576886,6.97345802960434,-1.812083263056298,3.1888214154057737
8.98,0.8231721268073642,0.002866534996769029,-0.0382955923787743,10.722561540812862,0.958984375,tilt,0.0076443657481821345,0.3693575095877532,46.011386135692085,45.77181886568267,90.01601794671119,90.93528520447799,6.534878893642921,-1.692062871189972,3.020642071414864,0.007644366053771279,0.370596830202644,46.0113861168377,45.771705832330035,90.0160179082293,90.93782185909963,6.5507156796125985,-1.6959944012670953,3.0266876345838023,0.007644388203962767,0.40855397101361857,46.01138576650513,45.768634302615745,90.01601670486666,91.00312366799733,6.9576873851003285,-1.80812826034292,3.182751378962373,0.007644388511422964,0.40977805558978886,46.0113857480446,45.768512841878334,90.01601666681127,91.00565816059725,6.973458050783379,-1.8120832668226672,3.188821334447506
9.0,0.8231721268073642,0.0028665394820463317,-0.03829558337346393,10.722561538807424,0.958984375,tilt,0.0076443657481821345,0.36935754329228365,46.011386135692085,45.771818866050936,90.01601794671119,90.93528520641443,6.534878847474877,-1.6920628761409249,3.0206420733290553,0.007644366053771279,0.3705968686117046,46.0113861168377,45.771705800436195,90.0160179082293,90.93782187253052,6.550715759594339,-1.6959943974174072,3.0266877932029757,0.007644388203962767,0.40855397323811193,46.01138576650513,45.76863431923972,90.01601670486666,91.00312365664803,6.957687327053767,-1.8081282553775933,3.18275128613299,0.007644388511422964,0.4097780537605963,46.0113857480446,45.76851285795041,90.01601666681127,91.00565815568011,6.973458060726065,-1.8120832701757246,3.1888212582021067
9.02,0.8231721268073642,0.002866543593683727,-0.03829557491259832,10.72256153678418,0.958984375,tilt,0.0076443657481821345,0.3693575752528067,46.011386135692085,45.77181886650819,90.01601794671119,90.93528520895458,6.534878920826501,-1.6920628806737503,3.020642076262958,0.007644366053771279,0.3705969048104785,46.0113861168377,45.77170576999031,90.0160179082293,90.93782188402635,6.550715657229036,-1.6959943938913633,3.0266879416982198,0.007644388203962767,0.40855397564800816,46.01138576650513,45.7686343352307,90.01601670486666,91.00312364657043,6.957687350845626,-1.8081282507519565,3.1827511986886603,0.007644388511422964,0.40977805168628373,46.0113857480446,45.768512873209716,90.01601666681127,91.00565815116231,6.9734580795898085,-1.8120832733521421,3.1888211861546
9.040000000000001,0.8231721268073642,0.002866547777498247,-0.03829556684219395,10.722561535007019,0.958984375,tilt,0.0076443657481821345,0.3693576051327813,46.011386135692085,45.771818866757805,90.01601794671119,90.93528521018362,6.534878872340889,-1.6920628858536901,3.0206420771929365,0.007644366053771279,0.37059693932497356,46.0113861168377,45.77170574139414,90.0160179082293,90.93782189686426,6.550715738342288,-1.695994389288382,3.0266880856771037,0.007644388203962767,0.40855397742329486,46.01138576650513,45.76863435029881,90.01601670486666,91.0031236358972,6.9576872948898325,-1.8081282469580504,3.1827511136992834,0.007644388511422964,0.4097780502420516,46.0113857480446,45.76851288752986,90.01601666681127,91.00565814674609,6.973458088606195,-1.8120832763871657,3.188821118137813
9.06,0.8231721268073642,0.0028665513415693364,-0.0382955591983693,10.72256153319411,0.958984375,tilt,0.0076443657481821345,0.3693576340500644,46.011386135692085,45.77181886706482,90.01601794671119,90.9352852134133,6.534878943280485,-1.6920628884116198,3.0206420823447044,0.007644366053771279,0.3705969713215099,46.0113861168377,45.77170571423254,90.0160179082293,90.93782190573573,6.5507156398205115,-1.695994388791179,3.026688215095996,0.007644388203962767,0.4085539800105557,46.01138576650513,45.76863436472222,90.01601670486666,91.00312362752976,6.9576873187137345,-1.8081282412136697,3.1827510364142997,0.007644388511422964,0.40977804784180294,46.0113857480446,45.76851290112027,90.01601666681127,91.00565814290084,6.9734581057941005,-1.8120832788788392,3.188821054379287
9.08,0.8231721268073642,0.0028665552225618993,-0.038295551985023595,10.722561531545812,0.958984375,tilt,0.0076443657481821345,0.3693576607707729,46.011386135692085,45.77181886721447,90.01601794671119,90.93528521456717,6.534878981021625,-1.6920628933731092,3.0206420835973136,0.007644366053771279,0.37059700212348917,46.0113861168377,45.77170568867779,90.0160179082293,90.93782191701375,6.550715588892413,-1.695994384109046,3.02668834333189,0.007644388203962767,0.40855398166543133,46.01138576650513,45.76863437838659,90.01601670486666,91.00312361799251,6.957687324033231,-1.8081282381656842,3.1827509596548955,0.007644388511422964,0.40977804642558113,46.0113857480446,45.76851291390577,90.01601666681127,91.00565813904245,6.973458119160265,-1.8120832816440509,3.1888209938420733
9.1,0.8231721268073642,0.002866558545615109,-0.03829554512285268,10.72256152999932,0.958984375,tilt,0.0076443657481821345,0.3693576864313006,46.011386135692085,45.77181886734747,90.01601794671119,90.93528521684985,6.534878963508572,-1.692062895940958,3.020642087444986,0.007644366053771279,0.3705970308633398,46.0113861168377,45.77170566450981,90.0160179082293,90.93782192592155,6.550715623146783,-1.6959943832715805,3.0266884607255684,0.007644388203962767,0.4085539837374248,46.01138576650513,45.76863439137657,90.01601670486666,91.00312360989884,6.9576872909979635,-1.8081282332251987,3.1827508888231657,0.007644388511422964,0.40977804449067157,46.0113857480446,45.76851292596933,90.01601666681127,91.00565813557726,6.973458129152756,-1.8120832838676437,3.188820937126552
9.120000000000001,0.8231721268073642,0.002866561901112847,-0.038295538689815854,10.72256152851743,0.958984375,tilt,0.0076443657481821345,0.36935771032780274,46.011386135692085,45.771818867483674,90.01601794671119,90.93528521818094,6.534879000555169,-1.6920629000252845,3.0206420892180397,0.007644366053771279,0.37059705835319146,46.0113861168377,45.77170564155626,90.0160179082293,90.93782193552072,6.550715573891756,-1.6959943796680463,3.0266885747375625,0.007644388203962767,0.40855398534657883,46.01138576650513,45.768634403810545,90.01601670486666,91.00312360160699,6.957687297670712,-1.8081282302508175,3.182750819828134,0.007644388511422964,0.40977804304011667,46.0113857480446,45.76851293736428,90.01601666681127,91.00565813222151,6.973458140769775,-1.812083286220345,3.1888208833618648
9.14,0.8231721268073642,0.002866565016750697,-0.038295532535501844,10.72256152714621,0.958984375,tilt,0.0076443657481821345,0.3693577330446583,46.011386135692085,45.7718188675289,90.01601794671119,90.93528521972166,6.53487898215528,-1.6920629031561725,3.020642091856457,0.007644366053771279,0.37059708421757115,46.0113861168377,45.771705619956265,90.0160179082293,90.93782194431213,6.550715607458673,-1.6959943776817568,3.0266886814910574,0.007644388203962767,0.40855398697580175,46.01138576650513,45.76863441554615,90.01601670486666,91.0031235938871,6.957687267022818,-1.8081282265250618,3.1827507549403444,0.007644388511422964,0.4097780415103121,46.0113857480446,45.76851294805588,90.01601666681127,91.00565812910676,6.973458149609828,-1.8120832881971527,3.188820832995154
9.16,0.8231721268073642,0.0028665678684033314,-0.03829552678347485,10.722561525814859,0.958984375,tilt,0.0076443657481821345,0.3693577544300007,46.011386135692085,45.77181886767784,90.01601794671119,90.93528522131075,6.53487901836102,-1.6920629063946029,3.020642094214099,0.007644366053771279,0.3705971087399187,46.0113861168377,45.771705599303864,90.0160179082293,90.9378219523152,6.55071555986241,-1.6959943752162983,3.0266887826751745,0.007644388203962767,0.40855398856679065,46.01138576650513,45.76863442685409,90.01601670486666,91.0031235867744,6.957687274680897,-1.8081282234860656,3.182750693137643,0.007644388511422964,0.409778040006257,46.0113857480446,45.76851295818255,90.01601666681127,91.00565812618652,6.973458159747754,-1.8120832901182202,3.188820785357316
9.18,0.8231721268073642,0.002866570779445744,-0.03829552127057684,10.722561524598847,0.958984375,tilt,0.0076443657481821345,0.36935777449528867,46.011386135692085,45.77181886768333,90.01601794671119,90.93528522218742,6.534878999162377,-1.6920629100495923,3.0206420956125357,0.007644366053771279,0.370597132057375,46.0113861168377,45.771705579955736,90.0160179082293,90.93782196096393,6.550715592983263,-1.6959943721826658,3.026688880009065,0.007644388203962767,0.40855398979821095,46.01138576650513,45.768634437473324,90.01601670486666,91.00312357941459,6.957687246023047,-1.8081282208628757,3.182750633600823,0.007644388511422964,0.4097780388460616,46.0113857480446,45.768512967649656,90.01601666681127,91.00565812339433,6.973458167594524,-1.8120832918492105,3.1888207406783886
9.200000000000001,0.8231721268073642,0.0028665732027493332,-0.03829551611499042,10.722561523404416,0.958984375,tilt,0.0076443657481821345,0.369357793659665,46.011386135692085,45.771818867849994,90.01601794671119,90.93528522403125,6.534879034374261,-1.6920629124614512,3.0206420985197937,0.007644366053771279,0.3705971539096977,46.0113861168377,45.771705561381,90.0160179082293,90.93782196750881,6.550715547054705,-1.695994370869168,3.0266889695728105,0.007644388203962767,0.4085539913861227,46.01138576650513,45.76863444774211,90.01601670486666,91.00312357336038,6.957687254343667,-1.8081282176517153,3.1827505783694754,0.007644388511422964,0.40977803728031537,46.0113857480446,45.76851297663338,90.01601666681127,91.00565812085884,6.973458176559559,-1.8120832933843818,3.1888206985452583
9.22,0.8231721268073642,0.00286657594421557,-0.03829551118361719,10.722561522325911,0.958984375,tilt,0.0076443657481821345,0.36935781134100204,46.011386135692085,45.77181886784902,90.01601794671119,90.93528522427849,6.5348790144596585,-1.692062916605272,3.020642098612525,0.007644366053771279,0.37059717496737793,46.0113861168377,45.77170554402585,90.0160179082293,90.93782197603558,6.550715579902955,-1.695994366864028,3.026689058579862,0.007644388203962767,0.408553992255102,46.01138576650513,45.76863445736365,90.01601670486666,91.00312356631662,6.957687227374005,-1.8081282160335201,3.1827505236019515,0.007644388511422964,0.4097780364619683,46.0113857480446,45.76851298501341,90.01601666681127,91.00565811837235,6.973458183574923,-1.81208329490214,3.1888206589582024
9.24,0.8231721268073642,0.0028665780221357718,-0.03829550655308002,10.722561521255674,0.958984375,tilt,0.0076443657481821345,0.3693578285480631,46.011386135692085,45.771818868031204,90.01601794671119,90.93528522635128,6.534879048604406,-1.692062918203452,3.0206421020144703,0.007644366053771279,0.3705971944109724,46.0113861168377,45.77170552734285,90.0160179082293,90.93782198126884,6.5507155355883375,-1.6959943666919817,3.0266891375983205,0.007644388203962767,0.4085539938515296,46.01138576650513,45.76863446667212,90.01601670486666,91.00312356119836,6.9576872361459685,-1.8081282125712548,3.1827504743499047,0.007644388511422964,0.4097780348288814,46.0113857480446,45.76851299297263,90.01601666681127,91.00565811618353,6.973458191609955,-1.8120832961199955,3.188820621763566
9.26,0.8231721268073642,0.002866580626427538,-0.03829550214959668,10.72256152029871,0.958984375,tilt,0.0076443657481821345,0.36935784408574207,46.011386135692085,45.77181886805072,90.01601794671119,90.93528522599806,6.534879028090783,-1.6920629228112696,3.0206421007495656,0.007644366053771279,0.3705972134642092,46.0113861168377,45.77170551175204,90.0160179082293,90.93782198970607,6.55071556823136,-1.6959943617688606,3.026689219274542,0.007644388203962767,0.4085539943887886,46.01138576650513,45.76863447540229,90.01601670486666,91.00312355442895,6.9576872106644965,-1.8081282118785,3.1827504238259587,0.007644388511422964,0.4097780343280701,46.0113857480446,45.76851300038702,90.01601666681127,91.00565811398972,6.973458197901127,-1.81208329745728,3.1888205867460497
9.28,0.8231721268073642,0.0028665824265116688,-0.0382954979836139,10.722561519340635,0.958984375,tilt,0.0076443657481821345,0.3693578595710542,46.011386135692085,45.77181886824379,90.01601794671119,90.93528522827549,6.534879061176227,-1.6920629236158515,3.020642104605037,0.007644366053771279,0.3705972307322869,46.0113861168377,45.77170549679512,90.0160179082293,90.93782199376065,6.550715525410891,-1.6959943627108363,3.0266892887106933,0.007644388203962767,0.4085539960039471,46.01138576650513,45.768634483824336,90.01601670486666,91.00312355014086,6.957687219774461,-1.8081282081185388,3.1827503800179735,0.007644388511422964,0.40977803262281715,46.0113857480446,45.768513007428616,90.01601666681127,91.00565811211462,6.973458205173077,-1.8120832984242359,3.188820553982119
9.3,0.8231721268073642,0.0028665846561984755,-0.03829549406342991,10.722561518479283,0.958984375,tilt,0.0076443657481821345,0.3693578734751478,46.011386135692085,45.77181886835323,90.01601794671119,90.93528522826134,6.5348790388631555,-1.6920629272786405,3.020642103767263,0.007644366053771279,0.3705972477345944,46.0113861168377,45.77170548271586,90.0160179082293,90.93782200077163,6.550715561254203,-1.6959943590588444,3.026689361126711,0.007644388203962767,0.4085539966242968,46.01138576650513,45.768634491793094,90.01601670486666,91.00312354434897,6.957687193620279,-1.8081282071082603,3.1827503347536537,0.007644388511422964,0.40977803199254814,46.0113857480446,45.76851301400836,90.01601666681127,91.00565811024819,6.973458211009122,-1.812083299531475,3.1888205230892472
9.32,0.8231721268073642,0.002866586480747917,-0.03829549030612785,10.722561517633826,0.958984375,tilt,0.0076443657481821345,0.36935788714975626,46.011386135692085,45.77181886850648,90.01601794671119,90.93528522981931,6.534879072299809,-1.6920629287220657,3.0206421062385633,0.007644366053771279,0.3705972633136375,46.0113861168377,45.77170546937841,90.0160179082293,90.93782200512729,6.550715516364921,-1.6959943589154591,3.02668942467868,0.007644388203962767,0.4085539978792287,46.01138576650513,45.76863449936463,90.01601670486666,91.00312354006995,6.957687205053538,-1.8081282042120248,3.182750294436709,0.007644388511422964,0.40977803063658447,46.0113857480446,45.768513020200245,90.01601666681127,91.00565810860559,6.973458217406606,-1.8120833003671295,3.1888204942891187
9.34,0.8231721268073642,0.002866588386779952,-0.038295486806873,10.72256151685976,0.958984375,tilt,0.0076443657481821345,0.36935789961665,46.011386135692085,45.77181886869435,90.01601794671119,90.93528523013052,6.534879048094838,-1.692062931499809,3.020642105839244,0.007644366053771279,0.37059727846455187,46.0113861168377,45.77170545667527,90.0160179082293,90.93782201085827,6.550715555198888,-1.69599435648422,3.0266894887045206,0.007644388203962767,0.4085539985837,46.01138576650513,45.7686345066234,90.01601670486666,91.00312353515557,6.957687178230476,-1.8081282028443828,3.182750254001415,0.007644388511422964,0.4097780298792896,46.0113857480446,45.76851302602113,90.01601666681127,91.00565810702723,6.97345822297516,-1.8120833012681345,3.188820467125514
9.36,0.8231721268073642,0.0028665902211364217,-0.03829548343104169,10.72256151611245,0.958984375,tilt,0.0076443657481821345,0.36935791165537296,46.011386135692085,45.77181886883591,90.01601794671119,90.93528523100814,6.534879082200091,-1.6920629335628947,3.020642106893984,0.007644366053771279,0.37059729255265483,46.0113861168377,45.77170544476475,90.0160179082293,90.9378220154884,6.550715508260433,-1.6959943552700487,3.0266895470926203,0.007644388203962767,0.4085539995081156,46.01138576650513,45.76863451344524,90.01601670486666,91.00312353088998,6.957687191859295,-1.808128200799928,3.1827502167741386,0.007644388511422964,0.40977802884855685,46.0113857480446,45.76851303146121,90.01601666681127,91.00565810560568,6.973458228410905,-1.8120833019909799,3.1888204418657473
9.38,0.8231721268073642,0.002866591842912319,-0.03829548029967833,10.722561515417759,0.958984375,tilt,0.0076443657481821345,0.3693579228587577,46.011386135692085,45.77181886909096,90.01601794671119,90.93528523163175,6.534879056047985,-1.6920629355115582,3.020642106945748,0.007644366053771279,0.3705973060318429,46.0113861168377,45.7717054333162,90.0160179082293,90.93782202006436,6.550715549906355,-1.6959943540025522,3.026689603495225,0.007644388203962767,0.40855400029706085,46.01138576650513,45.76863452004337,90.01601670486666,91.00312352676673,6.957687164372637,-1.808128199052947,3.1827501807758507,0.007644388511422964,0.4097780279671186,46.0113857480446,45.76851303659314,90.01601666681127,91.00565810427865,6.973458233865625,-1.8120833027069627,3.1888204180655078
9.4,0.8231721268073642,0.002866593669311059,-0.0382954772778192,10.722561514756114,0.958984375,tilt,0.0076443657481821345,0.3693579334156045,46.011386135692085,45.77181886924613,90.01601794671119,90.93528523187288,6.534879091085728,-1.6920629381866301,3.0206421065738507,0.007644366053771279,0.3705973188079512,46.0113861168377,45.77170542265738,90.0160179082293,90.93782202494587,6.550715500927082,-1.6959943517340093,3.026689657377041,0.007644388203962767,0.40855400091655686,46.01138576650513,45.768634526204764,90.01601670486666,91.00312352252064,6.957687180081489,-1.8081281978466825,3.182750146287827,0.007644388511422964,0.4097780272406321,46.0113857480446,45.7685130413652,90.01601666681127,91.00565810306486,6.973458238272,-1.812083303323015,3.188820395976455
9.42,0.8231721268073642,0.0028665949711913974,-0.03829547442965507,10.722561514134856,0.958984375,tilt,0.0076443657481821345,0.36935794380928316,46.011386135692085,45.77181886948323,90.01601794671119,90.93528523339745,6.534879061169517,-1.692062938263912,3.0206421087148327,0.007644366053771279,0.37059733049917226,46.0113861168377,45.77170541251017,90.0160179082293,90.93782202761267,6.550715547869953,-1.695994353295191,3.026689704299257,0.007644388203962767,0.4085540020649271,46.01138576650513,45.76863453211138,90.01601670486666,91.0031235195293,6.9576871503414,-1.808128194673155,3.182750115599098,0.007644388511422964,0.4097780259229738,46.0113857480446,45.768513045872,90.01601666681127,91.00565810198454,6.973458244290592,-1.8120833038496702,3.1888203752776234
9.44,0.8231721268073642,0.002866596909347135,-0.03829547173560782,10.722561513553293,0.958984375,tilt,0.0076443657481821345,0.36935795301255,46.011386135692085,45.77181886957795,90.01601794671119,90.93528523272427,6.534879097477642,-1.6920629418294038,3.020642106599553,0.007644366053771279,0.37059734213310436,46.0113861168377,45.77170540312289,90.0160179082293,90.93782203311697,6.550715496167459,-1.6959943495070857,3.026689754412004,0.007644388203962767,0.40855400230147404,46.01138576650513,45.76863453762929,90.01601670486666,91.00312351505882,6.957687168563645,-1.80812819454558,3.1827500832435907,0.007644388511422964,0.40977802558192306,46.0113857480446,45.768513050055184,90.01601666681127,91.00565810097821,6.973458247597916,-1.8120833044251994,3.188820356034322
9.46,0.8231721268073642,0.0028665980622337665,-0.038295469184875267,10.722561512999176,0.958984375,tilt,0.0076443657481821345,0.36935796241639646,46.011386135692085,45.771818869791005,90.01601794671119,90.93528523429147,6.534879065907309,-1.6920629414113597,3.0206421089586377,0.007644366053771279,0.37059735247544606,46.0113861168377,45.77170539415294,90.0160179082293,90.93782203512202,6.55071554495172,-1.6959943516703797,3.026689795109921,0.007644388203962767,0.40855400345333803,46.01138576650513,45.76863454293183,90.01601670486666,91.00312351254293,6.957687138710334,-1.808128191259431,3.1827500560653865,0.007644388511422964,0.40977802422826654,46.0113857480446,45.76851305400622,90.01601666681127,91.00565810008875,6.973458253567629,-1.8120833048810223,3.1888203380205926
9.48,0.8231721268073642,0.0028665996770687327,-0.03829546680925924,10.722561512470174,0.958984375,tilt,0.0076443657481821345,0.3693579706674392,46.011386135692085,45.77181886997308,90.01601794671119,90.93528523392895,6.534879102477908,-1.6920629442995079,3.0206421072003495,0.007644366053771279,0.37059736284950207,46.0113861168377,45.7717053856967,90.0160179082293,90.93782203958611,6.550715494036746,-1.6959943487396614,3.0266898391605457,0.007644388203962767,0.40855400377974016,46.01138576650513,45.76863454797147,90.01601670486666,91.00312350879867,6.957687157412349,-1.8081281909555909,3.1827500272608167,0.007644388511422964,0.4097780237709039,46.0113857480446,45.76851305767709,90.01601666681127,91.00565809926174,6.973458255928935,-1.812083305339246,3.1888203212621646
9.5,0.8231721268073642,0.002866600849494596,-0.03829546452049097,10.72256151198413,0.958984375,tilt,0.0076443657481821345,0.36935797888828614,46.011386135692085,45.77181887016731,90.01601794671119,90.93528523479442,6.534879070735886,-1.6920629447584532,3.0206421081127033,0.007644366053771279,0.3705973722668399,46.0113861168377,45.77170537773957,90.0160179082293,90.93782204213764,6.550715541538418,-1.6959943495288947,3.0266898769684136,0.007644388203962767,0.40855400458996133,46.01138576650513,45.768634552721096,90.01601670486666,91.00312350614011,6.95768712906643,-1.8081281886261797,3.1827500020262525,0.007644388511422964,0.4097780227654417,46.0113857480446,45.76851306109229,90.01601666681127,91.00565809851717,6.973458261456167,-1.8120833056657626,3.1888203057409137
9.52,0.8231721268073642,0.002866602136773408,-0.03829546241264556,10.722561511503809,0.958984375,tilt,0.0076443657481821345,0.36935798629803623,46.011386135692085,45.77181887044638,90.01601794671119,90.93528523482182,6.534879107324755,-1.6920629469710478,3.020642106844634,0.007644366053771279,0.37059738150746907,46.0113861168377,45.771705370083055,90.0160179082293,90.93782204557303,6.550715491484624,-1.695994347538976,3.0266899155139693,0.007644388203962767,0.40855400502105543,46.01138576650513,45.768634557320304,90.01601670486666,91.00312350311023,6.957687147980321,-1.8081281880410263,3.182749976592153,0.007644388511422964,0.40977802217881526,46.0113857480446,45.76851306428451,90.01601666681127,91.00565809782765,6.973458263066843,-1.8120833059662236,3.1888202912381813
9.540000000000001,0.8231721268073642,0.002866603304522685,-0.03829546036526473,10.722561511077274,0.958984375,tilt,0.0076443657481821345,0.36935799343809567,46.011386135692085,45.771818870657164,90.01601794671119,90.93528523506664,6.53487907539812,-1.6920629482339127,3.0206421063432574,0.007644366053771279,0.37059739012114434,46.0113861168377,45.77170536298136,90.0160179082293,90.93782204857422,6.550715538031148,-1.6959943470796768,3.0266899508550047,0.007644388203962767,0.4085540055245032,46.01138576650513,45.76863456159173,90.01601670486666,91.00312350034906,6.957687120836732,-1.8081281865842367,3.1827499530847625,0.007644388511422964,0.4097780214900628,46.0113857480446,45.768513067224596,90.01601666681127,91.00565809721482,6.973458268243907,-1.8120833061553223,3.1888202779338237
9.56,0.8231721268073642,0.0028666043217282066,-0.03829545848393783,10.72256151064282,0.958984375,tilt,0.0076443657481821345,0.3693580001171375,46.011386135692085,45.77181887102065,90.01601794671119,90.93528523547319,6.5348791117561085,-1.6920629497644348,3.0206421055900545,0.007644366053771279,0.3705973983299935,46.0113861168377,45.77170535605341,90.0160179082293,90.93782205106177,6.550715488930986,-1.6959943460645721,3.026689984361619,0.007644388203962767,0.4085540060629625,46.01138576650513,45.76863456577471,90.01601670486666,91.00312349795861,6.957687139718782,-1.8081281856369424,3.1827499307568727,0.007644388511422964,0.4097780207727717,46.0113857480446,45.768513069985076,90.01601666681127,91.00565809664076,6.9734582693448175,-1.8120833063211896,3.1888202654471174
9.58,0.8231721268073642,0.002866605499007369,-0.038295456659090135,10.722561510268472,0.958984375,tilt,0.0076443657481821345,0.36935800627508275,46.011386135692085,45.77181887126865,90.01601794671119,90.9352852351305,6.534879079638833,-1.6920629517658512,3.0206421036615416,0.007644366053771279,0.3705974062414391,46.0113861168377,45.771705349691175,90.0160179082293,90.93782205447309,6.550715534767294,-1.6959943444543948,3.0266900176179057,0.007644388203962767,0.40855400628547855,46.01138576650513,45.768634569627864,90.01601670486666,91.00312349509662,6.957687113545915,-1.8081281849778308,3.182749908736154,0.007644388511422964,0.4097780203772659,46.0113857480446,45.76851307251067,90.01601666681127,91.00565809616009,6.973458274273118,-1.8120833063948252,3.188820254114655
9.6,0.8231721268073642,0.0028666063149573777,-0.03829545497128983,10.722561509876677,0.958984375,tilt,0.0076443657481821345,0.36935801232730636,46.011386135692085,45.77181887169826,90.01601794671119,90.93528523588121,6.534879115616985,-1.6920629526075113,3.0206421034175426,0.007644366053771279,0.37059741350444764,46.0113861168377,45.77170534344305,90.0160179082293,90.93782205610844,6.550715486644881,-1.695994344428485,3.026690046493724,0.007644388203962767,0.4085540069316641,46.01138576650513,45.768634573415845,90.01601670486666,91.00312349326326,6.957687132258368,-1.8081281836122773,3.182749889245579,0.007644388511422964,0.4097780195300013,46.0113857480446,45.76851307488787,90.01601666681127,91.00565809569204,6.973458275046236,-1.8120833064721626,3.1888202434258717
9.620000000000001,0.8231721268073642,0.002866607516444835,-0.03829545335186942,10.722561509547722,0.958984375,tilt,0.0076443657481821345,0.36935801759278825,46.011386135692085,45.77181887199963,90.01601794671119,90.93528523497736,6.534879083347785,-1.6920629552962598,3.0206421000520676,0.007644366053771279,0.37059742080293034,46.0113861168377,45.77170533772032,90.0160179082293,90.93782205990914,6.550715531905237,-1.695994341740753,3.0266900780240302,0.007644388203962767,0.4085540068953687,46.01138576650513,45.76863457690342,90.01601670486666,91.00312349029953,6.957687106927291,-1.8081281836902288,3.1827498684944278,0.007644388511422964,0.4097780194073738,46.0113857480446,45.768513077051495,90.01601666681127,91.00565809534731,6.973458279776383,-1.8120833064521717,3.188820233860273
9.64,0.8231721268073642,0.0028666081861379194,-0.03829545183138467,10.722561509195266,0.958984375,tilt,0.0076443657481821345,0.36935802311120686,46.011386135692085,45.77181887247697,90.01601794671119,90.93528523603868,6.534879118888091,-1.6920629554498523,3.0206421003154684,0.007644366053771279,0.37059742719645783,46.0113861168377,45.771705332109725,90.0160179082293,90.93782206078077,6.5507154846942415,-1.6959943426921795,3.0266901026350657,0.007644388203962767,0.4085540076493306,46.01138576650513,45.76863458031794,90.01601670486666,91.00312348895282,6.957687125418406,-1.8081281818758017,3.1827498515978325,0.007644388511422964,0.4097780184310705,46.0113857480446,45.76851307908908,90.01601666681127,91.00565809497799,6.973458280321503,-1.8120833064844168,3.188820224775346
9.66,0.8231721268073642,0.0028666090855076756,-0.038295450398424476,10.722561508790967,0.958984375,tilt,0.0076443657481821345,0.3693580280359496,46.011386135692085,45.771818872904056,90.01601794671119,90.935285236055,6.534879109521487,-1.6920629568313028,3.0206420984845996,0.007644366053771279,0.37059743351821045,46.0113861168377,45.7717053268859,90.0160179082293,90.93782206291637,6.55071550327992,-1.6959943418119114,3.026690128471954,0.007644388203962767,0.4085540079782895,46.01138576650513,45.76863458352093,90.01601670486666,91.00312348695938,6.957687104045732,-1.8081281811086722,3.18274983414224,0.007644388511422964,0.4097780179083653,46.0113857480446,45.768513080961995,90.01601666681127,91.00565809470633,6.973458280724474,-1.8120833064754724,3.1888202165650803
9.68,0.8231721268073642,0.0028666099721371373,-0.03829544898821453,10.722561508593202,0.958984375,tilt,0.0076443657481821345,0.36935803293297514,46.011386135692085,45.77181887322562,90.01601794671119,90.93528523642603,6.534879119802329,-1.692062957262732,3.020642097869758,0.007644366053771279,0.3705974392734758,46.0113861168377,45.7717053221573,90.0160179082293,90.93782206445776,6.550715485370478,-1.6959943423922492,3.0266901509910795,0.007644388203962767,0.40855400847060097,46.01138576650513,45.768634586441934,90.01601670486666,91.00312348527129,6.957687117818862,-1.8081281794676378,3.1827498185057754,0.007644388511422964,0.40977801718708257,46.0113857480446,45.76851308267769,90.01601666681127,91.00565809449384,6.97345828588154,-1.812083306471271,3.1888202091307214
9.700000000000001,0.8231721268073642,0.002866610792427648,-0.03829544772136603,10.722561508220792,0.958984375,tilt,0.0076443657481821345,0.36935803741555784,46.011386135692085,45.77181887365039,90.01601794671119,90.93528523654606,6.534879109483976,-1.6920629581458138,3.0206420962895777,0.007644366053771279,0.37059744485353296,46.0113861168377,45.77170531756802,90.0160179082293,90.93782206607534,6.550715505362083,-1.6959943421105406,3.026690173116159,0.007644388203962767,0.4085540088567034,46.01138576650513,45.768634589311425,90.01601670486666,91.00312348360619,6.957687096076575,-1.8081281784932852,3.182749803132656,0.007644388511422964,0.4097780165903898,46.0113857480446,45.76851308428753,90.01601666681127,91.00565809432727,6.973458286341846,-1.81208330650251,3.1888202022254672
9.72,0.8231721268073642,0.0028666118064690576,-0.03829544647382051,10.722561508059783,0.958984375,tilt,0.0076443657481821345,0.36935804158879837,46.011386135692085,45.77181887394454,90.01601794671119,90.93528523613179,6.534879121135647,-1.6920629595486916,3.020642094066106,0.007644366053771279,0.3705974501959747,46.0113861168377,45.77170531345053,90.0160179082293,90.93782206837342,6.550715484961338,-1.6959943411947869,3.0266901948331757,0.007644388203962767,0.4085540090250874,46.01138576650513,45.768634591904316,90.01601670486666,91.00312348159689,6.957687111821738,-1.8081281777940668,3.1827497881292413,0.007644388511422964,0.4097780162094957,46.0113857480446,45.768513085732465,90.01601666681127,91.00565809425261,6.973458290603249,-1.8120833064368334,3.1888201961893237
9.74,0.8231721268073642,0.0028666124218500095,-0.03829544535445352,10.722561507712467,0.958984375,tilt,0.0076443657481821345,0.36935804567562325,46.011386135692085,45.77181887442797,90.01601794671119,90.93528523657882,6.534879109936325,-1.6920629598567958,3.020642092981335,0.007644366053771279,0.37059745511452735,46.0113861168377,45.77170530932441,90.0160179082293,90.93782206928381,6.550715506421315,-1.6959943416806345,3.026690213523392,0.007644388203962767,0.4085540095186143,46.01138576650513,45.76863459450592,90.01601670486666,91.00312348040539,6.957687089658368,-1.8081281765321664,3.182749774891497,0.007644388511422964,0.4097780154907951,46.0113857480446,45.76851308708454,90.01601666681127,91.005658094142,6.973458291062195,-1.8120833064383286,3.1888201904601843
9.76,0.8231721268073642,0.002866613454619869,-0.03829544425642148,10.722561507581833,0.958984375,tilt,0.0076443657481821345,0.3693580491664816,46.011386135692085,45.7718188747581,90.01601794671119,90.93528523556915,6.53487912302865,-1.6920629621486847,3.020642089310549,0.007644366053771279,0.3705974601222612,46.0113861168377,45.77170530564886,90.0160179082293,90.93782207213827,6.550715483750818,-1.695994339448132,3.026690234681717,0.007644388203962767,0.4085540094117758,46.01138576650513,45.76863459684006,90.01601670486666,91.00312347820974,6.95768710715493,-1.8081281766849748,3.18274976053623,0.007644388511422964,0.4097780154036941,46.0113857480446,45.768513088272904,90.01601666681127,91.00565809417185,6.973458294382366,-1.8120833062412154,3.1888201856916654
9.78,0.8231721268073642,0.0028666138599200723,-0.038295443257658546,10.72256150725831,0.958984375,tilt,0.0076443657481821345,0.36935805291231794,46.011386135692085,45.771818875304575,90.01601794671119,90.93528523639557,6.534879110699146,-1.6920629618634406,3.020642088818165,0.007644366053771279,0.3705974644380813,46.0113861168377,45.77170530191706,90.0160179082293,90.93782207233077,6.55071550683192,-1.6959943407683087,3.0266902501920323,0.007644388203962767,0.40855401002412844,46.01138576650513,45.76863459919415,90.01601670486666,91.00312347748809,6.957687084359827,-1.8081281750669185,3.1827497493422396,0.007644388511422964,0.4097780145522445,46.0113857480446,45.76851308938324,90.01601666681127,91.00565809408786,6.973458295017491,-1.812083306193271,3.188820181008828
9.8,0.8231721268073642,0.002866614891784855,-0.038295442295297556,10.722561507154351,0.958984375,tilt,0.0076443657481821345,0.3693580557695764,46.011386135692085,45.77181887569812,90.01601794671119,90.93528523486052,6.534879125160405,-1.6920629649811865,3.020642083742031,0.007644366053771279,0.37059746916948433,46.0113861168377,45.771705298588444,90.0160179082293,90.93782207566018,6.550715482152474,-1.695994337335454,3.0266902709963905,0.007644388203962767,0.4085540096681307,46.01138576650513,45.768634601311774,90.01601670486666,91.00312347514216,6.957687103342864,-1.8081281759901937,3.1827497355420844,0.007644388511422964,0.4097780147338493,46.0113857480446,45.76851309034194,90.01601666681127,91.00565809421035,6.9734582974859025,-1.812083305850077,3.188820177373264
9.82,0.8231721268073642,0.002866615135237644,-0.038295441396073264,10.722561506853808,0.958984375,tilt,0.0076443657481821345,0.3693580592334318,46.011386135692085,45.771818876292876,90.01601794671119,90.93528523604648,6.534879111471417,-1.6920629640814617,3.020642083856523,0.007644366053771279,0.37059747292528117,46.0113861168377,45.77170529522724,90.0160179082293,90.93782207518505,6.550715507003209,-1.6959943395242136,3.0266902835338616,0.007644388203962767,0.40855401040088407,46.01138576650513,45.768634603427635,90.01601670486666,91.00312347483634,6.957687079726599,-1.8081281739611674,3.1827497262347237,0.007644388511422964,0.40977801374830874,46.0113857480446,45.768513091239164,90.01601666681127,91.00565809414503,6.973458298500868,-1.8120833057820898,3.1888201736025303
9.84,0.8231721268073642,0.0028666156849280946,-0.038295440553355854,10.722561506630937,0.958984375,tilt,0.0076443657481821345,0.3693580621302947,46.011386135692085,45.77181887683299,90.01601794671119,90.93528523593598,6.534879094419584,-1.692062964956966,3.02064208133726,0.007644366053771279,0.3705974768371937,46.0113861168377,45.771705292127486,90.0160179082293,90.9378220763456,6.550715532580671,-1.6959943391820533,3.0266902986247066,0.007644388203962767,0.40855401060597574,46.01138576650513,45.7686346053958,90.01601670486666,91.0031234736926,6.957687061459885,-1.8081281733283474,3.18274971568816,0.007644388511422964,0.40977801332811953,46.0113857480446,45.76851309203051,90.01601666681127,91.00565809420732,6.973458300921877,-1.8120833055765422,3.1888201705303487
9.86,0.8231721268073642,0.0028666163250383263,-0.03829543970593445,10.722561506498195,0.958984375,tilt,0.0076443657481821345,0.3693580650530303,46.011386135692085,45.77181887724746,90.01601794671119,90.93528523599565,6.53487911018182,-1.692062965404386,3.020642079705871,0.007644366053771279,0.3705974803681701,46.0113861168377,45.771705289423664,90.0160179082293,90.9378220772276,6.550715509496225,-1.6959943395346635,3.0266903114963273,0.007644388203962767,0.4085540109017141,46.01138576650513,45.768634607135574,90.01601670486666,91.003123472673,6.957687074161866,-1.8081281722227456,3.1827497063435795,0.007644388511422964,0.4097780127928387,46.0113857480446,45.76851309272782,90.01601666681127,91.00565809430826,6.973458302443055,-1.8120833053821006,3.1888201679294568
9.88,0.8231721268073642,0.00286661681081252,-0.03829543896661433,10.722561506293841,0.958984375,tilt,0.0076443657481821345,0.36935806772228863,46.011386135692085,45.77181887778091,90.01601794671119,90.935285236021,6.534879092109784,-1.6920629658257678,3.0206420775203693,0.007644366053771279,0.3705974837974187,46.0113861168377,45.77170528673292,90.0160179082293,90.93782207796343,6.5507155364429,-1.6959943397390278,3.0266903239937193,0.007644388203962767,0.4085540111742823,46.01138576650513,45.76863460888256,90.01601670486666,91.00312347178323,6.957687055533032,-1.8081281713687656,3.1827496972574307,0.007644388511422964,0.4097780122942992,46.0113857480446,45.76851309336928,90.01601666681127,91.00565809442065,6.973458305149623,-1.8120833052383614,3.188820165580364
9.9,0.8231721268073642,0.002866617591586134,-0.03829543822549703,10.722561506184006,0.958984375,tilt,0.0076443657481821345,0.3693580701213739,46.011386135692085,45.77181887817315,90.01601794671119,90.93528523531894,6.534879109486178,-1.692062967299117,3.0206420743061626,0.007644366053771279,0.3705974871642124,46.0113861168377,45.77170528441397,90.0160179082293,90.93782207965337,6.5507155108246895,-1.695994338586148,3.0266903370915754,0.007644388203962767,0.4085540111592606,46.01138576650513,45.768634610410544,90.01601670486666,91.0031234703991,6.957687069902107,-1.8081281711586004,3.1827496879764663,0.007644388511422964,0.40977801208966774,46.0113857480446,45.76851309390825,90.01601666681127,91.00565809464355,6.973458305754887,-1.8120833049510634,3.1888201638851363
9.92,0.8231721268073642,0.0028666179059267977,-0.03829543757637389,10.722561505993484,0.958984375,tilt,0.0076443657481821345,0.36935807259078646,46.011386135692085,45.77181887875881,90.01601794671119,90.93528523568966,6.53487909041219,-1.6920629671644156,3.0206420726781866,0.007644366053771279,0.3705974901590746,46.0113861168377,45.77170528199177,90.0160179082293,90.93782207977772,6.550715539265468,-1.6959943395274402,3.026690347152583,0.007644388203962767,0.4085540115490672,46.01138576650513,45.76863461198863,90.01601670486666,91.00312346989868,6.9576870507883966,-1.8081281699915859,3.1827496804360536,0.007644388511422964,0.40977801146441417,46.0113857480446,45.76851309439603,90.01601666681127,91.00565809476193,6.9734583086841555,-1.8120833048224476,3.1888201621780854
9.94,0.8231721268073642,0.0028666187317574797,-0.0382954369329799,10.722561505901968,0.958984375,tilt,0.0076443657481821345,0.36935807448970176,46.011386135692085,45.77181887919071,90.01601794671119,90.93528523440672,6.534879109431049,-1.6920629695630838,3.0206420680290447,0.007644366053771279,0.3705974934099899,46.0113861168377,45.77170527991711,90.0160179082293,90.93782208207968,6.550715511325903,-1.695994337063314,3.0266903606139817,0.007644388203962767,0.40855401127144786,46.01138576650513,45.76863461336102,90.01601670486666,91.00312346827766,6.957687066652455,-1.8081281705806043,3.1827496712711065,0.007644388511422964,0.4097780115435161,46.0113857480446,45.76851309477995,90.01601666681127,91.0056580950764,6.97345830837567,-1.812083304391976,3.188820161309114
9.96,0.8231721268073642,0.0028666188758761533,-0.03829543635434177,10.722561505725047,0.958984375,tilt,0.0076443657481821345,0.3693580767962325,46.011386135692085,45.77181887983128,90.01601794671119,90.93528523516703,6.534879089101808,-1.6920629688392115,3.0206420670444434,0.007644366053771279,0.3705974960017298,46.0113861168377,45.77170527771814,90.0160179082293,90.93782208157816,6.550715541432108,-1.6959943388168177,3.026690368390428,0.007644388203962767,0.4085540117902183,46.01138576650513,45.768634614781526,90.01601670486666,91.00312346816456,6.957687046842866,-1.8081281690330229,3.182749665225748,0.007644388511422964,0.40977801077988774,46.0113857480446,45.768513095122294,90.01601666681127,91.00565809518058,6.9734583116836975,-1.812083304269168,3.1888201601659727
9.98,0.8231721268073642,0.0028666197289617407,-0.038295435799780946,10.722561505649455,0.958984375,tilt,0.0076443657481821345,0.3693580782261323,46.011386135692085,45.77181888032938,90.01601794671119,90.93528523337,6.53487910968827,-1.6920629720926852,3.0206420609993625,0.007644366053771279,0.37059749917001034,46.0113861168377,45.771705275814455,90.0160179082293,90.93782208440999,6.550715511401726,-1.6959943351598366,3.0266903823311098,0.007644388203962767,0.4085540112758112,46.01138576650513,45.76863461603034,90.01601670486666,91.00312346634432,6.957687063990513,-1.8081281703418786,3.1827496561290527,0.007644388511422964,0.40977801111724194,46.0113857480446,45.76851309536695,90.01601666681127,91.00565809557796,6.9734583105510906,-1.812083303686339,3.188820160040684
10.0,0.8231721268073642,0.0028666197481379873,-0.03829543527685459,10.722561505486222,0.958984375,tilt,0.0076443657481821345,0.3693580804113282,46.011386135692085,45.77181888100915,90.01601794671119,90.93528523449757,6.534879087890598,-1.6920629707546444,3.020642060671652,0.007644366053771279,0.37059750137834785,46.0113861168377,45.77170527383282,90.0160179082293,90.93782208332492,6.550715543319546,-1.6959943377605065,3.0266903879403175,0.007644388203962767,0.40855401192535956,46.01138576650513,45.76863461729519,90.01601670486666,91.0031234665724,6.9576870433253,-1.808128168364842,3.182749651468697,0.007644388511422964,0.40977801021322896,46.0113857480446,45.768513095583515,90.01601666681127,91.0056580956657,6.973458314392841,-1.8120833035982116,3.1888201593767707
10.02,0.8231721268073642,0.002866620169935011,-0.03829543479215901,10.722561505411825,0.958984375,tilt,0.0076443657481821345,0.36935808203541753,46.011386135692085,45.771818881633955,90.01601794671119,90.93528523413114,6.534879106427964,-1.6920629717710016,3.020642057273787,0.007644366053771279,0.3705975038902747,46.0113861168377,45.77170527203006,90.0160179082293,90.93782208412708,6.550715517570285,-1.6959943371217776,3.0266903969924375,0.007644388203962767,0.40855401197492636,46.01138576650513,45.768634618458236,90.01601670486666,91.00312346584086,6.957687058046404,-1.8081281681247598,3.182749645115196,0.007644388511422964,0.4097780099512801,46.0113857480446,45.768513095734555,90.01601666681127,91.00565809593353,6.973458313806158,-1.8120833032492547,3.1888201593613665
10.040000000000001,0.8231721268073642,0.0028666205961499817,-0.038295434292807025,10.72256150527823,0.958984375,tilt,0.0076443657481821345,0.369358083819029,46.011386135692085,45.77181888213496,90.01601794671119,90.93528523414047,6.53487908470983,-1.6920629717885536,3.020642055207967,0.007644366053771279,0.37059750603618435,46.0113861168377,45.771705270543464,90.0160179082293,90.93782208440604,6.5507155474021905,-1.6959943379122184,3.0266904036079234,0.007644388203962767,0.40855401220514187,46.01138576650513,45.7686346194421,90.01601670486666,91.0031234653441,6.9576870387417635,-1.8081281670331641,3.1827496400057,0.007644388511422964,0.409778009482161,46.0113857480446,45.768513095841975,90.01601666681127,91.00565809620139,6.973458317753281,-1.8120833030253956,3.1888201595290377
10.06,0.8231721268073642,0.002866620979650195,-0.03829543387226559,10.72256150521444,0.958984375,tilt,0.0076443657481821345,0.3693580853495525,46.011386135692085,45.77181888274408,90.01601794671119,90.93528523392057,6.5348791031274125,-1.6920629723731797,3.020642052200845,0.007644366053771279,0.37059750821601684,46.0113861168377,45.77170526901423,90.0160179082293,90.93782208485581,6.550715522168319,-1.695994337794212,3.026690410774635,0.007644388203962767,0.40855401233071814,46.01138576650513,45.76863462045575,90.01601670486666,91.00312346480767,6.957687053292657,-1.8081281665583844,3.182749634689869,0.007644388511422964,0.4097780091366578,46.0113857480446,45.76851309591534,90.01601666681127,91.00565809649218,6.973458317002012,-1.8120833027632615,3.188820159882644
10.08,0.8231721268073642,0.002866621553479006,-0.038295433444707434,10.722561505095149,0.958984375,tilt,0.0076443657481821345,0.3693580867336837,46.011386135692085,45.77181888322538,90.01601794671119,90.93528523318781,6.534879082272883,-1.6920629734360517,3.0206420485823227,0.007644366053771279,0.3705975103436027,46.0113861168377,45.77170526776951,90.0160179082293,90.9378220859647,6.550715550266708,-1.6959943371000485,3.026690418243522,0.007644388203962767,0.4085540122640982,46.01138576650513,45.76863462130556,90.01601670486666,91.00312346392624,6.95768703528267,-1.808128166316425,3.182749629282694,0.007644388511422964,0.4097780089853319,46.0113857480446,45.768513095933955,90.01601666681127,91.00565809687971,6.973458320527617,-1.8120833024234153,3.188820160668265
10.1,0.8231721268073642,0.002866621787580682,-0.0382954330789942,10.722561505038506,0.958984375,tilt,0.0076443657481821345,0.3693580881837413,46.011386135692085,45.771818883878346,90.01601794671119,90.93528523332147,6.534879100598411,-1.6920629734850332,3.0206420461816874,0.007644366053771279,0.370597512223731,46.0113861168377,45.7717052663904,90.0160179082293,90.93782208587125,6.550715525612607,-1.6959943376849904,3.0266904236036787,0.007644388203962767,0.40855401251364776,46.01138576650513,45.768634622214776,90.01601670486666,91.00312346372074,6.957687049627629,-1.8081281655232053,3.1827496251209397,0.007644388511422964,0.4097780085091654,46.0113857480446,45.768513095917015,90.01601666681127,91.00565809714583,6.973458319588932,-1.812083302202238,3.1888201613382297
10.120000000000001,0.8231721268073642,0.0028666224114556687,-0.03829543271740885,10.722561504930134,0.958984375,tilt,0.0076443657481821345,0.36935808917826785,46.011386135692085,45.771818884402485,90.01601794671119,90.93528523202595,6.534879080587003,-1.6920629754931007,3.0206420411525716,0.007644366053771279,0.3705975143661174,46.0113861168377,45.771705265263684,90.0160179082293,90.93782208761306,6.550715552228696,-1.6959943356951306,3.026690431993273,0.007644388203962767,0.40855401219654275,46.01138576650513,45.76863462297857,90.01601670486666,91.0031234625815,6.95768703269996,-1.8081281660415929,3.1827496194998526,0.007644388511422964,0.40977800862995245,46.0113857480446,45.76851309584076,90.01601666681127,91.00565809761778,6.97345832268402,-1.8120833017002402,3.188820162689648
10.14,0.8231721268073642,0.0028666224955318804,-0.0382954323915509,10.722561504881158,0.958984375,tilt,0.0076443657481821345,0.3693580905719848,46.011386135692085,45.771818885101915,90.01601794671119,90.93528523255421,6.534879098591744,-1.6920629749709766,3.0206420394379707,0.007644366053771279,0.3705975159634164,46.0113861168377,45.771705264003295,90.0160179082293,90.93782208695607,6.550715528304354,-1.6959943370556119,3.0266904356293365,0.007644388203962767,0.40855401258083396,46.01138576650513,45.7686346237893,90.01601670486666,91.00312346270834,6.957687046666827,-1.8081281648698286,3.182749616470665,0.007644388511422964,0.4097780080121634,46.0113857480446,45.76851309573617,90.01601666681127,91.00565809784064,6.97345832171833,-1.8120833015132856,3.188820163624401
10.16,0.8231721268073642,0.002866623151080998,-0.038295432089803384,10.722561504782096,0.958984375,tilt,0.0076443657481821345,0.36935809130687347,46.011386135692085,45.77181888571872,90.01601794671119,90.93528523113922,6.534879169350326,-1.692062977850583,3.020642033773724,0.007644366053771279,0.3705975180343257,46.0113861168377,45.77170526290989,90.0160179082293,90.93782208875255,6.550715437347902,-1.695994333888829,3.0266904440062192,0.007644388203962767,0.4085540121888468,46.01138576650513,45.76863462450652,90.01601670486666,91.00312346160125,6.957687085947608,-1.8081281660716868,3.1827496111122566,0.007644388511422964,0.4097780082207118,46.0113857480446,45.76851309557927,90.01601666681127,91.00565809833415,6.973458310755503,-1.8120833008437587,3.188820165349382
10.18,0.8231721268073642,0.0028666231296321657,-0.03829543179297981,10.72256150474136,0.958984375,tilt,0.0076443657481821345,0.36935809256380386,46.011386135692085,45.77181888642484,90.01601794671119,90.93528523166113,6.534879096789535,-1.6920629767279323,3.0206420320215424,0.007644366053771279,0.3705975194612615,46.0113861168377,45.77170526179909,90.0160179082293,90.93782208806365,6.550715530634493,-1.695994336060512,3.026690446966934,0.007644388203962767,0.4085540125579663,46.01138576650513,45.768634625200896,90.01601670486666,91.00312346176857,6.95768704403678,-1.8081281644743534,3.1827496086467013,0.007644388511422964,0.40977800761956545,46.0113857480446,45.76851309539597,90.01601666681127,91.005658098569,6.973458323646944,-1.812083300719882,3.188820166630663
10.200000000000001,0.8231721268073642,0.0028666233856356046,-0.03829543152920824,10.722561504640273,0.958984375,tilt,0.0076443657481821345,0.36935809359002447,46.011386135692085,45.77181888714857,90.01601794671119,90.9352852316919,6.534879166348481,-1.692062977364281,3.0206420291158667,0.007644366053771279,0.370597520969063,46.0113861168377,45.771705260735175,90.0160179082293,90.93782208792366,6.550715442788381,-1.695994335855551,3.026690450950081,0.007644388203962767,0.40855401273422415,46.01138576650513,45.768634625870085,90.01601670486666,91.00312346166685,6.957687081204858,-1.808128164151511,3.182749605693397,0.007644388511422964,0.409778007228289,46.0113857480446,45.76851309518903,90.01601666681127,91.00565809887364,6.973458313029733,-1.8120833003620642,3.1888201681570805
10.22,0.8231721268073642,0.0028666237697050024,-0.03829543124099054,10.722561504621444,0.958984375,tilt,0.0076443657481821345,0.3693580945238967,46.011386135692085,45.771818887677135,90.01601794671119,90.93528523109359,6.534879093081741,-1.6920629776167317,3.0206420256142508,0.007644366053771279,0.37059752243655825,46.0113861168377,45.7717052600135,90.0160179082293,90.93782208859767,6.55071553508522,-1.6959943362273473,3.026690455343317,0.007644388203962767,0.408554012692607,46.01138576650513,45.768634626350035,90.01601670486666,91.00312346111252,6.957687040267467,-1.8081281634185278,3.1827496025146065,0.007644388511422964,0.409778007054164,46.0113857480446,45.768513094953896,90.01601666681127,91.00565809930987,6.973458326314745,-1.812083300074624,3.1888201700836505
10.24,0.8231721268073642,0.002866623999709475,-0.038295431016902734,10.722561504526372,0.958984375,tilt,0.0076443657481821345,0.3693580955400561,46.011386135692085,45.771818888376544,90.01601794671119,90.93528523129216,6.534879163634574,-1.6920629778238716,3.020642023179587,0.007644366053771279,0.37059752369955123,46.0113861168377,45.77170525913992,90.0160179082293,90.93782208813961,6.55071544657859,-1.695994336532506,3.026690457853448,0.007644388203962767,0.4085540129546032,46.01138576650513,45.76863462691625,90.01601670486666,91.00312346117335,6.957687077629667,-1.808128162849594,3.1827496003378197,0.007644388511422964,0.4097780065713867,46.0113857480446,45.76851309471275,90.01601666681127,91.00565809961327,6.973458315224461,-1.8120832998216283,3.188820171748957
10.26,0.8231721268073642,0.002866624532318271,-0.03829543077897599,10.722561504516577,0.958984375,tilt,0.0076443657481821345,0.36935809614407045,46.011386135692085,45.77181888888714,90.01601794671119,90.93528522995466,6.5348790902352665,-1.6920629791526283,3.0206420181227434,0.007644366053771279,0.3705975252417239,46.0113861168377,45.771705258568865,90.0160179082293,90.93782208965867,6.550715538258625,-1.6959943354336315,3.0266904635027068,0.007644388203962767,0.4085540126210982,46.01138576650513,45.76863462731407,90.01601670486666,91.00312346022453,6.957687037558769,-1.808128162937038,3.182749596628065,0.007644388511422964,0.40977800670988457,46.0113857480446,45.76851309443054,90.01601666681127,91.00565810017657,6.973458328445817,-1.8120832993869032,3.1888201741402113
10.28,0.8231721268073642,0.002866624626394645,-0.03829543058750627,10.72256150442472,0.958984375,tilt,0.0076443657481821345,0.3693580971549512,46.011386135692085,45.7718188896223,90.01601794671119,90.93528523052407,6.534879161833143,-1.6920629788260804,3.0206420163637615,0.007644366053771279,0.37059752628242737,46.0113861168377,45.771705257774556,90.0160179082293,90.93782208869222,6.550715449137397,-1.6959943364272707,3.026690464569992,0.007644388203962767,0.40855401301539707,46.01138576650513,45.76863462781684,90.01601670486666,91.00312346057957,6.957687075079841,-1.8081281620471283,3.1827495953570817,0.007644388511422964,0.40977800608969545,46.0113857480446,45.768513094137425,90.01601666681127,91.00565810042801,6.973458316843935,-1.8120832992002054,3.188820175905521
10.3,0.8231721268073642,0.0028666252115137824,-0.03829543039572492,10.7225615044214,0.958984375,tilt,0.0076443657481821345,0.36935809743102815,46.011386135692085,45.77181889017812,90.01601794671119,90.93528522862418,6.534879088210939,-1.6920629811256922,3.0206420098858877,0.007644366053771279,0.37059752792307726,46.0113861168377,45.77170525724187,90.0160179082293,90.9378220908632,6.550715540475395,-1.6959943340386467,3.0266904715040566,0.007644388203962767,0.4085540124347832,46.01138576650513,45.768634628174816,90.01601670486666,91.00312345936007,6.957687035661036,-1.8081281628677046,3.182749591216949,0.007644388511422964,0.4097780064963982,46.0113857480446,45.768513093796415,90.01601666681127,91.00565810108048,6.973458330012967,-1.812083298575639,3.1888201787264867
10.32,0.8231721268073642,0.0028666251692860334,-0.038295430225243565,10.72256150433367,0.958984375,tilt,0.0076443657481821345,0.3693580984533918,46.011386135692085,45.77181889095161,90.01601794671119,90.93528522960273,6.534879160661757,-1.6920629802247844,3.020642008876612,0.007644366053771279,0.3705975287493236,46.0113861168377,45.77170525650421,90.0160179082293,90.93782208936382,6.5507154508657095,-1.6959943357926153,3.02669047116616,0.007644388203962767,0.4085540129716989,46.01138576650513,45.768634628616624,90.01601670486666,91.0031234600135,6.957687073169917,-1.8081281615982547,3.1827495908504644,0.007644388511422964,0.40977800572811446,46.0113857480446,45.76851309345099,90.01601666681127,91.00565810126365,6.973458318042231,-1.812083298451457,3.1888201805574945
10.34,0.8231721268073642,0.0028666254031311355,-0.03829543007165407,10.722561504283394,0.958984375,tilt,0.0076443657481821345,0.3693580990538373,46.011386135692085,45.77181889165981,90.01601794671119,90.93528522928163,6.534879192000035,-1.6920629809509744,3.0206420052660277,0.007644366053771279,0.3705975298860853,46.0113861168377,45.771705255886786,90.0160179082293,90.93782208947164,6.5507154120299305,-1.695994335418234,3.0266904738895373,0.007644388203962767,0.4085540129964572,46.01138576650513,45.76863462899304,90.01601670486666,91.0031234598643,6.95768708962303,-1.808128161435791,3.182749588987704,0.007644388511422964,0.4097780055024966,46.0113857480446,45.76851309307963,90.01601666681127,91.00565810165644,6.973458312788131,-1.812083298066827,3.1888201829438634
10.36,0.8231721268073642,0.0028666256601847513,-0.03829542988929632,10.722561504255989,0.958984375,tilt,0.0076443657481821345,0.369358099786713,46.011386135692085,45.771818892220786,90.01601794671119,90.935285229079,6.534879157784604,-1.6920629807954841,3.020642002513979,0.007644366053771279,0.3705975308094415,46.0113861168377,45.771705255524175,90.0160179082293,90.93782208945099,6.550715454521894,-1.6959943362582461,3.026690475296551,0.007644388203962767,0.40855401309454126,46.01138576650513,45.76863462922529,90.01601670486666,91.00312345974383,6.957687070208994,-1.8081281605443027,3.182749587773287,0.007644388511422964,0.4097780051880471,46.0113857480446,45.76851309269845,90.01601666681127,91.00565810206128,6.97345831989107,-1.8120832978362305,3.188820185399066
10.38,0.8231721268073642,0.0028666258456541346,-0.038295429766849756,10.722561504208908,0.958984375,tilt,0.0076443657481821345,0.369358100406274,46.011386135692085,45.77181889290993,90.01601794671119,90.93528522894928,6.534879189282359,-1.6920629811050212,3.0206419994043276,0.007644366053771279,0.370597531755854,46.0113861168377,45.771705255038135,90.0160179082293,90.93782208923724,6.550715415838812,-1.6959943363711907,3.0266904767777545,0.007644388203962767,0.40855401320807966,46.01138576650513,45.768634629532556,90.01601670486666,91.00312345975713,6.957687086648199,-1.8081281601583268,3.1827495865492663,0.007644388511422964,0.4097780048695593,46.0113857480446,45.768513092312254,90.01601666681127,91.00565810243252,6.9734583145208395,-1.8120832975535919,3.1888201878005615
10.4,0.8231721268073642,0.0028666262744033062,-0.0382954296186623,10.722561504189143,0.958984375,tilt,0.0076443657481821345,0.3693581008406239,46.011386135692085,45.77181889343179,90.01601794671119,90.93528522796257,6.5348791559219475,-1.6920629821137283,3.020641995082812,0.007644366053771279,0.3705975328028678,46.0113861168377,45.77170525480791,90.0160179082293,90.9378220901347,6.5507154567220445,-1.69599433566954,3.0266904796754646,0.007644388203962767,0.4085540129974904,46.01138576650513,45.76863462969509,90.01601670486666,91.0031234592017,6.957687068352988,-1.8081281600988048,3.182749584664246,0.007644388511422964,0.4097780048836602,46.0113857480446,45.76851309190318,90.01601666681127,91.00565810297483,6.973458321183386,-1.8120832971345,3.188820190664882
10.42,0.8231721268073642,0.0028666263050182586,-0.0382954295216691,10.722561504142703,0.958984375,tilt,0.0076443657481821345,0.36935810148189546,46.011386135692085,45.77181889416758,90.01601794671119,90.93528522823644,6.534879187560406,-1.6920629818746278,3.0206419926765427,0.007644366053771279,0.37059753357461966,46.0113861168377,45.77170525434334,90.0160179082293,90.93782208939574,6.550715418329607,-1.695994336473685,3.026690479910832,0.007644388203962767,0.4085540132508216,46.01138576650513,45.76863462997198,90.01601670486666,91.00312345951265,6.957687084648535,-1.8081281593986496,3.182749584218658,0.007644388511422964,0.4097780044217806,46.0113857480446,45.768513091483065,90.01601666681127,91.00565810327203,6.9734583156752254,-1.812083296929591,3.188820193044256
10.44,0.8231721268073642,0.0028666268117225283,-0.03829542940579167,10.72256150412816,0.958984375,tilt,0.0076443657481821345,0.369358101617856,46.011386135692085,45.771818894718585,90.01601794671119,90.93528522665017,6.534879154960525,-1.6920629839160366,3.0206419869164005,0.007644366053771279,0.3705975347624019,46.0113861168377,45.77170525413419,90.0160179082293,90.93782209100405,6.5507154578880895,-1.6959943344339798,3.026690484293187,0.007644388203962767,0.4085540127808416,46.01138576650513,45.76863463010702,90.01601670486666,91.00312345864963,6.957687067270648,-1.8081281600740746,3.1827495817718656,0.007644388511422964,0.40977800471553977,46.0113857480446,45.768513091033654,90.01601666681127,91.00565810391207,6.973458321935487,-1.8120832962957647,3.1888201962818883
10.46,0.8231721268073642,0.002866626694088572,-0.03829542932285066,10.722561504083435,0.958984375,tilt,0.0076443657481821345,0.3693581022960705,46.011386135692085,45.771818895503834,90.01601794671119,90.93528522736565,6.534879186492351,-1.6920629830752403,3.020641985285594,0.007644366053771279,0.3705975353609565,46.0113861168377,45.77170525367283,90.0160179082293,90.93782208971588,6.550715419968373,-1.6959943360168457,3.0266904833037565,0.007644388203962767,0.40855401318549117,46.01138576650513,45.76863463035294,90.01601670486666,91.00312345926103,6.95768708322009,-1.8081281589914753,3.1827495821130922,0.007644388511422964,0.40977800409824056,46.0113857480446,45.768513090577805,90.01601666681127,91.0056581041224,6.973458316454052,-1.8120832961716489,3.1888201986184637
10.48,0.8231721268073642,0.002866626988359266,-0.03829542923897359,10.72256150406648,0.958984375,tilt,0.0076443657481821345,0.36935810246331957,46.011386135692085,45.77181889616134,90.01601794671119,90.93528522631472,6.5348791525390455,-1.692062984399688,3.0206419802764897,0.007644366053771279,0.37059753638772347,46.0113861168377,45.771705253388895,90.0160179082293,90.9378220906151,6.550715461624641,-1.6959943348623523,3.0266904864246214,0.007644388203962767,0.4085540129036533,46.01138576650513,45.76863463050354,90.01601670486666,91.00312345878412,6.957687064725534,-1.8081281592697422,3.1827495804523096,0.007644388511422964,0.4097780042018904,46.0113857480446,45.768513090101685,90.01601666681127,91.00565810465734,6.9734583231711795,-1.8120832956512873,3.188820201737136
10.5,0.8231721268073642,0.00286662703090885,-0.03829542913402807,10.722561504033576,0.958984375,tilt,0.0076443657481821345,0.36935810319923706,46.011386135692085,45.77181889678872,90.01601794671119,90.93528522694348,6.534879183655987,-1.6920629834005843,3.0206419790949903,0.007644366053771279,0.37059753680896423,46.0113861168377,45.771705253203855,90.0160179082293,90.9378220894403,6.550715423606928,-1.6959943367009926,3.0266904845656084,0.007644388203962767,0.4085540133023815,46.01138576650513,45.768634630591,90.01601670486666,91.00312345929923,6.957687080646153,-1.8081281579522859,3.1827495812256634,0.007644388511422964,0.40977800358270033,46.0113857480446,45.76851308963871,90.01601666681127,91.0056581049092,6.973458317985486,-1.8120832955796327,3.188820204194837
10.52,0.8231721268073642,0.002866627281624468,-0.03829542907562254,10.72256150401771,0.958984375,tilt,0.0076443657481821345,0.36935810340788455,46.011386135692085,45.771818897429874,90.01601794671119,90.93528522608666,6.534879148500297,-1.692062984295032,3.0206419745812396,0.007644366053771279,0.3705975376793581,46.0113861168377,45.77170525301281,90.0160179082293,90.93782209002595,6.550715466838528,-1.69599433603922,3.0266904866178557,0.007644388203962767,0.40855401311218004,46.01138576650513,45.7686346306959,90.01601670486666,91.00312345897315,6.957687061397959,-1.8081281580030333,3.1827495800821337,0.007644388511422964,0.4097780035917121,46.0113857480446,45.76851308916542,90.01601666681127,91.00565810541838,6.973458325109502,-1.812083295178367,3.188820207247367
10.540000000000001,0.8231721268073642,0.0028666275391477677,-0.038295428991151785,10.722561503992194,0.958984375,tilt,0.0076443657481821345,0.3693581038740479,46.011386135692085,45.771818897993015,90.01601794671119,90.93528522587967,6.534879181843076,-1.6920629845163133,3.0206419718175614,0.007644366053771279,0.37059753824988584,46.0113861168377,45.77170525296128,90.0160179082293,90.93782208984328,6.550715425774519,-1.695994336300459,3.026690486408412,0.007644388203962767,0.40855401318961015,46.01138576650513,45.76863463071571,90.01601670486666,91.0031234590078,6.9576870790759155,-1.8081281575025727,3.182749580076166,0.007644388511422964,0.4097780033124152,46.0113857480446,45.76851308869114,90.01601666681127,91.005658105828,6.973458318998613,-1.8120832948978551,3.1888202100912313
10.56,0.8231721268073642,0.0028666276285311335,-0.0382954289544111,10.722561503974894,0.958984375,tilt,0.0076443657481821345,0.36935810412359554,46.011386135692085,45.771818898690654,90.01601794671119,90.93528522544356,6.534879145433129,-1.6920629848380524,3.0206419680044725,0.007644366053771279,0.3705975389766416,46.0113861168377,45.77170525275006,90.0160179082293,90.93782208989421,6.550715470727717,-1.6959943363425607,3.0266904873623712,0.007644388203962767,0.4085540131462945,46.01138576650513,45.76863463081571,90.01601670486666,91.00312345897741,6.957687059033836,-1.808128157239238,3.182749579603156,0.007644388511422964,0.40977800317198493,46.0113857480446,45.76851308819794,90.01601666681127,91.00565810625264,6.973458326524792,-1.8120832945933072,3.1888202130416765
10.58,0.8231721268073642,0.002866627994499323,-0.038295428891162234,10.722561503954111,0.958984375,tilt,0.0076443657481821345,0.3693581043168522,46.011386135692085,45.77181889926499,90.01601794671119,90.93528522460086,6.534879180993677,-1.6920629861383978,3.0206419637943958,0.007644366053771279,0.3705975397110761,46.0113861168377,45.77170525271685,90.0160179082293,90.9378220904766,6.55071542684679,-1.6959943352358904,3.026690488768274,0.007644388203962767,0.4085540129560318,46.01138576650513,45.76863463081291,90.01601670486666,91.0031234586707,6.957687078269369,-1.8081281574653767,3.182749578940797,0.007644388511422964,0.40977800317945423,46.0113857480446,45.768513087696796,90.01601666681127,91.00565810677288,6.973458319475746,-1.8120832940821536,3.188820216232069
10.6,0.8231721268073642,0.0028666279232874028,-0.0382954288649448,10.722561503936626,0.958984375,tilt,0.0076443657481821345,0.36935810461933277,46.011386135692085,45.771818900023966,90.01601794671119,90.93528522463014,6.534879143035742,-1.6920629858358411,3.0206419607608783,0.007644366053771279,0.370597540293443,46.0113861168377,45.77170525246726,90.0160179082293,90.93782208996386,6.550715473734379,-1.6959943360699732,3.026690488634048,0.007644388203962767,0.4085540130715957,46.01138576650513,45.76863463090631,90.01601670486666,91.0031234589441,6.95768705724772,-1.8081281568207672,3.1827495791625635,0.007644388511422964,0.4097780028770018,46.0113857480446,45.76851308717843,90.01601666681127,91.0056581070978,6.973458327585179,-1.8120832938736016,3.188820219068633
10.620000000000001,0.8231721268073642,0.0028666283746739017,-0.038295428822158854,10.722561503919572,0.958984375,tilt,0.0076443657481821345,0.3693581045475522,46.011386135692085,45.77181890064141,90.01601794671119,90.93528522322731,6.534879180712227,-1.6920629881211937,3.0206419551417616,0.007644366053771279,0.37059754119447663,46.0113861168377,45.77170525240326,90.0160179082293,90.93782209121125,6.550715427276784,-1.695994333725477,3.0266904916335937,0.007644388203962767,0.4085540126418116,46.01138576650513,45.76863463090045,90.01601670486666,91.00312345834442,6.957687077824384,-1.8081281576991306,3.182749577870847,0.007644388511422964,0.4097780031429009,46.0113857480446,45.768513086650934,90.01601666681127,91.00565810771548,6.973458319681525,-1.812083293140969,3.188820222575189
10.64,0.8231721268073642,0.0028666281518393236,-0.03829542877506907,10.722561503904814,0.958984375,tilt,0.0076443657481821345,0.3693581052422685,46.011386135692085,45.771818901317786,90.01601794671119,90.93528522432025,6.53487913885531,-1.6920629859120893,3.0206419547897934,0.007644366053771279,0.3705975413161397,46.0113861168377,45.77170525231691,90.0160179082293,90.9378220894104,6.550715478774647,-1.695994336978094,3.0266904879941436,0.007644388203962767,0.4085540131972449,46.01138576650513,45.76863463089272,90.01601670486666,91.00312345920729,6.9576870542529425,-1.808128155753371,3.182749579796862,0.007644388511422964,0.40977800237334305,46.0113857480446,45.768513086143884,90.01601666681127,91.0056581078536,6.9734583294420895,-1.81208329334525,3.188820224964445
10.66,0.8231721268073642,0.0028666285569359426,-0.038295428755088644,10.722561503887489,0.958984375,tilt,0.0076443657481821345,0.3693581052283517,46.011386135692085,45.77181890192358,90.01601794671119,90.9352852231254,6.534879176848796,-1.692062987764243,3.020641949677244,0.007644366053771279,0.3705975420820582,46.0113861168377,45.77170525231586,90.0160179082293,90.9378220903358,6.550715432366457,-1.6959943351200386,3.026690490027822,0.007644388203962767,0.40855401286587306,46.01138576650513,45.768634630860234,90.01601670486666,91.00312345875719,6.957687074828892,-1.8081281564109943,3.182749578941907,0.007644388511422964,0.40977800253863256,46.0113857480446,45.76851308563062,90.01601666681127,91.00565810843698,6.973458321413396,-1.8120832927399737,3.1888202283397726
10.68,0.8231721268073642,0.0028666285869072623,-0.03829542871672608,10.72256150388024,0.958984375,tilt,0.0076443657481821345,0.3693581056715352,46.011386135692085,45.77181890250868,90.01601794671119,90.93528522331984,6.534879135657855,-1.6920629868331163,3.0206419477136484,0.007644366053771279,0.37059754237168013,46.0113861168377,45.77170525237468,90.0160179082293,90.93782208960921,6.550715482321733,-1.695994336759151,3.026690488171724,0.007644388203962767,0.4085540130824469,46.01138576650513,45.768634630781264,90.01601670486666,91.0031234590948,6.957687052275564,-1.8081281552690502,3.1827495800046126,0.007644388511422964,0.40977800212500204,46.0113857480446,45.76851308512341,90.01601666681127,91.00565810875841,6.973458330834611,-1.8120832927096473,3.188820231126044
10.700000000000001,0.8231721268073642,0.002866628817525963,-0.03829542871737786,10.722561503859962,0.958984375,tilt,0.0076443657481821345,0.3693581057123574,46.011386135692085,45.77181890318313,90.01601794671119,90.93528522257529,6.534879174008192,-1.6920629880967617,3.0206419433173592,0.007644366053771279,0.3705975430138028,46.0113861168377,45.771705252319094,90.0160179082293,90.93782208997241,6.550715436072856,-1.6959943356080962,3.026690489185746,0.007644388203962767,0.40855401290889465,46.01138576650513,45.76863463076541,90.01601670486666,91.00312345894812,6.957687072762568,-1.8081281556225661,3.1827495797491503,0.007644388511422964,0.40977800213077065,46.0113857480446,45.7685130845988,90.01601666681127,91.00565810924144,6.973458322607003,-1.8120832922130583,3.1888202343296754
10.72,0.8231721268073642,0.0028666289826746625,-0.03829542869094864,10.7225615038574,0.958984375,tilt,0.0076443657481821345,0.36935810589820944,46.011386135692085,45.77181890375965,90.01601794671119,90.93528522208639,6.534879133440017,-1.6920629882887992,3.02064193988219,0.007644366053771279,0.37059754348477425,46.0113861168377,45.77170525240332,90.0160179082293,90.93782209007314,6.550715484754752,-1.6959943358519254,3.0266904890536015,0.007644388203962767,0.4085540128443867,46.01138576650513,45.7686346306634,90.01601670486666,91.00312345890981,6.957687051069762,-1.8081281552001505,3.182749580081301,0.007644388511422964,0.40977800201591985,46.0113857480446,45.76851308407369,90.01601666681127,91.00565810969174,6.973458331689077,-1.812083291933237,3.1888202374661665
10.74,0.8231721268073642,0.0028666290362402117,-0.0382954287009825,10.722561503835484,0.958984375,tilt,0.0076443657481821345,0.3693581060034331,46.011386135692085,45.771818904509345,90.01601794671119,90.93528522184302,6.53487917189086,-1.6920629889113672,3.0206419362875936,0.007644366053771279,0.3705975440011127,46.0113861168377,45.7717052522747,90.0160179082293,90.9378220898416,6.550715438838582,-1.6959943354990097,3.02669048905127,0.007644388203962767,0.40855401284096327,46.01138576650513,45.76863463066164,90.01601670486666,91.00312345907889,6.957687071272003,-1.8081281551809332,3.1827495804626627,0.007644388511422964,0.40977800184918994,46.0113857480446,45.768513083529704,90.01601666681127,91.00565811005745,6.973458323426948,-1.8120832915431186,3.1888202404936896
10.76,0.8231721268073642,0.00286662930808304,-0.038295428687408414,10.722561503836488,0.958984375,tilt,0.0076443657481821345,0.3693581059377889,46.011386135692085,45.7718189051124,90.01601794671119,90.93528522075361,6.534879131802962,-1.69206299012465,3.0206419314210695,0.007644366053771279,0.370597544654629,46.0113861168377,45.771705252333604,90.0160179082293,90.93782209065994,6.550715486531654,-1.6959943344808173,3.0266904906066094,0.007644388203962767,0.4085540125255211,46.01138576650513,45.768634630557095,90.01601670486666,91.00312345871879,6.957687050232467,-1.8081281554063189,3.1827495800995087,0.007644388511422964,0.40977800200292436,46.0113857480446,45.768513082986004,90.01601666681127,91.00565811062035,6.973458332275407,-1.8120832910270348,3.188820243947843
10.78,0.8231721268073642,0.0028666291684021953,-0.03829542867787823,10.722561503815308,0.958984375,tilt,0.0076443657481821345,0.3693581064470691,46.011386135692085,45.77181890580988,90.01601794671119,90.9352852216736,6.534879167963761,-1.6920629887535004,3.020641930604917,0.007644366053771279,0.3705975447242593,46.0113861168377,45.771705252307555,90.0160179082293,90.9378220890482,6.550715443670947,-1.695994336613684,3.026690487141659,0.007644388203962767,0.4085540129913814,46.01138576650513,45.768634630484534,90.01601670486666,91.00312345952007,6.957687068555937,-1.8081281540793595,3.1827495821555587,0.007644388511422964,0.40977800134209413,46.0113857480446,45.76851308245615,90.01601666681127,91.0056581107581,6.973458325086686,-1.8120832910879756,3.1888202464263324
10.8,0.8231721268073642,0.0028666295870244532,-0.038295428681285236,10.722561503755287,0.958984375,tilt,0.0076443657481821345,0.3693581063055366,46.011386135692085,45.77181890637179,90.01601794671119,90.9352852202841,6.534879155076199,-1.6920629906451574,3.0206419252433725,0.007644366053771279,0.3705975453970861,46.0113861168377,45.771705252443404,90.0160179082293,90.93782209016722,6.550715460766645,-1.695994334720858,3.026690489049133,0.007644388203962767,0.4085540125793442,46.01138576650513,45.7686346303504,90.01601670486666,91.0031234590045,6.95768705447438,-1.8081281547496566,3.1827495815715814,0.007644388511422964,0.4097780015994095,46.0113857480446,45.7685130819311,90.01601666681127,91.0056581113898,6.973458327859322,-1.8120832904626947,3.188820249954288
10.82,0.8231721268073642,0.002866629543558972,-0.03829542867486824,10.722561503801739,0.958984375,tilt,0.0076443657481821345,0.3693581067209329,46.011386135692085,45.771818906982666,90.01601794671119,90.9352852207596,6.534879165026866,-1.6920629894969266,3.0206419237980286,0.007644366053771279,0.3705975455068266,46.0113861168377,45.771705252545836,90.0160179082293,90.93782208908,6.550715446991265,-1.695994336560234,3.026690486221506,0.007644388203962767,0.40855401288830023,46.01138576650513,45.76863463021652,90.01601670486666,91.00312345954268,6.957687066786191,-1.80812815355565,3.1827495832991994,0.007644388511422964,0.40977800110249685,46.0113857480446,45.768513081412664,90.01601666681127,91.00565811162836,6.973458326277673,-1.812083290507447,3.1888202526050566
10.84,0.8231721268073642,0.0028666297699294933,-0.03829542869985216,10.722561503737522,0.958984375,tilt,0.0076443657481821345,0.369358106644294,46.011386135692085,45.77181890762638,90.01601794671119,90.93528521985375,6.534879151425357,-1.69206299076001,3.020641919172701,0.007644366053771279,0.3705975460682785,46.0113861168377,45.77170525259857,90.0160179082293,90.93782208960135,6.550715465360008,-1.6959943353999571,3.026690487146766,0.007644388203962767,0.4085540126466939,46.01138576650513,45.768634630117454,90.01601670486666,91.00312345934316,6.957687052057699,-1.8081281539235328,3.182749583267308,0.007644388511422964,0.40977800118843205,46.0113857480446,45.76851308088197,90.01601666681127,91.00565811214256,6.973458329316488,-1.8120832900137969,3.188820255900282
10.86,0.8231721268073642,0.0028666298941339777,-0.03829542869710748,10.722561503788908,0.958984375,tilt,0.0076443657481821345,0.36935810681228143,46.011386135692085,45.771818908206626,90.01601794671119,90.93528521959028,6.534879163126405,-1.692062990802587,3.0206419162220612,0.007644366053771279,0.37059754637192893,46.0113861168377,45.77170525274112,90.0160179082293,90.93782208941055,6.550715449142089,-1.695994335794808,3.0266904861359354,0.007644388203962767,0.40855401265806196,46.01138576650513,45.76863462995543,90.01601670486666,91.00312345947005,6.957687065796322,-1.8081281534480382,3.182749584207195,0.007644388511422964,0.4097780010053725,46.0113857480446,45.76851308035225,90.01601666681127,91.00565811253264,6.97345832691711,-1.8120832897803967,3.1888202589240855
10.88,0.8231721268073642,0.002866629785510509,-0.038295428716517116,10.72256150372102,0.958984375,tilt,0.0076443657481821345,0.36935810713054906,46.011386135692085,45.77181890888628,90.01601794671119,90.93528522006662,6.534879146323715,-1.6920629899167503,3.0206419145009935,0.007644366053771279,0.37059754650803156,46.0113861168377,45.771705252772925,90.0160179082293,90.93782208830679,6.550715471723513,-1.6959943372605417,3.026690483558636,0.007644388203962767,0.4085540129440679,46.01138576650513,45.76863462984751,90.01601670486666,91.0031234600469,6.957687048689433,-1.8081281525120854,3.1827495859152455,0.007644388511422964,0.4097780005420348,46.0113857480446,45.76851307982377,90.01601666681127,91.00565811274201,6.973458331357046,-1.8120832897648849,3.188820261550207
10.9,0.8231721268073642,0.0028666302287235134,-0.038295428714820785,10.722561503780021,0.958984375,tilt,0.0076443657481821345,0.3693581070493468,46.011386135692085,45.77181890932542,90.01601794671119,90.93528521873752,6.53487915989082,-1.6920629914366145,3.0206419097714985,0.007644366053771279,0.3705975470125797,46.0113861168377,45.77170525309803,90.0160179082293,90.93782208935771,6.55071545272435,-1.6959943358551797,3.0266904845489275,0.007644388203962767,0.40855401256619944,46.01138576650513,45.76863462960598,90.01601670486666,91.00312345956424,6.9576870640492485,-1.8081281528962538,3.182749585840222,0.007644388511422964,0.4097780007636464,46.0113857480446,45.76851307931273,90.01601666681127,91.0056581133765,6.973458328092339,-1.812083289222253,3.188820265028119
10.92,0.8231721268073642,0.002866630074452338,-0.03829542874082229,10.722561503712281,0.958984375,tilt,0.0076443657481821345,0.36935810744030695,46.011386135692085,45.7718189099696,90.01601794671119,90.93528521941492,6.534879142271542,-1.6920629901813686,3.02064190863835,0.007644366053771279,0.37059754703953945,46.0113861168377,45.77170525319087,90.0160179082293,90.93782208800349,6.550715476279081,-1.6959943377405535,3.026690481171296,0.007644388203962767,0.4085540129355911,46.01138576650513,45.76863462947104,90.01601670486666,91.0031234602571,6.957687046462036,-1.8081281517684547,3.1827495879127863,0.007644388511422964,0.4097780002147966,46.0113857480446,45.76851307879726,90.01601666681127,91.00565811353677,6.973458332884656,-1.8120832893092735,3.1888202674949797
10.94,0.8231721268073642,0.0028666306098600095,-0.03829542875952756,10.722561503772335,0.958984375,tilt,0.0076443657481821345,0.3693581070953396,46.011386135692085,45.77181891042637,90.01601794671119,90.93528521740834,6.534879157986944,-1.6920629928794881,3.0206419023436624,0.007644366053771279,0.3705975477629158,46.0113861168377,45.77170525349353,90.0160179082293,90.9378220898355,6.550715454752266,-1.6959943348866975,3.0266904839770516,0.007644388203962767,0.40855401227833055,46.01138576650513,45.76863462924381,90.01601670486666,91.00312345943765,6.957687063351618,-1.80812815291842,3.1827495870416778,0.007644388511422964,0.4097780007332239,46.0113857480446,45.768513078278495,90.01601666681127,91.00565811430775,6.973458328547403,-1.8120832884725262,3.188820271298659
10.96,0.8231721268073642,0.0028666303298065287,-0.03829542878726762,10.72256150370386,0.958984375,tilt,0.0076443657481821345,0.36935810755936793,46.011386135692085,45.77181891109305,90.01601794671119,90.93528521846737,6.53487913936101,-1.6920629911129774,3.0206419019620236,0.007644366053771279,0.370597547684215,46.0113861168377,45.77170525356496,90.0160179082293,90.93782208805287,6.5507154795162625,-1.6959943373871453,3.0266904797406067,0.007644388203962767,0.40855401277627457,46.01138576650513,45.76863462910779,90.01601670486666,91.00312346035034,6.957687045110845,-1.8081281515080934,3.1827495896016025,0.007644388511422964,0.4097780000537263,46.0113857480446,45.76851307775607,90.01601666681127,91.00565811436606,6.973458333791263,-1.812083288660775,3.188820273571702
10.98,0.8231721268073642,0.002866630602845349,-0.03829542882624784,10.722561503679621,0.958984375,tilt,0.0076443657481821345,0.3693581072769221,46.011386135692085,45.77181891168394,90.01601794671119,90.93528521707994,6.534879120294336,-1.6920629930796058,3.0206418964906776,0.007644366053771279,0.37059754831337904,46.0113861168377,45.771705253705726,90.0160179082293,90.93782208914394,6.55071550253774,-1.6959943353895244,3.0266904815671456,0.007644388203962767,0.4085540123229136,46.01138576650513,45.76863462894675,90.01601670486666,91.00312345992211,6.9576870323946425,-1.8081281523110762,3.1827495893215207,0.007644388511422964,0.40977800036814027,46.0113857480446,45.76851307722073,90.01601666681127,91.00565811496965,6.973458337993059,-1.8120832879607098,3.1888202770777028
11.0,0.8231721268073642,0.0028666305135230394,-0.03829542884648343,10.722561503696047,0.958984375,tilt,0.0076443657481821345,0.3693581075017494,46.011386135692085,45.77181891231499,90.01601794671119,90.93528521739806,6.534879137115716,-1.6920629925005273,3.020641894619591,0.007644366053771279,0.37059754843557535,46.0113861168377,45.77170525381091,90.0160179082293,90.9378220882683,6.550715481991298,-1.6959943364913133,3.0266904791966533,0.007644388203962767,0.4085540125211114,46.01138576650513,45.76863462877892,90.01601670486666,91.00312346041369,6.957687044159354,-1.8081281515599408,3.182749591087025,0.007644388511422964,0.40977800000319115,46.0113857480446,45.768513076687114,90.01601666681127,91.00565811518683,6.973458334406021,-1.8120832878524804,3.1888202797394625
11.02,0.8231721268073642,0.0028666304113110935,-0.03829542888313562,10.722561503666908,0.958984375,tilt,0.0076443657481821345,0.36935810762416804,46.011386135692085,45.77181891298947,90.01601794671119,90.93528521752268,6.534879114608788,-1.692062992144222,3.0206418921457923,0.007644366053771279,0.3705975486419698,46.0113861168377,45.77170525386265,90.0160179082293,90.93782208759421,6.550715509529429,-1.695994337281577,3.02669047748777,0.007644388203962767,0.4085540126386992,46.01138576650513,45.76863462863863,90.01601670486666,91.00312346081643,6.957687029002474,-1.8081281510028864,3.1827495925459415,0.007644388511422964,0.40977799972714607,46.0113857480446,45.76851307615423,90.01601666681127,91.005658115436,6.973458340226759,-1.812083287704519,3.1888202824668364
11.040000000000001,0.8231721268073642,0.002866630719483788,-0.03829542889289541,10.72256150369216,0.958984375,tilt,0.0076443657481821345,0.3693581076166539,46.011386135692085,45.7718189134449,90.01601794671119,90.93528521669613,6.534879133124289,-1.6920629930682676,3.0206418884610176,0.007644366053771279,0.3705975489621282,46.0113861168377,45.7717052541823,90.0160179082293,90.93782208805177,6.550715486348029,-1.69599433659251,3.026690477191174,0.007644388203962767,0.40855401243129313,46.01138576650513,45.76863462837313,90.01601670486666,91.00312346064102,6.9576870420573895,-1.8081281510518403,3.182749593244022,0.007644388511422964,0.40977799978147256,46.0113857480446,45.768513075651086,90.01601666681127,91.00565811593918,6.97345833590125,-1.8120832872847228,3.188820285626448
11.06,0.8231721268073642,0.002866630602542229,-0.03829542893402564,10.722561503662938,0.958984375,tilt,0.0076443657481821345,0.36935810782549233,46.011386135692085,45.77181891408426,90.01601794671119,90.93528521701904,6.534879109583159,-1.6920629922865735,3.020641886567171,0.007644366053771279,0.37059754905789893,46.0113861168377,45.77170525428755,90.0160179082293,90.93782208712884,6.550715515079983,-1.6959943378618767,3.0266904747162373,0.007644388203962767,0.40855401264075836,46.01138576650513,45.768634628209625,90.01601670486666,91.00312346114468,6.957687026363848,-1.8081281502592972,3.1827495950183247,0.007644388511422964,0.40977799941162163,46.0113857480446,45.768513075140824,90.01601666681127,91.00565811614696,6.973458342200017,-1.8120832872790225,3.1888202881724395
11.08,0.8231721268073642,0.0028666310636260225,-0.03829542895850613,10.722561503689677,0.958984375,tilt,0.0076443657481821345,0.369358107571647,46.011386135692085,45.77181891453223,90.01601794671119,90.93528521545015,6.534879130245162,-1.69206299440159,3.020641881275182,0.007644366053771279,0.37059754959197483,46.0113861168377,45.77170525461161,90.0160179082293,90.9378220884351,6.5507154893578665,-1.6959943357275389,3.0266904762754896,0.007644388203962767,0.4085540121452427,46.01138576650513,45.768634627947584,90.01601670486666,91.00312346058688,6.957687040821214,-1.8081281510388612,3.1827495948635876,0.007644388511422964,0.40977799977007817,46.0113857480446,45.76851307464193,90.01601666681127,91.00565811681945,6.97345833686099,-1.8120832865774552,3.1888202916815214
11.1,0.8231721268073642,0.002866630833012172,-0.038295429000967524,10.722561503659218,0.958984375,tilt,0.0076443657481821345,0.36935810786498,46.011386135692085,45.771818915200235,90.01601794671119,90.93528521616554,6.534879105576454,-1.6920629930600035,3.0206418801316803,0.007644366053771279,0.3705975495816478,46.0113861168377,45.771705254682864,90.0160179082293,90.93782208707323,6.550715519430877,-1.6959943376573978,3.0266904729698565,0.007644388203962767,0.4085540124940591,46.01138576650513,45.76863462779053,90.01601670486666,91.00312346130706,6.957687024491235,-1.8081281499384878,3.1827495970871977,0.007644388511422964,0.4097779992590195,46.0113857480446,45.76851307413019,90.01601666681127,91.00565811692584,6.973458343642126,-1.8120832867052488,3.1888202940129617
11.120000000000001,0.8231721268073642,0.002866631089432739,-0.03829542903911384,10.722561503682021,0.958984375,tilt,0.0076443657481821345,0.3693581076837979,46.011386135692085,45.7718189157505,90.01601794671119,90.93528521513407,6.534879126157289,-1.692062994500941,3.0206418756112963,0.007644366053771279,0.37059755002190103,46.0113861168377,45.771705254881,90.0160179082293,90.93782208774988,6.550715494318845,-1.6959943363026655,3.026690473649979,0.007644388203962767,0.40855401218177995,46.01138576650513,45.76863462757915,90.01601670486666,91.00312346107071,6.9576870385574585,-1.8081281503912472,3.1827495974327547,0.007644388511422964,0.40977799943393967,46.0113857480446,45.7685130736219,90.01601666681127,91.00565811745248,6.973458338273133,-1.812083286151043,3.188820297242323
11.14,0.8231721268073642,0.0028666310108414273,-0.03829542905806402,10.722561503657534,0.958984375,tilt,0.0076443657481821345,0.3693581080700359,46.011386135692085,45.77181891624989,90.01601794671119,90.93528521575031,6.534879100134748,-1.692062993035301,3.0206418749324504,0.007644366053771279,0.3705975499005754,46.0113861168377,45.7717052551586,90.0160179082293,90.93782208652952,6.550715525353144,-1.695994338411961,3.0266904698202923,0.007644388203962767,0.40855401252314566,46.01138576650513,45.76863462732066,90.01601670486666,91.00312346168361,6.957687021761443,-1.8081281491178423,3.1827495998319746,0.007644388511422964,0.40977799892589034,46.0113857480446,45.76851307314117,90.01601666681127,91.00565811760397,6.973458345723672,-1.8120832863434897,3.1888202995472845
11.16,0.8231721268073642,0.0028666312093022952,-0.03829542910549152,10.722561503679147,0.958984375,tilt,0.0076443657481821345,0.3693581079628166,46.011386135692085,45.77181891678335,90.01601794671119,90.93528521493792,6.534879120768295,-1.692062994091515,3.0206418709637637,0.007644366053771279,0.37059755024842556,46.0113861168377,45.77170525538203,90.0160179082293,90.937822086928,6.550715500469047,-1.695994337481424,3.0266904697838495,0.007644388203962767,0.40855401230283905,46.01138576650513,45.76863462710407,90.01601670486666,91.00312346157351,6.957687035690186,-1.8081281493876888,3.182749600475543,0.007644388511422964,0.40977799900775325,46.0113857480446,45.76851307265153,90.01601666681127,91.00565811807523,6.973458340246061,-1.8120832859029914,3.188820302580664
11.18,0.8231721268073642,0.00286663132567473,-0.038295429131387324,10.72256150365768,0.958984375,tilt,0.0076443657481821345,0.3693581081047508,46.011386135692085,45.77181891722523,90.01601794671119,90.93528521470367,6.534879095970905,-1.6920629939456386,3.020641868641899,0.007644366053771279,0.37059755034541997,46.0113861168377,45.77170525572066,90.0160179082293,90.93782208668972,6.550715529680751,-1.6959943380123848,3.026690467874765,0.007644388203962767,0.4085540123189342,46.01138576650513,45.76863462682526,90.01601670486666,91.00312346173735,6.957687020063918,-1.8081281488906558,3.1827496019724846,0.007644388511422964,0.40977799883976407,46.0113857480446,45.768513072179175,90.01601666681127,91.00565811842398,6.97345834710443,-1.8120832857707465,3.1888203052791164
11.200000000000001,0.8231721268073642,0.0028666313525266703,-0.03829542918534312,10.722561503676769,0.958984375,tilt,0.0076443657481821345,0.36935810806773056,46.011386135692085,45.771818917820866,90.01601794671119,90.93528521434071,6.534879116571347,-1.6920629944474526,3.0206418654136202,0.007644366053771279,0.37059755060652705,46.0113861168377,45.771705255865626,90.0160179082293,90.93782208658016,6.550715505182676,-1.6959943377284867,3.0266904670350203,0.007644388203962767,0.4085540122476079,46.01138576650513,45.76863462663886,90.01601670486666,91.00312346188866,6.9576870337662005,-1.808128148888862,3.1827496030678306,0.007644388511422964,0.40977799877171417,46.0113857480446,45.768513071681355,90.01601666681127,91.00565811876749,6.97345834157152,-1.8120832854436781,3.188820308066914
11.22,0.8231721268073642,0.0028666315675600043,-0.03829542921873866,10.722561503656843,0.958984375,tilt,0.0076443657481821345,0.3693581079605415,46.011386135692085,45.7718189182848,90.01601794671119,90.93528521345824,6.534879092852396,-1.6920629954518749,3.020641861572887,0.007644366053771279,0.3705975509284242,46.0113861168377,45.77170525616205,90.0160179082293,90.93782208709996,6.550715532876692,-1.695994336901825,3.026690466970683,0.007644388203962767,0.408554011993222,46.01138576650513,45.76863462637685,90.01601670486666,91.0031234617279,6.957687019072223,-1.808128149074377,3.1827496037851457,0.007644388511422964,0.40977799888915445,46.0113857480446,45.76851307119729,90.01601666681127,91.00565811925507,6.973458347923282,-1.8120832849928097,3.1888203111127
11.24,0.8231721268073642,0.002866631436642969,-0.03829542927180096,10.722561503674537,0.958984375,tilt,0.0076443657481821345,0.3693581080049888,46.011386135692085,45.77181891894644,90.01601794671119,90.93528521358196,6.5348791131196124,-1.6920629953237794,3.0206418591514628,0.007644366053771279,0.37059755109347464,46.0113861168377,45.77170525622003,90.0160179082293,90.93782208645351,6.550715509008674,-1.6959943373662973,3.0266904652987425,0.007644388203962767,0.4085540120840866,46.01138576650513,45.76863462621564,90.01601670486666,91.00312346214425,6.957687032325716,-1.8081281487284835,3.182749605360052,0.007644388511422964,0.4097779986574141,46.0113857480446,45.76851307068817,90.01601666681127,91.00565811946197,6.973458342553231,-1.8120832847999535,3.188820313648727
11.26,0.8231721268073642,0.0028666317395871325,-0.038295429312589654,10.72256150365569,0.958984375,tilt,0.0076443657481821345,0.3693581077689305,46.011386135692085,45.77181891948824,90.01601794671119,90.93528521253688,6.5348791880973485,-1.6920629973630787,3.020641854636991,0.007644366053771279,0.3705975515245813,46.0113861168377,45.77170525640969,90.0160179082293,90.93782208716134,6.550715422872918,-1.6959943353244653,3.026690466082754,0.007644388203962767,0.40855401174460376,46.01138576650513,45.76863462599404,90.01601670486666,91.00312346191781,6.957687067431922,-1.808128149516447,3.1827496057698355,0.007644388511422964,0.40977799886954314,46.0113857480446,45.76851307019177,90.01601666681127,91.00565811997072,6.973458323849487,-1.8120832840626266,3.188820316789104
11.28,0.8231721268073642,0.0028666314746885395,-0.03829542934281153,10.722561503674472,0.958984375,tilt,0.0076443657481821345,0.36935810812504,46.011386135692085,45.771818920030356,90.01601794671119,90.93528521334544,6.534879107815118,-1.6920629952479929,3.0206418542107203,0.007644366053771279,0.3705975513716037,46.0113861168377,45.77170525661398,90.0160179082293,90.93782208575233,6.5507155148637715,-1.6959943381386031,3.0266904621346624,0.007644388203962767,0.40855401212823084,46.01138576650513,45.7686346257533,90.01601670486666,91.0031234626361,6.957687029627774,-1.8081281479649276,3.1827496083289275,0.007644388511422964,0.4097779983308744,46.0113857480446,45.768513069718445,90.01601666681127,91.00565812003214,6.973458344493983,-1.8120832844268873,3.188820318865443
11.3,0.8231721268073642,0.0028666317443064525,-0.038295429392389946,10.722561503654202,0.958984375,tilt,0.0076443657481821345,0.3693581079760471,46.011386135692085,45.7718189205583,90.01601794671119,90.93528521253134,6.534879183810127,-1.6920629968413397,3.020641850261879,0.007644366053771279,0.37059755170336683,46.0113861168377,45.77170525682285,90.0160179082293,90.93782208616477,6.550715428008178,-1.6959943365834445,3.0266904621888413,0.007644388203962767,0.40855401189383483,46.01138576650513,45.768634625529074,90.01601670486666,91.00312346252993,6.957687064815535,-1.8081281485290979,3.182749609012714,0.007644388511422964,0.4097779984369654,46.0113857480446,45.76851306924796,90.01601666681127,91.00565812048681,6.973458325466252,-1.812083283843028,3.1888203217834974
11.32,0.8231721268073642,0.0028666317436846656,-0.03829542942309119,10.722561503677031,0.958984375,tilt,0.0076443657481821345,0.369358108100433,46.011386135692085,45.77181892101029,90.01601794671119,90.93528521240401,6.534879103540535,-1.6920629960689575,3.020641848136163,0.007644366053771279,0.37059755176286313,46.0113861168377,45.771705257124616,90.0160179082293,90.93782208582847,6.550715519348609,-1.695994337816996,3.0266904602137545,0.007644388203962767,0.4085540119354788,46.01138576650513,45.768634625250975,90.01601670486666,91.00312346274468,6.957687027768258,-1.8081281477143294,3.1827496106186794,0.007644388511422964,0.40977799825355343,46.0113857480446,45.76851306879425,90.01601666681127,91.00565812078848,6.97345834596609,-1.8120832838890883,3.1888203243022053
11.34,0.8231721268073642,0.0028666318520409934,-0.03829542948050374,10.722561503653578,0.958984375,tilt,0.0076443657481821345,0.36935810803387353,46.011386135692085,45.77181892160904,90.01601794671119,90.9352852120637,6.534879180615963,-1.6920629970476226,3.0206418449459926,0.007644366053771279,0.37059755200118577,46.0113861168377,45.771705257244385,90.0160179082293,90.93782208570425,6.550715431794865,-1.6959943369624537,3.0266904594448416,0.007644388203962767,0.40855401186630946,46.01138576650513,45.768634625063285,90.01601670486666,91.00312346290323,6.957687063043223,-1.808128147980672,3.1827496117351473,0.007644388511422964,0.4097779981936916,46.0113857480446,45.76851306832002,90.01601666681127,91.00565812111095,6.973458326557004,-1.8120832834562401,3.1888203269473947
11.36,0.8231721268073642,0.002866631996807086,-0.03829542951447466,10.722561503678575,0.958984375,tilt,0.0076443657481821345,0.36935810791887436,46.011386135692085,45.771818922058316,90.01601794671119,90.93528521122123,6.5348791002599365,-1.6920629974517507,3.0206418412538625,0.007644366053771279,0.37059755228187313,46.0113861168377,45.771705257532425,90.0160179082293,90.93782208619758,6.5507155227464695,-1.695994336824224,3.026690459357079,0.007644388203962767,0.40855401162412447,46.01138576650513,45.768634624790344,90.01601670486666,91.00312346275393,6.957687026582968,-1.808128147827947,3.18274961252199,0.007644388511422964,0.4097779983076808,46.0113857480446,45.768513067861925,90.01601666681127,91.00565812158455,6.97345834692608,-1.812083283183278,3.1888203298566786
11.38,0.8231721268073642,0.0028666318403552968,-0.03829542955836027,10.72256150365319,0.958984375,tilt,0.0076443657481821345,0.36935810826713394,46.011386135692085,45.771818922646744,90.01601794671119,90.93528521219123,6.534879175911211,-1.6920629963072704,3.020641840996735,0.007644366053771279,0.3705975521040586,46.0113861168377,45.77170525766599,90.0160179082293,90.93782208460524,6.5507154372934275,-1.695994338449157,3.0266904552916083,0.007644388203962767,0.4085540120600304,46.01138576650513,45.76863462458293,90.01601670486666,91.00312346356506,6.957687060307685,-1.8081281468855306,3.182749615149527,0.007644388511422964,0.4097779977254993,46.0113857480446,45.76851306740404,90.01601666681127,91.00565812157856,6.97345832832453,-1.812083283321976,3.1888203317221864
11.4,0.8231721268073642,0.002866632264959117,-0.038295429595533725,10.722561503682199,0.958984375,tilt,0.0076443657481821345,0.3693581079085041,46.011386135692085,45.77181892298849,90.01601794671119,90.93528521032636,6.534879095659494,-1.6920629981699575,3.020641835484561,0.007644366053771279,0.37059755261165966,46.0113861168377,45.771705258070355,90.0160179082293,90.93782208624356,6.550715527533344,-1.6959943366059889,3.0266904572598117,0.007644388203962767,0.40855401144879944,46.01138576650513,45.768634624270334,90.01601670486666,91.00312346288051,6.957687024655066,-1.8081281475275726,3.18274961492318,0.007644388511422964,0.40977799822153554,46.0113857480446,45.76851306697166,90.01601666681127,91.00565812232061,6.973458348470796,-1.8120832826868452,3.188820335110809
11.42,0.8231721268073642,0.0028666320758517876,-0.03829542964003889,10.722561503656538,0.958984375,tilt,0.0076443657481821345,0.36935810834386157,46.011386135692085,45.77181892353521,90.01601794671119,90.93528521149813,6.534879172499206,-1.6920629966621046,3.0206418358419143,0.007644366053771279,0.37059755233829855,46.0113861168377,45.77170525825054,90.0160179082293,90.93782208442346,6.550715441024384,-1.6959943386340646,3.026690452502673,0.007644388203962767,0.40855401196994406,46.01138576650513,45.768634624046584,90.01601670486666,91.00312346378675,6.957687058685332,-1.80812814639969,3.1827496178253867,0.007644388511422964,0.40977799755263905,46.0113857480446,45.76851306653302,90.01601666681127,91.00565812225959,6.973458329459157,-1.8120832829395943,3.1888203367785026
11.44,0.8231721268073642,0.0028666324077149963,-0.03829542969253781,10.722561503655184,0.958984375,tilt,0.0076443657481821345,0.3693581080544289,46.011386135692085,45.77181892398725,90.01601794671119,90.93528521017798,6.534879207788367,-1.6920629987166869,3.0206418310851078,0.007644366053771279,0.3705975527679358,46.0113861168377,45.771705258519134,90.0160179082293,90.93782208542895,6.550715400934974,-1.6959943365439065,3.02669045362447,0.007644388203962767,0.4085540115410246,46.01138576650513,45.76863462379839,90.01601670486666,91.00312346342253,6.957687075368658,-1.808128147223826,3.1827496180408534,0.007644388511422964,0.4097779978667936,46.0113857480446,45.768513066091515,90.01601666681127,91.00565812283556,6.973458319898994,-1.812083282227376,3.188820339841553
11.46,0.8231721268073642,0.0028666322722266193,-0.03829542973262673,10.722561503658946,0.958984375,tilt,0.0076443657481821345,0.3693581082489436,46.011386135692085,45.77181892448289,90.01601794671119,90.93528521052981,6.534879170279613,-1.692062997689467,3.0206418298409368,0.007644366053771279,0.37059755272052824,46.0113861168377,45.77170525874029,90.0160179082293,90.9378220845726,6.550715443444923,-1.695994338027154,3.0266904508287062,0.007644388203962767,0.40855401173929795,46.01138576650513,45.76863462355368,90.01601670486666,91.0031234639001,6.9576870578885615,-1.8081281463531822,3.1827496200883267,0.007644388511422964,0.40977799753295785,46.0113857480446,45.76851306565035,90.01601666681127,91.00565812297741,6.973458329955494,-1.8120832823344744,3.1888203419596084
11.48,0.8231721268073642,0.002866632190558901,-0.038295429784336685,10.72256150365261,0.958984375,tilt,0.0076443657481821345,0.3693581083615845,46.011386135692085,45.77181892503031,90.01601794671119,90.93528521077053,6.534879203233709,-1.6920629974152315,3.020641828141879,0.007644366053771279,0.37059755274815936,46.0113861168377,45.77170525889522,90.0160179082293,90.93782208382564,6.5507154065456135,-1.695994338615326,3.0266904485430066,0.007644388203962767,0.40855401188400786,46.01138576650513,45.768634623343516,90.01601670486666,91.0031234643395,6.957687072759104,-1.80812814594309,3.182749621912062,0.007644388511422964,0.4097779972586339,46.0113857480446,45.768513065205426,90.01601666681127,91.00565812313116,6.973458321492764,-1.8120832822350121,3.1888203441177154
11.5,0.8231721268073642,0.0028666324324441196,-0.03829542981391692,10.722561503662913,0.958984375,tilt,0.0076443657481821345,0.36935810831609517,46.011386135692085,45.77181892534508,90.01601794671119,90.9352852099369,6.534879166676198,-1.692062998008101,3.020641825015158,0.007644366053771279,0.3705975529272278,46.0113861168377,45.77170525931488,90.0160179082293,90.93782208431453,6.550715447346477,-1.6959943382489004,3.026690447912123,0.007644388203962767,0.40855401165998845,46.01138576650513,45.768634623018634,90.01601670486666,91.00312346417799,6.95768705626117,-1.8081281458849525,3.182749622882869,0.007644388511422964,0.4097779973584188,46.0113857480446,45.76851306479891,90.01601666681127,91.00565812359872,6.973458331093203,-1.8120832819339683,3.1888203468040945
11.52,0.8231721268073642,0.0028666323042909436,-0.03829542986812039,10.722561503655939,0.958984375,tilt,0.0076443657481821345,0.36935810850903844,46.011386135692085,45.77181892586587,90.01601794671119,90.93528521039755,6.534879199826094,-1.6920629973538603,3.0206418239095423,0.007644366053771279,0.37059755286814183,46.0113861168377,45.77170525949698,90.0160179082293,90.93782208331547,6.550715410395073,-1.695994339253954,3.026690444959651,0.007644388203962767,0.4085540118932936,46.01138576650513,45.76863462280122,90.01601670486666,91.00312346472467,6.957687071128263,-1.8081281452907403,3.1827496249711986,0.007644388511422964,0.4097779969945184,46.0113857480446,45.76851306437215,90.01601666681127,91.0056581236903,6.973458322564024,-1.812083281952908,3.188820348753091
11.540000000000001,0.8231721268073642,0.002866632680703071,-0.03829542990734537,10.722561503667016,0.958984375,tilt,0.0076443657481821345,0.3693581082101303,46.011386135692085,45.77181892617804,90.01601794671119,90.93528520880393,6.534879164431655,-1.692062999218636,3.0206418191169595,0.007644366053771279,0.37059755328714206,46.0113861168377,45.77170525990432,90.0160179082293,90.93782208465579,6.550715449695189,-1.6959943374121669,3.0266904462582236,0.007644388203962767,0.40855401136960345,46.01138576650513,45.76863462249071,90.01601670486666,91.00312346419828,6.957687055617687,-1.8081281459573981,3.1827496250840523,0.007644388511422964,0.40977799740721876,46.0113857480446,45.76851306396632,90.01601666681127,91.00565812434515,6.973458331530834,-1.8120832812916834,3.188820351842897
11.56,0.8231721268073642,0.002866632419436723,-0.03829542996112494,10.722561503658685,0.958984375,tilt,0.0076443657481821345,0.3693581084835408,46.011386135692085,45.77181892673913,90.01601794671119,90.93528520968036,6.534879197631254,-1.6920629980187383,3.020641818765962,0.007644366053771279,0.3705975531418475,46.0113861168377,45.771705260028995,90.0160179082293,90.93782208320985,6.55071541288694,-1.6959943390401147,3.026690442552271,0.007644388203962767,0.4085540117419575,46.01138576650513,45.768634622293106,90.01601670486666,91.0031234649594,6.957687070316419,-1.8081281450925517,3.1827496275625977,0.007644388511422964,0.40977799690331623,46.0113857480446,45.76851306353478,90.01601666681127,91.00565812431107,6.973458323014848,-1.8120832814447485,3.1888203535368476
11.58,0.8231721268073642,0.002866632576718916,-0.038295430009948776,10.722561503666098,0.958984375,tilt,0.0076443657481821345,0.3693581082545307,46.011386135692085,45.77181892716708,90.01601794671119,90.93528520864943,6.5348791608859855,-1.692062999200071,3.02064181474615,0.007644366053771279,0.3705975534849969,46.0113861168377,45.771705260290176,90.0160179082293,90.9378220839186,6.550715453936649,-1.6959943379636773,3.026690443049429,0.007644388203962767,0.40855401140204634,46.01138576650513,45.76863462204231,90.01601670486666,91.00312346474409,6.957687053924133,-1.8081281454562608,3.1827496281158774,0.007644388511422964,0.40977799713252244,46.0113857480446,45.76851306311379,90.01601666681127,91.00565812479257,6.9734583324931,-1.8120832809455887,3.188820356309824
11.6,0.8231721268073642,0.0028666324704578056,-0.03829543004250642,10.72256150366239,0.958984375,tilt,0.0076443657481821345,0.3693581086203435,46.011386135692085,45.77181892755992,90.01601794671119,90.9352852094243,6.534879193956616,-1.6920629978832424,3.0206418148529535,0.007644366053771279,0.3705975532431593,46.0113861168377,45.77170526060202,90.0160179082293,90.93782208261348,6.550715416976002,-1.6959943397533013,3.0266904388956686,0.007644388203962767,0.40855401176548584,46.01138576650513,45.76863462175841,90.01601670486666,91.00312346539948,6.957687068594743,-1.8081281444316601,3.182749630711884,0.007644388511422964,0.40977799663435294,46.0113857480446,45.76851306272106,90.01601666681127,91.0056581248083,6.973458324176723,-1.812083281167838,3.188820357955896
11.620000000000001,0.8231721268073642,0.002866632572673399,-0.038295430097077365,10.722561503668478,0.958984375,tilt,0.0076443657481821345,0.3693581084660054,46.011386135692085,45.77181892797618,90.01601794671119,90.93528520862168,6.534879156010966,-1.6920629986662654,3.0206418113845057,0.007644366053771279,0.3705975535066668,46.0113861168377,45.77170526087196,90.0160179082293,90.93782208305146,6.550715459425408,-1.695994339104969,3.0266904387596103,0.007644388203962767,0.4085540115178635,46.01138576650513,45.76863462151003,90.01601670486666,91.00312346529988,6.957687051550574,-1.8081281446121997,3.182749631509024,0.007644388511422964,0.40977799677079724,46.0113857480446,45.768513062318725,90.01601666681127,91.00565812522656,6.973458334101641,-1.8120832807962013,3.1888203605152654
11.64,0.8231721268073642,0.00286663268016997,-0.0382954301325997,10.72256150366716,0.958984375,tilt,0.0076443657481821345,0.36935810858878004,46.011386135692085,45.77181892830954,90.01601794671119,90.93528520851183,6.534879191641662,-1.6920629987205171,3.020641809780539,0.007644366053771279,0.37059755349650925,46.0113861168377,45.77170526123785,90.0160179082293,90.93782208274038,6.550715419457832,-1.6959943393217054,3.0266904365809646,0.007644388203962767,0.40855401154862825,46.01138576650513,45.76863462121155,90.01601670486666,91.0031234655115,6.95768706783678,-1.8081281443246868,3.1827496331912064,0.007644388511422964,0.40977799661735964,46.0113857480446,45.76851306193843,90.01601666681127,91.00565812547586,6.97345832466153,-1.8120832806426193,3.1888203626186384
11.66,0.8231721268073642,0.0028666326162503563,-0.038295430191067785,10.72256150367089,0.958984375,tilt,0.0076443657481821345,0.36935810850728296,46.011386135692085,45.77181892879607,90.01601794671119,90.9352852081694,6.534879152342489,-1.6920629989200207,3.020641807043117,0.007644366053771279,0.37059755368266606,46.0113861168377,45.7717052614158,90.0160179082293,90.93782208267575,6.550715463514428,-1.695994339328221,3.0266904357084123,0.007644388203962767,0.4085540114528287,46.01138576650513,45.768634620999975,90.01601670486666,91.00312346565646,6.957687050041674,-1.8081281442371004,3.182749634375509,0.007644388511422964,0.40977799660162784,46.0113857480446,45.76851306152701,90.01601666681127,91.00565812575276,6.973458335093927,-1.8120832804140001,3.1888203649061975
11.68,0.8231721268073642,0.0028666328403921335,-0.03829543023042921,10.722561503670729,0.958984375,tilt,0.0076443657481821345,0.3693581083834676,46.011386135692085,45.77181892915295,90.01601794671119,90.9352852073821,6.534879190415866,-1.6920630001654966,3.0206418038495606,0.007644366053771279,0.3705975539082107,46.0113861168377,45.77170526173463,90.0160179082293,90.93782208313355,6.550715420782995,-1.6959943381926226,3.026690435418089,0.007644388203962767,0.40855401120796,46.01138576650513,45.7686346207228,90.01601670486666,91.00312346554489,6.9576870677414435,-1.8081281445978536,3.182749635263188,0.007644388511422964,0.40977799673603826,46.0113857480446,45.76851306113676,90.01601666681127,91.00565812616917,6.973458324606059,-1.8120832799042932,3.1888203674122484
11.700000000000001,0.8231721268073642,0.0028666326228980895,-0.03829543028699725,10.722561503672976,0.958984375,tilt,0.0076443657481821345,0.36935810838680605,46.011386135692085,45.77181892971409,90.01601794671119,90.93528520753723,6.534879149438347,-1.692062999702041,3.0206418019079475,0.007644366053771279,0.3705975540056898,46.0113861168377,45.771705261813096,90.0160179082293,90.93782208253525,6.550715466726161,-1.6959943389547907,3.026690433771101,0.007644388203962767,0.4085540112783501,46.01138576650513,45.76863462054359,90.01601670486666,91.00312346594067,6.957687048978839,-1.808128144172659,3.182749636866433,0.007644388511422964,0.409777996553245,46.0113857480446,45.768513060713325,90.01601666681127,91.0056581262959,6.973458335763038,-1.8120832798452329,3.188820369420725
11.72,0.8231721268073642,0.002866632949505329,-0.03829543033039522,10.722561503673584,0.958984375,tilt,0.0076443657481821345,0.36935810802417735,46.011386135692085,45.77181893012751,90.01601794671119,90.93528520615106,6.534879189791232,-1.6920630020198952,3.020641797164103,0.007644366053771279,0.3705975544597128,46.0113861168377,45.771705262046304,90.0160179082293,90.93782208366791,6.5507154214687136,-1.6959943366063046,3.026690435317919,0.007644388203962767,0.4085540107883274,46.01138576650513,45.76863462029947,90.01601670486666,91.0031234655459,6.957687067881594,-1.8081281451067972,3.182749636999299,0.007644388511422964,0.4097779969447604,46.0113857480446,45.768513060309566,90.01601666681127,91.00565812686186,6.973458324360939,-1.8120832790145327,3.1888203723059725
11.74,0.8231721268073642,0.002866632594365974,-0.03829543036795219,10.722561503676312,0.958984375,tilt,0.0076443657481821345,0.36935810845649963,46.011386135692085,45.771818930600176,90.01601794671119,90.93528520743966,6.534879144645436,-1.6920629994911924,3.020641798081841,0.007644366053771279,0.37059755413206746,46.0113861168377,45.771705262225275,90.0160179082293,90.93782208182579,6.550715471969633,-1.69599433971682,3.0266904305182587,0.007644388203962767,0.40855401131876157,46.01138576650513,45.76863462006403,90.01601670486666,91.00312346644432,6.95768704663968,-1.8081281435173118,3.182749639931509,0.007644388511422964,0.4097779962868082,46.0113857480446,45.768513059925944,90.01601666681127,91.00565812670418,6.9734583374552415,-1.8120832795966644,3.1888203735356555
11.76,0.8231721268073642,0.002866632891791892,-0.03829543041736985,10.722561503675603,0.958984375,tilt,0.0076443657481821345,0.36935810818255854,46.011386135692085,45.77181893100337,90.01601794671119,90.9352852062872,6.534879185239364,-1.6920630013556834,3.020641793894885,0.007644366053771279,0.3705975544941804,46.0113861168377,45.771705262466355,90.0160179082293,90.93782208267635,6.550715426681723,-1.6959943378528457,3.026690431410711,0.007644388203962767,0.40855401093463056,46.01138576650513,45.768634619821974,90.01601670486666,91.0031234661581,6.9576870655044845,-1.8081281442299084,3.1827496402933866,0.007644388511422964,0.40977799657191094,46.0113857480446,45.7685130595466,90.01601666681127,91.00565812721233,6.97345832601886,-1.8120832789311168,3.188820376196444
11.78,0.8231721268073642,0.0028666328135890646,-0.03829543045329237,10.722561503681469,0.958984375,tilt,0.0076443657481821345,0.3693581083874699,46.011386135692085,45.77181893138264,90.01601794671119,90.9352852066122,6.53487914098302,-1.6920630002098986,3.02064179306491,0.007644366053771279,0.3705975543849452,46.0113861168377,45.77170526273901,90.0160179082293,90.9378220819104,6.55071547581244,-1.6959943393941475,3.0266904286071483,0.007644388203962767,0.40855401112016015,46.01138576650513,45.76863461955404,90.01601670486666,91.00312346656483,6.957687045134888,-1.8081281433390237,3.182749642279048,0.007644388511422964,0.4097779962695506,46.0113857480446,45.768513059185885,90.01601666681127,91.00565812732889,6.973458338637285,-1.8120832791487276,3.1888203779302513
11.8,0.8231721268073642,0.002866632948546525,-0.038295430508320134,10.722561503678037,0.958984375,tilt,0.0076443657481821345,0.3693581081968963,46.011386135692085,45.771818931864374,90.01601794671119,90.9352852059417,6.534879181827487,-1.6920630014461147,3.020641789623274,0.007644366053771279,0.37059755466072203,46.0113861168377,45.77170526288081,90.0160179082293,90.93782208223196,6.550715430554419,-1.6959943382238856,3.0266904287346854,0.007644388203962767,0.4085540109032331,46.01138576650513,45.76863461935305,90.01601670486666,91.0031234665289,6.9576870639192965,-1.8081281437657624,3.1827496430232305,0.007644388511422964,0.409777996387086,46.0113857480446,45.768513058799215,90.01601666681127,91.00565812769145,6.973458327110608,-1.8120832786524266,3.1888203803031034
11.82,0.8231721268073642,0.002866633023432583,-0.03829543054519441,10.7225615036856,0.958984375,tilt,0.0076443657481821345,0.369358108166124,46.011386135692085,45.771818932241665,90.01601794671119,90.935285205531,6.534879138373563,-1.6920630015126343,3.020641787178202,0.007644366053771279,0.3705975547783613,46.0113861168377,45.77170526313712,90.0160179082293,90.93782208229513,6.550715478526948,-1.6959943384019551,3.0266904278277993,0.007644388203962767,0.4085540108031645,46.01138576650513,45.768634619094115,90.01601670486666,91.00312346658033,6.957687044303323,-1.8081281435081074,3.182749644193544,0.007644388511422964,0.4097779963812838,46.0113857480446,45.768513058434586,90.01601666681127,91.00565812800332,6.973458339277234,-1.8120832785128507,3.1888203824773087
11.84,0.8231721268073642,0.0028666328834943337,-0.03829543058918367,10.722561503680355,0.958984375,tilt,0.0076443657481821345,0.36935810839193395,46.011386135692085,45.77181893272314,90.01601794671119,90.93528520620882,6.534879176895651,-1.6920630005622592,3.020641786712658,0.007644366053771279,0.3705975546417672,46.0113861168377,45.771705263275216,90.0160179082293,90.93782208114555,6.550715436106524,-1.6959943396977066,3.0266904247233106,0.007644388203962767,0.40855401110077216,46.01138576650513,45.76863461888323,90.01601670486666,91.00312346717503,6.957687061414046,-1.8081281427779587,3.1827496463598672,0.007644388511422964,0.40977799597078685,46.0113857480446,45.768513058063,90.01601666681127,91.00565812799627,6.97345832891368,-1.812083278662748,3.1888203839847415
11.86,0.8231721268073642,0.00286663324864245,-0.03829543062684193,10.72256150369103,0.958984375,tilt,0.0076443657481821345,0.3693581081210386,46.011386135692085,45.77181893298829,90.01601794671119,90.93528520474898,6.534879134450498,-1.6920630021329333,3.020641782407185,0.007644366053771279,0.370597554991355,46.0113861168377,45.77170526364613,90.0160179082293,90.93782208235791,6.5507154826152245,-1.6959943381801708,3.0266904258886007,0.007644388203962767,0.40855401062822155,46.01138576650513,45.7686346185883,90.01601670486666,91.00312346670457,6.95768704273364,-1.8081281432786034,3.182749646531674,0.007644388511422964,0.4097779963479596,46.0113857480446,45.76851305772666,90.01601666681127,91.00565812860998,6.973458340526133,-1.8120832781113074,3.1888203867016243
11.88,0.8231721268073642,0.002866633076483531,-0.03829543067050509,10.722561503685453,0.958984375,tilt,0.0076443657481821345,0.3693581084341701,46.011386135692085,45.771818933430346,90.01601794671119,90.93528520562761,6.5348791733075355,-1.6920630008170277,3.020641782544742,0.007644366053771279,0.3705975547653988,46.0113861168377,45.77170526382246,90.0160179082293,90.93782208098932,6.5507154399511025,-1.6959943398725703,3.026690422145706,0.007644388203962767,0.40855401101113564,46.01138576650513,45.768634618366434,90.01601670486666,91.0031234673868,6.957687059923282,-1.8081281423700282,3.1827496489341414,0.007644388511422964,0.4097779958511477,46.0113857480446,45.76851305737397,90.01601666681127,91.00565812854597,6.9734583300318,-1.8120832783823198,3.188820388008412
11.9,0.8231721268073642,0.002866633408551691,-0.03829543071898124,10.722561503652386,0.958984375,tilt,0.0076443657481821345,0.36935810808547725,46.011386135692085,45.771818933778476,90.01601794671119,90.93528520416658,6.534879159526691,-1.692063002948857,3.020641777900596,0.007644366053771279,0.37059755518764964,46.0113861168377,45.7717052640868,90.0160179082293,90.93782208219802,6.550715455998148,-1.6959943377117295,3.026690423735018,0.007644388203962767,0.4085540105152581,46.01138576650513,45.76863461812322,90.01601670486666,91.0031234669482,6.957687048463406,-1.808128143222093,3.182749648966504,0.007644388511422964,0.4097779962571621,46.0113857480446,45.76851305702365,90.01601666681127,91.00565812913653,6.973458334971853,-1.8120832776362463,3.1888203907302626
11.92,0.8231721268073642,0.0028666332345381705,-0.03829543075866004,10.722561503689594,0.958984375,tilt,0.0076443657481821345,0.36935810830762505,46.011386135692085,45.77181893420353,90.01601794671119,90.9352852047578,6.534879170948175,-1.6920630017713372,3.020641777473243,0.007644366053771279,0.37059755504777886,46.0113861168377,45.771705264266906,90.0160179082293,90.93782208117017,6.550715442475566,-1.6959943392555257,3.0266904207290612,0.007644388203962767,0.4085540107801024,46.01138576650513,45.76863461789924,90.01601670486666,91.00312346748778,6.957687059236694,-1.808128142384534,3.1827496510651034,0.007644388511422964,0.409777995883236,46.0113857480446,45.76851305666969,90.01601666681127,91.00565812914412,6.973458330487054,-1.8120832778529585,3.188820392197367
11.94,0.8231721268073642,0.002866633138946533,-0.038295430806893516,10.722561503652159,0.958984375,tilt,0.0076443657481821345,0.3693581083632274,46.011386135692085,45.77181893466117,90.01601794671119,90.93528520490976,6.534879153757206,-1.6920630015013691,3.020641775944771,0.007644366053771279,0.37059755506951686,46.0113861168377,45.77170526440197,90.0160179082293,90.93782208061597,6.550715462625925,-1.6959943397677653,3.0266904189512056,0.007644388203962767,0.4085540108701315,46.01138576650513,45.76863461770041,90.01601670486666,91.0031234678311,6.957687045505613,-1.8081281420507662,3.182749652631683,0.007644388511422964,0.4097779956916962,46.0113857480446,45.76851305631005,90.01601666681127,91.00565812926166,6.9734583370218415,-1.8120832777952198,3.1888203939261226
11.96,0.8231721268073642,0.0028666333556730253,-0.03829543083645772,10.722561503694727,0.958984375,tilt,0.0076443657481821345,0.36935810834682425,46.011386135692085,45.77181893489698,90.01601794671119,90.93528520427617,6.534879167182185,-1.6920630019930833,3.0206417735818003,0.007644366053771279,0.3705975551612476,46.0113861168377,45.771705264781595,90.0160179082293,90.9378220809419,6.550715446480298,-1.6959943394624228,3.026690418124811,0.007644388203962767,0.40855401070602726,46.01138576650513,45.76863461740088,90.01601670486666,91.00312346774625,6.957687057730462,-1.8081281419925037,3.1827496536672717,0.007644388511422964,0.40977799575576135,46.0113857480446,45.76851305599662,90.01601666681127,91.00565812963609,6.973458331615733,-1.812083277554534,3.188820396028552
11.98,0.8231721268073642,0.0028666332134989875,-0.0382954308861448,10.722561503656515,0.958984375,tilt,0.0076443657481821345,0.36935810848382583,46.011386135692085,45.77181893533066,90.01601794671119,90.93528520465323,6.534879149140288,-1.692063001334225,3.02064177264727,0.007644366053771279,0.3705975550999754,46.0113861168377,45.77170526493712,90.0160179082293,90.93782208013893,6.550715467589875,-1.6959943403912423,3.026690415714961,0.007644388203962767,0.40855401088640175,46.01138576650513,45.76863461719848,90.01601670486666,91.00312346819123,6.957687043494406,-1.808128141478186,3.1827496554708565,0.007644388511422964,0.40977799547320454,46.0113857480446,45.76851305565369,90.01601666681127,91.0056581296869,6.973458338551725,-1.8120832776245925,3.1888203975439233
12.0,0.8231721268073642,0.0028666335732052063,-0.038295430922304384,10.72256150369987,0.958984375,tilt,0.0076443657481821345,0.3693581082154554,46.011386135692085,45.771818935562244,90.01601794671119,90.93528520323578,6.534879164805592,-1.6920630031388717,3.02064176857228,0.007644366053771279,0.37059755543640366,46.0113861168377,45.77170526530623,90.0160179082293,90.93782208132305,6.550715448948188,-1.6959943386154543,3.026690416825295,0.007644388203962767,0.40855401041834977,46.01138576650513,45.76863461691359,90.01601670486666,91.00312346774793,6.95768705715999,-1.8081281421161859,3.182749655661843,0.007644388511422964,0.40977799585185987,46.0113857480446,45.768513055340144,90.01601666681127,91.00565813027302,6.973458332016162,-1.812083276981652,3.1888204001070397
12.02,0.8231721268073642,0.0028666332955269583,-0.0382954309712577,10.72256150366023,0.958984375,tilt,0.0076443657481821345,0.36935810843376193,46.011386135692085,45.77181893604198,90.01601794671119,90.93528520403707,6.534879145727391,-1.6920630019192222,3.020641768387511,0.007644366053771279,0.3705975552923994,46.0113861168377,45.77170526539841,90.0160179082293,90.93782208007273,6.550715471233896,-1.6959943401662763,3.026690413684918,0.007644388203962767,0.40855401074037906,46.01138576650513,45.76863461673469,90.01601670486666,91.00312346839995,6.957687042278065,-1.8081281413415695,3.1827496578241132,0.007644388511422964,0.40977799542699717,46.0113857480446,45.768513054990024,90.01601666681127,91.00565813018771,6.973458339454717,-1.8120832772033357,3.1888204013543198
12.040000000000001,0.8231721268073642,0.0028666334309660237,-0.03829543101501624,10.7225615036483,0.958984375,tilt,0.0076443657481821345,0.3693581082377961,46.011386135692085,45.77181893639815,90.01601794671119,90.93528520320498,6.534879124323538,-1.6920630030187802,3.0206417650995023,0.007644366053771279,0.37059755555464396,46.0113861168377,45.771705265615445,90.0160179082293,90.93782208061869,6.550715494966389,-1.695994339158017,3.02669041400333,0.007644388203962767,0.4085540104620521,46.01138576650513,45.76863461651094,90.01601670486666,91.00312346826028,6.957687030479252,-1.8081281416863284,3.182749658433126,0.007644388511422964,0.4097779956162935,46.0113857480446,45.76851305465564,90.01601666681127,91.00565813058112,6.973458346055825,-1.8120832767420207,3.188820403580761
12.06,0.8231721268073642,0.0028666333120823707,-0.03829543104611009,10.722561503664554,0.958984375,tilt,0.0076443657481821345,0.3693581085491273,46.011386135692085,45.77181893670709,90.01601794671119,90.93528520389613,6.534879140804508,-1.6920630016762293,3.0206417653640125,0.007644366053771279,0.370597555317031,46.0113861168377,45.77170526588969,90.0160179082293,90.9378220795116,6.550715476477281,-1.6959943408654186,3.0266904104412076,0.007644388203962767,0.40855401077479647,46.01138576650513,45.768634616252896,90.01601670486666,91.00312346880727,6.9576870401452116,-1.808128140757325,3.182749660685408,0.007644388511422964,0.40977799519817065,46.0113857480446,45.76851305434901,90.01601666681127,91.00565813055373,6.973458341104541,-1.812083277041205,3.1888204047789968
12.08,0.8231721268073642,0.002866633391291699,-0.03829543109414139,10.72256150365144,0.958984375,tilt,0.0076443657481821345,0.3693581084304358,46.011386135692085,45.77181893705448,90.01601794671119,90.93528520330496,6.534879118512448,-1.6920630023672703,3.020641762643189,0.007644366053771279,0.37059755550068224,46.0113861168377,45.77170526611024,90.0160179082293,90.93782207978393,6.550715501237294,-1.695994340289393,3.0266904101413363,0.007644388203962767,0.40855401059284946,46.01138576650513,45.76863461603354,90.01601670486666,91.00312346878007,6.957687027912683,-1.8081281409214056,3.182749661522738,0.007644388511422964,0.4097779952907962,46.0113857480446,45.76851305403081,90.01601666681127,91.00565813087596,6.973458348098452,-1.8120832767168706,3.1888204067845596
12.1,0.8231721268073642,0.0028666334964630663,-0.03829543112645116,10.722561503669626,0.958984375,tilt,0.0076443657481821345,0.3693581084981367,46.011386135692085,45.77181893729953,90.01601794671119,90.93528520307638,6.53487913723241,-1.6920630024408363,3.020641761137477,0.007644366053771279,0.37059755550032997,46.0113861168377,45.77170526644187,90.0160179082293,90.93782207968455,6.550715480170097,-1.6959943404242055,3.02669040857087,0.007644388203962767,0.40855401056530083,46.01138576650513,45.76863461576152,90.01601670486666,91.00312346888973,6.957687038947373,-1.8081281407010577,3.1827496628732135,0.007644388511422964,0.4097779952226177,46.0113857480446,45.76851305373772,90.01601666681127,91.0056581311128,6.973458342069172,-1.8120832765974488,3.188820408503157
12.120000000000001,0.8231721268073642,0.0028666334055282195,-0.03829543117740243,10.722561503654433,0.958984375,tilt,0.0076443657481821345,0.3693581084546703,46.011386135692085,45.771818937723815,90.01601794671119,90.93528520296348,6.534879113908369,-1.692063002529439,3.0206417591607804,0.007644366053771279,0.3705975556075508,46.0113861168377,45.77170526656552,90.0160179082293,90.93782207944626,6.550715506151813,-1.6959943405064486,3.0266904075368917,0.007644388203962767,0.40855401054043683,46.01138576650513,45.76863461558087,90.01601670486666,91.00312346910232,6.957687026153341,-1.808128140604815,3.1827496640794983,0.007644388511422964,0.40977799515795105,46.0113857480446,45.76851305340661,90.01601666681127,91.00565813127882,6.973458349505063,-1.8120832764325392,3.188820410219839
12.14,0.8231721268073642,0.0028666336348093587,-0.038295431211861554,10.722561503673559,0.958984375,tilt,0.0076443657481821345,0.36935810827486254,46.011386135692085,45.7718189379914,90.01601794671119,90.93528520202891,6.534879134737021,-1.6920630038312483,3.0206417560061647,0.007644366053771279,0.37059755584843435,46.0113861168377,45.77170526685394,90.0160179082293,90.93782208012648,6.550715482731806,-1.695994339288541,3.02669040786252,0.007644388203962767,0.40855401023066834,46.01138576650513,45.76863461533002,90.01601670486666,91.00312346889267,6.957687038395134,-1.8081281410115384,3.1827496646446574,0.007644388511422964,0.4097779953817411,46.0113857480446,45.76851305310272,90.01601666681127,91.00565813170665,6.973458342490449,-1.812083275920827,3.188820412397347
12.16,0.8231721268073642,0.0028666333036756505,-0.03829543125125168,10.72256150365747,0.958984375,tilt,0.0076443657481821345,0.36935810864383234,46.011386135692085,45.77181893838898,90.01601794671119,90.9352852032048,6.5348791077686785,-1.6920630017689051,3.0206417569816626,0.007644366053771279,0.3705975555477246,46.0113861168377,45.77170526700263,90.0160179082293,90.93782207850481,6.550715512716873,-1.695994341749267,3.026690403673732,0.007644388203962767,0.40855401069804725,46.01138576650513,45.76863461512815,90.01601670486666,91.00312346967782,6.957687023463939,-1.8081281398111513,3.1827496671912314,0.007644388511422964,0.4097779948132253,46.0113857480446,45.76851305279238,90.01601666681127,91.005658131507,6.9734583516738775,-1.8120832764287123,3.188820413233595
12.18,0.8231721268073642,0.0028666337973304663,-0.03829543128815449,10.722561503678639,0.958984375,tilt,0.0076443657481821345,0.36935810821520565,46.011386135692085,45.771818938572466,90.01601794671119,90.93528520126073,6.534879130902944,-1.6920630045669758,3.020641751940334,0.007644366053771279,0.37059755603152855,46.0113861168377,45.77170526737246,90.0160179082293,90.93782208027184,6.550715486680542,-1.695994338876173,3.026690406068233,0.007644388203962767,0.4085540100253721,46.01138576650513,45.76863461485564,90.01601670486666,91.00312346899021,6.957687037073811,-1.8081281409493624,3.1827496667967137,0.007644388511422964,0.40977799540924764,46.0113857480446,45.76851305251144,90.01601666681127,91.00565813223588,6.973458343567679,-1.8120832754792358,3.1888204159741806
12.200000000000001,0.8231721268073642,0.0028666334421033426,-0.03829543132655412,10.722561503662318,0.958984375,tilt,0.0076443657481821345,0.3693581086704525,46.011386135692085,45.77181893893008,90.01601794671119,90.93528520263521,6.534879102902402,-1.6920630021228338,3.020641753516129,0.007644366053771279,0.3705975556437623,46.0113861168377,45.771705267558694,90.0160179082293,90.93782207843917,6.550715517744057,-1.6959943417426682,3.0266904012616336,0.007644388203962767,0.40855401057613056,46.01138576650513,45.76863461464208,90.01601670486666,91.00312346985496,6.957687021664395,-1.8081281395648068,3.1827496695647497,0.007644388511422964,0.40977799475660137,46.0113857480446,45.768513052220165,90.01601666681127,91.00565813197896,6.973458353193998,-1.8120832761224954,3.1888204166081735
12.22,0.8231721268073642,0.002866633723692338,-0.03829543137208509,10.722561503680554,0.958984375,tilt,0.0076443657481821345,0.3693581083099188,46.011386135692085,45.77181893922521,90.01601794671119,90.9352852012267,6.534879126028818,-1.6920630042844969,3.0206417492044944,0.007644366053771279,0.37059755605833905,46.0113861168377,45.771705267794864,90.0160179082293,90.93782207962312,6.550715492022326,-1.695994339552316,3.026690402910898,0.007644388203962767,0.40855401007809766,46.01138576650513,45.76863461442662,90.01601670486666,91.0031234694445,6.9576870350918,-1.8081281404555214,3.182749669546514,0.007644388511422964,0.4097779951783745,46.0113857480446,45.768513051921154,90.01601666681127,91.00565813252815,6.973458345033779,-1.8120832753395002,3.1888204190292093
12.24,0.8231721268073642,0.002866633555139336,-0.038295431406964106,10.72256150366622,0.958984375,tilt,0.0076443657481821345,0.3693581085247277,46.011386135692085,45.77181893955315,90.01601794671119,90.93528520178523,6.534879099158696,-1.6920630031551505,3.0206417491004114,0.007644366053771279,0.37059755590545995,46.0113861168377,45.7717052679966,90.0160179082293,90.9378220786961,6.55071552158136,-1.6959943409824707,3.026690400040555,0.007644388203962767,0.4085540103151754,46.01138576650513,45.76863461420898,90.01601670486666,91.00312346992635,6.9576870205596135,-1.808128139707186,3.1827496714922354,0.007644388511422964,0.4097779948481919,46.0113857480446,45.76851305162874,90.01601666681127,91.00565813250375,6.973458354127673,-1.8120832755717033,3.188820420173877
12.26,0.8231721268073642,0.002866633468497607,-0.03829543144852906,10.722561503681753,0.958984375,tilt,0.0076443657481821345,0.36935810856791973,46.011386135692085,45.77181893992389,90.01601794671119,90.93528520190364,6.534879119609295,-1.6920630029721926,3.0206417478518266,0.007644366053771279,0.37059755592042887,46.0113861168377,45.77170526814288,90.0160179082293,90.93782207824005,6.550715499067721,-1.6959943413630691,3.0266903984345617,0.007644388203962767,0.4085540103756582,46.01138576650513,45.768634614019064,90.01601670486666,91.00312347021864,6.957687032149096,-1.8081281394584092,3.182749672910351,0.007644388511422964,0.4097779947012803,46.0113857480446,45.7685130513264,90.01601666681127,91.00565813259581,6.97345834725354,-1.812083275502762,3.188820421611976
12.280000000000001,0.8231721268073642,0.002866633660155301,-0.03829543147808512,10.722561503671031,0.958984375,tilt,0.0076443657481821345,0.369358108543375,46.011386135692085,45.77181894009242,90.01601794671119,90.93528520128902,6.534879093996833,-1.6920630034638686,3.0206417458050194,0.007644366053771279,0.37059755600176225,46.0113861168377,45.77170526850853,90.0160179082293,90.9378220785828,6.550715526891532,-1.695994341021502,3.0266903977024526,0.007644388203962767,0.40855401020394144,46.01138576650513,45.7686346137438,90.01601670486666,91.00312347012866,6.957687018627287,-1.8081281394517237,3.182749673836055,0.007644388511422964,0.4097779947880742,46.0113857480446,45.76851305107251,90.01601666681127,91.0056581329362,6.973458355771835,-1.8120832752727134,3.188820423396077
12.3,0.8231721268073642,0.002866633539380814,-0.03829543151993347,10.722561503686176,0.958984375,tilt,0.0076443657481821345,0.3693581086669723,46.011386135692085,45.77181894043709,90.01601794671119,90.93528520161772,6.5348791143849345,-1.6920630029020125,3.020641745126257,0.007644366053771279,0.37059755593573146,46.0113861168377,45.771705268677024,90.0160179082293,90.93782207789997,6.550715504541706,-1.6959943418039005,3.0266903955059874,0.007644388203962767,0.408554010350532,46.01138576650513,45.76863461354862,90.01601670486666,91.00312347050937,6.957687030104504,-1.8081281390250232,3.1827496754689433,0.007644388511422964,0.40977799455450187,46.0113857480446,45.768513050786616,90.01601666681127,91.00565813296701,6.973458348915231,-1.8120832753345597,3.1888204246339757
12.32,0.8231721268073642,0.002866633853858134,-0.038295431555718636,10.722561503675513,0.958984375,tilt,0.0076443657481821345,0.369358108389837,46.011386135692085,45.771818940624456,90.01601794671119,90.9352852002589,6.534879090175162,-1.6920630046760692,3.0206417413612963,0.007644366053771279,0.37059755626419755,46.0113861168377,45.771705269007654,90.0160179082293,90.93782207904663,6.550715530752158,-1.695994340051004,3.0266903966904293,0.007644388203962767,0.40855400988803386,46.01138576650513,45.76863461329704,90.01601670486666,91.00312347009447,6.957687017570662,-1.808128139678015,3.1827496755870155,0.007644388511422964,0.40977799494135025,46.0113857480446,45.76851305052624,90.01601666681127,91.00565813351484,6.973458356701312,-1.8120832746906754,3.1888204268957496
12.34,0.8231721268073642,0.0028666336136779083,-0.038295431596007276,10.722561503689962,0.958984375,tilt,0.0076443657481821345,0.36935810859431606,46.011386135692085,45.77181894100964,90.01601794671119,90.93528520098775,6.534879110347505,-1.6920630035685695,3.020641741401542,0.007644366053771279,0.37059755611671097,46.0113861168377,45.77170526912051,90.0160179082293,90.93782207794737,6.550715508738031,-1.6959943414282426,3.0266903938004077,0.007644388203962767,0.4085540101697077,46.01138576650513,45.76863461312175,90.01601670486666,91.00312347066131,6.957687028813948,-1.8081281390009905,3.1827496775473083,0.007644388511422964,0.40977799457209907,46.0113857480446,45.76851305023357,90.01601666681127,91.00565813341535,6.973458349954618,-1.8120832749083278,3.188820427876382
12.36,0.8231721268073642,0.0028666337246677632,-0.03829543163596694,10.722561503676978,0.958984375,tilt,0.0076443657481821345,0.36935810850439327,46.011386135692085,45.7718189413385,90.01601794671119,90.93528520062208,6.5348791882837824,-1.6920630046593916,3.0206417392548977,0.007644366053771279,0.3705975562586825,46.0113861168377,45.77170526928582,90.0160179082293,90.93782207802741,6.550715424859293,-1.6959943404126452,3.026690393300835,0.007644388203962767,0.40855401004852887,46.01138576650513,45.76863461293224,90.01601670486666,91.00312347072311,6.957687060870175,-1.8081281393688142,3.1827496784584963,0.007644388511422964,0.4097779946147744,46.0113857480446,45.76851304994905,90.01601666681127,91.0056581336435,6.973458327496737,-1.8120832744484525,3.1888204295379974
12.38,0.8231721268073642,0.00286663364056268,-0.03829543166299967,10.722561503694331,0.958984375,tilt,0.0076443657481821345,0.36935810868617197,46.011386135692085,45.77181894153099,90.01601794671119,90.93528520080034,6.534879104825915,-1.6920630034289035,3.0206417388610465,0.007644366053771279,0.3705975561323572,46.0113861168377,45.77170526960068,90.0160179082293,90.93782207753698,6.550715514490683,-1.695994341936579,3.0266903909359764,0.007644388203962767,0.40855401016233545,46.01138576650513,45.76863461267597,90.01601670486666,91.00312347098743,6.957687026637601,-1.8081281385513674,3.1827496800833908,0.007644388511422964,0.4097779944144615,46.0113857480446,45.76851304970512,90.01601666681127,91.0056581337379,6.973458351743049,-1.812083274751932,3.188820430744782
12.4,0.8231721268073642,0.0028666337028861078,-0.03829543170535903,10.722561503680499,0.958984375,tilt,0.0076443657481821345,0.36935810867495256,46.011386135692085,45.77181894184933,90.01601794671119,90.9352852006736,6.534879183861953,-1.6920630041255997,3.020641737284391,0.007644366053771279,0.37059755619512985,46.0113861168377,45.77170526977138,90.0160179082293,90.93782207735465,6.550715429644431,-1.695994341337541,3.0266903898354682,0.007644388203962767,0.40855401013681264,46.01138576650513,45.76863461248873,90.01601670486666,91.00312347115354,6.957687058928547,-1.8081281387445531,3.182749681213709,0.007644388511422964,0.40977799436123136,46.0113857480446,45.76851304943478,90.01601666681127,91.00565813389366,6.973458328946372,-1.8120832744283992,3.188820432191153
12.42,0.8231721268073642,0.0028666338145231043,-0.03829543173482304,10.722561503699088,0.958984375,tilt,0.0076443657481821345,0.36935810860966334,46.011386135692085,45.77181894200204,90.01601794671119,90.93528519996794,6.534879100652581,-1.692063004281475,3.0206417351014703,0.007644366053771279,0.370597556311115,46.0113861168377,45.77170527011711,90.0160179082293,90.93782207781564,6.550715518742835,-1.6959943413479284,3.026690389445391,0.007644388203962767,0.40855400992218205,46.01138576650513,45.76863461223012,90.01601670486666,91.00312347101803,6.957687025370796,-1.8081281386050987,3.182749681971936,0.007644388511422964,0.4097779944978577,46.0113857480446,45.768513049198724,90.01601666681127,91.00565813424933,6.973458352825138,-1.8120832743003177,3.1888204339353132
12.44,0.8231721268073642,0.0028666337215920235,-0.038295431778182676,10.722561503683647,0.958984375,tilt,0.0076443657481821345,0.3693581086757339,46.011386135692085,45.7718189423912,90.01601794671119,90.93528520030503,6.534879180715211,-1.6920630043966538,3.0206417342616976,0.007644366053771279,0.3705975562961602,46.0113861168377,45.77170527020006,90.0160179082293,90.93782207714739,6.550715433042355,-1.695994341378966,3.026690387628178,0.007644388203962767,0.4085540100497277,46.01138576650513,45.76863461207652,90.01601670486666,91.00312347140661,6.95768705781174,-1.8081281385472978,3.1827496834535287,0.007644388511422964,0.40977799429127154,46.0113857480446,45.768513048914585,90.01601666681127,91.00565813424973,6.973458329735703,-1.812083274137944,3.1888204350979112
12.46,0.8231721268073642,0.002866633936945811,-0.0382954318104261,10.722561503702774,0.958984375,tilt,0.0076443657481821345,0.36935810836013216,46.011386135692085,45.77181894258651,90.01601794671119,90.93528519891913,6.534879097529001,-1.6920630057547237,3.020641730405255,0.007644366053771279,0.3705975566576048,46.0113861168377,45.77170527048297,90.0160179082293,90.93782207834712,6.5507155219093605,-1.6959943400839117,3.0266903891236483,0.007644388203962767,0.40855400956151483,46.01138576650513,45.76863461184695,90.01601670486666,91.00312347097862,6.95768702471015,-1.8081281390077384,3.1827496834537228,0.007644388511422964,0.4097779947099801,46.0113857480446,45.76851304866251,90.01601666681127,91.00565813479446,6.973458353378623,-1.8120832736084336,3.188820437318163
12.48,0.8231721268073642,0.0028666337032474737,-0.038295431851495594,10.722561503686423,0.958984375,tilt,0.0076443657481821345,0.36935810851585194,46.011386135692085,45.77181894304964,90.01601794671119,90.93528519975325,6.534879178367588,-1.6920630052027799,3.020641730362539,0.007644366053771279,0.37059755655262466,46.0113861168377,45.77170527047316,90.0160179082293,90.93782207716221,6.550715435570044,-1.6959943408390334,3.0266903865422687,0.007644388203962767,0.40855400985637236,46.01138576650513,45.768634611722895,90.01601670486666,91.00312347159355,6.957687057105075,-1.8081281386390888,3.182749685311431,0.007644388511422964,0.40977799433548834,46.0113857480446,45.76851304836378,90.01601666681127,91.00565813463214,6.973458330191674,-1.8120832736422086,3.1888204381847194
12.5,0.8231721268073642,0.0028666338507418736,-0.03829543188740179,10.722561503685645,0.958984375,tilt,0.0076443657481821345,0.36935810828539384,46.011386135692085,45.7718189433845,90.01601794671119,90.93528519899449,6.534879213818161,-1.692063006623258,3.020641727324608,0.007644366053771279,0.3705975568282979,46.0113861168377,45.771705270592584,90.0160179082293,90.9378220776908,6.550715397584715,-1.69599433947051,3.0266903872194497,0.007644388203962767,0.4085540095779518,46.01138576650513,45.76863461155267,90.01601670486666,91.00312347146567,6.957687071867263,-1.8081281391566957,3.1827496857285698,0.007644388511422964,0.4097779945445999,46.0113857480446,45.76851304808725,90.01601666681127,91.00565813496856,6.973458319563514,-1.8120832730771954,3.188820440048923
12.52,0.8231721268073642,0.002866633666808021,-0.03829543191404003,10.722561503690054,0.958984375,tilt,0.0076443657481821345,0.36935810854821644,46.011386135692085,45.7718189436733,90.01601794671119,90.93528519971447,6.534879174118079,-1.6920630050112073,3.020641727736195,0.007644366053771279,0.3705975566165171,46.0113861168377,45.77170527076524,90.0160179082293,90.93782207664417,6.550715440087365,-1.6959943413858598,3.0266903842041115,0.007644388203962767,0.40855400987487633,46.01138576650513,45.76863461134917,90.01601670486666,91.00312347196798,6.957687055163222,-1.8081281381868395,3.1827496876605244,0.007644388511422964,0.40977799416578653,46.0113857480446,45.76851304784015,90.01601666681127,91.0056581348785,6.973458331715449,-1.8120832735100851,3.18882044086527
12.540000000000001,0.8231721268073642,0.002866633788892425,-0.038295431952627114,10.722561503688521,0.958984375,tilt,0.0076443657481821345,0.36935810841005073,46.011386135692085,45.77181894399718,90.01601794671119,90.9352851991992,6.534879209646643,-1.6920630059659956,3.0206417252797713,0.007644366053771279,0.37059755679968603,46.0113861168377,45.77170527089207,90.0160179082293,90.9378220769019,6.5507154021489695,-1.695994340505342,3.026690384253572,0.007644388203962767,0.4085540097047057,46.01138576650513,45.76863461117835,90.01601670486666,91.00312347193767,6.957687069840406,-1.8081281384846568,3.1827496882931294,0.007644388511422964,0.4097779942662793,46.0113857480446,45.76851304758283,90.01601666681127,91.00565813514949,6.973458321123605,-1.812083273123797,3.188820442509538
12.56,0.8231721268073642,0.002866633864939775,-0.038295431979096406,10.722561503694557,0.958984375,tilt,0.0076443657481821345,0.36935810844123756,46.011386135692085,45.771818944210956,90.01601794671119,90.93528519895918,6.5348791711046506,-1.6920630057635881,3.0206417238768655,0.007644366053771279,0.3705975568154056,46.0113861168377,45.771705271135765,90.0160179082293,90.9378220768841,6.55071544321711,-1.6959943408925566,3.0266903832214807,0.007644388203962767,0.408554009661852,46.01138576650513,45.7686346109549,90.01601670486666,91.00312347199511,6.95768705401722,-1.8081281381665018,3.1827496893308274,0.007644388511422964,0.4097779942348016,46.0113857480446,45.76851304735532,90.01601666681127,91.00565813536073,6.9734583326544985,-1.8120832731347987,3.188820443903645
12.58,0.8231721268073642,0.002866633832938552,-0.03829543201994002,10.722561503691352,0.958984375,tilt,0.0076443657481821345,0.36935810839038385,46.011386135692085,45.77181894461198,90.01601794671119,90.93528519892861,6.534879206681654,-1.6920630060759458,3.020641722177475,0.007644366053771279,0.37059755691103097,46.0113861168377,45.77170527117002,90.0160179082293,90.93782207663202,6.550715405389005,-1.6959943406983333,3.026690382521319,0.007644388203962767,0.40855400965908617,46.01138576650513,45.7686346108196,90.01601670486666,91.00312347219196,6.957687068572164,-1.8081281381891954,3.182749690317066,0.007644388511422964,0.4097779941676145,46.0113857480446,45.768513047085065,90.01601666681127,91.0056581354724,6.9734583220771444,-1.8120832729413423,3.1888204452524826
12.6,0.8231721268073642,0.002866634050482564,-0.03829543204765434,10.722561503698145,0.958984375,tilt,0.0076443657481821345,0.36935810818200154,46.011386135692085,45.771818944841705,90.01601794671119,90.93528519795247,6.534879169171286,-1.692063007110417,3.0206417190857815,0.007644366053771279,0.37059755716209225,46.0113861168377,45.77170527138193,90.0160179082293,90.93782207740912,6.550715445218372,-1.6959943397511155,3.026690383372721,0.007644388203962767,0.40855400933341307,46.01138576650513,45.76863461061333,90.01601670486666,91.00312347192758,6.957687053517159,-1.8081281384657275,3.1827496905801613,0.007644388511422964,0.4097779944266268,46.0113857480446,45.76851304684858,90.01601666681127,91.00565813589994,6.973458333037837,-1.81208327254654,3.188820447154017
12.620000000000001,0.8231721268073642,0.0028666337715467826,-0.03829543207980989,10.722561503694187,0.958984375,tilt,0.0076443657481821345,0.36935810855286116,46.011386135692085,45.77181894522093,90.01601794671119,90.93528519924902,6.5348792021636175,-1.6920630052078869,3.0206417204031446,0.007644366053771279,0.370597556839968,46.0113861168377,45.771705271435636,90.0160179082293,90.93782207575606,6.550715410268954,-1.6959943419457038,3.0266903795017344,0.007644388203962767,0.40855400983817947,46.01138576650513,45.76863461046033,90.01601670486666,91.00312347268867,6.9576870664115695,-1.808128137409791,3.182749692873715,0.007644388511422964,0.40977799384252356,46.0113857480446,45.76851304659803,90.01601666681127,91.00565813561691,6.9734583237809,-1.8120832730831629,3.1888204475627733
12.64,0.8231721268073642,0.002866634260908172,-0.03829543210902882,10.722561503702623,0.958984375,tilt,0.0076443657481821345,0.36935810809974534,46.011386135692085,45.771818945357424,90.01601794671119,90.93528519723247,6.534879165936213,-1.692063007771364,3.0206417153934018,0.007644366053771279,0.3705975573317364,46.0113861168377,45.77170527173866,90.0160179082293,90.93782207763445,6.5507154485579955,-1.6959943393462031,3.026690382414654,0.007644388203962767,0.40855400914556883,46.01138576650513,45.7686346102301,90.01601670486666,91.00312347195104,6.95768705230646,-1.8081281383954748,3.182749692196729,0.007644388511422964,0.40977799447587077,46.0113857480446,45.768513046385884,90.01601666681127,91.00565813637186,6.973458334042904,-1.812083272218143,3.188820450080093
12.66,0.8231721268073642,0.0028666339516176613,-0.03829543214041486,10.7225615036985,0.958984375,tilt,0.0076443657481821345,0.36935810856148205,46.011386135692085,45.771818945696104,90.01601794671119,90.93528519873676,6.534879199116668,-1.6920630054862613,3.020641717333572,0.007644366053771279,0.3705975569186639,46.0113861168377,45.77170527183051,90.0160179082293,90.93782207576369,6.550715413474532,-1.6959943419428969,3.0266903779086194,0.007644388203962767,0.4085540097387985,46.01138576650513,45.768634610066414,90.01601670486666,91.00312347279375,6.957687065230116,-1.8081281371636857,3.182749694712106,0.007644388511422964,0.40977799380262586,46.0113857480446,45.76851304615273,90.01601666681127,91.00565813602616,6.973458324723274,-1.8120832728909206,3.188820450281793
12.68,0.8231721268073642,0.002866634214738921,-0.038295432176810924,10.722561503704412,0.958984375,tilt,0.0076443657481821345,0.3693581081791246,46.011386135692085,45.77181894594885,90.01601794671119,90.93528519727471,6.5348791616445405,-1.6920630073979266,3.020641713076533,0.007644366053771279,0.37059755733933497,46.0113861168377,45.77170527199949,90.0160179082293,90.93782207705027,6.550715453229796,-1.6959943400321544,3.0266903800587333,0.007644388203962767,0.4085540092262131,46.01138576650513,45.768634609892594,90.01601670486666,91.00312347233213,6.957687050485678,-1.8081281379117506,3.182749694411485,0.007644388511422964,0.4097779942562362,46.0113857480446,45.76851304591676,90.01601666681127,91.0056581365856,6.973458335410587,-1.81208327219997,3.1888204524679606
12.700000000000001,0.8231721268073642,0.0028666340922912244,-0.038295432204869646,10.722561503701984,0.958984375,tilt,0.0076443657481821345,0.36935810840119015,46.011386135692085,45.77181894625284,90.01601794671119,90.93528519794087,6.534879197327745,-1.6920630064724065,3.0206417133080974,0.007644366053771279,0.37059755716211673,46.0113861168377,45.77170527211451,90.0160179082293,90.93782207608889,6.550715415367414,-1.6959943411762288,3.0266903774660014,0.007644388203962767,0.4085540095012472,46.01138576650513,45.768634609724515,90.01601670486666,91.0031234728007,6.95768706482169,-1.80812813731061,3.1827496961251422,0.007644388511422964,0.4097779939081312,46.0113857480446,45.768513045682646,90.01601666681127,91.00565813649058,6.973458324990344,-1.8120832724243148,3.1888204532197206
12.72,0.8231721268073642,0.0028666339638541215,-0.038295432238807464,10.72256150370556,0.958984375,tilt,0.0076443657481821345,0.3693581084250891,46.011386135692085,45.77181894659118,90.01601794671119,90.935285198055,6.534879155799302,-1.692063005976907,3.0206417121824147,0.007644366053771279,0.37059755718009807,46.0113861168377,45.771705272185436,90.0160179082293,90.9378220757107,6.550715459574513,-1.6959943418457593,3.0266903763392916,0.007644388203962767,0.4085540095592625,46.01138576650513,45.768634609579756,90.01601670486666,91.00312347303812,6.957687047741776,-1.808128136952296,3.182749697238113,0.007644388511422964,0.4097779937829481,46.0113857480446,45.76851304543762,90.01601666681127,91.0056581365533,6.973458337517466,-1.8120832724954419,3.1888204543588925
12.74,0.8231721268073642,0.0028666342076573087,-0.038295432261983404,10.722561503706162,0.958984375,tilt,0.0076443657481821345,0.3693581084078322,46.011386135692085,45.77181894672572,90.01601794671119,90.9352851975173,6.5348791941283695,-1.6920630067234903,3.0206417104442496,0.007644366053771279,0.3705975572386205,46.0113861168377,45.77170527247339,90.0160179082293,90.93782207602939,6.55071541871527,-1.695994341200588,3.026690375870916,0.007644388203962767,0.40855400941821507,46.01138576650513,45.7686346093535,90.01601670486666,91.00312347294492,6.957687063619968,-1.8081281370807243,3.1827496979565106,0.007644388511422964,0.40977799385739627,46.0113857480446,45.76851304524481,90.01601666681127,91.00565813684959,6.973458325949431,-1.8120832722153049,3.1888204557973254
12.76,0.8231721268073642,0.0028666340375787824,-0.03829543229620812,10.722561503709365,0.958984375,tilt,0.0076443657481821345,0.36935810851297984,46.011386135692085,45.77181894703766,90.01601794671119,90.93528519785002,6.534879151269366,-1.692063005838261,3.0206417099080953,0.007644366053771279,0.37059755717527154,46.0113861168377,45.771705272567246,90.0160179082293,90.9378220754195,6.550715464312544,-1.6959943422776569,3.0266903741398012,0.007644388203962767,0.40855400956404464,46.01138576650513,45.76863460920363,90.01601670486666,91.00312347327217,6.957687045932103,-1.8081281365486674,3.1827496992867244,0.007644388511422964,0.40977799364390577,46.0113857480446,45.76851304501443,90.01601666681127,91.00565813684504,6.973458338997793,-1.8120832724217024,3.188820456730468
12.780000000000001,0.8231721268073642,0.0028666344084818628,-0.03829543232399028,10.72256150371012,0.958984375,tilt,0.0076443657481821345,0.3693581082430152,46.011386135692085,45.77181894718634,90.01601794671119,90.93528519654794,6.534879192379035,-1.6920630079091565,3.020641706426158,0.007644366053771279,0.370597557482703,46.0113861168377,45.77170527282836,90.0160179082293,90.93782207654955,6.550715420530282,-1.695994340210047,3.0266903755709618,0.007644388203962767,0.4085540091268208,46.01138576650513,45.76863460899803,90.01601670486666,91.00312347285885,6.9576870633259364,-1.8081281373253169,3.182749699220527,0.007644388511422964,0.40977799402194304,46.0113857480446,45.768513044814114,90.01601666681127,91.00565813736456,6.973458326141576,-1.812083271693736,3.188820458685293
12.8,0.8231721268073642,0.0028666341121459608,-0.0382954323570602,10.722561503712635,0.958984375,tilt,0.0076443657481821345,0.3693581084297355,46.011386135692085,45.771818947540986,90.01601794671119,90.93528519729168,6.534879147965123,-1.6920630064591844,3.0206417066241387,0.007644366053771279,0.37059755733768596,46.0113861168377,45.77170527286713,90.0160179082293,90.93782207551648,6.550715467755228,-1.695994341889811,3.0266903731291928,0.007644388203962767,0.4085540094100521,46.01138576650513,45.76863460886819,90.01601670486666,91.00312347337169,6.957687044888667,-1.8081281365492363,3.182749700876175,0.007644388511422964,0.4097779936705469,46.0113857480446,45.76851304457483,90.01601666681127,91.00565813722046,6.97345833982582,-1.812083272068263,3.1888204593495395
12.82,0.8231721268073642,0.0028666342734706466,-0.0382954323884811,10.722561503711518,0.958984375,tilt,0.0076443657481821345,0.3693581082333261,46.011386135692085,45.77181894781066,90.01601794671119,90.9352851965651,6.534879189154332,-1.6920630078350283,3.020641703922106,0.007644366053771279,0.37059755757123347,46.0113861168377,45.7717052729883,90.0160179082293,90.93782207604195,6.550715424066561,-1.695994340557845,3.0266903737933006,0.007644388203962767,0.4085540091572731,46.01138576650513,45.76863460871498,90.01601670486666,91.00312347323269,6.957687062130307,-1.8081281370505262,3.1827497011987225,0.007644388511422964,0.4097779938642498,46.0113857480446,45.76851304434795,90.01601666681127,91.00565813753859,6.973458327002762,-1.8120832715337634,3.188820460971714
12.84,0.8231721268073642,0.0028666341341605575,-0.03829543241071837,10.722561503716353,0.958984375,tilt,0.0076443657481821345,0.3693581085130098,46.011386135692085,45.771818947993246,90.01601794671119,90.93528519718944,6.5348791431443205,-1.6920630062512432,3.020641704553878,0.007644366053771279,0.37059755733351823,46.0113861168377,45.77170527320554,90.0160179082293,90.9378220751454,6.550715472769115,-1.69599434238972,3.0266903709294803,0.007644388203962767,0.40855400943276504,46.01138576650513,45.76863460851457,90.01601670486666,91.00312347364631,6.9576870429520055,-1.8081281361347032,3.1827497029224827,0.007644388511422964,0.4097779935189248,46.0113857480446,45.76851304415856,90.01601666681127,91.00565813746087,6.973458341430358,-1.8120832720019895,3.1888204615795335
12.86,0.8231721268073642,0.002866634245878902,-0.03829543244413561,10.72256150371457,0.958984375,tilt,0.0076443657481821345,0.36935810839432043,46.011386135692085,45.77181894825189,90.01601794671119,90.93528519670204,6.5348791846333025,-1.6920630072281353,3.020641702424387,0.007644366053771279,0.37059755748923273,46.0113861168377,45.771705273333545,90.0160179082293,90.93782207541356,6.550715428873764,-1.6959943414728043,3.026690370998064,0.007644388203962767,0.40855400927438495,46.01138576650513,45.768634608362504,90.01601670486666,91.00312347360799,6.957687060252755,-1.8081281364648176,3.182749703460691,0.007644388511422964,0.40977799361796674,46.0113857480446,45.768513043944274,90.01601666681127,91.00565813770508,6.9734583285135745,-1.812083271606594,3.188820462989378
12.88,0.8231721268073642,0.002866634310155611,-0.038295432467943764,10.722561503720382,0.958984375,tilt,0.0076443657481821345,0.3693581084286803,46.011386135692085,45.77181894838866,90.01601794671119,90.93528519642452,6.534879139733043,-1.6920630070580285,3.020641701251936,0.007644366053771279,0.3705975574933602,46.0113861168377,45.77170527358971,90.0160179082293,90.93782207547287,6.550715476258899,-1.6959943417917054,3.026690370086099,0.007644388203962767,0.4085540092176949,46.01138576650513,45.76863460815703,90.01601670486666,91.00312347362784,6.957687041931439,-1.8081281362082349,3.18274970434243,0.007644388511422964,0.4097779936115719,46.0113857480446,45.76851304376349,90.01601666681127,91.00565813790682,6.97345834229387,-1.8120832716150836,3.188820464171682
12.9,0.8231721268073642,0.0028666342633388376,-0.038295432502407196,10.722561503717357,0.958984375,tilt,0.0076443657481821345,0.3693581083860499,46.011386135692085,45.77181894872076,90.01601794671119,90.93528519640542,6.534879181400811,-1.6920630074419887,3.0206416998584396,0.007644366053771279,0.3705975575728667,46.0113861168377,45.7717052736304,90.0160179082293,90.93782207525558,6.550715432303954,-1.6959943415037517,3.0266903694372016,0.007644388203962767,0.4085540092122738,46.01138576650513,45.768634608038106,90.01601670486666,91.00312347380675,6.9576870591767825,-1.808128136296161,3.1827497052223377,0.007644388511422964,0.4097779935574101,46.0113857480446,45.768513043532835,90.01601666681127,91.00565813798876,6.97345832934445,-1.8120832713903328,3.188820465293202
12.92,0.8231721268073642,0.0028666344364975125,-0.03829543252813479,10.72256150372357,0.958984375,tilt,0.0076443657481821345,0.369358108171711,46.011386135692085,45.771818948897135,90.01601794671119,90.9352851954345,6.534879137396317,-1.6920630084962807,3.0206416969957015,0.007644366053771279,0.3705975578221957,46.0113861168377,45.77170527383089,90.0160179082293,90.93782207605419,6.55071547863773,-1.6959943405181754,3.026690370382834,0.007644388203962767,0.4085540088794161,46.01138576650513,45.76863460785919,90.01601670486666,91.00312347353996,6.957687041532979,-1.8081281366238988,3.18274970536897,0.007644388511422964,0.4097779938339601,46.0113857480446,45.76851304333541,90.01601666681127,91.0056581383922,6.973458342603636,-1.8120832709749568,3.1888204669821563
12.94,0.8231721268073642,0.0028666341795575527,-0.03829543255407464,10.722561503720332,0.958984375,tilt,0.0076443657481821345,0.3693581085437821,46.011386135692085,45.77181894917958,90.01601794671119,90.9352851966697,6.534879176605832,-1.692063006732563,3.020641698571219,0.007644366053771279,0.37059755749040374,46.0113861168377,45.771705273921135,90.0160179082293,90.93782207452463,6.550715437362953,-1.6959943425199075,3.0266903666368306,0.007644388203962767,0.4085540093551564,46.01138576650513,45.76863460771126,90.01601670486666,91.0031234742317,6.957687057188819,-1.8081281356843066,3.182749707489135,0.007644388511422964,0.4097779932905028,46.0113857480446,45.768513043131655,90.01601666681127,91.00565813809614,6.973458330963084,-1.8120832714836888,3.1888204671705056
12.96,0.8231721268073642,0.002866634489027391,-0.03829543258269092,10.722561503697156,0.958984375,tilt,0.0076443657481821345,0.36935810825657656,46.011386135692085,45.771818949326146,90.01601794671119,90.93528519538829,6.534879161714957,-1.6920630086104393,3.020641695144155,0.007644366053771279,0.3705975578110144,46.0113861168377,45.77170527414723,90.0160179082293,90.93782207564203,6.5507154534616285,-1.6959943406509477,3.026690368182261,0.007644388203962767,0.4085540089160657,46.01138576650513,45.768634607529876,90.01601670486666,91.00312347382763,6.957687046758174,-1.8081281363960775,3.182749707344834,0.007644388511422964,0.40977799367631873,46.0113857480446,45.76851304294856,90.01601666681127,91.00565813859843,6.973458337496216,-1.8120832708101893,3.188820469016973
12.98,0.8231721268073642,0.0028666343194787454,-0.03829543260699391,10.722561503724211,0.958984375,tilt,0.0076443657481821345,0.36935810853756146,46.011386135692085,45.771818949530164,90.01601794671119,90.93528519614026,6.534879173233589,-1.6920630071445044,3.0206416959713547,0.007644366053771279,0.37059755756865076,46.0113861168377,45.77170527431373,90.0160179082293,90.93782207462719,6.5507154408561545,-1.6959943423325956,3.026690365263207,0.007644388203962767,0.4085540092258654,46.01138576650513,45.768634607358834,90.01601670486666,91.00312347429586,6.957687056102425,-1.8081281355816283,3.1827497090688714,0.007644388511422964,0.409777993301794,46.0113857480446,45.76851304276587,90.01601666681127,91.00565813846114,6.973458331861049,-1.8120832712380797,3.1888204694664193
13.0,0.8231721268073642,0.0028666344255333836,-0.03829543264000231,10.722561503699037,0.958984375,tilt,0.0076443657481821345,0.36935810832209465,46.011386135692085,45.77181894978516,90.01601794671119,90.93528519539704,6.534879157443785,-1.6920630083748536,3.0206416932926916,0.007644366053771279,0.3705975578173253,46.0113861168377,45.771705274416526,90.0160179082293,90.937822075181,6.550715458003269,-1.6959943411421727,3.026690366064538,0.007644388203962767,0.4085540089603801,46.01138576650513,45.76863460722607,90.01601670486666,91.00312347414817,6.957687045122042,-1.8081281360500245,3.1827497092893617,0.007644388511422964,0.4097779935141308,46.0113857480446,45.76851304255885,90.01601666681127,91.00565813877243,6.973458338797581,-1.8120832707463168,3.1888204709922263
13.02,0.8231721268073642,0.002866634428808522,-0.038295432662938854,10.722561503727412,0.958984375,tilt,0.0076443657481821345,0.3693581083582828,46.011386135692085,45.77181894997624,90.01601794671119,90.93528519533494,6.534879171035888,-1.6920630082414463,3.0206416923761195,0.007644366053771279,0.37059755781656956,46.0113861168377,45.77170527458442,90.0160179082293,90.9378220750343,6.550715443128794,-1.6959943414136398,3.0266903650560395,0.007644388203962767,0.40855400895973626,46.01138576650513,45.768634607059305,90.01601670486666,91.00312347426718,6.957687055701453,-1.8081281358418855,3.1827497102314695,0.007644388511422964,0.40977799345618865,46.0113857480446,45.76851304237184,90.01601666681127,91.00565813888483,6.973458332147433,-1.8120832707239007,3.188820472003584
13.040000000000001,0.8231721268073642,0.0028666341975795307,-0.03829543269183077,10.722561503700627,0.958984375,tilt,0.0076443657481821345,0.3693581085520255,46.011386135692085,45.77181895028326,90.01601794671119,90.93528519609183,6.534879151584641,-1.6920630071109686,3.020641692796949,0.007644366053771279,0.37059755765908753,46.0113861168377,45.77170527462706,90.0160179082293,90.93782207402089,6.550715464220113,-1.6959943427254063,3.0266903626423036,0.007644388203962767,0.40855400924304425,46.01138576650513,45.76863460693892,90.01601670486666,91.00312347475733,6.957687042549697,-1.8081281352343541,3.182749711798577,0.007644388511422964,0.4097779931124638,46.0113857480446,45.76851304216409,90.01601666681127,91.00565813872021,6.973458340889811,-1.8120832710123678,3.1888204724938305
13.06,0.8231721268073642,0.0028666345398151117,-0.03829543271264922,10.722561503731242,0.958984375,tilt,0.0076443657481821345,0.3693581083438695,46.011386135692085,45.77181895033357,90.01601794671119,90.93528519486897,6.53487916742875,-1.692063008612521,3.020641689889497,0.007644366053771279,0.3705975578996548,46.0113861168377,45.77170527493666,90.0160179082293,90.93782207509206,6.550715446847354,-1.6959943412640024,3.0266903637474476,0.007644388203962767,0.4085540088401126,46.01138576650513,45.768634606727254,90.01601670486666,91.00312347435312,6.957687054501802,-1.8081281357304573,3.1827497117762613,0.007644388511422964,0.4097779934625937,46.0113857480446,45.76851304201341,90.01601666681127,91.0056581392178,6.9734583331504725,-1.8120832704821115,3.188820474198911
13.08,0.8231721268073642,0.002866634276040466,-0.038295432741366243,10.722561503704037,0.958984375,tilt,0.0076443657481821345,0.36935810862148166,46.011386135692085,45.77181895061241,90.01601794671119,90.9352851958432,6.53487914706493,-1.6920630070869844,3.020641690904269,0.007644366053771279,0.3705975576582599,46.0113861168377,45.77170527500458,90.0160179082293,90.93782207385199,6.55071546888928,-1.695994342985268,3.0266903607310547,0.007644388203962767,0.40855400921206614,46.01138576650513,45.76863460659977,90.01601670486666,91.0031234749275,6.957687040848546,-1.8081281349458176,3.182749713556227,0.007644388511422964,0.4097779930297585,46.0113857480446,45.768513041820334,90.01601666681127,91.00565813898693,6.973458342336799,-1.8120832709139743,3.18882047448521
13.1,0.8231721268073642,0.002866634728396897,-0.03829543276647979,10.722561503734779,0.958984375,tilt,0.0076443657481821345,0.3693581081559398,46.011386135692085,45.771818950698105,90.01601794671119,90.93528519388234,6.5348791652460285,-1.692063009894107,3.020641686224929,0.007644366053771279,0.370597558153094,46.0113861168377,45.77170527526631,90.0160179082293,90.93782207569852,6.550715449076624,-1.6959943401394784,3.0266903637415354,0.007644388203962767,0.40855400852011703,46.01138576650513,45.76863460641564,90.01601670486666,91.00312347422621,6.95768705418021,-1.808128136067566,3.1827497127720763,0.007644388511422964,0.40977799367535084,46.0113857480446,45.768513041655595,90.01601666681127,91.00565813970367,6.9734583333891775,-1.812083269926757,3.188820476724641
13.120000000000001,0.8231721268073642,0.0028666343510852735,-0.038295432793729586,10.72256150370691,0.958984375,tilt,0.0076443657481821345,0.36935810851852785,46.011386135692085,45.77181895101424,90.01601794671119,90.93528519525712,6.534879143765896,-1.692063007806187,3.020641687972697,0.007644366053771279,0.37059755782669535,46.0113861168377,45.77170527528683,90.0160179082293,90.93782207404922,6.550715472286782,-1.6959943424548276,3.0266903600141006,0.007644388203962767,0.4085540090281744,46.01138576650513,45.768634606304516,90.01601670486666,91.00312347497463,6.95768703988126,-1.8081281350407694,3.1827497148669837,0.007644388511422964,0.40977799310591934,46.0113857480446,45.76851304145472,90.01601666681127,91.0056581393355,6.973458343138391,-1.8120832705354646,3.1888204767424044
13.14,0.8231721268073642,0.002866634316257877,-0.038295432821812594,10.722561503697225,0.958984375,tilt,0.0076443657481821345,0.36935810845489014,46.011386135692085,45.771818951269616,90.01601794671119,90.93528519507284,6.534879120239998,-1.6920630080211052,3.0206416865263264,0.007644366053771279,0.37059755792232096,46.0113861168377,45.77170527536372,90.0160179082293,90.93782207403567,6.550715497179292,-1.6959943423376886,3.0266903596685433,0.007644388203962767,0.4085540089631032,46.01138576650513,45.768634606181706,90.01601670486666,91.00312347505367,6.957687028294761,-1.8081281350471532,3.182749715543387,0.007644388511422964,0.40977799311846574,46.0113857480446,45.76851304125953,90.01601666681127,91.00565813946436,6.9734583514859265,-1.8120832703806857,3.1888204778216798
13.16,0.8231721268073642,0.0028666343902240743,-0.03829543283995735,10.722561503710283,0.958984375,tilt,0.0076443657481821345,0.3693581085809515,46.011386135692085,45.77181895135892,90.01601794671119,90.93528519509505,6.534879138975179,-1.6920630077203112,3.0206416862086085,0.007644366053771279,0.37059755782978376,46.0113861168377,45.77170527561607,90.0160179082293,90.9378220738128,6.550715477215516,-1.6959943427763586,3.026690358149786,0.007644388203962767,0.40855400901361466,46.01138576650513,45.76863460598823,90.01601670486666,91.00312347517665,6.95768703805294,-1.8081281347383447,3.1827497166016796,0.007644388511422964,0.40977799301142653,46.0113857480446,45.768513041114495,90.01601666681127,91.00565813955983,6.973458344706577,-1.8120832704491239,3.188820478626009
13.18,0.8231721268073642,0.002866634309006551,-0.038295432869099554,10.722561503700055,0.958984375,tilt,0.0076443657481821345,0.36935810859679735,46.011386135692085,45.771818951600835,90.01601794671119,90.93528519514751,6.53487911448697,-1.6920630075279892,3.020641685339193,0.007644366053771279,0.3705975578459011,46.0113861168377,45.77170527570282,90.0160179082293,90.9378220735496,6.550715503125763,-1.6959943430807507,3.0266903572132575,0.007644388203962767,0.40855400904258854,46.01138576650513,45.768634605864314,90.01601670486666,91.00312347535102,6.957687026018069,-1.8081281345696185,3.1827497174910233,0.007644388511422964,0.4097779929296757,46.0113857480446,45.768513040931,90.01601666681127,91.00565813961443,6.973458353470472,-1.8120832704407834,3.18882047949573
13.200000000000001,0.8231721268073642,0.002866634562643464,-0.038295432889446764,10.722561503713669,0.958984375,tilt,0.0076443657481821345,0.3693581084733773,46.011386135692085,45.77181895166814,90.01601794671119,90.93528519430527,6.534879135609714,-1.6920630086307842,3.0206416832032623,0.007644366053771279,0.3705975580000126,46.0113861168377,45.7717052759695,90.0160179082293,90.93782207423304,6.550715480639811,-1.6959943420366865,3.02669035763678,0.007644388203962767,0.4085540087716092,46.01138576650513,45.76863460567512,90.01601670486666,91.0031234751112,6.957687037115993,-1.80812813490586,3.182749717737493,0.007644388511422964,0.4097779931501085,46.0113857480446,45.76851304078787,90.01601666681127,91.00565813998043,6.973458345521515,-1.8120832700359997,3.1888204808822875
13.22,0.8231721268073642,0.0028666343332194584,-0.038295432918701536,10.722561503702543,0.958984375,tilt,0.0076443657481821345,0.369358108567753,46.011386135692085,45.771818951976485,90.01601794671119,90.93528519481194,6.534879109978976,-1.6920630078425813,3.020641683067149,0.007644366053771279,0.37059755793757476,46.0113861168377,45.771705275978306,90.0160179082293,90.93782207350354,6.550715507761334,-1.6959943429686077,3.0266903559870997,0.007644388203962767,0.4085540089501984,46.01138576650513,45.76863460557959,90.01601670486666,91.00312347548939,6.957687024502537,-1.8081281344949733,3.182749718958433,0.007644388511422964,0.4097779929184874,46.0113857480446,45.76851304058863,90.01601666681127,91.00565813987569,6.973458354788847,-1.8120832702075638,3.1888204814675136
13.24,0.8231721268073642,0.0028666346797690968,-0.03829543294118581,10.72256150371636,0.958984375,tilt,0.0076443657481821345,0.36935810819227055,46.011386135692085,45.77181895210259,90.01601794671119,90.93528519330279,6.534879133306769,-1.6920630101643006,3.020641679221281,0.007644366053771279,0.37059755834093483,46.0113861168377,45.771705276171105,90.0160179082293,90.93782207488961,6.5507154829718806,-1.6959943406421734,3.0266903582609475,0.007644388203962767,0.40855400841073725,46.01138576650513,45.76863460542332,90.01601670486666,91.00312347498469,6.957687036767251,-1.8081281354034375,3.182749718491862,0.007644388511422964,0.4097779934133563,46.0113857480446,45.76851304042314,90.01601666681127,91.00565814043772,6.973458345798004,-1.8120832693667572,3.1888204833716296
13.26,0.8231721268073642,0.0028666342743698214,-0.038295432962536714,10.722561503705231,0.958984375,tilt,0.0076443657481821345,0.36935810870406116,46.011386135692085,45.77181895233279,90.01601794671119,90.93528519500141,6.5348791039188585,-1.6920630072605956,3.02064168203231,0.007644366053771279,0.37059755786396426,46.0113861168377,45.77170527626005,90.0160179082293,90.93782207292303,6.550715513994986,-1.6959943438014553,3.0266903535562104,0.007644388203962767,0.4085540090539493,46.01138576650513,45.768634605287986,90.01601670486666,91.00312347583173,6.957687022094661,-1.8081281339947484,3.182749720899991,0.007644388511422964,0.40977799271001963,46.0113857480446,45.76851304025928,90.01601666681127,91.00565813997244,6.973458356905485,-1.8120832702866427,3.1888204830274605
13.280000000000001,0.8231721268073642,0.002866634559824469,-0.03829543298803609,10.722561503718374,0.958984375,tilt,0.0076443657481821345,0.3693581084027912,46.011386135692085,45.77181895246156,90.01601794671119,90.93528519374722,6.534879127199157,-1.692063009171643,3.020641678738306,0.007644366053771279,0.3705975581930414,46.0113861168377,45.771705276446234,90.0160179082293,90.93782207403613,6.550715489358331,-1.6959943418964896,3.0266903552544635,0.007644388203962767,0.40855400861387386,46.01138576650513,45.76863460513762,90.01601670486666,91.00312347543463,6.957687034248821,-1.808128134736419,3.1827497206449173,0.007644388511422964,0.4097779931054668,46.0113857480446,45.76851304010281,90.01601666681127,91.00565814045298,6.973458347920857,-1.8120832695907376,3.188820484717164
13.3,0.8231721268073642,0.0028666344152901207,-0.03829543300817402,10.722561503708473,0.958984375,tilt,0.0076443657481821345,0.36935810867439833,46.011386135692085,45.771818952603134,90.01601794671119,90.93528519443792,6.534879099233595,-1.6920630077728385,3.020641679684383,0.007644366053771279,0.3705975579536486,46.0113861168377,45.77170527662065,90.0160179082293,90.93782207312708,6.550715518748912,-1.6959943434719829,3.026690352537331,0.007644388203962767,0.40855400889776805,46.01138576650513,45.76863460497875,90.01601670486666,91.00312347584344,6.957687020541992,-1.8081281339841424,3.182749722188599,0.007644388511422964,0.4097779927667677,46.0113857480446,45.76851303995839,90.01601666681127,91.0056581403171,6.97345835830041,-1.8120832700204252,3.1888204850130664
13.32,0.8231721268073642,0.002866634514331673,-0.038295433036235414,10.722561503720403,0.958984375,tilt,0.0076443657481821345,0.36935810844437755,46.011386135692085,45.77181895283098,90.01601794671119,90.93528519369451,6.534879122380299,-1.692063009060378,3.020641677116104,0.007644366053771279,0.37059755821139223,46.0113861168377,45.77170527669548,90.0160179082293,90.93782207371169,6.550715494371628,-1.695994342218128,3.0266903535205723,0.007644388203962767,0.4085540086223685,46.01138576650513,45.76863460487051,90.01601670486666,91.00312347568212,6.957687032533743,-1.808128134489901,3.1827497222793877,0.007644388511422964,0.409777992997559,46.0113857480446,45.76851303977827,90.01601666681127,91.00565814061406,6.97345834935901,-1.8120832695048654,3.1888204863971814
13.34,0.8231721268073642,0.002866634519140501,-0.038295433056258356,10.722561503711065,0.958984375,tilt,0.0076443657481821345,0.36935810847109457,46.011386135692085,45.771818952980965,90.01601794671119,90.9352851936133,6.534879095660503,-1.6920630089577449,3.020641676324792,0.007644366053771279,0.3705975582142556,46.0113861168377,45.77170527685034,90.0160179082293,90.93782207361612,6.550715522357367,-1.695994342433539,3.026690352678302,0.007644388203962767,0.4085540086096957,46.01138576650513,45.76863460472419,90.01601670486666,91.00312347577201,6.957687019629115,-1.8081281343229512,3.1827497230740853,0.007644388511422964,0.4097779929608581,46.0113857480446,45.76851303962442,90.01601666681127,91.00565814071648,6.973458359111848,-1.8120832694847286,3.18882048725086
13.36,0.8231721268073642,0.002866634327454246,-0.03829543307949379,10.72256150372232,0.958984375,tilt,0.0076443657481821345,0.36935810865025864,46.011386135692085,45.77181895322671,90.01601794671119,90.93528519428483,6.534879115971794,-1.6920630079514074,3.020641676806657,0.007644366053771279,0.37059755806539535,46.0113861168377,45.77170527690238,90.0160179082293,90.93782207273459,6.550715501035684,-1.695994343587786,3.026690350518141,0.007644388203962767,0.40855400885834237,46.01138576650513,45.76863460461376,90.01601670486666,91.00312347619143,6.95768702989153,-1.808128133792105,3.1827497244451832,0.007644388511422964,0.4097779926611731,46.0113857480446,45.76851303945234,90.01601666681127,91.00565814056284,6.9734583516075075,-1.8120832697529758,3.188820487619093
13.38,0.8231721268073642,0.0028666346365972175,-0.03829543309911004,10.722561503714255,0.958984375,tilt,0.0076443657481821345,0.36935810843181616,46.011386135692085,45.771818953263825,90.01601794671119,90.9352851931024,6.5348790906953695,-1.6920630094381037,3.02064167404259,0.007644366053771279,0.37059755831092017,46.0113861168377,45.77170527716925,90.0160179082293,90.93782207378294,6.550715527388418,-1.695994342134171,3.026690351746603,0.007644388203962767,0.40855400846216805,46.01138576650513,45.768634604434574,90.01601670486666,91.00312347580036,6.957687017934014,-1.8081281343051425,3.182749724319506,0.007644388511422964,0.4097779930131413,46.0113857480446,45.768513039328205,90.01601666681127,91.00565814103437,6.973458360641793,-1.8120832692230076,3.188820489158445
13.4,0.8231721268073642,0.0028666344189333974,-0.038295433121889995,10.7225615037255,0.958984375,tilt,0.0076443657481821345,0.36935810869394814,46.011386135692085,45.7718189534777,90.01601794671119,90.93528519397788,6.53487911091363,-1.6920630080507655,3.0206416751036858,0.007644366053771279,0.37059755807910183,46.0113861168377,45.77170527725079,90.0160179082293,90.93782207269082,6.550715506200297,-1.695994343681534,3.0266903490021035,0.007644388203962767,0.4085540087953513,46.01138576650513,45.7686346043151,90.01601670486666,91.0031234762957,6.957687028105436,-1.8081281336037591,3.182749725893025,0.007644388511422964,0.40977799262851994,46.0113857480446,45.76851303917105,90.01601666681127,91.00565814081902,6.973458353180528,-1.8120832696328601,3.188820489331695
13.42,0.8231721268073642,0.0028666348164007177,-0.03829543314542571,10.72256150371707,0.958984375,tilt,0.0076443657481821345,0.36935810833239135,46.011386135692085,45.77181895359582,90.01601794671119,90.93528519254536,6.534879192617154,-1.6920630108097043,3.0206416714597117,0.007644366053771279,0.37059755846601145,46.0113861168377,45.771705277424545,90.0160179082293,90.93782207400048,6.550715421083945,-1.695994340892848,3.026690351184719,0.007644388203962767,0.40855400828415217,46.01138576650513,45.768634604177116,90.01601670486666,91.00312347582376,6.957687059812277,-1.8081281347190095,3.182749725423817,0.007644388511422964,0.40977799309933594,46.0113857480446,45.768513039023105,90.01601666681127,91.00565814135103,6.973458327692892,-1.8120832686434016,3.188820491098615
13.44,0.8231721268073642,0.002866634498153148,-0.03829543316669828,10.722561503728105,0.958984375,tilt,0.0076443657481821345,0.3693581085645271,46.011386135692085,45.77181895381384,90.01601794671119,90.93528519335243,6.534879107039246,-1.6920630088772746,3.0206416723532192,0.007644366053771279,0.3705975582633221,46.0113861168377,45.77170527749362,90.0160179082293,90.9378220729899,6.550715510142196,-1.6959943430095956,3.026690348670785,0.007644388203962767,0.4085540085851659,46.01138576650513,45.7686346040629,90.01601670486666,91.00312347628982,6.957687027025023,-1.8081281337841286,3.182749726911932,0.007644388511422964,0.409777992748262,46.0113857480446,45.76851303886297,90.01601666681127,91.00565814115244,6.9734583541236965,-1.8120832692301407,3.1888204913200213
13.46,0.8231721268073642,0.002866634463389798,-0.038295433190459825,10.722561503717612,0.958984375,tilt,0.0076443657481821345,0.36935810860758495,46.011386135692085,45.77181895406283,90.01601794671119,90.93528519361017,6.534879186991041,-1.6920630091188174,3.02064167190888,0.007644366053771279,0.3705975582478862,46.0113861168377,45.771705277525605,90.0160179082293,90.93782207254759,6.550715427066527,-1.6959943428494426,3.0266903475614226,0.007644388203962767,0.40855400867507646,46.01138576650513,45.768634603967776,90.01601670486666,91.00312347653647,6.95768705729444,-1.8081281338189863,3.182749727842493,0.007644388511422964,0.4097779926123546,46.0113857480446,45.76851303869252,90.01601666681127,91.00565814112161,6.973458329713985,-1.8120832690735749,3.1888204919491847
13.48,0.8231721268073642,0.002866634556101214,-0.03829543320636095,10.722561503731226,0.958984375,tilt,0.0076443657481821345,0.36935810860008045,46.011386135692085,45.77181895408421,90.01601794671119,90.93528519312129,6.5348791016904935,-1.6920630089209272,3.020641670739371,0.007644366053771279,0.37059755828254193,46.0113861168377,45.77170527779413,90.0160179082293,90.93782207288676,6.5507155155890215,-1.6959943431560585,3.026690347218197,0.007644388203962767,0.4085540085370283,46.01138576650513,45.76863460378609,90.01601670486666,91.00312347642212,6.957687025100108,-1.8081281335806942,3.182749728332573,0.007644388511422964,0.4097779927047497,46.0113857480446,45.76851303858308,90.01601666681127,91.00565814137197,6.973458355831603,-1.8120832691214463,3.188820492946054
13.5,0.8231721268073642,0.002866634481978626,-0.038295433230544795,10.722561503720321,0.958984375,tilt,0.0076443657481821345,0.36935810872444935,46.011386135692085,45.771818954316146,90.01601794671119,90.9352851936117,6.534879182739017,-1.6920630087682298,3.020641670877705,0.007644366053771279,0.37059755818579115,46.0113861168377,45.771705277840354,90.0160179082293,90.93782207220232,6.550715431476808,-1.6959943434029094,3.0266903455168634,0.007644388203962767,0.40855400872007586,46.01138576650513,45.768634603687445,90.01601670486666,91.00312347675928,6.957687055641463,-1.8081281334449626,3.1827497294753258,0.007644388511422964,0.40977799247540747,46.0113857480446,45.768513038424274,90.01601666681127,91.00565814126806,6.97345833110802,-1.8120832691086928,3.188820493368466
13.52,0.8231721268073642,0.00286663472857541,-0.03829543324884268,10.722561503734271,0.958984375,tilt,0.0076443657481821345,0.3693581084642587,46.011386135692085,45.77181895433704,90.01601794671119,90.93528519229598,6.534879097741505,-1.6920630099386962,3.0206416678856263,0.007644366053771279,0.37059755847081,46.0113861168377,45.77170527810161,90.0160179082293,90.93782207340065,6.550715519577857,-1.695994342278042,3.0266903470991258,0.007644388203962767,0.40855400827091043,46.01138576650513,45.7686346035177,90.01601670486666,91.00312347631025,6.957687024040473,-1.8081281338285065,3.1827497291843923,0.007644388511422964,0.4097779928841285,46.0113857480446,45.76851303831029,90.01601666681127,91.00565814177861,6.973458356783671,-1.8120832686799906,3.1888204949512833
13.540000000000001,0.8231721268073642,0.002866634520352643,-0.03829543327257769,10.72256150372267,0.958984375,tilt,0.0076443657481821345,0.3693581086696862,46.011386135692085,45.77181895462742,90.01601794671119,90.93528519322513,6.534879179774159,-1.6920630092087905,3.020641668755486,0.007644366053771279,0.3705975582929895,46.0113861168377,45.77170527808021,90.0160179082293,90.93782207226957,6.550715434551443,-1.6959943431270261,3.0266903446862505,0.007644388203962767,0.4085540085997999,46.01138576650513,45.76863460344276,90.01601670486666,91.00312347683837,6.9576870547578915,-1.8081281334585455,3.1827497306493315,0.007644388511422964,0.4097779925086401,46.0113857480446,45.7685130381372,90.01601666681127,91.0056581415194,6.973458331820567,-1.8120832688468016,3.188820495092115
13.56,0.8231721268073642,0.002866634680871041,-0.03829543329364596,10.722561503721916,0.958984375,tilt,0.0076443657481821345,0.36935810848215733,46.011386135692085,45.771818954789865,90.01601794671119,90.93528519252364,6.534879215760084,-1.6920630105286967,3.0206416665454485,0.007644366053771279,0.3705975585051973,46.0113861168377,45.77170527818631,90.0160179082293,90.93782207283321,6.5507153972038425,-1.6959943418433445,3.0266903454968794,0.007644388203962767,0.4085540083461168,46.01138576650513,45.76863460332897,90.01601670486666,91.00312347667021,6.95768706881409,-1.808128133949375,3.182749730746975,0.007644388511422964,0.40977799272209764,46.0113857480446,45.76851303798841,90.01601666681127,91.00565814180521,6.973458320351368,-1.812083268335568,3.1888204963244906
13.58,0.8231721268073642,0.002866634493049778,-0.038295433309767486,10.722561503725297,0.958984375,tilt,0.0076443657481821345,0.3693581087800112,46.011386135692085,45.77181895490862,90.01601794671119,90.93528519332821,6.534879175272149,-1.6920630087802966,3.0206416678358607,0.007644366053771279,0.3705975582350987,46.0113861168377,45.7717052783397,90.0160179082293,90.9378220718397,6.550715439197772,-1.6959943437578757,3.0266903426791893,0.007644388203962767,0.4085540086668054,46.01138576650513,45.76863460318644,90.01601670486666,91.00312347710098,6.957687052986042,-1.808128133064333,3.1827497322718115,0.007644388511422964,0.4097779923535324,46.0113857480446,45.76851303786663,90.01601666681127,91.00565814161838,6.973458333332608,-1.8120832688993185,3.188820496416306
13.6,0.8231721268073642,0.0028666345967968275,-0.038295433332702425,10.722561503723977,0.958984375,tilt,0.0076443657481821345,0.3693581086700507,46.011386135692085,45.77181895506979,90.01601794671119,90.93528519288367,6.534879211428971,-1.692063009683581,3.0206416661979487,0.007644366053771279,0.37059755836966984,46.0113861168377,45.77170527844391,90.0160179082293,90.93782207213367,6.550715401742894,-1.6959943429001485,3.0266903429022882,0.007644388203962767,0.4085540085132975,46.01138576650513,45.76863460307547,90.01601670486666,91.00312347703685,6.957687067062212,-1.8081281333837962,3.182749732585588,0.007644388511422964,0.4097779924666646,46.0113857480446,45.7685130377263,90.01601666681127,91.00565814182141,6.97345832182006,-1.8120832685366053,3.188820497433742
13.620000000000001,0.8231721268073642,0.002866634642571994,-0.03829543334886926,10.72256150372823,0.958984375,tilt,0.0076443657481821345,0.36935810872273456,46.011386135692085,45.771818955123884,90.01601794671119,90.93528519271887,6.534879172247901,-1.6920630094189524,3.0206416656113344,0.007644366053771279,0.3705975583425595,46.0113861168377,45.77170527865801,90.0160179082293,90.9378220721469,6.550715442290234,-1.695994343267549,3.026690342060517,0.007644388203962767,0.40855400848516116,46.01138576650513,45.76863460291941,90.01601670486666,91.00312347706033,6.957687052120309,-1.8081281331419583,3.1827497332733987,0.007644388511422964,0.40977799245161295,46.0113857480446,45.768513037617744,90.01601666681127,91.00565814195376,6.973458334073849,-1.8120832686013277,3.188820498168793
13.64,0.8231721268073642,0.002866634572380562,-0.038295433373112926,10.72256150372595,0.958984375,tilt,0.0076443657481821345,0.36935810868816904,46.011386135692085,45.77181895537499,90.01601794671119,90.93528519277405,6.5348792084498415,-1.6920630096997902,3.020641664711804,0.007644366053771279,0.3705975584017136,46.0113861168377,45.771705278662274,90.0160179082293,90.9378220719291,6.550715404873156,-1.6959943430561972,3.0266903415592794,0.007644388203962767,0.4085540084937437,46.01138576650513,45.768634602844855,90.01601670486666,91.00312347721989,6.957687066111035,-1.8081281332246457,3.1827497339296795,0.007644388511422964,0.40977799240255963,46.0113857480446,45.768513037454774,90.01601666681127,91.00565814197563,6.97345832258093,-1.8120832684254615,3.1888204988816673
13.66,0.8231721268073642,0.002866634748812097,-0.03829543338987893,10.72256150373057,0.958984375,tilt,0.0076443657481821345,0.3693581084916812,46.011386135692085,45.77181895545636,90.01601794671119,90.93528519186309,6.534879170358576,-1.6920630107176322,3.0206416623682344,0.007644366053771279,0.3705975586216188,46.0113861168377,45.77170527883868,90.0160179082293,90.93782207272054,6.550715444222373,-1.695994342089672,3.026690342587818,0.007644388203962767,0.4085540081760269,46.01138576650513,45.76863460270817,90.01601670486666,91.00312347694583,6.957687051890863,-1.8081281335570951,3.182749733887907,0.007644388511422964,0.40977799268187043,46.0113857480446,45.76851303733167,90.01601666681127,91.00565814233993,6.9734583342316485,-1.8120832680329353,3.188820500181433
13.68,0.8231721268073642,0.0028666344277120757,-0.03829543340917595,10.722561503727954,0.958984375,tilt,0.0076443657481821345,0.36935810887090054,46.011386135692085,45.77181895569279,90.01601794671119,90.93528519326709,6.534879203878648,-1.6920630087476352,3.020641664504886,0.007644366053771279,0.3705975582691144,46.0113861168377,45.77170527885542,90.0160179082293,90.93782207111451,6.550715409634379,-1.6959943442196417,3.0266903389723208,0.007644388203962767,0.4085540086912176,46.01138576650513,45.768634602618405,90.01601670486666,91.0031234776408,6.957687064251995,-1.8081281326304475,3.182749735777479,0.007644388511422964,0.40977799212049304,46.0113857480446,45.76851303718584,90.01601666681127,91.00565814193133,6.973458324153435,-1.8120832686498654,3.188820499885586
13.700000000000001,0.8231721268073642,0.002866634879195825,-0.038295433426600925,10.722561503733465,0.958984375,tilt,0.0076443657481821345,0.3693581084241424,46.011386135692085,45.771818955686626,90.01601794671119,90.9352851912979,6.534879167112922,-1.6920630113306696,3.020641660180706,0.007644366053771279,0.3705975587371992,46.0113861168377,45.771705279117356,90.0160179082293,90.93782207299645,6.550715447533325,-1.6959943416230694,3.026690342061017,0.007644388203962767,0.4085540080014635,46.01138576650513,45.768634602459166,90.01601670486666,91.00312347691865,6.957687050903697,-1.8081281336286072,3.1827497348458076,0.007644388511422964,0.4097779927764072,46.0113857480446,45.768513037085484,90.01601666681127,91.00565814265276,6.973458335089155,-1.8120832677393506,3.1888205018731073
13.72,0.8231721268073642,0.002866634534441898,-0.038295433445337354,10.722561503730779,0.958984375,tilt,0.0076443657481821345,0.3693581088901213,46.011386135692085,45.77181895588769,90.01601794671119,90.93528519290916,6.534879200780087,-1.6920630089714874,3.020641662918072,0.007644366053771279,0.3705975582979256,46.0113861168377,45.77170527916763,90.0160179082293,90.9378220711784,6.550715412827102,-1.695994344152192,3.0266903378417256,0.007644388203962767,0.4085540086033023,46.01138576650513,45.76863460235847,90.01601670486666,91.00312347768876,6.95768706326367,-1.8081281325288585,3.182749736943907,0.007644388511422964,0.4097779921279696,46.0113857480446,45.768513036955085,90.01601666681127,91.00565814218086,6.973458324993884,-1.812083268503628,3.1888205013766155
13.74,0.8231721268073642,0.0028666347681262014,-0.03829543346672975,10.722561503734854,0.958984375,tilt,0.0076443657481821345,0.36935810851134454,46.011386135692085,45.77181895600617,90.01601794671119,90.93528519150057,6.534879162683362,-1.6920630108894532,3.020641659326029,0.007644366053771279,0.3705975586979454,46.0113861168377,45.77170527929459,90.0160179082293,90.93782207248168,6.550715452162789,-1.695994342241096,3.0266903402003664,0.007644388203962767,0.40855400809249387,46.01138576650513,45.768634602250124,90.01601670486666,91.00312347722415,6.957687049280616,-1.8081281332939376,3.1827497363702273,0.007644388511422964,0.40977799260512815,46.0113857480446,45.76851303682387,90.01601666681127,91.00565814269513,6.973458336424272,-1.8120832677858099,3.188820503036122
13.76,0.8231721268073642,0.0028666346201975342,-0.038295433483457514,10.722561503733079,0.958984375,tilt,0.0076443657481821345,0.3693581087359008,46.011386135692085,45.77181895617855,90.01601794671119,90.93528519225026,6.534879198908176,-1.6920630099097056,3.0206416602785446,0.007644366053771279,0.37059755849807596,46.0113861168377,45.77170527936602,90.0160179082293,90.93782207156329,6.550715414763125,-1.6959943433414344,3.0266903378810275,0.007644388203962767,0.4085540083733634,46.01138576650513,45.768634602146676,90.01601670486666,91.00312347763808,6.957687062973135,-1.8081281327840641,3.1827497376997194,0.007644388511422964,0.4097779922819138,46.0113857480446,45.768513036693186,90.01601666681127,91.00565814250258,6.973458325196137,-1.8120832680727819,3.188820503150364
13.780000000000001,0.8231721268073642,0.0028666344705509383,-0.03829543350345948,10.722561503735895,0.958984375,tilt,0.0076443657481821345,0.36935810876190683,46.011386135692085,45.77181895638934,90.01601794671119,90.93528519243752,6.534879156631412,-1.6920630093688467,3.0206416598341224,0.007644366053771279,0.37059755849521797,46.0113861168377,45.77170527939326,90.0160179082293,90.93782207122462,6.5507154584707665,-1.6959943439792438,3.0266903370201605,0.007644388203962767,0.40855400843559114,46.01138576650513,45.76863460206435,90.01601670486666,91.00312347783188,6.957687046716898,-1.808128132497002,3.182749738461915,0.007644388511422964,0.4097779921809603,46.0113857480446,45.76851303654871,90.01601666681127,91.00565814248466,6.9734583385824065,-1.8120832681915027,3.1888205037013395
13.8,0.8231721268073642,0.0028666346974796993,-0.038295433517304675,10.722561503735834,0.958984375,tilt,0.0076443657481821345,0.36935810874623753,46.011386135692085,45.77181895639478,90.01601794671119,90.93528519195822,6.534879195594412,-1.6920630100870602,3.020641658750961,0.007644366053771279,0.37059755853362136,46.0113861168377,45.77170527963285,90.0160179082293,90.93782207157471,6.55071541816375,-1.6959943433179046,3.026690336818849,0.007644388203962767,0.4085540082983754,46.01138576650513,45.76863460190669,90.01601670486666,91.00312347771006,6.957687061869224,-1.8081281326704501,3.1827497388377255,0.007644388511422964,0.4097779922797959,46.0113857480446,45.768513036462174,90.01601666681127,91.00565814272096,6.973458326146966,-1.812083267934951,3.1888205045737528
13.82,0.8231721268073642,0.002866634512270904,-0.038295433537376015,10.72256150373852,0.958984375,tilt,0.0076443657481821345,0.3693581088527149,46.011386135692085,45.771818956583765,90.01601794671119,90.9352851923641,6.534879151966366,-1.6920630091487414,3.020641658877443,0.007644366053771279,0.3705975584502737,46.0113861168377,45.77170527967969,90.0160179082293,90.93782207101063,6.550715463249822,-1.6959943443630165,3.0266903353811103,0.007644388203962767,0.40855400844906464,46.01138576650513,45.76863460181853,90.01601670486666,91.00312347798616,6.957687045009943,-1.8081281322118448,3.1827497398035085,0.007644388511422964,0.409777992090049,46.0113857480446,45.76851303632966,90.01601666681127,91.00565814263472,6.973458340074436,-1.812083268201082,3.18882050492722
13.84,0.8231721268073642,0.002866634871100015,-0.03829543355366155,10.722561503738477,0.958984375,tilt,0.0076443657481821345,0.3693581085838406,46.011386135692085,45.77181895660995,90.01601794671119,90.93528519110531,6.534879193756961,-1.692063011216837,3.020641655990197,0.007644366053771279,0.3705975587399812,46.0113861168377,45.771705279891,90.0160179082293,90.93782207216573,6.550715420049898,-1.6959943423028174,3.026690337071092,0.007644388203962767,0.4085540080142174,46.01138576650513,45.76863460168007,90.01601670486666,91.00312347755907,6.957687061639475,-1.8081281329939518,3.18274973943336,0.007644388511422964,0.4097779924910867,46.0113857480446,45.768513036231795,90.01601666681127,91.00565814311554,6.973458326310999,-1.8120832674615623,3.18882050637892
13.86,0.8231721268073642,0.0028666345624804783,-0.03829543357302136,10.722561503740783,0.958984375,tilt,0.0076443657481821345,0.3693581087712488,46.011386135692085,45.77181895684817,90.01601794671119,90.93528519192452,6.534879148557419,-1.6920630097031208,3.0206416568293593,0.007644366053771279,0.3705975585757103,46.0113861168377,45.77170527988114,90.0160179082293,90.93782207118288,6.550715466738863,-1.6959943439439142,3.0266903349389365,0.007644388203962767,0.40855400830339067,46.01138576650513,45.768634601611204,90.01601670486666,91.00312347801082,6.957687044045603,-1.8081281323023626,3.1827497407056757,0.007644388511422964,0.40977799216254807,46.0113857480446,45.768513036087036,90.01601666681127,91.00565814288231,6.973458340896501,-1.8120832679139887,3.188820506460688
13.88,0.8231721268073642,0.0028666347132753666,-0.03829543359136607,10.722561503739655,0.958984375,tilt,0.0076443657481821345,0.36935810857529516,46.011386135692085,45.77181895700336,90.01601794671119,90.93528519124843,6.534879190389813,-1.6920630110657773,3.020641654705308,0.007644366053771279,0.37059755879238426,46.0113861168377,45.771705279952236,90.0160179082293,90.93782207174142,6.550715423582562,-1.69599434261097,3.026690335880655,0.007644388203962767,0.40855400805408204,46.01138576650513,45.768634601521626,90.01601670486666,91.00312347784372,6.957687060546167,-1.808128132822516,3.182749740707008,0.007644388511422964,0.40977799237811297,46.0113857480446,45.768513035956076,90.01601666681127,91.005658143149,6.97345832719096,-1.8120832673856022,3.1888205075780442
13.9,0.8231721268073642,0.002866634563200516,-0.038295433604586655,10.72256150374335,0.958984375,tilt,0.0076443657481821345,0.369358108854829,46.011386135692085,45.77181895707113,90.01601794671119,90.93528519194183,6.534879143625531,-1.6920630094135851,3.0206416559575846,0.007644366053771279,0.3705975585360638,46.0113861168377,45.77170528011571,90.0160179082293,90.93782207089198,6.550715471775299,-1.6959943443975063,3.026690333340576,0.007644388203962767,0.4085540083365536,46.01138576650513,45.76863460138763,90.01601670486666,91.00312347820083,6.957687042210048,-1.8081281319991434,3.182749742035168,0.007644388511422964,0.40977799205524523,46.0113857480446,45.76851303586432,90.01601666681127,91.00565814298932,6.973458342515947,-1.812083267941203,3.188820507606577
13.92,0.8231721268073642,0.002866634664875758,-0.03829543362400043,10.722561503741805,0.958984375,tilt,0.0076443657481821345,0.3693581087358759,46.011386135692085,45.771818957219814,90.01601794671119,90.9352851915089,6.534879185745141,-1.692063010374667,3.0206416543965275,0.007644366053771279,0.3705975586757386,46.0113861168377,45.77170528019079,90.0160179082293,90.93782207119814,6.550715428381982,-1.6959943434751052,3.0266903337093085,0.007644388203962767,0.40855400818258164,46.01138576650513,45.76863460129789,90.01601670486666,91.00312347812921,6.957687058779414,-1.8081281323526452,3.182749742246055,0.007644388511422964,0.40977799217529665,46.0113857480446,45.768513035742046,90.01601666681127,91.00565814317788,6.973458328724831,-1.8120832675583773,3.188820508518347
13.94,0.8231721268073642,0.0028666347191425704,-0.03829543363798576,10.722561503745993,0.958984375,tilt,0.0076443657481821345,0.3693581087694452,46.011386135692085,45.771818957246516,90.01601794671119,90.93528519128508,6.534879140150822,-1.6920630101652476,3.0206416537912615,0.007644366053771279,0.3705975586635854,46.0113861168377,45.77170528039104,90.0160179082293,90.9378220712948,6.550715475300599,-1.6959943437675276,3.0266903331081787,0.007644388203962767,0.4085540081315288,46.01138576650513,45.7686346011593,90.01601670486666,91.00312347811258,6.957687041262332,-1.8081281321520732,3.18274974277466,0.007644388511422964,0.409777992190082,46.0113857480446,45.76851303565687,90.01601666681127,91.005658143321,6.973458343360405,-1.8120832676145824,3.1888205091812063
13.96,0.8231721268073642,0.0028666346621668464,-0.03829543365796634,10.722561503743743,0.958984375,tilt,0.0076443657481821345,0.36935810872582703,46.011386135692085,45.77181895747503,90.01601794671119,90.93528519132555,6.534879182425313,-1.692063010524887,3.020641652951489,0.007644366053771279,0.37059755872786027,46.0113861168377,45.77170528037811,90.0160179082293,90.93782207111992,6.550715431810498,-1.695994343464697,3.0266903327719197,0.007644388203962767,0.40855400813150533,46.01138576650513,45.76863460110072,90.01601670486666,91.00312347824803,6.9576870577910155,-1.8081281322759497,3.182749743312674,0.007644388511422964,0.40977799215599336,46.0113857480446,45.768513035513685,90.01601666681127,91.00565814333739,6.973458329555381,-1.8120832674157448,3.1888205098011824
13.98,0.8231721268073642,0.0028666348258325008,-0.038295433673012774,10.722561503748173,0.958984375,tilt,0.0076443657481821345,0.3693581085100935,46.011386135692085,45.77181895754773,90.01601794671119,90.93528519039597,6.534879137771251,-1.6920630115626647,3.020641650602396,0.007644366053771279,0.37059755896317,46.0113861168377,45.77170528052253,90.0160179082293,90.93782207194724,6.550715477709569,-1.6959943424682198,3.026690334009791,0.007644388203962767,0.40855400780305584,46.01138576650513,45.76863460098785,90.01601670486666,91.00312347795882,6.957687040921098,-1.8081281326320642,3.1827497431408114,0.007644388511422964,0.40977799245236546,46.0113857480446,45.7685130354086,90.01601666681127,91.00565814369934,6.973458343637615,-1.8120832670171263,3.188820511022039
