Command line invocation:
    /Applications/Xcode.app/Contents/Developer/usr/bin/xcodebuild -project apps/ios/SpotOMGController/SpotOMGController.xcodeproj -scheme SpotOMGController -destination "generic/platform=iOS Simulator" -derivedDataPath artifacts/s-native-v6-2-3/ios-build CODE_SIGNING_ALLOWED=NO build

Build settings from command line:
    CODE_SIGNING_ALLOWED = NO

2026-09-15 20:09:48.586 xcodebuild[80760:5317522] [MT] IDERunDestination: Supported platforms for the buildables in the current scheme is empty.
ComputePackagePrebuildTargetDependencyGraph

Prepare packages

CreateBuildRequest

SendProjectDescription

CreateBuildOperation

ComputeTargetDependencyGraph
note: Building targets in dependency order
note: Target dependency graph (1 target)
    Target 'SpotOMGController' in project 'SpotOMGController' (no dependencies)

GatherProvisioningInputs

CreateBuildDescription

ExecuteExternalTool /usr/bin/clang -v -E -dM -isysroot /Applications/Xcode.app/Contents/Developer/Platforms/iPhoneSimulator.platform/Developer/SDKs/iPhoneSimulator26.5.sdk -x c -c /dev/null

ExecuteExternalTool /Applications/Xcode.app/Contents/Developer/usr/bin/actool --print-asset-tag-combinations --output-format xml1 /Users/etnlwind/project/spot_omg/apps/ios/SpotOMGController/SpotOMGController/Resources/Assets.xcassets

ExecuteExternalTool /Applications/Xcode.app/Contents/Developer/usr/bin/actool --version --output-format xml1

ExecuteExternalTool /Applications/Xcode.app/Contents/Developer/Toolchains/XcodeDefault.xctoolchain/usr/bin/swiftc --version

ExecuteExternalTool /Applications/Xcode.app/Contents/Developer/Toolchains/XcodeDefault.xctoolchain/usr/bin/ld -version_details

Build description signature: c019fb2b81181ca36b91d9eff1a00e5a
Build description path: /Users/etnlwind/project/spot_omg/artifacts/s-native-v6-2-3/ios-build/Build/Intermediates.noindex/XCBuildData/c019fb2b81181ca36b91d9eff1a00e5a.xcbuilddata
CreateBuildDirectory /Users/etnlwind/project/spot_omg/artifacts/s-native-v6-2-3/ios-build/Build/Products
    cd /Users/etnlwind/project/spot_omg/apps/ios/SpotOMGController/SpotOMGController.xcodeproj
    builtin-create-build-directory /Users/etnlwind/project/spot_omg/artifacts/s-native-v6-2-3/ios-build/Build/Products

CreateBuildDirectory /Users/etnlwind/project/spot_omg/artifacts/s-native-v6-2-3/ios-build/Build/Intermediates.noindex
    cd /Users/etnlwind/project/spot_omg/apps/ios/SpotOMGController/SpotOMGController.xcodeproj
    builtin-create-build-directory /Users/etnlwind/project/spot_omg/artifacts/s-native-v6-2-3/ios-build/Build/Intermediates.noindex

CreateBuildDirectory /Users/etnlwind/project/spot_omg/artifacts/s-native-v6-2-3/ios-build/Build/Intermediates.noindex/SwiftExplicitPrecompiledModules
    cd /Users/etnlwind/project/spot_omg/apps/ios/SpotOMGController/SpotOMGController.xcodeproj
    builtin-create-build-directory /Users/etnlwind/project/spot_omg/artifacts/s-native-v6-2-3/ios-build/Build/Intermediates.noindex/SwiftExplicitPrecompiledModules

CreateBuildDirectory /Users/etnlwind/project/spot_omg/artifacts/s-native-v6-2-3/ios-build/Build/Intermediates.noindex/ExplicitPrecompiledModules
    cd /Users/etnlwind/project/spot_omg/apps/ios/SpotOMGController/SpotOMGController.xcodeproj
    builtin-create-build-directory /Users/etnlwind/project/spot_omg/artifacts/s-native-v6-2-3/ios-build/Build/Intermediates.noindex/ExplicitPrecompiledModules

CreateBuildDirectory /Users/etnlwind/project/spot_omg/artifacts/s-native-v6-2-3/ios-build/Build/Intermediates.noindex/EagerLinkingTBDs/Debug-iphonesimulator
    cd /Users/etnlwind/project/spot_omg/apps/ios/SpotOMGController/SpotOMGController.xcodeproj
    builtin-create-build-directory /Users/etnlwind/project/spot_omg/artifacts/s-native-v6-2-3/ios-build/Build/Intermediates.noindex/EagerLinkingTBDs/Debug-iphonesimulator

WriteAuxiliaryFile /Users/etnlwind/project/spot_omg/artifacts/s-native-v6-2-3/ios-build/Build/Intermediates.noindex/SpotOMGController.build/Debug-iphonesimulator/SpotOMGController-e064f74df51ff402795221d1e951cda3-VFS-iphonesimulator/all-product-headers.yaml
    cd /Users/etnlwind/project/spot_omg/apps/ios/SpotOMGController/SpotOMGController.xcodeproj
    write-file /Users/etnlwind/project/spot_omg/artifacts/s-native-v6-2-3/ios-build/Build/Intermediates.noindex/SpotOMGController.build/Debug-iphonesimulator/SpotOMGController-e064f74df51ff402795221d1e951cda3-VFS-iphonesimulator/all-product-headers.yaml

CreateBuildDirectory /Users/etnlwind/project/spot_omg/artifacts/s-native-v6-2-3/ios-build/Build/Products/Debug-iphonesimulator
    cd /Users/etnlwind/project/spot_omg/apps/ios/SpotOMGController/SpotOMGController.xcodeproj
    builtin-create-build-directory /Users/etnlwind/project/spot_omg/artifacts/s-native-v6-2-3/ios-build/Build/Products/Debug-iphonesimulator

WriteAuxiliaryFile /Users/etnlwind/project/spot_omg/artifacts/s-native-v6-2-3/ios-build/Build/Intermediates.noindex/SpotOMGController.build/Debug-iphonesimulator/SpotOMGController.build/SpotOMGController-DebugDylibPath-normal-x86_64.txt (in target 'SpotOMGController' from project 'SpotOMGController')
    cd /Users/etnlwind/project/spot_omg/apps/ios/SpotOMGController
    write-file /Users/etnlwind/project/spot_omg/artifacts/s-native-v6-2-3/ios-build/Build/Intermediates.noindex/SpotOMGController.build/Debug-iphonesimulator/SpotOMGController.build/SpotOMGController-DebugDylibPath-normal-x86_64.txt

WriteAuxiliaryFile /Users/etnlwind/project/spot_omg/artifacts/s-native-v6-2-3/ios-build/Build/Intermediates.noindex/SpotOMGController.build/Debug-iphonesimulator/SpotOMGController.build/SpotOMGController-all-non-framework-target-headers.hmap (in target 'SpotOMGController' from project 'SpotOMGController')
    cd /Users/etnlwind/project/spot_omg/apps/ios/SpotOMGController
    write-file /Users/etnlwind/project/spot_omg/artifacts/s-native-v6-2-3/ios-build/Build/Intermediates.noindex/SpotOMGController.build/Debug-iphonesimulator/SpotOMGController.build/SpotOMGController-all-non-framework-target-headers.hmap

WriteAuxiliaryFile /Users/etnlwind/project/spot_omg/artifacts/s-native-v6-2-3/ios-build/Build/Intermediates.noindex/SpotOMGController.build/Debug-iphonesimulator/SpotOMGController.build/SpotOMGController.hmap (in target 'SpotOMGController' from project 'SpotOMGController')
    cd /Users/etnlwind/project/spot_omg/apps/ios/SpotOMGController
    write-file /Users/etnlwind/project/spot_omg/artifacts/s-native-v6-2-3/ios-build/Build/Intermediates.noindex/SpotOMGController.build/Debug-iphonesimulator/SpotOMGController.build/SpotOMGController.hmap

WriteAuxiliaryFile /Users/etnlwind/project/spot_omg/artifacts/s-native-v6-2-3/ios-build/Build/Intermediates.noindex/SpotOMGController.build/Debug-iphonesimulator/SpotOMGController.build/SpotOMGController-own-target-headers.hmap (in target 'SpotOMGController' from project 'SpotOMGController')
    cd /Users/etnlwind/project/spot_omg/apps/ios/SpotOMGController
    write-file /Users/etnlwind/project/spot_omg/artifacts/s-native-v6-2-3/ios-build/Build/Intermediates.noindex/SpotOMGController.build/Debug-iphonesimulator/SpotOMGController.build/SpotOMGController-own-target-headers.hmap

WriteAuxiliaryFile /Users/etnlwind/project/spot_omg/artifacts/s-native-v6-2-3/ios-build/Build/Intermediates.noindex/SpotOMGController.build/Debug-iphonesimulator/SpotOMGController.build/SpotOMGController-DebugDylibPath-normal-arm64.txt (in target 'SpotOMGController' from project 'SpotOMGController')
    cd /Users/etnlwind/project/spot_omg/apps/ios/SpotOMGController
    write-file /Users/etnlwind/project/spot_omg/artifacts/s-native-v6-2-3/ios-build/Build/Intermediates.noindex/SpotOMGController.build/Debug-iphonesimulator/SpotOMGController.build/SpotOMGController-DebugDylibPath-normal-arm64.txt

WriteAuxiliaryFile /Users/etnlwind/project/spot_omg/artifacts/s-native-v6-2-3/ios-build/Build/Intermediates.noindex/SpotOMGController.build/Debug-iphonesimulator/SpotOMGController.build/SpotOMGController-project-headers.hmap (in target 'SpotOMGController' from project 'SpotOMGController')
    cd /Users/etnlwind/project/spot_omg/apps/ios/SpotOMGController
    write-file /Users/etnlwind/project/spot_omg/artifacts/s-native-v6-2-3/ios-build/Build/Intermediates.noindex/SpotOMGController.build/Debug-iphonesimulator/SpotOMGController.build/SpotOMGController-project-headers.hmap

WriteAuxiliaryFile /Users/etnlwind/project/spot_omg/artifacts/s-native-v6-2-3/ios-build/Build/Intermediates.noindex/SpotOMGController.build/Debug-iphonesimulator/SpotOMGController.build/SpotOMGController-generated-files.hmap (in target 'SpotOMGController' from project 'SpotOMGController')
    cd /Users/etnlwind/project/spot_omg/apps/ios/SpotOMGController
    write-file /Users/etnlwind/project/spot_omg/artifacts/s-native-v6-2-3/ios-build/Build/Intermediates.noindex/SpotOMGController.build/Debug-iphonesimulator/SpotOMGController.build/SpotOMGController-generated-files.hmap

WriteAuxiliaryFile /Users/etnlwind/project/spot_omg/artifacts/s-native-v6-2-3/ios-build/Build/Intermediates.noindex/SpotOMGController.build/Debug-iphonesimulator/SpotOMGController.build/SpotOMGController.DependencyStaticMetadataFileList (in target 'SpotOMGController' from project 'SpotOMGController')
    cd /Users/etnlwind/project/spot_omg/apps/ios/SpotOMGController
    write-file /Users/etnlwind/project/spot_omg/artifacts/s-native-v6-2-3/ios-build/Build/Intermediates.noindex/SpotOMGController.build/Debug-iphonesimulator/SpotOMGController.build/SpotOMGController.DependencyStaticMetadataFileList

WriteAuxiliaryFile /Users/etnlwind/project/spot_omg/artifacts/s-native-v6-2-3/ios-build/Build/Intermediates.noindex/SpotOMGController.build/Debug-iphonesimulator/SpotOMGController.build/SpotOMGController.DependencyMetadataFileList (in target 'SpotOMGController' from project 'SpotOMGController')
    cd /Users/etnlwind/project/spot_omg/apps/ios/SpotOMGController
    write-file /Users/etnlwind/project/spot_omg/artifacts/s-native-v6-2-3/ios-build/Build/Intermediates.noindex/SpotOMGController.build/Debug-iphonesimulator/SpotOMGController.build/SpotOMGController.DependencyMetadataFileList

WriteAuxiliaryFile /Users/etnlwind/project/spot_omg/artifacts/s-native-v6-2-3/ios-build/Build/Intermediates.noindex/SpotOMGController.build/Debug-iphonesimulator/SpotOMGController.build/SpotOMGController-DebugDylibInstallName-normal-x86_64.txt (in target 'SpotOMGController' from project 'SpotOMGController')
    cd /Users/etnlwind/project/spot_omg/apps/ios/SpotOMGController
    write-file /Users/etnlwind/project/spot_omg/artifacts/s-native-v6-2-3/ios-build/Build/Intermediates.noindex/SpotOMGController.build/Debug-iphonesimulator/SpotOMGController.build/SpotOMGController-DebugDylibInstallName-normal-x86_64.txt

WriteAuxiliaryFile /Users/etnlwind/project/spot_omg/artifacts/s-native-v6-2-3/ios-build/Build/Intermediates.noindex/SpotOMGController.build/Debug-iphonesimulator/SpotOMGController.build/SpotOMGController-all-target-headers.hmap (in target 'SpotOMGController' from project 'SpotOMGController')
    cd /Users/etnlwind/project/spot_omg/apps/ios/SpotOMGController
    write-file /Users/etnlwind/project/spot_omg/artifacts/s-native-v6-2-3/ios-build/Build/Intermediates.noindex/SpotOMGController.build/Debug-iphonesimulator/SpotOMGController.build/SpotOMGController-all-target-headers.hmap

WriteAuxiliaryFile /Users/etnlwind/project/spot_omg/artifacts/s-native-v6-2-3/ios-build/Build/Intermediates.noindex/SpotOMGController.build/Debug-iphonesimulator/SpotOMGController.build/SpotOMGController-DebugDylibInstallName-normal-arm64.txt (in target 'SpotOMGController' from project 'SpotOMGController')
    cd /Users/etnlwind/project/spot_omg/apps/ios/SpotOMGController
    write-file /Users/etnlwind/project/spot_omg/artifacts/s-native-v6-2-3/ios-build/Build/Intermediates.noindex/SpotOMGController.build/Debug-iphonesimulator/SpotOMGController.build/SpotOMGController-DebugDylibInstallName-normal-arm64.txt

WriteAuxiliaryFile /Users/etnlwind/project/spot_omg/artifacts/s-native-v6-2-3/ios-build/Build/Intermediates.noindex/SpotOMGController.build/Debug-iphonesimulator/SpotOMGController.build/Objects-normal/x86_64/SpotOMGController_const_extract_protocols.json (in target 'SpotOMGController' from project 'SpotOMGController')
    cd /Users/etnlwind/project/spot_omg/apps/ios/SpotOMGController
    write-file /Users/etnlwind/project/spot_omg/artifacts/s-native-v6-2-3/ios-build/Build/Intermediates.noindex/SpotOMGController.build/Debug-iphonesimulator/SpotOMGController.build/Objects-normal/x86_64/SpotOMGController_const_extract_protocols.json

WriteAuxiliaryFile /Users/etnlwind/project/spot_omg/artifacts/s-native-v6-2-3/ios-build/Build/Intermediates.noindex/SpotOMGController.build/Debug-iphonesimulator/SpotOMGController.build/Objects-normal/x86_64/SpotOMGController.SwiftFileList (in target 'SpotOMGController' from project 'SpotOMGController')
    cd /Users/etnlwind/project/spot_omg/apps/ios/SpotOMGController
    write-file /Users/etnlwind/project/spot_omg/artifacts/s-native-v6-2-3/ios-build/Build/Intermediates.noindex/SpotOMGController.build/Debug-iphonesimulator/SpotOMGController.build/Objects-normal/x86_64/SpotOMGController.SwiftFileList

WriteAuxiliaryFile /Users/etnlwind/project/spot_omg/artifacts/s-native-v6-2-3/ios-build/Build/Intermediates.noindex/SpotOMGController.build/Debug-iphonesimulator/SpotOMGController.build/Objects-normal/x86_64/SpotOMGController.SwiftConstValuesFileList (in target 'SpotOMGController' from project 'SpotOMGController')
    cd /Users/etnlwind/project/spot_omg/apps/ios/SpotOMGController
    write-file /Users/etnlwind/project/spot_omg/artifacts/s-native-v6-2-3/ios-build/Build/Intermediates.noindex/SpotOMGController.build/Debug-iphonesimulator/SpotOMGController.build/Objects-normal/x86_64/SpotOMGController.SwiftConstValuesFileList

WriteAuxiliaryFile /Users/etnlwind/project/spot_omg/artifacts/s-native-v6-2-3/ios-build/Build/Intermediates.noindex/SpotOMGController.build/Debug-iphonesimulator/SpotOMGController.build/Objects-normal/x86_64/SpotOMGController.LinkFileList (in target 'SpotOMGController' from project 'SpotOMGController')
    cd /Users/etnlwind/project/spot_omg/apps/ios/SpotOMGController
    write-file /Users/etnlwind/project/spot_omg/artifacts/s-native-v6-2-3/ios-build/Build/Intermediates.noindex/SpotOMGController.build/Debug-iphonesimulator/SpotOMGController.build/Objects-normal/x86_64/SpotOMGController.LinkFileList

WriteAuxiliaryFile /Users/etnlwind/project/spot_omg/artifacts/s-native-v6-2-3/ios-build/Build/Intermediates.noindex/SpotOMGController.build/Debug-iphonesimulator/SpotOMGController.build/Objects-normal/x86_64/SpotOMGController-OutputFileMap.json (in target 'SpotOMGController' from project 'SpotOMGController')
    cd /Users/etnlwind/project/spot_omg/apps/ios/SpotOMGController
    write-file /Users/etnlwind/project/spot_omg/artifacts/s-native-v6-2-3/ios-build/Build/Intermediates.noindex/SpotOMGController.build/Debug-iphonesimulator/SpotOMGController.build/Objects-normal/x86_64/SpotOMGController-OutputFileMap.json

WriteAuxiliaryFile /Users/etnlwind/project/spot_omg/artifacts/s-native-v6-2-3/ios-build/Build/Intermediates.noindex/SpotOMGController.build/Debug-iphonesimulator/SpotOMGController.build/Objects-normal/arm64/SpotOMGController_const_extract_protocols.json (in target 'SpotOMGController' from project 'SpotOMGController')
    cd /Users/etnlwind/project/spot_omg/apps/ios/SpotOMGController
    write-file /Users/etnlwind/project/spot_omg/artifacts/s-native-v6-2-3/ios-build/Build/Intermediates.noindex/SpotOMGController.build/Debug-iphonesimulator/SpotOMGController.build/Objects-normal/arm64/SpotOMGController_const_extract_protocols.json

WriteAuxiliaryFile /Users/etnlwind/project/spot_omg/artifacts/s-native-v6-2-3/ios-build/Build/Intermediates.noindex/SpotOMGController.build/Debug-iphonesimulator/SpotOMGController.build/Objects-normal/arm64/SpotOMGController.SwiftFileList (in target 'SpotOMGController' from project 'SpotOMGController')
    cd /Users/etnlwind/project/spot_omg/apps/ios/SpotOMGController
    write-file /Users/etnlwind/project/spot_omg/artifacts/s-native-v6-2-3/ios-build/Build/Intermediates.noindex/SpotOMGController.build/Debug-iphonesimulator/SpotOMGController.build/Objects-normal/arm64/SpotOMGController.SwiftFileList

WriteAuxiliaryFile /Users/etnlwind/project/spot_omg/artifacts/s-native-v6-2-3/ios-build/Build/Intermediates.noindex/SpotOMGController.build/Debug-iphonesimulator/SpotOMGController.build/Objects-normal/arm64/SpotOMGController.LinkFileList (in target 'SpotOMGController' from project 'SpotOMGController')
    cd /Users/etnlwind/project/spot_omg/apps/ios/SpotOMGController
    write-file /Users/etnlwind/project/spot_omg/artifacts/s-native-v6-2-3/ios-build/Build/Intermediates.noindex/SpotOMGController.build/Debug-iphonesimulator/SpotOMGController.build/Objects-normal/arm64/SpotOMGController.LinkFileList

WriteAuxiliaryFile /Users/etnlwind/project/spot_omg/artifacts/s-native-v6-2-3/ios-build/Build/Intermediates.noindex/SpotOMGController.build/Debug-iphonesimulator/SpotOMGController.build/Objects-normal/arm64/SpotOMGController.SwiftConstValuesFileList (in target 'SpotOMGController' from project 'SpotOMGController')
    cd /Users/etnlwind/project/spot_omg/apps/ios/SpotOMGController
    write-file /Users/etnlwind/project/spot_omg/artifacts/s-native-v6-2-3/ios-build/Build/Intermediates.noindex/SpotOMGController.build/Debug-iphonesimulator/SpotOMGController.build/Objects-normal/arm64/SpotOMGController.SwiftConstValuesFileList

WriteAuxiliaryFile /Users/etnlwind/project/spot_omg/artifacts/s-native-v6-2-3/ios-build/Build/Intermediates.noindex/SpotOMGController.build/Debug-iphonesimulator/SpotOMGController.build/Objects-normal/arm64/SpotOMGController-OutputFileMap.json (in target 'SpotOMGController' from project 'SpotOMGController')
    cd /Users/etnlwind/project/spot_omg/apps/ios/SpotOMGController
    write-file /Users/etnlwind/project/spot_omg/artifacts/s-native-v6-2-3/ios-build/Build/Intermediates.noindex/SpotOMGController.build/Debug-iphonesimulator/SpotOMGController.build/Objects-normal/arm64/SpotOMGController-OutputFileMap.json

MkDir /Users/etnlwind/project/spot_omg/artifacts/s-native-v6-2-3/ios-build/Build/Products/Debug-iphonesimulator/SpotOMGController.app (in target 'SpotOMGController' from project 'SpotOMGController')
    cd /Users/etnlwind/project/spot_omg/apps/ios/SpotOMGController
    /bin/mkdir -p /Users/etnlwind/project/spot_omg/artifacts/s-native-v6-2-3/ios-build/Build/Products/Debug-iphonesimulator/SpotOMGController.app

MkDir /Users/etnlwind/project/spot_omg/artifacts/s-native-v6-2-3/ios-build/Build/Intermediates.noindex/SpotOMGController.build/Debug-iphonesimulator/SpotOMGController.build/assetcatalog_output/thinned (in target 'SpotOMGController' from project 'SpotOMGController')
    cd /Users/etnlwind/project/spot_omg/apps/ios/SpotOMGController
    /bin/mkdir -p /Users/etnlwind/project/spot_omg/artifacts/s-native-v6-2-3/ios-build/Build/Intermediates.noindex/SpotOMGController.build/Debug-iphonesimulator/SpotOMGController.build/assetcatalog_output/thinned

Ld /Users/etnlwind/project/spot_omg/artifacts/s-native-v6-2-3/ios-build/Build/Intermediates.noindex/SpotOMGController.build/Debug-iphonesimulator/SpotOMGController.build/Objects-normal/x86_64/Binary/__preview.dylib normal x86_64 (in target 'SpotOMGController' from project 'SpotOMGController')
    cd /Users/etnlwind/project/spot_omg/apps/ios/SpotOMGController
    /Applications/Xcode.app/Contents/Developer/Toolchains/XcodeDefault.xctoolchain/usr/bin/clang -Xlinker -reproducible -target x86_64-apple-ios17.0-simulator -dynamiclib -isysroot /Applications/Xcode.app/Contents/Developer/Platforms/iPhoneSimulator.platform/Developer/SDKs/iPhoneSimulator26.5.sdk -Os -L/Users/etnlwind/project/spot_omg/artifacts/s-native-v6-2-3/ios-build/Build/Products/Debug-iphonesimulator -F/Users/etnlwind/project/spot_omg/artifacts/s-native-v6-2-3/ios-build/Build/Products/Debug-iphonesimulator -install_name @rpath/SpotOMGController.debug.dylib -Xlinker -dead_strip -rdynamic -Xlinker -objc_abi_version -Xlinker 2 -Xlinker -debug_variant -Xlinker -dependency_info -Xlinker /Users/etnlwind/project/spot_omg/artifacts/s-native-v6-2-3/ios-build/Build/Intermediates.noindex/SpotOMGController.build/Debug-iphonesimulator/SpotOMGController.build/Objects-normal/x86_64/SpotOMGController_dependency_info.dat -o /Users/etnlwind/project/spot_omg/artifacts/s-native-v6-2-3/ios-build/Build/Intermediates.noindex/SpotOMGController.build/Debug-iphonesimulator/SpotOMGController.build/Objects-normal/x86_64/Binary/__preview.dylib

MkDir /Users/etnlwind/project/spot_omg/artifacts/s-native-v6-2-3/ios-build/Build/Intermediates.noindex/SpotOMGController.build/Debug-iphonesimulator/SpotOMGController.build/assetcatalog_output/unthinned (in target 'SpotOMGController' from project 'SpotOMGController')
    cd /Users/etnlwind/project/spot_omg/apps/ios/SpotOMGController
    /bin/mkdir -p /Users/etnlwind/project/spot_omg/artifacts/s-native-v6-2-3/ios-build/Build/Intermediates.noindex/SpotOMGController.build/Debug-iphonesimulator/SpotOMGController.build/assetcatalog_output/unthinned

Ld /Users/etnlwind/project/spot_omg/artifacts/s-native-v6-2-3/ios-build/Build/Intermediates.noindex/SpotOMGController.build/Debug-iphonesimulator/SpotOMGController.build/Objects-normal/arm64/Binary/__preview.dylib normal arm64 (in target 'SpotOMGController' from project 'SpotOMGController')
    cd /Users/etnlwind/project/spot_omg/apps/ios/SpotOMGController
    /Applications/Xcode.app/Contents/Developer/Toolchains/XcodeDefault.xctoolchain/usr/bin/clang -Xlinker -reproducible -target arm64-apple-ios17.0-simulator -dynamiclib -isysroot /Applications/Xcode.app/Contents/Developer/Platforms/iPhoneSimulator.platform/Developer/SDKs/iPhoneSimulator26.5.sdk -Os -L/Users/etnlwind/project/spot_omg/artifacts/s-native-v6-2-3/ios-build/Build/Products/Debug-iphonesimulator -F/Users/etnlwind/project/spot_omg/artifacts/s-native-v6-2-3/ios-build/Build/Products/Debug-iphonesimulator -install_name @rpath/SpotOMGController.debug.dylib -Xlinker -dead_strip -rdynamic -Xlinker -objc_abi_version -Xlinker 2 -Xlinker -debug_variant -Xlinker -dependency_info -Xlinker /Users/etnlwind/project/spot_omg/artifacts/s-native-v6-2-3/ios-build/Build/Intermediates.noindex/SpotOMGController.build/Debug-iphonesimulator/SpotOMGController.build/Objects-normal/arm64/SpotOMGController_dependency_info.dat -o /Users/etnlwind/project/spot_omg/artifacts/s-native-v6-2-3/ios-build/Build/Intermediates.noindex/SpotOMGController.build/Debug-iphonesimulator/SpotOMGController.build/Objects-normal/arm64/Binary/__preview.dylib

GenerateAssetSymbols /Users/etnlwind/project/spot_omg/apps/ios/SpotOMGController/SpotOMGController/Resources/Assets.xcassets (in target 'SpotOMGController' from project 'SpotOMGController')
    cd /Users/etnlwind/project/spot_omg/apps/ios/SpotOMGController
    /Applications/Xcode.app/Contents/Developer/usr/bin/actool /Users/etnlwind/project/spot_omg/apps/ios/SpotOMGController/SpotOMGController/Resources/Assets.xcassets --compile /Users/etnlwind/project/spot_omg/artifacts/s-native-v6-2-3/ios-build/Build/Products/Debug-iphonesimulator/SpotOMGController.app --output-format human-readable-text --notices --warnings --export-dependency-info /Users/etnlwind/project/spot_omg/artifacts/s-native-v6-2-3/ios-build/Build/Intermediates.noindex/SpotOMGController.build/Debug-iphonesimulator/SpotOMGController.build/assetcatalog_dependencies --output-partial-info-plist /Users/etnlwind/project/spot_omg/artifacts/s-native-v6-2-3/ios-build/Build/Intermediates.noindex/SpotOMGController.build/Debug-iphonesimulator/SpotOMGController.build/assetcatalog_generated_info.plist --app-icon AppIcon --compress-pngs --enable-on-demand-resources YES --development-region ko --target-device iphone --minimum-deployment-target 17.0 --platform iphonesimulator --bundle-identifier com.etnlwind.spotomg.controller --generate-swift-asset-symbol-extensions NO --generate-swift-asset-symbols /Users/etnlwind/project/spot_omg/artifacts/s-native-v6-2-3/ios-build/Build/Intermediates.noindex/SpotOMGController.build/Debug-iphonesimulator/SpotOMGController.build/DerivedSources/GeneratedAssetSymbols.swift --generate-objc-asset-symbols /Users/etnlwind/project/spot_omg/artifacts/s-native-v6-2-3/ios-build/Build/Intermediates.noindex/SpotOMGController.build/Debug-iphonesimulator/SpotOMGController.build/DerivedSources/GeneratedAssetSymbols.h --generate-asset-symbol-index /Users/etnlwind/project/spot_omg/artifacts/s-native-v6-2-3/ios-build/Build/Intermediates.noindex/SpotOMGController.build/Debug-iphonesimulator/SpotOMGController.build/DerivedSources/GeneratedAssetSymbols-Index.plist
/* com.apple.actool.compilation-results */
/Users/etnlwind/project/spot_omg/artifacts/s-native-v6-2-3/ios-build/Build/Intermediates.noindex/SpotOMGController.build/Debug-iphonesimulator/SpotOMGController.build/DerivedSources/GeneratedAssetSymbols-Index.plist
/Users/etnlwind/project/spot_omg/artifacts/s-native-v6-2-3/ios-build/Build/Intermediates.noindex/SpotOMGController.build/Debug-iphonesimulator/SpotOMGController.build/DerivedSources/GeneratedAssetSymbols.h
/Users/etnlwind/project/spot_omg/artifacts/s-native-v6-2-3/ios-build/Build/Intermediates.noindex/SpotOMGController.build/Debug-iphonesimulator/SpotOMGController.build/DerivedSources/GeneratedAssetSymbols.swift


CompileAssetCatalogVariant thinned /Users/etnlwind/project/spot_omg/artifacts/s-native-v6-2-3/ios-build/Build/Products/Debug-iphonesimulator/SpotOMGController.app /Users/etnlwind/project/spot_omg/apps/ios/SpotOMGController/SpotOMGController/Resources/Assets.xcassets (in target 'SpotOMGController' from project 'SpotOMGController')
    cd /Users/etnlwind/project/spot_omg/apps/ios/SpotOMGController
    /Applications/Xcode.app/Contents/Developer/usr/bin/actool /Users/etnlwind/project/spot_omg/apps/ios/SpotOMGController/SpotOMGController/Resources/Assets.xcassets --compile /Users/etnlwind/project/spot_omg/artifacts/s-native-v6-2-3/ios-build/Build/Intermediates.noindex/SpotOMGController.build/Debug-iphonesimulator/SpotOMGController.build/assetcatalog_output/thinned --output-format human-readable-text --notices --warnings --export-dependency-info /Users/etnlwind/project/spot_omg/artifacts/s-native-v6-2-3/ios-build/Build/Intermediates.noindex/SpotOMGController.build/Debug-iphonesimulator/SpotOMGController.build/assetcatalog_dependencies_thinned --output-partial-info-plist /Users/etnlwind/project/spot_omg/artifacts/s-native-v6-2-3/ios-build/Build/Intermediates.noindex/SpotOMGController.build/Debug-iphonesimulator/SpotOMGController.build/assetcatalog_generated_info.plist_thinned --app-icon AppIcon --compress-pngs --enable-on-demand-resources YES --development-region ko --target-device iphone --minimum-deployment-target 17.0 --platform iphonesimulator
/* com.apple.actool.compilation-results */
/Users/etnlwind/project/spot_omg/artifacts/s-native-v6-2-3/ios-build/Build/Intermediates.noindex/SpotOMGController.build/Debug-iphonesimulator/SpotOMGController.build/assetcatalog_generated_info.plist_thinned
/Users/etnlwind/project/spot_omg/artifacts/s-native-v6-2-3/ios-build/Build/Intermediates.noindex/SpotOMGController.build/Debug-iphonesimulator/SpotOMGController.build/assetcatalog_output/thinned/AppIcon60x60@2x.png
/Users/etnlwind/project/spot_omg/artifacts/s-native-v6-2-3/ios-build/Build/Intermediates.noindex/SpotOMGController.build/Debug-iphonesimulator/SpotOMGController.build/assetcatalog_output/thinned/AppIcon76x76@2x~ipad.png
/Users/etnlwind/project/spot_omg/artifacts/s-native-v6-2-3/ios-build/Build/Intermediates.noindex/SpotOMGController.build/Debug-iphonesimulator/SpotOMGController.build/assetcatalog_output/thinned/Assets.car


SwiftDriver SpotOMGController normal arm64 com.apple.xcode.tools.swift.compiler (in target 'SpotOMGController' from project 'SpotOMGController')
    cd /Users/etnlwind/project/spot_omg/apps/ios/SpotOMGController
    builtin-SwiftDriver -- /Applications/Xcode.app/Contents/Developer/Toolchains/XcodeDefault.xctoolchain/usr/bin/swiftc -module-name SpotOMGController -Onone @/Users/etnlwind/project/spot_omg/artifacts/s-native-v6-2-3/ios-build/Build/Intermediates.noindex/SpotOMGController.build/Debug-iphonesimulator/SpotOMGController.build/Objects-normal/arm64/SpotOMGController.SwiftFileList -enable-bare-slash-regex -enable-experimental-feature DebugDescriptionMacro -sdk /Applications/Xcode.app/Contents/Developer/Platforms/iPhoneSimulator.platform/Developer/SDKs/iPhoneSimulator26.5.sdk -target arm64-apple-ios17.0-simulator -g -module-cache-path /Users/etnlwind/project/spot_omg/artifacts/s-native-v6-2-3/ios-build/ModuleCache.noindex -Xfrontend -serialize-debugging-options -profile-coverage-mapping -profile-generate -enable-testing -index-store-path /Users/etnlwind/project/spot_omg/artifacts/s-native-v6-2-3/ios-build/Index.noindex/DataStore -swift-version 5 -I /Users/etnlwind/project/spot_omg/artifacts/s-native-v6-2-3/ios-build/Build/Products/Debug-iphonesimulator -F /Users/etnlwind/project/spot_omg/artifacts/s-native-v6-2-3/ios-build/Build/Products/Debug-iphonesimulator -emit-localized-strings -emit-localized-strings-path /Users/etnlwind/project/spot_omg/artifacts/s-native-v6-2-3/ios-build/Build/Intermediates.noindex/SpotOMGController.build/Debug-iphonesimulator/SpotOMGController.build/Objects-normal/arm64 -c -j12 -enable-batch-mode -incremental -output-file-map /Users/etnlwind/project/spot_omg/artifacts/s-native-v6-2-3/ios-build/Build/Intermediates.noindex/SpotOMGController.build/Debug-iphonesimulator/SpotOMGController.build/Objects-normal/arm64/SpotOMGController-OutputFileMap.json -use-frontend-parseable-output -save-temps -no-color-diagnostics -explicit-module-build -module-cache-path /Users/etnlwind/project/spot_omg/artifacts/s-native-v6-2-3/ios-build/Build/Intermediates.noindex/SwiftExplicitPrecompiledModules -clang-scanner-module-cache-path /Users/etnlwind/project/spot_omg/artifacts/s-native-v6-2-3/ios-build/ModuleCache.noindex -sdk-module-cache-path /Users/etnlwind/project/spot_omg/artifacts/s-native-v6-2-3/ios-build/ModuleCache.noindex -serialize-diagnostics -emit-dependencies -emit-module -emit-module-path /Users/etnlwind/project/spot_omg/artifacts/s-native-v6-2-3/ios-build/Build/Intermediates.noindex/SpotOMGController.build/Debug-iphonesimulator/SpotOMGController.build/Objects-normal/arm64/SpotOMGController.swiftmodule -validate-clang-modules-once -clang-build-session-file /Users/etnlwind/project/spot_omg/artifacts/s-native-v6-2-3/ios-build/ModuleCache.noindex/Session.modulevalidation -Xcc -I/Users/etnlwind/project/spot_omg/artifacts/s-native-v6-2-3/ios-build/Build/Intermediates.noindex/SpotOMGController.build/Debug-iphonesimulator/SpotOMGController.build/swift-overrides.hmap -emit-const-values -Xfrontend -const-gather-protocols-file -Xfrontend /Users/etnlwind/project/spot_omg/artifacts/s-native-v6-2-3/ios-build/Build/Intermediates.noindex/SpotOMGController.build/Debug-iphonesimulator/SpotOMGController.build/Objects-normal/arm64/SpotOMGController_const_extract_protocols.json -Xcc -iquote -Xcc /Users/etnlwind/project/spot_omg/artifacts/s-native-v6-2-3/ios-build/Build/Intermediates.noindex/SpotOMGController.build/Debug-iphonesimulator/SpotOMGController.build/SpotOMGController-generated-files.hmap -Xcc -I/Users/etnlwind/project/spot_omg/artifacts/s-native-v6-2-3/ios-build/Build/Intermediates.noindex/SpotOMGController.build/Debug-iphonesimulator/SpotOMGController.build/SpotOMGController-own-target-headers.hmap -Xcc -I/Users/etnlwind/project/spot_omg/artifacts/s-native-v6-2-3/ios-build/Build/Intermediates.noindex/SpotOMGController.build/Debug-iphonesimulator/SpotOMGController.build/SpotOMGController-all-target-headers.hmap -Xcc -iquote -Xcc /Users/etnlwind/project/spot_omg/artifacts/s-native-v6-2-3/ios-build/Build/Intermediates.noindex/SpotOMGController.build/Debug-iphonesimulator/SpotOMGController.build/SpotOMGController-project-headers.hmap -Xcc -I/Users/etnlwind/project/spot_omg/artifacts/s-native-v6-2-3/ios-build/Build/Products/Debug-iphonesimulator/include -Xcc -I/Users/etnlwind/project/spot_omg/artifacts/s-native-v6-2-3/ios-build/Build/Intermediates.noindex/SpotOMGController.build/Debug-iphonesimulator/SpotOMGController.build/DerivedSources-normal/arm64 -Xcc -I/Users/etnlwind/project/spot_omg/artifacts/s-native-v6-2-3/ios-build/Build/Intermediates.noindex/SpotOMGController.build/Debug-iphonesimulator/SpotOMGController.build/DerivedSources/arm64 -Xcc -I/Users/etnlwind/project/spot_omg/artifacts/s-native-v6-2-3/ios-build/Build/Intermediates.noindex/SpotOMGController.build/Debug-iphonesimulator/SpotOMGController.build/DerivedSources -emit-objc-header -emit-objc-header-path /Users/etnlwind/project/spot_omg/artifacts/s-native-v6-2-3/ios-build/Build/Intermediates.noindex/SpotOMGController.build/Debug-iphonesimulator/SpotOMGController.build/Objects-normal/arm64/SpotOMGController-Swift.h -working-directory /Users/etnlwind/project/spot_omg/apps/ios/SpotOMGController -experimental-emit-module-separately -disable-cmo

SwiftDriver SpotOMGController normal x86_64 com.apple.xcode.tools.swift.compiler (in target 'SpotOMGController' from project 'SpotOMGController')
    cd /Users/etnlwind/project/spot_omg/apps/ios/SpotOMGController
    builtin-SwiftDriver -- /Applications/Xcode.app/Contents/Developer/Toolchains/XcodeDefault.xctoolchain/usr/bin/swiftc -module-name SpotOMGController -Onone @/Users/etnlwind/project/spot_omg/artifacts/s-native-v6-2-3/ios-build/Build/Intermediates.noindex/SpotOMGController.build/Debug-iphonesimulator/SpotOMGController.build/Objects-normal/x86_64/SpotOMGController.SwiftFileList -enable-bare-slash-regex -enable-experimental-feature DebugDescriptionMacro -sdk /Applications/Xcode.app/Contents/Developer/Platforms/iPhoneSimulator.platform/Developer/SDKs/iPhoneSimulator26.5.sdk -target x86_64-apple-ios17.0-simulator -g -module-cache-path /Users/etnlwind/project/spot_omg/artifacts/s-native-v6-2-3/ios-build/ModuleCache.noindex -Xfrontend -serialize-debugging-options -profile-coverage-mapping -profile-generate -enable-testing -index-store-path /Users/etnlwind/project/spot_omg/artifacts/s-native-v6-2-3/ios-build/Index.noindex/DataStore -swift-version 5 -I /Users/etnlwind/project/spot_omg/artifacts/s-native-v6-2-3/ios-build/Build/Products/Debug-iphonesimulator -F /Users/etnlwind/project/spot_omg/artifacts/s-native-v6-2-3/ios-build/Build/Products/Debug-iphonesimulator -emit-localized-strings -emit-localized-strings-path /Users/etnlwind/project/spot_omg/artifacts/s-native-v6-2-3/ios-build/Build/Intermediates.noindex/SpotOMGController.build/Debug-iphonesimulator/SpotOMGController.build/Objects-normal/x86_64 -c -j12 -enable-batch-mode -incremental -output-file-map /Users/etnlwind/project/spot_omg/artifacts/s-native-v6-2-3/ios-build/Build/Intermediates.noindex/SpotOMGController.build/Debug-iphonesimulator/SpotOMGController.build/Objects-normal/x86_64/SpotOMGController-OutputFileMap.json -use-frontend-parseable-output -save-temps -no-color-diagnostics -explicit-module-build -module-cache-path /Users/etnlwind/project/spot_omg/artifacts/s-native-v6-2-3/ios-build/Build/Intermediates.noindex/SwiftExplicitPrecompiledModules -clang-scanner-module-cache-path /Users/etnlwind/project/spot_omg/artifacts/s-native-v6-2-3/ios-build/ModuleCache.noindex -sdk-module-cache-path /Users/etnlwind/project/spot_omg/artifacts/s-native-v6-2-3/ios-build/ModuleCache.noindex -serialize-diagnostics -emit-dependencies -emit-module -emit-module-path /Users/etnlwind/project/spot_omg/artifacts/s-native-v6-2-3/ios-build/Build/Intermediates.noindex/SpotOMGController.build/Debug-iphonesimulator/SpotOMGController.build/Objects-normal/x86_64/SpotOMGController.swiftmodule -validate-clang-modules-once -clang-build-session-file /Users/etnlwind/project/spot_omg/artifacts/s-native-v6-2-3/ios-build/ModuleCache.noindex/Session.modulevalidation -Xcc -I/Users/etnlwind/project/spot_omg/artifacts/s-native-v6-2-3/ios-build/Build/Intermediates.noindex/SpotOMGController.build/Debug-iphonesimulator/SpotOMGController.build/swift-overrides.hmap -emit-const-values -Xfrontend -const-gather-protocols-file -Xfrontend /Users/etnlwind/project/spot_omg/artifacts/s-native-v6-2-3/ios-build/Build/Intermediates.noindex/SpotOMGController.build/Debug-iphonesimulator/SpotOMGController.build/Objects-normal/x86_64/SpotOMGController_const_extract_protocols.json -Xcc -iquote -Xcc /Users/etnlwind/project/spot_omg/artifacts/s-native-v6-2-3/ios-build/Build/Intermediates.noindex/SpotOMGController.build/Debug-iphonesimulator/SpotOMGController.build/SpotOMGController-generated-files.hmap -Xcc -I/Users/etnlwind/project/spot_omg/artifacts/s-native-v6-2-3/ios-build/Build/Intermediates.noindex/SpotOMGController.build/Debug-iphonesimulator/SpotOMGController.build/SpotOMGController-own-target-headers.hmap -Xcc -I/Users/etnlwind/project/spot_omg/artifacts/s-native-v6-2-3/ios-build/Build/Intermediates.noindex/SpotOMGController.build/Debug-iphonesimulator/SpotOMGController.build/SpotOMGController-all-target-headers.hmap -Xcc -iquote -Xcc /Users/etnlwind/project/spot_omg/artifacts/s-native-v6-2-3/ios-build/Build/Intermediates.noindex/SpotOMGController.build/Debug-iphonesimulator/SpotOMGController.build/SpotOMGController-project-headers.hmap -Xcc -I/Users/etnlwind/project/spot_omg/artifacts/s-native-v6-2-3/ios-build/Build/Products/Debug-iphonesimulator/include -Xcc -I/Users/etnlwind/project/spot_omg/artifacts/s-native-v6-2-3/ios-build/Build/Intermediates.noindex/SpotOMGController.build/Debug-iphonesimulator/SpotOMGController.build/DerivedSources-normal/x86_64 -Xcc -I/Users/etnlwind/project/spot_omg/artifacts/s-native-v6-2-3/ios-build/Build/Intermediates.noindex/SpotOMGController.build/Debug-iphonesimulator/SpotOMGController.build/DerivedSources/x86_64 -Xcc -I/Users/etnlwind/project/spot_omg/artifacts/s-native-v6-2-3/ios-build/Build/Intermediates.noindex/SpotOMGController.build/Debug-iphonesimulator/SpotOMGController.build/DerivedSources -emit-objc-header -emit-objc-header-path /Users/etnlwind/project/spot_omg/artifacts/s-native-v6-2-3/ios-build/Build/Intermediates.noindex/SpotOMGController.build/Debug-iphonesimulator/SpotOMGController.build/Objects-normal/x86_64/SpotOMGController-Swift.h -working-directory /Users/etnlwind/project/spot_omg/apps/ios/SpotOMGController -experimental-emit-module-separately -disable-cmo

CreateUniversalBinary /Users/etnlwind/project/spot_omg/artifacts/s-native-v6-2-3/ios-build/Build/Products/Debug-iphonesimulator/SpotOMGController.app/__preview.dylib normal arm64\ x86_64 (in target 'SpotOMGController' from project 'SpotOMGController')
    cd /Users/etnlwind/project/spot_omg/apps/ios/SpotOMGController
    /Applications/Xcode.app/Contents/Developer/Toolchains/XcodeDefault.xctoolchain/usr/bin/lipo -create /Users/etnlwind/project/spot_omg/artifacts/s-native-v6-2-3/ios-build/Build/Intermediates.noindex/SpotOMGController.build/Debug-iphonesimulator/SpotOMGController.build/Objects-normal/arm64/Binary/__preview.dylib /Users/etnlwind/project/spot_omg/artifacts/s-native-v6-2-3/ios-build/Build/Intermediates.noindex/SpotOMGController.build/Debug-iphonesimulator/SpotOMGController.build/Objects-normal/x86_64/Binary/__preview.dylib -output /Users/etnlwind/project/spot_omg/artifacts/s-native-v6-2-3/ios-build/Build/Products/Debug-iphonesimulator/SpotOMGController.app/__preview.dylib

SwiftExplicitDependencyGeneratePcm x86_64 /Users/etnlwind/project/spot_omg/artifacts/s-native-v6-2-3/ios-build/ModuleCache.noindex/DeveloperToolsSupport-36ETFW9B9H0H7ZBLVQLY3KUE9.pcm

SwiftExplicitDependencyGeneratePcm x86_64 /Users/etnlwind/project/spot_omg/artifacts/s-native-v6-2-3/ios-build/ModuleCache.noindex/ptrauth-EIUMMGOUNWXZV6TQVCSS1WIUK.pcm

SwiftExplicitDependencyGeneratePcm x86_64 /Users/etnlwind/project/spot_omg/artifacts/s-native-v6-2-3/ios-build/ModuleCache.noindex/ptrcheck-D4Q702BX7CB8X69FWDZVB2HF0.pcm

SwiftExplicitDependencyGeneratePcm x86_64 /Users/etnlwind/project/spot_omg/artifacts/s-native-v6-2-3/ios-build/ModuleCache.noindex/_Builtin_stddef-DJMW9D69QTDBP2XIUL945O64B.pcm

SwiftExplicitDependencyGeneratePcm x86_64 /Users/etnlwind/project/spot_omg/artifacts/s-native-v6-2-3/ios-build/ModuleCache.noindex/_Builtin_float-3MXY6U7IZGDGS558YPXZ8U1GO.pcm

SwiftExplicitDependencyGeneratePcm x86_64 /Users/etnlwind/project/spot_omg/artifacts/s-native-v6-2-3/ios-build/ModuleCache.noindex/_AvailabilityInternal-66O0FNPEA7FX4U0KAH6CP6427.pcm

SwiftExplicitDependencyGeneratePcm x86_64 /Users/etnlwind/project/spot_omg/artifacts/s-native-v6-2-3/ios-build/ModuleCache.noindex/SwiftShims-81I9RQEOIUYGHZ6SPGIGD94GV.pcm

SwiftExplicitDependencyGeneratePcm x86_64 /Users/etnlwind/project/spot_omg/artifacts/s-native-v6-2-3/ios-build/ModuleCache.noindex/_Builtin_stdarg-54M23MKB419PH2XX6TOD65MZ.pcm

SwiftExplicitDependencyGeneratePcm x86_64 /Users/etnlwind/project/spot_omg/artifacts/s-native-v6-2-3/ios-build/ModuleCache.noindex/_Builtin_stdbool-2GBLFD0BZT6XRDG6KUIL73AFH.pcm

SwiftExplicitDependencyGeneratePcm x86_64 /Users/etnlwind/project/spot_omg/artifacts/s-native-v6-2-3/ios-build/ModuleCache.noindex/_SwiftConcurrencyShims-3G36KD95QM3MZJEYC324IUYW9.pcm

SwiftExplicitDependencyGeneratePcm arm64 /Users/etnlwind/project/spot_omg/artifacts/s-native-v6-2-3/ios-build/ModuleCache.noindex/ptrauth-CM6O061RBIEOUXIDPBIHDFVAG.pcm

SwiftExplicitDependencyGeneratePcm arm64 /Users/etnlwind/project/spot_omg/artifacts/s-native-v6-2-3/ios-build/ModuleCache.noindex/_Builtin_stdbool-D8HF3YIY2HEBETK82IY2OL7GA.pcm

SwiftExplicitDependencyGeneratePcm arm64 /Users/etnlwind/project/spot_omg/artifacts/s-native-v6-2-3/ios-build/ModuleCache.noindex/_Builtin_stddef-B5LCF72UU4P53KXIS7XU2WZR9.pcm

SwiftExplicitDependencyGeneratePcm arm64 /Users/etnlwind/project/spot_omg/artifacts/s-native-v6-2-3/ios-build/ModuleCache.noindex/_Builtin_stdarg-D7LAP2YN2OINLGH2PVK4XJ6E0.pcm

SwiftExplicitDependencyGeneratePcm arm64 /Users/etnlwind/project/spot_omg/artifacts/s-native-v6-2-3/ios-build/ModuleCache.noindex/_Builtin_float-7T12HWCAS09DU1789A28WZ03D.pcm

SwiftExplicitDependencyGeneratePcm arm64 /Users/etnlwind/project/spot_omg/artifacts/s-native-v6-2-3/ios-build/ModuleCache.noindex/DeveloperToolsSupport-418SVWDD1EPFTDTPCU0079AFL.pcm

SwiftExplicitDependencyGeneratePcm arm64 /Users/etnlwind/project/spot_omg/artifacts/s-native-v6-2-3/ios-build/ModuleCache.noindex/_SwiftConcurrencyShims-41N6WTVUMKQTCIMU1ND2C2HEU.pcm

SwiftExplicitDependencyGeneratePcm arm64 /Users/etnlwind/project/spot_omg/artifacts/s-native-v6-2-3/ios-build/ModuleCache.noindex/_AvailabilityInternal-F5DLHTHAZX3PCI8F77C73F2XG.pcm

SwiftExplicitDependencyGeneratePcm x86_64 /Users/etnlwind/project/spot_omg/artifacts/s-native-v6-2-3/ios-build/ModuleCache.noindex/_DarwinFoundation1-8770F59OR0UFWPRAPU42EH3H6.pcm

SwiftExplicitDependencyGeneratePcm arm64 /Users/etnlwind/project/spot_omg/artifacts/s-native-v6-2-3/ios-build/ModuleCache.noindex/ptrcheck-2OXVRX066OCNRSM2O0V7243L4.pcm

SwiftExplicitDependencyGeneratePcm arm64 /Users/etnlwind/project/spot_omg/artifacts/s-native-v6-2-3/ios-build/ModuleCache.noindex/SwiftShims-5AS6SO5PF2F1NI0N7OJ1SI4GH.pcm

SwiftExplicitDependencyGeneratePcm arm64 /Users/etnlwind/project/spot_omg/artifacts/s-native-v6-2-3/ios-build/ModuleCache.noindex/_DarwinFoundation1-8JUB2GVTKDWMCJZ4KKL99XS8.pcm

SwiftExplicitDependencyGeneratePcm x86_64 /Users/etnlwind/project/spot_omg/artifacts/s-native-v6-2-3/ios-build/ModuleCache.noindex/_DarwinFoundation2-2E8NGKZR93PPQYXMI18CJI9PD.pcm

SwiftExplicitDependencyGeneratePcm x86_64 /Users/etnlwind/project/spot_omg/artifacts/s-native-v6-2-3/ios-build/ModuleCache.noindex/_Builtin_limits-BGW9FR57BCT2W5MJWBRSAWG0G.pcm

SwiftExplicitDependencyGeneratePcm arm64 /Users/etnlwind/project/spot_omg/artifacts/s-native-v6-2-3/ios-build/ModuleCache.noindex/_DarwinFoundation2-1SHYKAHS6AUPNGEXW2E9S5EB7.pcm

SwiftExplicitDependencyGeneratePcm arm64 /Users/etnlwind/project/spot_omg/artifacts/s-native-v6-2-3/ios-build/ModuleCache.noindex/_Builtin_limits-45N8U7F4L895AU656I1KEY2EX.pcm

SwiftExplicitDependencyGeneratePcm x86_64 /Users/etnlwind/project/spot_omg/artifacts/s-native-v6-2-3/ios-build/ModuleCache.noindex/sys_types-B0OZJBI12B2QOKF3UVLPKD6EP.pcm

SwiftExplicitDependencyGeneratePcm x86_64 /Users/etnlwind/project/spot_omg/artifacts/s-native-v6-2-3/ios-build/ModuleCache.noindex/_Builtin_tgmath-BF4VYZFC28OT5G3NFPDIOPBVB.pcm

SwiftExplicitDependencyGeneratePcm x86_64 /Users/etnlwind/project/spot_omg/artifacts/s-native-v6-2-3/ios-build/ModuleCache.noindex/_Builtin_stdint-4XWHKT4LW7YGI8Y84KLQZ5XYS.pcm

SwiftExplicitDependencyGeneratePcm x86_64 /Users/etnlwind/project/spot_omg/artifacts/s-native-v6-2-3/ios-build/ModuleCache.noindex/_DarwinFoundation3-57DI01B3QJZEYHV4DCV8BU5YS.pcm

SwiftExplicitDependencyGeneratePcm x86_64 /Users/etnlwind/project/spot_omg/artifacts/s-native-v6-2-3/ios-build/ModuleCache.noindex/_Builtin_stdatomic-14E2EVE7C0K0KQAOAIM0OHCBX.pcm

SwiftExplicitDependencyGeneratePcm arm64 /Users/etnlwind/project/spot_omg/artifacts/s-native-v6-2-3/ios-build/ModuleCache.noindex/_Builtin_stdint-5IJRQI9CWD7F18UNEGBZX8IKC.pcm

SwiftExplicitDependencyGeneratePcm arm64 /Users/etnlwind/project/spot_omg/artifacts/s-native-v6-2-3/ios-build/ModuleCache.noindex/_Builtin_tgmath-8R0WPK596LXW675IBGNXZASEN.pcm

SwiftExplicitDependencyGeneratePcm arm64 /Users/etnlwind/project/spot_omg/artifacts/s-native-v6-2-3/ios-build/ModuleCache.noindex/sys_types-3YGR7KJKEBKNCLA11JT7AXNTT.pcm

SwiftExplicitDependencyGeneratePcm arm64 /Users/etnlwind/project/spot_omg/artifacts/s-native-v6-2-3/ios-build/ModuleCache.noindex/_DarwinFoundation3-A1HKW280PIZL233G78BQHG6E0.pcm

SwiftExplicitDependencyGeneratePcm arm64 /Users/etnlwind/project/spot_omg/artifacts/s-native-v6-2-3/ios-build/ModuleCache.noindex/_Builtin_stdatomic-C4XLVCK99OFOQ60NR7W728MKM.pcm

SwiftExplicitDependencyGeneratePcm arm64 /Users/etnlwind/project/spot_omg/artifacts/s-native-v6-2-3/ios-build/ModuleCache.noindex/_Builtin_intrinsics-25VRJFW4UWYEW6D2W90MMPXMA.pcm

SwiftExplicitDependencyGeneratePcm x86_64 /Users/etnlwind/project/spot_omg/artifacts/s-native-v6-2-3/ios-build/ModuleCache.noindex/_Builtin_inttypes-6NOJBZC77OY6D38N1HM7FAI4A.pcm

SwiftExplicitDependencyGeneratePcm x86_64 /Users/etnlwind/project/spot_omg/artifacts/s-native-v6-2-3/ios-build/ModuleCache.noindex/_Builtin_intrinsics-6GNW2AA1DCC8F6RDDPKNRWUGW.pcm

SwiftExplicitDependencyGeneratePcm x86_64 /Users/etnlwind/project/spot_omg/artifacts/s-native-v6-2-3/ios-build/ModuleCache.noindex/Darwin-3IGX9XOD39783URZ4K00ZMM3D.pcm

SwiftExplicitDependencyGeneratePcm arm64 /Users/etnlwind/project/spot_omg/artifacts/s-native-v6-2-3/ios-build/ModuleCache.noindex/_Builtin_inttypes-4C8RFUDKFP28IED31CIKOIY31.pcm

SwiftExplicitDependencyGeneratePcm arm64 /Users/etnlwind/project/spot_omg/artifacts/s-native-v6-2-3/ios-build/ModuleCache.noindex/Darwin-3MQHKT77GF0F7R1TGJGYUR77S.pcm

SwiftExplicitDependencyGeneratePcm arm64 /Users/etnlwind/project/spot_omg/artifacts/s-native-v6-2-3/ios-build/ModuleCache.noindex/simd-6BRKABCJ5RK1EBIOSOD7QDAPF.pcm

SwiftExplicitDependencyGeneratePcm x86_64 /Users/etnlwind/project/spot_omg/artifacts/s-native-v6-2-3/ios-build/ModuleCache.noindex/ObjectiveC-5AG9VIY1FZOBM5SBGLDZHLMYQ.pcm

SwiftExplicitDependencyGeneratePcm x86_64 /Users/etnlwind/project/spot_omg/artifacts/s-native-v6-2-3/ios-build/ModuleCache.noindex/MachO-A6IX4CKQDMTPPRKS0C621UE18.pcm

SwiftExplicitDependencyGeneratePcm x86_64 /Users/etnlwind/project/spot_omg/artifacts/s-native-v6-2-3/ios-build/ModuleCache.noindex/simd-55ZOIU9R7NO05519YKW7DYUH1.pcm

SwiftExplicitDependencyGeneratePcm x86_64 /Users/etnlwind/project/spot_omg/artifacts/s-native-v6-2-3/ios-build/ModuleCache.noindex/os_object-BR5QPALTMRZ5MY1S51KNPJQIG.pcm

SwiftExplicitDependencyGeneratePcm arm64 /Users/etnlwind/project/spot_omg/artifacts/s-native-v6-2-3/ios-build/ModuleCache.noindex/ObjectiveC-X44WPCT1QZ4RHCPFCUX53E8I.pcm

SwiftExplicitDependencyGeneratePcm arm64 /Users/etnlwind/project/spot_omg/artifacts/s-native-v6-2-3/ios-build/ModuleCache.noindex/MachO-97XQPF0R25EVXUI7W5VKYGCXN.pcm

SwiftExplicitDependencyGeneratePcm x86_64 /Users/etnlwind/project/spot_omg/artifacts/s-native-v6-2-3/ios-build/ModuleCache.noindex/os_workgroup-7A0A9GQU7IQ963T4Y1BLJYS03.pcm

SwiftExplicitDependencyGeneratePcm arm64 /Users/etnlwind/project/spot_omg/artifacts/s-native-v6-2-3/ios-build/ModuleCache.noindex/os_object-AJR0MLUSPWBQXBY45ICG9V8X0.pcm

SwiftExplicitDependencyGeneratePcm x86_64 /Users/etnlwind/project/spot_omg/artifacts/s-native-v6-2-3/ios-build/ModuleCache.noindex/Dispatch-BPUYIF7MZIHAE2OBJ37ALM0A0.pcm

SwiftExplicitDependencyGeneratePcm arm64 /Users/etnlwind/project/spot_omg/artifacts/s-native-v6-2-3/ios-build/ModuleCache.noindex/os_workgroup-15SMNFTNMR7JZC9CMMKLNZYOD.pcm

SwiftExplicitDependencyGeneratePcm arm64 /Users/etnlwind/project/spot_omg/artifacts/s-native-v6-2-3/ios-build/ModuleCache.noindex/Spatial-A6W8PIF5C0QHC7IRTE3UDQRSX.pcm

SwiftExplicitDependencyGeneratePcm x86_64 /Users/etnlwind/project/spot_omg/artifacts/s-native-v6-2-3/ios-build/ModuleCache.noindex/XPC-4PYJB6GL9D3CJ4EVKKATMHRAI.pcm

SwiftExplicitDependencyGeneratePcm x86_64 /Users/etnlwind/project/spot_omg/artifacts/s-native-v6-2-3/ios-build/ModuleCache.noindex/CoreFoundation-83NE4VUS8KECNBTTX8KWHVH5I.pcm

SwiftExplicitDependencyGeneratePcm x86_64 /Users/etnlwind/project/spot_omg/artifacts/s-native-v6-2-3/ios-build/ModuleCache.noindex/dnssd-5T1EEZ0EFFXSRUXU1SYSOY0PC.pcm

SwiftExplicitDependencyGeneratePcm arm64 /Users/etnlwind/project/spot_omg/artifacts/s-native-v6-2-3/ios-build/ModuleCache.noindex/Dispatch-P74O5L2HE4FX1RTX3W95JFPJ.pcm

SwiftExplicitDependencyGeneratePcm x86_64 /Users/etnlwind/project/spot_omg/artifacts/s-native-v6-2-3/ios-build/ModuleCache.noindex/os-4QS5BGX5K607HWLF6LJ2D2L2D.pcm

SwiftExplicitDependencyGeneratePcm arm64 /Users/etnlwind/project/spot_omg/artifacts/s-native-v6-2-3/ios-build/ModuleCache.noindex/XPC-4CDITA3PBUV0WQU1MO04P6OQ7.pcm

SwiftExplicitDependencyGeneratePcm arm64 /Users/etnlwind/project/spot_omg/artifacts/s-native-v6-2-3/ios-build/ModuleCache.noindex/CoreFoundation-EQ6X5BZ2X2BIFSNE7Z13NB4TC.pcm

SwiftExplicitDependencyGeneratePcm arm64 /Users/etnlwind/project/spot_omg/artifacts/s-native-v6-2-3/ios-build/ModuleCache.noindex/dnssd-DUTKF4CDRHNGWN69N3H80EZUT.pcm

SwiftExplicitDependencyGeneratePcm x86_64 /Users/etnlwind/project/spot_omg/artifacts/s-native-v6-2-3/ios-build/ModuleCache.noindex/CoreGraphics-AH212XTO5LE9K7TKCQKUB5GPA.pcm

SwiftExplicitDependencyGeneratePcm x86_64 /Users/etnlwind/project/spot_omg/artifacts/s-native-v6-2-3/ios-build/ModuleCache.noindex/Security-UBV4BYIXCM9SVEQBDX22SXKB.pcm

SwiftExplicitDependencyGeneratePcm x86_64 /Users/etnlwind/project/spot_omg/artifacts/s-native-v6-2-3/ios-build/ModuleCache.noindex/CFNetwork-D83A1IB0531NMWLGETQFIROEA.pcm

SwiftExplicitDependencyGeneratePcm x86_64 /Users/etnlwind/project/spot_omg/artifacts/s-native-v6-2-3/ios-build/ModuleCache.noindex/Spatial-461XR2U3ABM7OF7KJQSBA4Y59.pcm

SwiftExplicitDependencyGeneratePcm arm64 /Users/etnlwind/project/spot_omg/artifacts/s-native-v6-2-3/ios-build/ModuleCache.noindex/os-U2PUPS85SW9VEH7S1F0CEB2M.pcm

SwiftExplicitDependencyGeneratePcm x86_64 /Users/etnlwind/project/spot_omg/artifacts/s-native-v6-2-3/ios-build/ModuleCache.noindex/Foundation-4NMGMO2W4U3HZ8VBDI5TS2VA.pcm

SwiftExplicitDependencyGeneratePcm x86_64 /Users/etnlwind/project/spot_omg/artifacts/s-native-v6-2-3/ios-build/ModuleCache.noindex/ImageIO-CG06ZMF635ZOUJDT1NMDJ55BJ.pcm

SwiftExplicitDependencyGeneratePcm x86_64 /Users/etnlwind/project/spot_omg/artifacts/s-native-v6-2-3/ios-build/ModuleCache.noindex/CoreText-60MTJTKTNBRYDM3OFDXAE5MUK.pcm

SwiftExplicitDependencyGeneratePcm arm64 /Users/etnlwind/project/spot_omg/artifacts/s-native-v6-2-3/ios-build/ModuleCache.noindex/CoreGraphics-3GVZWA0A63F8YX1MQSXJYYYNY.pcm

SwiftExplicitDependencyGeneratePcm arm64 /Users/etnlwind/project/spot_omg/artifacts/s-native-v6-2-3/ios-build/ModuleCache.noindex/Security-EBGE88G6TT0OB76I17XG4ZR6E.pcm

SwiftExplicitDependencyGeneratePcm arm64 /Users/etnlwind/project/spot_omg/artifacts/s-native-v6-2-3/ios-build/ModuleCache.noindex/CFNetwork-3IQBYF0TXYU7VCRSMHI09PSK3.pcm

SwiftExplicitDependencyGeneratePcm arm64 /Users/etnlwind/project/spot_omg/artifacts/s-native-v6-2-3/ios-build/ModuleCache.noindex/Foundation-DT8C5KSNAX026MK6XCYIW4FCR.pcm

SwiftExplicitDependencyGeneratePcm arm64 /Users/etnlwind/project/spot_omg/artifacts/s-native-v6-2-3/ios-build/ModuleCache.noindex/ImageIO-4MDNC1XJUE05J07M5TL4SS2Z7.pcm

SwiftExplicitDependencyGeneratePcm arm64 /Users/etnlwind/project/spot_omg/artifacts/s-native-v6-2-3/ios-build/ModuleCache.noindex/CoreText-5H64UCORU26VMPA7PFRU81CA.pcm

SwiftExplicitDependencyGeneratePcm x86_64 /Users/etnlwind/project/spot_omg/artifacts/s-native-v6-2-3/ios-build/ModuleCache.noindex/UniformTypeIdentifiers-31VU06PZSP53C2A51RC7NG4J7.pcm

SwiftExplicitDependencyGeneratePcm x86_64 /Users/etnlwind/project/spot_omg/artifacts/s-native-v6-2-3/ios-build/ModuleCache.noindex/UserNotifications-46HYA7QKY0QSEZFTYDUG7OTBA.pcm

SwiftExplicitDependencyGeneratePcm x86_64 /Users/etnlwind/project/spot_omg/artifacts/s-native-v6-2-3/ios-build/ModuleCache.noindex/IOSurface-AOWS718ILI2QOUCORX9UXSJN9.pcm

SwiftExplicitDependencyGeneratePcm x86_64 /Users/etnlwind/project/spot_omg/artifacts/s-native-v6-2-3/ios-build/ModuleCache.noindex/Network-3XAI5M662XRMM4F9SG2W9QI42.pcm

SwiftExplicitDependencyGeneratePcm x86_64 /Users/etnlwind/project/spot_omg/artifacts/s-native-v6-2-3/ios-build/ModuleCache.noindex/CoreTransferable-9MLKMWIDM02XELWIH7QLRS4RV.pcm

SwiftExplicitDependencyGeneratePcm x86_64 /Users/etnlwind/project/spot_omg/artifacts/s-native-v6-2-3/ios-build/ModuleCache.noindex/OSLog-3UDIZSGISW2RTXT6T9MA5FUME.pcm

SwiftExplicitDependencyGeneratePcm x86_64 /Users/etnlwind/project/spot_omg/artifacts/s-native-v6-2-3/ios-build/ModuleCache.noindex/Accessibility-8MOB62YVW9K1YW0JNWVL3491Z.pcm

SwiftExplicitDependencyGeneratePcm x86_64 /Users/etnlwind/project/spot_omg/artifacts/s-native-v6-2-3/ios-build/ModuleCache.noindex/DataDetection-5YWFXDQPLQQPMS96G74U9MB8E.pcm

SwiftExplicitDependencyGeneratePcm x86_64 /Users/etnlwind/project/spot_omg/artifacts/s-native-v6-2-3/ios-build/ModuleCache.noindex/Symbols-1KBKI09RM3F6XH71064XVXQL5.pcm

SwiftExplicitDependencyGeneratePcm x86_64 /Users/etnlwind/project/spot_omg/artifacts/s-native-v6-2-3/ios-build/ModuleCache.noindex/CoreData-AH2K86Y8LUAYENVP4NJDFHBYE.pcm

SwiftExplicitDependencyGeneratePcm x86_64 /Users/etnlwind/project/spot_omg/artifacts/s-native-v6-2-3/ios-build/ModuleCache.noindex/OpenGLES-AKJ5JY32LVMH2EPA7S8EY8SAP.pcm

SwiftExplicitDependencyGeneratePcm x86_64 /Users/etnlwind/project/spot_omg/artifacts/s-native-v6-2-3/ios-build/ModuleCache.noindex/FileProvider-VNE9G68SGC280HI9NRTCXOKA.pcm

SwiftExplicitDependencyGeneratePcm x86_64 /Users/etnlwind/project/spot_omg/artifacts/s-native-v6-2-3/ios-build/ModuleCache.noindex/UIUtilities-CQS44T9SK790GBO3NA04E50A5.pcm

SwiftExplicitDependencyGeneratePcm x86_64 /Users/etnlwind/project/spot_omg/artifacts/s-native-v6-2-3/ios-build/ModuleCache.noindex/CoreBluetooth-1YGD2J14INT9G5HU6MD30RT48.pcm

SwiftExplicitDependencyGeneratePcm x86_64 /Users/etnlwind/project/spot_omg/artifacts/s-native-v6-2-3/ios-build/ModuleCache.noindex/Metal-BSIYBA8WKBXZ3PH2SYMLDIHEA.pcm

SwiftExplicitDependencyGeneratePcm arm64 /Users/etnlwind/project/spot_omg/artifacts/s-native-v6-2-3/ios-build/ModuleCache.noindex/UniformTypeIdentifiers-37O3BLLM9V2GOMLQL52O34J2S.pcm

SwiftExplicitDependencyGeneratePcm arm64 /Users/etnlwind/project/spot_omg/artifacts/s-native-v6-2-3/ios-build/ModuleCache.noindex/OpenGLES-3YCZTUT2CZQC1FQTM3ANNMCIZ.pcm

SwiftExplicitDependencyGeneratePcm arm64 /Users/etnlwind/project/spot_omg/artifacts/s-native-v6-2-3/ios-build/ModuleCache.noindex/Symbols-APPZKUGHTF7OQKFWKECT2KORF.pcm

SwiftExplicitDependencyGeneratePcm arm64 /Users/etnlwind/project/spot_omg/artifacts/s-native-v6-2-3/ios-build/ModuleCache.noindex/CoreTransferable-PUGKTGZV0MC092WPVJWXSSA6.pcm

SwiftExplicitDependencyGeneratePcm arm64 /Users/etnlwind/project/spot_omg/artifacts/s-native-v6-2-3/ios-build/ModuleCache.noindex/FileProvider-PIVKF7UKQAEUTYTJXVO3F3BZ.pcm

SwiftExplicitDependencyGeneratePcm arm64 /Users/etnlwind/project/spot_omg/artifacts/s-native-v6-2-3/ios-build/ModuleCache.noindex/UIUtilities-BNKDA7LTP3PCSOA3XARIR522L.pcm

SwiftExplicitDependencyGeneratePcm arm64 /Users/etnlwind/project/spot_omg/artifacts/s-native-v6-2-3/ios-build/ModuleCache.noindex/Network-BKKPR5D3G50FWG6ZOG3T72BO0.pcm

SwiftExplicitDependencyGeneratePcm arm64 /Users/etnlwind/project/spot_omg/artifacts/s-native-v6-2-3/ios-build/ModuleCache.noindex/CoreBluetooth-6MEYR758DGXKYXJCWLGNUAW0G.pcm

SwiftExplicitDependencyGeneratePcm arm64 /Users/etnlwind/project/spot_omg/artifacts/s-native-v6-2-3/ios-build/ModuleCache.noindex/IOSurface-4I9KYVYX8ZAWIXICZ91Q5WBZE.pcm

SwiftExplicitDependencyGeneratePcm arm64 /Users/etnlwind/project/spot_omg/artifacts/s-native-v6-2-3/ios-build/ModuleCache.noindex/OSLog-A1QTVRW07VOVLQHJJA3Y40E9.pcm

SwiftExplicitDependencyGeneratePcm arm64 /Users/etnlwind/project/spot_omg/artifacts/s-native-v6-2-3/ios-build/ModuleCache.noindex/Accessibility-CMANG6WOVZMJ8AR2PMFE3XLZE.pcm

SwiftExplicitDependencyGeneratePcm arm64 /Users/etnlwind/project/spot_omg/artifacts/s-native-v6-2-3/ios-build/ModuleCache.noindex/CoreData-89JHWWFVUA02TZAADL1AWE3MT.pcm

SwiftExplicitDependencyGeneratePcm arm64 /Users/etnlwind/project/spot_omg/artifacts/s-native-v6-2-3/ios-build/ModuleCache.noindex/UserNotifications-65BIUH2V61VF0PT0M1014LSSI.pcm

SwiftExplicitDependencyGeneratePcm arm64 /Users/etnlwind/project/spot_omg/artifacts/s-native-v6-2-3/ios-build/ModuleCache.noindex/DataDetection-3YSA14ERLAPVH8BU93UB4LGX4.pcm

SwiftExplicitDependencyGeneratePcm x86_64 /Users/etnlwind/project/spot_omg/artifacts/s-native-v6-2-3/ios-build/ModuleCache.noindex/CoreVideo-AM9FA2Z9ZZAKR3HBJDZIIUETW.pcm

SwiftExplicitDependencyGeneratePcm arm64 /Users/etnlwind/project/spot_omg/artifacts/s-native-v6-2-3/ios-build/ModuleCache.noindex/Metal-BJTO5K2PKTPB2XQF95LCPMIJL.pcm

SwiftExplicitDependencyGeneratePcm x86_64 /Users/etnlwind/project/spot_omg/artifacts/s-native-v6-2-3/ios-build/ModuleCache.noindex/QuartzCore-45HCE3CZRC9T5JI4JYCDZVZNY.pcm

SwiftExplicitDependencyGeneratePcm x86_64 /Users/etnlwind/project/spot_omg/artifacts/s-native-v6-2-3/ios-build/ModuleCache.noindex/CoreImage-AS00HAJXPT789YCFDQWI91881.pcm

SwiftExplicitDependencyGeneratePcm arm64 /Users/etnlwind/project/spot_omg/artifacts/s-native-v6-2-3/ios-build/ModuleCache.noindex/CoreVideo-6PX0ATG0HW0GZOQADG3Q43EPQ.pcm

SwiftExplicitDependencyGeneratePcm x86_64 /Users/etnlwind/project/spot_omg/artifacts/s-native-v6-2-3/ios-build/ModuleCache.noindex/SwiftUICore-73FMCCXVVUALKJQ3D55PYQ0P1.pcm

SwiftExplicitDependencyGeneratePcm x86_64 /Users/etnlwind/project/spot_omg/artifacts/s-native-v6-2-3/ios-build/ModuleCache.noindex/UIKit-68GBJPK5K4HE3S0Z78PXHJ18T.pcm

SwiftExplicitDependencyGeneratePcm arm64 /Users/etnlwind/project/spot_omg/artifacts/s-native-v6-2-3/ios-build/ModuleCache.noindex/CoreImage-5EZ8MVUYSBAC5LDRYRKIJ7EF6.pcm

SwiftExplicitDependencyGeneratePcm arm64 /Users/etnlwind/project/spot_omg/artifacts/s-native-v6-2-3/ios-build/ModuleCache.noindex/QuartzCore-8CM0ERK1R6T997JG7C1AT3RWZ.pcm

SwiftExplicitDependencyGeneratePcm arm64 /Users/etnlwind/project/spot_omg/artifacts/s-native-v6-2-3/ios-build/ModuleCache.noindex/SwiftUICore-2NBGTS8T99ACQAP9OGUY5ZX3I.pcm

SwiftExplicitDependencyGeneratePcm arm64 /Users/etnlwind/project/spot_omg/artifacts/s-native-v6-2-3/ios-build/ModuleCache.noindex/UIKit-77DP7F90BVBJ1LD0QLB35SP6T.pcm

SwiftExplicitDependencyGeneratePcm x86_64 /Users/etnlwind/project/spot_omg/artifacts/s-native-v6-2-3/ios-build/ModuleCache.noindex/SwiftUI-AU0B7WH1MMJMJCDAEY05BMOU6.pcm

SwiftCompile normal x86_64 Compiling\ RobotCommand.swift /Users/etnlwind/project/spot_omg/apps/ios/SpotOMGController/SpotOMGController/Protocol/RobotCommand.swift (in target 'SpotOMGController' from project 'SpotOMGController')

SwiftCompile normal x86_64 /Users/etnlwind/project/spot_omg/apps/ios/SpotOMGController/SpotOMGController/Protocol/RobotCommand.swift (in target 'SpotOMGController' from project 'SpotOMGController')
    cd /Users/etnlwind/project/spot_omg/apps/ios/SpotOMGController
    

SwiftCompile normal x86_64 Compiling\ ConnectionState.swift /Users/etnlwind/project/spot_omg/apps/ios/SpotOMGController/SpotOMGController/Models/ConnectionState.swift (in target 'SpotOMGController' from project 'SpotOMGController')

SwiftCompile normal x86_64 /Users/etnlwind/project/spot_omg/apps/ios/SpotOMGController/SpotOMGController/Models/ConnectionState.swift (in target 'SpotOMGController' from project 'SpotOMGController')
    cd /Users/etnlwind/project/spot_omg/apps/ios/SpotOMGController
    

SwiftCompile normal x86_64 Compiling\ SimulatorVideoView.swift /Users/etnlwind/project/spot_omg/apps/ios/SpotOMGController/SpotOMGController/Views/SimulatorVideoView.swift (in target 'SpotOMGController' from project 'SpotOMGController')

SwiftCompile normal x86_64 /Users/etnlwind/project/spot_omg/apps/ios/SpotOMGController/SpotOMGController/Views/SimulatorVideoView.swift (in target 'SpotOMGController' from project 'SpotOMGController')
    cd /Users/etnlwind/project/spot_omg/apps/ios/SpotOMGController
    

SwiftCompile normal x86_64 Compiling\ ContentView.swift /Users/etnlwind/project/spot_omg/apps/ios/SpotOMGController/SpotOMGController/Views/ContentView.swift (in target 'SpotOMGController' from project 'SpotOMGController')

SwiftCompile normal x86_64 /Users/etnlwind/project/spot_omg/apps/ios/SpotOMGController/SpotOMGController/Views/ContentView.swift (in target 'SpotOMGController' from project 'SpotOMGController')
    cd /Users/etnlwind/project/spot_omg/apps/ios/SpotOMGController
    

SwiftEmitModule normal x86_64 Emitting\ module\ for\ SpotOMGController (in target 'SpotOMGController' from project 'SpotOMGController')

EmitSwiftModule normal x86_64 (in target 'SpotOMGController' from project 'SpotOMGController')
    cd /Users/etnlwind/project/spot_omg/apps/ios/SpotOMGController
    

SwiftCompile normal x86_64 Compiling\ ControlView.swift /Users/etnlwind/project/spot_omg/apps/ios/SpotOMGController/SpotOMGController/Views/ControlView.swift (in target 'SpotOMGController' from project 'SpotOMGController')

SwiftCompile normal x86_64 /Users/etnlwind/project/spot_omg/apps/ios/SpotOMGController/SpotOMGController/Views/ControlView.swift (in target 'SpotOMGController' from project 'SpotOMGController')
    cd /Users/etnlwind/project/spot_omg/apps/ios/SpotOMGController
    

SwiftCompile normal x86_64 Compiling\ VirtualJoystick.swift /Users/etnlwind/project/spot_omg/apps/ios/SpotOMGController/SpotOMGController/Views/VirtualJoystick.swift (in target 'SpotOMGController' from project 'SpotOMGController')

SwiftCompile normal x86_64 /Users/etnlwind/project/spot_omg/apps/ios/SpotOMGController/SpotOMGController/Views/VirtualJoystick.swift (in target 'SpotOMGController' from project 'SpotOMGController')
    cd /Users/etnlwind/project/spot_omg/apps/ios/SpotOMGController
    

SwiftCompile normal x86_64 Compiling\ GeneratedAssetSymbols.swift /Users/etnlwind/project/spot_omg/artifacts/s-native-v6-2-3/ios-build/Build/Intermediates.noindex/SpotOMGController.build/Debug-iphonesimulator/SpotOMGController.build/DerivedSources/GeneratedAssetSymbols.swift (in target 'SpotOMGController' from project 'SpotOMGController')

SwiftCompile normal x86_64 /Users/etnlwind/project/spot_omg/artifacts/s-native-v6-2-3/ios-build/Build/Intermediates.noindex/SpotOMGController.build/Debug-iphonesimulator/SpotOMGController.build/DerivedSources/GeneratedAssetSymbols.swift (in target 'SpotOMGController' from project 'SpotOMGController')
    cd /Users/etnlwind/project/spot_omg/apps/ios/SpotOMGController
    

SwiftCompile normal x86_64 Compiling\ SpotOMGControllerApp.swift /Users/etnlwind/project/spot_omg/apps/ios/SpotOMGController/SpotOMGController/App/SpotOMGControllerApp.swift (in target 'SpotOMGController' from project 'SpotOMGController')

SwiftCompile normal x86_64 /Users/etnlwind/project/spot_omg/apps/ios/SpotOMGController/SpotOMGController/App/SpotOMGControllerApp.swift (in target 'SpotOMGController' from project 'SpotOMGController')
    cd /Users/etnlwind/project/spot_omg/apps/ios/SpotOMGController
    

SwiftCompile normal x86_64 Compiling\ RobotConnectionTrace.swift /Users/etnlwind/project/spot_omg/apps/ios/SpotOMGController/SpotOMGController/BLE/RobotConnectionTrace.swift (in target 'SpotOMGController' from project 'SpotOMGController')

SwiftCompile normal x86_64 /Users/etnlwind/project/spot_omg/apps/ios/SpotOMGController/SpotOMGController/BLE/RobotConnectionTrace.swift (in target 'SpotOMGController' from project 'SpotOMGController')
    cd /Users/etnlwind/project/spot_omg/apps/ios/SpotOMGController
    

SwiftCompile normal x86_64 Compiling\ RobotBluetoothManager.swift /Users/etnlwind/project/spot_omg/apps/ios/SpotOMGController/SpotOMGController/BLE/RobotBluetoothManager.swift (in target 'SpotOMGController' from project 'SpotOMGController')

SwiftCompile normal x86_64 /Users/etnlwind/project/spot_omg/apps/ios/SpotOMGController/SpotOMGController/BLE/RobotBluetoothManager.swift (in target 'SpotOMGController' from project 'SpotOMGController')
    cd /Users/etnlwind/project/spot_omg/apps/ios/SpotOMGController
    

SwiftExplicitDependencyGeneratePcm arm64 /Users/etnlwind/project/spot_omg/artifacts/s-native-v6-2-3/ios-build/ModuleCache.noindex/SwiftUI-BL1FXI4TXGI5OF89LQTT0RHG.pcm

SwiftDriverJobDiscovery normal x86_64 Emitting module for SpotOMGController (in target 'SpotOMGController' from project 'SpotOMGController')

SwiftDriver\ Compilation\ Requirements SpotOMGController normal x86_64 com.apple.xcode.tools.swift.compiler (in target 'SpotOMGController' from project 'SpotOMGController')
    cd /Users/etnlwind/project/spot_omg/apps/ios/SpotOMGController
    builtin-Swift-Compilation-Requirements -- /Applications/Xcode.app/Contents/Developer/Toolchains/XcodeDefault.xctoolchain/usr/bin/swiftc -module-name SpotOMGController -Onone @/Users/etnlwind/project/spot_omg/artifacts/s-native-v6-2-3/ios-build/Build/Intermediates.noindex/SpotOMGController.build/Debug-iphonesimulator/SpotOMGController.build/Objects-normal/x86_64/SpotOMGController.SwiftFileList -enable-bare-slash-regex -enable-experimental-feature DebugDescriptionMacro -sdk /Applications/Xcode.app/Contents/Developer/Platforms/iPhoneSimulator.platform/Developer/SDKs/iPhoneSimulator26.5.sdk -target x86_64-apple-ios17.0-simulator -g -module-cache-path /Users/etnlwind/project/spot_omg/artifacts/s-native-v6-2-3/ios-build/ModuleCache.noindex -Xfrontend -serialize-debugging-options -profile-coverage-mapping -profile-generate -enable-testing -index-store-path /Users/etnlwind/project/spot_omg/artifacts/s-native-v6-2-3/ios-build/Index.noindex/DataStore -swift-version 5 -I /Users/etnlwind/project/spot_omg/artifacts/s-native-v6-2-3/ios-build/Build/Products/Debug-iphonesimulator -F /Users/etnlwind/project/spot_omg/artifacts/s-native-v6-2-3/ios-build/Build/Products/Debug-iphonesimulator -emit-localized-strings -emit-localized-strings-path /Users/etnlwind/project/spot_omg/artifacts/s-native-v6-2-3/ios-build/Build/Intermediates.noindex/SpotOMGController.build/Debug-iphonesimulator/SpotOMGController.build/Objects-normal/x86_64 -c -j12 -enable-batch-mode -incremental -output-file-map /Users/etnlwind/project/spot_omg/artifacts/s-native-v6-2-3/ios-build/Build/Intermediates.noindex/SpotOMGController.build/Debug-iphonesimulator/SpotOMGController.build/Objects-normal/x86_64/SpotOMGController-OutputFileMap.json -use-frontend-parseable-output -save-temps -no-color-diagnostics -explicit-module-build -module-cache-path /Users/etnlwind/project/spot_omg/artifacts/s-native-v6-2-3/ios-build/Build/Intermediates.noindex/SwiftExplicitPrecompiledModules -clang-scanner-module-cache-path /Users/etnlwind/project/spot_omg/artifacts/s-native-v6-2-3/ios-build/ModuleCache.noindex -sdk-module-cache-path /Users/etnlwind/project/spot_omg/artifacts/s-native-v6-2-3/ios-build/ModuleCache.noindex -serialize-diagnostics -emit-dependencies -emit-module -emit-module-path /Users/etnlwind/project/spot_omg/artifacts/s-native-v6-2-3/ios-build/Build/Intermediates.noindex/SpotOMGController.build/Debug-iphonesimulator/SpotOMGController.build/Objects-normal/x86_64/SpotOMGController.swiftmodule -validate-clang-modules-once -clang-build-session-file /Users/etnlwind/project/spot_omg/artifacts/s-native-v6-2-3/ios-build/ModuleCache.noindex/Session.modulevalidation -Xcc -I/Users/etnlwind/project/spot_omg/artifacts/s-native-v6-2-3/ios-build/Build/Intermediates.noindex/SpotOMGController.build/Debug-iphonesimulator/SpotOMGController.build/swift-overrides.hmap -emit-const-values -Xfrontend -const-gather-protocols-file -Xfrontend /Users/etnlwind/project/spot_omg/artifacts/s-native-v6-2-3/ios-build/Build/Intermediates.noindex/SpotOMGController.build/Debug-iphonesimulator/SpotOMGController.build/Objects-normal/x86_64/SpotOMGController_const_extract_protocols.json -Xcc -iquote -Xcc /Users/etnlwind/project/spot_omg/artifacts/s-native-v6-2-3/ios-build/Build/Intermediates.noindex/SpotOMGController.build/Debug-iphonesimulator/SpotOMGController.build/SpotOMGController-generated-files.hmap -Xcc -I/Users/etnlwind/project/spot_omg/artifacts/s-native-v6-2-3/ios-build/Build/Intermediates.noindex/SpotOMGController.build/Debug-iphonesimulator/SpotOMGController.build/SpotOMGController-own-target-headers.hmap -Xcc -I/Users/etnlwind/project/spot_omg/artifacts/s-native-v6-2-3/ios-build/Build/Intermediates.noindex/SpotOMGController.build/Debug-iphonesimulator/SpotOMGController.build/SpotOMGController-all-target-headers.hmap -Xcc -iquote -Xcc /Users/etnlwind/project/spot_omg/artifacts/s-native-v6-2-3/ios-build/Build/Intermediates.noindex/SpotOMGController.build/Debug-iphonesimulator/SpotOMGController.build/SpotOMGController-project-headers.hmap -Xcc -I/Users/etnlwind/project/spot_omg/artifacts/s-native-v6-2-3/ios-build/Build/Products/Debug-iphonesimulator/include -Xcc -I/Users/etnlwind/project/spot_omg/artifacts/s-native-v6-2-3/ios-build/Build/Intermediates.noindex/SpotOMGController.build/Debug-iphonesimulator/SpotOMGController.build/DerivedSources-normal/x86_64 -Xcc -I/Users/etnlwind/project/spot_omg/artifacts/s-native-v6-2-3/ios-build/Build/Intermediates.noindex/SpotOMGController.build/Debug-iphonesimulator/SpotOMGController.build/DerivedSources/x86_64 -Xcc -I/Users/etnlwind/project/spot_omg/artifacts/s-native-v6-2-3/ios-build/Build/Intermediates.noindex/SpotOMGController.build/Debug-iphonesimulator/SpotOMGController.build/DerivedSources -emit-objc-header -emit-objc-header-path /Users/etnlwind/project/spot_omg/artifacts/s-native-v6-2-3/ios-build/Build/Intermediates.noindex/SpotOMGController.build/Debug-iphonesimulator/SpotOMGController.build/Objects-normal/x86_64/SpotOMGController-Swift.h -working-directory /Users/etnlwind/project/spot_omg/apps/ios/SpotOMGController -experimental-emit-module-separately -disable-cmo

SwiftEmitModule normal arm64 Emitting\ module\ for\ SpotOMGController (in target 'SpotOMGController' from project 'SpotOMGController')

EmitSwiftModule normal arm64 (in target 'SpotOMGController' from project 'SpotOMGController')
    cd /Users/etnlwind/project/spot_omg/apps/ios/SpotOMGController
    

SwiftDriverJobDiscovery normal arm64 Emitting module for SpotOMGController (in target 'SpotOMGController' from project 'SpotOMGController')

Copy /Users/etnlwind/project/spot_omg/artifacts/s-native-v6-2-3/ios-build/Build/Products/Debug-iphonesimulator/SpotOMGController.swiftmodule/x86_64-apple-ios-simulator.swiftmodule /Users/etnlwind/project/spot_omg/artifacts/s-native-v6-2-3/ios-build/Build/Intermediates.noindex/SpotOMGController.build/Debug-iphonesimulator/SpotOMGController.build/Objects-normal/x86_64/SpotOMGController.swiftmodule (in target 'SpotOMGController' from project 'SpotOMGController')
    cd /Users/etnlwind/project/spot_omg/apps/ios/SpotOMGController
    builtin-copy -exclude .DS_Store -exclude CVS -exclude .svn -exclude .git -exclude .hg -strip-unsigned-binaries -strip-deterministic -strip-tool /Applications/Xcode.app/Contents/Developer/Toolchains/XcodeDefault.xctoolchain/usr/bin/strip -resolve-src-symlinks -rename /Users/etnlwind/project/spot_omg/artifacts/s-native-v6-2-3/ios-build/Build/Intermediates.noindex/SpotOMGController.build/Debug-iphonesimulator/SpotOMGController.build/Objects-normal/x86_64/SpotOMGController.swiftmodule /Users/etnlwind/project/spot_omg/artifacts/s-native-v6-2-3/ios-build/Build/Products/Debug-iphonesimulator/SpotOMGController.swiftmodule/x86_64-apple-ios-simulator.swiftmodule

SwiftDriver\ Compilation\ Requirements SpotOMGController normal arm64 com.apple.xcode.tools.swift.compiler (in target 'SpotOMGController' from project 'SpotOMGController')
    cd /Users/etnlwind/project/spot_omg/apps/ios/SpotOMGController
    builtin-Swift-Compilation-Requirements -- /Applications/Xcode.app/Contents/Developer/Toolchains/XcodeDefault.xctoolchain/usr/bin/swiftc -module-name SpotOMGController -Onone @/Users/etnlwind/project/spot_omg/artifacts/s-native-v6-2-3/ios-build/Build/Intermediates.noindex/SpotOMGController.build/Debug-iphonesimulator/SpotOMGController.build/Objects-normal/arm64/SpotOMGController.SwiftFileList -enable-bare-slash-regex -enable-experimental-feature DebugDescriptionMacro -sdk /Applications/Xcode.app/Contents/Developer/Platforms/iPhoneSimulator.platform/Developer/SDKs/iPhoneSimulator26.5.sdk -target arm64-apple-ios17.0-simulator -g -module-cache-path /Users/etnlwind/project/spot_omg/artifacts/s-native-v6-2-3/ios-build/ModuleCache.noindex -Xfrontend -serialize-debugging-options -profile-coverage-mapping -profile-generate -enable-testing -index-store-path /Users/etnlwind/project/spot_omg/artifacts/s-native-v6-2-3/ios-build/Index.noindex/DataStore -swift-version 5 -I /Users/etnlwind/project/spot_omg/artifacts/s-native-v6-2-3/ios-build/Build/Products/Debug-iphonesimulator -F /Users/etnlwind/project/spot_omg/artifacts/s-native-v6-2-3/ios-build/Build/Products/Debug-iphonesimulator -emit-localized-strings -emit-localized-strings-path /Users/etnlwind/project/spot_omg/artifacts/s-native-v6-2-3/ios-build/Build/Intermediates.noindex/SpotOMGController.build/Debug-iphonesimulator/SpotOMGController.build/Objects-normal/arm64 -c -j12 -enable-batch-mode -incremental -output-file-map /Users/etnlwind/project/spot_omg/artifacts/s-native-v6-2-3/ios-build/Build/Intermediates.noindex/SpotOMGController.build/Debug-iphonesimulator/SpotOMGController.build/Objects-normal/arm64/SpotOMGController-OutputFileMap.json -use-frontend-parseable-output -save-temps -no-color-diagnostics -explicit-module-build -module-cache-path /Users/etnlwind/project/spot_omg/artifacts/s-native-v6-2-3/ios-build/Build/Intermediates.noindex/SwiftExplicitPrecompiledModules -clang-scanner-module-cache-path /Users/etnlwind/project/spot_omg/artifacts/s-native-v6-2-3/ios-build/ModuleCache.noindex -sdk-module-cache-path /Users/etnlwind/project/spot_omg/artifacts/s-native-v6-2-3/ios-build/ModuleCache.noindex -serialize-diagnostics -emit-dependencies -emit-module -emit-module-path /Users/etnlwind/project/spot_omg/artifacts/s-native-v6-2-3/ios-build/Build/Intermediates.noindex/SpotOMGController.build/Debug-iphonesimulator/SpotOMGController.build/Objects-normal/arm64/SpotOMGController.swiftmodule -validate-clang-modules-once -clang-build-session-file /Users/etnlwind/project/spot_omg/artifacts/s-native-v6-2-3/ios-build/ModuleCache.noindex/Session.modulevalidation -Xcc -I/Users/etnlwind/project/spot_omg/artifacts/s-native-v6-2-3/ios-build/Build/Intermediates.noindex/SpotOMGController.build/Debug-iphonesimulator/SpotOMGController.build/swift-overrides.hmap -emit-const-values -Xfrontend -const-gather-protocols-file -Xfrontend /Users/etnlwind/project/spot_omg/artifacts/s-native-v6-2-3/ios-build/Build/Intermediates.noindex/SpotOMGController.build/Debug-iphonesimulator/SpotOMGController.build/Objects-normal/arm64/SpotOMGController_const_extract_protocols.json -Xcc -iquote -Xcc /Users/etnlwind/project/spot_omg/artifacts/s-native-v6-2-3/ios-build/Build/Intermediates.noindex/SpotOMGController.build/Debug-iphonesimulator/SpotOMGController.build/SpotOMGController-generated-files.hmap -Xcc -I/Users/etnlwind/project/spot_omg/artifacts/s-native-v6-2-3/ios-build/Build/Intermediates.noindex/SpotOMGController.build/Debug-iphonesimulator/SpotOMGController.build/SpotOMGController-own-target-headers.hmap -Xcc -I/Users/etnlwind/project/spot_omg/artifacts/s-native-v6-2-3/ios-build/Build/Intermediates.noindex/SpotOMGController.build/Debug-iphonesimulator/SpotOMGController.build/SpotOMGController-all-target-headers.hmap -Xcc -iquote -Xcc /Users/etnlwind/project/spot_omg/artifacts/s-native-v6-2-3/ios-build/Build/Intermediates.noindex/SpotOMGController.build/Debug-iphonesimulator/SpotOMGController.build/SpotOMGController-project-headers.hmap -Xcc -I/Users/etnlwind/project/spot_omg/artifacts/s-native-v6-2-3/ios-build/Build/Products/Debug-iphonesimulator/include -Xcc -I/Users/etnlwind/project/spot_omg/artifacts/s-native-v6-2-3/ios-build/Build/Intermediates.noindex/SpotOMGController.build/Debug-iphonesimulator/SpotOMGController.build/DerivedSources-normal/arm64 -Xcc -I/Users/etnlwind/project/spot_omg/artifacts/s-native-v6-2-3/ios-build/Build/Intermediates.noindex/SpotOMGController.build/Debug-iphonesimulator/SpotOMGController.build/DerivedSources/arm64 -Xcc -I/Users/etnlwind/project/spot_omg/artifacts/s-native-v6-2-3/ios-build/Build/Intermediates.noindex/SpotOMGController.build/Debug-iphonesimulator/SpotOMGController.build/DerivedSources -emit-objc-header -emit-objc-header-path /Users/etnlwind/project/spot_omg/artifacts/s-native-v6-2-3/ios-build/Build/Intermediates.noindex/SpotOMGController.build/Debug-iphonesimulator/SpotOMGController.build/Objects-normal/arm64/SpotOMGController-Swift.h -working-directory /Users/etnlwind/project/spot_omg/apps/ios/SpotOMGController -experimental-emit-module-separately -disable-cmo

Copy /Users/etnlwind/project/spot_omg/artifacts/s-native-v6-2-3/ios-build/Build/Products/Debug-iphonesimulator/SpotOMGController.swiftmodule/x86_64-apple-ios-simulator.swiftdoc /Users/etnlwind/project/spot_omg/artifacts/s-native-v6-2-3/ios-build/Build/Intermediates.noindex/SpotOMGController.build/Debug-iphonesimulator/SpotOMGController.build/Objects-normal/x86_64/SpotOMGController.swiftdoc (in target 'SpotOMGController' from project 'SpotOMGController')
    cd /Users/etnlwind/project/spot_omg/apps/ios/SpotOMGController
    builtin-copy -exclude .DS_Store -exclude CVS -exclude .svn -exclude .git -exclude .hg -strip-unsigned-binaries -strip-deterministic -strip-tool /Applications/Xcode.app/Contents/Developer/Toolchains/XcodeDefault.xctoolchain/usr/bin/strip -resolve-src-symlinks -rename /Users/etnlwind/project/spot_omg/artifacts/s-native-v6-2-3/ios-build/Build/Intermediates.noindex/SpotOMGController.build/Debug-iphonesimulator/SpotOMGController.build/Objects-normal/x86_64/SpotOMGController.swiftdoc /Users/etnlwind/project/spot_omg/artifacts/s-native-v6-2-3/ios-build/Build/Products/Debug-iphonesimulator/SpotOMGController.swiftmodule/x86_64-apple-ios-simulator.swiftdoc

SwiftMergeGeneratedHeaders /Users/etnlwind/project/spot_omg/artifacts/s-native-v6-2-3/ios-build/Build/Intermediates.noindex/SpotOMGController.build/Debug-iphonesimulator/SpotOMGController.build/DerivedSources/SpotOMGController-Swift.h /Users/etnlwind/project/spot_omg/artifacts/s-native-v6-2-3/ios-build/Build/Intermediates.noindex/SpotOMGController.build/Debug-iphonesimulator/SpotOMGController.build/Objects-normal/arm64/SpotOMGController-Swift.h /Users/etnlwind/project/spot_omg/artifacts/s-native-v6-2-3/ios-build/Build/Intermediates.noindex/SpotOMGController.build/Debug-iphonesimulator/SpotOMGController.build/Objects-normal/x86_64/SpotOMGController-Swift.h (in target 'SpotOMGController' from project 'SpotOMGController')
    cd /Users/etnlwind/project/spot_omg/apps/ios/SpotOMGController
    builtin-swiftHeaderTool -arch arm64 /Users/etnlwind/project/spot_omg/artifacts/s-native-v6-2-3/ios-build/Build/Intermediates.noindex/SpotOMGController.build/Debug-iphonesimulator/SpotOMGController.build/Objects-normal/arm64/SpotOMGController-Swift.h -arch x86_64 /Users/etnlwind/project/spot_omg/artifacts/s-native-v6-2-3/ios-build/Build/Intermediates.noindex/SpotOMGController.build/Debug-iphonesimulator/SpotOMGController.build/Objects-normal/x86_64/SpotOMGController-Swift.h -o /Users/etnlwind/project/spot_omg/artifacts/s-native-v6-2-3/ios-build/Build/Intermediates.noindex/SpotOMGController.build/Debug-iphonesimulator/SpotOMGController.build/DerivedSources/SpotOMGController-Swift.h

Copy /Users/etnlwind/project/spot_omg/artifacts/s-native-v6-2-3/ios-build/Build/Products/Debug-iphonesimulator/SpotOMGController.swiftmodule/x86_64-apple-ios-simulator.abi.json /Users/etnlwind/project/spot_omg/artifacts/s-native-v6-2-3/ios-build/Build/Intermediates.noindex/SpotOMGController.build/Debug-iphonesimulator/SpotOMGController.build/Objects-normal/x86_64/SpotOMGController.abi.json (in target 'SpotOMGController' from project 'SpotOMGController')
    cd /Users/etnlwind/project/spot_omg/apps/ios/SpotOMGController
    builtin-copy -exclude .DS_Store -exclude CVS -exclude .svn -exclude .git -exclude .hg -strip-unsigned-binaries -strip-deterministic -strip-tool /Applications/Xcode.app/Contents/Developer/Toolchains/XcodeDefault.xctoolchain/usr/bin/strip -resolve-src-symlinks -rename /Users/etnlwind/project/spot_omg/artifacts/s-native-v6-2-3/ios-build/Build/Intermediates.noindex/SpotOMGController.build/Debug-iphonesimulator/SpotOMGController.build/Objects-normal/x86_64/SpotOMGController.abi.json /Users/etnlwind/project/spot_omg/artifacts/s-native-v6-2-3/ios-build/Build/Products/Debug-iphonesimulator/SpotOMGController.swiftmodule/x86_64-apple-ios-simulator.abi.json

Copy /Users/etnlwind/project/spot_omg/artifacts/s-native-v6-2-3/ios-build/Build/Products/Debug-iphonesimulator/SpotOMGController.swiftmodule/arm64-apple-ios-simulator.swiftmodule /Users/etnlwind/project/spot_omg/artifacts/s-native-v6-2-3/ios-build/Build/Intermediates.noindex/SpotOMGController.build/Debug-iphonesimulator/SpotOMGController.build/Objects-normal/arm64/SpotOMGController.swiftmodule (in target 'SpotOMGController' from project 'SpotOMGController')
    cd /Users/etnlwind/project/spot_omg/apps/ios/SpotOMGController
    builtin-copy -exclude .DS_Store -exclude CVS -exclude .svn -exclude .git -exclude .hg -strip-unsigned-binaries -strip-deterministic -strip-tool /Applications/Xcode.app/Contents/Developer/Toolchains/XcodeDefault.xctoolchain/usr/bin/strip -resolve-src-symlinks -rename /Users/etnlwind/project/spot_omg/artifacts/s-native-v6-2-3/ios-build/Build/Intermediates.noindex/SpotOMGController.build/Debug-iphonesimulator/SpotOMGController.build/Objects-normal/arm64/SpotOMGController.swiftmodule /Users/etnlwind/project/spot_omg/artifacts/s-native-v6-2-3/ios-build/Build/Products/Debug-iphonesimulator/SpotOMGController.swiftmodule/arm64-apple-ios-simulator.swiftmodule

Copy /Users/etnlwind/project/spot_omg/artifacts/s-native-v6-2-3/ios-build/Build/Products/Debug-iphonesimulator/SpotOMGController.swiftmodule/arm64-apple-ios-simulator.swiftdoc /Users/etnlwind/project/spot_omg/artifacts/s-native-v6-2-3/ios-build/Build/Intermediates.noindex/SpotOMGController.build/Debug-iphonesimulator/SpotOMGController.build/Objects-normal/arm64/SpotOMGController.swiftdoc (in target 'SpotOMGController' from project 'SpotOMGController')
    cd /Users/etnlwind/project/spot_omg/apps/ios/SpotOMGController
    builtin-copy -exclude .DS_Store -exclude CVS -exclude .svn -exclude .git -exclude .hg -strip-unsigned-binaries -strip-deterministic -strip-tool /Applications/Xcode.app/Contents/Developer/Toolchains/XcodeDefault.xctoolchain/usr/bin/strip -resolve-src-symlinks -rename /Users/etnlwind/project/spot_omg/artifacts/s-native-v6-2-3/ios-build/Build/Intermediates.noindex/SpotOMGController.build/Debug-iphonesimulator/SpotOMGController.build/Objects-normal/arm64/SpotOMGController.swiftdoc /Users/etnlwind/project/spot_omg/artifacts/s-native-v6-2-3/ios-build/Build/Products/Debug-iphonesimulator/SpotOMGController.swiftmodule/arm64-apple-ios-simulator.swiftdoc

Copy /Users/etnlwind/project/spot_omg/artifacts/s-native-v6-2-3/ios-build/Build/Products/Debug-iphonesimulator/SpotOMGController.swiftmodule/arm64-apple-ios-simulator.abi.json /Users/etnlwind/project/spot_omg/artifacts/s-native-v6-2-3/ios-build/Build/Intermediates.noindex/SpotOMGController.build/Debug-iphonesimulator/SpotOMGController.build/Objects-normal/arm64/SpotOMGController.abi.json (in target 'SpotOMGController' from project 'SpotOMGController')
    cd /Users/etnlwind/project/spot_omg/apps/ios/SpotOMGController
    builtin-copy -exclude .DS_Store -exclude CVS -exclude .svn -exclude .git -exclude .hg -strip-unsigned-binaries -strip-deterministic -strip-tool /Applications/Xcode.app/Contents/Developer/Toolchains/XcodeDefault.xctoolchain/usr/bin/strip -resolve-src-symlinks -rename /Users/etnlwind/project/spot_omg/artifacts/s-native-v6-2-3/ios-build/Build/Intermediates.noindex/SpotOMGController.build/Debug-iphonesimulator/SpotOMGController.build/Objects-normal/arm64/SpotOMGController.abi.json /Users/etnlwind/project/spot_omg/artifacts/s-native-v6-2-3/ios-build/Build/Products/Debug-iphonesimulator/SpotOMGController.swiftmodule/arm64-apple-ios-simulator.abi.json

Copy /Users/etnlwind/project/spot_omg/artifacts/s-native-v6-2-3/ios-build/Build/Products/Debug-iphonesimulator/SpotOMGController.swiftmodule/Project/x86_64-apple-ios-simulator.swiftsourceinfo /Users/etnlwind/project/spot_omg/artifacts/s-native-v6-2-3/ios-build/Build/Intermediates.noindex/SpotOMGController.build/Debug-iphonesimulator/SpotOMGController.build/Objects-normal/x86_64/SpotOMGController.swiftsourceinfo (in target 'SpotOMGController' from project 'SpotOMGController')
    cd /Users/etnlwind/project/spot_omg/apps/ios/SpotOMGController
    builtin-copy -exclude .DS_Store -exclude CVS -exclude .svn -exclude .git -exclude .hg -strip-unsigned-binaries -strip-deterministic -strip-tool /Applications/Xcode.app/Contents/Developer/Toolchains/XcodeDefault.xctoolchain/usr/bin/strip -resolve-src-symlinks -rename /Users/etnlwind/project/spot_omg/artifacts/s-native-v6-2-3/ios-build/Build/Intermediates.noindex/SpotOMGController.build/Debug-iphonesimulator/SpotOMGController.build/Objects-normal/x86_64/SpotOMGController.swiftsourceinfo /Users/etnlwind/project/spot_omg/artifacts/s-native-v6-2-3/ios-build/Build/Products/Debug-iphonesimulator/SpotOMGController.swiftmodule/Project/x86_64-apple-ios-simulator.swiftsourceinfo

Copy /Users/etnlwind/project/spot_omg/artifacts/s-native-v6-2-3/ios-build/Build/Products/Debug-iphonesimulator/SpotOMGController.swiftmodule/Project/arm64-apple-ios-simulator.swiftsourceinfo /Users/etnlwind/project/spot_omg/artifacts/s-native-v6-2-3/ios-build/Build/Intermediates.noindex/SpotOMGController.build/Debug-iphonesimulator/SpotOMGController.build/Objects-normal/arm64/SpotOMGController.swiftsourceinfo (in target 'SpotOMGController' from project 'SpotOMGController')
    cd /Users/etnlwind/project/spot_omg/apps/ios/SpotOMGController
    builtin-copy -exclude .DS_Store -exclude CVS -exclude .svn -exclude .git -exclude .hg -strip-unsigned-binaries -strip-deterministic -strip-tool /Applications/Xcode.app/Contents/Developer/Toolchains/XcodeDefault.xctoolchain/usr/bin/strip -resolve-src-symlinks -rename /Users/etnlwind/project/spot_omg/artifacts/s-native-v6-2-3/ios-build/Build/Intermediates.noindex/SpotOMGController.build/Debug-iphonesimulator/SpotOMGController.build/Objects-normal/arm64/SpotOMGController.swiftsourceinfo /Users/etnlwind/project/spot_omg/artifacts/s-native-v6-2-3/ios-build/Build/Products/Debug-iphonesimulator/SpotOMGController.swiftmodule/Project/arm64-apple-ios-simulator.swiftsourceinfo

SwiftCompile normal arm64 Compiling\ ControlView.swift /Users/etnlwind/project/spot_omg/apps/ios/SpotOMGController/SpotOMGController/Views/ControlView.swift (in target 'SpotOMGController' from project 'SpotOMGController')

SwiftCompile normal arm64 /Users/etnlwind/project/spot_omg/apps/ios/SpotOMGController/SpotOMGController/Views/ControlView.swift (in target 'SpotOMGController' from project 'SpotOMGController')
    cd /Users/etnlwind/project/spot_omg/apps/ios/SpotOMGController
    

SwiftCompile normal arm64 Compiling\ RobotConnectionTrace.swift /Users/etnlwind/project/spot_omg/apps/ios/SpotOMGController/SpotOMGController/BLE/RobotConnectionTrace.swift (in target 'SpotOMGController' from project 'SpotOMGController')

SwiftCompile normal arm64 /Users/etnlwind/project/spot_omg/apps/ios/SpotOMGController/SpotOMGController/BLE/RobotConnectionTrace.swift (in target 'SpotOMGController' from project 'SpotOMGController')
    cd /Users/etnlwind/project/spot_omg/apps/ios/SpotOMGController
    

SwiftDriverJobDiscovery normal x86_64 Compiling RobotConnectionTrace.swift (in target 'SpotOMGController' from project 'SpotOMGController')

SwiftCompile normal arm64 Compiling\ ContentView.swift /Users/etnlwind/project/spot_omg/apps/ios/SpotOMGController/SpotOMGController/Views/ContentView.swift (in target 'SpotOMGController' from project 'SpotOMGController')

SwiftCompile normal arm64 /Users/etnlwind/project/spot_omg/apps/ios/SpotOMGController/SpotOMGController/Views/ContentView.swift (in target 'SpotOMGController' from project 'SpotOMGController')
    cd /Users/etnlwind/project/spot_omg/apps/ios/SpotOMGController
    

SwiftDriverJobDiscovery normal x86_64 Compiling GeneratedAssetSymbols.swift (in target 'SpotOMGController' from project 'SpotOMGController')

SwiftCompile normal arm64 Compiling\ RobotCommand.swift /Users/etnlwind/project/spot_omg/apps/ios/SpotOMGController/SpotOMGController/Protocol/RobotCommand.swift (in target 'SpotOMGController' from project 'SpotOMGController')

SwiftCompile normal arm64 /Users/etnlwind/project/spot_omg/apps/ios/SpotOMGController/SpotOMGController/Protocol/RobotCommand.swift (in target 'SpotOMGController' from project 'SpotOMGController')
    cd /Users/etnlwind/project/spot_omg/apps/ios/SpotOMGController
    

SwiftDriverJobDiscovery normal x86_64 Compiling RobotCommand.swift (in target 'SpotOMGController' from project 'SpotOMGController')

SwiftDriverJobDiscovery normal x86_64 Compiling ConnectionState.swift (in target 'SpotOMGController' from project 'SpotOMGController')

SwiftCompile normal arm64 Compiling\ SimulatorVideoView.swift /Users/etnlwind/project/spot_omg/apps/ios/SpotOMGController/SpotOMGController/Views/SimulatorVideoView.swift (in target 'SpotOMGController' from project 'SpotOMGController')

SwiftCompile normal arm64 /Users/etnlwind/project/spot_omg/apps/ios/SpotOMGController/SpotOMGController/Views/SimulatorVideoView.swift (in target 'SpotOMGController' from project 'SpotOMGController')
    cd /Users/etnlwind/project/spot_omg/apps/ios/SpotOMGController
    

SwiftCompile normal arm64 Compiling\ ConsoleView.swift /Users/etnlwind/project/spot_omg/apps/ios/SpotOMGController/SpotOMGController/Views/ConsoleView.swift (in target 'SpotOMGController' from project 'SpotOMGController')

SwiftCompile normal arm64 /Users/etnlwind/project/spot_omg/apps/ios/SpotOMGController/SpotOMGController/Views/ConsoleView.swift (in target 'SpotOMGController' from project 'SpotOMGController')
    cd /Users/etnlwind/project/spot_omg/apps/ios/SpotOMGController
    

SwiftDriverJobDiscovery normal x86_64 Compiling RobotBluetoothManager.swift (in target 'SpotOMGController' from project 'SpotOMGController')

SwiftCompile normal arm64 Compiling\ ConnectionState.swift /Users/etnlwind/project/spot_omg/apps/ios/SpotOMGController/SpotOMGController/Models/ConnectionState.swift (in target 'SpotOMGController' from project 'SpotOMGController')

SwiftCompile normal arm64 /Users/etnlwind/project/spot_omg/apps/ios/SpotOMGController/SpotOMGController/Models/ConnectionState.swift (in target 'SpotOMGController' from project 'SpotOMGController')
    cd /Users/etnlwind/project/spot_omg/apps/ios/SpotOMGController
    

SwiftDriverJobDiscovery normal x86_64 Compiling SpotOMGControllerApp.swift (in target 'SpotOMGController' from project 'SpotOMGController')

SwiftCompile normal arm64 Compiling\ SpotOMGControllerApp.swift /Users/etnlwind/project/spot_omg/apps/ios/SpotOMGController/SpotOMGController/App/SpotOMGControllerApp.swift (in target 'SpotOMGController' from project 'SpotOMGController')

SwiftCompile normal arm64 /Users/etnlwind/project/spot_omg/apps/ios/SpotOMGController/SpotOMGController/App/SpotOMGControllerApp.swift (in target 'SpotOMGController' from project 'SpotOMGController')
    cd /Users/etnlwind/project/spot_omg/apps/ios/SpotOMGController
    

SwiftDriverJobDiscovery normal x86_64 Compiling ContentView.swift (in target 'SpotOMGController' from project 'SpotOMGController')

SwiftCompile normal arm64 Compiling\ VirtualJoystick.swift /Users/etnlwind/project/spot_omg/apps/ios/SpotOMGController/SpotOMGController/Views/VirtualJoystick.swift (in target 'SpotOMGController' from project 'SpotOMGController')

SwiftCompile normal arm64 /Users/etnlwind/project/spot_omg/apps/ios/SpotOMGController/SpotOMGController/Views/VirtualJoystick.swift (in target 'SpotOMGController' from project 'SpotOMGController')
    cd /Users/etnlwind/project/spot_omg/apps/ios/SpotOMGController
    

SwiftDriverJobDiscovery normal arm64 Compiling RobotConnectionTrace.swift (in target 'SpotOMGController' from project 'SpotOMGController')

SwiftCompile normal arm64 Compiling\ RobotBluetoothManager.swift /Users/etnlwind/project/spot_omg/apps/ios/SpotOMGController/SpotOMGController/BLE/RobotBluetoothManager.swift (in target 'SpotOMGController' from project 'SpotOMGController')

SwiftCompile normal arm64 /Users/etnlwind/project/spot_omg/apps/ios/SpotOMGController/SpotOMGController/BLE/RobotBluetoothManager.swift (in target 'SpotOMGController' from project 'SpotOMGController')
    cd /Users/etnlwind/project/spot_omg/apps/ios/SpotOMGController
    

SwiftDriverJobDiscovery normal x86_64 Compiling VirtualJoystick.swift (in target 'SpotOMGController' from project 'SpotOMGController')

SwiftCompile normal arm64 Compiling\ GeneratedAssetSymbols.swift /Users/etnlwind/project/spot_omg/artifacts/s-native-v6-2-3/ios-build/Build/Intermediates.noindex/SpotOMGController.build/Debug-iphonesimulator/SpotOMGController.build/DerivedSources/GeneratedAssetSymbols.swift (in target 'SpotOMGController' from project 'SpotOMGController')

SwiftCompile normal arm64 /Users/etnlwind/project/spot_omg/artifacts/s-native-v6-2-3/ios-build/Build/Intermediates.noindex/SpotOMGController.build/Debug-iphonesimulator/SpotOMGController.build/DerivedSources/GeneratedAssetSymbols.swift (in target 'SpotOMGController' from project 'SpotOMGController')
    cd /Users/etnlwind/project/spot_omg/apps/ios/SpotOMGController
    

SwiftDriverJobDiscovery normal arm64 Compiling RobotCommand.swift (in target 'SpotOMGController' from project 'SpotOMGController')

SwiftCompile normal x86_64 Compiling\ ConsoleView.swift /Users/etnlwind/project/spot_omg/apps/ios/SpotOMGController/SpotOMGController/Views/ConsoleView.swift (in target 'SpotOMGController' from project 'SpotOMGController')

SwiftCompile normal x86_64 /Users/etnlwind/project/spot_omg/apps/ios/SpotOMGController/SpotOMGController/Views/ConsoleView.swift (in target 'SpotOMGController' from project 'SpotOMGController')
    cd /Users/etnlwind/project/spot_omg/apps/ios/SpotOMGController
    

SwiftDriverJobDiscovery normal arm64 Compiling GeneratedAssetSymbols.swift (in target 'SpotOMGController' from project 'SpotOMGController')

SwiftDriverJobDiscovery normal x86_64 Compiling SimulatorVideoView.swift (in target 'SpotOMGController' from project 'SpotOMGController')

SwiftDriverJobDiscovery normal arm64 Compiling ConnectionState.swift (in target 'SpotOMGController' from project 'SpotOMGController')

SwiftDriverJobDiscovery normal x86_64 Compiling ControlView.swift (in target 'SpotOMGController' from project 'SpotOMGController')

SwiftDriverJobDiscovery normal x86_64 Compiling ConsoleView.swift (in target 'SpotOMGController' from project 'SpotOMGController')

SwiftDriver\ Compilation SpotOMGController normal x86_64 com.apple.xcode.tools.swift.compiler (in target 'SpotOMGController' from project 'SpotOMGController')
    cd /Users/etnlwind/project/spot_omg/apps/ios/SpotOMGController
    builtin-Swift-Compilation -- /Applications/Xcode.app/Contents/Developer/Toolchains/XcodeDefault.xctoolchain/usr/bin/swiftc -module-name SpotOMGController -Onone @/Users/etnlwind/project/spot_omg/artifacts/s-native-v6-2-3/ios-build/Build/Intermediates.noindex/SpotOMGController.build/Debug-iphonesimulator/SpotOMGController.build/Objects-normal/x86_64/SpotOMGController.SwiftFileList -enable-bare-slash-regex -enable-experimental-feature DebugDescriptionMacro -sdk /Applications/Xcode.app/Contents/Developer/Platforms/iPhoneSimulator.platform/Developer/SDKs/iPhoneSimulator26.5.sdk -target x86_64-apple-ios17.0-simulator -g -module-cache-path /Users/etnlwind/project/spot_omg/artifacts/s-native-v6-2-3/ios-build/ModuleCache.noindex -Xfrontend -serialize-debugging-options -profile-coverage-mapping -profile-generate -enable-testing -index-store-path /Users/etnlwind/project/spot_omg/artifacts/s-native-v6-2-3/ios-build/Index.noindex/DataStore -swift-version 5 -I /Users/etnlwind/project/spot_omg/artifacts/s-native-v6-2-3/ios-build/Build/Products/Debug-iphonesimulator -F /Users/etnlwind/project/spot_omg/artifacts/s-native-v6-2-3/ios-build/Build/Products/Debug-iphonesimulator -emit-localized-strings -emit-localized-strings-path /Users/etnlwind/project/spot_omg/artifacts/s-native-v6-2-3/ios-build/Build/Intermediates.noindex/SpotOMGController.build/Debug-iphonesimulator/SpotOMGController.build/Objects-normal/x86_64 -c -j12 -enable-batch-mode -incremental -output-file-map /Users/etnlwind/project/spot_omg/artifacts/s-native-v6-2-3/ios-build/Build/Intermediates.noindex/SpotOMGController.build/Debug-iphonesimulator/SpotOMGController.build/Objects-normal/x86_64/SpotOMGController-OutputFileMap.json -use-frontend-parseable-output -save-temps -no-color-diagnostics -explicit-module-build -module-cache-path /Users/etnlwind/project/spot_omg/artifacts/s-native-v6-2-3/ios-build/Build/Intermediates.noindex/SwiftExplicitPrecompiledModules -clang-scanner-module-cache-path /Users/etnlwind/project/spot_omg/artifacts/s-native-v6-2-3/ios-build/ModuleCache.noindex -sdk-module-cache-path /Users/etnlwind/project/spot_omg/artifacts/s-native-v6-2-3/ios-build/ModuleCache.noindex -serialize-diagnostics -emit-dependencies -emit-module -emit-module-path /Users/etnlwind/project/spot_omg/artifacts/s-native-v6-2-3/ios-build/Build/Intermediates.noindex/SpotOMGController.build/Debug-iphonesimulator/SpotOMGController.build/Objects-normal/x86_64/SpotOMGController.swiftmodule -validate-clang-modules-once -clang-build-session-file /Users/etnlwind/project/spot_omg/artifacts/s-native-v6-2-3/ios-build/ModuleCache.noindex/Session.modulevalidation -Xcc -I/Users/etnlwind/project/spot_omg/artifacts/s-native-v6-2-3/ios-build/Build/Intermediates.noindex/SpotOMGController.build/Debug-iphonesimulator/SpotOMGController.build/swift-overrides.hmap -emit-const-values -Xfrontend -const-gather-protocols-file -Xfrontend /Users/etnlwind/project/spot_omg/artifacts/s-native-v6-2-3/ios-build/Build/Intermediates.noindex/SpotOMGController.build/Debug-iphonesimulator/SpotOMGController.build/Objects-normal/x86_64/SpotOMGController_const_extract_protocols.json -Xcc -iquote -Xcc /Users/etnlwind/project/spot_omg/artifacts/s-native-v6-2-3/ios-build/Build/Intermediates.noindex/SpotOMGController.build/Debug-iphonesimulator/SpotOMGController.build/SpotOMGController-generated-files.hmap -Xcc -I/Users/etnlwind/project/spot_omg/artifacts/s-native-v6-2-3/ios-build/Build/Intermediates.noindex/SpotOMGController.build/Debug-iphonesimulator/SpotOMGController.build/SpotOMGController-own-target-headers.hmap -Xcc -I/Users/etnlwind/project/spot_omg/artifacts/s-native-v6-2-3/ios-build/Build/Intermediates.noindex/SpotOMGController.build/Debug-iphonesimulator/SpotOMGController.build/SpotOMGController-all-target-headers.hmap -Xcc -iquote -Xcc /Users/etnlwind/project/spot_omg/artifacts/s-native-v6-2-3/ios-build/Build/Intermediates.noindex/SpotOMGController.build/Debug-iphonesimulator/SpotOMGController.build/SpotOMGController-project-headers.hmap -Xcc -I/Users/etnlwind/project/spot_omg/artifacts/s-native-v6-2-3/ios-build/Build/Products/Debug-iphonesimulator/include -Xcc -I/Users/etnlwind/project/spot_omg/artifacts/s-native-v6-2-3/ios-build/Build/Intermediates.noindex/SpotOMGController.build/Debug-iphonesimulator/SpotOMGController.build/DerivedSources-normal/x86_64 -Xcc -I/Users/etnlwind/project/spot_omg/artifacts/s-native-v6-2-3/ios-build/Build/Intermediates.noindex/SpotOMGController.build/Debug-iphonesimulator/SpotOMGController.build/DerivedSources/x86_64 -Xcc -I/Users/etnlwind/project/spot_omg/artifacts/s-native-v6-2-3/ios-build/Build/Intermediates.noindex/SpotOMGController.build/Debug-iphonesimulator/SpotOMGController.build/DerivedSources -emit-objc-header -emit-objc-header-path /Users/etnlwind/project/spot_omg/artifacts/s-native-v6-2-3/ios-build/Build/Intermediates.noindex/SpotOMGController.build/Debug-iphonesimulator/SpotOMGController.build/Objects-normal/x86_64/SpotOMGController-Swift.h -working-directory /Users/etnlwind/project/spot_omg/apps/ios/SpotOMGController -experimental-emit-module-separately -disable-cmo

Ld /Users/etnlwind/project/spot_omg/artifacts/s-native-v6-2-3/ios-build/Build/Intermediates.noindex/SpotOMGController.build/Debug-iphonesimulator/SpotOMGController.build/Objects-normal/x86_64/Binary/SpotOMGController.debug.dylib normal x86_64 (in target 'SpotOMGController' from project 'SpotOMGController')
    cd /Users/etnlwind/project/spot_omg/apps/ios/SpotOMGController
    /Applications/Xcode.app/Contents/Developer/Toolchains/XcodeDefault.xctoolchain/usr/bin/clang -Xlinker -reproducible -target x86_64-apple-ios17.0-simulator -dynamiclib -isysroot /Applications/Xcode.app/Contents/Developer/Platforms/iPhoneSimulator.platform/Developer/SDKs/iPhoneSimulator26.5.sdk -Os -L/Users/etnlwind/project/spot_omg/artifacts/s-native-v6-2-3/ios-build/Build/Intermediates.noindex/EagerLinkingTBDs/Debug-iphonesimulator -L/Users/etnlwind/project/spot_omg/artifacts/s-native-v6-2-3/ios-build/Build/Products/Debug-iphonesimulator -F/Users/etnlwind/project/spot_omg/artifacts/s-native-v6-2-3/ios-build/Build/Intermediates.noindex/EagerLinkingTBDs/Debug-iphonesimulator -F/Users/etnlwind/project/spot_omg/artifacts/s-native-v6-2-3/ios-build/Build/Products/Debug-iphonesimulator -filelist /Users/etnlwind/project/spot_omg/artifacts/s-native-v6-2-3/ios-build/Build/Intermediates.noindex/SpotOMGController.build/Debug-iphonesimulator/SpotOMGController.build/Objects-normal/x86_64/SpotOMGController.LinkFileList -install_name @rpath/SpotOMGController.debug.dylib -Xlinker -rpath -Xlinker /usr/lib/swift -Xlinker -dead_strip -Xlinker -object_path_lto -Xlinker /Users/etnlwind/project/spot_omg/artifacts/s-native-v6-2-3/ios-build/Build/Intermediates.noindex/SpotOMGController.build/Debug-iphonesimulator/SpotOMGController.build/Objects-normal/x86_64/SpotOMGController_lto.o -rdynamic -Xlinker -objc_abi_version -Xlinker 2 -Xlinker -debug_variant -Xlinker -dependency_info -Xlinker /Users/etnlwind/project/spot_omg/artifacts/s-native-v6-2-3/ios-build/Build/Intermediates.noindex/SpotOMGController.build/Debug-iphonesimulator/SpotOMGController.build/Objects-normal/x86_64/SpotOMGController_dependency_info.dat -fobjc-link-runtime -fprofile-instr-generate -L/Applications/Xcode.app/Contents/Developer/Toolchains/XcodeDefault.xctoolchain/usr/lib/swift/iphonesimulator -L/usr/lib/swift -Xlinker -add_ast_path -Xlinker /Users/etnlwind/project/spot_omg/artifacts/s-native-v6-2-3/ios-build/Build/Intermediates.noindex/SpotOMGController.build/Debug-iphonesimulator/SpotOMGController.build/Objects-normal/x86_64/SpotOMGController.swiftmodule @/Users/etnlwind/project/spot_omg/artifacts/s-native-v6-2-3/ios-build/Build/Intermediates.noindex/SpotOMGController.build/Debug-iphonesimulator/SpotOMGController.build/Objects-normal/x86_64/SpotOMGController-linker-args.resp -Xlinker -alias -Xlinker _main -Xlinker ___debug_main_executable_dylib_entry_point -o /Users/etnlwind/project/spot_omg/artifacts/s-native-v6-2-3/ios-build/Build/Intermediates.noindex/SpotOMGController.build/Debug-iphonesimulator/SpotOMGController.build/Objects-normal/x86_64/Binary/SpotOMGController.debug.dylib

SwiftDriverJobDiscovery normal arm64 Compiling VirtualJoystick.swift (in target 'SpotOMGController' from project 'SpotOMGController')

SwiftDriverJobDiscovery normal arm64 Compiling ContentView.swift (in target 'SpotOMGController' from project 'SpotOMGController')

SwiftDriverJobDiscovery normal arm64 Compiling ConsoleView.swift (in target 'SpotOMGController' from project 'SpotOMGController')

SwiftDriverJobDiscovery normal arm64 Compiling SpotOMGControllerApp.swift (in target 'SpotOMGController' from project 'SpotOMGController')

ConstructStubExecutorLinkFileList /Users/etnlwind/project/spot_omg/artifacts/s-native-v6-2-3/ios-build/Build/Intermediates.noindex/SpotOMGController.build/Debug-iphonesimulator/SpotOMGController.build/SpotOMGController-ExecutorLinkFileList-normal-x86_64.txt (in target 'SpotOMGController' from project 'SpotOMGController')
    cd /Users/etnlwind/project/spot_omg/apps/ios/SpotOMGController
    construct-stub-executor-link-file-list /Users/etnlwind/project/spot_omg/artifacts/s-native-v6-2-3/ios-build/Build/Intermediates.noindex/SpotOMGController.build/Debug-iphonesimulator/SpotOMGController.build/Objects-normal/x86_64/Binary/SpotOMGController.debug.dylib /Applications/Xcode.app/Contents/Developer/Platforms/iPhoneSimulator.platform/Developer/usr/lib/libPreviewsJITStubExecutor_no_swift_entry_point.a /Applications/Xcode.app/Contents/Developer/Platforms/iPhoneSimulator.platform/Developer/usr/lib/libPreviewsJITStubExecutor.a --output /Users/etnlwind/project/spot_omg/artifacts/s-native-v6-2-3/ios-build/Build/Intermediates.noindex/SpotOMGController.build/Debug-iphonesimulator/SpotOMGController.build/SpotOMGController-ExecutorLinkFileList-normal-x86_64.txt
note: Using stub executor library with Swift entry point. (in target 'SpotOMGController' from project 'SpotOMGController')

Ld /Users/etnlwind/project/spot_omg/artifacts/s-native-v6-2-3/ios-build/Build/Intermediates.noindex/SpotOMGController.build/Debug-iphonesimulator/SpotOMGController.build/Objects-normal/x86_64/Binary/SpotOMGController normal x86_64 (in target 'SpotOMGController' from project 'SpotOMGController')
    cd /Users/etnlwind/project/spot_omg/apps/ios/SpotOMGController
    /Applications/Xcode.app/Contents/Developer/Toolchains/XcodeDefault.xctoolchain/usr/bin/clang -Xlinker -reproducible -target x86_64-apple-ios17.0-simulator -isysroot /Applications/Xcode.app/Contents/Developer/Platforms/iPhoneSimulator.platform/Developer/SDKs/iPhoneSimulator26.5.sdk -Os -L/Users/etnlwind/project/spot_omg/artifacts/s-native-v6-2-3/ios-build/Build/Products/Debug-iphonesimulator -F/Users/etnlwind/project/spot_omg/artifacts/s-native-v6-2-3/ios-build/Build/Products/Debug-iphonesimulator -Xlinker -rpath -Xlinker @executable_path -rdynamic -Xlinker -objc_abi_version -Xlinker 2 -Xlinker -debug_variant -e ___debug_blank_executor_main -Xlinker -sectcreate -Xlinker __TEXT -Xlinker __debug_dylib -Xlinker /Users/etnlwind/project/spot_omg/artifacts/s-native-v6-2-3/ios-build/Build/Intermediates.noindex/SpotOMGController.build/Debug-iphonesimulator/SpotOMGController.build/SpotOMGController-DebugDylibPath-normal-x86_64.txt -Xlinker -sectcreate -Xlinker __TEXT -Xlinker __debug_instlnm -Xlinker /Users/etnlwind/project/spot_omg/artifacts/s-native-v6-2-3/ios-build/Build/Intermediates.noindex/SpotOMGController.build/Debug-iphonesimulator/SpotOMGController.build/SpotOMGController-DebugDylibInstallName-normal-x86_64.txt -Xlinker -filelist -Xlinker /Users/etnlwind/project/spot_omg/artifacts/s-native-v6-2-3/ios-build/Build/Intermediates.noindex/SpotOMGController.build/Debug-iphonesimulator/SpotOMGController.build/SpotOMGController-ExecutorLinkFileList-normal-x86_64.txt /Users/etnlwind/project/spot_omg/artifacts/s-native-v6-2-3/ios-build/Build/Intermediates.noindex/SpotOMGController.build/Debug-iphonesimulator/SpotOMGController.build/Objects-normal/x86_64/Binary/SpotOMGController.debug.dylib -o /Users/etnlwind/project/spot_omg/artifacts/s-native-v6-2-3/ios-build/Build/Intermediates.noindex/SpotOMGController.build/Debug-iphonesimulator/SpotOMGController.build/Objects-normal/x86_64/Binary/SpotOMGController

SwiftDriverJobDiscovery normal arm64 Compiling SimulatorVideoView.swift (in target 'SpotOMGController' from project 'SpotOMGController')

SwiftDriverJobDiscovery normal arm64 Compiling ControlView.swift (in target 'SpotOMGController' from project 'SpotOMGController')

SwiftDriverJobDiscovery normal arm64 Compiling RobotBluetoothManager.swift (in target 'SpotOMGController' from project 'SpotOMGController')

SwiftDriver\ Compilation SpotOMGController normal arm64 com.apple.xcode.tools.swift.compiler (in target 'SpotOMGController' from project 'SpotOMGController')
    cd /Users/etnlwind/project/spot_omg/apps/ios/SpotOMGController
    builtin-Swift-Compilation -- /Applications/Xcode.app/Contents/Developer/Toolchains/XcodeDefault.xctoolchain/usr/bin/swiftc -module-name SpotOMGController -Onone @/Users/etnlwind/project/spot_omg/artifacts/s-native-v6-2-3/ios-build/Build/Intermediates.noindex/SpotOMGController.build/Debug-iphonesimulator/SpotOMGController.build/Objects-normal/arm64/SpotOMGController.SwiftFileList -enable-bare-slash-regex -enable-experimental-feature DebugDescriptionMacro -sdk /Applications/Xcode.app/Contents/Developer/Platforms/iPhoneSimulator.platform/Developer/SDKs/iPhoneSimulator26.5.sdk -target arm64-apple-ios17.0-simulator -g -module-cache-path /Users/etnlwind/project/spot_omg/artifacts/s-native-v6-2-3/ios-build/ModuleCache.noindex -Xfrontend -serialize-debugging-options -profile-coverage-mapping -profile-generate -enable-testing -index-store-path /Users/etnlwind/project/spot_omg/artifacts/s-native-v6-2-3/ios-build/Index.noindex/DataStore -swift-version 5 -I /Users/etnlwind/project/spot_omg/artifacts/s-native-v6-2-3/ios-build/Build/Products/Debug-iphonesimulator -F /Users/etnlwind/project/spot_omg/artifacts/s-native-v6-2-3/ios-build/Build/Products/Debug-iphonesimulator -emit-localized-strings -emit-localized-strings-path /Users/etnlwind/project/spot_omg/artifacts/s-native-v6-2-3/ios-build/Build/Intermediates.noindex/SpotOMGController.build/Debug-iphonesimulator/SpotOMGController.build/Objects-normal/arm64 -c -j12 -enable-batch-mode -incremental -output-file-map /Users/etnlwind/project/spot_omg/artifacts/s-native-v6-2-3/ios-build/Build/Intermediates.noindex/SpotOMGController.build/Debug-iphonesimulator/SpotOMGController.build/Objects-normal/arm64/SpotOMGController-OutputFileMap.json -use-frontend-parseable-output -save-temps -no-color-diagnostics -explicit-module-build -module-cache-path /Users/etnlwind/project/spot_omg/artifacts/s-native-v6-2-3/ios-build/Build/Intermediates.noindex/SwiftExplicitPrecompiledModules -clang-scanner-module-cache-path /Users/etnlwind/project/spot_omg/artifacts/s-native-v6-2-3/ios-build/ModuleCache.noindex -sdk-module-cache-path /Users/etnlwind/project/spot_omg/artifacts/s-native-v6-2-3/ios-build/ModuleCache.noindex -serialize-diagnostics -emit-dependencies -emit-module -emit-module-path /Users/etnlwind/project/spot_omg/artifacts/s-native-v6-2-3/ios-build/Build/Intermediates.noindex/SpotOMGController.build/Debug-iphonesimulator/SpotOMGController.build/Objects-normal/arm64/SpotOMGController.swiftmodule -validate-clang-modules-once -clang-build-session-file /Users/etnlwind/project/spot_omg/artifacts/s-native-v6-2-3/ios-build/ModuleCache.noindex/Session.modulevalidation -Xcc -I/Users/etnlwind/project/spot_omg/artifacts/s-native-v6-2-3/ios-build/Build/Intermediates.noindex/SpotOMGController.build/Debug-iphonesimulator/SpotOMGController.build/swift-overrides.hmap -emit-const-values -Xfrontend -const-gather-protocols-file -Xfrontend /Users/etnlwind/project/spot_omg/artifacts/s-native-v6-2-3/ios-build/Build/Intermediates.noindex/SpotOMGController.build/Debug-iphonesimulator/SpotOMGController.build/Objects-normal/arm64/SpotOMGController_const_extract_protocols.json -Xcc -iquote -Xcc /Users/etnlwind/project/spot_omg/artifacts/s-native-v6-2-3/ios-build/Build/Intermediates.noindex/SpotOMGController.build/Debug-iphonesimulator/SpotOMGController.build/SpotOMGController-generated-files.hmap -Xcc -I/Users/etnlwind/project/spot_omg/artifacts/s-native-v6-2-3/ios-build/Build/Intermediates.noindex/SpotOMGController.build/Debug-iphonesimulator/SpotOMGController.build/SpotOMGController-own-target-headers.hmap -Xcc -I/Users/etnlwind/project/spot_omg/artifacts/s-native-v6-2-3/ios-build/Build/Intermediates.noindex/SpotOMGController.build/Debug-iphonesimulator/SpotOMGController.build/SpotOMGController-all-target-headers.hmap -Xcc -iquote -Xcc /Users/etnlwind/project/spot_omg/artifacts/s-native-v6-2-3/ios-build/Build/Intermediates.noindex/SpotOMGController.build/Debug-iphonesimulator/SpotOMGController.build/SpotOMGController-project-headers.hmap -Xcc -I/Users/etnlwind/project/spot_omg/artifacts/s-native-v6-2-3/ios-build/Build/Products/Debug-iphonesimulator/include -Xcc -I/Users/etnlwind/project/spot_omg/artifacts/s-native-v6-2-3/ios-build/Build/Intermediates.noindex/SpotOMGController.build/Debug-iphonesimulator/SpotOMGController.build/DerivedSources-normal/arm64 -Xcc -I/Users/etnlwind/project/spot_omg/artifacts/s-native-v6-2-3/ios-build/Build/Intermediates.noindex/SpotOMGController.build/Debug-iphonesimulator/SpotOMGController.build/DerivedSources/arm64 -Xcc -I/Users/etnlwind/project/spot_omg/artifacts/s-native-v6-2-3/ios-build/Build/Intermediates.noindex/SpotOMGController.build/Debug-iphonesimulator/SpotOMGController.build/DerivedSources -emit-objc-header -emit-objc-header-path /Users/etnlwind/project/spot_omg/artifacts/s-native-v6-2-3/ios-build/Build/Intermediates.noindex/SpotOMGController.build/Debug-iphonesimulator/SpotOMGController.build/Objects-normal/arm64/SpotOMGController-Swift.h -working-directory /Users/etnlwind/project/spot_omg/apps/ios/SpotOMGController -experimental-emit-module-separately -disable-cmo

Ld /Users/etnlwind/project/spot_omg/artifacts/s-native-v6-2-3/ios-build/Build/Intermediates.noindex/SpotOMGController.build/Debug-iphonesimulator/SpotOMGController.build/Objects-normal/arm64/Binary/SpotOMGController.debug.dylib normal arm64 (in target 'SpotOMGController' from project 'SpotOMGController')
    cd /Users/etnlwind/project/spot_omg/apps/ios/SpotOMGController
    /Applications/Xcode.app/Contents/Developer/Toolchains/XcodeDefault.xctoolchain/usr/bin/clang -Xlinker -reproducible -target arm64-apple-ios17.0-simulator -dynamiclib -isysroot /Applications/Xcode.app/Contents/Developer/Platforms/iPhoneSimulator.platform/Developer/SDKs/iPhoneSimulator26.5.sdk -Os -L/Users/etnlwind/project/spot_omg/artifacts/s-native-v6-2-3/ios-build/Build/Intermediates.noindex/EagerLinkingTBDs/Debug-iphonesimulator -L/Users/etnlwind/project/spot_omg/artifacts/s-native-v6-2-3/ios-build/Build/Products/Debug-iphonesimulator -F/Users/etnlwind/project/spot_omg/artifacts/s-native-v6-2-3/ios-build/Build/Intermediates.noindex/EagerLinkingTBDs/Debug-iphonesimulator -F/Users/etnlwind/project/spot_omg/artifacts/s-native-v6-2-3/ios-build/Build/Products/Debug-iphonesimulator -filelist /Users/etnlwind/project/spot_omg/artifacts/s-native-v6-2-3/ios-build/Build/Intermediates.noindex/SpotOMGController.build/Debug-iphonesimulator/SpotOMGController.build/Objects-normal/arm64/SpotOMGController.LinkFileList -install_name @rpath/SpotOMGController.debug.dylib -Xlinker -rpath -Xlinker /usr/lib/swift -Xlinker -dead_strip -Xlinker -object_path_lto -Xlinker /Users/etnlwind/project/spot_omg/artifacts/s-native-v6-2-3/ios-build/Build/Intermediates.noindex/SpotOMGController.build/Debug-iphonesimulator/SpotOMGController.build/Objects-normal/arm64/SpotOMGController_lto.o -rdynamic -Xlinker -objc_abi_version -Xlinker 2 -Xlinker -debug_variant -Xlinker -dependency_info -Xlinker /Users/etnlwind/project/spot_omg/artifacts/s-native-v6-2-3/ios-build/Build/Intermediates.noindex/SpotOMGController.build/Debug-iphonesimulator/SpotOMGController.build/Objects-normal/arm64/SpotOMGController_dependency_info.dat -fobjc-link-runtime -fprofile-instr-generate -L/Applications/Xcode.app/Contents/Developer/Toolchains/XcodeDefault.xctoolchain/usr/lib/swift/iphonesimulator -L/usr/lib/swift -Xlinker -add_ast_path -Xlinker /Users/etnlwind/project/spot_omg/artifacts/s-native-v6-2-3/ios-build/Build/Intermediates.noindex/SpotOMGController.build/Debug-iphonesimulator/SpotOMGController.build/Objects-normal/arm64/SpotOMGController.swiftmodule @/Users/etnlwind/project/spot_omg/artifacts/s-native-v6-2-3/ios-build/Build/Intermediates.noindex/SpotOMGController.build/Debug-iphonesimulator/SpotOMGController.build/Objects-normal/arm64/SpotOMGController-linker-args.resp -Xlinker -alias -Xlinker _main -Xlinker ___debug_main_executable_dylib_entry_point -o /Users/etnlwind/project/spot_omg/artifacts/s-native-v6-2-3/ios-build/Build/Intermediates.noindex/SpotOMGController.build/Debug-iphonesimulator/SpotOMGController.build/Objects-normal/arm64/Binary/SpotOMGController.debug.dylib

ConstructStubExecutorLinkFileList /Users/etnlwind/project/spot_omg/artifacts/s-native-v6-2-3/ios-build/Build/Intermediates.noindex/SpotOMGController.build/Debug-iphonesimulator/SpotOMGController.build/SpotOMGController-ExecutorLinkFileList-normal-arm64.txt (in target 'SpotOMGController' from project 'SpotOMGController')
    cd /Users/etnlwind/project/spot_omg/apps/ios/SpotOMGController
    construct-stub-executor-link-file-list /Users/etnlwind/project/spot_omg/artifacts/s-native-v6-2-3/ios-build/Build/Intermediates.noindex/SpotOMGController.build/Debug-iphonesimulator/SpotOMGController.build/Objects-normal/arm64/Binary/SpotOMGController.debug.dylib /Applications/Xcode.app/Contents/Developer/Platforms/iPhoneSimulator.platform/Developer/usr/lib/libPreviewsJITStubExecutor_no_swift_entry_point.a /Applications/Xcode.app/Contents/Developer/Platforms/iPhoneSimulator.platform/Developer/usr/lib/libPreviewsJITStubExecutor.a --output /Users/etnlwind/project/spot_omg/artifacts/s-native-v6-2-3/ios-build/Build/Intermediates.noindex/SpotOMGController.build/Debug-iphonesimulator/SpotOMGController.build/SpotOMGController-ExecutorLinkFileList-normal-arm64.txt
note: Using stub executor library with Swift entry point. (in target 'SpotOMGController' from project 'SpotOMGController')

CreateUniversalBinary /Users/etnlwind/project/spot_omg/artifacts/s-native-v6-2-3/ios-build/Build/Products/Debug-iphonesimulator/SpotOMGController.app/SpotOMGController.debug.dylib normal arm64\ x86_64 (in target 'SpotOMGController' from project 'SpotOMGController')
    cd /Users/etnlwind/project/spot_omg/apps/ios/SpotOMGController
    /Applications/Xcode.app/Contents/Developer/Toolchains/XcodeDefault.xctoolchain/usr/bin/lipo -create /Users/etnlwind/project/spot_omg/artifacts/s-native-v6-2-3/ios-build/Build/Intermediates.noindex/SpotOMGController.build/Debug-iphonesimulator/SpotOMGController.build/Objects-normal/arm64/Binary/SpotOMGController.debug.dylib /Users/etnlwind/project/spot_omg/artifacts/s-native-v6-2-3/ios-build/Build/Intermediates.noindex/SpotOMGController.build/Debug-iphonesimulator/SpotOMGController.build/Objects-normal/x86_64/Binary/SpotOMGController.debug.dylib -output /Users/etnlwind/project/spot_omg/artifacts/s-native-v6-2-3/ios-build/Build/Products/Debug-iphonesimulator/SpotOMGController.app/SpotOMGController.debug.dylib

Ld /Users/etnlwind/project/spot_omg/artifacts/s-native-v6-2-3/ios-build/Build/Intermediates.noindex/SpotOMGController.build/Debug-iphonesimulator/SpotOMGController.build/Objects-normal/arm64/Binary/SpotOMGController normal arm64 (in target 'SpotOMGController' from project 'SpotOMGController')
    cd /Users/etnlwind/project/spot_omg/apps/ios/SpotOMGController
    /Applications/Xcode.app/Contents/Developer/Toolchains/XcodeDefault.xctoolchain/usr/bin/clang -Xlinker -reproducible -target arm64-apple-ios17.0-simulator -isysroot /Applications/Xcode.app/Contents/Developer/Platforms/iPhoneSimulator.platform/Developer/SDKs/iPhoneSimulator26.5.sdk -Os -L/Users/etnlwind/project/spot_omg/artifacts/s-native-v6-2-3/ios-build/Build/Products/Debug-iphonesimulator -F/Users/etnlwind/project/spot_omg/artifacts/s-native-v6-2-3/ios-build/Build/Products/Debug-iphonesimulator -Xlinker -rpath -Xlinker @executable_path -rdynamic -Xlinker -objc_abi_version -Xlinker 2 -Xlinker -debug_variant -e ___debug_blank_executor_main -Xlinker -sectcreate -Xlinker __TEXT -Xlinker __debug_dylib -Xlinker /Users/etnlwind/project/spot_omg/artifacts/s-native-v6-2-3/ios-build/Build/Intermediates.noindex/SpotOMGController.build/Debug-iphonesimulator/SpotOMGController.build/SpotOMGController-DebugDylibPath-normal-arm64.txt -Xlinker -sectcreate -Xlinker __TEXT -Xlinker __debug_instlnm -Xlinker /Users/etnlwind/project/spot_omg/artifacts/s-native-v6-2-3/ios-build/Build/Intermediates.noindex/SpotOMGController.build/Debug-iphonesimulator/SpotOMGController.build/SpotOMGController-DebugDylibInstallName-normal-arm64.txt -Xlinker -filelist -Xlinker /Users/etnlwind/project/spot_omg/artifacts/s-native-v6-2-3/ios-build/Build/Intermediates.noindex/SpotOMGController.build/Debug-iphonesimulator/SpotOMGController.build/SpotOMGController-ExecutorLinkFileList-normal-arm64.txt /Users/etnlwind/project/spot_omg/artifacts/s-native-v6-2-3/ios-build/Build/Intermediates.noindex/SpotOMGController.build/Debug-iphonesimulator/SpotOMGController.build/Objects-normal/arm64/Binary/SpotOMGController.debug.dylib -o /Users/etnlwind/project/spot_omg/artifacts/s-native-v6-2-3/ios-build/Build/Intermediates.noindex/SpotOMGController.build/Debug-iphonesimulator/SpotOMGController.build/Objects-normal/arm64/Binary/SpotOMGController

LinkAssetCatalog /Users/etnlwind/project/spot_omg/apps/ios/SpotOMGController/SpotOMGController/Resources/Assets.xcassets (in target 'SpotOMGController' from project 'SpotOMGController')
    cd /Users/etnlwind/project/spot_omg/apps/ios/SpotOMGController
    builtin-linkAssetCatalog --thinned /Users/etnlwind/project/spot_omg/artifacts/s-native-v6-2-3/ios-build/Build/Intermediates.noindex/SpotOMGController.build/Debug-iphonesimulator/SpotOMGController.build/assetcatalog_output/thinned --thinned-dependencies /Users/etnlwind/project/spot_omg/artifacts/s-native-v6-2-3/ios-build/Build/Intermediates.noindex/SpotOMGController.build/Debug-iphonesimulator/SpotOMGController.build/assetcatalog_dependencies_thinned --thinned-info-plist-content /Users/etnlwind/project/spot_omg/artifacts/s-native-v6-2-3/ios-build/Build/Intermediates.noindex/SpotOMGController.build/Debug-iphonesimulator/SpotOMGController.build/assetcatalog_generated_info.plist_thinned --unthinned /Users/etnlwind/project/spot_omg/artifacts/s-native-v6-2-3/ios-build/Build/Intermediates.noindex/SpotOMGController.build/Debug-iphonesimulator/SpotOMGController.build/assetcatalog_output/unthinned --unthinned-dependencies /Users/etnlwind/project/spot_omg/artifacts/s-native-v6-2-3/ios-build/Build/Intermediates.noindex/SpotOMGController.build/Debug-iphonesimulator/SpotOMGController.build/assetcatalog_dependencies_unthinned --unthinned-info-plist-content /Users/etnlwind/project/spot_omg/artifacts/s-native-v6-2-3/ios-build/Build/Intermediates.noindex/SpotOMGController.build/Debug-iphonesimulator/SpotOMGController.build/assetcatalog_generated_info.plist_unthinned --output /Users/etnlwind/project/spot_omg/artifacts/s-native-v6-2-3/ios-build/Build/Products/Debug-iphonesimulator/SpotOMGController.app --plist-output /Users/etnlwind/project/spot_omg/artifacts/s-native-v6-2-3/ios-build/Build/Intermediates.noindex/SpotOMGController.build/Debug-iphonesimulator/SpotOMGController.build/assetcatalog_generated_info.plist
note: Emplaced /Users/etnlwind/project/spot_omg/artifacts/s-native-v6-2-3/ios-build/Build/Products/Debug-iphonesimulator/SpotOMGController.app/Assets.car (in target 'SpotOMGController' from project 'SpotOMGController')
note: Emplaced /Users/etnlwind/project/spot_omg/artifacts/s-native-v6-2-3/ios-build/Build/Products/Debug-iphonesimulator/SpotOMGController.app/AppIcon60x60@2x.png (in target 'SpotOMGController' from project 'SpotOMGController')
note: Emplaced /Users/etnlwind/project/spot_omg/artifacts/s-native-v6-2-3/ios-build/Build/Products/Debug-iphonesimulator/SpotOMGController.app/AppIcon76x76@2x~ipad.png (in target 'SpotOMGController' from project 'SpotOMGController')

ProcessInfoPlistFile /Users/etnlwind/project/spot_omg/artifacts/s-native-v6-2-3/ios-build/Build/Products/Debug-iphonesimulator/SpotOMGController.app/Info.plist /Users/etnlwind/project/spot_omg/apps/ios/SpotOMGController/SpotOMGController/Resources/Info.plist (in target 'SpotOMGController' from project 'SpotOMGController')
    cd /Users/etnlwind/project/spot_omg/apps/ios/SpotOMGController
    builtin-infoPlistUtility /Users/etnlwind/project/spot_omg/apps/ios/SpotOMGController/SpotOMGController/Resources/Info.plist -producttype com.apple.product-type.application -genpkginfo /Users/etnlwind/project/spot_omg/artifacts/s-native-v6-2-3/ios-build/Build/Products/Debug-iphonesimulator/SpotOMGController.app/PkgInfo -expandbuildsettings -format binary -platform iphonesimulator -additionalcontentfile /Users/etnlwind/project/spot_omg/artifacts/s-native-v6-2-3/ios-build/Build/Intermediates.noindex/SpotOMGController.build/Debug-iphonesimulator/SpotOMGController.build/assetcatalog_generated_info.plist -o /Users/etnlwind/project/spot_omg/artifacts/s-native-v6-2-3/ios-build/Build/Products/Debug-iphonesimulator/SpotOMGController.app/Info.plist

GenerateDSYMFile /Users/etnlwind/project/spot_omg/artifacts/s-native-v6-2-3/ios-build/Build/Products/Debug-iphonesimulator/SpotOMGController.app.dSYM /Users/etnlwind/project/spot_omg/artifacts/s-native-v6-2-3/ios-build/Build/Products/Debug-iphonesimulator/SpotOMGController.app/SpotOMGController.debug.dylib (in target 'SpotOMGController' from project 'SpotOMGController')
    cd /Users/etnlwind/project/spot_omg/apps/ios/SpotOMGController
    /Applications/Xcode.app/Contents/Developer/Toolchains/XcodeDefault.xctoolchain/usr/bin/dsymutil /Users/etnlwind/project/spot_omg/artifacts/s-native-v6-2-3/ios-build/Build/Products/Debug-iphonesimulator/SpotOMGController.app/SpotOMGController.debug.dylib -o /Users/etnlwind/project/spot_omg/artifacts/s-native-v6-2-3/ios-build/Build/Products/Debug-iphonesimulator/SpotOMGController.app.dSYM

CreateUniversalBinary /Users/etnlwind/project/spot_omg/artifacts/s-native-v6-2-3/ios-build/Build/Products/Debug-iphonesimulator/SpotOMGController.app/SpotOMGController normal arm64\ x86_64 (in target 'SpotOMGController' from project 'SpotOMGController')
    cd /Users/etnlwind/project/spot_omg/apps/ios/SpotOMGController
    /Applications/Xcode.app/Contents/Developer/Toolchains/XcodeDefault.xctoolchain/usr/bin/lipo -create /Users/etnlwind/project/spot_omg/artifacts/s-native-v6-2-3/ios-build/Build/Intermediates.noindex/SpotOMGController.build/Debug-iphonesimulator/SpotOMGController.build/Objects-normal/arm64/Binary/SpotOMGController /Users/etnlwind/project/spot_omg/artifacts/s-native-v6-2-3/ios-build/Build/Intermediates.noindex/SpotOMGController.build/Debug-iphonesimulator/SpotOMGController.build/Objects-normal/x86_64/Binary/SpotOMGController -output /Users/etnlwind/project/spot_omg/artifacts/s-native-v6-2-3/ios-build/Build/Products/Debug-iphonesimulator/SpotOMGController.app/SpotOMGController

GenerateDSYMFile /Users/etnlwind/project/spot_omg/artifacts/s-native-v6-2-3/ios-build/Build/Products/Debug-iphonesimulator/SpotOMGController.app.dSYM /Users/etnlwind/project/spot_omg/artifacts/s-native-v6-2-3/ios-build/Build/Products/Debug-iphonesimulator/SpotOMGController.app/SpotOMGController (in target 'SpotOMGController' from project 'SpotOMGController')
    cd /Users/etnlwind/project/spot_omg/apps/ios/SpotOMGController
    /Applications/Xcode.app/Contents/Developer/Toolchains/XcodeDefault.xctoolchain/usr/bin/dsymutil -q /Users/etnlwind/project/spot_omg/artifacts/s-native-v6-2-3/ios-build/Build/Products/Debug-iphonesimulator/SpotOMGController.app/SpotOMGController -o /Users/etnlwind/project/spot_omg/artifacts/s-native-v6-2-3/ios-build/Build/Products/Debug-iphonesimulator/SpotOMGController.app.dSYM

CopySwiftLibs /Users/etnlwind/project/spot_omg/artifacts/s-native-v6-2-3/ios-build/Build/Products/Debug-iphonesimulator/SpotOMGController.app (in target 'SpotOMGController' from project 'SpotOMGController')
    cd /Users/etnlwind/project/spot_omg/apps/ios/SpotOMGController
    builtin-swiftStdLibTool --copy --verbose --scan-executable /Users/etnlwind/project/spot_omg/artifacts/s-native-v6-2-3/ios-build/Build/Products/Debug-iphonesimulator/SpotOMGController.app/SpotOMGController.debug.dylib --scan-folder /Users/etnlwind/project/spot_omg/artifacts/s-native-v6-2-3/ios-build/Build/Products/Debug-iphonesimulator/SpotOMGController.app/Frameworks --scan-folder /Users/etnlwind/project/spot_omg/artifacts/s-native-v6-2-3/ios-build/Build/Products/Debug-iphonesimulator/SpotOMGController.app/PlugIns --scan-folder /Users/etnlwind/project/spot_omg/artifacts/s-native-v6-2-3/ios-build/Build/Products/Debug-iphonesimulator/SpotOMGController.app/SystemExtensions --scan-folder /Users/etnlwind/project/spot_omg/artifacts/s-native-v6-2-3/ios-build/Build/Products/Debug-iphonesimulator/SpotOMGController.app/Extensions --platform iphonesimulator --toolchain /Applications/Xcode.app/Contents/Developer/Toolchains/XcodeDefault.xctoolchain --destination /Users/etnlwind/project/spot_omg/artifacts/s-native-v6-2-3/ios-build/Build/Products/Debug-iphonesimulator/SpotOMGController.app/Frameworks --strip-bitcode --strip-bitcode-tool /Applications/Xcode.app/Contents/Developer/Toolchains/XcodeDefault.xctoolchain/usr/bin/bitcode_strip --emit-dependency-info /Users/etnlwind/project/spot_omg/artifacts/s-native-v6-2-3/ios-build/Build/Intermediates.noindex/SpotOMGController.build/Debug-iphonesimulator/SpotOMGController.build/SwiftStdLibToolInputDependencies.dep --filter-for-swift-os --back-deploy-swift-span
Ignoring --strip-bitcode because --sign was not passed

ExtractAppIntentsMetadata (in target 'SpotOMGController' from project 'SpotOMGController')
    cd /Users/etnlwind/project/spot_omg/apps/ios/SpotOMGController
    /Applications/Xcode.app/Contents/Developer/Toolchains/XcodeDefault.xctoolchain/usr/bin/appintentsmetadataprocessor --toolchain-dir /Applications/Xcode.app/Contents/Developer/Toolchains/XcodeDefault.xctoolchain --module-name SpotOMGController --sdk-root /Applications/Xcode.app/Contents/Developer/Platforms/iPhoneSimulator.platform/Developer/SDKs/iPhoneSimulator26.5.sdk --xcode-version 17F113 --platform-family iOS --deployment-target 17.0 --bundle-identifier com.etnlwind.spotomg.controller --output /Users/etnlwind/project/spot_omg/artifacts/s-native-v6-2-3/ios-build/Build/Products/Debug-iphonesimulator/SpotOMGController.app --target-triple arm64-apple-ios17.0-simulator --target-triple x86_64-apple-ios17.0-simulator --binary-file /Users/etnlwind/project/spot_omg/artifacts/s-native-v6-2-3/ios-build/Build/Products/Debug-iphonesimulator/SpotOMGController.app/SpotOMGController --dependency-file /Users/etnlwind/project/spot_omg/artifacts/s-native-v6-2-3/ios-build/Build/Intermediates.noindex/SpotOMGController.build/Debug-iphonesimulator/SpotOMGController.build/Objects-normal/arm64/SpotOMGController_dependency_info.dat --dependency-file /Users/etnlwind/project/spot_omg/artifacts/s-native-v6-2-3/ios-build/Build/Intermediates.noindex/SpotOMGController.build/Debug-iphonesimulator/SpotOMGController.build/Objects-normal/x86_64/SpotOMGController_dependency_info.dat --stringsdata-file /Users/etnlwind/project/spot_omg/artifacts/s-native-v6-2-3/ios-build/Build/Intermediates.noindex/SpotOMGController.build/Debug-iphonesimulator/SpotOMGController.build/Objects-normal/arm64/ExtractedAppShortcutsMetadata.stringsdata --stringsdata-file /Users/etnlwind/project/spot_omg/artifacts/s-native-v6-2-3/ios-build/Build/Intermediates.noindex/SpotOMGController.build/Debug-iphonesimulator/SpotOMGController.build/Objects-normal/x86_64/ExtractedAppShortcutsMetadata.stringsdata --source-file-list /Users/etnlwind/project/spot_omg/artifacts/s-native-v6-2-3/ios-build/Build/Intermediates.noindex/SpotOMGController.build/Debug-iphonesimulator/SpotOMGController.build/Objects-normal/arm64/SpotOMGController.SwiftFileList --source-file-list /Users/etnlwind/project/spot_omg/artifacts/s-native-v6-2-3/ios-build/Build/Intermediates.noindex/SpotOMGController.build/Debug-iphonesimulator/SpotOMGController.build/Objects-normal/x86_64/SpotOMGController.SwiftFileList --metadata-file-list /Users/etnlwind/project/spot_omg/artifacts/s-native-v6-2-3/ios-build/Build/Intermediates.noindex/SpotOMGController.build/Debug-iphonesimulator/SpotOMGController.build/SpotOMGController.DependencyMetadataFileList --static-metadata-file-list /Users/etnlwind/project/spot_omg/artifacts/s-native-v6-2-3/ios-build/Build/Intermediates.noindex/SpotOMGController.build/Debug-iphonesimulator/SpotOMGController.build/SpotOMGController.DependencyStaticMetadataFileList --swift-const-vals-list /Users/etnlwind/project/spot_omg/artifacts/s-native-v6-2-3/ios-build/Build/Intermediates.noindex/SpotOMGController.build/Debug-iphonesimulator/SpotOMGController.build/Objects-normal/arm64/SpotOMGController.SwiftConstValuesFileList --swift-const-vals-list /Users/etnlwind/project/spot_omg/artifacts/s-native-v6-2-3/ios-build/Build/Intermediates.noindex/SpotOMGController.build/Debug-iphonesimulator/SpotOMGController.build/Objects-normal/x86_64/SpotOMGController.SwiftConstValuesFileList --compile-time-extraction --deployment-aware-processing --validate-assistant-intents --no-app-shortcuts-localization
2026-09-15 20:09:55.109 appintentsmetadataprocessor[80988:5318641] Starting appintentsmetadataprocessor export
2026-09-15 20:09:55.111 appintentsmetadataprocessor[80988:5318641] warning: Metadata extraction skipped. No AppIntents.framework dependency found.

AppIntentsSSUTraining (in target 'SpotOMGController' from project 'SpotOMGController')
    cd /Users/etnlwind/project/spot_omg/apps/ios/SpotOMGController
    /Applications/Xcode.app/Contents/Developer/Toolchains/XcodeDefault.xctoolchain/usr/bin/appintentsnltrainingprocessor --infoplist-path /Users/etnlwind/project/spot_omg/artifacts/s-native-v6-2-3/ios-build/Build/Products/Debug-iphonesimulator/SpotOMGController.app/Info.plist --temp-dir-path /Users/etnlwind/project/spot_omg/artifacts/s-native-v6-2-3/ios-build/Build/Intermediates.noindex/SpotOMGController.build/Debug-iphonesimulator/SpotOMGController.build/ssu --bundle-id com.etnlwind.spotomg.controller --product-path /Users/etnlwind/project/spot_omg/artifacts/s-native-v6-2-3/ios-build/Build/Products/Debug-iphonesimulator/SpotOMGController.app --extracted-metadata-path /Users/etnlwind/project/spot_omg/artifacts/s-native-v6-2-3/ios-build/Build/Products/Debug-iphonesimulator/SpotOMGController.app/Metadata.appintents --metadata-file-list /Users/etnlwind/project/spot_omg/artifacts/s-native-v6-2-3/ios-build/Build/Intermediates.noindex/SpotOMGController.build/Debug-iphonesimulator/SpotOMGController.build/SpotOMGController.DependencyMetadataFileList --source-file /Users/etnlwind/project/spot_omg/artifacts/s-native-v6-2-3/ios-build/Build/Products/Debug-iphonesimulator/SpotOMGController.app/Info.plist --archive-ssu-assets
2026-09-15 20:09:55.124 appintentsnltrainingprocessor[80990:5318655] Parsing options for appintentsnltrainingprocessor
2026-09-15 20:09:55.124 appintentsnltrainingprocessor[80990:5318655] Starting AppIntents SSU YAML Generation
2026-09-15 20:09:55.124 appintentsnltrainingprocessor[80990:5318655] No AppShortcuts found - Skipping.

RegisterExecutionPolicyException /Users/etnlwind/project/spot_omg/artifacts/s-native-v6-2-3/ios-build/Build/Products/Debug-iphonesimulator/SpotOMGController.app (in target 'SpotOMGController' from project 'SpotOMGController')
    cd /Users/etnlwind/project/spot_omg/apps/ios/SpotOMGController
    builtin-RegisterExecutionPolicyException /Users/etnlwind/project/spot_omg/artifacts/s-native-v6-2-3/ios-build/Build/Products/Debug-iphonesimulator/SpotOMGController.app

Validate /Users/etnlwind/project/spot_omg/artifacts/s-native-v6-2-3/ios-build/Build/Products/Debug-iphonesimulator/SpotOMGController.app (in target 'SpotOMGController' from project 'SpotOMGController')
    cd /Users/etnlwind/project/spot_omg/apps/ios/SpotOMGController
    builtin-validationUtility /Users/etnlwind/project/spot_omg/artifacts/s-native-v6-2-3/ios-build/Build/Products/Debug-iphonesimulator/SpotOMGController.app -shallow-bundle -infoplist-subpath Info.plist

Touch /Users/etnlwind/project/spot_omg/artifacts/s-native-v6-2-3/ios-build/Build/Products/Debug-iphonesimulator/SpotOMGController.app (in target 'SpotOMGController' from project 'SpotOMGController')
    cd /Users/etnlwind/project/spot_omg/apps/ios/SpotOMGController
    /usr/bin/touch -c /Users/etnlwind/project/spot_omg/artifacts/s-native-v6-2-3/ios-build/Build/Products/Debug-iphonesimulator/SpotOMGController.app

** BUILD SUCCEEDED **

